step,attention_error,preference_change,uniform_prior_error,interactions,pool_size,official_exposure_share,official_arrivals,observation_updated,last_observed_at,truth_0,attention_0,truth_1,attention_1,truth_2,attention_2,truth_3,attention_3,error_platform,initial_error_platform,top_accuracy_platform,estimate_platform_0,estimate_platform_1,estimate_platform_2,estimate_platform_3,error_survey,initial_error_survey,top_accuracy_survey,estimate_survey_0,estimate_survey_1,estimate_survey_2,estimate_survey_3,error_fused,initial_error_fused,top_accuracy_fused,estimate_fused_0,estimate_fused_1,estimate_fused_2,estimate_fused_3,error_oracle,initial_error_oracle,top_accuracy_oracle,estimate_oracle_0,estimate_oracle_1,estimate_oracle_2,estimate_oracle_3
0,0.04367318644232544,0.0,0.18424888056067512,91,28,0.0,0,1,0,0.32299348022434127,0.36666666666666664,0.32258046170509397,0.2916666666666667,0.28867493863123994,0.2833333333333333,0.06575111943932495,0.058333333333333334,0.04367318644232544,0.04367318644232544,1.0,0.36666666666666664,0.2916666666666667,0.2833333333333333,0.058333333333333334,0.08037531100093456,0.08037531100093456,0.0,0.2880885674155019,0.3254006094683661,0.3662301018689023,0.020280721247229693,0.04049091578662096,0.04049091578662096,1.0,0.32737761704108426,0.3085336380675164,0.32478171760111785,0.039307027290281515,0.0,0.0,1.0,0.32299348022434127,0.32258046170509397,0.28867493863123994,0.06575111943932495
1,0.3544260580705648,0.0,0.18424888056067512,107,32,0.0,0,0,0,0.32299348022434127,0.495,0.32258046170509397,0.505,0.28867493863123994,0.0,0.06575111943932495,0.0,0.04367318644232544,0.04367318644232544,1.0,0.36666666666666664,0.2916666666666667,0.2833333333333333,0.058333333333333334,0.08037531100093456,0.08037531100093456,0.0,0.2880885674155019,0.3254006094683661,0.3662301018689023,0.020280721247229693,0.04049091578662096,0.04049091578662096,1.0,0.32737761704108426,0.3085336380675164,0.32478171760111785,0.039307027290281515,0.0,0.0,1.0,0.32299348022434127,0.32258046170509397,0.28867493863123994,0.06575111943932495
2,0.3544260580705648,0.0,0.18424888056067512,127,36,0.0,0,0,0,0.32299348022434127,0.5183333333333333,0.32258046170509397,0.4816666666666667,0.28867493863123994,0.0,0.06575111943932495,0.0,0.04367318644232544,0.04367318644232544,1.0,0.36666666666666664,0.2916666666666667,0.2833333333333333,0.058333333333333334,0.08037531100093456,0.08037531100093456,0.0,0.2880885674155019,0.3254006094683661,0.3662301018689023,0.020280721247229693,0.04049091578662096,0.04049091578662096,1.0,0.32737761704108426,0.3085336380675164,0.32478171760111785,0.039307027290281515,0.0,0.0,1.0,0.32299348022434127,0.32258046170509397,0.28867493863123994,0.06575111943932495
3,0.3544260580705648,0.0,0.18424888056067512,123,40,0.0,0,0,0,0.32299348022434127,0.53,0.32258046170509397,0.47,0.28867493863123994,0.0,0.06575111943932495,0.0,0.04367318644232544,0.04367318644232544,1.0,0.36666666666666664,0.2916666666666667,0.2833333333333333,0.058333333333333334,0.08037531100093456,0.08037531100093456,0.0,0.2880885674155019,0.3254006094683661,0.3662301018689023,0.020280721247229693,0.04049091578662096,0.04049091578662096,1.0,0.32737761704108426,0.3085336380675164,0.32478171760111785,0.039307027290281515,0.0,0.0,1.0,0.32299348022434127,0.32258046170509397,0.28867493863123994,0.06575111943932495
4,0.3544260580705648,0.0,0.18424888056067512,133,44,0.0,0,0,0,0.32299348022434127,0.5266666666666666,0.32258046170509397,0.47333333333333333,0.28867493863123994,0.0,0.06575111943932495,0.0,0.04367318644232544,0.04367318644232544,1.0,0.36666666666666664,0.2916666666666667,0.2833333333333333,0.058333333333333334,0.08037531100093456,0.08037531100093456,0.0,0.2880885674155019,0.3254006094683661,0.3662301018689023,0.020280721247229693,0.04049091578662096,0.04049091578662096,1.0,0.32737761704108426,0.3085336380675164,0.32478171760111785,0.039307027290281515,0.0,0.0,1.0,0.32299348022434127,0.32258046170509397,0.28867493863123994,0.06575111943932495
5,0.3544260580705648,0.0,0.18424888056067512,114,47,0.0,0,0,0,0.32299348022434127,0.53,0.32258046170509397,0.47,0.28867493863123994,0.0,0.06575111943932495,0.0,0.04367318644232544,0.04367318644232544,1.0,0.36666666666666664,0.2916666666666667,0.2833333333333333,0.058333333333333334,0.08037531100093456,0.08037531100093456,0.0,0.2880885674155019,0.3254006094683661,0.3662301018689023,0.020280721247229693,0.04049091578662096,0.04049091578662096,1.0,0.32737761704108426,0.3085336380675164,0.32478171760111785,0.039307027290281515,0.0,0.0,1.0,0.32299348022434127,0.32258046170509397,0.28867493863123994,0.06575111943932495
6,0.3544260580705648,0.0,0.18424888056067512,112,47,0.0,0,0,0,0.32299348022434127,0.53,0.32258046170509397,0.47,0.28867493863123994,0.0,0.06575111943932495,0.0,0.04367318644232544,0.04367318644232544,1.0,0.36666666666666664,0.2916666666666667,0.2833333333333333,0.058333333333333334,0.08037531100093456,0.08037531100093456,0.0,0.2880885674155019,0.3254006094683661,0.3662301018689023,0.020280721247229693,0.04049091578662096,0.04049091578662096,1.0,0.32737761704108426,0.3085336380675164,0.32478171760111785,0.039307027290281515,0.0,0.0,1.0,0.32299348022434127,0.32258046170509397,0.28867493863123994,0.06575111943932495
7,0.3544260580705648,0.0,0.18424888056067512,119,47,0.0,0,0,0,0.32299348022434127,0.53,0.32258046170509397,0.47,0.28867493863123994,0.0,0.06575111943932495,0.0,0.04367318644232544,0.04367318644232544,1.0,0.36666666666666664,0.2916666666666667,0.2833333333333333,0.058333333333333334,0.08037531100093456,0.08037531100093456,0.0,0.2880885674155019,0.3254006094683661,0.3662301018689023,0.020280721247229693,0.04049091578662096,0.04049091578662096,1.0,0.32737761704108426,0.3085336380675164,0.32478171760111785,0.039307027290281515,0.0,0.0,1.0,0.32299348022434127,0.32258046170509397,0.28867493863123994,0.06575111943932495
8,0.3544260580705648,0.0,0.18424888056067512,128,47,0.0,0,0,0,0.32299348022434127,0.53,0.32258046170509397,0.47,0.28867493863123994,0.0,0.06575111943932495,0.0,0.04367318644232544,0.04367318644232544,1.0,0.36666666666666664,0.2916666666666667,0.2833333333333333,0.058333333333333334,0.08037531100093456,0.08037531100093456,0.0,0.2880885674155019,0.3254006094683661,0.3662301018689023,0.020280721247229693,0.04049091578662096,0.04049091578662096,1.0,0.32737761704108426,0.3085336380675164,0.32478171760111785,0.039307027290281515,0.0,0.0,1.0,0.32299348022434127,0.32258046170509397,0.28867493863123994,0.06575111943932495
9,0.3544260580705648,0.0,0.18424888056067512,128,47,0.0,0,0,0,0.32299348022434127,0.53,0.32258046170509397,0.47,0.28867493863123994,0.0,0.06575111943932495,0.0,0.04367318644232544,0.04367318644232544,1.0,0.36666666666666664,0.2916666666666667,0.2833333333333333,0.058333333333333334,0.08037531100093456,0.08037531100093456,0.0,0.2880885674155019,0.3254006094683661,0.3662301018689023,0.020280721247229693,0.04049091578662096,0.04049091578662096,1.0,0.32737761704108426,0.3085336380675164,0.32478171760111785,0.039307027290281515,0.0,0.0,1.0,0.32299348022434127,0.32258046170509397,0.28867493863123994,0.06575111943932495
10,0.3544260580705648,0.0,0.18424888056067512,133,47,0.0,0,1,10,0.32299348022434127,0.5266666666666666,0.32258046170509397,0.47333333333333333,0.28867493863123994,0.0,0.06575111943932495,0.0,0.3233654520099587,0.3233654520099587,1.0,0.5103030303030303,0.4586363636363636,0.025757575757575757,0.005303030303030303,0.07438379784473487,0.07438379784473487,0.0,0.2584795800189234,0.3504194863200334,0.33521971186103533,0.05588122180000788,0.1433452882097402,0.1433452882097402,0.0,0.38439130516097686,0.4045279249781985,0.18048864380930554,0.030592126051519092,0.0,0.0,1.0,0.32299348022434127,0.32258046170509397,0.28867493863123994,0.06575111943932495
11,0.3544260580705648,0.0,0.18424888056067512,122,47,0.0,0,0,10,0.32299348022434127,0.5183333333333333,0.32258046170509397,0.4816666666666667,0.28867493863123994,0.0,0.06575111943932495,0.0,0.3233654520099587,0.3233654520099587,1.0,0.5103030303030303,0.4586363636363636,0.025757575757575757,0.005303030303030303,0.07438379784473487,0.07438379784473487,0.0,0.2584795800189234,0.3504194863200334,0.33521971186103533,0.05588122180000788,0.1433452882097402,0.1433452882097402,0.0,0.38439130516097686,0.4045279249781985,0.18048864380930554,0.030592126051519092,0.0,0.0,1.0,0.32299348022434127,0.32258046170509397,0.28867493863123994,0.06575111943932495
12,0.3544260580705648,0.0,0.18424888056067512,133,47,0.0,0,0,10,0.32299348022434127,0.5183333333333333,0.32258046170509397,0.4816666666666667,0.28867493863123994,0.0,0.06575111943932495,0.0,0.3233654520099587,0.3233654520099587,1.0,0.5103030303030303,0.4586363636363636,0.025757575757575757,0.005303030303030303,0.07438379784473487,0.07438379784473487,0.0,0.2584795800189234,0.3504194863200334,0.33521971186103533,0.05588122180000788,0.1433452882097402,0.1433452882097402,0.0,0.38439130516097686,0.4045279249781985,0.18048864380930554,0.030592126051519092,0.0,0.0,1.0,0.32299348022434127,0.32258046170509397,0.28867493863123994,0.06575111943932495
13,0.3544260580705649,0.0,0.18424888056067512,133,47,0.0,0,0,10,0.32299348022434127,0.5116666666666667,0.32258046170509397,0.48833333333333334,0.28867493863123994,0.0,0.06575111943932495,0.0,0.3233654520099587,0.3233654520099587,1.0,0.5103030303030303,0.4586363636363636,0.025757575757575757,0.005303030303030303,0.07438379784473487,0.07438379784473487,0.0,0.2584795800189234,0.3504194863200334,0.33521971186103533,0.05588122180000788,0.1433452882097402,0.1433452882097402,0.0,0.38439130516097686,0.4045279249781985,0.18048864380930554,0.030592126051519092,0.0,0.0,1.0,0.32299348022434127,0.32258046170509397,0.28867493863123994,0.06575111943932495
14,0.3544260580705648,0.0,0.18424888056067512,124,47,0.0,0,0,10,0.32299348022434127,0.5133333333333333,0.32258046170509397,0.4866666666666667,0.28867493863123994,0.0,0.06575111943932495,0.0,0.3233654520099587,0.3233654520099587,1.0,0.5103030303030303,0.4586363636363636,0.025757575757575757,0.005303030303030303,0.07438379784473487,0.07438379784473487,0.0,0.2584795800189234,0.3504194863200334,0.33521971186103533,0.05588122180000788,0.1433452882097402,0.1433452882097402,0.0,0.38439130516097686,0.4045279249781985,0.18048864380930554,0.030592126051519092,0.0,0.0,1.0,0.32299348022434127,0.32258046170509397,0.28867493863123994,0.06575111943932495
15,0.3544260580705648,0.0,0.18424888056067512,131,47,0.0,0,0,10,0.32299348022434127,0.5083333333333333,0.32258046170509397,0.49166666666666664,0.28867493863123994,0.0,0.06575111943932495,0.0,0.3233654520099587,0.3233654520099587,1.0,0.5103030303030303,0.4586363636363636,0.025757575757575757,0.005303030303030303,0.07438379784473487,0.07438379784473487,0.0,0.2584795800189234,0.3504194863200334,0.33521971186103533,0.05588122180000788,0.1433452882097402,0.1433452882097402,0.0,0.38439130516097686,0.4045279249781985,0.18048864380930554,0.030592126051519092,0.0,0.0,1.0,0.32299348022434127,0.32258046170509397,0.28867493863123994,0.06575111943932495
16,0.3544260580705648,0.0,0.18424888056067512,124,47,0.0,0,0,10,0.32299348022434127,0.5033333333333333,0.32258046170509397,0.49666666666666665,0.28867493863123994,0.0,0.06575111943932495,0.0,0.3233654520099587,0.3233654520099587,1.0,0.5103030303030303,0.4586363636363636,0.025757575757575757,0.005303030303030303,0.07438379784473487,0.07438379784473487,0.0,0.2584795800189234,0.3504194863200334,0.33521971186103533,0.05588122180000788,0.1433452882097402,0.1433452882097402,0.0,0.38439130516097686,0.4045279249781985,0.18048864380930554,0.030592126051519092,0.0,0.0,1.0,0.32299348022434127,0.32258046170509397,0.28867493863123994,0.06575111943932495
17,0.3544260580705649,0.0,0.18424888056067512,132,47,0.0,0,0,10,0.32299348022434127,0.5016666666666667,0.32258046170509397,0.49833333333333335,0.28867493863123994,0.0,0.06575111943932495,0.0,0.3233654520099587,0.3233654520099587,1.0,0.5103030303030303,0.4586363636363636,0.025757575757575757,0.005303030303030303,0.07438379784473487,0.07438379784473487,0.0,0.2584795800189234,0.3504194863200334,0.33521971186103533,0.05588122180000788,0.1433452882097402,0.1433452882097402,0.0,0.38439130516097686,0.4045279249781985,0.18048864380930554,0.030592126051519092,0.0,0.0,1.0,0.32299348022434127,0.32258046170509397,0.28867493863123994,0.06575111943932495
18,0.3544260580705648,0.0,0.18424888056067512,131,47,0.0,0,0,10,0.32299348022434127,0.49166666666666664,0.32258046170509397,0.5083333333333333,0.28867493863123994,0.0,0.06575111943932495,0.0,0.3233654520099587,0.3233654520099587,1.0,0.5103030303030303,0.4586363636363636,0.025757575757575757,0.005303030303030303,0.07438379784473487,0.07438379784473487,0.0,0.2584795800189234,0.3504194863200334,0.33521971186103533,0.05588122180000788,0.1433452882097402,0.1433452882097402,0.0,0.38439130516097686,0.4045279249781985,0.18048864380930554,0.030592126051519092,0.0,0.0,1.0,0.32299348022434127,0.32258046170509397,0.28867493863123994,0.06575111943932495
19,0.3544260580705649,0.0,0.18424888056067512,130,47,0.0,0,0,10,0.32299348022434127,0.49333333333333335,0.32258046170509397,0.5066666666666667,0.28867493863123994,0.0,0.06575111943932495,0.0,0.3233654520099587,0.3233654520099587,1.0,0.5103030303030303,0.4586363636363636,0.025757575757575757,0.005303030303030303,0.07438379784473487,0.07438379784473487,0.0,0.2584795800189234,0.3504194863200334,0.33521971186103533,0.05588122180000788,0.1433452882097402,0.1433452882097402,0.0,0.38439130516097686,0.4045279249781985,0.18048864380930554,0.030592126051519092,0.0,0.0,1.0,0.32299348022434127,0.32258046170509397,0.28867493863123994,0.06575111943932495
20,0.3544260580705648,0.0,0.18424888056067512,133,47,0.0,0,1,20,0.32299348022434127,0.49,0.32258046170509397,0.51,0.28867493863123994,0.0,0.06575111943932495,0.0,0.3544260580705649,0.3544260580705649,1.0,0.5148333333333334,0.4851666666666667,0.0,0.0,0.07961180323007,0.07961180323007,1.0,0.38073042720148353,0.25820069368236004,0.31054979488416756,0.050519084231988774,0.17389161851248663,0.17389161851248663,1.0,0.44778188026740845,0.37168368017451336,0.15527489744208378,0.025259542115994387,0.0,0.0,1.0,0.32299348022434127,0.32258046170509397,0.28867493863123994,0.06575111943932495
21,0.3544260580705648,0.0,0.18424888056067512,117,47,0.0,0,0,20,0.32299348022434127,0.4866666666666667,0.32258046170509397,0.5133333333333333,0.28867493863123994,0.0,0.06575111943932495,0.0,0.3544260580705649,0.3544260580705649,1.0,0.5148333333333334,0.4851666666666667,0.0,0.0,0.07961180323007,0.07961180323007,1.0,0.38073042720148353,0.25820069368236004,0.31054979488416756,0.050519084231988774,0.17389161851248663,0.17389161851248663,1.0,0.44778188026740845,0.37168368017451336,0.15527489744208378,0.025259542115994387,0.0,0.0,1.0,0.32299348022434127,0.32258046170509397,0.28867493863123994,0.06575111943932495
22,0.3544260580705648,0.0,0.18424888056067512,135,47,0.0,0,0,20,0.32299348022434127,0.4866666666666667,0.32258046170509397,0.5133333333333333,0.28867493863123994,0.0,0.06575111943932495,0.0,0.3544260580705649,0.3544260580705649,1.0,0.5148333333333334,0.4851666666666667,0.0,0.0,0.07961180323007,0.07961180323007,1.0,0.38073042720148353,0.25820069368236004,0.31054979488416756,0.050519084231988774,0.17389161851248663,0.17389161851248663,1.0,0.44778188026740845,0.37168368017451336,0.15527489744208378,0.025259542115994387,0.0,0.0,1.0,0.32299348022434127,0.32258046170509397,0.28867493863123994,0.06575111943932495
23,0.3544260580705648,0.0,0.18424888056067512,142,47,0.0,0,0,20,0.32299348022434127,0.485,0.32258046170509397,0.515,0.28867493863123994,0.0,0.06575111943932495,0.0,0.3544260580705649,0.3544260580705649,1.0,0.5148333333333334,0.4851666666666667,0.0,0.0,0.07961180323007,0.07961180323007,1.0,0.38073042720148353,0.25820069368236004,0.31054979488416756,0.050519084231988774,0.17389161851248663,0.17389161851248663,1.0,0.44778188026740845,0.37168368017451336,0.15527489744208378,0.025259542115994387,0.0,0.0,1.0,0.32299348022434127,0.32258046170509397,0.28867493863123994,0.06575111943932495
24,0.3544260580705649,0.0,0.18424888056067512,114,47,0.0,0,0,20,0.32299348022434127,0.48333333333333334,0.32258046170509397,0.5166666666666667,0.28867493863123994,0.0,0.06575111943932495,0.0,0.3544260580705649,0.3544260580705649,1.0,0.5148333333333334,0.4851666666666667,0.0,0.0,0.07961180323007,0.07961180323007,1.0,0.38073042720148353,0.25820069368236004,0.31054979488416756,0.050519084231988774,0.17389161851248663,0.17389161851248663,1.0,0.44778188026740845,0.37168368017451336,0.15527489744208378,0.025259542115994387,0.0,0.0,1.0,0.32299348022434127,0.32258046170509397,0.28867493863123994,0.06575111943932495
25,0.3544260580705648,0.0,0.18424888056067512,115,47,0.0,0,0,20,0.32299348022434127,0.48,0.32258046170509397,0.52,0.28867493863123994,0.0,0.06575111943932495,0.0,0.3544260580705649,0.3544260580705649,1.0,0.5148333333333334,0.4851666666666667,0.0,0.0,0.07961180323007,0.07961180323007,1.0,0.38073042720148353,0.25820069368236004,0.31054979488416756,0.050519084231988774,0.17389161851248663,0.17389161851248663,1.0,0.44778188026740845,0.37168368017451336,0.15527489744208378,0.025259542115994387,0.0,0.0,1.0,0.32299348022434127,0.32258046170509397,0.28867493863123994,0.06575111943932495
26,0.3544260580705648,0.0,0.18424888056067512,133,47,0.0,0,0,20,0.32299348022434127,0.4816666666666667,0.32258046170509397,0.5183333333333333,0.28867493863123994,0.0,0.06575111943932495,0.0,0.3544260580705649,0.3544260580705649,1.0,0.5148333333333334,0.4851666666666667,0.0,0.0,0.07961180323007,0.07961180323007,1.0,0.38073042720148353,0.25820069368236004,0.31054979488416756,0.050519084231988774,0.17389161851248663,0.17389161851248663,1.0,0.44778188026740845,0.37168368017451336,0.15527489744208378,0.025259542115994387,0.0,0.0,1.0,0.32299348022434127,0.32258046170509397,0.28867493863123994,0.06575111943932495
27,0.3544260580705648,0.0,0.18424888056067512,113,47,0.0,0,0,20,0.32299348022434127,0.48,0.32258046170509397,0.52,0.28867493863123994,0.0,0.06575111943932495,0.0,0.3544260580705649,0.3544260580705649,1.0,0.5148333333333334,0.4851666666666667,0.0,0.0,0.07961180323007,0.07961180323007,1.0,0.38073042720148353,0.25820069368236004,0.31054979488416756,0.050519084231988774,0.17389161851248663,0.17389161851248663,1.0,0.44778188026740845,0.37168368017451336,0.15527489744208378,0.025259542115994387,0.0,0.0,1.0,0.32299348022434127,0.32258046170509397,0.28867493863123994,0.06575111943932495
28,0.3544260580705648,0.0,0.18424888056067512,124,47,0.0,0,0,20,0.32299348022434127,0.48,0.32258046170509397,0.52,0.28867493863123994,0.0,0.06575111943932495,0.0,0.3544260580705649,0.3544260580705649,1.0,0.5148333333333334,0.4851666666666667,0.0,0.0,0.07961180323007,0.07961180323007,1.0,0.38073042720148353,0.25820069368236004,0.31054979488416756,0.050519084231988774,0.17389161851248663,0.17389161851248663,1.0,0.44778188026740845,0.37168368017451336,0.15527489744208378,0.025259542115994387,0.0,0.0,1.0,0.32299348022434127,0.32258046170509397,0.28867493863123994,0.06575111943932495
29,0.3544260580705648,0.0,0.18424888056067512,109,47,0.0,0,0,20,0.32299348022434127,0.47333333333333333,0.32258046170509397,0.5266666666666666,0.28867493863123994,0.0,0.06575111943932495,0.0,0.3544260580705649,0.3544260580705649,1.0,0.5148333333333334,0.4851666666666667,0.0,0.0,0.07961180323007,0.07961180323007,1.0,0.38073042720148353,0.25820069368236004,0.31054979488416756,0.050519084231988774,0.17389161851248663,0.17389161851248663,1.0,0.44778188026740845,0.37168368017451336,0.15527489744208378,0.025259542115994387,0.0,0.0,1.0,0.32299348022434127,0.32258046170509397,0.28867493863123994,0.06575111943932495
30,0.3544260580705648,0.0,0.18424888056067512,140,47,0.0,0,1,30,0.32299348022434127,0.4766666666666667,0.32258046170509397,0.5233333333333333,0.28867493863123994,0.0,0.06575111943932495,0.0,0.3544260580705648,0.3544260580705648,0.0,0.49316666666666664,0.5068333333333334,0.0,0.0,0.10061017310588741,0.10061017310588741,0.0,0.2223833071184538,0.34097872888314756,0.35570079916554437,0.08093716483285428,0.1361070760713655,0.1361070760713655,0.0,0.3577749868925602,0.42390603110824043,0.17785039958277218,0.04046858241642714,0.0,0.0,1.0,0.32299348022434127,0.32258046170509397,0.28867493863123994,0.06575111943932495
31,0.3544260580705648,0.0,0.18424888056067512,132,47,0.0,0,0,30,0.32299348022434127,0.4766666666666667,0.32258046170509397,0.5233333333333333,0.28867493863123994,0.0,0.06575111943932495,0.0,0.3544260580705648,0.3544260580705648,0.0,0.49316666666666664,0.5068333333333334,0.0,0.0,0.10061017310588741,0.10061017310588741,0.0,0.2223833071184538,0.34097872888314756,0.35570079916554437,0.08093716483285428,0.1361070760713655,0.1361070760713655,0.0,0.3577749868925602,0.42390603110824043,0.17785039958277218,0.04046858241642714,0.0,0.0,1.0,0.32299348022434127,0.32258046170509397,0.28867493863123994,0.06575111943932495
32,0.3544260580705648,0.0,0.18424888056067512,144,47,0.0,0,0,30,0.32299348022434127,0.4766666666666667,0.32258046170509397,0.5233333333333333,0.28867493863123994,0.0,0.06575111943932495,0.0,0.3544260580705648,0.3544260580705648,0.0,0.49316666666666664,0.5068333333333334,0.0,0.0,0.10061017310588741,0.10061017310588741,0.0,0.2223833071184538,0.34097872888314756,0.35570079916554437,0.08093716483285428,0.1361070760713655,0.1361070760713655,0.0,0.3577749868925602,0.42390603110824043,0.17785039958277218,0.04046858241642714,0.0,0.0,1.0,0.32299348022434127,0.32258046170509397,0.28867493863123994,0.06575111943932495
33,0.3544260580705648,0.0,0.18424888056067512,131,47,0.0,0,0,30,0.32299348022434127,0.47333333333333333,0.32258046170509397,0.5266666666666666,0.28867493863123994,0.0,0.06575111943932495,0.0,0.3544260580705648,0.3544260580705648,0.0,0.49316666666666664,0.5068333333333334,0.0,0.0,0.10061017310588741,0.10061017310588741,0.0,0.2223833071184538,0.34097872888314756,0.35570079916554437,0.08093716483285428,0.1361070760713655,0.1361070760713655,0.0,0.3577749868925602,0.42390603110824043,0.17785039958277218,0.04046858241642714,0.0,0.0,1.0,0.32299348022434127,0.32258046170509397,0.28867493863123994,0.06575111943932495
34,0.3544260580705648,0.0,0.18424888056067512,119,47,0.0,0,0,30,0.32299348022434127,0.4716666666666667,0.32258046170509397,0.5283333333333333,0.28867493863123994,0.0,0.06575111943932495,0.0,0.3544260580705648,0.3544260580705648,0.0,0.49316666666666664,0.5068333333333334,0.0,0.0,0.10061017310588741,0.10061017310588741,0.0,0.2223833071184538,0.34097872888314756,0.35570079916554437,0.08093716483285428,0.1361070760713655,0.1361070760713655,0.0,0.3577749868925602,0.42390603110824043,0.17785039958277218,0.04046858241642714,0.0,0.0,1.0,0.32299348022434127,0.32258046170509397,0.28867493863123994,0.06575111943932495
35,0.3544260580705648,0.0,0.18424888056067512,134,47,0.0,0,0,30,0.32299348022434127,0.47,0.32258046170509397,0.53,0.28867493863123994,0.0,0.06575111943932495,0.0,0.3544260580705648,0.3544260580705648,0.0,0.49316666666666664,0.5068333333333334,0.0,0.0,0.10061017310588741,0.10061017310588741,0.0,0.2223833071184538,0.34097872888314756,0.35570079916554437,0.08093716483285428,0.1361070760713655,0.1361070760713655,0.0,0.3577749868925602,0.42390603110824043,0.17785039958277218,0.04046858241642714,0.0,0.0,1.0,0.32299348022434127,0.32258046170509397,0.28867493863123994,0.06575111943932495
36,0.3544260580705648,0.0,0.18424888056067512,116,47,0.0,0,0,30,0.32299348022434127,0.4666666666666667,0.32258046170509397,0.5333333333333333,0.28867493863123994,0.0,0.06575111943932495,0.0,0.3544260580705648,0.3544260580705648,0.0,0.49316666666666664,0.5068333333333334,0.0,0.0,0.10061017310588741,0.10061017310588741,0.0,0.2223833071184538,0.34097872888314756,0.35570079916554437,0.08093716483285428,0.1361070760713655,0.1361070760713655,0.0,0.3577749868925602,0.42390603110824043,0.17785039958277218,0.04046858241642714,0.0,0.0,1.0,0.32299348022434127,0.32258046170509397,0.28867493863123994,0.06575111943932495
37,0.3544260580705648,0.0,0.18424888056067512,134,47,0.0,0,0,30,0.32299348022434127,0.4633333333333333,0.32258046170509397,0.5366666666666666,0.28867493863123994,0.0,0.06575111943932495,0.0,0.3544260580705648,0.3544260580705648,0.0,0.49316666666666664,0.5068333333333334,0.0,0.0,0.10061017310588741,0.10061017310588741,0.0,0.2223833071184538,0.34097872888314756,0.35570079916554437,0.08093716483285428,0.1361070760713655,0.1361070760713655,0.0,0.3577749868925602,0.42390603110824043,0.17785039958277218,0.04046858241642714,0.0,0.0,1.0,0.32299348022434127,0.32258046170509397,0.28867493863123994,0.06575111943932495
38,0.3544260580705648,0.0,0.18424888056067512,142,47,0.0,0,0,30,0.32299348022434127,0.4583333333333333,0.32258046170509397,0.5416666666666666,0.28867493863123994,0.0,0.06575111943932495,0.0,0.3544260580705648,0.3544260580705648,0.0,0.49316666666666664,0.5068333333333334,0.0,0.0,0.10061017310588741,0.10061017310588741,0.0,0.2223833071184538,0.34097872888314756,0.35570079916554437,0.08093716483285428,0.1361070760713655,0.1361070760713655,0.0,0.3577749868925602,0.42390603110824043,0.17785039958277218,0.04046858241642714,0.0,0.0,1.0,0.32299348022434127,0.32258046170509397,0.28867493863123994,0.06575111943932495
39,0.3544260580705648,0.0,0.18424888056067512,138,47,0.0,0,0,30,0.32299348022434127,0.4583333333333333,0.32258046170509397,0.5416666666666666,0.28867493863123994,0.0,0.06575111943932495,0.0,0.3544260580705648,0.3544260580705648,0.0,0.49316666666666664,0.5068333333333334,0.0,0.0,0.10061017310588741,0.10061017310588741,0.0,0.2223833071184538,0.34097872888314756,0.35570079916554437,0.08093716483285428,0.1361070760713655,0.1361070760713655,0.0,0.3577749868925602,0.42390603110824043,0.17785039958277218,0.04046858241642714,0.0,0.0,1.0,0.32299348022434127,0.32258046170509397,0.28867493863123994,0.06575111943932495
40,0.3544260580705649,0.0,0.18424888056067512,136,47,0.0,0,1,40,0.32299348022434127,0.455,0.32258046170509397,0.545,0.28867493863123994,0.0,0.06575111943932495,0.0,0.3544260580705649,0.3544260580705649,0.0,0.4741666666666667,0.5258333333333334,0.0,0.0,0.06444371700019891,0.06444371700019891,0.0,0.2650544623798011,0.33167222325447715,0.3440268940820556,0.05924642028366613,0.15278940088770399,0.15278940088770399,0.0,0.36961056452323393,0.42875277829390523,0.1720134470410278,0.029623210141833067,0.0,0.0,1.0,0.32299348022434127,0.32258046170509397,0.28867493863123994,0.06575111943932495
41,0.3544260580705649,0.0,0.18424888056067512,129,47,0.0,0,0,40,0.32299348022434127,0.455,0.32258046170509397,0.545,0.28867493863123994,0.0,0.06575111943932495,0.0,0.3544260580705649,0.3544260580705649,0.0,0.4741666666666667,0.5258333333333334,0.0,0.0,0.06444371700019891,0.06444371700019891,0.0,0.2650544623798011,0.33167222325447715,0.3440268940820556,0.05924642028366613,0.15278940088770399,0.15278940088770399,0.0,0.36961056452323393,0.42875277829390523,0.1720134470410278,0.029623210141833067,0.0,0.0,1.0,0.32299348022434127,0.32258046170509397,0.28867493863123994,0.06575111943932495
42,0.3544260580705648,0.0,0.18424888056067512,126,47,0.0,0,0,40,0.32299348022434127,0.45166666666666666,0.32258046170509397,0.5483333333333333,0.28867493863123994,0.0,0.06575111943932495,0.0,0.3544260580705649,0.3544260580705649,0.0,0.4741666666666667,0.5258333333333334,0.0,0.0,0.06444371700019891,0.06444371700019891,0.0,0.2650544623798011,0.33167222325447715,0.3440268940820556,0.05924642028366613,0.15278940088770399,0.15278940088770399,0.0,0.36961056452323393,0.42875277829390523,0.1720134470410278,0.029623210141833067,0.0,0.0,1.0,0.32299348022434127,0.32258046170509397,0.28867493863123994,0.06575111943932495
43,0.3544260580705649,0.0,0.18424888056067512,139,47,0.0,0,0,40,0.32299348022434127,0.45,0.32258046170509397,0.55,0.28867493863123994,0.0,0.06575111943932495,0.0,0.3544260580705649,0.3544260580705649,0.0,0.4741666666666667,0.5258333333333334,0.0,0.0,0.06444371700019891,0.06444371700019891,0.0,0.2650544623798011,0.33167222325447715,0.3440268940820556,0.05924642028366613,0.15278940088770399,0.15278940088770399,0.0,0.36961056452323393,0.42875277829390523,0.1720134470410278,0.029623210141833067,0.0,0.0,1.0,0.32299348022434127,0.32258046170509397,0.28867493863123994,0.06575111943932495
44,0.3544260580705649,0.0,0.18424888056067512,113,47,0.0,0,0,40,0.32299348022434127,0.45,0.32258046170509397,0.55,0.28867493863123994,0.0,0.06575111943932495,0.0,0.3544260580705649,0.3544260580705649,0.0,0.4741666666666667,0.5258333333333334,0.0,0.0,0.06444371700019891,0.06444371700019891,0.0,0.2650544623798011,0.33167222325447715,0.3440268940820556,0.05924642028366613,0.15278940088770399,0.15278940088770399,0.0,0.36961056452323393,0.42875277829390523,0.1720134470410278,0.029623210141833067,0.0,0.0,1.0,0.32299348022434127,0.32258046170509397,0.28867493863123994,0.06575111943932495
45,0.3544260580705648,0.0,0.18424888056067512,128,47,0.0,0,0,40,0.32299348022434127,0.4483333333333333,0.32258046170509397,0.5516666666666666,0.28867493863123994,0.0,0.06575111943932495,0.0,0.3544260580705649,0.3544260580705649,0.0,0.4741666666666667,0.5258333333333334,0.0,0.0,0.06444371700019891,0.06444371700019891,0.0,0.2650544623798011,0.33167222325447715,0.3440268940820556,0.05924642028366613,0.15278940088770399,0.15278940088770399,0.0,0.36961056452323393,0.42875277829390523,0.1720134470410278,0.029623210141833067,0.0,0.0,1.0,0.32299348022434127,0.32258046170509397,0.28867493863123994,0.06575111943932495
46,0.3544260580705649,0.0,0.18424888056067512,135,47,0.0,0,0,40,0.32299348022434127,0.445,0.32258046170509397,0.555,0.28867493863123994,0.0,0.06575111943932495,0.0,0.3544260580705649,0.3544260580705649,0.0,0.4741666666666667,0.5258333333333334,0.0,0.0,0.06444371700019891,0.06444371700019891,0.0,0.2650544623798011,0.33167222325447715,0.3440268940820556,0.05924642028366613,0.15278940088770399,0.15278940088770399,0.0,0.36961056452323393,0.42875277829390523,0.1720134470410278,0.029623210141833067,0.0,0.0,1.0,0.32299348022434127,0.32258046170509397,0.28867493863123994,0.06575111943932495
47,0.3544260580705649,0.0,0.18424888056067512,132,47,0.0,0,0,40,0.32299348022434127,0.445,0.32258046170509397,0.555,0.28867493863123994,0.0,0.06575111943932495,0.0,0.3544260580705649,0.3544260580705649,0.0,0.4741666666666667,0.5258333333333334,0.0,0.0,0.06444371700019891,0.06444371700019891,0.0,0.2650544623798011,0.33167222325447715,0.3440268940820556,0.05924642028366613,0.15278940088770399,0.15278940088770399,0.0,0.36961056452323393,0.42875277829390523,0.1720134470410278,0.029623210141833067,0.0,0.0,1.0,0.32299348022434127,0.32258046170509397,0.28867493863123994,0.06575111943932495
48,0.3544260580705649,0.0,0.18424888056067512,130,47,0.0,0,0,40,0.32299348022434127,0.445,0.32258046170509397,0.555,0.28867493863123994,0.0,0.06575111943932495,0.0,0.3544260580705649,0.3544260580705649,0.0,0.4741666666666667,0.5258333333333334,0.0,0.0,0.06444371700019891,0.06444371700019891,0.0,0.2650544623798011,0.33167222325447715,0.3440268940820556,0.05924642028366613,0.15278940088770399,0.15278940088770399,0.0,0.36961056452323393,0.42875277829390523,0.1720134470410278,0.029623210141833067,0.0,0.0,1.0,0.32299348022434127,0.32258046170509397,0.28867493863123994,0.06575111943932495
49,0.3544260580705648,0.0,0.18424888056067512,139,47,0.0,0,0,40,0.32299348022434127,0.44333333333333336,0.32258046170509397,0.5566666666666666,0.28867493863123994,0.0,0.06575111943932495,0.0,0.3544260580705649,0.3544260580705649,0.0,0.4741666666666667,0.5258333333333334,0.0,0.0,0.06444371700019891,0.06444371700019891,0.0,0.2650544623798011,0.33167222325447715,0.3440268940820556,0.05924642028366613,0.15278940088770399,0.15278940088770399,0.0,0.36961056452323393,0.42875277829390523,0.1720134470410278,0.029623210141833067,0.0,0.0,1.0,0.32299348022434127,0.32258046170509397,0.28867493863123994,0.06575111943932495
50,0.3544260580705648,0.0,0.18424888056067512,120,47,0.0,0,1,50,0.32299348022434127,0.44333333333333336,0.32258046170509397,0.5566666666666666,0.28867493863123994,0.0,0.06575111943932495,0.0,0.3544260580705648,0.3544260580705648,0.0,0.4573333333333333,0.5426666666666666,0.0,0.0,0.05989540799435668,0.05989540799435668,1.0,0.3452732324096579,0.26979123623824264,0.3262905944402799,0.058644936911819524,0.1619582923945151,0.1619582923945151,0.0,0.40130328287149564,0.40622895145245463,0.16314529722013996,0.029322468455909762,0.0,0.0,1.0,0.32299348022434127,0.32258046170509397,0.28867493863123994,0.06575111943932495
51,0.3544260580705648,0.0,0.18424888056067512,121,47,0.0,0,0,50,0.32299348022434127,0.44166666666666665,0.32258046170509397,0.5583333333333333,0.28867493863123994,0.0,0.06575111943932495,0.0,0.3544260580705648,0.3544260580705648,0.0,0.4573333333333333,0.5426666666666666,0.0,0.0,0.05989540799435668,0.05989540799435668,1.0,0.3452732324096579,0.26979123623824264,0.3262905944402799,0.058644936911819524,0.1619582923945151,0.1619582923945151,0.0,0.40130328287149564,0.40622895145245463,0.16314529722013996,0.029322468455909762,0.0,0.0,1.0,0.32299348022434127,0.32258046170509397,0.28867493863123994,0.06575111943932495
52,0.3544260580705648,0.0,0.18424888056067512,126,47,0.0,0,0,50,0.32299348022434127,0.43833333333333335,0.32258046170509397,0.5616666666666666,0.28867493863123994,0.0,0.06575111943932495,0.0,0.3544260580705648,0.3544260580705648,0.0,0.4573333333333333,0.5426666666666666,0.0,0.0,0.05989540799435668,0.05989540799435668,1.0,0.3452732324096579,0.26979123623824264,0.3262905944402799,0.058644936911819524,0.1619582923945151,0.1619582923945151,0.0,0.40130328287149564,0.40622895145245463,0.16314529722013996,0.029322468455909762,0.0,0.0,1.0,0.32299348022434127,0.32258046170509397,0.28867493863123994,0.06575111943932495
53,0.3544260580705648,0.0,0.18424888056067512,141,47,0.0,0,0,50,0.32299348022434127,0.43833333333333335,0.32258046170509397,0.5616666666666666,0.28867493863123994,0.0,0.06575111943932495,0.0,0.3544260580705648,0.3544260580705648,0.0,0.4573333333333333,0.5426666666666666,0.0,0.0,0.05989540799435668,0.05989540799435668,1.0,0.3452732324096579,0.26979123623824264,0.3262905944402799,0.058644936911819524,0.1619582923945151,0.1619582923945151,0.0,0.40130328287149564,0.40622895145245463,0.16314529722013996,0.029322468455909762,0.0,0.0,1.0,0.32299348022434127,0.32258046170509397,0.28867493863123994,0.06575111943932495
54,0.3544260580705648,0.0,0.18424888056067512,136,47,0.0,0,0,50,0.32299348022434127,0.43833333333333335,0.32258046170509397,0.5616666666666666,0.28867493863123994,0.0,0.06575111943932495,0.0,0.3544260580705648,0.3544260580705648,0.0,0.4573333333333333,0.5426666666666666,0.0,0.0,0.05989540799435668,0.05989540799435668,1.0,0.3452732324096579,0.26979123623824264,0.3262905944402799,0.058644936911819524,0.1619582923945151,0.1619582923945151,0.0,0.40130328287149564,0.40622895145245463,0.16314529722013996,0.029322468455909762,0.0,0.0,1.0,0.32299348022434127,0.32258046170509397,0.28867493863123994,0.06575111943932495
55,0.3544260580705648,0.0,0.18424888056067512,128,47,0.0,0,0,50,0.32299348022434127,0.43166666666666664,0.32258046170509397,0.5683333333333334,0.28867493863123994,0.0,0.06575111943932495,0.0,0.3544260580705648,0.3544260580705648,0.0,0.4573333333333333,0.5426666666666666,0.0,0.0,0.05989540799435668,0.05989540799435668,1.0,0.3452732324096579,0.26979123623824264,0.3262905944402799,0.058644936911819524,0.1619582923945151,0.1619582923945151,0.0,0.40130328287149564,0.40622895145245463,0.16314529722013996,0.029322468455909762,0.0,0.0,1.0,0.32299348022434127,0.32258046170509397,0.28867493863123994,0.06575111943932495
56,0.3544260580705648,0.0,0.18424888056067512,140,47,0.0,0,0,50,0.32299348022434127,0.43166666666666664,0.32258046170509397,0.5683333333333334,0.28867493863123994,0.0,0.06575111943932495,0.0,0.3544260580705648,0.3544260580705648,0.0,0.4573333333333333,0.5426666666666666,0.0,0.0,0.05989540799435668,0.05989540799435668,1.0,0.3452732324096579,0.26979123623824264,0.3262905944402799,0.058644936911819524,0.1619582923945151,0.1619582923945151,0.0,0.40130328287149564,0.40622895145245463,0.16314529722013996,0.029322468455909762,0.0,0.0,1.0,0.32299348022434127,0.32258046170509397,0.28867493863123994,0.06575111943932495
57,0.3544260580705649,0.0,0.18424888056067512,134,47,0.0,0,0,50,0.32299348022434127,0.4266666666666667,0.32258046170509397,0.5733333333333334,0.28867493863123994,0.0,0.06575111943932495,0.0,0.3544260580705648,0.3544260580705648,0.0,0.4573333333333333,0.5426666666666666,0.0,0.0,0.05989540799435668,0.05989540799435668,1.0,0.3452732324096579,0.26979123623824264,0.3262905944402799,0.058644936911819524,0.1619582923945151,0.1619582923945151,0.0,0.40130328287149564,0.40622895145245463,0.16314529722013996,0.029322468455909762,0.0,0.0,1.0,0.32299348022434127,0.32258046170509397,0.28867493863123994,0.06575111943932495
58,0.3544260580705649,0.0,0.18424888056067512,112,47,0.0,0,0,50,0.32299348022434127,0.4266666666666667,0.32258046170509397,0.5733333333333334,0.28867493863123994,0.0,0.06575111943932495,0.0,0.3544260580705648,0.3544260580705648,0.0,0.4573333333333333,0.5426666666666666,0.0,0.0,0.05989540799435668,0.05989540799435668,1.0,0.3452732324096579,0.26979123623824264,0.3262905944402799,0.058644936911819524,0.1619582923945151,0.1619582923945151,0.0,0.40130328287149564,0.40622895145245463,0.16314529722013996,0.029322468455909762,0.0,0.0,1.0,0.32299348022434127,0.32258046170509397,0.28867493863123994,0.06575111943932495
59,0.3544260580705648,0.0,0.18424888056067512,116,47,0.0,0,0,50,0.32299348022434127,0.42333333333333334,0.32258046170509397,0.5766666666666667,0.28867493863123994,0.0,0.06575111943932495,0.0,0.3544260580705648,0.3544260580705648,0.0,0.4573333333333333,0.5426666666666666,0.0,0.0,0.05989540799435668,0.05989540799435668,1.0,0.3452732324096579,0.26979123623824264,0.3262905944402799,0.058644936911819524,0.1619582923945151,0.1619582923945151,0.0,0.40130328287149564,0.40622895145245463,0.16314529722013996,0.029322468455909762,0.0,0.0,1.0,0.32299348022434127,0.32258046170509397,0.28867493863123994,0.06575111943932495
60,0.3544260580705648,0.0,0.18424888056067512,133,47,0.0,0,1,60,0.32299348022434127,0.42333333333333334,0.32258046170509397,0.5766666666666667,0.28867493863123994,0.0,0.06575111943932495,0.0,0.3544260580705649,0.3544260580705649,0.0,0.43983333333333335,0.5601666666666667,0.0,0.0,0.13515296237074084,0.13515296237074084,0.0,0.3287680007958097,0.20744065003061288,0.41805338043051227,0.04573796874306516,0.12253038348377614,0.12253038348377614,1.0,0.38430066706457156,0.3838036583486398,0.20902669021525613,0.02286898437153258,0.0,0.0,1.0,0.32299348022434127,0.32258046170509397,0.28867493863123994,0.06575111943932495
61,0.3544260580705648,0.0,0.18424888056067512,110,47,0.0,0,0,60,0.32299348022434127,0.42333333333333334,0.32258046170509397,0.5766666666666667,0.28867493863123994,0.0,0.06575111943932495,0.0,0.3544260580705649,0.3544260580705649,0.0,0.43983333333333335,0.5601666666666667,0.0,0.0,0.13515296237074084,0.13515296237074084,0.0,0.3287680007958097,0.20744065003061288,0.41805338043051227,0.04573796874306516,0.12253038348377614,0.12253038348377614,1.0,0.38430066706457156,0.3838036583486398,0.20902669021525613,0.02286898437153258,0.0,0.0,1.0,0.32299348022434127,0.32258046170509397,0.28867493863123994,0.06575111943932495
62,0.3544260580705648,0.0,0.18424888056067512,120,47,0.0,0,0,60,0.32299348022434127,0.42333333333333334,0.32258046170509397,0.5766666666666667,0.28867493863123994,0.0,0.06575111943932495,0.0,0.3544260580705649,0.3544260580705649,0.0,0.43983333333333335,0.5601666666666667,0.0,0.0,0.13515296237074084,0.13515296237074084,0.0,0.3287680007958097,0.20744065003061288,0.41805338043051227,0.04573796874306516,0.12253038348377614,0.12253038348377614,1.0,0.38430066706457156,0.3838036583486398,0.20902669021525613,0.02286898437153258,0.0,0.0,1.0,0.32299348022434127,0.32258046170509397,0.28867493863123994,0.06575111943932495
63,0.3544260580705649,0.0,0.18424888056067512,138,47,0.0,0,0,60,0.32299348022434127,0.4216666666666667,0.32258046170509397,0.5783333333333334,0.28867493863123994,0.0,0.06575111943932495,0.0,0.3544260580705649,0.3544260580705649,0.0,0.43983333333333335,0.5601666666666667,0.0,0.0,0.13515296237074084,0.13515296237074084,0.0,0.3287680007958097,0.20744065003061288,0.41805338043051227,0.04573796874306516,0.12253038348377614,0.12253038348377614,1.0,0.38430066706457156,0.3838036583486398,0.20902669021525613,0.02286898437153258,0.0,0.0,1.0,0.32299348022434127,0.32258046170509397,0.28867493863123994,0.06575111943932495
64,0.3544260580705648,0.0,0.18424888056067512,115,47,0.0,0,0,60,0.32299348022434127,0.42,0.32258046170509397,0.58,0.28867493863123994,0.0,0.06575111943932495,0.0,0.3544260580705649,0.3544260580705649,0.0,0.43983333333333335,0.5601666666666667,0.0,0.0,0.13515296237074084,0.13515296237074084,0.0,0.3287680007958097,0.20744065003061288,0.41805338043051227,0.04573796874306516,0.12253038348377614,0.12253038348377614,1.0,0.38430066706457156,0.3838036583486398,0.20902669021525613,0.02286898437153258,0.0,0.0,1.0,0.32299348022434127,0.32258046170509397,0.28867493863123994,0.06575111943932495
65,0.3544260580705648,0.0,0.18424888056067512,132,47,0.0,0,0,60,0.32299348022434127,0.415,0.32258046170509397,0.585,0.28867493863123994,0.0,0.06575111943932495,0.0,0.3544260580705649,0.3544260580705649,0.0,0.43983333333333335,0.5601666666666667,0.0,0.0,0.13515296237074084,0.13515296237074084,0.0,0.3287680007958097,0.20744065003061288,0.41805338043051227,0.04573796874306516,0.12253038348377614,0.12253038348377614,1.0,0.38430066706457156,0.3838036583486398,0.20902669021525613,0.02286898437153258,0.0,0.0,1.0,0.32299348022434127,0.32258046170509397,0.28867493863123994,0.06575111943932495
66,0.3544260580705648,0.0,0.18424888056067512,118,47,0.0,0,0,60,0.32299348022434127,0.415,0.32258046170509397,0.585,0.28867493863123994,0.0,0.06575111943932495,0.0,0.3544260580705649,0.3544260580705649,0.0,0.43983333333333335,0.5601666666666667,0.0,0.0,0.13515296237074084,0.13515296237074084,0.0,0.3287680007958097,0.20744065003061288,0.41805338043051227,0.04573796874306516,0.12253038348377614,0.12253038348377614,1.0,0.38430066706457156,0.3838036583486398,0.20902669021525613,0.02286898437153258,0.0,0.0,1.0,0.32299348022434127,0.32258046170509397,0.28867493863123994,0.06575111943932495
67,0.3544260580705648,0.0,0.18424888056067512,128,47,0.0,0,0,60,0.32299348022434127,0.41333333333333333,0.32258046170509397,0.5866666666666667,0.28867493863123994,0.0,0.06575111943932495,0.0,0.3544260580705649,0.3544260580705649,0.0,0.43983333333333335,0.5601666666666667,0.0,0.0,0.13515296237074084,0.13515296237074084,0.0,0.3287680007958097,0.20744065003061288,0.41805338043051227,0.04573796874306516,0.12253038348377614,0.12253038348377614,1.0,0.38430066706457156,0.3838036583486398,0.20902669021525613,0.02286898437153258,0.0,0.0,1.0,0.32299348022434127,0.32258046170509397,0.28867493863123994,0.06575111943932495
68,0.3544260580705649,0.0,0.18424888056067512,108,47,0.0,0,0,60,0.32299348022434127,0.4116666666666667,0.32258046170509397,0.5883333333333334,0.28867493863123994,0.0,0.06575111943932495,0.0,0.3544260580705649,0.3544260580705649,0.0,0.43983333333333335,0.5601666666666667,0.0,0.0,0.13515296237074084,0.13515296237074084,0.0,0.3287680007958097,0.20744065003061288,0.41805338043051227,0.04573796874306516,0.12253038348377614,0.12253038348377614,1.0,0.38430066706457156,0.3838036583486398,0.20902669021525613,0.02286898437153258,0.0,0.0,1.0,0.32299348022434127,0.32258046170509397,0.28867493863123994,0.06575111943932495
69,0.3544260580705648,0.0,0.18424888056067512,145,47,0.0,0,0,60,0.32299348022434127,0.4083333333333333,0.32258046170509397,0.5916666666666667,0.28867493863123994,0.0,0.06575111943932495,0.0,0.3544260580705649,0.3544260580705649,0.0,0.43983333333333335,0.5601666666666667,0.0,0.0,0.13515296237074084,0.13515296237074084,0.0,0.3287680007958097,0.20744065003061288,0.41805338043051227,0.04573796874306516,0.12253038348377614,0.12253038348377614,1.0,0.38430066706457156,0.3838036583486398,0.20902669021525613,0.02286898437153258,0.0,0.0,1.0,0.32299348022434127,0.32258046170509397,0.28867493863123994,0.06575111943932495
70,0.3544260580705648,0.0,0.18424888056067512,135,47,0.0,0,1,70,0.32299348022434127,0.4083333333333333,0.32258046170509397,0.5916666666666667,0.28867493863123994,0.0,0.06575111943932495,0.0,0.3544260580705648,0.3544260580705648,0.0,0.424,0.576,0.0,0.0,0.018236038208445,0.018236038208445,0.0,0.3102183135498695,0.3171195901711206,0.29026713506956714,0.08239496120944265,0.1680950099310599,0.1680950099310599,0.0,0.3671091567749347,0.4465597950855603,0.14513356753478357,0.04119748060472132,0.0,0.0,1.0,0.32299348022434127,0.32258046170509397,0.28867493863123994,0.06575111943932495
71,0.3544260580705648,0.0,0.18424888056067512,138,47,0.0,0,0,70,0.32299348022434127,0.4033333333333333,0.32258046170509397,0.5966666666666667,0.28867493863123994,0.0,0.06575111943932495,0.0,0.3544260580705648,0.3544260580705648,0.0,0.424,0.576,0.0,0.0,0.018236038208445,0.018236038208445,0.0,0.3102183135498695,0.3171195901711206,0.29026713506956714,0.08239496120944265,0.1680950099310599,0.1680950099310599,0.0,0.3671091567749347,0.4465597950855603,0.14513356753478357,0.04119748060472132,0.0,0.0,1.0,0.32299348022434127,0.32258046170509397,0.28867493863123994,0.06575111943932495
72,0.3544260580705648,0.0,0.18424888056067512,123,47,0.0,0,0,70,0.32299348022434127,0.4033333333333333,0.32258046170509397,0.5966666666666667,0.28867493863123994,0.0,0.06575111943932495,0.0,0.3544260580705648,0.3544260580705648,0.0,0.424,0.576,0.0,0.0,0.018236038208445,0.018236038208445,0.0,0.3102183135498695,0.3171195901711206,0.29026713506956714,0.08239496120944265,0.1680950099310599,0.1680950099310599,0.0,0.3671091567749347,0.4465597950855603,0.14513356753478357,0.04119748060472132,0.0,0.0,1.0,0.32299348022434127,0.32258046170509397,0.28867493863123994,0.06575111943932495
73,0.3544260580705649,0.0,0.18424888056067512,124,47,0.0,0,0,70,0.32299348022434127,0.40166666666666667,0.32258046170509397,0.5983333333333334,0.28867493863123994,0.0,0.06575111943932495,0.0,0.3544260580705648,0.3544260580705648,0.0,0.424,0.576,0.0,0.0,0.018236038208445,0.018236038208445,0.0,0.3102183135498695,0.3171195901711206,0.29026713506956714,0.08239496120944265,0.1680950099310599,0.1680950099310599,0.0,0.3671091567749347,0.4465597950855603,0.14513356753478357,0.04119748060472132,0.0,0.0,1.0,0.32299348022434127,0.32258046170509397,0.28867493863123994,0.06575111943932495
74,0.3544260580705649,0.0,0.18424888056067512,131,47,0.0,0,0,70,0.32299348022434127,0.40166666666666667,0.32258046170509397,0.5983333333333334,0.28867493863123994,0.0,0.06575111943932495,0.0,0.3544260580705648,0.3544260580705648,0.0,0.424,0.576,0.0,0.0,0.018236038208445,0.018236038208445,0.0,0.3102183135498695,0.3171195901711206,0.29026713506956714,0.08239496120944265,0.1680950099310599,0.1680950099310599,0.0,0.3671091567749347,0.4465597950855603,0.14513356753478357,0.04119748060472132,0.0,0.0,1.0,0.32299348022434127,0.32258046170509397,0.28867493863123994,0.06575111943932495
75,0.3544260580705648,0.0,0.18424888056067512,126,47,0.0,0,0,70,0.32299348022434127,0.4,0.32258046170509397,0.6,0.28867493863123994,0.0,0.06575111943932495,0.0,0.3544260580705648,0.3544260580705648,0.0,0.424,0.576,0.0,0.0,0.018236038208445,0.018236038208445,0.0,0.3102183135498695,0.3171195901711206,0.29026713506956714,0.08239496120944265,0.1680950099310599,0.1680950099310599,0.0,0.3671091567749347,0.4465597950855603,0.14513356753478357,0.04119748060472132,0.0,0.0,1.0,0.32299348022434127,0.32258046170509397,0.28867493863123994,0.06575111943932495
76,0.3544260580705648,0.0,0.18424888056067512,122,47,0.0,0,0,70,0.32299348022434127,0.4,0.32258046170509397,0.6,0.28867493863123994,0.0,0.06575111943932495,0.0,0.3544260580705648,0.3544260580705648,0.0,0.424,0.576,0.0,0.0,0.018236038208445,0.018236038208445,0.0,0.3102183135498695,0.3171195901711206,0.29026713506956714,0.08239496120944265,0.1680950099310599,0.1680950099310599,0.0,0.3671091567749347,0.4465597950855603,0.14513356753478357,0.04119748060472132,0.0,0.0,1.0,0.32299348022434127,0.32258046170509397,0.28867493863123994,0.06575111943932495
77,0.3544260580705648,0.0,0.18424888056067512,129,47,0.0,0,0,70,0.32299348022434127,0.4,0.32258046170509397,0.6,0.28867493863123994,0.0,0.06575111943932495,0.0,0.3544260580705648,0.3544260580705648,0.0,0.424,0.576,0.0,0.0,0.018236038208445,0.018236038208445,0.0,0.3102183135498695,0.3171195901711206,0.29026713506956714,0.08239496120944265,0.1680950099310599,0.1680950099310599,0.0,0.3671091567749347,0.4465597950855603,0.14513356753478357,0.04119748060472132,0.0,0.0,1.0,0.32299348022434127,0.32258046170509397,0.28867493863123994,0.06575111943932495
78,0.3544260580705648,0.0,0.18424888056067512,119,47,0.0,0,0,70,0.32299348022434127,0.4,0.32258046170509397,0.6,0.28867493863123994,0.0,0.06575111943932495,0.0,0.3544260580705648,0.3544260580705648,0.0,0.424,0.576,0.0,0.0,0.018236038208445,0.018236038208445,0.0,0.3102183135498695,0.3171195901711206,0.29026713506956714,0.08239496120944265,0.1680950099310599,0.1680950099310599,0.0,0.3671091567749347,0.4465597950855603,0.14513356753478357,0.04119748060472132,0.0,0.0,1.0,0.32299348022434127,0.32258046170509397,0.28867493863123994,0.06575111943932495
79,0.3544260580705648,0.0,0.18424888056067512,121,47,0.0,0,0,70,0.32299348022434127,0.4,0.32258046170509397,0.6,0.28867493863123994,0.0,0.06575111943932495,0.0,0.3544260580705648,0.3544260580705648,0.0,0.424,0.576,0.0,0.0,0.018236038208445,0.018236038208445,0.0,0.3102183135498695,0.3171195901711206,0.29026713506956714,0.08239496120944265,0.1680950099310599,0.1680950099310599,0.0,0.3671091567749347,0.4465597950855603,0.14513356753478357,0.04119748060472132,0.0,0.0,1.0,0.32299348022434127,0.32258046170509397,0.28867493863123994,0.06575111943932495
80,0.3544260580705648,0.0,0.18424888056067512,136,47,0.0,0,1,80,0.32299348022434127,0.4,0.32258046170509397,0.6,0.28867493863123994,0.0,0.06575111943932495,0.0,0.3544260580705648,0.3544260580705648,0.0,0.4085,0.5915,0.0,0.0,0.13785445177706185,0.13785445177706185,0.0,0.3786269102678475,0.4048014834386495,0.19637735672077317,0.02019424957272985,0.24614025492381333,0.24614025492381333,0.0,0.39356345513392377,0.4981507417193248,0.09818867836038658,0.010097124786364925,0.0,0.0,1.0,0.32299348022434127,0.32258046170509397,0.28867493863123994,0.06575111943932495
81,0.3544260580705648,0.0,0.18424888056067512,122,47,0.0,0,0,80,0.32299348022434127,0.4,0.32258046170509397,0.6,0.28867493863123994,0.0,0.06575111943932495,0.0,0.3544260580705648,0.3544260580705648,0.0,0.4085,0.5915,0.0,0.0,0.13785445177706185,0.13785445177706185,0.0,0.3786269102678475,0.4048014834386495,0.19637735672077317,0.02019424957272985,0.24614025492381333,0.24614025492381333,0.0,0.39356345513392377,0.4981507417193248,0.09818867836038658,0.010097124786364925,0.0,0.0,1.0,0.32299348022434127,0.32258046170509397,0.28867493863123994,0.06575111943932495
82,0.3544260580705648,0.0,0.18424888056067512,147,47,0.0,0,0,80,0.32299348022434127,0.4,0.32258046170509397,0.6,0.28867493863123994,0.0,0.06575111943932495,0.0,0.3544260580705648,0.3544260580705648,0.0,0.4085,0.5915,0.0,0.0,0.13785445177706185,0.13785445177706185,0.0,0.3786269102678475,0.4048014834386495,0.19637735672077317,0.02019424957272985,0.24614025492381333,0.24614025492381333,0.0,0.39356345513392377,0.4981507417193248,0.09818867836038658,0.010097124786364925,0.0,0.0,1.0,0.32299348022434127,0.32258046170509397,0.28867493863123994,0.06575111943932495
83,0.3544260580705648,0.0,0.18424888056067512,142,47,0.0,0,0,80,0.32299348022434127,0.4,0.32258046170509397,0.6,0.28867493863123994,0.0,0.06575111943932495,0.0,0.3544260580705648,0.3544260580705648,0.0,0.4085,0.5915,0.0,0.0,0.13785445177706185,0.13785445177706185,0.0,0.3786269102678475,0.4048014834386495,0.19637735672077317,0.02019424957272985,0.24614025492381333,0.24614025492381333,0.0,0.39356345513392377,0.4981507417193248,0.09818867836038658,0.010097124786364925,0.0,0.0,1.0,0.32299348022434127,0.32258046170509397,0.28867493863123994,0.06575111943932495
84,0.3544260580705648,0.0,0.18424888056067512,128,47,0.0,0,0,80,0.32299348022434127,0.4,0.32258046170509397,0.6,0.28867493863123994,0.0,0.06575111943932495,0.0,0.3544260580705648,0.3544260580705648,0.0,0.4085,0.5915,0.0,0.0,0.13785445177706185,0.13785445177706185,0.0,0.3786269102678475,0.4048014834386495,0.19637735672077317,0.02019424957272985,0.24614025492381333,0.24614025492381333,0.0,0.39356345513392377,0.4981507417193248,0.09818867836038658,0.010097124786364925,0.0,0.0,1.0,0.32299348022434127,0.32258046170509397,0.28867493863123994,0.06575111943932495
85,0.3544260580705648,0.0,0.18424888056067512,132,47,0.0,0,0,80,0.32299348022434127,0.4,0.32258046170509397,0.6,0.28867493863123994,0.0,0.06575111943932495,0.0,0.3544260580705648,0.3544260580705648,0.0,0.4085,0.5915,0.0,0.0,0.13785445177706185,0.13785445177706185,0.0,0.3786269102678475,0.4048014834386495,0.19637735672077317,0.02019424957272985,0.24614025492381333,0.24614025492381333,0.0,0.39356345513392377,0.4981507417193248,0.09818867836038658,0.010097124786364925,0.0,0.0,1.0,0.32299348022434127,0.32258046170509397,0.28867493863123994,0.06575111943932495
86,0.3544260580705648,0.0,0.18424888056067512,112,47,0.0,0,0,80,0.32299348022434127,0.4,0.32258046170509397,0.6,0.28867493863123994,0.0,0.06575111943932495,0.0,0.3544260580705648,0.3544260580705648,0.0,0.4085,0.5915,0.0,0.0,0.13785445177706185,0.13785445177706185,0.0,0.3786269102678475,0.4048014834386495,0.19637735672077317,0.02019424957272985,0.24614025492381333,0.24614025492381333,0.0,0.39356345513392377,0.4981507417193248,0.09818867836038658,0.010097124786364925,0.0,0.0,1.0,0.32299348022434127,0.32258046170509397,0.28867493863123994,0.06575111943932495
87,0.3544260580705648,0.0,0.18424888056067512,137,47,0.0,0,0,80,0.32299348022434127,0.4,0.32258046170509397,0.6,0.28867493863123994,0.0,0.06575111943932495,0.0,0.3544260580705648,0.3544260580705648,0.0,0.4085,0.5915,0.0,0.0,0.13785445177706185,0.13785445177706185,0.0,0.3786269102678475,0.4048014834386495,0.19637735672077317,0.02019424957272985,0.24614025492381333,0.24614025492381333,0.0,0.39356345513392377,0.4981507417193248,0.09818867836038658,0.010097124786364925,0.0,0.0,1.0,0.32299348022434127,0.32258046170509397,0.28867493863123994,0.06575111943932495
88,0.3544260580705648,0.0,0.18424888056067512,128,47,0.0,0,0,80,0.32299348022434127,0.4,0.32258046170509397,0.6,0.28867493863123994,0.0,0.06575111943932495,0.0,0.3544260580705648,0.3544260580705648,0.0,0.4085,0.5915,0.0,0.0,0.13785445177706185,0.13785445177706185,0.0,0.3786269102678475,0.4048014834386495,0.19637735672077317,0.02019424957272985,0.24614025492381333,0.24614025492381333,0.0,0.39356345513392377,0.4981507417193248,0.09818867836038658,0.010097124786364925,0.0,0.0,1.0,0.32299348022434127,0.32258046170509397,0.28867493863123994,0.06575111943932495
89,0.3544260580705648,0.0,0.18424888056067512,131,47,0.0,0,0,80,0.32299348022434127,0.4,0.32258046170509397,0.6,0.28867493863123994,0.0,0.06575111943932495,0.0,0.3544260580705648,0.3544260580705648,0.0,0.4085,0.5915,0.0,0.0,0.13785445177706185,0.13785445177706185,0.0,0.3786269102678475,0.4048014834386495,0.19637735672077317,0.02019424957272985,0.24614025492381333,0.24614025492381333,0.0,0.39356345513392377,0.4981507417193248,0.09818867836038658,0.010097124786364925,0.0,0.0,1.0,0.32299348022434127,0.32258046170509397,0.28867493863123994,0.06575111943932495
90,0.3544260580705648,0.0,0.18424888056067512,130,38,0.0,0,1,90,0.32299348022434127,0.4,0.32258046170509397,0.6,0.28867493863123994,0.0,0.06575111943932495,0.0,0.3544260580705649,0.3544260580705649,0.0,0.4005,0.5995,0.0,0.0,0.12579879173572966,0.12579879173572966,1.0,0.39814562676579807,0.3732271068993667,0.21345233889905538,0.015174927435779764,0.24011242490314727,0.24011242490314727,0.0,0.39932281338289904,0.4863635534496834,0.10672616944952769,0.007587463717889882,0.0,0.0,1.0,0.32299348022434127,0.32258046170509397,0.28867493863123994,0.06575111943932495
91,0.3544260580705648,0.0,0.18424888056067512,134,38,0.0,0,0,90,0.32299348022434127,0.4,0.32258046170509397,0.6,0.28867493863123994,0.0,0.06575111943932495,0.0,0.3544260580705649,0.3544260580705649,0.0,0.4005,0.5995,0.0,0.0,0.12579879173572966,0.12579879173572966,1.0,0.39814562676579807,0.3732271068993667,0.21345233889905538,0.015174927435779764,0.24011242490314727,0.24011242490314727,0.0,0.39932281338289904,0.4863635534496834,0.10672616944952769,0.007587463717889882,0.0,0.0,1.0,0.32299348022434127,0.32258046170509397,0.28867493863123994,0.06575111943932495
92,0.3544260580705648,0.0,0.18424888056067512,129,38,0.0,0,0,90,0.32299348022434127,0.4,0.32258046170509397,0.6,0.28867493863123994,0.0,0.06575111943932495,0.0,0.3544260580705649,0.3544260580705649,0.0,0.4005,0.5995,0.0,0.0,0.12579879173572966,0.12579879173572966,1.0,0.39814562676579807,0.3732271068993667,0.21345233889905538,0.015174927435779764,0.24011242490314727,0.24011242490314727,0.0,0.39932281338289904,0.4863635534496834,0.10672616944952769,0.007587463717889882,0.0,0.0,1.0,0.32299348022434127,0.32258046170509397,0.28867493863123994,0.06575111943932495
93,0.3544260580705648,0.0,0.18424888056067512,147,38,0.0,0,0,90,0.32299348022434127,0.4,0.32258046170509397,0.6,0.28867493863123994,0.0,0.06575111943932495,0.0,0.3544260580705649,0.3544260580705649,0.0,0.4005,0.5995,0.0,0.0,0.12579879173572966,0.12579879173572966,1.0,0.39814562676579807,0.3732271068993667,0.21345233889905538,0.015174927435779764,0.24011242490314727,0.24011242490314727,0.0,0.39932281338289904,0.4863635534496834,0.10672616944952769,0.007587463717889882,0.0,0.0,1.0,0.32299348022434127,0.32258046170509397,0.28867493863123994,0.06575111943932495
94,0.3544260580705648,0.0,0.18424888056067512,138,38,0.0,0,0,90,0.32299348022434127,0.4,0.32258046170509397,0.6,0.28867493863123994,0.0,0.06575111943932495,0.0,0.3544260580705649,0.3544260580705649,0.0,0.4005,0.5995,0.0,0.0,0.12579879173572966,0.12579879173572966,1.0,0.39814562676579807,0.3732271068993667,0.21345233889905538,0.015174927435779764,0.24011242490314727,0.24011242490314727,0.0,0.39932281338289904,0.4863635534496834,0.10672616944952769,0.007587463717889882,0.0,0.0,1.0,0.32299348022434127,0.32258046170509397,0.28867493863123994,0.06575111943932495
95,0.3544260580705648,0.0,0.18424888056067512,124,38,0.0,0,0,90,0.32299348022434127,0.4,0.32258046170509397,0.6,0.28867493863123994,0.0,0.06575111943932495,0.0,0.3544260580705649,0.3544260580705649,0.0,0.4005,0.5995,0.0,0.0,0.12579879173572966,0.12579879173572966,1.0,0.39814562676579807,0.3732271068993667,0.21345233889905538,0.015174927435779764,0.24011242490314727,0.24011242490314727,0.0,0.39932281338289904,0.4863635534496834,0.10672616944952769,0.007587463717889882,0.0,0.0,1.0,0.32299348022434127,0.32258046170509397,0.28867493863123994,0.06575111943932495
96,0.3544260580705648,0.0,0.18424888056067512,123,38,0.0,0,0,90,0.32299348022434127,0.4,0.32258046170509397,0.6,0.28867493863123994,0.0,0.06575111943932495,0.0,0.3544260580705649,0.3544260580705649,0.0,0.4005,0.5995,0.0,0.0,0.12579879173572966,0.12579879173572966,1.0,0.39814562676579807,0.3732271068993667,0.21345233889905538,0.015174927435779764,0.24011242490314727,0.24011242490314727,0.0,0.39932281338289904,0.4863635534496834,0.10672616944952769,0.007587463717889882,0.0,0.0,1.0,0.32299348022434127,0.32258046170509397,0.28867493863123994,0.06575111943932495
97,0.3544260580705648,0.0,0.18424888056067512,135,38,0.0,0,0,90,0.32299348022434127,0.4,0.32258046170509397,0.6,0.28867493863123994,0.0,0.06575111943932495,0.0,0.3544260580705649,0.3544260580705649,0.0,0.4005,0.5995,0.0,0.0,0.12579879173572966,0.12579879173572966,1.0,0.39814562676579807,0.3732271068993667,0.21345233889905538,0.015174927435779764,0.24011242490314727,0.24011242490314727,0.0,0.39932281338289904,0.4863635534496834,0.10672616944952769,0.007587463717889882,0.0,0.0,1.0,0.32299348022434127,0.32258046170509397,0.28867493863123994,0.06575111943932495
98,0.3544260580705648,0.0,0.18424888056067512,125,38,0.0,0,0,90,0.32299348022434127,0.4,0.32258046170509397,0.6,0.28867493863123994,0.0,0.06575111943932495,0.0,0.3544260580705649,0.3544260580705649,0.0,0.4005,0.5995,0.0,0.0,0.12579879173572966,0.12579879173572966,1.0,0.39814562676579807,0.3732271068993667,0.21345233889905538,0.015174927435779764,0.24011242490314727,0.24011242490314727,0.0,0.39932281338289904,0.4863635534496834,0.10672616944952769,0.007587463717889882,0.0,0.0,1.0,0.32299348022434127,0.32258046170509397,0.28867493863123994,0.06575111943932495
99,0.3544260580705648,0.0,0.18424888056067512,140,38,0.0,0,0,90,0.32299348022434127,0.4,0.32258046170509397,0.6,0.28867493863123994,0.0,0.06575111943932495,0.0,0.3544260580705649,0.3544260580705649,0.0,0.4005,0.5995,0.0,0.0,0.12579879173572966,0.12579879173572966,1.0,0.39814562676579807,0.3732271068993667,0.21345233889905538,0.015174927435779764,0.24011242490314727,0.24011242490314727,0.0,0.39932281338289904,0.4863635534496834,0.10672616944952769,0.007587463717889882,0.0,0.0,1.0,0.32299348022434127,0.32258046170509397,0.28867493863123994,0.06575111943932495
100,0.07833158114441885,0.0,0.18424888056067512,79,20,0.0,0,1,100,0.32299348022434127,0.38,0.32258046170509397,0.29833333333333334,0.28867493863123994,0.31,0.06575111943932495,0.011666666666666667,0.3383427247372315,0.3383427247372315,0.0,0.399,0.5849166666666666,0.0155,0.0005833333333333334,0.09800853041063867,0.09800853041063867,0.0,0.31904898496791756,0.2873110780817737,0.38668346904187856,0.006956467908430211,0.14956442292874378,0.14956442292874378,0.0,0.3590244924839588,0.43611387237422017,0.20109173452093929,0.0037699006208817723,0.0,0.0,1.0,0.32299348022434127,0.32258046170509397,0.28867493863123994,0.06575111943932495
101,0.31033985310899215,0.0,0.18424888056067512,86,23,0.0,0,0,100,0.32299348022434127,0.6333333333333333,0.32258046170509397,0.22166666666666668,0.28867493863123994,0.145,0.06575111943932495,0.0,0.3383427247372315,0.3383427247372315,0.0,0.399,0.5849166666666666,0.0155,0.0005833333333333334,0.09800853041063867,0.09800853041063867,0.0,0.31904898496791756,0.2873110780817737,0.38668346904187856,0.006956467908430211,0.14956442292874378,0.14956442292874378,0.0,0.3590244924839588,0.43611387237422017,0.20109173452093929,0.0037699006208817723,0.0,0.0,1.0,0.32299348022434127,0.32258046170509397,0.28867493863123994,0.06575111943932495
102,0.3270065197756588,0.0,0.18424888056067512,108,26,0.0,0,0,100,0.32299348022434127,0.65,0.32258046170509397,0.255,0.28867493863123994,0.095,0.06575111943932495,0.0,0.3383427247372315,0.3383427247372315,0.0,0.399,0.5849166666666666,0.0155,0.0005833333333333334,0.09800853041063867,0.09800853041063867,0.0,0.31904898496791756,0.2873110780817737,0.38668346904187856,0.006956467908430211,0.14956442292874378,0.14956442292874378,0.0,0.3590244924839588,0.43611387237422017,0.20109173452093929,0.0037699006208817723,0.0,0.0,1.0,0.32299348022434127,0.32258046170509397,0.28867493863123994,0.06575111943932495
103,0.3486731864423255,0.0,0.18424888056067512,112,29,0.0,0,0,100,0.32299348022434127,0.6716666666666666,0.32258046170509397,0.26,0.28867493863123994,0.06833333333333333,0.06575111943932495,0.0,0.3383427247372315,0.3383427247372315,0.0,0.399,0.5849166666666666,0.0155,0.0005833333333333334,0.09800853041063867,0.09800853041063867,0.0,0.31904898496791756,0.2873110780817737,0.38668346904187856,0.006956467908430211,0.14956442292874378,0.14956442292874378,0.0,0.3590244924839588,0.43611387237422017,0.20109173452093929,0.0037699006208817723,0.0,0.0,1.0,0.32299348022434127,0.32258046170509397,0.28867493863123994,0.06575111943932495
104,0.3720065197756588,0.0,0.18424888056067512,111,33,0.0,0,0,100,0.32299348022434127,0.695,0.32258046170509397,0.25666666666666665,0.28867493863123994,0.04833333333333333,0.06575111943932495,0.0,0.3383427247372315,0.3383427247372315,0.0,0.399,0.5849166666666666,0.0155,0.0005833333333333334,0.09800853041063867,0.09800853041063867,0.0,0.31904898496791756,0.2873110780817737,0.38668346904187856,0.006956467908430211,0.14956442292874378,0.14956442292874378,0.0,0.3590244924839588,0.43611387237422017,0.20109173452093929,0.0037699006208817723,0.0,0.0,1.0,0.32299348022434127,0.32258046170509397,0.28867493863123994,0.06575111943932495
105,0.3770065197756588,0.0,0.18424888056067512,100,37,0.0,0,0,100,0.32299348022434127,0.7,0.32258046170509397,0.25,0.28867493863123994,0.05,0.06575111943932495,0.0,0.3383427247372315,0.3383427247372315,0.0,0.399,0.5849166666666666,0.0155,0.0005833333333333334,0.09800853041063867,0.09800853041063867,0.0,0.31904898496791756,0.2873110780817737,0.38668346904187856,0.006956467908430211,0.14956442292874378,0.14956442292874378,0.0,0.3590244924839588,0.43611387237422017,0.20109173452093929,0.0037699006208817723,0.0,0.0,1.0,0.32299348022434127,0.32258046170509397,0.28867493863123994,0.06575111943932495
106,0.4053398531089922,0.0,0.18424888056067512,97,37,0.0,0,0,100,0.32299348022434127,0.7283333333333334,0.32258046170509397,0.23166666666666666,0.28867493863123994,0.04,0.06575111943932495,0.0,0.3383427247372315,0.3383427247372315,0.0,0.399,0.5849166666666666,0.0155,0.0005833333333333334,0.09800853041063867,0.09800853041063867,0.0,0.31904898496791756,0.2873110780817737,0.38668346904187856,0.006956467908430211,0.14956442292874378,0.14956442292874378,0.0,0.3590244924839588,0.43611387237422017,0.20109173452093929,0.0037699006208817723,0.0,0.0,1.0,0.32299348022434127,0.32258046170509397,0.28867493863123994,0.06575111943932495
107,0.40867318644232553,0.0,0.18424888056067512,114,37,0.0,0,0,100,0.32299348022434127,0.7316666666666667,0.32258046170509397,0.23166666666666666,0.28867493863123994,0.03666666666666667,0.06575111943932495,0.0,0.3383427247372315,0.3383427247372315,0.0,0.399,0.5849166666666666,0.0155,0.0005833333333333334,0.09800853041063867,0.09800853041063867,0.0,0.31904898496791756,0.2873110780817737,0.38668346904187856,0.006956467908430211,0.14956442292874378,0.14956442292874378,0.0,0.3590244924839588,0.43611387237422017,0.20109173452093929,0.0037699006208817723,0.0,0.0,1.0,0.32299348022434127,0.32258046170509397,0.28867493863123994,0.06575111943932495
108,0.41867318644232554,0.0,0.18424888056067512,87,37,0.0,0,0,100,0.32299348022434127,0.7416666666666667,0.32258046170509397,0.23666666666666666,0.28867493863123994,0.021666666666666667,0.06575111943932495,0.0,0.3383427247372315,0.3383427247372315,0.0,0.399,0.5849166666666666,0.0155,0.0005833333333333334,0.09800853041063867,0.09800853041063867,0.0,0.31904898496791756,0.2873110780817737,0.38668346904187856,0.006956467908430211,0.14956442292874378,0.14956442292874378,0.0,0.3590244924839588,0.43611387237422017,0.20109173452093929,0.0037699006208817723,0.0,0.0,1.0,0.32299348022434127,0.32258046170509397,0.28867493863123994,0.06575111943932495
109,0.42533985310899214,0.0,0.18424888056067512,107,37,0.0,0,0,100,0.32299348022434127,0.7483333333333333,0.32258046170509397,0.23666666666666666,0.28867493863123994,0.015,0.06575111943932495,0.0,0.3383427247372315,0.3383427247372315,0.0,0.399,0.5849166666666666,0.0155,0.0005833333333333334,0.09800853041063867,0.09800853041063867,0.0,0.31904898496791756,0.2873110780817737,0.38668346904187856,0.006956467908430211,0.14956442292874378,0.14956442292874378,0.0,0.3590244924839588,0.43611387237422017,0.20109173452093929,0.0037699006208817723,0.0,0.0,1.0,0.32299348022434127,0.32258046170509397,0.28867493863123994,0.06575111943932495
110,0.43200651977565885,0.0,0.18424888056067512,116,37,0.0,0,1,110,0.32299348022434127,0.755,0.32258046170509397,0.23666666666666666,0.28867493863123994,0.008333333333333333,0.06575111943932495,0.0,0.31192605807056484,0.31192605807056484,1.0,0.55175,0.40575,0.041916666666666665,0.0005833333333333334,0.0922280536498725,0.0922280536498725,0.0,0.3534193060625281,0.3843826895167796,0.1966930866243559,0.06550491779633648,0.20207705586021868,0.20207705586021868,1.0,0.45258465303126405,0.3950663447583898,0.11930487664551127,0.03304412556483491,0.0,0.0,1.0,0.32299348022434127,0.32258046170509397,0.28867493863123994,0.06575111943932495
111,0.4386731864423255,0.0,0.18424888056067512,115,37,0.0,0,0,110,0.32299348022434127,0.7616666666666667,0.32258046170509397,0.23333333333333334,0.28867493863123994,0.005,0.06575111943932495,0.0,0.31192605807056484,0.31192605807056484,1.0,0.55175,0.40575,0.041916666666666665,0.0005833333333333334,0.0922280536498725,0.0922280536498725,0.0,0.3534193060625281,0.3843826895167796,0.1966930866243559,0.06550491779633648,0.20207705586021868,0.20207705586021868,1.0,0.45258465303126405,0.3950663447583898,0.11930487664551127,0.03304412556483491,0.0,0.0,1.0,0.32299348022434127,0.32258046170509397,0.28867493863123994,0.06575111943932495
112,0.4370065197756588,0.0,0.18424888056067512,103,37,0.0,0,0,110,0.32299348022434127,0.76,0.32258046170509397,0.235,0.28867493863123994,0.005,0.06575111943932495,0.0,0.31192605807056484,0.31192605807056484,1.0,0.55175,0.40575,0.041916666666666665,0.0005833333333333334,0.0922280536498725,0.0922280536498725,0.0,0.3534193060625281,0.3843826895167796,0.1966930866243559,0.06550491779633648,0.20207705586021868,0.20207705586021868,1.0,0.45258465303126405,0.3950663447583898,0.11930487664551127,0.03304412556483491,0.0,0.0,1.0,0.32299348022434127,0.32258046170509397,0.28867493863123994,0.06575111943932495
113,0.44533985310899216,0.0,0.18424888056067512,116,37,0.0,0,0,110,0.32299348022434127,0.7683333333333333,0.32258046170509397,0.23166666666666666,0.28867493863123994,0.0,0.06575111943932495,0.0,0.31192605807056484,0.31192605807056484,1.0,0.55175,0.40575,0.041916666666666665,0.0005833333333333334,0.0922280536498725,0.0922280536498725,0.0,0.3534193060625281,0.3843826895167796,0.1966930866243559,0.06550491779633648,0.20207705586021868,0.20207705586021868,1.0,0.45258465303126405,0.3950663447583898,0.11930487664551127,0.03304412556483491,0.0,0.0,1.0,0.32299348022434127,0.32258046170509397,0.28867493863123994,0.06575111943932495
114,0.4470065197756588,0.0,0.18424888056067512,91,37,0.0,0,0,110,0.32299348022434127,0.77,0.32258046170509397,0.23,0.28867493863123994,0.0,0.06575111943932495,0.0,0.31192605807056484,0.31192605807056484,1.0,0.55175,0.40575,0.041916666666666665,0.0005833333333333334,0.0922280536498725,0.0922280536498725,0.0,0.3534193060625281,0.3843826895167796,0.1966930866243559,0.06550491779633648,0.20207705586021868,0.20207705586021868,1.0,0.45258465303126405,0.3950663447583898,0.11930487664551127,0.03304412556483491,0.0,0.0,1.0,0.32299348022434127,0.32258046170509397,0.28867493863123994,0.06575111943932495
115,0.4520065197756588,0.0,0.18424888056067512,109,37,0.0,0,0,110,0.32299348022434127,0.775,0.32258046170509397,0.225,0.28867493863123994,0.0,0.06575111943932495,0.0,0.31192605807056484,0.31192605807056484,1.0,0.55175,0.40575,0.041916666666666665,0.0005833333333333334,0.0922280536498725,0.0922280536498725,0.0,0.3534193060625281,0.3843826895167796,0.1966930866243559,0.06550491779633648,0.20207705586021868,0.20207705586021868,1.0,0.45258465303126405,0.3950663447583898,0.11930487664551127,0.03304412556483491,0.0,0.0,1.0,0.32299348022434127,0.32258046170509397,0.28867493863123994,0.06575111943932495
116,0.4520065197756588,0.0,0.18424888056067512,104,37,0.0,0,0,110,0.32299348022434127,0.775,0.32258046170509397,0.225,0.28867493863123994,0.0,0.06575111943932495,0.0,0.31192605807056484,0.31192605807056484,1.0,0.55175,0.40575,0.041916666666666665,0.0005833333333333334,0.0922280536498725,0.0922280536498725,0.0,0.3534193060625281,0.3843826895167796,0.1966930866243559,0.06550491779633648,0.20207705586021868,0.20207705586021868,1.0,0.45258465303126405,0.3950663447583898,0.11930487664551127,0.03304412556483491,0.0,0.0,1.0,0.32299348022434127,0.32258046170509397,0.28867493863123994,0.06575111943932495
117,0.45533985310899217,0.0,0.18424888056067512,107,37,0.0,0,0,110,0.32299348022434127,0.7783333333333333,0.32258046170509397,0.22166666666666668,0.28867493863123994,0.0,0.06575111943932495,0.0,0.31192605807056484,0.31192605807056484,1.0,0.55175,0.40575,0.041916666666666665,0.0005833333333333334,0.0922280536498725,0.0922280536498725,0.0,0.3534193060625281,0.3843826895167796,0.1966930866243559,0.06550491779633648,0.20207705586021868,0.20207705586021868,1.0,0.45258465303126405,0.3950663447583898,0.11930487664551127,0.03304412556483491,0.0,0.0,1.0,0.32299348022434127,0.32258046170509397,0.28867493863123994,0.06575111943932495
118,0.45533985310899217,0.0,0.18424888056067512,108,37,0.0,0,0,110,0.32299348022434127,0.7783333333333333,0.32258046170509397,0.22166666666666668,0.28867493863123994,0.0,0.06575111943932495,0.0,0.31192605807056484,0.31192605807056484,1.0,0.55175,0.40575,0.041916666666666665,0.0005833333333333334,0.0922280536498725,0.0922280536498725,0.0,0.3534193060625281,0.3843826895167796,0.1966930866243559,0.06550491779633648,0.20207705586021868,0.20207705586021868,1.0,0.45258465303126405,0.3950663447583898,0.11930487664551127,0.03304412556483491,0.0,0.0,1.0,0.32299348022434127,0.32258046170509397,0.28867493863123994,0.06575111943932495
119,0.4570065197756588,0.0,0.18424888056067512,104,37,0.0,0,0,110,0.32299348022434127,0.78,0.32258046170509397,0.22,0.28867493863123994,0.0,0.06575111943932495,0.0,0.31192605807056484,0.31192605807056484,1.0,0.55175,0.40575,0.041916666666666665,0.0005833333333333334,0.0922280536498725,0.0922280536498725,0.0,0.3534193060625281,0.3843826895167796,0.1966930866243559,0.06550491779633648,0.20207705586021868,0.20207705586021868,1.0,0.45258465303126405,0.3950663447583898,0.11930487664551127,0.03304412556483491,0.0,0.0,1.0,0.32299348022434127,0.32258046170509397,0.28867493863123994,0.06575111943932495
120,0.46033985310899217,0.0,0.18424888056067512,105,37,0.0,0,1,120,0.32299348022434127,0.7833333333333333,0.32258046170509397,0.21666666666666667,0.28867493863123994,0.0,0.06575111943932495,0.0,0.4162565197756588,0.4162565197756588,1.0,0.73925,0.23383333333333334,0.026916666666666665,0.0,0.11401057960373642,0.11401057960373642,0.0,0.3074311897933965,0.22613499706643136,0.4026855182349763,0.0637482949051958,0.20034711467235708,0.20034711467235708,1.0,0.5233405948966983,0.22998416519988235,0.21480109245082146,0.0318741474525979,0.0,0.0,1.0,0.32299348022434127,0.32258046170509397,0.28867493863123994,0.06575111943932495
121,0.4620065197756588,0.0,0.18424888056067512,102,37,0.0,0,0,120,0.32299348022434127,0.785,0.32258046170509397,0.215,0.28867493863123994,0.0,0.06575111943932495,0.0,0.4162565197756588,0.4162565197756588,1.0,0.73925,0.23383333333333334,0.026916666666666665,0.0,0.11401057960373642,0.11401057960373642,0.0,0.3074311897933965,0.22613499706643136,0.4026855182349763,0.0637482949051958,0.20034711467235708,0.20034711467235708,1.0,0.5233405948966983,0.22998416519988235,0.21480109245082146,0.0318741474525979,0.0,0.0,1.0,0.32299348022434127,0.32258046170509397,0.28867493863123994,0.06575111943932495
122,0.4653398531089922,0.0,0.18424888056067512,97,37,0.0,0,0,120,0.32299348022434127,0.7883333333333333,0.32258046170509397,0.21166666666666667,0.28867493863123994,0.0,0.06575111943932495,0.0,0.4162565197756588,0.4162565197756588,1.0,0.73925,0.23383333333333334,0.026916666666666665,0.0,0.11401057960373642,0.11401057960373642,0.0,0.3074311897933965,0.22613499706643136,0.4026855182349763,0.0637482949051958,0.20034711467235708,0.20034711467235708,1.0,0.5233405948966983,0.22998416519988235,0.21480109245082146,0.0318741474525979,0.0,0.0,1.0,0.32299348022434127,0.32258046170509397,0.28867493863123994,0.06575111943932495
123,0.4653398531089922,0.0,0.18424888056067512,108,37,0.0,0,0,120,0.32299348022434127,0.7883333333333333,0.32258046170509397,0.21166666666666667,0.28867493863123994,0.0,0.06575111943932495,0.0,0.4162565197756588,0.4162565197756588,1.0,0.73925,0.23383333333333334,0.026916666666666665,0.0,0.11401057960373642,0.11401057960373642,0.0,0.3074311897933965,0.22613499706643136,0.4026855182349763,0.0637482949051958,0.20034711467235708,0.20034711467235708,1.0,0.5233405948966983,0.22998416519988235,0.21480109245082146,0.0318741474525979,0.0,0.0,1.0,0.32299348022434127,0.32258046170509397,0.28867493863123994,0.06575111943932495
124,0.4670065197756588,0.0,0.18424888056067512,105,37,0.0,0,0,120,0.32299348022434127,0.79,0.32258046170509397,0.21,0.28867493863123994,0.0,0.06575111943932495,0.0,0.4162565197756588,0.4162565197756588,1.0,0.73925,0.23383333333333334,0.026916666666666665,0.0,0.11401057960373642,0.11401057960373642,0.0,0.3074311897933965,0.22613499706643136,0.4026855182349763,0.0637482949051958,0.20034711467235708,0.20034711467235708,1.0,0.5233405948966983,0.22998416519988235,0.21480109245082146,0.0318741474525979,0.0,0.0,1.0,0.32299348022434127,0.32258046170509397,0.28867493863123994,0.06575111943932495
125,0.4670065197756588,0.0,0.18424888056067512,118,37,0.0,0,0,120,0.32299348022434127,0.79,0.32258046170509397,0.21,0.28867493863123994,0.0,0.06575111943932495,0.0,0.4162565197756588,0.4162565197756588,1.0,0.73925,0.23383333333333334,0.026916666666666665,0.0,0.11401057960373642,0.11401057960373642,0.0,0.3074311897933965,0.22613499706643136,0.4026855182349763,0.0637482949051958,0.20034711467235708,0.20034711467235708,1.0,0.5233405948966983,0.22998416519988235,0.21480109245082146,0.0318741474525979,0.0,0.0,1.0,0.32299348022434127,0.32258046170509397,0.28867493863123994,0.06575111943932495
126,0.4670065197756588,0.0,0.18424888056067512,96,37,0.0,0,0,120,0.32299348022434127,0.79,0.32258046170509397,0.21,0.28867493863123994,0.0,0.06575111943932495,0.0,0.4162565197756588,0.4162565197756588,1.0,0.73925,0.23383333333333334,0.026916666666666665,0.0,0.11401057960373642,0.11401057960373642,0.0,0.3074311897933965,0.22613499706643136,0.4026855182349763,0.0637482949051958,0.20034711467235708,0.20034711467235708,1.0,0.5233405948966983,0.22998416519988235,0.21480109245082146,0.0318741474525979,0.0,0.0,1.0,0.32299348022434127,0.32258046170509397,0.28867493863123994,0.06575111943932495
127,0.4686731864423255,0.0,0.18424888056067512,106,37,0.0,0,0,120,0.32299348022434127,0.7916666666666666,0.32258046170509397,0.20833333333333334,0.28867493863123994,0.0,0.06575111943932495,0.0,0.4162565197756588,0.4162565197756588,1.0,0.73925,0.23383333333333334,0.026916666666666665,0.0,0.11401057960373642,0.11401057960373642,0.0,0.3074311897933965,0.22613499706643136,0.4026855182349763,0.0637482949051958,0.20034711467235708,0.20034711467235708,1.0,0.5233405948966983,0.22998416519988235,0.21480109245082146,0.0318741474525979,0.0,0.0,1.0,0.32299348022434127,0.32258046170509397,0.28867493863123994,0.06575111943932495
128,0.4703398531089922,0.0,0.18424888056067512,110,37,0.0,0,0,120,0.32299348022434127,0.7933333333333333,0.32258046170509397,0.20666666666666667,0.28867493863123994,0.0,0.06575111943932495,0.0,0.4162565197756588,0.4162565197756588,1.0,0.73925,0.23383333333333334,0.026916666666666665,0.0,0.11401057960373642,0.11401057960373642,0.0,0.3074311897933965,0.22613499706643136,0.4026855182349763,0.0637482949051958,0.20034711467235708,0.20034711467235708,1.0,0.5233405948966983,0.22998416519988235,0.21480109245082146,0.0318741474525979,0.0,0.0,1.0,0.32299348022434127,0.32258046170509397,0.28867493863123994,0.06575111943932495
129,0.47200651977565883,0.0,0.18424888056067512,97,37,0.0,0,0,120,0.32299348022434127,0.795,0.32258046170509397,0.205,0.28867493863123994,0.0,0.06575111943932495,0.0,0.4162565197756588,0.4162565197756588,1.0,0.73925,0.23383333333333334,0.026916666666666665,0.0,0.11401057960373642,0.11401057960373642,0.0,0.3074311897933965,0.22613499706643136,0.4026855182349763,0.0637482949051958,0.20034711467235708,0.20034711467235708,1.0,0.5233405948966983,0.22998416519988235,0.21480109245082146,0.0318741474525979,0.0,0.0,1.0,0.32299348022434127,0.32258046170509397,0.28867493863123994,0.06575111943932495
130,0.47700651977565883,0.0,0.18424888056067512,105,37,0.0,0,1,130,0.32299348022434127,0.8,0.32258046170509397,0.2,0.28867493863123994,0.0,0.06575111943932495,0.0,0.4590898531089922,0.4590898531089922,1.0,0.7820833333333334,0.21741666666666667,0.0005,0.0,0.024057735939480414,0.024057735939480414,1.0,0.34110374707125435,0.32644005331782977,0.2646172026917594,0.06783899691915637,0.23860005997795264,0.23860005997795264,1.0,0.5615935402022938,0.27192835999224824,0.1325586013458797,0.03391949845957819,0.0,0.0,1.0,0.32299348022434127,0.32258046170509397,0.28867493863123994,0.06575111943932495
131,0.47700651977565883,0.0,0.18424888056067512,103,37,0.0,0,0,130,0.32299348022434127,0.8,0.32258046170509397,0.2,0.28867493863123994,0.0,0.06575111943932495,0.0,0.4590898531089922,0.4590898531089922,1.0,0.7820833333333334,0.21741666666666667,0.0005,0.0,0.024057735939480414,0.024057735939480414,1.0,0.34110374707125435,0.32644005331782977,0.2646172026917594,0.06783899691915637,0.23860005997795264,0.23860005997795264,1.0,0.5615935402022938,0.27192835999224824,0.1325586013458797,0.03391949845957819,0.0,0.0,1.0,0.32299348022434127,0.32258046170509397,0.28867493863123994,0.06575111943932495
132,0.47700651977565883,0.0,0.18424888056067512,100,37,0.0,0,0,130,0.32299348022434127,0.8,0.32258046170509397,0.2,0.28867493863123994,0.0,0.06575111943932495,0.0,0.4590898531089922,0.4590898531089922,1.0,0.7820833333333334,0.21741666666666667,0.0005,0.0,0.024057735939480414,0.024057735939480414,1.0,0.34110374707125435,0.32644005331782977,0.2646172026917594,0.06783899691915637,0.23860005997795264,0.23860005997795264,1.0,0.5615935402022938,0.27192835999224824,0.1325586013458797,0.03391949845957819,0.0,0.0,1.0,0.32299348022434127,0.32258046170509397,0.28867493863123994,0.06575111943932495
133,0.47700651977565883,0.0,0.18424888056067512,101,37,0.0,0,0,130,0.32299348022434127,0.8,0.32258046170509397,0.2,0.28867493863123994,0.0,0.06575111943932495,0.0,0.4590898531089922,0.4590898531089922,1.0,0.7820833333333334,0.21741666666666667,0.0005,0.0,0.024057735939480414,0.024057735939480414,1.0,0.34110374707125435,0.32644005331782977,0.2646172026917594,0.06783899691915637,0.23860005997795264,0.23860005997795264,1.0,0.5615935402022938,0.27192835999224824,0.1325586013458797,0.03391949845957819,0.0,0.0,1.0,0.32299348022434127,0.32258046170509397,0.28867493863123994,0.06575111943932495
134,0.47700651977565883,0.0,0.18424888056067512,99,37,0.0,0,0,130,0.32299348022434127,0.8,0.32258046170509397,0.2,0.28867493863123994,0.0,0.06575111943932495,0.0,0.4590898531089922,0.4590898531089922,1.0,0.7820833333333334,0.21741666666666667,0.0005,0.0,0.024057735939480414,0.024057735939480414,1.0,0.34110374707125435,0.32644005331782977,0.2646172026917594,0.06783899691915637,0.23860005997795264,0.23860005997795264,1.0,0.5615935402022938,0.27192835999224824,0.1325586013458797,0.03391949845957819,0.0,0.0,1.0,0.32299348022434127,0.32258046170509397,0.28867493863123994,0.06575111943932495
135,0.47700651977565883,0.0,0.18424888056067512,114,37,0.0,0,0,130,0.32299348022434127,0.8,0.32258046170509397,0.2,0.28867493863123994,0.0,0.06575111943932495,0.0,0.4590898531089922,0.4590898531089922,1.0,0.7820833333333334,0.21741666666666667,0.0005,0.0,0.024057735939480414,0.024057735939480414,1.0,0.34110374707125435,0.32644005331782977,0.2646172026917594,0.06783899691915637,0.23860005997795264,0.23860005997795264,1.0,0.5615935402022938,0.27192835999224824,0.1325586013458797,0.03391949845957819,0.0,0.0,1.0,0.32299348022434127,0.32258046170509397,0.28867493863123994,0.06575111943932495
136,0.47700651977565883,0.0,0.18424888056067512,111,37,0.0,0,0,130,0.32299348022434127,0.8,0.32258046170509397,0.2,0.28867493863123994,0.0,0.06575111943932495,0.0,0.4590898531089922,0.4590898531089922,1.0,0.7820833333333334,0.21741666666666667,0.0005,0.0,0.024057735939480414,0.024057735939480414,1.0,0.34110374707125435,0.32644005331782977,0.2646172026917594,0.06783899691915637,0.23860005997795264,0.23860005997795264,1.0,0.5615935402022938,0.27192835999224824,0.1325586013458797,0.03391949845957819,0.0,0.0,1.0,0.32299348022434127,0.32258046170509397,0.28867493863123994,0.06575111943932495
137,0.47700651977565883,0.0,0.18424888056067512,122,37,0.0,0,0,130,0.32299348022434127,0.8,0.32258046170509397,0.2,0.28867493863123994,0.0,0.06575111943932495,0.0,0.4590898531089922,0.4590898531089922,1.0,0.7820833333333334,0.21741666666666667,0.0005,0.0,0.024057735939480414,0.024057735939480414,1.0,0.34110374707125435,0.32644005331782977,0.2646172026917594,0.06783899691915637,0.23860005997795264,0.23860005997795264,1.0,0.5615935402022938,0.27192835999224824,0.1325586013458797,0.03391949845957819,0.0,0.0,1.0,0.32299348022434127,0.32258046170509397,0.28867493863123994,0.06575111943932495
138,0.47700651977565883,0.0,0.18424888056067512,95,37,0.0,0,0,130,0.32299348022434127,0.8,0.32258046170509397,0.2,0.28867493863123994,0.0,0.06575111943932495,0.0,0.4590898531089922,0.4590898531089922,1.0,0.7820833333333334,0.21741666666666667,0.0005,0.0,0.024057735939480414,0.024057735939480414,1.0,0.34110374707125435,0.32644005331782977,0.2646172026917594,0.06783899691915637,0.23860005997795264,0.23860005997795264,1.0,0.5615935402022938,0.27192835999224824,0.1325586013458797,0.03391949845957819,0.0,0.0,1.0,0.32299348022434127,0.32258046170509397,0.28867493863123994,0.06575111943932495
139,0.47700651977565883,0.0,0.18424888056067512,111,37,0.0,0,0,130,0.32299348022434127,0.8,0.32258046170509397,0.2,0.28867493863123994,0.0,0.06575111943932495,0.0,0.4590898531089922,0.4590898531089922,1.0,0.7820833333333334,0.21741666666666667,0.0005,0.0,0.024057735939480414,0.024057735939480414,1.0,0.34110374707125435,0.32644005331782977,0.2646172026917594,0.06783899691915637,0.23860005997795264,0.23860005997795264,1.0,0.5615935402022938,0.27192835999224824,0.1325586013458797,0.03391949845957819,0.0,0.0,1.0,0.32299348022434127,0.32258046170509397,0.28867493863123994,0.06575111943932495
140,0.47700651977565883,0.0,0.18424888056067512,98,37,0.0,0,1,140,0.32299348022434127,0.8,0.32258046170509397,0.2,0.28867493863123994,0.0,0.06575111943932495,0.0,0.47258985310899215,0.47258985310899215,1.0,0.7955833333333333,0.20441666666666666,0.0,0.0,0.16592801974812738,0.16592801974812738,0.0,0.3392531355090635,0.1911603089016494,0.43834330309464503,0.03124325249464204,0.24442475419685725,0.24442475419685725,1.0,0.5674182344211984,0.19778848778415803,0.21917165154732252,0.01562162624732102,0.0,0.0,1.0,0.32299348022434127,0.32258046170509397,0.28867493863123994,0.06575111943932495
141,0.47700651977565883,0.0,0.18424888056067512,125,37,0.0,0,0,140,0.32299348022434127,0.8,0.32258046170509397,0.2,0.28867493863123994,0.0,0.06575111943932495,0.0,0.47258985310899215,0.47258985310899215,1.0,0.7955833333333333,0.20441666666666666,0.0,0.0,0.16592801974812738,0.16592801974812738,0.0,0.3392531355090635,0.1911603089016494,0.43834330309464503,0.03124325249464204,0.24442475419685725,0.24442475419685725,1.0,0.5674182344211984,0.19778848778415803,0.21917165154732252,0.01562162624732102,0.0,0.0,1.0,0.32299348022434127,0.32258046170509397,0.28867493863123994,0.06575111943932495
142,0.47700651977565883,0.0,0.18424888056067512,103,37,0.0,0,0,140,0.32299348022434127,0.8,0.32258046170509397,0.2,0.28867493863123994,0.0,0.06575111943932495,0.0,0.47258985310899215,0.47258985310899215,1.0,0.7955833333333333,0.20441666666666666,0.0,0.0,0.16592801974812738,0.16592801974812738,0.0,0.3392531355090635,0.1911603089016494,0.43834330309464503,0.03124325249464204,0.24442475419685725,0.24442475419685725,1.0,0.5674182344211984,0.19778848778415803,0.21917165154732252,0.01562162624732102,0.0,0.0,1.0,0.32299348022434127,0.32258046170509397,0.28867493863123994,0.06575111943932495
143,0.47700651977565883,0.0,0.18424888056067512,92,37,0.0,0,0,140,0.32299348022434127,0.8,0.32258046170509397,0.2,0.28867493863123994,0.0,0.06575111943932495,0.0,0.47258985310899215,0.47258985310899215,1.0,0.7955833333333333,0.20441666666666666,0.0,0.0,0.16592801974812738,0.16592801974812738,0.0,0.3392531355090635,0.1911603089016494,0.43834330309464503,0.03124325249464204,0.24442475419685725,0.24442475419685725,1.0,0.5674182344211984,0.19778848778415803,0.21917165154732252,0.01562162624732102,0.0,0.0,1.0,0.32299348022434127,0.32258046170509397,0.28867493863123994,0.06575111943932495
144,0.47700651977565883,0.0,0.18424888056067512,114,37,0.0,0,0,140,0.32299348022434127,0.8,0.32258046170509397,0.2,0.28867493863123994,0.0,0.06575111943932495,0.0,0.47258985310899215,0.47258985310899215,1.0,0.7955833333333333,0.20441666666666666,0.0,0.0,0.16592801974812738,0.16592801974812738,0.0,0.3392531355090635,0.1911603089016494,0.43834330309464503,0.03124325249464204,0.24442475419685725,0.24442475419685725,1.0,0.5674182344211984,0.19778848778415803,0.21917165154732252,0.01562162624732102,0.0,0.0,1.0,0.32299348022434127,0.32258046170509397,0.28867493863123994,0.06575111943932495
145,0.47700651977565883,0.0,0.18424888056067512,116,37,0.0,0,0,140,0.32299348022434127,0.8,0.32258046170509397,0.2,0.28867493863123994,0.0,0.06575111943932495,0.0,0.47258985310899215,0.47258985310899215,1.0,0.7955833333333333,0.20441666666666666,0.0,0.0,0.16592801974812738,0.16592801974812738,0.0,0.3392531355090635,0.1911603089016494,0.43834330309464503,0.03124325249464204,0.24442475419685725,0.24442475419685725,1.0,0.5674182344211984,0.19778848778415803,0.21917165154732252,0.01562162624732102,0.0,0.0,1.0,0.32299348022434127,0.32258046170509397,0.28867493863123994,0.06575111943932495
146,0.47700651977565883,0.0,0.18424888056067512,112,37,0.0,0,0,140,0.32299348022434127,0.8,0.32258046170509397,0.2,0.28867493863123994,0.0,0.06575111943932495,0.0,0.47258985310899215,0.47258985310899215,1.0,0.7955833333333333,0.20441666666666666,0.0,0.0,0.16592801974812738,0.16592801974812738,0.0,0.3392531355090635,0.1911603089016494,0.43834330309464503,0.03124325249464204,0.24442475419685725,0.24442475419685725,1.0,0.5674182344211984,0.19778848778415803,0.21917165154732252,0.01562162624732102,0.0,0.0,1.0,0.32299348022434127,0.32258046170509397,0.28867493863123994,0.06575111943932495
147,0.47700651977565883,0.0,0.18424888056067512,87,37,0.0,0,0,140,0.32299348022434127,0.8,0.32258046170509397,0.2,0.28867493863123994,0.0,0.06575111943932495,0.0,0.47258985310899215,0.47258985310899215,1.0,0.7955833333333333,0.20441666666666666,0.0,0.0,0.16592801974812738,0.16592801974812738,0.0,0.3392531355090635,0.1911603089016494,0.43834330309464503,0.03124325249464204,0.24442475419685725,0.24442475419685725,1.0,0.5674182344211984,0.19778848778415803,0.21917165154732252,0.01562162624732102,0.0,0.0,1.0,0.32299348022434127,0.32258046170509397,0.28867493863123994,0.06575111943932495
148,0.47700651977565883,0.0,0.18424888056067512,95,37,0.0,0,0,140,0.32299348022434127,0.8,0.32258046170509397,0.2,0.28867493863123994,0.0,0.06575111943932495,0.0,0.47258985310899215,0.47258985310899215,1.0,0.7955833333333333,0.20441666666666666,0.0,0.0,0.16592801974812738,0.16592801974812738,0.0,0.3392531355090635,0.1911603089016494,0.43834330309464503,0.03124325249464204,0.24442475419685725,0.24442475419685725,1.0,0.5674182344211984,0.19778848778415803,0.21917165154732252,0.01562162624732102,0.0,0.0,1.0,0.32299348022434127,0.32258046170509397,0.28867493863123994,0.06575111943932495
149,0.47700651977565883,0.0,0.18424888056067512,110,37,0.0,0,0,140,0.32299348022434127,0.8,0.32258046170509397,0.2,0.28867493863123994,0.0,0.06575111943932495,0.0,0.47258985310899215,0.47258985310899215,1.0,0.7955833333333333,0.20441666666666666,0.0,0.0,0.16592801974812738,0.16592801974812738,0.0,0.3392531355090635,0.1911603089016494,0.43834330309464503,0.03124325249464204,0.24442475419685725,0.24442475419685725,1.0,0.5674182344211984,0.19778848778415803,0.21917165154732252,0.01562162624732102,0.0,0.0,1.0,0.32299348022434127,0.32258046170509397,0.28867493863123994,0.06575111943932495
150,0.47700651977565883,0.0,0.18424888056067512,108,37,0.0,0,1,150,0.32299348022434127,0.8,0.32258046170509397,0.2,0.28867493863123994,0.0,0.06575111943932495,0.0,0.47700651977565883,0.47700651977565883,1.0,0.8,0.2,0.0,0.0,0.12059712139551348,0.12059712139551348,1.0,0.3869932825775793,0.242724982556505,0.34527225767351527,0.025009477192400344,0.2705031610644485,0.2705031610644485,1.0,0.5934966412887897,0.2213624912782525,0.17263612883675764,0.012504738596200172,0.0,0.0,1.0,0.32299348022434127,0.32258046170509397,0.28867493863123994,0.06575111943932495
151,0.47700651977565883,0.0,0.18424888056067512,111,37,0.0,0,0,150,0.32299348022434127,0.8,0.32258046170509397,0.2,0.28867493863123994,0.0,0.06575111943932495,0.0,0.47700651977565883,0.47700651977565883,1.0,0.8,0.2,0.0,0.0,0.12059712139551348,0.12059712139551348,1.0,0.3869932825775793,0.242724982556505,0.34527225767351527,0.025009477192400344,0.2705031610644485,0.2705031610644485,1.0,0.5934966412887897,0.2213624912782525,0.17263612883675764,0.012504738596200172,0.0,0.0,1.0,0.32299348022434127,0.32258046170509397,0.28867493863123994,0.06575111943932495
152,0.47700651977565883,0.0,0.18424888056067512,110,37,0.0,0,0,150,0.32299348022434127,0.8,0.32258046170509397,0.2,0.28867493863123994,0.0,0.06575111943932495,0.0,0.47700651977565883,0.47700651977565883,1.0,0.8,0.2,0.0,0.0,0.12059712139551348,0.12059712139551348,1.0,0.3869932825775793,0.242724982556505,0.34527225767351527,0.025009477192400344,0.2705031610644485,0.2705031610644485,1.0,0.5934966412887897,0.2213624912782525,0.17263612883675764,0.012504738596200172,0.0,0.0,1.0,0.32299348022434127,0.32258046170509397,0.28867493863123994,0.06575111943932495
153,0.47700651977565883,0.0,0.18424888056067512,98,37,0.0,0,0,150,0.32299348022434127,0.8,0.32258046170509397,0.2,0.28867493863123994,0.0,0.06575111943932495,0.0,0.47700651977565883,0.47700651977565883,1.0,0.8,0.2,0.0,0.0,0.12059712139551348,0.12059712139551348,1.0,0.3869932825775793,0.242724982556505,0.34527225767351527,0.025009477192400344,0.2705031610644485,0.2705031610644485,1.0,0.5934966412887897,0.2213624912782525,0.17263612883675764,0.012504738596200172,0.0,0.0,1.0,0.32299348022434127,0.32258046170509397,0.28867493863123994,0.06575111943932495
154,0.47700651977565883,0.0,0.18424888056067512,104,37,0.0,0,0,150,0.32299348022434127,0.8,0.32258046170509397,0.2,0.28867493863123994,0.0,0.06575111943932495,0.0,0.47700651977565883,0.47700651977565883,1.0,0.8,0.2,0.0,0.0,0.12059712139551348,0.12059712139551348,1.0,0.3869932825775793,0.242724982556505,0.34527225767351527,0.025009477192400344,0.2705031610644485,0.2705031610644485,1.0,0.5934966412887897,0.2213624912782525,0.17263612883675764,0.012504738596200172,0.0,0.0,1.0,0.32299348022434127,0.32258046170509397,0.28867493863123994,0.06575111943932495
155,0.47700651977565883,0.0,0.18424888056067512,104,37,0.0,0,0,150,0.32299348022434127,0.8,0.32258046170509397,0.2,0.28867493863123994,0.0,0.06575111943932495,0.0,0.47700651977565883,0.47700651977565883,1.0,0.8,0.2,0.0,0.0,0.12059712139551348,0.12059712139551348,1.0,0.3869932825775793,0.242724982556505,0.34527225767351527,0.025009477192400344,0.2705031610644485,0.2705031610644485,1.0,0.5934966412887897,0.2213624912782525,0.17263612883675764,0.012504738596200172,0.0,0.0,1.0,0.32299348022434127,0.32258046170509397,0.28867493863123994,0.06575111943932495
156,0.47700651977565883,0.0,0.18424888056067512,106,37,0.0,0,0,150,0.32299348022434127,0.8,0.32258046170509397,0.2,0.28867493863123994,0.0,0.06575111943932495,0.0,0.47700651977565883,0.47700651977565883,1.0,0.8,0.2,0.0,0.0,0.12059712139551348,0.12059712139551348,1.0,0.3869932825775793,0.242724982556505,0.34527225767351527,0.025009477192400344,0.2705031610644485,0.2705031610644485,1.0,0.5934966412887897,0.2213624912782525,0.17263612883675764,0.012504738596200172,0.0,0.0,1.0,0.32299348022434127,0.32258046170509397,0.28867493863123994,0.06575111943932495
157,0.47700651977565883,0.0,0.18424888056067512,110,37,0.0,0,0,150,0.32299348022434127,0.8,0.32258046170509397,0.2,0.28867493863123994,0.0,0.06575111943932495,0.0,0.47700651977565883,0.47700651977565883,1.0,0.8,0.2,0.0,0.0,0.12059712139551348,0.12059712139551348,1.0,0.3869932825775793,0.242724982556505,0.34527225767351527,0.025009477192400344,0.2705031610644485,0.2705031610644485,1.0,0.5934966412887897,0.2213624912782525,0.17263612883675764,0.012504738596200172,0.0,0.0,1.0,0.32299348022434127,0.32258046170509397,0.28867493863123994,0.06575111943932495
158,0.47700651977565883,0.0,0.18424888056067512,103,37,0.0,0,0,150,0.32299348022434127,0.8,0.32258046170509397,0.2,0.28867493863123994,0.0,0.06575111943932495,0.0,0.47700651977565883,0.47700651977565883,1.0,0.8,0.2,0.0,0.0,0.12059712139551348,0.12059712139551348,1.0,0.3869932825775793,0.242724982556505,0.34527225767351527,0.025009477192400344,0.2705031610644485,0.2705031610644485,1.0,0.5934966412887897,0.2213624912782525,0.17263612883675764,0.012504738596200172,0.0,0.0,1.0,0.32299348022434127,0.32258046170509397,0.28867493863123994,0.06575111943932495
159,0.47700651977565883,0.0,0.18424888056067512,116,37,0.0,0,0,150,0.32299348022434127,0.8,0.32258046170509397,0.2,0.28867493863123994,0.0,0.06575111943932495,0.0,0.47700651977565883,0.47700651977565883,1.0,0.8,0.2,0.0,0.0,0.12059712139551348,0.12059712139551348,1.0,0.3869932825775793,0.242724982556505,0.34527225767351527,0.025009477192400344,0.2705031610644485,0.2705031610644485,1.0,0.5934966412887897,0.2213624912782525,0.17263612883675764,0.012504738596200172,0.0,0.0,1.0,0.32299348022434127,0.32258046170509397,0.28867493863123994,0.06575111943932495
160,0.47700651977565883,0.0,0.18424888056067512,125,37,0.0,0,1,160,0.32299348022434127,0.8,0.32258046170509397,0.2,0.28867493863123994,0.0,0.06575111943932495,0.0,0.47700651977565883,0.47700651977565883,1.0,0.8,0.2,0.0,0.0,0.10551743951528361,0.10551743951528361,0.0,0.29439895815513784,0.33526630497288684,0.2117520211851597,0.15858271568681565,0.2377462372573106,0.2377462372573106,1.0,0.5471994790775689,0.2676331524864434,0.10587601059257985,0.07929135784340782,0.0,0.0,1.0,0.32299348022434127,0.32258046170509397,0.28867493863123994,0.06575111943932495
161,0.47700651977565883,0.0,0.18424888056067512,105,37,0.0,0,0,160,0.32299348022434127,0.8,0.32258046170509397,0.2,0.28867493863123994,0.0,0.06575111943932495,0.0,0.47700651977565883,0.47700651977565883,1.0,0.8,0.2,0.0,0.0,0.10551743951528361,0.10551743951528361,0.0,0.29439895815513784,0.33526630497288684,0.2117520211851597,0.15858271568681565,0.2377462372573106,0.2377462372573106,1.0,0.5471994790775689,0.2676331524864434,0.10587601059257985,0.07929135784340782,0.0,0.0,1.0,0.32299348022434127,0.32258046170509397,0.28867493863123994,0.06575111943932495
162,0.47700651977565883,0.0,0.18424888056067512,90,37,0.0,0,0,160,0.32299348022434127,0.8,0.32258046170509397,0.2,0.28867493863123994,0.0,0.06575111943932495,0.0,0.47700651977565883,0.47700651977565883,1.0,0.8,0.2,0.0,0.0,0.10551743951528361,0.10551743951528361,0.0,0.29439895815513784,0.33526630497288684,0.2117520211851597,0.15858271568681565,0.2377462372573106,0.2377462372573106,1.0,0.5471994790775689,0.2676331524864434,0.10587601059257985,0.07929135784340782,0.0,0.0,1.0,0.32299348022434127,0.32258046170509397,0.28867493863123994,0.06575111943932495
163,0.47700651977565883,0.0,0.18424888056067512,110,37,0.0,0,0,160,0.32299348022434127,0.8,0.32258046170509397,0.2,0.28867493863123994,0.0,0.06575111943932495,0.0,0.47700651977565883,0.47700651977565883,1.0,0.8,0.2,0.0,0.0,0.10551743951528361,0.10551743951528361,0.0,0.29439895815513784,0.33526630497288684,0.2117520211851597,0.15858271568681565,0.2377462372573106,0.2377462372573106,1.0,0.5471994790775689,0.2676331524864434,0.10587601059257985,0.07929135784340782,0.0,0.0,1.0,0.32299348022434127,0.32258046170509397,0.28867493863123994,0.06575111943932495
164,0.47700651977565883,0.0,0.18424888056067512,97,37,0.0,0,0,160,0.32299348022434127,0.8,0.32258046170509397,0.2,0.28867493863123994,0.0,0.06575111943932495,0.0,0.47700651977565883,0.47700651977565883,1.0,0.8,0.2,0.0,0.0,0.10551743951528361,0.10551743951528361,0.0,0.29439895815513784,0.33526630497288684,0.2117520211851597,0.15858271568681565,0.2377462372573106,0.2377462372573106,1.0,0.5471994790775689,0.2676331524864434,0.10587601059257985,0.07929135784340782,0.0,0.0,1.0,0.32299348022434127,0.32258046170509397,0.28867493863123994,0.06575111943932495
165,0.47700651977565883,0.0,0.18424888056067512,124,37,0.0,0,0,160,0.32299348022434127,0.8,0.32258046170509397,0.2,0.28867493863123994,0.0,0.06575111943932495,0.0,0.47700651977565883,0.47700651977565883,1.0,0.8,0.2,0.0,0.0,0.10551743951528361,0.10551743951528361,0.0,0.29439895815513784,0.33526630497288684,0.2117520211851597,0.15858271568681565,0.2377462372573106,0.2377462372573106,1.0,0.5471994790775689,0.2676331524864434,0.10587601059257985,0.07929135784340782,0.0,0.0,1.0,0.32299348022434127,0.32258046170509397,0.28867493863123994,0.06575111943932495
166,0.47700651977565883,0.0,0.18424888056067512,114,37,0.0,0,0,160,0.32299348022434127,0.8,0.32258046170509397,0.2,0.28867493863123994,0.0,0.06575111943932495,0.0,0.47700651977565883,0.47700651977565883,1.0,0.8,0.2,0.0,0.0,0.10551743951528361,0.10551743951528361,0.0,0.29439895815513784,0.33526630497288684,0.2117520211851597,0.15858271568681565,0.2377462372573106,0.2377462372573106,1.0,0.5471994790775689,0.2676331524864434,0.10587601059257985,0.07929135784340782,0.0,0.0,1.0,0.32299348022434127,0.32258046170509397,0.28867493863123994,0.06575111943932495
167,0.47700651977565883,0.0,0.18424888056067512,112,37,0.0,0,0,160,0.32299348022434127,0.8,0.32258046170509397,0.2,0.28867493863123994,0.0,0.06575111943932495,0.0,0.47700651977565883,0.47700651977565883,1.0,0.8,0.2,0.0,0.0,0.10551743951528361,0.10551743951528361,0.0,0.29439895815513784,0.33526630497288684,0.2117520211851597,0.15858271568681565,0.2377462372573106,0.2377462372573106,1.0,0.5471994790775689,0.2676331524864434,0.10587601059257985,0.07929135784340782,0.0,0.0,1.0,0.32299348022434127,0.32258046170509397,0.28867493863123994,0.06575111943932495
168,0.47700651977565883,0.0,0.18424888056067512,112,37,0.0,0,0,160,0.32299348022434127,0.8,0.32258046170509397,0.2,0.28867493863123994,0.0,0.06575111943932495,0.0,0.47700651977565883,0.47700651977565883,1.0,0.8,0.2,0.0,0.0,0.10551743951528361,0.10551743951528361,0.0,0.29439895815513784,0.33526630497288684,0.2117520211851597,0.15858271568681565,0.2377462372573106,0.2377462372573106,1.0,0.5471994790775689,0.2676331524864434,0.10587601059257985,0.07929135784340782,0.0,0.0,1.0,0.32299348022434127,0.32258046170509397,0.28867493863123994,0.06575111943932495
169,0.47700651977565883,0.0,0.18424888056067512,104,37,0.0,0,0,160,0.32299348022434127,0.8,0.32258046170509397,0.2,0.28867493863123994,0.0,0.06575111943932495,0.0,0.47700651977565883,0.47700651977565883,1.0,0.8,0.2,0.0,0.0,0.10551743951528361,0.10551743951528361,0.0,0.29439895815513784,0.33526630497288684,0.2117520211851597,0.15858271568681565,0.2377462372573106,0.2377462372573106,1.0,0.5471994790775689,0.2676331524864434,0.10587601059257985,0.07929135784340782,0.0,0.0,1.0,0.32299348022434127,0.32258046170509397,0.28867493863123994,0.06575111943932495
170,0.47700651977565883,0.0,0.18424888056067512,100,37,0.0,0,1,170,0.32299348022434127,0.8,0.32258046170509397,0.2,0.28867493863123994,0.0,0.06575111943932495,0.0,0.47700651977565883,0.47700651977565883,1.0,0.8,0.2,0.0,0.0,0.11391133884992288,0.11391133884992288,0.0,0.23938703500527317,0.36465926192606,0.25837004500038513,0.13758365806828174,0.19974074687311133,0.19974074687311133,1.0,0.5196935175026366,0.28232963096303,0.12918502250019256,0.06879182903414087,0.0,0.0,1.0,0.32299348022434127,0.32258046170509397,0.28867493863123994,0.06575111943932495
171,0.47700651977565883,0.0,0.18424888056067512,103,37,0.0,0,0,170,0.32299348022434127,0.8,0.32258046170509397,0.2,0.28867493863123994,0.0,0.06575111943932495,0.0,0.47700651977565883,0.47700651977565883,1.0,0.8,0.2,0.0,0.0,0.11391133884992288,0.11391133884992288,0.0,0.23938703500527317,0.36465926192606,0.25837004500038513,0.13758365806828174,0.19974074687311133,0.19974074687311133,1.0,0.5196935175026366,0.28232963096303,0.12918502250019256,0.06879182903414087,0.0,0.0,1.0,0.32299348022434127,0.32258046170509397,0.28867493863123994,0.06575111943932495
172,0.47700651977565883,0.0,0.18424888056067512,94,37,0.0,0,0,170,0.32299348022434127,0.8,0.32258046170509397,0.2,0.28867493863123994,0.0,0.06575111943932495,0.0,0.47700651977565883,0.47700651977565883,1.0,0.8,0.2,0.0,0.0,0.11391133884992288,0.11391133884992288,0.0,0.23938703500527317,0.36465926192606,0.25837004500038513,0.13758365806828174,0.19974074687311133,0.19974074687311133,1.0,0.5196935175026366,0.28232963096303,0.12918502250019256,0.06879182903414087,0.0,0.0,1.0,0.32299348022434127,0.32258046170509397,0.28867493863123994,0.06575111943932495
173,0.47700651977565883,0.0,0.18424888056067512,107,37,0.0,0,0,170,0.32299348022434127,0.8,0.32258046170509397,0.2,0.28867493863123994,0.0,0.06575111943932495,0.0,0.47700651977565883,0.47700651977565883,1.0,0.8,0.2,0.0,0.0,0.11391133884992288,0.11391133884992288,0.0,0.23938703500527317,0.36465926192606,0.25837004500038513,0.13758365806828174,0.19974074687311133,0.19974074687311133,1.0,0.5196935175026366,0.28232963096303,0.12918502250019256,0.06879182903414087,0.0,0.0,1.0,0.32299348022434127,0.32258046170509397,0.28867493863123994,0.06575111943932495
174,0.47700651977565883,0.0,0.18424888056067512,104,37,0.0,0,0,170,0.32299348022434127,0.8,0.32258046170509397,0.2,0.28867493863123994,0.0,0.06575111943932495,0.0,0.47700651977565883,0.47700651977565883,1.0,0.8,0.2,0.0,0.0,0.11391133884992288,0.11391133884992288,0.0,0.23938703500527317,0.36465926192606,0.25837004500038513,0.13758365806828174,0.19974074687311133,0.19974074687311133,1.0,0.5196935175026366,0.28232963096303,0.12918502250019256,0.06879182903414087,0.0,0.0,1.0,0.32299348022434127,0.32258046170509397,0.28867493863123994,0.06575111943932495
175,0.47700651977565883,0.0,0.18424888056067512,91,37,0.0,0,0,170,0.32299348022434127,0.8,0.32258046170509397,0.2,0.28867493863123994,0.0,0.06575111943932495,0.0,0.47700651977565883,0.47700651977565883,1.0,0.8,0.2,0.0,0.0,0.11391133884992288,0.11391133884992288,0.0,0.23938703500527317,0.36465926192606,0.25837004500038513,0.13758365806828174,0.19974074687311133,0.19974074687311133,1.0,0.5196935175026366,0.28232963096303,0.12918502250019256,0.06879182903414087,0.0,0.0,1.0,0.32299348022434127,0.32258046170509397,0.28867493863123994,0.06575111943932495
176,0.47700651977565883,0.0,0.18424888056067512,103,37,0.0,0,0,170,0.32299348022434127,0.8,0.32258046170509397,0.2,0.28867493863123994,0.0,0.06575111943932495,0.0,0.47700651977565883,0.47700651977565883,1.0,0.8,0.2,0.0,0.0,0.11391133884992288,0.11391133884992288,0.0,0.23938703500527317,0.36465926192606,0.25837004500038513,0.13758365806828174,0.19974074687311133,0.19974074687311133,1.0,0.5196935175026366,0.28232963096303,0.12918502250019256,0.06879182903414087,0.0,0.0,1.0,0.32299348022434127,0.32258046170509397,0.28867493863123994,0.06575111943932495
177,0.47700651977565883,0.0,0.18424888056067512,89,37,0.0,0,0,170,0.32299348022434127,0.8,0.32258046170509397,0.2,0.28867493863123994,0.0,0.06575111943932495,0.0,0.47700651977565883,0.47700651977565883,1.0,0.8,0.2,0.0,0.0,0.11391133884992288,0.11391133884992288,0.0,0.23938703500527317,0.36465926192606,0.25837004500038513,0.13758365806828174,0.19974074687311133,0.19974074687311133,1.0,0.5196935175026366,0.28232963096303,0.12918502250019256,0.06879182903414087,0.0,0.0,1.0,0.32299348022434127,0.32258046170509397,0.28867493863123994,0.06575111943932495
178,0.47700651977565883,0.0,0.18424888056067512,101,37,0.0,0,0,170,0.32299348022434127,0.8,0.32258046170509397,0.2,0.28867493863123994,0.0,0.06575111943932495,0.0,0.47700651977565883,0.47700651977565883,1.0,0.8,0.2,0.0,0.0,0.11391133884992288,0.11391133884992288,0.0,0.23938703500527317,0.36465926192606,0.25837004500038513,0.13758365806828174,0.19974074687311133,0.19974074687311133,1.0,0.5196935175026366,0.28232963096303,0.12918502250019256,0.06879182903414087,0.0,0.0,1.0,0.32299348022434127,0.32258046170509397,0.28867493863123994,0.06575111943932495
179,0.47700651977565883,0.0,0.18424888056067512,112,37,0.0,0,0,170,0.32299348022434127,0.8,0.32258046170509397,0.2,0.28867493863123994,0.0,0.06575111943932495,0.0,0.47700651977565883,0.47700651977565883,1.0,0.8,0.2,0.0,0.0,0.11391133884992288,0.11391133884992288,0.0,0.23938703500527317,0.36465926192606,0.25837004500038513,0.13758365806828174,0.19974074687311133,0.19974074687311133,1.0,0.5196935175026366,0.28232963096303,0.12918502250019256,0.06879182903414087,0.0,0.0,1.0,0.32299348022434127,0.32258046170509397,0.28867493863123994,0.06575111943932495
180,0.47700651977565883,0.0,0.18424888056067512,89,37,0.0,0,1,180,0.32299348022434127,0.8,0.32258046170509397,0.2,0.28867493863123994,0.0,0.06575111943932495,0.0,0.47700651977565883,0.47700651977565883,1.0,0.8,0.2,0.0,0.0,0.17317328002863333,0.17317328002863333,0.0,0.2635614461140265,0.24585960367926019,0.4618482186598732,0.028730731546840107,0.20878724283267208,0.20878724283267208,1.0,0.5317807230570133,0.2229298018396301,0.2309241093299366,0.014365365773420053,0.0,0.0,1.0,0.32299348022434127,0.32258046170509397,0.28867493863123994,0.06575111943932495
181,0.47700651977565883,0.0,0.18424888056067512,102,37,0.0,0,0,180,0.32299348022434127,0.8,0.32258046170509397,0.2,0.28867493863123994,0.0,0.06575111943932495,0.0,0.47700651977565883,0.47700651977565883,1.0,0.8,0.2,0.0,0.0,0.17317328002863333,0.17317328002863333,0.0,0.2635614461140265,0.24585960367926019,0.4618482186598732,0.028730731546840107,0.20878724283267208,0.20878724283267208,1.0,0.5317807230570133,0.2229298018396301,0.2309241093299366,0.014365365773420053,0.0,0.0,1.0,0.32299348022434127,0.32258046170509397,0.28867493863123994,0.06575111943932495
182,0.47700651977565883,0.0,0.18424888056067512,114,37,0.0,0,0,180,0.32299348022434127,0.8,0.32258046170509397,0.2,0.28867493863123994,0.0,0.06575111943932495,0.0,0.47700651977565883,0.47700651977565883,1.0,0.8,0.2,0.0,0.0,0.17317328002863333,0.17317328002863333,0.0,0.2635614461140265,0.24585960367926019,0.4618482186598732,0.028730731546840107,0.20878724283267208,0.20878724283267208,1.0,0.5317807230570133,0.2229298018396301,0.2309241093299366,0.014365365773420053,0.0,0.0,1.0,0.32299348022434127,0.32258046170509397,0.28867493863123994,0.06575111943932495
183,0.47700651977565883,0.0,0.18424888056067512,97,37,0.0,0,0,180,0.32299348022434127,0.8,0.32258046170509397,0.2,0.28867493863123994,0.0,0.06575111943932495,0.0,0.47700651977565883,0.47700651977565883,1.0,0.8,0.2,0.0,0.0,0.17317328002863333,0.17317328002863333,0.0,0.2635614461140265,0.24585960367926019,0.4618482186598732,0.028730731546840107,0.20878724283267208,0.20878724283267208,1.0,0.5317807230570133,0.2229298018396301,0.2309241093299366,0.014365365773420053,0.0,0.0,1.0,0.32299348022434127,0.32258046170509397,0.28867493863123994,0.06575111943932495
184,0.47700651977565883,0.0,0.18424888056067512,106,37,0.0,0,0,180,0.32299348022434127,0.8,0.32258046170509397,0.2,0.28867493863123994,0.0,0.06575111943932495,0.0,0.47700651977565883,0.47700651977565883,1.0,0.8,0.2,0.0,0.0,0.17317328002863333,0.17317328002863333,0.0,0.2635614461140265,0.24585960367926019,0.4618482186598732,0.028730731546840107,0.20878724283267208,0.20878724283267208,1.0,0.5317807230570133,0.2229298018396301,0.2309241093299366,0.014365365773420053,0.0,0.0,1.0,0.32299348022434127,0.32258046170509397,0.28867493863123994,0.06575111943932495
185,0.47700651977565883,0.0,0.18424888056067512,117,37,0.0,0,0,180,0.32299348022434127,0.8,0.32258046170509397,0.2,0.28867493863123994,0.0,0.06575111943932495,0.0,0.47700651977565883,0.47700651977565883,1.0,0.8,0.2,0.0,0.0,0.17317328002863333,0.17317328002863333,0.0,0.2635614461140265,0.24585960367926019,0.4618482186598732,0.028730731546840107,0.20878724283267208,0.20878724283267208,1.0,0.5317807230570133,0.2229298018396301,0.2309241093299366,0.014365365773420053,0.0,0.0,1.0,0.32299348022434127,0.32258046170509397,0.28867493863123994,0.06575111943932495
186,0.47700651977565883,0.0,0.18424888056067512,97,37,0.0,0,0,180,0.32299348022434127,0.8,0.32258046170509397,0.2,0.28867493863123994,0.0,0.06575111943932495,0.0,0.47700651977565883,0.47700651977565883,1.0,0.8,0.2,0.0,0.0,0.17317328002863333,0.17317328002863333,0.0,0.2635614461140265,0.24585960367926019,0.4618482186598732,0.028730731546840107,0.20878724283267208,0.20878724283267208,1.0,0.5317807230570133,0.2229298018396301,0.2309241093299366,0.014365365773420053,0.0,0.0,1.0,0.32299348022434127,0.32258046170509397,0.28867493863123994,0.06575111943932495
187,0.47700651977565883,0.0,0.18424888056067512,103,37,0.0,0,0,180,0.32299348022434127,0.8,0.32258046170509397,0.2,0.28867493863123994,0.0,0.06575111943932495,0.0,0.47700651977565883,0.47700651977565883,1.0,0.8,0.2,0.0,0.0,0.17317328002863333,0.17317328002863333,0.0,0.2635614461140265,0.24585960367926019,0.4618482186598732,0.028730731546840107,0.20878724283267208,0.20878724283267208,1.0,0.5317807230570133,0.2229298018396301,0.2309241093299366,0.014365365773420053,0.0,0.0,1.0,0.32299348022434127,0.32258046170509397,0.28867493863123994,0.06575111943932495
188,0.47700651977565883,0.0,0.18424888056067512,115,37,0.0,0,0,180,0.32299348022434127,0.8,0.32258046170509397,0.2,0.28867493863123994,0.0,0.06575111943932495,0.0,0.47700651977565883,0.47700651977565883,1.0,0.8,0.2,0.0,0.0,0.17317328002863333,0.17317328002863333,0.0,0.2635614461140265,0.24585960367926019,0.4618482186598732,0.028730731546840107,0.20878724283267208,0.20878724283267208,1.0,0.5317807230570133,0.2229298018396301,0.2309241093299366,0.014365365773420053,0.0,0.0,1.0,0.32299348022434127,0.32258046170509397,0.28867493863123994,0.06575111943932495
189,0.47700651977565883,0.0,0.18424888056067512,102,37,0.0,0,0,180,0.32299348022434127,0.8,0.32258046170509397,0.2,0.28867493863123994,0.0,0.06575111943932495,0.0,0.47700651977565883,0.47700651977565883,1.0,0.8,0.2,0.0,0.0,0.17317328002863333,0.17317328002863333,0.0,0.2635614461140265,0.24585960367926019,0.4618482186598732,0.028730731546840107,0.20878724283267208,0.20878724283267208,1.0,0.5317807230570133,0.2229298018396301,0.2309241093299366,0.014365365773420053,0.0,0.0,1.0,0.32299348022434127,0.32258046170509397,0.28867493863123994,0.06575111943932495
190,0.47700651977565883,0.0,0.18424888056067512,110,35,0.0,0,1,190,0.32299348022434127,0.8,0.32258046170509397,0.2,0.28867493863123994,0.0,0.06575111943932495,0.0,0.47700651977565883,0.47700651977565883,1.0,0.8,0.2,0.0,0.0,0.13820154316365665,0.13820154316365665,1.0,0.4339562711390492,0.3125917522012382,0.16046210497143906,0.09298987168827366,0.29398465534518337,0.29398465534518337,1.0,0.6169781355695246,0.2562958761006191,0.08023105248571953,0.04649493584413683,0.0,0.0,1.0,0.32299348022434127,0.32258046170509397,0.28867493863123994,0.06575111943932495
191,0.47700651977565883,0.0,0.18424888056067512,93,35,0.0,0,0,190,0.32299348022434127,0.8,0.32258046170509397,0.2,0.28867493863123994,0.0,0.06575111943932495,0.0,0.47700651977565883,0.47700651977565883,1.0,0.8,0.2,0.0,0.0,0.13820154316365665,0.13820154316365665,1.0,0.4339562711390492,0.3125917522012382,0.16046210497143906,0.09298987168827366,0.29398465534518337,0.29398465534518337,1.0,0.6169781355695246,0.2562958761006191,0.08023105248571953,0.04649493584413683,0.0,0.0,1.0,0.32299348022434127,0.32258046170509397,0.28867493863123994,0.06575111943932495
192,0.47700651977565883,0.0,0.18424888056067512,109,35,0.0,0,0,190,0.32299348022434127,0.8,0.32258046170509397,0.2,0.28867493863123994,0.0,0.06575111943932495,0.0,0.47700651977565883,0.47700651977565883,1.0,0.8,0.2,0.0,0.0,0.13820154316365665,0.13820154316365665,1.0,0.4339562711390492,0.3125917522012382,0.16046210497143906,0.09298987168827366,0.29398465534518337,0.29398465534518337,1.0,0.6169781355695246,0.2562958761006191,0.08023105248571953,0.04649493584413683,0.0,0.0,1.0,0.32299348022434127,0.32258046170509397,0.28867493863123994,0.06575111943932495
193,0.47700651977565883,0.0,0.18424888056067512,99,35,0.0,0,0,190,0.32299348022434127,0.8,0.32258046170509397,0.2,0.28867493863123994,0.0,0.06575111943932495,0.0,0.47700651977565883,0.47700651977565883,1.0,0.8,0.2,0.0,0.0,0.13820154316365665,0.13820154316365665,1.0,0.4339562711390492,0.3125917522012382,0.16046210497143906,0.09298987168827366,0.29398465534518337,0.29398465534518337,1.0,0.6169781355695246,0.2562958761006191,0.08023105248571953,0.04649493584413683,0.0,0.0,1.0,0.32299348022434127,0.32258046170509397,0.28867493863123994,0.06575111943932495
194,0.47700651977565883,0.0,0.18424888056067512,98,35,0.0,0,0,190,0.32299348022434127,0.8,0.32258046170509397,0.2,0.28867493863123994,0.0,0.06575111943932495,0.0,0.47700651977565883,0.47700651977565883,1.0,0.8,0.2,0.0,0.0,0.13820154316365665,0.13820154316365665,1.0,0.4339562711390492,0.3125917522012382,0.16046210497143906,0.09298987168827366,0.29398465534518337,0.29398465534518337,1.0,0.6169781355695246,0.2562958761006191,0.08023105248571953,0.04649493584413683,0.0,0.0,1.0,0.32299348022434127,0.32258046170509397,0.28867493863123994,0.06575111943932495
195,0.47700651977565883,0.0,0.18424888056067512,108,35,0.0,0,0,190,0.32299348022434127,0.8,0.32258046170509397,0.2,0.28867493863123994,0.0,0.06575111943932495,0.0,0.47700651977565883,0.47700651977565883,1.0,0.8,0.2,0.0,0.0,0.13820154316365665,0.13820154316365665,1.0,0.4339562711390492,0.3125917522012382,0.16046210497143906,0.09298987168827366,0.29398465534518337,0.29398465534518337,1.0,0.6169781355695246,0.2562958761006191,0.08023105248571953,0.04649493584413683,0.0,0.0,1.0,0.32299348022434127,0.32258046170509397,0.28867493863123994,0.06575111943932495
196,0.47700651977565883,0.0,0.18424888056067512,100,33,0.0,0,0,190,0.32299348022434127,0.8,0.32258046170509397,0.2,0.28867493863123994,0.0,0.06575111943932495,0.0,0.47700651977565883,0.47700651977565883,1.0,0.8,0.2,0.0,0.0,0.13820154316365665,0.13820154316365665,1.0,0.4339562711390492,0.3125917522012382,0.16046210497143906,0.09298987168827366,0.29398465534518337,0.29398465534518337,1.0,0.6169781355695246,0.2562958761006191,0.08023105248571953,0.04649493584413683,0.0,0.0,1.0,0.32299348022434127,0.32258046170509397,0.28867493863123994,0.06575111943932495
197,0.47700651977565883,0.0,0.18424888056067512,116,30,0.0,0,0,190,0.32299348022434127,0.8,0.32258046170509397,0.2,0.28867493863123994,0.0,0.06575111943932495,0.0,0.47700651977565883,0.47700651977565883,1.0,0.8,0.2,0.0,0.0,0.13820154316365665,0.13820154316365665,1.0,0.4339562711390492,0.3125917522012382,0.16046210497143906,0.09298987168827366,0.29398465534518337,0.29398465534518337,1.0,0.6169781355695246,0.2562958761006191,0.08023105248571953,0.04649493584413683,0.0,0.0,1.0,0.32299348022434127,0.32258046170509397,0.28867493863123994,0.06575111943932495
198,0.3403398531089922,0.0,0.18424888056067512,110,27,0.0,0,0,190,0.32299348022434127,0.6633333333333333,0.32258046170509397,0.26,0.28867493863123994,0.06666666666666667,0.06575111943932495,0.01,0.47700651977565883,0.47700651977565883,1.0,0.8,0.2,0.0,0.0,0.13820154316365665,0.13820154316365665,1.0,0.4339562711390492,0.3125917522012382,0.16046210497143906,0.09298987168827366,0.29398465534518337,0.29398465534518337,1.0,0.6169781355695246,0.2562958761006191,0.08023105248571953,0.04649493584413683,0.0,0.0,1.0,0.32299348022434127,0.32258046170509397,0.28867493863123994,0.06575111943932495
199,0.26367318644232546,0.0,0.18424888056067512,85,24,0.0,0,0,190,0.32299348022434127,0.5866666666666667,0.32258046170509397,0.235,0.28867493863123994,0.16,0.06575111943932495,0.018333333333333333,0.47700651977565883,0.47700651977565883,1.0,0.8,0.2,0.0,0.0,0.13820154316365665,0.13820154316365665,1.0,0.4339562711390492,0.3125917522012382,0.16046210497143906,0.09298987168827366,0.29398465534518337,0.29398465534518337,1.0,0.6169781355695246,0.2562958761006191,0.08023105248571953,0.04649493584413683,0.0,0.0,1.0,0.32299348022434127,0.32258046170509397,0.28867493863123994,0.06575111943932495
200,0.5195887336696672,0.0,0.18424888056067512,84,23,0.0,0,1,200,0.32299348022434127,0.61,0.32258046170509397,0.01,0.28867493863123994,0.08166666666666667,0.06575111943932495,0.29833333333333334,0.4500065197756588,0.4500065197756588,1.0,0.773,0.19525,0.015416666666666667,0.01633333333333333,0.012718513007868297,0.012718513007868297,0.0,0.32329382656148087,0.326744639081287,0.29692892792577563,0.05303260643145666,0.22515343305639918,0.22515343305639918,1.0,0.5481469132807404,0.2609973195406435,0.15617279729622116,0.034682969882395,0.0,0.0,1.0,0.32299348022434127,0.32258046170509397,0.28867493863123994,0.06575111943932495
201,0.5545887336696672,0.0,0.18424888056067512,97,26,0.0,0,0,200,0.32299348022434127,0.6433333333333333,0.32258046170509397,0.0,0.28867493863123994,0.056666666666666664,0.06575111943932495,0.3,0.4500065197756588,0.4500065197756588,1.0,0.773,0.19525,0.015416666666666667,0.01633333333333333,0.012718513007868297,0.012718513007868297,0.0,0.32329382656148087,0.326744639081287,0.29692892792577563,0.05303260643145666,0.22515343305639918,0.22515343305639918,1.0,0.5481469132807404,0.2609973195406435,0.15617279729622116,0.034682969882395,0.0,0.0,1.0,0.32299348022434127,0.32258046170509397,0.28867493863123994,0.06575111943932495
202,0.5729220670030005,0.0,0.18424888056067512,81,28,0.0,0,0,200,0.32299348022434127,0.6716666666666666,0.32258046170509397,0.0,0.28867493863123994,0.03833333333333333,0.06575111943932495,0.29,0.4500065197756588,0.4500065197756588,1.0,0.773,0.19525,0.015416666666666667,0.01633333333333333,0.012718513007868297,0.012718513007868297,0.0,0.32329382656148087,0.326744639081287,0.29692892792577563,0.05303260643145666,0.22515343305639918,0.22515343305639918,1.0,0.5481469132807404,0.2609973195406435,0.15617279729622116,0.034682969882395,0.0,0.0,1.0,0.32299348022434127,0.32258046170509397,0.28867493863123994,0.06575111943932495
203,0.5812554003363338,0.0,0.18424888056067512,81,31,0.0,0,0,200,0.32299348022434127,0.68,0.32258046170509397,0.0,0.28867493863123994,0.03,0.06575111943932495,0.29,0.4500065197756588,0.4500065197756588,1.0,0.773,0.19525,0.015416666666666667,0.01633333333333333,0.012718513007868297,0.012718513007868297,0.0,0.32329382656148087,0.326744639081287,0.29692892792577563,0.05303260643145666,0.22515343305639918,0.22515343305639918,1.0,0.5481469132807404,0.2609973195406435,0.15617279729622116,0.034682969882395,0.0,0.0,1.0,0.32299348022434127,0.32258046170509397,0.28867493863123994,0.06575111943932495
204,0.6012554003363337,0.0,0.18424888056067512,92,31,0.0,0,0,200,0.32299348022434127,0.7333333333333333,0.32258046170509397,0.0,0.28867493863123994,0.01,0.06575111943932495,0.25666666666666665,0.4500065197756588,0.4500065197756588,1.0,0.773,0.19525,0.015416666666666667,0.01633333333333333,0.012718513007868297,0.012718513007868297,0.0,0.32329382656148087,0.326744639081287,0.29692892792577563,0.05303260643145666,0.22515343305639918,0.22515343305639918,1.0,0.5481469132807404,0.2609973195406435,0.15617279729622116,0.034682969882395,0.0,0.0,1.0,0.32299348022434127,0.32258046170509397,0.28867493863123994,0.06575111943932495
205,0.6095887336696671,0.0,0.18424888056067512,99,31,0.0,0,0,200,0.32299348022434127,0.7383333333333333,0.32258046170509397,0.0,0.28867493863123994,0.0016666666666666668,0.06575111943932495,0.26,0.4500065197756588,0.4500065197756588,1.0,0.773,0.19525,0.015416666666666667,0.01633333333333333,0.012718513007868297,0.012718513007868297,0.0,0.32329382656148087,0.326744639081287,0.29692892792577563,0.05303260643145666,0.22515343305639918,0.22515343305639918,1.0,0.5481469132807404,0.2609973195406435,0.15617279729622116,0.034682969882395,0.0,0.0,1.0,0.32299348022434127,0.32258046170509397,0.28867493863123994,0.06575111943932495
206,0.6112554003363339,0.0,0.18424888056067512,98,31,0.0,0,0,200,0.32299348022434127,0.755,0.32258046170509397,0.0,0.28867493863123994,0.0,0.06575111943932495,0.245,0.4500065197756588,0.4500065197756588,1.0,0.773,0.19525,0.015416666666666667,0.01633333333333333,0.012718513007868297,0.012718513007868297,0.0,0.32329382656148087,0.326744639081287,0.29692892792577563,0.05303260643145666,0.22515343305639918,0.22515343305639918,1.0,0.5481469132807404,0.2609973195406435,0.15617279729622116,0.034682969882395,0.0,0.0,1.0,0.32299348022434127,0.32258046170509397,0.28867493863123994,0.06575111943932495
207,0.6112554003363337,0.0,0.18424888056067512,88,31,0.0,0,0,200,0.32299348022434127,0.7633333333333333,0.32258046170509397,0.0,0.28867493863123994,0.0,0.06575111943932495,0.23666666666666666,0.4500065197756588,0.4500065197756588,1.0,0.773,0.19525,0.015416666666666667,0.01633333333333333,0.012718513007868297,0.012718513007868297,0.0,0.32329382656148087,0.326744639081287,0.29692892792577563,0.05303260643145666,0.22515343305639918,0.22515343305639918,1.0,0.5481469132807404,0.2609973195406435,0.15617279729622116,0.034682969882395,0.0,0.0,1.0,0.32299348022434127,0.32258046170509397,0.28867493863123994,0.06575111943932495
208,0.6112554003363337,0.0,0.18424888056067512,85,31,0.0,0,0,200,0.32299348022434127,0.7733333333333333,0.32258046170509397,0.0,0.28867493863123994,0.0,0.06575111943932495,0.22666666666666666,0.4500065197756588,0.4500065197756588,1.0,0.773,0.19525,0.015416666666666667,0.01633333333333333,0.012718513007868297,0.012718513007868297,0.0,0.32329382656148087,0.326744639081287,0.29692892792577563,0.05303260643145666,0.22515343305639918,0.22515343305639918,1.0,0.5481469132807404,0.2609973195406435,0.15617279729622116,0.034682969882395,0.0,0.0,1.0,0.32299348022434127,0.32258046170509397,0.28867493863123994,0.06575111943932495
209,0.6112554003363339,0.0,0.18424888056067512,98,31,0.0,0,0,200,0.32299348022434127,0.7766666666666666,0.32258046170509397,0.0,0.28867493863123994,0.0,0.06575111943932495,0.22333333333333333,0.4500065197756588,0.4500065197756588,1.0,0.773,0.19525,0.015416666666666667,0.01633333333333333,0.012718513007868297,0.012718513007868297,0.0,0.32329382656148087,0.326744639081287,0.29692892792577563,0.05303260643145666,0.22515343305639918,0.22515343305639918,1.0,0.5481469132807404,0.2609973195406435,0.15617279729622116,0.034682969882395,0.0,0.0,1.0,0.32299348022434127,0.32258046170509397,0.28867493863123994,0.06575111943932495
210,0.6112554003363339,0.0,0.18424888056067512,111,31,0.0,0,1,210,0.32299348022434127,0.7783333333333333,0.32258046170509397,0.0,0.28867493863123994,0.0,0.06575111943932495,0.22166666666666668,0.49375540033633386,0.49375540033633386,1.0,0.7386666666666667,0.09525,0.02225,0.14383333333333334,0.07770992616295974,0.07770992616295974,0.0,0.2723909838066178,0.3561513288781429,0.2615675088860036,0.10989017842923572,0.24364598145426059,0.24364598145426059,1.0,0.5055288252366422,0.22570066443907144,0.1419087544430018,0.12686175588128454,0.0,0.0,1.0,0.32299348022434127,0.32258046170509397,0.28867493863123994,0.06575111943932495
211,0.6112554003363337,0.0,0.18424888056067512,109,31,0.0,0,0,210,0.32299348022434127,0.7816666666666666,0.32258046170509397,0.0,0.28867493863123994,0.0,0.06575111943932495,0.21833333333333332,0.49375540033633386,0.49375540033633386,1.0,0.7386666666666667,0.09525,0.02225,0.14383333333333334,0.07770992616295974,0.07770992616295974,0.0,0.2723909838066178,0.3561513288781429,0.2615675088860036,0.10989017842923572,0.24364598145426059,0.24364598145426059,1.0,0.5055288252366422,0.22570066443907144,0.1419087544430018,0.12686175588128454,0.0,0.0,1.0,0.32299348022434127,0.32258046170509397,0.28867493863123994,0.06575111943932495
212,0.6112554003363337,0.0,0.18424888056067512,95,31,0.0,0,0,210,0.32299348022434127,0.7816666666666666,0.32258046170509397,0.0,0.28867493863123994,0.0,0.06575111943932495,0.21833333333333332,0.49375540033633386,0.49375540033633386,1.0,0.7386666666666667,0.09525,0.02225,0.14383333333333334,0.07770992616295974,0.07770992616295974,0.0,0.2723909838066178,0.3561513288781429,0.2615675088860036,0.10989017842923572,0.24364598145426059,0.24364598145426059,1.0,0.5055288252366422,0.22570066443907144,0.1419087544430018,0.12686175588128454,0.0,0.0,1.0,0.32299348022434127,0.32258046170509397,0.28867493863123994,0.06575111943932495
213,0.6112554003363339,0.0,0.18424888056067512,116,31,0.0,0,0,210,0.32299348022434127,0.7883333333333333,0.32258046170509397,0.0,0.28867493863123994,0.0,0.06575111943932495,0.21166666666666667,0.49375540033633386,0.49375540033633386,1.0,0.7386666666666667,0.09525,0.02225,0.14383333333333334,0.07770992616295974,0.07770992616295974,0.0,0.2723909838066178,0.3561513288781429,0.2615675088860036,0.10989017842923572,0.24364598145426059,0.24364598145426059,1.0,0.5055288252366422,0.22570066443907144,0.1419087544430018,0.12686175588128454,0.0,0.0,1.0,0.32299348022434127,0.32258046170509397,0.28867493863123994,0.06575111943932495
214,0.6112554003363339,0.0,0.18424888056067512,88,31,0.0,0,0,210,0.32299348022434127,0.79,0.32258046170509397,0.0,0.28867493863123994,0.0,0.06575111943932495,0.21,0.49375540033633386,0.49375540033633386,1.0,0.7386666666666667,0.09525,0.02225,0.14383333333333334,0.07770992616295974,0.07770992616295974,0.0,0.2723909838066178,0.3561513288781429,0.2615675088860036,0.10989017842923572,0.24364598145426059,0.24364598145426059,1.0,0.5055288252366422,0.22570066443907144,0.1419087544430018,0.12686175588128454,0.0,0.0,1.0,0.32299348022434127,0.32258046170509397,0.28867493863123994,0.06575111943932495
215,0.6112554003363337,0.0,0.18424888056067512,104,31,0.0,0,0,210,0.32299348022434127,0.7916666666666666,0.32258046170509397,0.0,0.28867493863123994,0.0,0.06575111943932495,0.20833333333333334,0.49375540033633386,0.49375540033633386,1.0,0.7386666666666667,0.09525,0.02225,0.14383333333333334,0.07770992616295974,0.07770992616295974,0.0,0.2723909838066178,0.3561513288781429,0.2615675088860036,0.10989017842923572,0.24364598145426059,0.24364598145426059,1.0,0.5055288252366422,0.22570066443907144,0.1419087544430018,0.12686175588128454,0.0,0.0,1.0,0.32299348022434127,0.32258046170509397,0.28867493863123994,0.06575111943932495
216,0.6112554003363337,0.0,0.18424888056067512,109,31,0.0,0,0,210,0.32299348022434127,0.7916666666666666,0.32258046170509397,0.0,0.28867493863123994,0.0,0.06575111943932495,0.20833333333333334,0.49375540033633386,0.49375540033633386,1.0,0.7386666666666667,0.09525,0.02225,0.14383333333333334,0.07770992616295974,0.07770992616295974,0.0,0.2723909838066178,0.3561513288781429,0.2615675088860036,0.10989017842923572,0.24364598145426059,0.24364598145426059,1.0,0.5055288252366422,0.22570066443907144,0.1419087544430018,0.12686175588128454,0.0,0.0,1.0,0.32299348022434127,0.32258046170509397,0.28867493863123994,0.06575111943932495
217,0.6112554003363337,0.0,0.18424888056067512,87,31,0.0,0,0,210,0.32299348022434127,0.7916666666666666,0.32258046170509397,0.0,0.28867493863123994,0.0,0.06575111943932495,0.20833333333333334,0.49375540033633386,0.49375540033633386,1.0,0.7386666666666667,0.09525,0.02225,0.14383333333333334,0.07770992616295974,0.07770992616295974,0.0,0.2723909838066178,0.3561513288781429,0.2615675088860036,0.10989017842923572,0.24364598145426059,0.24364598145426059,1.0,0.5055288252366422,0.22570066443907144,0.1419087544430018,0.12686175588128454,0.0,0.0,1.0,0.32299348022434127,0.32258046170509397,0.28867493863123994,0.06575111943932495
218,0.6112554003363337,0.0,0.18424888056067512,94,31,0.0,0,0,210,0.32299348022434127,0.7916666666666666,0.32258046170509397,0.0,0.28867493863123994,0.0,0.06575111943932495,0.20833333333333334,0.49375540033633386,0.49375540033633386,1.0,0.7386666666666667,0.09525,0.02225,0.14383333333333334,0.07770992616295974,0.07770992616295974,0.0,0.2723909838066178,0.3561513288781429,0.2615675088860036,0.10989017842923572,0.24364598145426059,0.24364598145426059,1.0,0.5055288252366422,0.22570066443907144,0.1419087544430018,0.12686175588128454,0.0,0.0,1.0,0.32299348022434127,0.32258046170509397,0.28867493863123994,0.06575111943932495
219,0.6112554003363337,0.0,0.18424888056067512,83,31,0.0,0,0,210,0.32299348022434127,0.7916666666666666,0.32258046170509397,0.0,0.28867493863123994,0.0,0.06575111943932495,0.20833333333333334,0.49375540033633386,0.49375540033633386,1.0,0.7386666666666667,0.09525,0.02225,0.14383333333333334,0.07770992616295974,0.07770992616295974,0.0,0.2723909838066178,0.3561513288781429,0.2615675088860036,0.10989017842923572,0.24364598145426059,0.24364598145426059,1.0,0.5055288252366422,0.22570066443907144,0.1419087544430018,0.12686175588128454,0.0,0.0,1.0,0.32299348022434127,0.32258046170509397,0.28867493863123994,0.06575111943932495
220,0.6112554003363337,0.0,0.18424888056067512,93,31,0.0,0,1,220,0.32299348022434127,0.7916666666666666,0.32258046170509397,0.0,0.28867493863123994,0.0,0.06575111943932495,0.20833333333333334,0.6044220670030004,0.6044220670030004,1.0,0.76025,0.0,0.006833333333333334,0.23291666666666666,0.13708598159246757,0.13708598159246757,0.0,0.250572188006205,0.2579157723307626,0.33451233738365466,0.1569997022793778,0.31162467881245853,0.31162467881245853,1.0,0.5054110940031025,0.1289578861653813,0.170672835358494,0.1949581844730222,0.0,0.0,1.0,0.32299348022434127,0.32258046170509397,0.28867493863123994,0.06575111943932495
221,0.6112554003363337,0.0,0.18424888056067512,82,31,0.0,0,0,220,0.32299348022434127,0.7916666666666666,0.32258046170509397,0.0,0.28867493863123994,0.0,0.06575111943932495,0.20833333333333334,0.6044220670030004,0.6044220670030004,1.0,0.76025,0.0,0.006833333333333334,0.23291666666666666,0.13708598159246757,0.13708598159246757,0.0,0.250572188006205,0.2579157723307626,0.33451233738365466,0.1569997022793778,0.31162467881245853,0.31162467881245853,1.0,0.5054110940031025,0.1289578861653813,0.170672835358494,0.1949581844730222,0.0,0.0,1.0,0.32299348022434127,0.32258046170509397,0.28867493863123994,0.06575111943932495
222,0.6112554003363337,0.0,0.18424888056067512,104,31,0.0,0,0,220,0.32299348022434127,0.7916666666666666,0.32258046170509397,0.0,0.28867493863123994,0.0,0.06575111943932495,0.20833333333333334,0.6044220670030004,0.6044220670030004,1.0,0.76025,0.0,0.006833333333333334,0.23291666666666666,0.13708598159246757,0.13708598159246757,0.0,0.250572188006205,0.2579157723307626,0.33451233738365466,0.1569997022793778,0.31162467881245853,0.31162467881245853,1.0,0.5054110940031025,0.1289578861653813,0.170672835358494,0.1949581844730222,0.0,0.0,1.0,0.32299348022434127,0.32258046170509397,0.28867493863123994,0.06575111943932495
223,0.6112554003363337,0.0,0.18424888056067512,116,31,0.0,0,0,220,0.32299348022434127,0.7916666666666666,0.32258046170509397,0.0,0.28867493863123994,0.0,0.06575111943932495,0.20833333333333334,0.6044220670030004,0.6044220670030004,1.0,0.76025,0.0,0.006833333333333334,0.23291666666666666,0.13708598159246757,0.13708598159246757,0.0,0.250572188006205,0.2579157723307626,0.33451233738365466,0.1569997022793778,0.31162467881245853,0.31162467881245853,1.0,0.5054110940031025,0.1289578861653813,0.170672835358494,0.1949581844730222,0.0,0.0,1.0,0.32299348022434127,0.32258046170509397,0.28867493863123994,0.06575111943932495
224,0.6112554003363337,0.0,0.18424888056067512,93,31,0.0,0,0,220,0.32299348022434127,0.7916666666666666,0.32258046170509397,0.0,0.28867493863123994,0.0,0.06575111943932495,0.20833333333333334,0.6044220670030004,0.6044220670030004,1.0,0.76025,0.0,0.006833333333333334,0.23291666666666666,0.13708598159246757,0.13708598159246757,0.0,0.250572188006205,0.2579157723307626,0.33451233738365466,0.1569997022793778,0.31162467881245853,0.31162467881245853,1.0,0.5054110940031025,0.1289578861653813,0.170672835358494,0.1949581844730222,0.0,0.0,1.0,0.32299348022434127,0.32258046170509397,0.28867493863123994,0.06575111943932495
225,0.6112554003363339,0.0,0.18424888056067512,118,31,0.0,0,0,220,0.32299348022434127,0.7933333333333333,0.32258046170509397,0.0,0.28867493863123994,0.0,0.06575111943932495,0.20666666666666667,0.6044220670030004,0.6044220670030004,1.0,0.76025,0.0,0.006833333333333334,0.23291666666666666,0.13708598159246757,0.13708598159246757,0.0,0.250572188006205,0.2579157723307626,0.33451233738365466,0.1569997022793778,0.31162467881245853,0.31162467881245853,1.0,0.5054110940031025,0.1289578861653813,0.170672835358494,0.1949581844730222,0.0,0.0,1.0,0.32299348022434127,0.32258046170509397,0.28867493863123994,0.06575111943932495
226,0.6112554003363339,0.0,0.18424888056067512,104,31,0.0,0,0,220,0.32299348022434127,0.795,0.32258046170509397,0.0,0.28867493863123994,0.0,0.06575111943932495,0.205,0.6044220670030004,0.6044220670030004,1.0,0.76025,0.0,0.006833333333333334,0.23291666666666666,0.13708598159246757,0.13708598159246757,0.0,0.250572188006205,0.2579157723307626,0.33451233738365466,0.1569997022793778,0.31162467881245853,0.31162467881245853,1.0,0.5054110940031025,0.1289578861653813,0.170672835358494,0.1949581844730222,0.0,0.0,1.0,0.32299348022434127,0.32258046170509397,0.28867493863123994,0.06575111943932495
227,0.6112554003363339,0.0,0.18424888056067512,94,31,0.0,0,0,220,0.32299348022434127,0.795,0.32258046170509397,0.0,0.28867493863123994,0.0,0.06575111943932495,0.205,0.6044220670030004,0.6044220670030004,1.0,0.76025,0.0,0.006833333333333334,0.23291666666666666,0.13708598159246757,0.13708598159246757,0.0,0.250572188006205,0.2579157723307626,0.33451233738365466,0.1569997022793778,0.31162467881245853,0.31162467881245853,1.0,0.5054110940031025,0.1289578861653813,0.170672835358494,0.1949581844730222,0.0,0.0,1.0,0.32299348022434127,0.32258046170509397,0.28867493863123994,0.06575111943932495
228,0.6112554003363339,0.0,0.18424888056067512,101,31,0.0,0,0,220,0.32299348022434127,0.795,0.32258046170509397,0.0,0.28867493863123994,0.0,0.06575111943932495,0.205,0.6044220670030004,0.6044220670030004,1.0,0.76025,0.0,0.006833333333333334,0.23291666666666666,0.13708598159246757,0.13708598159246757,0.0,0.250572188006205,0.2579157723307626,0.33451233738365466,0.1569997022793778,0.31162467881245853,0.31162467881245853,1.0,0.5054110940031025,0.1289578861653813,0.170672835358494,0.1949581844730222,0.0,0.0,1.0,0.32299348022434127,0.32258046170509397,0.28867493863123994,0.06575111943932495
229,0.6112554003363339,0.0,0.18424888056067512,100,31,0.0,0,0,220,0.32299348022434127,0.795,0.32258046170509397,0.0,0.28867493863123994,0.0,0.06575111943932495,0.205,0.6044220670030004,0.6044220670030004,1.0,0.76025,0.0,0.006833333333333334,0.23291666666666666,0.13708598159246757,0.13708598159246757,0.0,0.250572188006205,0.2579157723307626,0.33451233738365466,0.1569997022793778,0.31162467881245853,0.31162467881245853,1.0,0.5054110940031025,0.1289578861653813,0.170672835358494,0.1949581844730222,0.0,0.0,1.0,0.32299348022434127,0.32258046170509397,0.28867493863123994,0.06575111943932495
230,0.6112554003363339,0.0,0.18424888056067512,97,31,0.0,0,1,230,0.32299348022434127,0.795,0.32258046170509397,0.0,0.28867493863123994,0.0,0.06575111943932495,0.205,0.6112554003363339,0.6112554003363339,1.0,0.7913333333333333,0.0,0.0,0.20866666666666667,0.07991583213260207,0.07991583213260207,0.0,0.3572098460572506,0.36511898518472674,0.20875910649863785,0.06891206225938491,0.32431635449465157,0.32431635449465157,1.0,0.5742715896952919,0.18255949259236337,0.10437955324931893,0.13878936446302578,0.0,0.0,1.0,0.32299348022434127,0.32258046170509397,0.28867493863123994,0.06575111943932495
231,0.6112554003363339,0.0,0.18424888056067512,91,31,0.0,0,0,230,0.32299348022434127,0.795,0.32258046170509397,0.0,0.28867493863123994,0.0,0.06575111943932495,0.205,0.6112554003363339,0.6112554003363339,1.0,0.7913333333333333,0.0,0.0,0.20866666666666667,0.07991583213260207,0.07991583213260207,0.0,0.3572098460572506,0.36511898518472674,0.20875910649863785,0.06891206225938491,0.32431635449465157,0.32431635449465157,1.0,0.5742715896952919,0.18255949259236337,0.10437955324931893,0.13878936446302578,0.0,0.0,1.0,0.32299348022434127,0.32258046170509397,0.28867493863123994,0.06575111943932495
232,0.6112554003363339,0.0,0.18424888056067512,95,31,0.0,0,0,230,0.32299348022434127,0.795,0.32258046170509397,0.0,0.28867493863123994,0.0,0.06575111943932495,0.205,0.6112554003363339,0.6112554003363339,1.0,0.7913333333333333,0.0,0.0,0.20866666666666667,0.07991583213260207,0.07991583213260207,0.0,0.3572098460572506,0.36511898518472674,0.20875910649863785,0.06891206225938491,0.32431635449465157,0.32431635449465157,1.0,0.5742715896952919,0.18255949259236337,0.10437955324931893,0.13878936446302578,0.0,0.0,1.0,0.32299348022434127,0.32258046170509397,0.28867493863123994,0.06575111943932495
233,0.6112554003363339,0.0,0.18424888056067512,79,31,0.0,0,0,230,0.32299348022434127,0.795,0.32258046170509397,0.0,0.28867493863123994,0.0,0.06575111943932495,0.205,0.6112554003363339,0.6112554003363339,1.0,0.7913333333333333,0.0,0.0,0.20866666666666667,0.07991583213260207,0.07991583213260207,0.0,0.3572098460572506,0.36511898518472674,0.20875910649863785,0.06891206225938491,0.32431635449465157,0.32431635449465157,1.0,0.5742715896952919,0.18255949259236337,0.10437955324931893,0.13878936446302578,0.0,0.0,1.0,0.32299348022434127,0.32258046170509397,0.28867493863123994,0.06575111943932495
234,0.6112554003363339,0.0,0.18424888056067512,90,31,0.0,0,0,230,0.32299348022434127,0.795,0.32258046170509397,0.0,0.28867493863123994,0.0,0.06575111943932495,0.205,0.6112554003363339,0.6112554003363339,1.0,0.7913333333333333,0.0,0.0,0.20866666666666667,0.07991583213260207,0.07991583213260207,0.0,0.3572098460572506,0.36511898518472674,0.20875910649863785,0.06891206225938491,0.32431635449465157,0.32431635449465157,1.0,0.5742715896952919,0.18255949259236337,0.10437955324931893,0.13878936446302578,0.0,0.0,1.0,0.32299348022434127,0.32258046170509397,0.28867493863123994,0.06575111943932495
235,0.6112554003363339,0.0,0.18424888056067512,94,31,0.0,0,0,230,0.32299348022434127,0.795,0.32258046170509397,0.0,0.28867493863123994,0.0,0.06575111943932495,0.205,0.6112554003363339,0.6112554003363339,1.0,0.7913333333333333,0.0,0.0,0.20866666666666667,0.07991583213260207,0.07991583213260207,0.0,0.3572098460572506,0.36511898518472674,0.20875910649863785,0.06891206225938491,0.32431635449465157,0.32431635449465157,1.0,0.5742715896952919,0.18255949259236337,0.10437955324931893,0.13878936446302578,0.0,0.0,1.0,0.32299348022434127,0.32258046170509397,0.28867493863123994,0.06575111943932495
236,0.6112554003363339,0.0,0.18424888056067512,104,31,0.0,0,0,230,0.32299348022434127,0.7966666666666666,0.32258046170509397,0.0,0.28867493863123994,0.0,0.06575111943932495,0.20333333333333334,0.6112554003363339,0.6112554003363339,1.0,0.7913333333333333,0.0,0.0,0.20866666666666667,0.07991583213260207,0.07991583213260207,0.0,0.3572098460572506,0.36511898518472674,0.20875910649863785,0.06891206225938491,0.32431635449465157,0.32431635449465157,1.0,0.5742715896952919,0.18255949259236337,0.10437955324931893,0.13878936446302578,0.0,0.0,1.0,0.32299348022434127,0.32258046170509397,0.28867493863123994,0.06575111943932495
237,0.6112554003363339,0.0,0.18424888056067512,108,31,0.0,0,0,230,0.32299348022434127,0.7983333333333333,0.32258046170509397,0.0,0.28867493863123994,0.0,0.06575111943932495,0.20166666666666666,0.6112554003363339,0.6112554003363339,1.0,0.7913333333333333,0.0,0.0,0.20866666666666667,0.07991583213260207,0.07991583213260207,0.0,0.3572098460572506,0.36511898518472674,0.20875910649863785,0.06891206225938491,0.32431635449465157,0.32431635449465157,1.0,0.5742715896952919,0.18255949259236337,0.10437955324931893,0.13878936446302578,0.0,0.0,1.0,0.32299348022434127,0.32258046170509397,0.28867493863123994,0.06575111943932495
238,0.6112554003363339,0.0,0.18424888056067512,88,31,0.0,0,0,230,0.32299348022434127,0.7983333333333333,0.32258046170509397,0.0,0.28867493863123994,0.0,0.06575111943932495,0.20166666666666666,0.6112554003363339,0.6112554003363339,1.0,0.7913333333333333,0.0,0.0,0.20866666666666667,0.07991583213260207,0.07991583213260207,0.0,0.3572098460572506,0.36511898518472674,0.20875910649863785,0.06891206225938491,0.32431635449465157,0.32431635449465157,1.0,0.5742715896952919,0.18255949259236337,0.10437955324931893,0.13878936446302578,0.0,0.0,1.0,0.32299348022434127,0.32258046170509397,0.28867493863123994,0.06575111943932495
239,0.6112554003363339,0.0,0.18424888056067512,90,31,0.0,0,0,230,0.32299348022434127,0.7983333333333333,0.32258046170509397,0.0,0.28867493863123994,0.0,0.06575111943932495,0.20166666666666666,0.6112554003363339,0.6112554003363339,1.0,0.7913333333333333,0.0,0.0,0.20866666666666667,0.07991583213260207,0.07991583213260207,0.0,0.3572098460572506,0.36511898518472674,0.20875910649863785,0.06891206225938491,0.32431635449465157,0.32431635449465157,1.0,0.5742715896952919,0.18255949259236337,0.10437955324931893,0.13878936446302578,0.0,0.0,1.0,0.32299348022434127,0.32258046170509397,0.28867493863123994,0.06575111943932495
