step,attention_error,preference_change,uniform_prior_error,interactions,pool_size,official_exposure_share,official_arrivals,observation_updated,last_observed_at,truth_0,attention_0,truth_1,attention_1,truth_2,attention_2,truth_3,attention_3,error_platform,initial_error_platform,top_accuracy_platform,estimate_platform_0,estimate_platform_1,estimate_platform_2,estimate_platform_3,error_survey,initial_error_survey,top_accuracy_survey,estimate_survey_0,estimate_survey_1,estimate_survey_2,estimate_survey_3,error_fused,initial_error_fused,top_accuracy_fused,estimate_fused_0,estimate_fused_1,estimate_fused_2,estimate_fused_3,error_oracle,initial_error_oracle,top_accuracy_oracle,estimate_oracle_0,estimate_oracle_1,estimate_oracle_2,estimate_oracle_3
0,0.10395482517308038,0.0,0.25562149183974703,88,28,0.0,0,1,0,0.07103005370959597,0.12166666666666667,0.17334845445065705,0.22666666666666666,0.385626199711664,0.30333333333333334,0.36999529212808313,0.34833333333333333,0.10395482517308038,0.10395482517308038,0.0,0.12166666666666667,0.22666666666666666,0.30333333333333334,0.34833333333333333,0.04892376081020998,0.04892376081020998,0.0,0.10541608651763018,0.15049989565055114,0.3595509977015599,0.38453302013025886,0.05774614959050434,0.05774614959050434,0.0,0.11354137659214843,0.1885832811586089,0.33144216551744665,0.3664331767317961,0.0,0.0,1.0,0.07103005370959597,0.17334845445065705,0.385626199711664,0.36999529212808313
1,0.45665625342125993,0.0,0.25562149183974703,132,32,0.0,0,0,0,0.07103005370959597,0.0,0.17334845445065705,0.2,0.385626199711664,0.0,0.36999529212808313,0.8,0.10395482517308038,0.10395482517308038,0.0,0.12166666666666667,0.22666666666666666,0.30333333333333334,0.34833333333333333,0.04892376081020998,0.04892376081020998,0.0,0.10541608651763018,0.15049989565055114,0.3595509977015599,0.38453302013025886,0.05774614959050434,0.05774614959050434,0.0,0.11354137659214843,0.1885832811586089,0.33144216551744665,0.3664331767317961,0.0,0.0,1.0,0.07103005370959597,0.17334845445065705,0.385626199711664,0.36999529212808313
2,0.45665625342125993,0.0,0.25562149183974703,122,36,0.0,0,0,0,0.07103005370959597,0.0,0.17334845445065705,0.2,0.385626199711664,0.0,0.36999529212808313,0.8,0.10395482517308038,0.10395482517308038,0.0,0.12166666666666667,0.22666666666666666,0.30333333333333334,0.34833333333333333,0.04892376081020998,0.04892376081020998,0.0,0.10541608651763018,0.15049989565055114,0.3595509977015599,0.38453302013025886,0.05774614959050434,0.05774614959050434,0.0,0.11354137659214843,0.1885832811586089,0.33144216551744665,0.3664331767317961,0.0,0.0,1.0,0.07103005370959597,0.17334845445065705,0.385626199711664,0.36999529212808313
3,0.45665625342125993,0.0,0.25562149183974703,119,40,0.0,0,0,0,0.07103005370959597,0.0,0.17334845445065705,0.2,0.385626199711664,0.0,0.36999529212808313,0.8,0.10395482517308038,0.10395482517308038,0.0,0.12166666666666667,0.22666666666666666,0.30333333333333334,0.34833333333333333,0.04892376081020998,0.04892376081020998,0.0,0.10541608651763018,0.15049989565055114,0.3595509977015599,0.38453302013025886,0.05774614959050434,0.05774614959050434,0.0,0.11354137659214843,0.1885832811586089,0.33144216551744665,0.3664331767317961,0.0,0.0,1.0,0.07103005370959597,0.17334845445065705,0.385626199711664,0.36999529212808313
4,0.45665625342125993,0.0,0.25562149183974703,130,44,0.0,0,0,0,0.07103005370959597,0.0,0.17334845445065705,0.2,0.385626199711664,0.0,0.36999529212808313,0.8,0.10395482517308038,0.10395482517308038,0.0,0.12166666666666667,0.22666666666666666,0.30333333333333334,0.34833333333333333,0.04892376081020998,0.04892376081020998,0.0,0.10541608651763018,0.15049989565055114,0.3595509977015599,0.38453302013025886,0.05774614959050434,0.05774614959050434,0.0,0.11354137659214843,0.1885832811586089,0.33144216551744665,0.3664331767317961,0.0,0.0,1.0,0.07103005370959597,0.17334845445065705,0.385626199711664,0.36999529212808313
5,0.45665625342125993,0.0,0.25562149183974703,149,44,0.0,0,0,0,0.07103005370959597,0.0,0.17334845445065705,0.2,0.385626199711664,0.0,0.36999529212808313,0.8,0.10395482517308038,0.10395482517308038,0.0,0.12166666666666667,0.22666666666666666,0.30333333333333334,0.34833333333333333,0.04892376081020998,0.04892376081020998,0.0,0.10541608651763018,0.15049989565055114,0.3595509977015599,0.38453302013025886,0.05774614959050434,0.05774614959050434,0.0,0.11354137659214843,0.1885832811586089,0.33144216551744665,0.3664331767317961,0.0,0.0,1.0,0.07103005370959597,0.17334845445065705,0.385626199711664,0.36999529212808313
6,0.45665625342125993,0.0,0.25562149183974703,142,44,0.0,0,0,0,0.07103005370959597,0.0,0.17334845445065705,0.2,0.385626199711664,0.0,0.36999529212808313,0.8,0.10395482517308038,0.10395482517308038,0.0,0.12166666666666667,0.22666666666666666,0.30333333333333334,0.34833333333333333,0.04892376081020998,0.04892376081020998,0.0,0.10541608651763018,0.15049989565055114,0.3595509977015599,0.38453302013025886,0.05774614959050434,0.05774614959050434,0.0,0.11354137659214843,0.1885832811586089,0.33144216551744665,0.3664331767317961,0.0,0.0,1.0,0.07103005370959597,0.17334845445065705,0.385626199711664,0.36999529212808313
7,0.45665625342125993,0.0,0.25562149183974703,138,44,0.0,0,0,0,0.07103005370959597,0.0,0.17334845445065705,0.2,0.385626199711664,0.0,0.36999529212808313,0.8,0.10395482517308038,0.10395482517308038,0.0,0.12166666666666667,0.22666666666666666,0.30333333333333334,0.34833333333333333,0.04892376081020998,0.04892376081020998,0.0,0.10541608651763018,0.15049989565055114,0.3595509977015599,0.38453302013025886,0.05774614959050434,0.05774614959050434,0.0,0.11354137659214843,0.1885832811586089,0.33144216551744665,0.3664331767317961,0.0,0.0,1.0,0.07103005370959597,0.17334845445065705,0.385626199711664,0.36999529212808313
8,0.45665625342125993,0.0,0.25562149183974703,123,44,0.0,0,0,0,0.07103005370959597,0.0,0.17334845445065705,0.2,0.385626199711664,0.0,0.36999529212808313,0.8,0.10395482517308038,0.10395482517308038,0.0,0.12166666666666667,0.22666666666666666,0.30333333333333334,0.34833333333333333,0.04892376081020998,0.04892376081020998,0.0,0.10541608651763018,0.15049989565055114,0.3595509977015599,0.38453302013025886,0.05774614959050434,0.05774614959050434,0.0,0.11354137659214843,0.1885832811586089,0.33144216551744665,0.3664331767317961,0.0,0.0,1.0,0.07103005370959597,0.17334845445065705,0.385626199711664,0.36999529212808313
9,0.45665625342125993,0.0,0.25562149183974703,146,44,0.0,0,0,0,0.07103005370959597,0.0,0.17334845445065705,0.2,0.385626199711664,0.0,0.36999529212808313,0.8,0.10395482517308038,0.10395482517308038,0.0,0.12166666666666667,0.22666666666666666,0.30333333333333334,0.34833333333333333,0.04892376081020998,0.04892376081020998,0.0,0.10541608651763018,0.15049989565055114,0.3595509977015599,0.38453302013025886,0.05774614959050434,0.05774614959050434,0.0,0.11354137659214843,0.1885832811586089,0.33144216551744665,0.3664331767317961,0.0,0.0,1.0,0.07103005370959597,0.17334845445065705,0.385626199711664,0.36999529212808313
10,0.45665625342125993,0.0,0.25562149183974703,113,44,0.0,0,1,10,0.07103005370959597,0.0,0.17334845445065705,0.2,0.385626199711664,0.0,0.36999529212808313,0.8,0.41801988978489624,0.41801988978489624,0.0,0.01106060606060606,0.20242424242424242,0.027575757575757576,0.7589393939393939,0.10675828694366649,0.10675828694366649,1.0,0.04288418817575896,0.09473603304082749,0.48107896315233534,0.3813008156310782,0.20012481265715298,0.20012481265715298,0.0,0.02697239711818251,0.14858013773253495,0.25432736036404646,0.570120104785236,0.0,0.0,1.0,0.07103005370959597,0.17334845445065705,0.385626199711664,0.36999529212808313
11,0.45665625342125993,0.0,0.25562149183974703,117,44,0.0,0,0,10,0.07103005370959597,0.0,0.17334845445065705,0.2,0.385626199711664,0.0,0.36999529212808313,0.8,0.41801988978489624,0.41801988978489624,0.0,0.01106060606060606,0.20242424242424242,0.027575757575757576,0.7589393939393939,0.10675828694366649,0.10675828694366649,1.0,0.04288418817575896,0.09473603304082749,0.48107896315233534,0.3813008156310782,0.20012481265715298,0.20012481265715298,0.0,0.02697239711818251,0.14858013773253495,0.25432736036404646,0.570120104785236,0.0,0.0,1.0,0.07103005370959597,0.17334845445065705,0.385626199711664,0.36999529212808313
12,0.45665625342125993,0.0,0.25562149183974703,126,44,0.0,0,0,10,0.07103005370959597,0.0,0.17334845445065705,0.2,0.385626199711664,0.0,0.36999529212808313,0.8,0.41801988978489624,0.41801988978489624,0.0,0.01106060606060606,0.20242424242424242,0.027575757575757576,0.7589393939393939,0.10675828694366649,0.10675828694366649,1.0,0.04288418817575896,0.09473603304082749,0.48107896315233534,0.3813008156310782,0.20012481265715298,0.20012481265715298,0.0,0.02697239711818251,0.14858013773253495,0.25432736036404646,0.570120104785236,0.0,0.0,1.0,0.07103005370959597,0.17334845445065705,0.385626199711664,0.36999529212808313
13,0.45665625342125993,0.0,0.25562149183974703,108,44,0.0,0,0,10,0.07103005370959597,0.0,0.17334845445065705,0.2,0.385626199711664,0.0,0.36999529212808313,0.8,0.41801988978489624,0.41801988978489624,0.0,0.01106060606060606,0.20242424242424242,0.027575757575757576,0.7589393939393939,0.10675828694366649,0.10675828694366649,1.0,0.04288418817575896,0.09473603304082749,0.48107896315233534,0.3813008156310782,0.20012481265715298,0.20012481265715298,0.0,0.02697239711818251,0.14858013773253495,0.25432736036404646,0.570120104785236,0.0,0.0,1.0,0.07103005370959597,0.17334845445065705,0.385626199711664,0.36999529212808313
14,0.45665625342125993,0.0,0.25562149183974703,126,44,0.0,0,0,10,0.07103005370959597,0.0,0.17334845445065705,0.2,0.385626199711664,0.0,0.36999529212808313,0.8,0.41801988978489624,0.41801988978489624,0.0,0.01106060606060606,0.20242424242424242,0.027575757575757576,0.7589393939393939,0.10675828694366649,0.10675828694366649,1.0,0.04288418817575896,0.09473603304082749,0.48107896315233534,0.3813008156310782,0.20012481265715298,0.20012481265715298,0.0,0.02697239711818251,0.14858013773253495,0.25432736036404646,0.570120104785236,0.0,0.0,1.0,0.07103005370959597,0.17334845445065705,0.385626199711664,0.36999529212808313
15,0.45665625342125993,0.0,0.25562149183974703,141,44,0.0,0,0,10,0.07103005370959597,0.0,0.17334845445065705,0.2,0.385626199711664,0.0,0.36999529212808313,0.8,0.41801988978489624,0.41801988978489624,0.0,0.01106060606060606,0.20242424242424242,0.027575757575757576,0.7589393939393939,0.10675828694366649,0.10675828694366649,1.0,0.04288418817575896,0.09473603304082749,0.48107896315233534,0.3813008156310782,0.20012481265715298,0.20012481265715298,0.0,0.02697239711818251,0.14858013773253495,0.25432736036404646,0.570120104785236,0.0,0.0,1.0,0.07103005370959597,0.17334845445065705,0.385626199711664,0.36999529212808313
16,0.45665625342125993,0.0,0.25562149183974703,111,44,0.0,0,0,10,0.07103005370959597,0.0,0.17334845445065705,0.2,0.385626199711664,0.0,0.36999529212808313,0.8,0.41801988978489624,0.41801988978489624,0.0,0.01106060606060606,0.20242424242424242,0.027575757575757576,0.7589393939393939,0.10675828694366649,0.10675828694366649,1.0,0.04288418817575896,0.09473603304082749,0.48107896315233534,0.3813008156310782,0.20012481265715298,0.20012481265715298,0.0,0.02697239711818251,0.14858013773253495,0.25432736036404646,0.570120104785236,0.0,0.0,1.0,0.07103005370959597,0.17334845445065705,0.385626199711664,0.36999529212808313
17,0.45665625342125993,0.0,0.25562149183974703,130,44,0.0,0,0,10,0.07103005370959597,0.0,0.17334845445065705,0.2,0.385626199711664,0.0,0.36999529212808313,0.8,0.41801988978489624,0.41801988978489624,0.0,0.01106060606060606,0.20242424242424242,0.027575757575757576,0.7589393939393939,0.10675828694366649,0.10675828694366649,1.0,0.04288418817575896,0.09473603304082749,0.48107896315233534,0.3813008156310782,0.20012481265715298,0.20012481265715298,0.0,0.02697239711818251,0.14858013773253495,0.25432736036404646,0.570120104785236,0.0,0.0,1.0,0.07103005370959597,0.17334845445065705,0.385626199711664,0.36999529212808313
18,0.45665625342125993,0.0,0.25562149183974703,119,44,0.0,0,0,10,0.07103005370959597,0.0,0.17334845445065705,0.2,0.385626199711664,0.0,0.36999529212808313,0.8,0.41801988978489624,0.41801988978489624,0.0,0.01106060606060606,0.20242424242424242,0.027575757575757576,0.7589393939393939,0.10675828694366649,0.10675828694366649,1.0,0.04288418817575896,0.09473603304082749,0.48107896315233534,0.3813008156310782,0.20012481265715298,0.20012481265715298,0.0,0.02697239711818251,0.14858013773253495,0.25432736036404646,0.570120104785236,0.0,0.0,1.0,0.07103005370959597,0.17334845445065705,0.385626199711664,0.36999529212808313
19,0.45665625342125993,0.0,0.25562149183974703,136,44,0.0,0,0,10,0.07103005370959597,0.0,0.17334845445065705,0.2,0.385626199711664,0.0,0.36999529212808313,0.8,0.41801988978489624,0.41801988978489624,0.0,0.01106060606060606,0.20242424242424242,0.027575757575757576,0.7589393939393939,0.10675828694366649,0.10675828694366649,1.0,0.04288418817575896,0.09473603304082749,0.48107896315233534,0.3813008156310782,0.20012481265715298,0.20012481265715298,0.0,0.02697239711818251,0.14858013773253495,0.25432736036404646,0.570120104785236,0.0,0.0,1.0,0.07103005370959597,0.17334845445065705,0.385626199711664,0.36999529212808313
20,0.45665625342125993,0.0,0.25562149183974703,136,44,0.0,0,1,20,0.07103005370959597,0.0,0.17334845445065705,0.2,0.385626199711664,0.0,0.36999529212808313,0.8,0.45665625342125993,0.45665625342125993,0.0,0.0,0.2,0.0,0.8,0.09421003339037681,0.09421003339037681,1.0,0.16043190547222871,0.08130363526400892,0.390434381339408,0.36783007792435435,0.22310564586061254,0.22310564586061254,0.0,0.08021595273611436,0.14065181763200446,0.195217190669704,0.5839150389621772,0.0,0.0,1.0,0.07103005370959597,0.17334845445065705,0.385626199711664,0.36999529212808313
21,0.45665625342125993,0.0,0.25562149183974703,123,44,0.0,0,0,20,0.07103005370959597,0.0,0.17334845445065705,0.2,0.385626199711664,0.0,0.36999529212808313,0.8,0.45665625342125993,0.45665625342125993,0.0,0.0,0.2,0.0,0.8,0.09421003339037681,0.09421003339037681,1.0,0.16043190547222871,0.08130363526400892,0.390434381339408,0.36783007792435435,0.22310564586061254,0.22310564586061254,0.0,0.08021595273611436,0.14065181763200446,0.195217190669704,0.5839150389621772,0.0,0.0,1.0,0.07103005370959597,0.17334845445065705,0.385626199711664,0.36999529212808313
22,0.45665625342125993,0.0,0.25562149183974703,131,44,0.0,0,0,20,0.07103005370959597,0.0,0.17334845445065705,0.2,0.385626199711664,0.0,0.36999529212808313,0.8,0.45665625342125993,0.45665625342125993,0.0,0.0,0.2,0.0,0.8,0.09421003339037681,0.09421003339037681,1.0,0.16043190547222871,0.08130363526400892,0.390434381339408,0.36783007792435435,0.22310564586061254,0.22310564586061254,0.0,0.08021595273611436,0.14065181763200446,0.195217190669704,0.5839150389621772,0.0,0.0,1.0,0.07103005370959597,0.17334845445065705,0.385626199711664,0.36999529212808313
23,0.45665625342125993,0.0,0.25562149183974703,120,44,0.0,0,0,20,0.07103005370959597,0.0,0.17334845445065705,0.2,0.385626199711664,0.0,0.36999529212808313,0.8,0.45665625342125993,0.45665625342125993,0.0,0.0,0.2,0.0,0.8,0.09421003339037681,0.09421003339037681,1.0,0.16043190547222871,0.08130363526400892,0.390434381339408,0.36783007792435435,0.22310564586061254,0.22310564586061254,0.0,0.08021595273611436,0.14065181763200446,0.195217190669704,0.5839150389621772,0.0,0.0,1.0,0.07103005370959597,0.17334845445065705,0.385626199711664,0.36999529212808313
24,0.45665625342125993,0.0,0.25562149183974703,120,44,0.0,0,0,20,0.07103005370959597,0.0,0.17334845445065705,0.2,0.385626199711664,0.0,0.36999529212808313,0.8,0.45665625342125993,0.45665625342125993,0.0,0.0,0.2,0.0,0.8,0.09421003339037681,0.09421003339037681,1.0,0.16043190547222871,0.08130363526400892,0.390434381339408,0.36783007792435435,0.22310564586061254,0.22310564586061254,0.0,0.08021595273611436,0.14065181763200446,0.195217190669704,0.5839150389621772,0.0,0.0,1.0,0.07103005370959597,0.17334845445065705,0.385626199711664,0.36999529212808313
25,0.45665625342125993,0.0,0.25562149183974703,120,44,0.0,0,0,20,0.07103005370959597,0.0,0.17334845445065705,0.2,0.385626199711664,0.0,0.36999529212808313,0.8,0.45665625342125993,0.45665625342125993,0.0,0.0,0.2,0.0,0.8,0.09421003339037681,0.09421003339037681,1.0,0.16043190547222871,0.08130363526400892,0.390434381339408,0.36783007792435435,0.22310564586061254,0.22310564586061254,0.0,0.08021595273611436,0.14065181763200446,0.195217190669704,0.5839150389621772,0.0,0.0,1.0,0.07103005370959597,0.17334845445065705,0.385626199711664,0.36999529212808313
26,0.45665625342125993,0.0,0.25562149183974703,126,44,0.0,0,0,20,0.07103005370959597,0.0,0.17334845445065705,0.2,0.385626199711664,0.0,0.36999529212808313,0.8,0.45665625342125993,0.45665625342125993,0.0,0.0,0.2,0.0,0.8,0.09421003339037681,0.09421003339037681,1.0,0.16043190547222871,0.08130363526400892,0.390434381339408,0.36783007792435435,0.22310564586061254,0.22310564586061254,0.0,0.08021595273611436,0.14065181763200446,0.195217190669704,0.5839150389621772,0.0,0.0,1.0,0.07103005370959597,0.17334845445065705,0.385626199711664,0.36999529212808313
27,0.45665625342125993,0.0,0.25562149183974703,127,44,0.0,0,0,20,0.07103005370959597,0.0,0.17334845445065705,0.2,0.385626199711664,0.0,0.36999529212808313,0.8,0.45665625342125993,0.45665625342125993,0.0,0.0,0.2,0.0,0.8,0.09421003339037681,0.09421003339037681,1.0,0.16043190547222871,0.08130363526400892,0.390434381339408,0.36783007792435435,0.22310564586061254,0.22310564586061254,0.0,0.08021595273611436,0.14065181763200446,0.195217190669704,0.5839150389621772,0.0,0.0,1.0,0.07103005370959597,0.17334845445065705,0.385626199711664,0.36999529212808313
28,0.45665625342125993,0.0,0.25562149183974703,97,44,0.0,0,0,20,0.07103005370959597,0.0,0.17334845445065705,0.2,0.385626199711664,0.0,0.36999529212808313,0.8,0.45665625342125993,0.45665625342125993,0.0,0.0,0.2,0.0,0.8,0.09421003339037681,0.09421003339037681,1.0,0.16043190547222871,0.08130363526400892,0.390434381339408,0.36783007792435435,0.22310564586061254,0.22310564586061254,0.0,0.08021595273611436,0.14065181763200446,0.195217190669704,0.5839150389621772,0.0,0.0,1.0,0.07103005370959597,0.17334845445065705,0.385626199711664,0.36999529212808313
29,0.45665625342125993,0.0,0.25562149183974703,119,44,0.0,0,0,20,0.07103005370959597,0.0,0.17334845445065705,0.2,0.385626199711664,0.0,0.36999529212808313,0.8,0.45665625342125993,0.45665625342125993,0.0,0.0,0.2,0.0,0.8,0.09421003339037681,0.09421003339037681,1.0,0.16043190547222871,0.08130363526400892,0.390434381339408,0.36783007792435435,0.22310564586061254,0.22310564586061254,0.0,0.08021595273611436,0.14065181763200446,0.195217190669704,0.5839150389621772,0.0,0.0,1.0,0.07103005370959597,0.17334845445065705,0.385626199711664,0.36999529212808313
30,0.45665625342125993,0.0,0.25562149183974703,129,44,0.0,0,1,30,0.07103005370959597,0.0,0.17334845445065705,0.2,0.385626199711664,0.0,0.36999529212808313,0.8,0.45665625342125993,0.45665625342125993,0.0,0.0,0.2,0.0,0.8,0.060605621900324216,0.060605621900324216,1.0,0.0386608725444317,0.19924842558057065,0.4203318504820745,0.34175885139292306,0.22715989190800678,0.22715989190800678,0.0,0.01933043627221585,0.19962421279028533,0.21016592524103725,0.5708794256964616,0.0,0.0,1.0,0.07103005370959597,0.17334845445065705,0.385626199711664,0.36999529212808313
31,0.45665625342125993,0.0,0.25562149183974703,148,44,0.0,0,0,30,0.07103005370959597,0.0,0.17334845445065705,0.2,0.385626199711664,0.0,0.36999529212808313,0.8,0.45665625342125993,0.45665625342125993,0.0,0.0,0.2,0.0,0.8,0.060605621900324216,0.060605621900324216,1.0,0.0386608725444317,0.19924842558057065,0.4203318504820745,0.34175885139292306,0.22715989190800678,0.22715989190800678,0.0,0.01933043627221585,0.19962421279028533,0.21016592524103725,0.5708794256964616,0.0,0.0,1.0,0.07103005370959597,0.17334845445065705,0.385626199711664,0.36999529212808313
32,0.45665625342125993,0.0,0.25562149183974703,142,44,0.0,0,0,30,0.07103005370959597,0.0,0.17334845445065705,0.2,0.385626199711664,0.0,0.36999529212808313,0.8,0.45665625342125993,0.45665625342125993,0.0,0.0,0.2,0.0,0.8,0.060605621900324216,0.060605621900324216,1.0,0.0386608725444317,0.19924842558057065,0.4203318504820745,0.34175885139292306,0.22715989190800678,0.22715989190800678,0.0,0.01933043627221585,0.19962421279028533,0.21016592524103725,0.5708794256964616,0.0,0.0,1.0,0.07103005370959597,0.17334845445065705,0.385626199711664,0.36999529212808313
33,0.45665625342125993,0.0,0.25562149183974703,100,44,0.0,0,0,30,0.07103005370959597,0.0,0.17334845445065705,0.2,0.385626199711664,0.0,0.36999529212808313,0.8,0.45665625342125993,0.45665625342125993,0.0,0.0,0.2,0.0,0.8,0.060605621900324216,0.060605621900324216,1.0,0.0386608725444317,0.19924842558057065,0.4203318504820745,0.34175885139292306,0.22715989190800678,0.22715989190800678,0.0,0.01933043627221585,0.19962421279028533,0.21016592524103725,0.5708794256964616,0.0,0.0,1.0,0.07103005370959597,0.17334845445065705,0.385626199711664,0.36999529212808313
34,0.45665625342125993,0.0,0.25562149183974703,128,44,0.0,0,0,30,0.07103005370959597,0.0,0.17334845445065705,0.2,0.385626199711664,0.0,0.36999529212808313,0.8,0.45665625342125993,0.45665625342125993,0.0,0.0,0.2,0.0,0.8,0.060605621900324216,0.060605621900324216,1.0,0.0386608725444317,0.19924842558057065,0.4203318504820745,0.34175885139292306,0.22715989190800678,0.22715989190800678,0.0,0.01933043627221585,0.19962421279028533,0.21016592524103725,0.5708794256964616,0.0,0.0,1.0,0.07103005370959597,0.17334845445065705,0.385626199711664,0.36999529212808313
35,0.45665625342125993,0.0,0.25562149183974703,132,44,0.0,0,0,30,0.07103005370959597,0.0,0.17334845445065705,0.2,0.385626199711664,0.0,0.36999529212808313,0.8,0.45665625342125993,0.45665625342125993,0.0,0.0,0.2,0.0,0.8,0.060605621900324216,0.060605621900324216,1.0,0.0386608725444317,0.19924842558057065,0.4203318504820745,0.34175885139292306,0.22715989190800678,0.22715989190800678,0.0,0.01933043627221585,0.19962421279028533,0.21016592524103725,0.5708794256964616,0.0,0.0,1.0,0.07103005370959597,0.17334845445065705,0.385626199711664,0.36999529212808313
36,0.45665625342125993,0.0,0.25562149183974703,131,44,0.0,0,0,30,0.07103005370959597,0.0,0.17334845445065705,0.2,0.385626199711664,0.0,0.36999529212808313,0.8,0.45665625342125993,0.45665625342125993,0.0,0.0,0.2,0.0,0.8,0.060605621900324216,0.060605621900324216,1.0,0.0386608725444317,0.19924842558057065,0.4203318504820745,0.34175885139292306,0.22715989190800678,0.22715989190800678,0.0,0.01933043627221585,0.19962421279028533,0.21016592524103725,0.5708794256964616,0.0,0.0,1.0,0.07103005370959597,0.17334845445065705,0.385626199711664,0.36999529212808313
37,0.45665625342125993,0.0,0.25562149183974703,134,44,0.0,0,0,30,0.07103005370959597,0.0,0.17334845445065705,0.2,0.385626199711664,0.0,0.36999529212808313,0.8,0.45665625342125993,0.45665625342125993,0.0,0.0,0.2,0.0,0.8,0.060605621900324216,0.060605621900324216,1.0,0.0386608725444317,0.19924842558057065,0.4203318504820745,0.34175885139292306,0.22715989190800678,0.22715989190800678,0.0,0.01933043627221585,0.19962421279028533,0.21016592524103725,0.5708794256964616,0.0,0.0,1.0,0.07103005370959597,0.17334845445065705,0.385626199711664,0.36999529212808313
38,0.45665625342125993,0.0,0.25562149183974703,132,44,0.0,0,0,30,0.07103005370959597,0.0,0.17334845445065705,0.2,0.385626199711664,0.0,0.36999529212808313,0.8,0.45665625342125993,0.45665625342125993,0.0,0.0,0.2,0.0,0.8,0.060605621900324216,0.060605621900324216,1.0,0.0386608725444317,0.19924842558057065,0.4203318504820745,0.34175885139292306,0.22715989190800678,0.22715989190800678,0.0,0.01933043627221585,0.19962421279028533,0.21016592524103725,0.5708794256964616,0.0,0.0,1.0,0.07103005370959597,0.17334845445065705,0.385626199711664,0.36999529212808313
39,0.45665625342125993,0.0,0.25562149183974703,129,44,0.0,0,0,30,0.07103005370959597,0.0,0.17334845445065705,0.2,0.385626199711664,0.0,0.36999529212808313,0.8,0.45665625342125993,0.45665625342125993,0.0,0.0,0.2,0.0,0.8,0.060605621900324216,0.060605621900324216,1.0,0.0386608725444317,0.19924842558057065,0.4203318504820745,0.34175885139292306,0.22715989190800678,0.22715989190800678,0.0,0.01933043627221585,0.19962421279028533,0.21016592524103725,0.5708794256964616,0.0,0.0,1.0,0.07103005370959597,0.17334845445065705,0.385626199711664,0.36999529212808313
40,0.45665625342125993,0.0,0.25562149183974703,117,44,0.0,0,1,40,0.07103005370959597,0.0,0.17334845445065705,0.2,0.385626199711664,0.0,0.36999529212808313,0.8,0.45665625342125993,0.45665625342125993,0.0,0.0,0.2,0.0,0.8,0.12405893269328355,0.12405893269328355,0.0,0.06911778169433756,0.29740738714394055,0.27051967713633174,0.3629551540253902,0.28683752400592527,0.28683752400592527,0.0,0.03455889084716878,0.24870369357197028,0.13525983856816587,0.5814775770126951,0.0,0.0,1.0,0.07103005370959597,0.17334845445065705,0.385626199711664,0.36999529212808313
41,0.45665625342125993,0.0,0.25562149183974703,129,44,0.0,0,0,40,0.07103005370959597,0.0,0.17334845445065705,0.2,0.385626199711664,0.0,0.36999529212808313,0.8,0.45665625342125993,0.45665625342125993,0.0,0.0,0.2,0.0,0.8,0.12405893269328355,0.12405893269328355,0.0,0.06911778169433756,0.29740738714394055,0.27051967713633174,0.3629551540253902,0.28683752400592527,0.28683752400592527,0.0,0.03455889084716878,0.24870369357197028,0.13525983856816587,0.5814775770126951,0.0,0.0,1.0,0.07103005370959597,0.17334845445065705,0.385626199711664,0.36999529212808313
42,0.45665625342125993,0.0,0.25562149183974703,138,44,0.0,0,0,40,0.07103005370959597,0.0,0.17334845445065705,0.2,0.385626199711664,0.0,0.36999529212808313,0.8,0.45665625342125993,0.45665625342125993,0.0,0.0,0.2,0.0,0.8,0.12405893269328355,0.12405893269328355,0.0,0.06911778169433756,0.29740738714394055,0.27051967713633174,0.3629551540253902,0.28683752400592527,0.28683752400592527,0.0,0.03455889084716878,0.24870369357197028,0.13525983856816587,0.5814775770126951,0.0,0.0,1.0,0.07103005370959597,0.17334845445065705,0.385626199711664,0.36999529212808313
43,0.45665625342125993,0.0,0.25562149183974703,139,44,0.0,0,0,40,0.07103005370959597,0.0,0.17334845445065705,0.2,0.385626199711664,0.0,0.36999529212808313,0.8,0.45665625342125993,0.45665625342125993,0.0,0.0,0.2,0.0,0.8,0.12405893269328355,0.12405893269328355,0.0,0.06911778169433756,0.29740738714394055,0.27051967713633174,0.3629551540253902,0.28683752400592527,0.28683752400592527,0.0,0.03455889084716878,0.24870369357197028,0.13525983856816587,0.5814775770126951,0.0,0.0,1.0,0.07103005370959597,0.17334845445065705,0.385626199711664,0.36999529212808313
44,0.45665625342125993,0.0,0.25562149183974703,140,44,0.0,0,0,40,0.07103005370959597,0.0,0.17334845445065705,0.2,0.385626199711664,0.0,0.36999529212808313,0.8,0.45665625342125993,0.45665625342125993,0.0,0.0,0.2,0.0,0.8,0.12405893269328355,0.12405893269328355,0.0,0.06911778169433756,0.29740738714394055,0.27051967713633174,0.3629551540253902,0.28683752400592527,0.28683752400592527,0.0,0.03455889084716878,0.24870369357197028,0.13525983856816587,0.5814775770126951,0.0,0.0,1.0,0.07103005370959597,0.17334845445065705,0.385626199711664,0.36999529212808313
45,0.45665625342125993,0.0,0.25562149183974703,119,44,0.0,0,0,40,0.07103005370959597,0.0,0.17334845445065705,0.2,0.385626199711664,0.0,0.36999529212808313,0.8,0.45665625342125993,0.45665625342125993,0.0,0.0,0.2,0.0,0.8,0.12405893269328355,0.12405893269328355,0.0,0.06911778169433756,0.29740738714394055,0.27051967713633174,0.3629551540253902,0.28683752400592527,0.28683752400592527,0.0,0.03455889084716878,0.24870369357197028,0.13525983856816587,0.5814775770126951,0.0,0.0,1.0,0.07103005370959597,0.17334845445065705,0.385626199711664,0.36999529212808313
46,0.45665625342125993,0.0,0.25562149183974703,117,44,0.0,0,0,40,0.07103005370959597,0.0,0.17334845445065705,0.2,0.385626199711664,0.0,0.36999529212808313,0.8,0.45665625342125993,0.45665625342125993,0.0,0.0,0.2,0.0,0.8,0.12405893269328355,0.12405893269328355,0.0,0.06911778169433756,0.29740738714394055,0.27051967713633174,0.3629551540253902,0.28683752400592527,0.28683752400592527,0.0,0.03455889084716878,0.24870369357197028,0.13525983856816587,0.5814775770126951,0.0,0.0,1.0,0.07103005370959597,0.17334845445065705,0.385626199711664,0.36999529212808313
47,0.45665625342125993,0.0,0.25562149183974703,127,44,0.0,0,0,40,0.07103005370959597,0.0,0.17334845445065705,0.2,0.385626199711664,0.0,0.36999529212808313,0.8,0.45665625342125993,0.45665625342125993,0.0,0.0,0.2,0.0,0.8,0.12405893269328355,0.12405893269328355,0.0,0.06911778169433756,0.29740738714394055,0.27051967713633174,0.3629551540253902,0.28683752400592527,0.28683752400592527,0.0,0.03455889084716878,0.24870369357197028,0.13525983856816587,0.5814775770126951,0.0,0.0,1.0,0.07103005370959597,0.17334845445065705,0.385626199711664,0.36999529212808313
48,0.45665625342125993,0.0,0.25562149183974703,132,44,0.0,0,0,40,0.07103005370959597,0.0,0.17334845445065705,0.2,0.385626199711664,0.0,0.36999529212808313,0.8,0.45665625342125993,0.45665625342125993,0.0,0.0,0.2,0.0,0.8,0.12405893269328355,0.12405893269328355,0.0,0.06911778169433756,0.29740738714394055,0.27051967713633174,0.3629551540253902,0.28683752400592527,0.28683752400592527,0.0,0.03455889084716878,0.24870369357197028,0.13525983856816587,0.5814775770126951,0.0,0.0,1.0,0.07103005370959597,0.17334845445065705,0.385626199711664,0.36999529212808313
49,0.45665625342125993,0.0,0.25562149183974703,131,44,0.0,0,0,40,0.07103005370959597,0.0,0.17334845445065705,0.2,0.385626199711664,0.0,0.36999529212808313,0.8,0.45665625342125993,0.45665625342125993,0.0,0.0,0.2,0.0,0.8,0.12405893269328355,0.12405893269328355,0.0,0.06911778169433756,0.29740738714394055,0.27051967713633174,0.3629551540253902,0.28683752400592527,0.28683752400592527,0.0,0.03455889084716878,0.24870369357197028,0.13525983856816587,0.5814775770126951,0.0,0.0,1.0,0.07103005370959597,0.17334845445065705,0.385626199711664,0.36999529212808313
50,0.45665625342125993,0.0,0.25562149183974703,135,44,0.0,0,1,50,0.07103005370959597,0.0,0.17334845445065705,0.2,0.385626199711664,0.0,0.36999529212808313,0.8,0.45665625342125993,0.45665625342125993,0.0,0.0,0.2,0.0,0.8,0.0669479414022831,0.0669479414022831,0.0,0.07214764424374288,0.23917880531879318,0.325969697472665,0.36270385296479896,0.257597582563056,0.257597582563056,0.0,0.03607382212187144,0.21958940265939658,0.1629848487363325,0.5813519264823995,0.0,0.0,1.0,0.07103005370959597,0.17334845445065705,0.385626199711664,0.36999529212808313
51,0.45665625342125993,0.0,0.25562149183974703,119,44,0.0,0,0,50,0.07103005370959597,0.0,0.17334845445065705,0.2,0.385626199711664,0.0,0.36999529212808313,0.8,0.45665625342125993,0.45665625342125993,0.0,0.0,0.2,0.0,0.8,0.0669479414022831,0.0669479414022831,0.0,0.07214764424374288,0.23917880531879318,0.325969697472665,0.36270385296479896,0.257597582563056,0.257597582563056,0.0,0.03607382212187144,0.21958940265939658,0.1629848487363325,0.5813519264823995,0.0,0.0,1.0,0.07103005370959597,0.17334845445065705,0.385626199711664,0.36999529212808313
52,0.45665625342125993,0.0,0.25562149183974703,121,44,0.0,0,0,50,0.07103005370959597,0.0,0.17334845445065705,0.2,0.385626199711664,0.0,0.36999529212808313,0.8,0.45665625342125993,0.45665625342125993,0.0,0.0,0.2,0.0,0.8,0.0669479414022831,0.0669479414022831,0.0,0.07214764424374288,0.23917880531879318,0.325969697472665,0.36270385296479896,0.257597582563056,0.257597582563056,0.0,0.03607382212187144,0.21958940265939658,0.1629848487363325,0.5813519264823995,0.0,0.0,1.0,0.07103005370959597,0.17334845445065705,0.385626199711664,0.36999529212808313
53,0.45665625342125993,0.0,0.25562149183974703,135,44,0.0,0,0,50,0.07103005370959597,0.0,0.17334845445065705,0.2,0.385626199711664,0.0,0.36999529212808313,0.8,0.45665625342125993,0.45665625342125993,0.0,0.0,0.2,0.0,0.8,0.0669479414022831,0.0669479414022831,0.0,0.07214764424374288,0.23917880531879318,0.325969697472665,0.36270385296479896,0.257597582563056,0.257597582563056,0.0,0.03607382212187144,0.21958940265939658,0.1629848487363325,0.5813519264823995,0.0,0.0,1.0,0.07103005370959597,0.17334845445065705,0.385626199711664,0.36999529212808313
54,0.45665625342125993,0.0,0.25562149183974703,128,44,0.0,0,0,50,0.07103005370959597,0.0,0.17334845445065705,0.2,0.385626199711664,0.0,0.36999529212808313,0.8,0.45665625342125993,0.45665625342125993,0.0,0.0,0.2,0.0,0.8,0.0669479414022831,0.0669479414022831,0.0,0.07214764424374288,0.23917880531879318,0.325969697472665,0.36270385296479896,0.257597582563056,0.257597582563056,0.0,0.03607382212187144,0.21958940265939658,0.1629848487363325,0.5813519264823995,0.0,0.0,1.0,0.07103005370959597,0.17334845445065705,0.385626199711664,0.36999529212808313
55,0.45665625342125993,0.0,0.25562149183974703,134,44,0.0,0,0,50,0.07103005370959597,0.0,0.17334845445065705,0.2,0.385626199711664,0.0,0.36999529212808313,0.8,0.45665625342125993,0.45665625342125993,0.0,0.0,0.2,0.0,0.8,0.0669479414022831,0.0669479414022831,0.0,0.07214764424374288,0.23917880531879318,0.325969697472665,0.36270385296479896,0.257597582563056,0.257597582563056,0.0,0.03607382212187144,0.21958940265939658,0.1629848487363325,0.5813519264823995,0.0,0.0,1.0,0.07103005370959597,0.17334845445065705,0.385626199711664,0.36999529212808313
56,0.45665625342125993,0.0,0.25562149183974703,112,44,0.0,0,0,50,0.07103005370959597,0.0,0.17334845445065705,0.2,0.385626199711664,0.0,0.36999529212808313,0.8,0.45665625342125993,0.45665625342125993,0.0,0.0,0.2,0.0,0.8,0.0669479414022831,0.0669479414022831,0.0,0.07214764424374288,0.23917880531879318,0.325969697472665,0.36270385296479896,0.257597582563056,0.257597582563056,0.0,0.03607382212187144,0.21958940265939658,0.1629848487363325,0.5813519264823995,0.0,0.0,1.0,0.07103005370959597,0.17334845445065705,0.385626199711664,0.36999529212808313
57,0.45665625342125993,0.0,0.25562149183974703,119,44,0.0,0,0,50,0.07103005370959597,0.0,0.17334845445065705,0.2,0.385626199711664,0.0,0.36999529212808313,0.8,0.45665625342125993,0.45665625342125993,0.0,0.0,0.2,0.0,0.8,0.0669479414022831,0.0669479414022831,0.0,0.07214764424374288,0.23917880531879318,0.325969697472665,0.36270385296479896,0.257597582563056,0.257597582563056,0.0,0.03607382212187144,0.21958940265939658,0.1629848487363325,0.5813519264823995,0.0,0.0,1.0,0.07103005370959597,0.17334845445065705,0.385626199711664,0.36999529212808313
58,0.45665625342125993,0.0,0.25562149183974703,130,44,0.0,0,0,50,0.07103005370959597,0.0,0.17334845445065705,0.2,0.385626199711664,0.0,0.36999529212808313,0.8,0.45665625342125993,0.45665625342125993,0.0,0.0,0.2,0.0,0.8,0.0669479414022831,0.0669479414022831,0.0,0.07214764424374288,0.23917880531879318,0.325969697472665,0.36270385296479896,0.257597582563056,0.257597582563056,0.0,0.03607382212187144,0.21958940265939658,0.1629848487363325,0.5813519264823995,0.0,0.0,1.0,0.07103005370959597,0.17334845445065705,0.385626199711664,0.36999529212808313
59,0.45665625342125993,0.0,0.25562149183974703,127,44,0.0,0,0,50,0.07103005370959597,0.0,0.17334845445065705,0.2,0.385626199711664,0.0,0.36999529212808313,0.8,0.45665625342125993,0.45665625342125993,0.0,0.0,0.2,0.0,0.8,0.0669479414022831,0.0669479414022831,0.0,0.07214764424374288,0.23917880531879318,0.325969697472665,0.36270385296479896,0.257597582563056,0.257597582563056,0.0,0.03607382212187144,0.21958940265939658,0.1629848487363325,0.5813519264823995,0.0,0.0,1.0,0.07103005370959597,0.17334845445065705,0.385626199711664,0.36999529212808313
60,0.45665625342125993,0.0,0.25562149183974703,116,44,0.0,0,1,60,0.07103005370959597,0.0,0.17334845445065705,0.2,0.385626199711664,0.0,0.36999529212808313,0.8,0.45665625342125993,0.45665625342125993,0.0,0.0,0.2,0.0,0.8,0.04600712854065571,0.04600712854065571,0.0,0.11703718225025161,0.17159257052352986,0.3512353683745088,0.36013487885170975,0.22251997810887975,0.22251997810887975,0.0,0.05851859112512581,0.18579628526176495,0.1756176841872544,0.5800674394258549,0.0,0.0,1.0,0.07103005370959597,0.17334845445065705,0.385626199711664,0.36999529212808313
61,0.45665625342125993,0.0,0.25562149183974703,151,44,0.0,0,0,60,0.07103005370959597,0.0,0.17334845445065705,0.2,0.385626199711664,0.0,0.36999529212808313,0.8,0.45665625342125993,0.45665625342125993,0.0,0.0,0.2,0.0,0.8,0.04600712854065571,0.04600712854065571,0.0,0.11703718225025161,0.17159257052352986,0.3512353683745088,0.36013487885170975,0.22251997810887975,0.22251997810887975,0.0,0.05851859112512581,0.18579628526176495,0.1756176841872544,0.5800674394258549,0.0,0.0,1.0,0.07103005370959597,0.17334845445065705,0.385626199711664,0.36999529212808313
62,0.45665625342125993,0.0,0.25562149183974703,132,44,0.0,0,0,60,0.07103005370959597,0.0,0.17334845445065705,0.2,0.385626199711664,0.0,0.36999529212808313,0.8,0.45665625342125993,0.45665625342125993,0.0,0.0,0.2,0.0,0.8,0.04600712854065571,0.04600712854065571,0.0,0.11703718225025161,0.17159257052352986,0.3512353683745088,0.36013487885170975,0.22251997810887975,0.22251997810887975,0.0,0.05851859112512581,0.18579628526176495,0.1756176841872544,0.5800674394258549,0.0,0.0,1.0,0.07103005370959597,0.17334845445065705,0.385626199711664,0.36999529212808313
63,0.45665625342125993,0.0,0.25562149183974703,137,44,0.0,0,0,60,0.07103005370959597,0.0,0.17334845445065705,0.2,0.385626199711664,0.0,0.36999529212808313,0.8,0.45665625342125993,0.45665625342125993,0.0,0.0,0.2,0.0,0.8,0.04600712854065571,0.04600712854065571,0.0,0.11703718225025161,0.17159257052352986,0.3512353683745088,0.36013487885170975,0.22251997810887975,0.22251997810887975,0.0,0.05851859112512581,0.18579628526176495,0.1756176841872544,0.5800674394258549,0.0,0.0,1.0,0.07103005370959597,0.17334845445065705,0.385626199711664,0.36999529212808313
64,0.45665625342125993,0.0,0.25562149183974703,122,44,0.0,0,0,60,0.07103005370959597,0.0,0.17334845445065705,0.2,0.385626199711664,0.0,0.36999529212808313,0.8,0.45665625342125993,0.45665625342125993,0.0,0.0,0.2,0.0,0.8,0.04600712854065571,0.04600712854065571,0.0,0.11703718225025161,0.17159257052352986,0.3512353683745088,0.36013487885170975,0.22251997810887975,0.22251997810887975,0.0,0.05851859112512581,0.18579628526176495,0.1756176841872544,0.5800674394258549,0.0,0.0,1.0,0.07103005370959597,0.17334845445065705,0.385626199711664,0.36999529212808313
65,0.45665625342125993,0.0,0.25562149183974703,128,44,0.0,0,0,60,0.07103005370959597,0.0,0.17334845445065705,0.2,0.385626199711664,0.0,0.36999529212808313,0.8,0.45665625342125993,0.45665625342125993,0.0,0.0,0.2,0.0,0.8,0.04600712854065571,0.04600712854065571,0.0,0.11703718225025161,0.17159257052352986,0.3512353683745088,0.36013487885170975,0.22251997810887975,0.22251997810887975,0.0,0.05851859112512581,0.18579628526176495,0.1756176841872544,0.5800674394258549,0.0,0.0,1.0,0.07103005370959597,0.17334845445065705,0.385626199711664,0.36999529212808313
66,0.45665625342125993,0.0,0.25562149183974703,122,44,0.0,0,0,60,0.07103005370959597,0.0,0.17334845445065705,0.2,0.385626199711664,0.0,0.36999529212808313,0.8,0.45665625342125993,0.45665625342125993,0.0,0.0,0.2,0.0,0.8,0.04600712854065571,0.04600712854065571,0.0,0.11703718225025161,0.17159257052352986,0.3512353683745088,0.36013487885170975,0.22251997810887975,0.22251997810887975,0.0,0.05851859112512581,0.18579628526176495,0.1756176841872544,0.5800674394258549,0.0,0.0,1.0,0.07103005370959597,0.17334845445065705,0.385626199711664,0.36999529212808313
67,0.45665625342125993,0.0,0.25562149183974703,108,44,0.0,0,0,60,0.07103005370959597,0.0,0.17334845445065705,0.2,0.385626199711664,0.0,0.36999529212808313,0.8,0.45665625342125993,0.45665625342125993,0.0,0.0,0.2,0.0,0.8,0.04600712854065571,0.04600712854065571,0.0,0.11703718225025161,0.17159257052352986,0.3512353683745088,0.36013487885170975,0.22251997810887975,0.22251997810887975,0.0,0.05851859112512581,0.18579628526176495,0.1756176841872544,0.5800674394258549,0.0,0.0,1.0,0.07103005370959597,0.17334845445065705,0.385626199711664,0.36999529212808313
68,0.45665625342125993,0.0,0.25562149183974703,130,44,0.0,0,0,60,0.07103005370959597,0.0,0.17334845445065705,0.2,0.385626199711664,0.0,0.36999529212808313,0.8,0.45665625342125993,0.45665625342125993,0.0,0.0,0.2,0.0,0.8,0.04600712854065571,0.04600712854065571,0.0,0.11703718225025161,0.17159257052352986,0.3512353683745088,0.36013487885170975,0.22251997810887975,0.22251997810887975,0.0,0.05851859112512581,0.18579628526176495,0.1756176841872544,0.5800674394258549,0.0,0.0,1.0,0.07103005370959597,0.17334845445065705,0.385626199711664,0.36999529212808313
69,0.45665625342125993,0.0,0.25562149183974703,127,44,0.0,0,0,60,0.07103005370959597,0.0,0.17334845445065705,0.2,0.385626199711664,0.0,0.36999529212808313,0.8,0.45665625342125993,0.45665625342125993,0.0,0.0,0.2,0.0,0.8,0.04600712854065571,0.04600712854065571,0.0,0.11703718225025161,0.17159257052352986,0.3512353683745088,0.36013487885170975,0.22251997810887975,0.22251997810887975,0.0,0.05851859112512581,0.18579628526176495,0.1756176841872544,0.5800674394258549,0.0,0.0,1.0,0.07103005370959597,0.17334845445065705,0.385626199711664,0.36999529212808313
70,0.45665625342125993,0.0,0.25562149183974703,130,44,0.0,0,1,70,0.07103005370959597,0.0,0.17334845445065705,0.2,0.385626199711664,0.0,0.36999529212808313,0.8,0.45665625342125993,0.45665625342125993,0.0,0.0,0.2,0.0,0.8,0.084603155446868,0.084603155446868,0.0,0.027497722274381572,0.2070852431581809,0.3445553757000103,0.4208616588674272,0.270629704434064,0.270629704434064,0.0,0.013748861137190786,0.20354262157909045,0.17227768785000516,0.6104308294337136,0.0,0.0,1.0,0.07103005370959597,0.17334845445065705,0.385626199711664,0.36999529212808313
71,0.45665625342125993,0.0,0.25562149183974703,135,44,0.0,0,0,70,0.07103005370959597,0.0,0.17334845445065705,0.2,0.385626199711664,0.0,0.36999529212808313,0.8,0.45665625342125993,0.45665625342125993,0.0,0.0,0.2,0.0,0.8,0.084603155446868,0.084603155446868,0.0,0.027497722274381572,0.2070852431581809,0.3445553757000103,0.4208616588674272,0.270629704434064,0.270629704434064,0.0,0.013748861137190786,0.20354262157909045,0.17227768785000516,0.6104308294337136,0.0,0.0,1.0,0.07103005370959597,0.17334845445065705,0.385626199711664,0.36999529212808313
72,0.45665625342125993,0.0,0.25562149183974703,117,44,0.0,0,0,70,0.07103005370959597,0.0,0.17334845445065705,0.2,0.385626199711664,0.0,0.36999529212808313,0.8,0.45665625342125993,0.45665625342125993,0.0,0.0,0.2,0.0,0.8,0.084603155446868,0.084603155446868,0.0,0.027497722274381572,0.2070852431581809,0.3445553757000103,0.4208616588674272,0.270629704434064,0.270629704434064,0.0,0.013748861137190786,0.20354262157909045,0.17227768785000516,0.6104308294337136,0.0,0.0,1.0,0.07103005370959597,0.17334845445065705,0.385626199711664,0.36999529212808313
73,0.45665625342125993,0.0,0.25562149183974703,138,44,0.0,0,0,70,0.07103005370959597,0.0,0.17334845445065705,0.2,0.385626199711664,0.0,0.36999529212808313,0.8,0.45665625342125993,0.45665625342125993,0.0,0.0,0.2,0.0,0.8,0.084603155446868,0.084603155446868,0.0,0.027497722274381572,0.2070852431581809,0.3445553757000103,0.4208616588674272,0.270629704434064,0.270629704434064,0.0,0.013748861137190786,0.20354262157909045,0.17227768785000516,0.6104308294337136,0.0,0.0,1.0,0.07103005370959597,0.17334845445065705,0.385626199711664,0.36999529212808313
74,0.45665625342125993,0.0,0.25562149183974703,124,44,0.0,0,0,70,0.07103005370959597,0.0,0.17334845445065705,0.2,0.385626199711664,0.0,0.36999529212808313,0.8,0.45665625342125993,0.45665625342125993,0.0,0.0,0.2,0.0,0.8,0.084603155446868,0.084603155446868,0.0,0.027497722274381572,0.2070852431581809,0.3445553757000103,0.4208616588674272,0.270629704434064,0.270629704434064,0.0,0.013748861137190786,0.20354262157909045,0.17227768785000516,0.6104308294337136,0.0,0.0,1.0,0.07103005370959597,0.17334845445065705,0.385626199711664,0.36999529212808313
75,0.45665625342125993,0.0,0.25562149183974703,129,44,0.0,0,0,70,0.07103005370959597,0.0,0.17334845445065705,0.2,0.385626199711664,0.0,0.36999529212808313,0.8,0.45665625342125993,0.45665625342125993,0.0,0.0,0.2,0.0,0.8,0.084603155446868,0.084603155446868,0.0,0.027497722274381572,0.2070852431581809,0.3445553757000103,0.4208616588674272,0.270629704434064,0.270629704434064,0.0,0.013748861137190786,0.20354262157909045,0.17227768785000516,0.6104308294337136,0.0,0.0,1.0,0.07103005370959597,0.17334845445065705,0.385626199711664,0.36999529212808313
76,0.45665625342125993,0.0,0.25562149183974703,130,44,0.0,0,0,70,0.07103005370959597,0.0,0.17334845445065705,0.2,0.385626199711664,0.0,0.36999529212808313,0.8,0.45665625342125993,0.45665625342125993,0.0,0.0,0.2,0.0,0.8,0.084603155446868,0.084603155446868,0.0,0.027497722274381572,0.2070852431581809,0.3445553757000103,0.4208616588674272,0.270629704434064,0.270629704434064,0.0,0.013748861137190786,0.20354262157909045,0.17227768785000516,0.6104308294337136,0.0,0.0,1.0,0.07103005370959597,0.17334845445065705,0.385626199711664,0.36999529212808313
77,0.45665625342125993,0.0,0.25562149183974703,124,44,0.0,0,0,70,0.07103005370959597,0.0,0.17334845445065705,0.2,0.385626199711664,0.0,0.36999529212808313,0.8,0.45665625342125993,0.45665625342125993,0.0,0.0,0.2,0.0,0.8,0.084603155446868,0.084603155446868,0.0,0.027497722274381572,0.2070852431581809,0.3445553757000103,0.4208616588674272,0.270629704434064,0.270629704434064,0.0,0.013748861137190786,0.20354262157909045,0.17227768785000516,0.6104308294337136,0.0,0.0,1.0,0.07103005370959597,0.17334845445065705,0.385626199711664,0.36999529212808313
78,0.45665625342125993,0.0,0.25562149183974703,123,44,0.0,0,0,70,0.07103005370959597,0.0,0.17334845445065705,0.2,0.385626199711664,0.0,0.36999529212808313,0.8,0.45665625342125993,0.45665625342125993,0.0,0.0,0.2,0.0,0.8,0.084603155446868,0.084603155446868,0.0,0.027497722274381572,0.2070852431581809,0.3445553757000103,0.4208616588674272,0.270629704434064,0.270629704434064,0.0,0.013748861137190786,0.20354262157909045,0.17227768785000516,0.6104308294337136,0.0,0.0,1.0,0.07103005370959597,0.17334845445065705,0.385626199711664,0.36999529212808313
79,0.45665625342125993,0.0,0.25562149183974703,116,44,0.0,0,0,70,0.07103005370959597,0.0,0.17334845445065705,0.2,0.385626199711664,0.0,0.36999529212808313,0.8,0.45665625342125993,0.45665625342125993,0.0,0.0,0.2,0.0,0.8,0.084603155446868,0.084603155446868,0.0,0.027497722274381572,0.2070852431581809,0.3445553757000103,0.4208616588674272,0.270629704434064,0.270629704434064,0.0,0.013748861137190786,0.20354262157909045,0.17227768785000516,0.6104308294337136,0.0,0.0,1.0,0.07103005370959597,0.17334845445065705,0.385626199711664,0.36999529212808313
80,0.45665625342125993,0.0,0.25562149183974703,143,44,0.0,0,1,80,0.07103005370959597,0.0,0.17334845445065705,0.2,0.385626199711664,0.0,0.36999529212808313,0.8,0.45665625342125993,0.45665625342125993,0.0,0.0,0.2,0.0,0.8,0.04931524391541949,0.04931524391541949,1.0,0.08339526799802845,0.1521029263012488,0.42257622933865086,0.3419255763620717,0.2036705047529202,0.2036705047529202,0.0,0.04169763399901422,0.17605146315062442,0.21128811466932543,0.5709627881810359,0.0,0.0,1.0,0.07103005370959597,0.17334845445065705,0.385626199711664,0.36999529212808313
81,0.45665625342125993,0.0,0.25562149183974703,139,44,0.0,0,0,80,0.07103005370959597,0.0,0.17334845445065705,0.2,0.385626199711664,0.0,0.36999529212808313,0.8,0.45665625342125993,0.45665625342125993,0.0,0.0,0.2,0.0,0.8,0.04931524391541949,0.04931524391541949,1.0,0.08339526799802845,0.1521029263012488,0.42257622933865086,0.3419255763620717,0.2036705047529202,0.2036705047529202,0.0,0.04169763399901422,0.17605146315062442,0.21128811466932543,0.5709627881810359,0.0,0.0,1.0,0.07103005370959597,0.17334845445065705,0.385626199711664,0.36999529212808313
82,0.45665625342125993,0.0,0.25562149183974703,124,44,0.0,0,0,80,0.07103005370959597,0.0,0.17334845445065705,0.2,0.385626199711664,0.0,0.36999529212808313,0.8,0.45665625342125993,0.45665625342125993,0.0,0.0,0.2,0.0,0.8,0.04931524391541949,0.04931524391541949,1.0,0.08339526799802845,0.1521029263012488,0.42257622933865086,0.3419255763620717,0.2036705047529202,0.2036705047529202,0.0,0.04169763399901422,0.17605146315062442,0.21128811466932543,0.5709627881810359,0.0,0.0,1.0,0.07103005370959597,0.17334845445065705,0.385626199711664,0.36999529212808313
83,0.45665625342125993,0.0,0.25562149183974703,111,44,0.0,0,0,80,0.07103005370959597,0.0,0.17334845445065705,0.2,0.385626199711664,0.0,0.36999529212808313,0.8,0.45665625342125993,0.45665625342125993,0.0,0.0,0.2,0.0,0.8,0.04931524391541949,0.04931524391541949,1.0,0.08339526799802845,0.1521029263012488,0.42257622933865086,0.3419255763620717,0.2036705047529202,0.2036705047529202,0.0,0.04169763399901422,0.17605146315062442,0.21128811466932543,0.5709627881810359,0.0,0.0,1.0,0.07103005370959597,0.17334845445065705,0.385626199711664,0.36999529212808313
84,0.45665625342125993,0.0,0.25562149183974703,136,44,0.0,0,0,80,0.07103005370959597,0.0,0.17334845445065705,0.2,0.385626199711664,0.0,0.36999529212808313,0.8,0.45665625342125993,0.45665625342125993,0.0,0.0,0.2,0.0,0.8,0.04931524391541949,0.04931524391541949,1.0,0.08339526799802845,0.1521029263012488,0.42257622933865086,0.3419255763620717,0.2036705047529202,0.2036705047529202,0.0,0.04169763399901422,0.17605146315062442,0.21128811466932543,0.5709627881810359,0.0,0.0,1.0,0.07103005370959597,0.17334845445065705,0.385626199711664,0.36999529212808313
85,0.45665625342125993,0.0,0.25562149183974703,150,44,0.0,0,0,80,0.07103005370959597,0.0,0.17334845445065705,0.2,0.385626199711664,0.0,0.36999529212808313,0.8,0.45665625342125993,0.45665625342125993,0.0,0.0,0.2,0.0,0.8,0.04931524391541949,0.04931524391541949,1.0,0.08339526799802845,0.1521029263012488,0.42257622933865086,0.3419255763620717,0.2036705047529202,0.2036705047529202,0.0,0.04169763399901422,0.17605146315062442,0.21128811466932543,0.5709627881810359,0.0,0.0,1.0,0.07103005370959597,0.17334845445065705,0.385626199711664,0.36999529212808313
86,0.45665625342125993,0.0,0.25562149183974703,125,44,0.0,0,0,80,0.07103005370959597,0.0,0.17334845445065705,0.2,0.385626199711664,0.0,0.36999529212808313,0.8,0.45665625342125993,0.45665625342125993,0.0,0.0,0.2,0.0,0.8,0.04931524391541949,0.04931524391541949,1.0,0.08339526799802845,0.1521029263012488,0.42257622933865086,0.3419255763620717,0.2036705047529202,0.2036705047529202,0.0,0.04169763399901422,0.17605146315062442,0.21128811466932543,0.5709627881810359,0.0,0.0,1.0,0.07103005370959597,0.17334845445065705,0.385626199711664,0.36999529212808313
87,0.45665625342125993,0.0,0.25562149183974703,141,44,0.0,0,0,80,0.07103005370959597,0.0,0.17334845445065705,0.2,0.385626199711664,0.0,0.36999529212808313,0.8,0.45665625342125993,0.45665625342125993,0.0,0.0,0.2,0.0,0.8,0.04931524391541949,0.04931524391541949,1.0,0.08339526799802845,0.1521029263012488,0.42257622933865086,0.3419255763620717,0.2036705047529202,0.2036705047529202,0.0,0.04169763399901422,0.17605146315062442,0.21128811466932543,0.5709627881810359,0.0,0.0,1.0,0.07103005370959597,0.17334845445065705,0.385626199711664,0.36999529212808313
88,0.45665625342125993,0.0,0.25562149183974703,128,44,0.0,0,0,80,0.07103005370959597,0.0,0.17334845445065705,0.2,0.385626199711664,0.0,0.36999529212808313,0.8,0.45665625342125993,0.45665625342125993,0.0,0.0,0.2,0.0,0.8,0.04931524391541949,0.04931524391541949,1.0,0.08339526799802845,0.1521029263012488,0.42257622933865086,0.3419255763620717,0.2036705047529202,0.2036705047529202,0.0,0.04169763399901422,0.17605146315062442,0.21128811466932543,0.5709627881810359,0.0,0.0,1.0,0.07103005370959597,0.17334845445065705,0.385626199711664,0.36999529212808313
89,0.45665625342125993,0.0,0.25562149183974703,129,44,0.0,0,0,80,0.07103005370959597,0.0,0.17334845445065705,0.2,0.385626199711664,0.0,0.36999529212808313,0.8,0.45665625342125993,0.45665625342125993,0.0,0.0,0.2,0.0,0.8,0.04931524391541949,0.04931524391541949,1.0,0.08339526799802845,0.1521029263012488,0.42257622933865086,0.3419255763620717,0.2036705047529202,0.2036705047529202,0.0,0.04169763399901422,0.17605146315062442,0.21128811466932543,0.5709627881810359,0.0,0.0,1.0,0.07103005370959597,0.17334845445065705,0.385626199711664,0.36999529212808313
90,0.45665625342125993,0.0,0.25562149183974703,143,37,0.0,0,1,90,0.07103005370959597,0.0,0.17334845445065705,0.2,0.385626199711664,0.0,0.36999529212808313,0.8,0.45665625342125993,0.45665625342125993,0.0,0.0,0.2,0.0,0.8,0.015893265436699465,0.015893265436699465,1.0,0.08511560643347969,0.1751561671634727,0.3833341609679873,0.3563940654350603,0.22243136972052643,0.22243136972052643,0.0,0.042557803216739847,0.18757808358173636,0.19166708048399364,0.5781970327175302,0.0,0.0,1.0,0.07103005370959597,0.17334845445065705,0.385626199711664,0.36999529212808313
91,0.45665625342125993,0.0,0.25562149183974703,132,37,0.0,0,0,90,0.07103005370959597,0.0,0.17334845445065705,0.2,0.385626199711664,0.0,0.36999529212808313,0.8,0.45665625342125993,0.45665625342125993,0.0,0.0,0.2,0.0,0.8,0.015893265436699465,0.015893265436699465,1.0,0.08511560643347969,0.1751561671634727,0.3833341609679873,0.3563940654350603,0.22243136972052643,0.22243136972052643,0.0,0.042557803216739847,0.18757808358173636,0.19166708048399364,0.5781970327175302,0.0,0.0,1.0,0.07103005370959597,0.17334845445065705,0.385626199711664,0.36999529212808313
92,0.45665625342125993,0.0,0.25562149183974703,134,37,0.0,0,0,90,0.07103005370959597,0.0,0.17334845445065705,0.2,0.385626199711664,0.0,0.36999529212808313,0.8,0.45665625342125993,0.45665625342125993,0.0,0.0,0.2,0.0,0.8,0.015893265436699465,0.015893265436699465,1.0,0.08511560643347969,0.1751561671634727,0.3833341609679873,0.3563940654350603,0.22243136972052643,0.22243136972052643,0.0,0.042557803216739847,0.18757808358173636,0.19166708048399364,0.5781970327175302,0.0,0.0,1.0,0.07103005370959597,0.17334845445065705,0.385626199711664,0.36999529212808313
93,0.45665625342125993,0.0,0.25562149183974703,140,37,0.0,0,0,90,0.07103005370959597,0.0,0.17334845445065705,0.2,0.385626199711664,0.0,0.36999529212808313,0.8,0.45665625342125993,0.45665625342125993,0.0,0.0,0.2,0.0,0.8,0.015893265436699465,0.015893265436699465,1.0,0.08511560643347969,0.1751561671634727,0.3833341609679873,0.3563940654350603,0.22243136972052643,0.22243136972052643,0.0,0.042557803216739847,0.18757808358173636,0.19166708048399364,0.5781970327175302,0.0,0.0,1.0,0.07103005370959597,0.17334845445065705,0.385626199711664,0.36999529212808313
94,0.45665625342125993,0.0,0.25562149183974703,129,37,0.0,0,0,90,0.07103005370959597,0.0,0.17334845445065705,0.2,0.385626199711664,0.0,0.36999529212808313,0.8,0.45665625342125993,0.45665625342125993,0.0,0.0,0.2,0.0,0.8,0.015893265436699465,0.015893265436699465,1.0,0.08511560643347969,0.1751561671634727,0.3833341609679873,0.3563940654350603,0.22243136972052643,0.22243136972052643,0.0,0.042557803216739847,0.18757808358173636,0.19166708048399364,0.5781970327175302,0.0,0.0,1.0,0.07103005370959597,0.17334845445065705,0.385626199711664,0.36999529212808313
95,0.45665625342125993,0.0,0.25562149183974703,128,37,0.0,0,0,90,0.07103005370959597,0.0,0.17334845445065705,0.2,0.385626199711664,0.0,0.36999529212808313,0.8,0.45665625342125993,0.45665625342125993,0.0,0.0,0.2,0.0,0.8,0.015893265436699465,0.015893265436699465,1.0,0.08511560643347969,0.1751561671634727,0.3833341609679873,0.3563940654350603,0.22243136972052643,0.22243136972052643,0.0,0.042557803216739847,0.18757808358173636,0.19166708048399364,0.5781970327175302,0.0,0.0,1.0,0.07103005370959597,0.17334845445065705,0.385626199711664,0.36999529212808313
96,0.45665625342125993,0.0,0.25562149183974703,114,37,0.0,0,0,90,0.07103005370959597,0.0,0.17334845445065705,0.2,0.385626199711664,0.0,0.36999529212808313,0.8,0.45665625342125993,0.45665625342125993,0.0,0.0,0.2,0.0,0.8,0.015893265436699465,0.015893265436699465,1.0,0.08511560643347969,0.1751561671634727,0.3833341609679873,0.3563940654350603,0.22243136972052643,0.22243136972052643,0.0,0.042557803216739847,0.18757808358173636,0.19166708048399364,0.5781970327175302,0.0,0.0,1.0,0.07103005370959597,0.17334845445065705,0.385626199711664,0.36999529212808313
97,0.45665625342125993,0.0,0.25562149183974703,148,37,0.0,0,0,90,0.07103005370959597,0.0,0.17334845445065705,0.2,0.385626199711664,0.0,0.36999529212808313,0.8,0.45665625342125993,0.45665625342125993,0.0,0.0,0.2,0.0,0.8,0.015893265436699465,0.015893265436699465,1.0,0.08511560643347969,0.1751561671634727,0.3833341609679873,0.3563940654350603,0.22243136972052643,0.22243136972052643,0.0,0.042557803216739847,0.18757808358173636,0.19166708048399364,0.5781970327175302,0.0,0.0,1.0,0.07103005370959597,0.17334845445065705,0.385626199711664,0.36999529212808313
98,0.45665625342125993,0.0,0.25562149183974703,125,37,0.0,0,0,90,0.07103005370959597,0.0,0.17334845445065705,0.2,0.385626199711664,0.0,0.36999529212808313,0.8,0.45665625342125993,0.45665625342125993,0.0,0.0,0.2,0.0,0.8,0.015893265436699465,0.015893265436699465,1.0,0.08511560643347969,0.1751561671634727,0.3833341609679873,0.3563940654350603,0.22243136972052643,0.22243136972052643,0.0,0.042557803216739847,0.18757808358173636,0.19166708048399364,0.5781970327175302,0.0,0.0,1.0,0.07103005370959597,0.17334845445065705,0.385626199711664,0.36999529212808313
99,0.45665625342125993,0.0,0.25562149183974703,122,37,0.0,0,0,90,0.07103005370959597,0.0,0.17334845445065705,0.2,0.385626199711664,0.0,0.36999529212808313,0.8,0.45665625342125993,0.45665625342125993,0.0,0.0,0.2,0.0,0.8,0.015893265436699465,0.015893265436699465,1.0,0.08511560643347969,0.1751561671634727,0.3833341609679873,0.3563940654350603,0.22243136972052643,0.22243136972052643,0.0,0.042557803216739847,0.18757808358173636,0.19166708048399364,0.5781970327175302,0.0,0.0,1.0,0.07103005370959597,0.17334845445065705,0.385626199711664,0.36999529212808313
100,0.15397465416232098,0.0,0.25562149183974703,100,20,0.0,0,1,100,0.07103005370959597,0.1,0.17334845445065705,0.05333333333333334,0.385626199711664,0.3516666666666667,0.36999529212808313,0.495,0.43407292008792653,0.43407292008792653,0.0,0.005,0.19266666666666668,0.017583333333333333,0.78475,0.13899382229514853,0.13899382229514853,0.0,0.05775848974406416,0.18962428853507918,0.2599039413820472,0.49271328033880946,0.28653337119153754,0.28653337119153754,0.0,0.03137924487203208,0.19114547760087292,0.13874363735769027,0.6387316401694048,0.0,0.0,1.0,0.07103005370959597,0.17334845445065705,0.385626199711664,0.36999529212808313
101,0.43000470787191697,0.0,0.25562149183974703,108,24,0.0,0,0,100,0.07103005370959597,0.0,0.17334845445065705,0.0,0.385626199711664,0.2,0.36999529212808313,0.8,0.43407292008792653,0.43407292008792653,0.0,0.005,0.19266666666666668,0.017583333333333333,0.78475,0.13899382229514853,0.13899382229514853,0.0,0.05775848974406416,0.18962428853507918,0.2599039413820472,0.49271328033880946,0.28653337119153754,0.28653337119153754,0.0,0.03137924487203208,0.19114547760087292,0.13874363735769027,0.6387316401694048,0.0,0.0,1.0,0.07103005370959597,0.17334845445065705,0.385626199711664,0.36999529212808313
102,0.43000470787191697,0.0,0.25562149183974703,126,28,0.0,0,0,100,0.07103005370959597,0.0,0.17334845445065705,0.0,0.385626199711664,0.2,0.36999529212808313,0.8,0.43407292008792653,0.43407292008792653,0.0,0.005,0.19266666666666668,0.017583333333333333,0.78475,0.13899382229514853,0.13899382229514853,0.0,0.05775848974406416,0.18962428853507918,0.2599039413820472,0.49271328033880946,0.28653337119153754,0.28653337119153754,0.0,0.03137924487203208,0.19114547760087292,0.13874363735769027,0.6387316401694048,0.0,0.0,1.0,0.07103005370959597,0.17334845445065705,0.385626199711664,0.36999529212808313
103,0.43000470787191697,0.0,0.25562149183974703,106,32,0.0,0,0,100,0.07103005370959597,0.0,0.17334845445065705,0.0,0.385626199711664,0.2,0.36999529212808313,0.8,0.43407292008792653,0.43407292008792653,0.0,0.005,0.19266666666666668,0.017583333333333333,0.78475,0.13899382229514853,0.13899382229514853,0.0,0.05775848974406416,0.18962428853507918,0.2599039413820472,0.49271328033880946,0.28653337119153754,0.28653337119153754,0.0,0.03137924487203208,0.19114547760087292,0.13874363735769027,0.6387316401694048,0.0,0.0,1.0,0.07103005370959597,0.17334845445065705,0.385626199711664,0.36999529212808313
104,0.43000470787191697,0.0,0.25562149183974703,110,36,0.0,0,0,100,0.07103005370959597,0.0,0.17334845445065705,0.0,0.385626199711664,0.2,0.36999529212808313,0.8,0.43407292008792653,0.43407292008792653,0.0,0.005,0.19266666666666668,0.017583333333333333,0.78475,0.13899382229514853,0.13899382229514853,0.0,0.05775848974406416,0.18962428853507918,0.2599039413820472,0.49271328033880946,0.28653337119153754,0.28653337119153754,0.0,0.03137924487203208,0.19114547760087292,0.13874363735769027,0.6387316401694048,0.0,0.0,1.0,0.07103005370959597,0.17334845445065705,0.385626199711664,0.36999529212808313
105,0.43000470787191697,0.0,0.25562149183974703,106,40,0.0,0,0,100,0.07103005370959597,0.0,0.17334845445065705,0.0,0.385626199711664,0.2,0.36999529212808313,0.8,0.43407292008792653,0.43407292008792653,0.0,0.005,0.19266666666666668,0.017583333333333333,0.78475,0.13899382229514853,0.13899382229514853,0.0,0.05775848974406416,0.18962428853507918,0.2599039413820472,0.49271328033880946,0.28653337119153754,0.28653337119153754,0.0,0.03137924487203208,0.19114547760087292,0.13874363735769027,0.6387316401694048,0.0,0.0,1.0,0.07103005370959597,0.17334845445065705,0.385626199711664,0.36999529212808313
106,0.43000470787191697,0.0,0.25562149183974703,101,40,0.0,0,0,100,0.07103005370959597,0.0,0.17334845445065705,0.0,0.385626199711664,0.2,0.36999529212808313,0.8,0.43407292008792653,0.43407292008792653,0.0,0.005,0.19266666666666668,0.017583333333333333,0.78475,0.13899382229514853,0.13899382229514853,0.0,0.05775848974406416,0.18962428853507918,0.2599039413820472,0.49271328033880946,0.28653337119153754,0.28653337119153754,0.0,0.03137924487203208,0.19114547760087292,0.13874363735769027,0.6387316401694048,0.0,0.0,1.0,0.07103005370959597,0.17334845445065705,0.385626199711664,0.36999529212808313
107,0.43000470787191697,0.0,0.25562149183974703,102,40,0.0,0,0,100,0.07103005370959597,0.0,0.17334845445065705,0.0,0.385626199711664,0.2,0.36999529212808313,0.8,0.43407292008792653,0.43407292008792653,0.0,0.005,0.19266666666666668,0.017583333333333333,0.78475,0.13899382229514853,0.13899382229514853,0.0,0.05775848974406416,0.18962428853507918,0.2599039413820472,0.49271328033880946,0.28653337119153754,0.28653337119153754,0.0,0.03137924487203208,0.19114547760087292,0.13874363735769027,0.6387316401694048,0.0,0.0,1.0,0.07103005370959597,0.17334845445065705,0.385626199711664,0.36999529212808313
108,0.43000470787191697,0.0,0.25562149183974703,120,40,0.0,0,0,100,0.07103005370959597,0.0,0.17334845445065705,0.0,0.385626199711664,0.2,0.36999529212808313,0.8,0.43407292008792653,0.43407292008792653,0.0,0.005,0.19266666666666668,0.017583333333333333,0.78475,0.13899382229514853,0.13899382229514853,0.0,0.05775848974406416,0.18962428853507918,0.2599039413820472,0.49271328033880946,0.28653337119153754,0.28653337119153754,0.0,0.03137924487203208,0.19114547760087292,0.13874363735769027,0.6387316401694048,0.0,0.0,1.0,0.07103005370959597,0.17334845445065705,0.385626199711664,0.36999529212808313
109,0.43000470787191697,0.0,0.25562149183974703,120,40,0.0,0,0,100,0.07103005370959597,0.0,0.17334845445065705,0.0,0.385626199711664,0.2,0.36999529212808313,0.8,0.43407292008792653,0.43407292008792653,0.0,0.005,0.19266666666666668,0.017583333333333333,0.78475,0.13899382229514853,0.13899382229514853,0.0,0.05775848974406416,0.18962428853507918,0.2599039413820472,0.49271328033880946,0.28653337119153754,0.28653337119153754,0.0,0.03137924487203208,0.19114547760087292,0.13874363735769027,0.6387316401694048,0.0,0.0,1.0,0.07103005370959597,0.17334845445065705,0.385626199711664,0.36999529212808313
110,0.43000470787191697,0.0,0.25562149183974703,116,40,0.0,0,1,110,0.07103005370959597,0.0,0.17334845445065705,0.0,0.385626199711664,0.2,0.36999529212808313,0.8,0.41475470787191693,0.41475470787191693,0.0,0.005,0.09266666666666666,0.11758333333333333,0.78475,0.08858342475448652,0.08858342475448652,0.0,0.1112717199858153,0.14409398647714788,0.3262972429306865,0.4183370506063502,0.2315482331750921,0.2315482331750921,0.0,0.05813585999290765,0.11838032657190728,0.22194028813200992,0.6015435253031751,0.0,0.0,1.0,0.07103005370959597,0.17334845445065705,0.385626199711664,0.36999529212808313
111,0.43000470787191697,0.0,0.25562149183974703,126,40,0.0,0,0,110,0.07103005370959597,0.0,0.17334845445065705,0.0,0.385626199711664,0.2,0.36999529212808313,0.8,0.41475470787191693,0.41475470787191693,0.0,0.005,0.09266666666666666,0.11758333333333333,0.78475,0.08858342475448652,0.08858342475448652,0.0,0.1112717199858153,0.14409398647714788,0.3262972429306865,0.4183370506063502,0.2315482331750921,0.2315482331750921,0.0,0.05813585999290765,0.11838032657190728,0.22194028813200992,0.6015435253031751,0.0,0.0,1.0,0.07103005370959597,0.17334845445065705,0.385626199711664,0.36999529212808313
112,0.43000470787191697,0.0,0.25562149183974703,121,40,0.0,0,0,110,0.07103005370959597,0.0,0.17334845445065705,0.0,0.385626199711664,0.2,0.36999529212808313,0.8,0.41475470787191693,0.41475470787191693,0.0,0.005,0.09266666666666666,0.11758333333333333,0.78475,0.08858342475448652,0.08858342475448652,0.0,0.1112717199858153,0.14409398647714788,0.3262972429306865,0.4183370506063502,0.2315482331750921,0.2315482331750921,0.0,0.05813585999290765,0.11838032657190728,0.22194028813200992,0.6015435253031751,0.0,0.0,1.0,0.07103005370959597,0.17334845445065705,0.385626199711664,0.36999529212808313
113,0.43000470787191697,0.0,0.25562149183974703,135,40,0.0,0,0,110,0.07103005370959597,0.0,0.17334845445065705,0.0,0.385626199711664,0.2,0.36999529212808313,0.8,0.41475470787191693,0.41475470787191693,0.0,0.005,0.09266666666666666,0.11758333333333333,0.78475,0.08858342475448652,0.08858342475448652,0.0,0.1112717199858153,0.14409398647714788,0.3262972429306865,0.4183370506063502,0.2315482331750921,0.2315482331750921,0.0,0.05813585999290765,0.11838032657190728,0.22194028813200992,0.6015435253031751,0.0,0.0,1.0,0.07103005370959597,0.17334845445065705,0.385626199711664,0.36999529212808313
114,0.43000470787191697,0.0,0.25562149183974703,122,40,0.0,0,0,110,0.07103005370959597,0.0,0.17334845445065705,0.0,0.385626199711664,0.2,0.36999529212808313,0.8,0.41475470787191693,0.41475470787191693,0.0,0.005,0.09266666666666666,0.11758333333333333,0.78475,0.08858342475448652,0.08858342475448652,0.0,0.1112717199858153,0.14409398647714788,0.3262972429306865,0.4183370506063502,0.2315482331750921,0.2315482331750921,0.0,0.05813585999290765,0.11838032657190728,0.22194028813200992,0.6015435253031751,0.0,0.0,1.0,0.07103005370959597,0.17334845445065705,0.385626199711664,0.36999529212808313
115,0.43000470787191697,0.0,0.25562149183974703,121,40,0.0,0,0,110,0.07103005370959597,0.0,0.17334845445065705,0.0,0.385626199711664,0.2,0.36999529212808313,0.8,0.41475470787191693,0.41475470787191693,0.0,0.005,0.09266666666666666,0.11758333333333333,0.78475,0.08858342475448652,0.08858342475448652,0.0,0.1112717199858153,0.14409398647714788,0.3262972429306865,0.4183370506063502,0.2315482331750921,0.2315482331750921,0.0,0.05813585999290765,0.11838032657190728,0.22194028813200992,0.6015435253031751,0.0,0.0,1.0,0.07103005370959597,0.17334845445065705,0.385626199711664,0.36999529212808313
116,0.43000470787191697,0.0,0.25562149183974703,108,40,0.0,0,0,110,0.07103005370959597,0.0,0.17334845445065705,0.0,0.385626199711664,0.2,0.36999529212808313,0.8,0.41475470787191693,0.41475470787191693,0.0,0.005,0.09266666666666666,0.11758333333333333,0.78475,0.08858342475448652,0.08858342475448652,0.0,0.1112717199858153,0.14409398647714788,0.3262972429306865,0.4183370506063502,0.2315482331750921,0.2315482331750921,0.0,0.05813585999290765,0.11838032657190728,0.22194028813200992,0.6015435253031751,0.0,0.0,1.0,0.07103005370959597,0.17334845445065705,0.385626199711664,0.36999529212808313
117,0.43000470787191697,0.0,0.25562149183974703,120,40,0.0,0,0,110,0.07103005370959597,0.0,0.17334845445065705,0.0,0.385626199711664,0.2,0.36999529212808313,0.8,0.41475470787191693,0.41475470787191693,0.0,0.005,0.09266666666666666,0.11758333333333333,0.78475,0.08858342475448652,0.08858342475448652,0.0,0.1112717199858153,0.14409398647714788,0.3262972429306865,0.4183370506063502,0.2315482331750921,0.2315482331750921,0.0,0.05813585999290765,0.11838032657190728,0.22194028813200992,0.6015435253031751,0.0,0.0,1.0,0.07103005370959597,0.17334845445065705,0.385626199711664,0.36999529212808313
118,0.43000470787191697,0.0,0.25562149183974703,124,40,0.0,0,0,110,0.07103005370959597,0.0,0.17334845445065705,0.0,0.385626199711664,0.2,0.36999529212808313,0.8,0.41475470787191693,0.41475470787191693,0.0,0.005,0.09266666666666666,0.11758333333333333,0.78475,0.08858342475448652,0.08858342475448652,0.0,0.1112717199858153,0.14409398647714788,0.3262972429306865,0.4183370506063502,0.2315482331750921,0.2315482331750921,0.0,0.05813585999290765,0.11838032657190728,0.22194028813200992,0.6015435253031751,0.0,0.0,1.0,0.07103005370959597,0.17334845445065705,0.385626199711664,0.36999529212808313
119,0.43000470787191697,0.0,0.25562149183974703,125,40,0.0,0,0,110,0.07103005370959597,0.0,0.17334845445065705,0.0,0.385626199711664,0.2,0.36999529212808313,0.8,0.41475470787191693,0.41475470787191693,0.0,0.005,0.09266666666666666,0.11758333333333333,0.78475,0.08858342475448652,0.08858342475448652,0.0,0.1112717199858153,0.14409398647714788,0.3262972429306865,0.4183370506063502,0.2315482331750921,0.2315482331750921,0.0,0.05813585999290765,0.11838032657190728,0.22194028813200992,0.6015435253031751,0.0,0.0,1.0,0.07103005370959597,0.17334845445065705,0.385626199711664,0.36999529212808313
120,0.43000470787191697,0.0,0.25562149183974703,120,40,0.0,0,1,120,0.07103005370959597,0.0,0.17334845445065705,0.0,0.385626199711664,0.2,0.36999529212808313,0.8,0.43000470787191697,0.43000470787191697,0.0,0.0,0.0,0.2,0.8,0.14062731304251663,0.14062731304251663,0.0,0.08928975854028443,0.20546876492975077,0.24499888666914726,0.4602425898608175,0.26012600280232573,0.26012600280232573,0.0,0.04464487927014221,0.10273438246487539,0.22249944333457364,0.6301212949304088,0.0,0.0,1.0,0.07103005370959597,0.17334845445065705,0.385626199711664,0.36999529212808313
121,0.43000470787191697,0.0,0.25562149183974703,138,40,0.0,0,0,120,0.07103005370959597,0.0,0.17334845445065705,0.0,0.385626199711664,0.2,0.36999529212808313,0.8,0.43000470787191697,0.43000470787191697,0.0,0.0,0.0,0.2,0.8,0.14062731304251663,0.14062731304251663,0.0,0.08928975854028443,0.20546876492975077,0.24499888666914726,0.4602425898608175,0.26012600280232573,0.26012600280232573,0.0,0.04464487927014221,0.10273438246487539,0.22249944333457364,0.6301212949304088,0.0,0.0,1.0,0.07103005370959597,0.17334845445065705,0.385626199711664,0.36999529212808313
122,0.43000470787191697,0.0,0.25562149183974703,117,40,0.0,0,0,120,0.07103005370959597,0.0,0.17334845445065705,0.0,0.385626199711664,0.2,0.36999529212808313,0.8,0.43000470787191697,0.43000470787191697,0.0,0.0,0.0,0.2,0.8,0.14062731304251663,0.14062731304251663,0.0,0.08928975854028443,0.20546876492975077,0.24499888666914726,0.4602425898608175,0.26012600280232573,0.26012600280232573,0.0,0.04464487927014221,0.10273438246487539,0.22249944333457364,0.6301212949304088,0.0,0.0,1.0,0.07103005370959597,0.17334845445065705,0.385626199711664,0.36999529212808313
123,0.43000470787191697,0.0,0.25562149183974703,119,40,0.0,0,0,120,0.07103005370959597,0.0,0.17334845445065705,0.0,0.385626199711664,0.2,0.36999529212808313,0.8,0.43000470787191697,0.43000470787191697,0.0,0.0,0.0,0.2,0.8,0.14062731304251663,0.14062731304251663,0.0,0.08928975854028443,0.20546876492975077,0.24499888666914726,0.4602425898608175,0.26012600280232573,0.26012600280232573,0.0,0.04464487927014221,0.10273438246487539,0.22249944333457364,0.6301212949304088,0.0,0.0,1.0,0.07103005370959597,0.17334845445065705,0.385626199711664,0.36999529212808313
124,0.43000470787191697,0.0,0.25562149183974703,104,40,0.0,0,0,120,0.07103005370959597,0.0,0.17334845445065705,0.0,0.385626199711664,0.2,0.36999529212808313,0.8,0.43000470787191697,0.43000470787191697,0.0,0.0,0.0,0.2,0.8,0.14062731304251663,0.14062731304251663,0.0,0.08928975854028443,0.20546876492975077,0.24499888666914726,0.4602425898608175,0.26012600280232573,0.26012600280232573,0.0,0.04464487927014221,0.10273438246487539,0.22249944333457364,0.6301212949304088,0.0,0.0,1.0,0.07103005370959597,0.17334845445065705,0.385626199711664,0.36999529212808313
125,0.43000470787191697,0.0,0.25562149183974703,109,40,0.0,0,0,120,0.07103005370959597,0.0,0.17334845445065705,0.0,0.385626199711664,0.2,0.36999529212808313,0.8,0.43000470787191697,0.43000470787191697,0.0,0.0,0.0,0.2,0.8,0.14062731304251663,0.14062731304251663,0.0,0.08928975854028443,0.20546876492975077,0.24499888666914726,0.4602425898608175,0.26012600280232573,0.26012600280232573,0.0,0.04464487927014221,0.10273438246487539,0.22249944333457364,0.6301212949304088,0.0,0.0,1.0,0.07103005370959597,0.17334845445065705,0.385626199711664,0.36999529212808313
126,0.43000470787191697,0.0,0.25562149183974703,117,40,0.0,0,0,120,0.07103005370959597,0.0,0.17334845445065705,0.0,0.385626199711664,0.2,0.36999529212808313,0.8,0.43000470787191697,0.43000470787191697,0.0,0.0,0.0,0.2,0.8,0.14062731304251663,0.14062731304251663,0.0,0.08928975854028443,0.20546876492975077,0.24499888666914726,0.4602425898608175,0.26012600280232573,0.26012600280232573,0.0,0.04464487927014221,0.10273438246487539,0.22249944333457364,0.6301212949304088,0.0,0.0,1.0,0.07103005370959597,0.17334845445065705,0.385626199711664,0.36999529212808313
127,0.43000470787191697,0.0,0.25562149183974703,123,40,0.0,0,0,120,0.07103005370959597,0.0,0.17334845445065705,0.0,0.385626199711664,0.2,0.36999529212808313,0.8,0.43000470787191697,0.43000470787191697,0.0,0.0,0.0,0.2,0.8,0.14062731304251663,0.14062731304251663,0.0,0.08928975854028443,0.20546876492975077,0.24499888666914726,0.4602425898608175,0.26012600280232573,0.26012600280232573,0.0,0.04464487927014221,0.10273438246487539,0.22249944333457364,0.6301212949304088,0.0,0.0,1.0,0.07103005370959597,0.17334845445065705,0.385626199711664,0.36999529212808313
128,0.43000470787191697,0.0,0.25562149183974703,111,40,0.0,0,0,120,0.07103005370959597,0.0,0.17334845445065705,0.0,0.385626199711664,0.2,0.36999529212808313,0.8,0.43000470787191697,0.43000470787191697,0.0,0.0,0.0,0.2,0.8,0.14062731304251663,0.14062731304251663,0.0,0.08928975854028443,0.20546876492975077,0.24499888666914726,0.4602425898608175,0.26012600280232573,0.26012600280232573,0.0,0.04464487927014221,0.10273438246487539,0.22249944333457364,0.6301212949304088,0.0,0.0,1.0,0.07103005370959597,0.17334845445065705,0.385626199711664,0.36999529212808313
129,0.43000470787191697,0.0,0.25562149183974703,134,40,0.0,0,0,120,0.07103005370959597,0.0,0.17334845445065705,0.0,0.385626199711664,0.2,0.36999529212808313,0.8,0.43000470787191697,0.43000470787191697,0.0,0.0,0.0,0.2,0.8,0.14062731304251663,0.14062731304251663,0.0,0.08928975854028443,0.20546876492975077,0.24499888666914726,0.4602425898608175,0.26012600280232573,0.26012600280232573,0.0,0.04464487927014221,0.10273438246487539,0.22249944333457364,0.6301212949304088,0.0,0.0,1.0,0.07103005370959597,0.17334845445065705,0.385626199711664,0.36999529212808313
130,0.43000470787191697,0.0,0.25562149183974703,117,40,0.0,0,1,130,0.07103005370959597,0.0,0.17334845445065705,0.0,0.385626199711664,0.2,0.36999529212808313,0.8,0.43000470787191697,0.43000470787191697,0.0,0.0,0.0,0.2,0.8,0.08863150957154337,0.08863150957154337,1.0,0.10671460969511189,0.22629540803668444,0.34260253862190293,0.3243874436463008,0.19219842969506734,0.19219842969506734,0.0,0.05335730484755594,0.11314770401834222,0.27130126931095144,0.5621937218231504,0.0,0.0,1.0,0.07103005370959597,0.17334845445065705,0.385626199711664,0.36999529212808313
131,0.43000470787191697,0.0,0.25562149183974703,120,40,0.0,0,0,130,0.07103005370959597,0.0,0.17334845445065705,0.0,0.385626199711664,0.2,0.36999529212808313,0.8,0.43000470787191697,0.43000470787191697,0.0,0.0,0.0,0.2,0.8,0.08863150957154337,0.08863150957154337,1.0,0.10671460969511189,0.22629540803668444,0.34260253862190293,0.3243874436463008,0.19219842969506734,0.19219842969506734,0.0,0.05335730484755594,0.11314770401834222,0.27130126931095144,0.5621937218231504,0.0,0.0,1.0,0.07103005370959597,0.17334845445065705,0.385626199711664,0.36999529212808313
132,0.43000470787191697,0.0,0.25562149183974703,120,40,0.0,0,0,130,0.07103005370959597,0.0,0.17334845445065705,0.0,0.385626199711664,0.2,0.36999529212808313,0.8,0.43000470787191697,0.43000470787191697,0.0,0.0,0.0,0.2,0.8,0.08863150957154337,0.08863150957154337,1.0,0.10671460969511189,0.22629540803668444,0.34260253862190293,0.3243874436463008,0.19219842969506734,0.19219842969506734,0.0,0.05335730484755594,0.11314770401834222,0.27130126931095144,0.5621937218231504,0.0,0.0,1.0,0.07103005370959597,0.17334845445065705,0.385626199711664,0.36999529212808313
133,0.43000470787191697,0.0,0.25562149183974703,134,40,0.0,0,0,130,0.07103005370959597,0.0,0.17334845445065705,0.0,0.385626199711664,0.2,0.36999529212808313,0.8,0.43000470787191697,0.43000470787191697,0.0,0.0,0.0,0.2,0.8,0.08863150957154337,0.08863150957154337,1.0,0.10671460969511189,0.22629540803668444,0.34260253862190293,0.3243874436463008,0.19219842969506734,0.19219842969506734,0.0,0.05335730484755594,0.11314770401834222,0.27130126931095144,0.5621937218231504,0.0,0.0,1.0,0.07103005370959597,0.17334845445065705,0.385626199711664,0.36999529212808313
134,0.43000470787191697,0.0,0.25562149183974703,115,40,0.0,0,0,130,0.07103005370959597,0.0,0.17334845445065705,0.0,0.385626199711664,0.2,0.36999529212808313,0.8,0.43000470787191697,0.43000470787191697,0.0,0.0,0.0,0.2,0.8,0.08863150957154337,0.08863150957154337,1.0,0.10671460969511189,0.22629540803668444,0.34260253862190293,0.3243874436463008,0.19219842969506734,0.19219842969506734,0.0,0.05335730484755594,0.11314770401834222,0.27130126931095144,0.5621937218231504,0.0,0.0,1.0,0.07103005370959597,0.17334845445065705,0.385626199711664,0.36999529212808313
135,0.43000470787191697,0.0,0.25562149183974703,109,40,0.0,0,0,130,0.07103005370959597,0.0,0.17334845445065705,0.0,0.385626199711664,0.2,0.36999529212808313,0.8,0.43000470787191697,0.43000470787191697,0.0,0.0,0.0,0.2,0.8,0.08863150957154337,0.08863150957154337,1.0,0.10671460969511189,0.22629540803668444,0.34260253862190293,0.3243874436463008,0.19219842969506734,0.19219842969506734,0.0,0.05335730484755594,0.11314770401834222,0.27130126931095144,0.5621937218231504,0.0,0.0,1.0,0.07103005370959597,0.17334845445065705,0.385626199711664,0.36999529212808313
136,0.43000470787191697,0.0,0.25562149183974703,137,40,0.0,0,0,130,0.07103005370959597,0.0,0.17334845445065705,0.0,0.385626199711664,0.2,0.36999529212808313,0.8,0.43000470787191697,0.43000470787191697,0.0,0.0,0.0,0.2,0.8,0.08863150957154337,0.08863150957154337,1.0,0.10671460969511189,0.22629540803668444,0.34260253862190293,0.3243874436463008,0.19219842969506734,0.19219842969506734,0.0,0.05335730484755594,0.11314770401834222,0.27130126931095144,0.5621937218231504,0.0,0.0,1.0,0.07103005370959597,0.17334845445065705,0.385626199711664,0.36999529212808313
137,0.43000470787191697,0.0,0.25562149183974703,134,40,0.0,0,0,130,0.07103005370959597,0.0,0.17334845445065705,0.0,0.385626199711664,0.2,0.36999529212808313,0.8,0.43000470787191697,0.43000470787191697,0.0,0.0,0.0,0.2,0.8,0.08863150957154337,0.08863150957154337,1.0,0.10671460969511189,0.22629540803668444,0.34260253862190293,0.3243874436463008,0.19219842969506734,0.19219842969506734,0.0,0.05335730484755594,0.11314770401834222,0.27130126931095144,0.5621937218231504,0.0,0.0,1.0,0.07103005370959597,0.17334845445065705,0.385626199711664,0.36999529212808313
138,0.43000470787191697,0.0,0.25562149183974703,114,40,0.0,0,0,130,0.07103005370959597,0.0,0.17334845445065705,0.0,0.385626199711664,0.2,0.36999529212808313,0.8,0.43000470787191697,0.43000470787191697,0.0,0.0,0.0,0.2,0.8,0.08863150957154337,0.08863150957154337,1.0,0.10671460969511189,0.22629540803668444,0.34260253862190293,0.3243874436463008,0.19219842969506734,0.19219842969506734,0.0,0.05335730484755594,0.11314770401834222,0.27130126931095144,0.5621937218231504,0.0,0.0,1.0,0.07103005370959597,0.17334845445065705,0.385626199711664,0.36999529212808313
139,0.43000470787191697,0.0,0.25562149183974703,105,40,0.0,0,0,130,0.07103005370959597,0.0,0.17334845445065705,0.0,0.385626199711664,0.2,0.36999529212808313,0.8,0.43000470787191697,0.43000470787191697,0.0,0.0,0.0,0.2,0.8,0.08863150957154337,0.08863150957154337,1.0,0.10671460969511189,0.22629540803668444,0.34260253862190293,0.3243874436463008,0.19219842969506734,0.19219842969506734,0.0,0.05335730484755594,0.11314770401834222,0.27130126931095144,0.5621937218231504,0.0,0.0,1.0,0.07103005370959597,0.17334845445065705,0.385626199711664,0.36999529212808313
140,0.43000470787191697,0.0,0.25562149183974703,106,40,0.0,0,1,140,0.07103005370959597,0.0,0.17334845445065705,0.0,0.385626199711664,0.2,0.36999529212808313,0.8,0.43000470787191697,0.43000470787191697,0.0,0.0,0.0,0.2,0.8,0.13148028480523594,0.13148028480523594,0.0,0.05263515006977027,0.11007860614661759,0.3358106668502932,0.501475576933319,0.28074249633857645,0.28074249633857645,0.0,0.026317575034885136,0.055039303073308794,0.2679053334251466,0.6507377884666595,0.0,0.0,1.0,0.07103005370959597,0.17334845445065705,0.385626199711664,0.36999529212808313
141,0.43000470787191697,0.0,0.25562149183974703,138,40,0.0,0,0,140,0.07103005370959597,0.0,0.17334845445065705,0.0,0.385626199711664,0.2,0.36999529212808313,0.8,0.43000470787191697,0.43000470787191697,0.0,0.0,0.0,0.2,0.8,0.13148028480523594,0.13148028480523594,0.0,0.05263515006977027,0.11007860614661759,0.3358106668502932,0.501475576933319,0.28074249633857645,0.28074249633857645,0.0,0.026317575034885136,0.055039303073308794,0.2679053334251466,0.6507377884666595,0.0,0.0,1.0,0.07103005370959597,0.17334845445065705,0.385626199711664,0.36999529212808313
142,0.43000470787191697,0.0,0.25562149183974703,112,40,0.0,0,0,140,0.07103005370959597,0.0,0.17334845445065705,0.0,0.385626199711664,0.2,0.36999529212808313,0.8,0.43000470787191697,0.43000470787191697,0.0,0.0,0.0,0.2,0.8,0.13148028480523594,0.13148028480523594,0.0,0.05263515006977027,0.11007860614661759,0.3358106668502932,0.501475576933319,0.28074249633857645,0.28074249633857645,0.0,0.026317575034885136,0.055039303073308794,0.2679053334251466,0.6507377884666595,0.0,0.0,1.0,0.07103005370959597,0.17334845445065705,0.385626199711664,0.36999529212808313
143,0.43000470787191697,0.0,0.25562149183974703,112,40,0.0,0,0,140,0.07103005370959597,0.0,0.17334845445065705,0.0,0.385626199711664,0.2,0.36999529212808313,0.8,0.43000470787191697,0.43000470787191697,0.0,0.0,0.0,0.2,0.8,0.13148028480523594,0.13148028480523594,0.0,0.05263515006977027,0.11007860614661759,0.3358106668502932,0.501475576933319,0.28074249633857645,0.28074249633857645,0.0,0.026317575034885136,0.055039303073308794,0.2679053334251466,0.6507377884666595,0.0,0.0,1.0,0.07103005370959597,0.17334845445065705,0.385626199711664,0.36999529212808313
144,0.43000470787191697,0.0,0.25562149183974703,126,40,0.0,0,0,140,0.07103005370959597,0.0,0.17334845445065705,0.0,0.385626199711664,0.2,0.36999529212808313,0.8,0.43000470787191697,0.43000470787191697,0.0,0.0,0.0,0.2,0.8,0.13148028480523594,0.13148028480523594,0.0,0.05263515006977027,0.11007860614661759,0.3358106668502932,0.501475576933319,0.28074249633857645,0.28074249633857645,0.0,0.026317575034885136,0.055039303073308794,0.2679053334251466,0.6507377884666595,0.0,0.0,1.0,0.07103005370959597,0.17334845445065705,0.385626199711664,0.36999529212808313
145,0.43000470787191697,0.0,0.25562149183974703,123,40,0.0,0,0,140,0.07103005370959597,0.0,0.17334845445065705,0.0,0.385626199711664,0.2,0.36999529212808313,0.8,0.43000470787191697,0.43000470787191697,0.0,0.0,0.0,0.2,0.8,0.13148028480523594,0.13148028480523594,0.0,0.05263515006977027,0.11007860614661759,0.3358106668502932,0.501475576933319,0.28074249633857645,0.28074249633857645,0.0,0.026317575034885136,0.055039303073308794,0.2679053334251466,0.6507377884666595,0.0,0.0,1.0,0.07103005370959597,0.17334845445065705,0.385626199711664,0.36999529212808313
146,0.43000470787191697,0.0,0.25562149183974703,105,40,0.0,0,0,140,0.07103005370959597,0.0,0.17334845445065705,0.0,0.385626199711664,0.2,0.36999529212808313,0.8,0.43000470787191697,0.43000470787191697,0.0,0.0,0.0,0.2,0.8,0.13148028480523594,0.13148028480523594,0.0,0.05263515006977027,0.11007860614661759,0.3358106668502932,0.501475576933319,0.28074249633857645,0.28074249633857645,0.0,0.026317575034885136,0.055039303073308794,0.2679053334251466,0.6507377884666595,0.0,0.0,1.0,0.07103005370959597,0.17334845445065705,0.385626199711664,0.36999529212808313
147,0.43000470787191697,0.0,0.25562149183974703,106,40,0.0,0,0,140,0.07103005370959597,0.0,0.17334845445065705,0.0,0.385626199711664,0.2,0.36999529212808313,0.8,0.43000470787191697,0.43000470787191697,0.0,0.0,0.0,0.2,0.8,0.13148028480523594,0.13148028480523594,0.0,0.05263515006977027,0.11007860614661759,0.3358106668502932,0.501475576933319,0.28074249633857645,0.28074249633857645,0.0,0.026317575034885136,0.055039303073308794,0.2679053334251466,0.6507377884666595,0.0,0.0,1.0,0.07103005370959597,0.17334845445065705,0.385626199711664,0.36999529212808313
148,0.43000470787191697,0.0,0.25562149183974703,118,40,0.0,0,0,140,0.07103005370959597,0.0,0.17334845445065705,0.0,0.385626199711664,0.2,0.36999529212808313,0.8,0.43000470787191697,0.43000470787191697,0.0,0.0,0.0,0.2,0.8,0.13148028480523594,0.13148028480523594,0.0,0.05263515006977027,0.11007860614661759,0.3358106668502932,0.501475576933319,0.28074249633857645,0.28074249633857645,0.0,0.026317575034885136,0.055039303073308794,0.2679053334251466,0.6507377884666595,0.0,0.0,1.0,0.07103005370959597,0.17334845445065705,0.385626199711664,0.36999529212808313
149,0.43000470787191697,0.0,0.25562149183974703,118,40,0.0,0,0,140,0.07103005370959597,0.0,0.17334845445065705,0.0,0.385626199711664,0.2,0.36999529212808313,0.8,0.43000470787191697,0.43000470787191697,0.0,0.0,0.0,0.2,0.8,0.13148028480523594,0.13148028480523594,0.0,0.05263515006977027,0.11007860614661759,0.3358106668502932,0.501475576933319,0.28074249633857645,0.28074249633857645,0.0,0.026317575034885136,0.055039303073308794,0.2679053334251466,0.6507377884666595,0.0,0.0,1.0,0.07103005370959597,0.17334845445065705,0.385626199711664,0.36999529212808313
150,0.43000470787191697,0.0,0.25562149183974703,113,40,0.0,0,1,150,0.07103005370959597,0.0,0.17334845445065705,0.0,0.385626199711664,0.2,0.36999529212808313,0.8,0.43000470787191697,0.43000470787191697,0.0,0.0,0.0,0.2,0.8,0.09010662124662697,0.09010662124662697,0.0,0.023787317010716815,0.13048456990290921,0.3888274953333422,0.45690061775303187,0.25845501674843285,0.25845501674843285,0.0,0.011893658505358408,0.06524228495145461,0.2944137476666711,0.628450308876516,0.0,0.0,1.0,0.07103005370959597,0.17334845445065705,0.385626199711664,0.36999529212808313
151,0.43000470787191697,0.0,0.25562149183974703,104,40,0.0,0,0,150,0.07103005370959597,0.0,0.17334845445065705,0.0,0.385626199711664,0.2,0.36999529212808313,0.8,0.43000470787191697,0.43000470787191697,0.0,0.0,0.0,0.2,0.8,0.09010662124662697,0.09010662124662697,0.0,0.023787317010716815,0.13048456990290921,0.3888274953333422,0.45690061775303187,0.25845501674843285,0.25845501674843285,0.0,0.011893658505358408,0.06524228495145461,0.2944137476666711,0.628450308876516,0.0,0.0,1.0,0.07103005370959597,0.17334845445065705,0.385626199711664,0.36999529212808313
152,0.43000470787191697,0.0,0.25562149183974703,121,40,0.0,0,0,150,0.07103005370959597,0.0,0.17334845445065705,0.0,0.385626199711664,0.2,0.36999529212808313,0.8,0.43000470787191697,0.43000470787191697,0.0,0.0,0.0,0.2,0.8,0.09010662124662697,0.09010662124662697,0.0,0.023787317010716815,0.13048456990290921,0.3888274953333422,0.45690061775303187,0.25845501674843285,0.25845501674843285,0.0,0.011893658505358408,0.06524228495145461,0.2944137476666711,0.628450308876516,0.0,0.0,1.0,0.07103005370959597,0.17334845445065705,0.385626199711664,0.36999529212808313
153,0.43000470787191697,0.0,0.25562149183974703,119,40,0.0,0,0,150,0.07103005370959597,0.0,0.17334845445065705,0.0,0.385626199711664,0.2,0.36999529212808313,0.8,0.43000470787191697,0.43000470787191697,0.0,0.0,0.0,0.2,0.8,0.09010662124662697,0.09010662124662697,0.0,0.023787317010716815,0.13048456990290921,0.3888274953333422,0.45690061775303187,0.25845501674843285,0.25845501674843285,0.0,0.011893658505358408,0.06524228495145461,0.2944137476666711,0.628450308876516,0.0,0.0,1.0,0.07103005370959597,0.17334845445065705,0.385626199711664,0.36999529212808313
154,0.43000470787191697,0.0,0.25562149183974703,122,40,0.0,0,0,150,0.07103005370959597,0.0,0.17334845445065705,0.0,0.385626199711664,0.2,0.36999529212808313,0.8,0.43000470787191697,0.43000470787191697,0.0,0.0,0.0,0.2,0.8,0.09010662124662697,0.09010662124662697,0.0,0.023787317010716815,0.13048456990290921,0.3888274953333422,0.45690061775303187,0.25845501674843285,0.25845501674843285,0.0,0.011893658505358408,0.06524228495145461,0.2944137476666711,0.628450308876516,0.0,0.0,1.0,0.07103005370959597,0.17334845445065705,0.385626199711664,0.36999529212808313
155,0.43000470787191697,0.0,0.25562149183974703,121,40,0.0,0,0,150,0.07103005370959597,0.0,0.17334845445065705,0.0,0.385626199711664,0.2,0.36999529212808313,0.8,0.43000470787191697,0.43000470787191697,0.0,0.0,0.0,0.2,0.8,0.09010662124662697,0.09010662124662697,0.0,0.023787317010716815,0.13048456990290921,0.3888274953333422,0.45690061775303187,0.25845501674843285,0.25845501674843285,0.0,0.011893658505358408,0.06524228495145461,0.2944137476666711,0.628450308876516,0.0,0.0,1.0,0.07103005370959597,0.17334845445065705,0.385626199711664,0.36999529212808313
156,0.43000470787191697,0.0,0.25562149183974703,110,40,0.0,0,0,150,0.07103005370959597,0.0,0.17334845445065705,0.0,0.385626199711664,0.2,0.36999529212808313,0.8,0.43000470787191697,0.43000470787191697,0.0,0.0,0.0,0.2,0.8,0.09010662124662697,0.09010662124662697,0.0,0.023787317010716815,0.13048456990290921,0.3888274953333422,0.45690061775303187,0.25845501674843285,0.25845501674843285,0.0,0.011893658505358408,0.06524228495145461,0.2944137476666711,0.628450308876516,0.0,0.0,1.0,0.07103005370959597,0.17334845445065705,0.385626199711664,0.36999529212808313
157,0.43000470787191697,0.0,0.25562149183974703,124,40,0.0,0,0,150,0.07103005370959597,0.0,0.17334845445065705,0.0,0.385626199711664,0.2,0.36999529212808313,0.8,0.43000470787191697,0.43000470787191697,0.0,0.0,0.0,0.2,0.8,0.09010662124662697,0.09010662124662697,0.0,0.023787317010716815,0.13048456990290921,0.3888274953333422,0.45690061775303187,0.25845501674843285,0.25845501674843285,0.0,0.011893658505358408,0.06524228495145461,0.2944137476666711,0.628450308876516,0.0,0.0,1.0,0.07103005370959597,0.17334845445065705,0.385626199711664,0.36999529212808313
158,0.43000470787191697,0.0,0.25562149183974703,113,40,0.0,0,0,150,0.07103005370959597,0.0,0.17334845445065705,0.0,0.385626199711664,0.2,0.36999529212808313,0.8,0.43000470787191697,0.43000470787191697,0.0,0.0,0.0,0.2,0.8,0.09010662124662697,0.09010662124662697,0.0,0.023787317010716815,0.13048456990290921,0.3888274953333422,0.45690061775303187,0.25845501674843285,0.25845501674843285,0.0,0.011893658505358408,0.06524228495145461,0.2944137476666711,0.628450308876516,0.0,0.0,1.0,0.07103005370959597,0.17334845445065705,0.385626199711664,0.36999529212808313
159,0.43000470787191697,0.0,0.25562149183974703,117,40,0.0,0,0,150,0.07103005370959597,0.0,0.17334845445065705,0.0,0.385626199711664,0.2,0.36999529212808313,0.8,0.43000470787191697,0.43000470787191697,0.0,0.0,0.0,0.2,0.8,0.09010662124662697,0.09010662124662697,0.0,0.023787317010716815,0.13048456990290921,0.3888274953333422,0.45690061775303187,0.25845501674843285,0.25845501674843285,0.0,0.011893658505358408,0.06524228495145461,0.2944137476666711,0.628450308876516,0.0,0.0,1.0,0.07103005370959597,0.17334845445065705,0.385626199711664,0.36999529212808313
160,0.43000470787191697,0.0,0.25562149183974703,104,40,0.0,0,1,160,0.07103005370959597,0.0,0.17334845445065705,0.0,0.385626199711664,0.2,0.36999529212808313,0.8,0.43000470787191697,0.43000470787191697,0.0,0.0,0.0,0.2,0.8,0.05202086012477589,0.05202086012477589,1.0,0.037949102649323954,0.20284461561365816,0.40815089867343873,0.3510553830635792,0.20553239940370654,0.20553239940370654,0.0,0.018974551324661977,0.10142230780682908,0.3040754493367194,0.5755276915317896,0.0,0.0,1.0,0.07103005370959597,0.17334845445065705,0.385626199711664,0.36999529212808313
161,0.43000470787191697,0.0,0.25562149183974703,117,40,0.0,0,0,160,0.07103005370959597,0.0,0.17334845445065705,0.0,0.385626199711664,0.2,0.36999529212808313,0.8,0.43000470787191697,0.43000470787191697,0.0,0.0,0.0,0.2,0.8,0.05202086012477589,0.05202086012477589,1.0,0.037949102649323954,0.20284461561365816,0.40815089867343873,0.3510553830635792,0.20553239940370654,0.20553239940370654,0.0,0.018974551324661977,0.10142230780682908,0.3040754493367194,0.5755276915317896,0.0,0.0,1.0,0.07103005370959597,0.17334845445065705,0.385626199711664,0.36999529212808313
162,0.43000470787191697,0.0,0.25562149183974703,133,40,0.0,0,0,160,0.07103005370959597,0.0,0.17334845445065705,0.0,0.385626199711664,0.2,0.36999529212808313,0.8,0.43000470787191697,0.43000470787191697,0.0,0.0,0.0,0.2,0.8,0.05202086012477589,0.05202086012477589,1.0,0.037949102649323954,0.20284461561365816,0.40815089867343873,0.3510553830635792,0.20553239940370654,0.20553239940370654,0.0,0.018974551324661977,0.10142230780682908,0.3040754493367194,0.5755276915317896,0.0,0.0,1.0,0.07103005370959597,0.17334845445065705,0.385626199711664,0.36999529212808313
163,0.43000470787191697,0.0,0.25562149183974703,111,40,0.0,0,0,160,0.07103005370959597,0.0,0.17334845445065705,0.0,0.385626199711664,0.2,0.36999529212808313,0.8,0.43000470787191697,0.43000470787191697,0.0,0.0,0.0,0.2,0.8,0.05202086012477589,0.05202086012477589,1.0,0.037949102649323954,0.20284461561365816,0.40815089867343873,0.3510553830635792,0.20553239940370654,0.20553239940370654,0.0,0.018974551324661977,0.10142230780682908,0.3040754493367194,0.5755276915317896,0.0,0.0,1.0,0.07103005370959597,0.17334845445065705,0.385626199711664,0.36999529212808313
164,0.43000470787191697,0.0,0.25562149183974703,123,40,0.0,0,0,160,0.07103005370959597,0.0,0.17334845445065705,0.0,0.385626199711664,0.2,0.36999529212808313,0.8,0.43000470787191697,0.43000470787191697,0.0,0.0,0.0,0.2,0.8,0.05202086012477589,0.05202086012477589,1.0,0.037949102649323954,0.20284461561365816,0.40815089867343873,0.3510553830635792,0.20553239940370654,0.20553239940370654,0.0,0.018974551324661977,0.10142230780682908,0.3040754493367194,0.5755276915317896,0.0,0.0,1.0,0.07103005370959597,0.17334845445065705,0.385626199711664,0.36999529212808313
165,0.43000470787191697,0.0,0.25562149183974703,125,40,0.0,0,0,160,0.07103005370959597,0.0,0.17334845445065705,0.0,0.385626199711664,0.2,0.36999529212808313,0.8,0.43000470787191697,0.43000470787191697,0.0,0.0,0.0,0.2,0.8,0.05202086012477589,0.05202086012477589,1.0,0.037949102649323954,0.20284461561365816,0.40815089867343873,0.3510553830635792,0.20553239940370654,0.20553239940370654,0.0,0.018974551324661977,0.10142230780682908,0.3040754493367194,0.5755276915317896,0.0,0.0,1.0,0.07103005370959597,0.17334845445065705,0.385626199711664,0.36999529212808313
166,0.43000470787191697,0.0,0.25562149183974703,109,40,0.0,0,0,160,0.07103005370959597,0.0,0.17334845445065705,0.0,0.385626199711664,0.2,0.36999529212808313,0.8,0.43000470787191697,0.43000470787191697,0.0,0.0,0.0,0.2,0.8,0.05202086012477589,0.05202086012477589,1.0,0.037949102649323954,0.20284461561365816,0.40815089867343873,0.3510553830635792,0.20553239940370654,0.20553239940370654,0.0,0.018974551324661977,0.10142230780682908,0.3040754493367194,0.5755276915317896,0.0,0.0,1.0,0.07103005370959597,0.17334845445065705,0.385626199711664,0.36999529212808313
167,0.43000470787191697,0.0,0.25562149183974703,119,40,0.0,0,0,160,0.07103005370959597,0.0,0.17334845445065705,0.0,0.385626199711664,0.2,0.36999529212808313,0.8,0.43000470787191697,0.43000470787191697,0.0,0.0,0.0,0.2,0.8,0.05202086012477589,0.05202086012477589,1.0,0.037949102649323954,0.20284461561365816,0.40815089867343873,0.3510553830635792,0.20553239940370654,0.20553239940370654,0.0,0.018974551324661977,0.10142230780682908,0.3040754493367194,0.5755276915317896,0.0,0.0,1.0,0.07103005370959597,0.17334845445065705,0.385626199711664,0.36999529212808313
168,0.43000470787191697,0.0,0.25562149183974703,106,40,0.0,0,0,160,0.07103005370959597,0.0,0.17334845445065705,0.0,0.385626199711664,0.2,0.36999529212808313,0.8,0.43000470787191697,0.43000470787191697,0.0,0.0,0.0,0.2,0.8,0.05202086012477589,0.05202086012477589,1.0,0.037949102649323954,0.20284461561365816,0.40815089867343873,0.3510553830635792,0.20553239940370654,0.20553239940370654,0.0,0.018974551324661977,0.10142230780682908,0.3040754493367194,0.5755276915317896,0.0,0.0,1.0,0.07103005370959597,0.17334845445065705,0.385626199711664,0.36999529212808313
169,0.43000470787191697,0.0,0.25562149183974703,113,40,0.0,0,0,160,0.07103005370959597,0.0,0.17334845445065705,0.0,0.385626199711664,0.2,0.36999529212808313,0.8,0.43000470787191697,0.43000470787191697,0.0,0.0,0.0,0.2,0.8,0.05202086012477589,0.05202086012477589,1.0,0.037949102649323954,0.20284461561365816,0.40815089867343873,0.3510553830635792,0.20553239940370654,0.20553239940370654,0.0,0.018974551324661977,0.10142230780682908,0.3040754493367194,0.5755276915317896,0.0,0.0,1.0,0.07103005370959597,0.17334845445065705,0.385626199711664,0.36999529212808313
170,0.43000470787191697,0.0,0.25562149183974703,116,40,0.0,0,1,170,0.07103005370959597,0.0,0.17334845445065705,0.0,0.385626199711664,0.2,0.36999529212808313,0.8,0.43000470787191697,0.43000470787191697,0.0,0.0,0.0,0.2,0.8,0.06888699295689805,0.06888699295689805,1.0,0.05176515497417437,0.12372636022918049,0.4373027453886796,0.3872057394079655,0.22360757757589975,0.22360757757589975,0.0,0.025882577487087183,0.061863180114590244,0.3186513726943398,0.5936028697039828,0.0,0.0,1.0,0.07103005370959597,0.17334845445065705,0.385626199711664,0.36999529212808313
171,0.43000470787191697,0.0,0.25562149183974703,113,40,0.0,0,0,170,0.07103005370959597,0.0,0.17334845445065705,0.0,0.385626199711664,0.2,0.36999529212808313,0.8,0.43000470787191697,0.43000470787191697,0.0,0.0,0.0,0.2,0.8,0.06888699295689805,0.06888699295689805,1.0,0.05176515497417437,0.12372636022918049,0.4373027453886796,0.3872057394079655,0.22360757757589975,0.22360757757589975,0.0,0.025882577487087183,0.061863180114590244,0.3186513726943398,0.5936028697039828,0.0,0.0,1.0,0.07103005370959597,0.17334845445065705,0.385626199711664,0.36999529212808313
172,0.43000470787191697,0.0,0.25562149183974703,98,40,0.0,0,0,170,0.07103005370959597,0.0,0.17334845445065705,0.0,0.385626199711664,0.2,0.36999529212808313,0.8,0.43000470787191697,0.43000470787191697,0.0,0.0,0.0,0.2,0.8,0.06888699295689805,0.06888699295689805,1.0,0.05176515497417437,0.12372636022918049,0.4373027453886796,0.3872057394079655,0.22360757757589975,0.22360757757589975,0.0,0.025882577487087183,0.061863180114590244,0.3186513726943398,0.5936028697039828,0.0,0.0,1.0,0.07103005370959597,0.17334845445065705,0.385626199711664,0.36999529212808313
173,0.43000470787191697,0.0,0.25562149183974703,115,40,0.0,0,0,170,0.07103005370959597,0.0,0.17334845445065705,0.0,0.385626199711664,0.2,0.36999529212808313,0.8,0.43000470787191697,0.43000470787191697,0.0,0.0,0.0,0.2,0.8,0.06888699295689805,0.06888699295689805,1.0,0.05176515497417437,0.12372636022918049,0.4373027453886796,0.3872057394079655,0.22360757757589975,0.22360757757589975,0.0,0.025882577487087183,0.061863180114590244,0.3186513726943398,0.5936028697039828,0.0,0.0,1.0,0.07103005370959597,0.17334845445065705,0.385626199711664,0.36999529212808313
174,0.43000470787191697,0.0,0.25562149183974703,105,40,0.0,0,0,170,0.07103005370959597,0.0,0.17334845445065705,0.0,0.385626199711664,0.2,0.36999529212808313,0.8,0.43000470787191697,0.43000470787191697,0.0,0.0,0.0,0.2,0.8,0.06888699295689805,0.06888699295689805,1.0,0.05176515497417437,0.12372636022918049,0.4373027453886796,0.3872057394079655,0.22360757757589975,0.22360757757589975,0.0,0.025882577487087183,0.061863180114590244,0.3186513726943398,0.5936028697039828,0.0,0.0,1.0,0.07103005370959597,0.17334845445065705,0.385626199711664,0.36999529212808313
175,0.43000470787191697,0.0,0.25562149183974703,108,40,0.0,0,0,170,0.07103005370959597,0.0,0.17334845445065705,0.0,0.385626199711664,0.2,0.36999529212808313,0.8,0.43000470787191697,0.43000470787191697,0.0,0.0,0.0,0.2,0.8,0.06888699295689805,0.06888699295689805,1.0,0.05176515497417437,0.12372636022918049,0.4373027453886796,0.3872057394079655,0.22360757757589975,0.22360757757589975,0.0,0.025882577487087183,0.061863180114590244,0.3186513726943398,0.5936028697039828,0.0,0.0,1.0,0.07103005370959597,0.17334845445065705,0.385626199711664,0.36999529212808313
176,0.43000470787191697,0.0,0.25562149183974703,123,40,0.0,0,0,170,0.07103005370959597,0.0,0.17334845445065705,0.0,0.385626199711664,0.2,0.36999529212808313,0.8,0.43000470787191697,0.43000470787191697,0.0,0.0,0.0,0.2,0.8,0.06888699295689805,0.06888699295689805,1.0,0.05176515497417437,0.12372636022918049,0.4373027453886796,0.3872057394079655,0.22360757757589975,0.22360757757589975,0.0,0.025882577487087183,0.061863180114590244,0.3186513726943398,0.5936028697039828,0.0,0.0,1.0,0.07103005370959597,0.17334845445065705,0.385626199711664,0.36999529212808313
177,0.43000470787191697,0.0,0.25562149183974703,128,40,0.0,0,0,170,0.07103005370959597,0.0,0.17334845445065705,0.0,0.385626199711664,0.2,0.36999529212808313,0.8,0.43000470787191697,0.43000470787191697,0.0,0.0,0.0,0.2,0.8,0.06888699295689805,0.06888699295689805,1.0,0.05176515497417437,0.12372636022918049,0.4373027453886796,0.3872057394079655,0.22360757757589975,0.22360757757589975,0.0,0.025882577487087183,0.061863180114590244,0.3186513726943398,0.5936028697039828,0.0,0.0,1.0,0.07103005370959597,0.17334845445065705,0.385626199711664,0.36999529212808313
178,0.43000470787191697,0.0,0.25562149183974703,108,40,0.0,0,0,170,0.07103005370959597,0.0,0.17334845445065705,0.0,0.385626199711664,0.2,0.36999529212808313,0.8,0.43000470787191697,0.43000470787191697,0.0,0.0,0.0,0.2,0.8,0.06888699295689805,0.06888699295689805,1.0,0.05176515497417437,0.12372636022918049,0.4373027453886796,0.3872057394079655,0.22360757757589975,0.22360757757589975,0.0,0.025882577487087183,0.061863180114590244,0.3186513726943398,0.5936028697039828,0.0,0.0,1.0,0.07103005370959597,0.17334845445065705,0.385626199711664,0.36999529212808313
179,0.43000470787191697,0.0,0.25562149183974703,119,40,0.0,0,0,170,0.07103005370959597,0.0,0.17334845445065705,0.0,0.385626199711664,0.2,0.36999529212808313,0.8,0.43000470787191697,0.43000470787191697,0.0,0.0,0.0,0.2,0.8,0.06888699295689805,0.06888699295689805,1.0,0.05176515497417437,0.12372636022918049,0.4373027453886796,0.3872057394079655,0.22360757757589975,0.22360757757589975,0.0,0.025882577487087183,0.061863180114590244,0.3186513726943398,0.5936028697039828,0.0,0.0,1.0,0.07103005370959597,0.17334845445065705,0.385626199711664,0.36999529212808313
180,0.43000470787191697,0.0,0.25562149183974703,126,40,0.0,0,1,180,0.07103005370959597,0.0,0.17334845445065705,0.0,0.385626199711664,0.2,0.36999529212808313,0.8,0.43000470787191697,0.43000470787191697,0.0,0.0,0.0,0.2,0.8,0.04870131794419539,0.04870131794419539,1.0,0.11973137165379126,0.17134393274957724,0.3676875927120759,0.34123710288455555,0.20062325931419475,0.20062325931419475,0.0,0.05986568582689563,0.08567196637478862,0.28384379635603796,0.5706185514422778,0.0,0.0,1.0,0.07103005370959597,0.17334845445065705,0.385626199711664,0.36999529212808313
181,0.43000470787191697,0.0,0.25562149183974703,111,40,0.0,0,0,180,0.07103005370959597,0.0,0.17334845445065705,0.0,0.385626199711664,0.2,0.36999529212808313,0.8,0.43000470787191697,0.43000470787191697,0.0,0.0,0.0,0.2,0.8,0.04870131794419539,0.04870131794419539,1.0,0.11973137165379126,0.17134393274957724,0.3676875927120759,0.34123710288455555,0.20062325931419475,0.20062325931419475,0.0,0.05986568582689563,0.08567196637478862,0.28384379635603796,0.5706185514422778,0.0,0.0,1.0,0.07103005370959597,0.17334845445065705,0.385626199711664,0.36999529212808313
182,0.43000470787191697,0.0,0.25562149183974703,109,40,0.0,0,0,180,0.07103005370959597,0.0,0.17334845445065705,0.0,0.385626199711664,0.2,0.36999529212808313,0.8,0.43000470787191697,0.43000470787191697,0.0,0.0,0.0,0.2,0.8,0.04870131794419539,0.04870131794419539,1.0,0.11973137165379126,0.17134393274957724,0.3676875927120759,0.34123710288455555,0.20062325931419475,0.20062325931419475,0.0,0.05986568582689563,0.08567196637478862,0.28384379635603796,0.5706185514422778,0.0,0.0,1.0,0.07103005370959597,0.17334845445065705,0.385626199711664,0.36999529212808313
183,0.43000470787191697,0.0,0.25562149183974703,116,40,0.0,0,0,180,0.07103005370959597,0.0,0.17334845445065705,0.0,0.385626199711664,0.2,0.36999529212808313,0.8,0.43000470787191697,0.43000470787191697,0.0,0.0,0.0,0.2,0.8,0.04870131794419539,0.04870131794419539,1.0,0.11973137165379126,0.17134393274957724,0.3676875927120759,0.34123710288455555,0.20062325931419475,0.20062325931419475,0.0,0.05986568582689563,0.08567196637478862,0.28384379635603796,0.5706185514422778,0.0,0.0,1.0,0.07103005370959597,0.17334845445065705,0.385626199711664,0.36999529212808313
184,0.43000470787191697,0.0,0.25562149183974703,108,40,0.0,0,0,180,0.07103005370959597,0.0,0.17334845445065705,0.0,0.385626199711664,0.2,0.36999529212808313,0.8,0.43000470787191697,0.43000470787191697,0.0,0.0,0.0,0.2,0.8,0.04870131794419539,0.04870131794419539,1.0,0.11973137165379126,0.17134393274957724,0.3676875927120759,0.34123710288455555,0.20062325931419475,0.20062325931419475,0.0,0.05986568582689563,0.08567196637478862,0.28384379635603796,0.5706185514422778,0.0,0.0,1.0,0.07103005370959597,0.17334845445065705,0.385626199711664,0.36999529212808313
185,0.43000470787191697,0.0,0.25562149183974703,126,40,0.0,0,0,180,0.07103005370959597,0.0,0.17334845445065705,0.0,0.385626199711664,0.2,0.36999529212808313,0.8,0.43000470787191697,0.43000470787191697,0.0,0.0,0.0,0.2,0.8,0.04870131794419539,0.04870131794419539,1.0,0.11973137165379126,0.17134393274957724,0.3676875927120759,0.34123710288455555,0.20062325931419475,0.20062325931419475,0.0,0.05986568582689563,0.08567196637478862,0.28384379635603796,0.5706185514422778,0.0,0.0,1.0,0.07103005370959597,0.17334845445065705,0.385626199711664,0.36999529212808313
186,0.43000470787191697,0.0,0.25562149183974703,109,40,0.0,0,0,180,0.07103005370959597,0.0,0.17334845445065705,0.0,0.385626199711664,0.2,0.36999529212808313,0.8,0.43000470787191697,0.43000470787191697,0.0,0.0,0.0,0.2,0.8,0.04870131794419539,0.04870131794419539,1.0,0.11973137165379126,0.17134393274957724,0.3676875927120759,0.34123710288455555,0.20062325931419475,0.20062325931419475,0.0,0.05986568582689563,0.08567196637478862,0.28384379635603796,0.5706185514422778,0.0,0.0,1.0,0.07103005370959597,0.17334845445065705,0.385626199711664,0.36999529212808313
187,0.43000470787191697,0.0,0.25562149183974703,130,40,0.0,0,0,180,0.07103005370959597,0.0,0.17334845445065705,0.0,0.385626199711664,0.2,0.36999529212808313,0.8,0.43000470787191697,0.43000470787191697,0.0,0.0,0.0,0.2,0.8,0.04870131794419539,0.04870131794419539,1.0,0.11973137165379126,0.17134393274957724,0.3676875927120759,0.34123710288455555,0.20062325931419475,0.20062325931419475,0.0,0.05986568582689563,0.08567196637478862,0.28384379635603796,0.5706185514422778,0.0,0.0,1.0,0.07103005370959597,0.17334845445065705,0.385626199711664,0.36999529212808313
188,0.43000470787191697,0.0,0.25562149183974703,130,40,0.0,0,0,180,0.07103005370959597,0.0,0.17334845445065705,0.0,0.385626199711664,0.2,0.36999529212808313,0.8,0.43000470787191697,0.43000470787191697,0.0,0.0,0.0,0.2,0.8,0.04870131794419539,0.04870131794419539,1.0,0.11973137165379126,0.17134393274957724,0.3676875927120759,0.34123710288455555,0.20062325931419475,0.20062325931419475,0.0,0.05986568582689563,0.08567196637478862,0.28384379635603796,0.5706185514422778,0.0,0.0,1.0,0.07103005370959597,0.17334845445065705,0.385626199711664,0.36999529212808313
189,0.43000470787191697,0.0,0.25562149183974703,116,40,0.0,0,0,180,0.07103005370959597,0.0,0.17334845445065705,0.0,0.385626199711664,0.2,0.36999529212808313,0.8,0.43000470787191697,0.43000470787191697,0.0,0.0,0.0,0.2,0.8,0.04870131794419539,0.04870131794419539,1.0,0.11973137165379126,0.17134393274957724,0.3676875927120759,0.34123710288455555,0.20062325931419475,0.20062325931419475,0.0,0.05986568582689563,0.08567196637478862,0.28384379635603796,0.5706185514422778,0.0,0.0,1.0,0.07103005370959597,0.17334845445065705,0.385626199711664,0.36999529212808313
190,0.43000470787191697,0.0,0.25562149183974703,98,38,0.0,0,1,190,0.07103005370959597,0.0,0.17334845445065705,0.0,0.385626199711664,0.2,0.36999529212808313,0.8,0.43000470787191697,0.43000470787191697,0.0,0.0,0.0,0.2,0.8,0.07096369535463073,0.07096369535463073,0.0,0.07622626892587936,0.15817229787590853,0.32983866093178166,0.43576277226643034,0.24788609400513217,0.24788609400513217,0.0,0.03811313446293968,0.07908614893795426,0.26491933046589083,0.6178813861332152,0.0,0.0,1.0,0.07103005370959597,0.17334845445065705,0.385626199711664,0.36999529212808313
191,0.43000470787191697,0.0,0.25562149183974703,110,38,0.0,0,0,190,0.07103005370959597,0.0,0.17334845445065705,0.0,0.385626199711664,0.2,0.36999529212808313,0.8,0.43000470787191697,0.43000470787191697,0.0,0.0,0.0,0.2,0.8,0.07096369535463073,0.07096369535463073,0.0,0.07622626892587936,0.15817229787590853,0.32983866093178166,0.43576277226643034,0.24788609400513217,0.24788609400513217,0.0,0.03811313446293968,0.07908614893795426,0.26491933046589083,0.6178813861332152,0.0,0.0,1.0,0.07103005370959597,0.17334845445065705,0.385626199711664,0.36999529212808313
192,0.43000470787191697,0.0,0.25562149183974703,107,38,0.0,0,0,190,0.07103005370959597,0.0,0.17334845445065705,0.0,0.385626199711664,0.2,0.36999529212808313,0.8,0.43000470787191697,0.43000470787191697,0.0,0.0,0.0,0.2,0.8,0.07096369535463073,0.07096369535463073,0.0,0.07622626892587936,0.15817229787590853,0.32983866093178166,0.43576277226643034,0.24788609400513217,0.24788609400513217,0.0,0.03811313446293968,0.07908614893795426,0.26491933046589083,0.6178813861332152,0.0,0.0,1.0,0.07103005370959597,0.17334845445065705,0.385626199711664,0.36999529212808313
193,0.43000470787191697,0.0,0.25562149183974703,110,38,0.0,0,0,190,0.07103005370959597,0.0,0.17334845445065705,0.0,0.385626199711664,0.2,0.36999529212808313,0.8,0.43000470787191697,0.43000470787191697,0.0,0.0,0.0,0.2,0.8,0.07096369535463073,0.07096369535463073,0.0,0.07622626892587936,0.15817229787590853,0.32983866093178166,0.43576277226643034,0.24788609400513217,0.24788609400513217,0.0,0.03811313446293968,0.07908614893795426,0.26491933046589083,0.6178813861332152,0.0,0.0,1.0,0.07103005370959597,0.17334845445065705,0.385626199711664,0.36999529212808313
194,0.43000470787191697,0.0,0.25562149183974703,110,38,0.0,0,0,190,0.07103005370959597,0.0,0.17334845445065705,0.0,0.385626199711664,0.2,0.36999529212808313,0.8,0.43000470787191697,0.43000470787191697,0.0,0.0,0.0,0.2,0.8,0.07096369535463073,0.07096369535463073,0.0,0.07622626892587936,0.15817229787590853,0.32983866093178166,0.43576277226643034,0.24788609400513217,0.24788609400513217,0.0,0.03811313446293968,0.07908614893795426,0.26491933046589083,0.6178813861332152,0.0,0.0,1.0,0.07103005370959597,0.17334845445065705,0.385626199711664,0.36999529212808313
195,0.43000470787191697,0.0,0.25562149183974703,116,38,0.0,0,0,190,0.07103005370959597,0.0,0.17334845445065705,0.0,0.385626199711664,0.2,0.36999529212808313,0.8,0.43000470787191697,0.43000470787191697,0.0,0.0,0.0,0.2,0.8,0.07096369535463073,0.07096369535463073,0.0,0.07622626892587936,0.15817229787590853,0.32983866093178166,0.43576277226643034,0.24788609400513217,0.24788609400513217,0.0,0.03811313446293968,0.07908614893795426,0.26491933046589083,0.6178813861332152,0.0,0.0,1.0,0.07103005370959597,0.17334845445065705,0.385626199711664,0.36999529212808313
196,0.43000470787191697,0.0,0.25562149183974703,111,34,0.0,0,0,190,0.07103005370959597,0.0,0.17334845445065705,0.0,0.385626199711664,0.2,0.36999529212808313,0.8,0.43000470787191697,0.43000470787191697,0.0,0.0,0.0,0.2,0.8,0.07096369535463073,0.07096369535463073,0.0,0.07622626892587936,0.15817229787590853,0.32983866093178166,0.43576277226643034,0.24788609400513217,0.24788609400513217,0.0,0.03811313446293968,0.07908614893795426,0.26491933046589083,0.6178813861332152,0.0,0.0,1.0,0.07103005370959597,0.17334845445065705,0.385626199711664,0.36999529212808313
197,0.630004707871917,0.0,0.25562149183974703,127,30,0.0,0,0,190,0.07103005370959597,0.0,0.17334845445065705,0.0,0.385626199711664,0.0,0.36999529212808313,1.0,0.43000470787191697,0.43000470787191697,0.0,0.0,0.0,0.2,0.8,0.07096369535463073,0.07096369535463073,0.0,0.07622626892587936,0.15817229787590853,0.32983866093178166,0.43576277226643034,0.24788609400513217,0.24788609400513217,0.0,0.03811313446293968,0.07908614893795426,0.26491933046589083,0.6178813861332152,0.0,0.0,1.0,0.07103005370959597,0.17334845445065705,0.385626199711664,0.36999529212808313
198,0.43000470787191697,0.0,0.25562149183974703,118,28,0.0,0,0,190,0.07103005370959597,0.0,0.17334845445065705,0.0,0.385626199711664,0.2,0.36999529212808313,0.8,0.43000470787191697,0.43000470787191697,0.0,0.0,0.0,0.2,0.8,0.07096369535463073,0.07096369535463073,0.0,0.07622626892587936,0.15817229787590853,0.32983866093178166,0.43576277226643034,0.24788609400513217,0.24788609400513217,0.0,0.03811313446293968,0.07908614893795426,0.26491933046589083,0.6178813861332152,0.0,0.0,1.0,0.07103005370959597,0.17334845445065705,0.385626199711664,0.36999529212808313
199,0.12937850816025295,0.0,0.25562149183974703,110,24,0.0,0,0,190,0.07103005370959597,0.021666666666666667,0.17334845445065705,0.09333333333333334,0.385626199711664,0.45,0.36999529212808313,0.435,0.43000470787191697,0.43000470787191697,0.0,0.0,0.0,0.2,0.8,0.07096369535463073,0.07096369535463073,0.0,0.07622626892587936,0.15817229787590853,0.32983866093178166,0.43576277226643034,0.24788609400513217,0.24788609400513217,0.0,0.03811313446293968,0.07908614893795426,0.26491933046589083,0.6178813861332152,0.0,0.0,1.0,0.07103005370959597,0.17334845445065705,0.385626199711664,0.36999529212808313
200,0.2949848788826763,0.0,0.25562149183974703,73,23,0.0,0,1,200,0.07103005370959597,0.035,0.17334845445065705,0.4683333333333333,0.385626199711664,0.23166666666666666,0.36999529212808313,0.265,0.395004707871917,0.395004707871917,0.0,0.0028333333333333335,0.02808333333333333,0.20408333333333334,0.765,0.06646860699838046,0.06646860699838046,1.0,0.04297216029196499,0.18671231344249647,0.43873094771820503,0.33158457854733364,0.17829699714558372,0.17829699714558372,0.0,0.02290274681264916,0.1073978233879149,0.3214071405257692,0.5482922892736668,0.0,0.0,1.0,0.07103005370959597,0.17334845445065705,0.385626199711664,0.36999529212808313
201,0.3433182122160098,0.0,0.25562149183974703,93,26,0.0,0,0,200,0.07103005370959597,0.0,0.17334845445065705,0.5166666666666667,0.385626199711664,0.2833333333333333,0.36999529212808313,0.2,0.395004707871917,0.395004707871917,0.0,0.0028333333333333335,0.02808333333333333,0.20408333333333334,0.765,0.06646860699838046,0.06646860699838046,1.0,0.04297216029196499,0.18671231344249647,0.43873094771820503,0.33158457854733364,0.17829699714558372,0.17829699714558372,0.0,0.02290274681264916,0.1073978233879149,0.3214071405257692,0.5482922892736668,0.0,0.0,1.0,0.07103005370959597,0.17334845445065705,0.385626199711664,0.36999529212808313
202,0.42665154554934304,0.0,0.25562149183974703,82,28,0.0,0,0,200,0.07103005370959597,0.0,0.17334845445065705,0.6,0.385626199711664,0.2,0.36999529212808313,0.2,0.395004707871917,0.395004707871917,0.0,0.0028333333333333335,0.02808333333333333,0.20408333333333334,0.765,0.06646860699838046,0.06646860699838046,1.0,0.04297216029196499,0.18671231344249647,0.43873094771820503,0.33158457854733364,0.17829699714558372,0.17829699714558372,0.0,0.02290274681264916,0.1073978233879149,0.3214071405257692,0.5482922892736668,0.0,0.0,1.0,0.07103005370959597,0.17334845445065705,0.385626199711664,0.36999529212808313
203,0.42665154554934304,0.0,0.25562149183974703,59,29,0.0,0,0,200,0.07103005370959597,0.0,0.17334845445065705,0.6,0.385626199711664,0.2,0.36999529212808313,0.2,0.395004707871917,0.395004707871917,0.0,0.0028333333333333335,0.02808333333333333,0.20408333333333334,0.765,0.06646860699838046,0.06646860699838046,1.0,0.04297216029196499,0.18671231344249647,0.43873094771820503,0.33158457854733364,0.17829699714558372,0.17829699714558372,0.0,0.02290274681264916,0.1073978233879149,0.3214071405257692,0.5482922892736668,0.0,0.0,1.0,0.07103005370959597,0.17334845445065705,0.385626199711664,0.36999529212808313
204,0.42665154554934304,0.0,0.25562149183974703,72,30,0.0,0,0,200,0.07103005370959597,0.0,0.17334845445065705,0.6,0.385626199711664,0.2,0.36999529212808313,0.2,0.395004707871917,0.395004707871917,0.0,0.0028333333333333335,0.02808333333333333,0.20408333333333334,0.765,0.06646860699838046,0.06646860699838046,1.0,0.04297216029196499,0.18671231344249647,0.43873094771820503,0.33158457854733364,0.17829699714558372,0.17829699714558372,0.0,0.02290274681264916,0.1073978233879149,0.3214071405257692,0.5482922892736668,0.0,0.0,1.0,0.07103005370959597,0.17334845445065705,0.385626199711664,0.36999529212808313
205,0.42665154554934304,0.0,0.25562149183974703,91,30,0.0,0,0,200,0.07103005370959597,0.0,0.17334845445065705,0.6,0.385626199711664,0.2,0.36999529212808313,0.2,0.395004707871917,0.395004707871917,0.0,0.0028333333333333335,0.02808333333333333,0.20408333333333334,0.765,0.06646860699838046,0.06646860699838046,1.0,0.04297216029196499,0.18671231344249647,0.43873094771820503,0.33158457854733364,0.17829699714558372,0.17829699714558372,0.0,0.02290274681264916,0.1073978233879149,0.3214071405257692,0.5482922892736668,0.0,0.0,1.0,0.07103005370959597,0.17334845445065705,0.385626199711664,0.36999529212808313
206,0.42665154554934304,0.0,0.25562149183974703,89,30,0.0,0,0,200,0.07103005370959597,0.0,0.17334845445065705,0.6,0.385626199711664,0.2,0.36999529212808313,0.2,0.395004707871917,0.395004707871917,0.0,0.0028333333333333335,0.02808333333333333,0.20408333333333334,0.765,0.06646860699838046,0.06646860699838046,1.0,0.04297216029196499,0.18671231344249647,0.43873094771820503,0.33158457854733364,0.17829699714558372,0.17829699714558372,0.0,0.02290274681264916,0.1073978233879149,0.3214071405257692,0.5482922892736668,0.0,0.0,1.0,0.07103005370959597,0.17334845445065705,0.385626199711664,0.36999529212808313
207,0.42665154554934304,0.0,0.25562149183974703,82,30,0.0,0,0,200,0.07103005370959597,0.0,0.17334845445065705,0.6,0.385626199711664,0.2,0.36999529212808313,0.2,0.395004707871917,0.395004707871917,0.0,0.0028333333333333335,0.02808333333333333,0.20408333333333334,0.765,0.06646860699838046,0.06646860699838046,1.0,0.04297216029196499,0.18671231344249647,0.43873094771820503,0.33158457854733364,0.17829699714558372,0.17829699714558372,0.0,0.02290274681264916,0.1073978233879149,0.3214071405257692,0.5482922892736668,0.0,0.0,1.0,0.07103005370959597,0.17334845445065705,0.385626199711664,0.36999529212808313
208,0.42665154554934304,0.0,0.25562149183974703,72,30,0.0,0,0,200,0.07103005370959597,0.0,0.17334845445065705,0.6,0.385626199711664,0.2,0.36999529212808313,0.2,0.395004707871917,0.395004707871917,0.0,0.0028333333333333335,0.02808333333333333,0.20408333333333334,0.765,0.06646860699838046,0.06646860699838046,1.0,0.04297216029196499,0.18671231344249647,0.43873094771820503,0.33158457854733364,0.17829699714558372,0.17829699714558372,0.0,0.02290274681264916,0.1073978233879149,0.3214071405257692,0.5482922892736668,0.0,0.0,1.0,0.07103005370959597,0.17334845445065705,0.385626199711664,0.36999529212808313
209,0.42665154554934304,0.0,0.25562149183974703,91,30,0.0,0,0,200,0.07103005370959597,0.0,0.17334845445065705,0.6,0.385626199711664,0.2,0.36999529212808313,0.2,0.395004707871917,0.395004707871917,0.0,0.0028333333333333335,0.02808333333333333,0.20408333333333334,0.765,0.06646860699838046,0.06646860699838046,1.0,0.04297216029196499,0.18671231344249647,0.43873094771820503,0.33158457854733364,0.17829699714558372,0.17829699714558372,0.0,0.02290274681264916,0.1073978233879149,0.3214071405257692,0.5482922892736668,0.0,0.0,1.0,0.07103005370959597,0.17334845445065705,0.385626199711664,0.36999529212808313
210,0.42665154554934304,0.0,0.25562149183974703,81,30,0.0,0,1,210,0.07103005370959597,0.0,0.17334845445065705,0.6,0.385626199711664,0.2,0.36999529212808313,0.2,0.2455729200879266,0.2455729200879266,0.0,0.0028333333333333335,0.3239166666666667,0.20825,0.465,0.09987708752095498,0.09987708752095498,1.0,0.08470776344549123,0.1660140032224118,0.47182557749672366,0.2774526558353733,0.0728479162834858,0.0728479162834858,0.0,0.04377054838941229,0.24496533494453926,0.3400377887483618,0.37122632791768667,0.0,0.0,1.0,0.07103005370959597,0.17334845445065705,0.385626199711664,0.36999529212808313
211,0.42665154554934304,0.0,0.25562149183974703,70,30,0.0,0,0,210,0.07103005370959597,0.0,0.17334845445065705,0.6,0.385626199711664,0.2,0.36999529212808313,0.2,0.2455729200879266,0.2455729200879266,0.0,0.0028333333333333335,0.3239166666666667,0.20825,0.465,0.09987708752095498,0.09987708752095498,1.0,0.08470776344549123,0.1660140032224118,0.47182557749672366,0.2774526558353733,0.0728479162834858,0.0728479162834858,0.0,0.04377054838941229,0.24496533494453926,0.3400377887483618,0.37122632791768667,0.0,0.0,1.0,0.07103005370959597,0.17334845445065705,0.385626199711664,0.36999529212808313
212,0.42665154554934304,0.0,0.25562149183974703,79,30,0.0,0,0,210,0.07103005370959597,0.0,0.17334845445065705,0.6,0.385626199711664,0.2,0.36999529212808313,0.2,0.2455729200879266,0.2455729200879266,0.0,0.0028333333333333335,0.3239166666666667,0.20825,0.465,0.09987708752095498,0.09987708752095498,1.0,0.08470776344549123,0.1660140032224118,0.47182557749672366,0.2774526558353733,0.0728479162834858,0.0728479162834858,0.0,0.04377054838941229,0.24496533494453926,0.3400377887483618,0.37122632791768667,0.0,0.0,1.0,0.07103005370959597,0.17334845445065705,0.385626199711664,0.36999529212808313
213,0.42665154554934304,0.0,0.25562149183974703,76,30,0.0,0,0,210,0.07103005370959597,0.0,0.17334845445065705,0.6,0.385626199711664,0.2,0.36999529212808313,0.2,0.2455729200879266,0.2455729200879266,0.0,0.0028333333333333335,0.3239166666666667,0.20825,0.465,0.09987708752095498,0.09987708752095498,1.0,0.08470776344549123,0.1660140032224118,0.47182557749672366,0.2774526558353733,0.0728479162834858,0.0728479162834858,0.0,0.04377054838941229,0.24496533494453926,0.3400377887483618,0.37122632791768667,0.0,0.0,1.0,0.07103005370959597,0.17334845445065705,0.385626199711664,0.36999529212808313
214,0.42665154554934304,0.0,0.25562149183974703,68,30,0.0,0,0,210,0.07103005370959597,0.0,0.17334845445065705,0.6,0.385626199711664,0.2,0.36999529212808313,0.2,0.2455729200879266,0.2455729200879266,0.0,0.0028333333333333335,0.3239166666666667,0.20825,0.465,0.09987708752095498,0.09987708752095498,1.0,0.08470776344549123,0.1660140032224118,0.47182557749672366,0.2774526558353733,0.0728479162834858,0.0728479162834858,0.0,0.04377054838941229,0.24496533494453926,0.3400377887483618,0.37122632791768667,0.0,0.0,1.0,0.07103005370959597,0.17334845445065705,0.385626199711664,0.36999529212808313
215,0.42665154554934304,0.0,0.25562149183974703,75,30,0.0,0,0,210,0.07103005370959597,0.0,0.17334845445065705,0.6,0.385626199711664,0.2,0.36999529212808313,0.2,0.2455729200879266,0.2455729200879266,0.0,0.0028333333333333335,0.3239166666666667,0.20825,0.465,0.09987708752095498,0.09987708752095498,1.0,0.08470776344549123,0.1660140032224118,0.47182557749672366,0.2774526558353733,0.0728479162834858,0.0728479162834858,0.0,0.04377054838941229,0.24496533494453926,0.3400377887483618,0.37122632791768667,0.0,0.0,1.0,0.07103005370959597,0.17334845445065705,0.385626199711664,0.36999529212808313
216,0.42665154554934304,0.0,0.25562149183974703,80,30,0.0,0,0,210,0.07103005370959597,0.0,0.17334845445065705,0.6,0.385626199711664,0.2,0.36999529212808313,0.2,0.2455729200879266,0.2455729200879266,0.0,0.0028333333333333335,0.3239166666666667,0.20825,0.465,0.09987708752095498,0.09987708752095498,1.0,0.08470776344549123,0.1660140032224118,0.47182557749672366,0.2774526558353733,0.0728479162834858,0.0728479162834858,0.0,0.04377054838941229,0.24496533494453926,0.3400377887483618,0.37122632791768667,0.0,0.0,1.0,0.07103005370959597,0.17334845445065705,0.385626199711664,0.36999529212808313
217,0.42665154554934304,0.0,0.25562149183974703,66,30,0.0,0,0,210,0.07103005370959597,0.0,0.17334845445065705,0.6,0.385626199711664,0.2,0.36999529212808313,0.2,0.2455729200879266,0.2455729200879266,0.0,0.0028333333333333335,0.3239166666666667,0.20825,0.465,0.09987708752095498,0.09987708752095498,1.0,0.08470776344549123,0.1660140032224118,0.47182557749672366,0.2774526558353733,0.0728479162834858,0.0728479162834858,0.0,0.04377054838941229,0.24496533494453926,0.3400377887483618,0.37122632791768667,0.0,0.0,1.0,0.07103005370959597,0.17334845445065705,0.385626199711664,0.36999529212808313
218,0.42665154554934304,0.0,0.25562149183974703,73,30,0.0,0,0,210,0.07103005370959597,0.0,0.17334845445065705,0.6,0.385626199711664,0.2,0.36999529212808313,0.2,0.2455729200879266,0.2455729200879266,0.0,0.0028333333333333335,0.3239166666666667,0.20825,0.465,0.09987708752095498,0.09987708752095498,1.0,0.08470776344549123,0.1660140032224118,0.47182557749672366,0.2774526558353733,0.0728479162834858,0.0728479162834858,0.0,0.04377054838941229,0.24496533494453926,0.3400377887483618,0.37122632791768667,0.0,0.0,1.0,0.07103005370959597,0.17334845445065705,0.385626199711664,0.36999529212808313
219,0.42665154554934304,0.0,0.25562149183974703,75,30,0.0,0,0,210,0.07103005370959597,0.0,0.17334845445065705,0.6,0.385626199711664,0.2,0.36999529212808313,0.2,0.2455729200879266,0.2455729200879266,0.0,0.0028333333333333335,0.3239166666666667,0.20825,0.465,0.09987708752095498,0.09987708752095498,1.0,0.08470776344549123,0.1660140032224118,0.47182557749672366,0.2774526558353733,0.0728479162834858,0.0728479162834858,0.0,0.04377054838941229,0.24496533494453926,0.3400377887483618,0.37122632791768667,0.0,0.0,1.0,0.07103005370959597,0.17334845445065705,0.385626199711664,0.36999529212808313
220,0.42665154554934304,0.0,0.25562149183974703,77,30,0.0,0,1,220,0.07103005370959597,0.0,0.17334845445065705,0.6,0.385626199711664,0.2,0.36999529212808313,0.2,0.4224848788826764,0.4224848788826764,0.0,0.0,0.5958333333333333,0.20416666666666666,0.2,0.11398032753541246,0.11398032753541246,0.0,0.14884728432610372,0.20951155136956168,0.3162936480722946,0.32534751623204,0.23271757635424642,0.23271757635424642,0.0,0.07442364216305186,0.4026724423514475,0.26023015736948063,0.26267375811602,0.0,0.0,1.0,0.07103005370959597,0.17334845445065705,0.385626199711664,0.36999529212808313
221,0.42665154554934304,0.0,0.25562149183974703,87,30,0.0,0,0,220,0.07103005370959597,0.0,0.17334845445065705,0.6,0.385626199711664,0.2,0.36999529212808313,0.2,0.4224848788826764,0.4224848788826764,0.0,0.0,0.5958333333333333,0.20416666666666666,0.2,0.11398032753541246,0.11398032753541246,0.0,0.14884728432610372,0.20951155136956168,0.3162936480722946,0.32534751623204,0.23271757635424642,0.23271757635424642,0.0,0.07442364216305186,0.4026724423514475,0.26023015736948063,0.26267375811602,0.0,0.0,1.0,0.07103005370959597,0.17334845445065705,0.385626199711664,0.36999529212808313
222,0.42665154554934304,0.0,0.25562149183974703,66,30,0.0,0,0,220,0.07103005370959597,0.0,0.17334845445065705,0.6,0.385626199711664,0.2,0.36999529212808313,0.2,0.4224848788826764,0.4224848788826764,0.0,0.0,0.5958333333333333,0.20416666666666666,0.2,0.11398032753541246,0.11398032753541246,0.0,0.14884728432610372,0.20951155136956168,0.3162936480722946,0.32534751623204,0.23271757635424642,0.23271757635424642,0.0,0.07442364216305186,0.4026724423514475,0.26023015736948063,0.26267375811602,0.0,0.0,1.0,0.07103005370959597,0.17334845445065705,0.385626199711664,0.36999529212808313
223,0.42665154554934304,0.0,0.25562149183974703,82,30,0.0,0,0,220,0.07103005370959597,0.0,0.17334845445065705,0.6,0.385626199711664,0.2,0.36999529212808313,0.2,0.4224848788826764,0.4224848788826764,0.0,0.0,0.5958333333333333,0.20416666666666666,0.2,0.11398032753541246,0.11398032753541246,0.0,0.14884728432610372,0.20951155136956168,0.3162936480722946,0.32534751623204,0.23271757635424642,0.23271757635424642,0.0,0.07442364216305186,0.4026724423514475,0.26023015736948063,0.26267375811602,0.0,0.0,1.0,0.07103005370959597,0.17334845445065705,0.385626199711664,0.36999529212808313
224,0.42665154554934304,0.0,0.25562149183974703,67,30,0.0,0,0,220,0.07103005370959597,0.0,0.17334845445065705,0.6,0.385626199711664,0.2,0.36999529212808313,0.2,0.4224848788826764,0.4224848788826764,0.0,0.0,0.5958333333333333,0.20416666666666666,0.2,0.11398032753541246,0.11398032753541246,0.0,0.14884728432610372,0.20951155136956168,0.3162936480722946,0.32534751623204,0.23271757635424642,0.23271757635424642,0.0,0.07442364216305186,0.4026724423514475,0.26023015736948063,0.26267375811602,0.0,0.0,1.0,0.07103005370959597,0.17334845445065705,0.385626199711664,0.36999529212808313
225,0.42665154554934304,0.0,0.25562149183974703,64,30,0.0,0,0,220,0.07103005370959597,0.0,0.17334845445065705,0.6,0.385626199711664,0.2,0.36999529212808313,0.2,0.4224848788826764,0.4224848788826764,0.0,0.0,0.5958333333333333,0.20416666666666666,0.2,0.11398032753541246,0.11398032753541246,0.0,0.14884728432610372,0.20951155136956168,0.3162936480722946,0.32534751623204,0.23271757635424642,0.23271757635424642,0.0,0.07442364216305186,0.4026724423514475,0.26023015736948063,0.26267375811602,0.0,0.0,1.0,0.07103005370959597,0.17334845445065705,0.385626199711664,0.36999529212808313
226,0.42665154554934304,0.0,0.25562149183974703,88,30,0.0,0,0,220,0.07103005370959597,0.0,0.17334845445065705,0.6,0.385626199711664,0.2,0.36999529212808313,0.2,0.4224848788826764,0.4224848788826764,0.0,0.0,0.5958333333333333,0.20416666666666666,0.2,0.11398032753541246,0.11398032753541246,0.0,0.14884728432610372,0.20951155136956168,0.3162936480722946,0.32534751623204,0.23271757635424642,0.23271757635424642,0.0,0.07442364216305186,0.4026724423514475,0.26023015736948063,0.26267375811602,0.0,0.0,1.0,0.07103005370959597,0.17334845445065705,0.385626199711664,0.36999529212808313
227,0.42665154554934304,0.0,0.25562149183974703,82,30,0.0,0,0,220,0.07103005370959597,0.0,0.17334845445065705,0.6,0.385626199711664,0.2,0.36999529212808313,0.2,0.4224848788826764,0.4224848788826764,0.0,0.0,0.5958333333333333,0.20416666666666666,0.2,0.11398032753541246,0.11398032753541246,0.0,0.14884728432610372,0.20951155136956168,0.3162936480722946,0.32534751623204,0.23271757635424642,0.23271757635424642,0.0,0.07442364216305186,0.4026724423514475,0.26023015736948063,0.26267375811602,0.0,0.0,1.0,0.07103005370959597,0.17334845445065705,0.385626199711664,0.36999529212808313
228,0.42665154554934304,0.0,0.25562149183974703,80,30,0.0,0,0,220,0.07103005370959597,0.0,0.17334845445065705,0.6,0.385626199711664,0.2,0.36999529212808313,0.2,0.4224848788826764,0.4224848788826764,0.0,0.0,0.5958333333333333,0.20416666666666666,0.2,0.11398032753541246,0.11398032753541246,0.0,0.14884728432610372,0.20951155136956168,0.3162936480722946,0.32534751623204,0.23271757635424642,0.23271757635424642,0.0,0.07442364216305186,0.4026724423514475,0.26023015736948063,0.26267375811602,0.0,0.0,1.0,0.07103005370959597,0.17334845445065705,0.385626199711664,0.36999529212808313
229,0.42665154554934304,0.0,0.25562149183974703,78,30,0.0,0,0,220,0.07103005370959597,0.0,0.17334845445065705,0.6,0.385626199711664,0.2,0.36999529212808313,0.2,0.4224848788826764,0.4224848788826764,0.0,0.0,0.5958333333333333,0.20416666666666666,0.2,0.11398032753541246,0.11398032753541246,0.0,0.14884728432610372,0.20951155136956168,0.3162936480722946,0.32534751623204,0.23271757635424642,0.23271757635424642,0.0,0.07442364216305186,0.4026724423514475,0.26023015736948063,0.26267375811602,0.0,0.0,1.0,0.07103005370959597,0.17334845445065705,0.385626199711664,0.36999529212808313
230,0.42665154554934304,0.0,0.25562149183974703,71,30,0.0,0,1,230,0.07103005370959597,0.0,0.17334845445065705,0.6,0.385626199711664,0.2,0.36999529212808313,0.2,0.42665154554934304,0.42665154554934304,0.0,0.0,0.6,0.2,0.2,0.0600162704744397,0.0600162704744397,0.0,0.06738051198787683,0.21278961223354484,0.3292594709589434,0.390570404819635,0.23304635166611543,0.23304635166611543,0.0,0.03369025599393841,0.4063948061167724,0.2646297354794717,0.2952852024098175,0.0,0.0,1.0,0.07103005370959597,0.17334845445065705,0.385626199711664,0.36999529212808313
231,0.42665154554934304,0.0,0.25562149183974703,84,30,0.0,0,0,230,0.07103005370959597,0.0,0.17334845445065705,0.6,0.385626199711664,0.2,0.36999529212808313,0.2,0.42665154554934304,0.42665154554934304,0.0,0.0,0.6,0.2,0.2,0.0600162704744397,0.0600162704744397,0.0,0.06738051198787683,0.21278961223354484,0.3292594709589434,0.390570404819635,0.23304635166611543,0.23304635166611543,0.0,0.03369025599393841,0.4063948061167724,0.2646297354794717,0.2952852024098175,0.0,0.0,1.0,0.07103005370959597,0.17334845445065705,0.385626199711664,0.36999529212808313
232,0.42665154554934304,0.0,0.25562149183974703,88,30,0.0,0,0,230,0.07103005370959597,0.0,0.17334845445065705,0.6,0.385626199711664,0.2,0.36999529212808313,0.2,0.42665154554934304,0.42665154554934304,0.0,0.0,0.6,0.2,0.2,0.0600162704744397,0.0600162704744397,0.0,0.06738051198787683,0.21278961223354484,0.3292594709589434,0.390570404819635,0.23304635166611543,0.23304635166611543,0.0,0.03369025599393841,0.4063948061167724,0.2646297354794717,0.2952852024098175,0.0,0.0,1.0,0.07103005370959597,0.17334845445065705,0.385626199711664,0.36999529212808313
233,0.42665154554934304,0.0,0.25562149183974703,89,30,0.0,0,0,230,0.07103005370959597,0.0,0.17334845445065705,0.6,0.385626199711664,0.2,0.36999529212808313,0.2,0.42665154554934304,0.42665154554934304,0.0,0.0,0.6,0.2,0.2,0.0600162704744397,0.0600162704744397,0.0,0.06738051198787683,0.21278961223354484,0.3292594709589434,0.390570404819635,0.23304635166611543,0.23304635166611543,0.0,0.03369025599393841,0.4063948061167724,0.2646297354794717,0.2952852024098175,0.0,0.0,1.0,0.07103005370959597,0.17334845445065705,0.385626199711664,0.36999529212808313
234,0.42665154554934304,0.0,0.25562149183974703,85,30,0.0,0,0,230,0.07103005370959597,0.0,0.17334845445065705,0.6,0.385626199711664,0.2,0.36999529212808313,0.2,0.42665154554934304,0.42665154554934304,0.0,0.0,0.6,0.2,0.2,0.0600162704744397,0.0600162704744397,0.0,0.06738051198787683,0.21278961223354484,0.3292594709589434,0.390570404819635,0.23304635166611543,0.23304635166611543,0.0,0.03369025599393841,0.4063948061167724,0.2646297354794717,0.2952852024098175,0.0,0.0,1.0,0.07103005370959597,0.17334845445065705,0.385626199711664,0.36999529212808313
235,0.42665154554934304,0.0,0.25562149183974703,70,30,0.0,0,0,230,0.07103005370959597,0.0,0.17334845445065705,0.6,0.385626199711664,0.2,0.36999529212808313,0.2,0.42665154554934304,0.42665154554934304,0.0,0.0,0.6,0.2,0.2,0.0600162704744397,0.0600162704744397,0.0,0.06738051198787683,0.21278961223354484,0.3292594709589434,0.390570404819635,0.23304635166611543,0.23304635166611543,0.0,0.03369025599393841,0.4063948061167724,0.2646297354794717,0.2952852024098175,0.0,0.0,1.0,0.07103005370959597,0.17334845445065705,0.385626199711664,0.36999529212808313
236,0.42665154554934304,0.0,0.25562149183974703,84,30,0.0,0,0,230,0.07103005370959597,0.0,0.17334845445065705,0.6,0.385626199711664,0.2,0.36999529212808313,0.2,0.42665154554934304,0.42665154554934304,0.0,0.0,0.6,0.2,0.2,0.0600162704744397,0.0600162704744397,0.0,0.06738051198787683,0.21278961223354484,0.3292594709589434,0.390570404819635,0.23304635166611543,0.23304635166611543,0.0,0.03369025599393841,0.4063948061167724,0.2646297354794717,0.2952852024098175,0.0,0.0,1.0,0.07103005370959597,0.17334845445065705,0.385626199711664,0.36999529212808313
237,0.42665154554934304,0.0,0.25562149183974703,74,30,0.0,0,0,230,0.07103005370959597,0.0,0.17334845445065705,0.6,0.385626199711664,0.2,0.36999529212808313,0.2,0.42665154554934304,0.42665154554934304,0.0,0.0,0.6,0.2,0.2,0.0600162704744397,0.0600162704744397,0.0,0.06738051198787683,0.21278961223354484,0.3292594709589434,0.390570404819635,0.23304635166611543,0.23304635166611543,0.0,0.03369025599393841,0.4063948061167724,0.2646297354794717,0.2952852024098175,0.0,0.0,1.0,0.07103005370959597,0.17334845445065705,0.385626199711664,0.36999529212808313
238,0.42665154554934304,0.0,0.25562149183974703,72,30,0.0,0,0,230,0.07103005370959597,0.0,0.17334845445065705,0.6,0.385626199711664,0.2,0.36999529212808313,0.2,0.42665154554934304,0.42665154554934304,0.0,0.0,0.6,0.2,0.2,0.0600162704744397,0.0600162704744397,0.0,0.06738051198787683,0.21278961223354484,0.3292594709589434,0.390570404819635,0.23304635166611543,0.23304635166611543,0.0,0.03369025599393841,0.4063948061167724,0.2646297354794717,0.2952852024098175,0.0,0.0,1.0,0.07103005370959597,0.17334845445065705,0.385626199711664,0.36999529212808313
239,0.42665154554934304,0.0,0.25562149183974703,83,30,0.0,0,0,230,0.07103005370959597,0.0,0.17334845445065705,0.6,0.385626199711664,0.2,0.36999529212808313,0.2,0.42665154554934304,0.42665154554934304,0.0,0.0,0.6,0.2,0.2,0.0600162704744397,0.0600162704744397,0.0,0.06738051198787683,0.21278961223354484,0.3292594709589434,0.390570404819635,0.23304635166611543,0.23304635166611543,0.0,0.03369025599393841,0.4063948061167724,0.2646297354794717,0.2952852024098175,0.0,0.0,1.0,0.07103005370959597,0.17334845445065705,0.385626199711664,0.36999529212808313
