step,attention_error,preference_change,uniform_prior_error,interactions,pool_size,official_exposure_share,official_arrivals,observation_updated,last_observed_at,truth_0,attention_0,truth_1,attention_1,truth_2,attention_2,truth_3,attention_3,error_platform,initial_error_platform,top_accuracy_platform,estimate_platform_0,estimate_platform_1,estimate_platform_2,estimate_platform_3,error_survey,initial_error_survey,top_accuracy_survey,estimate_survey_0,estimate_survey_1,estimate_survey_2,estimate_survey_3,error_fused,initial_error_fused,top_accuracy_fused,estimate_fused_0,estimate_fused_1,estimate_fused_2,estimate_fused_3,error_oracle,initial_error_oracle,top_accuracy_oracle,estimate_oracle_0,estimate_oracle_1,estimate_oracle_2,estimate_oracle_3
0,0.13881025794388785,0.0,0.21952307538944546,70,28,0.0,0,1,0,0.46952307538944554,0.6083333333333333,0.185925968218926,0.15,0.2448579045859331,0.2,0.09969305180569553,0.041666666666666664,0.13881025794388785,0.13881025794388785,1.0,0.6083333333333333,0.15,0.2,0.041666666666666664,0.07197066405333308,0.07197066405333308,1.0,0.40907613409362087,0.22197307862421142,0.28078145823398065,0.08816932904818703,0.039242229417211366,0.039242229417211366,1.0,0.5087047337134771,0.1859865393121057,0.24039072911699033,0.06491799785742684,0.0,0.0,1.0,0.46952307538944554,0.185925968218926,0.2448579045859331,0.09969305180569553
1,0.18714359127722122,0.0,0.21952307538944546,88,32,0.0,0,0,0,0.46952307538944554,0.6566666666666666,0.185925968218926,0.13666666666666666,0.2448579045859331,0.175,0.09969305180569553,0.03166666666666667,0.13881025794388785,0.13881025794388785,1.0,0.6083333333333333,0.15,0.2,0.041666666666666664,0.07197066405333308,0.07197066405333308,1.0,0.40907613409362087,0.22197307862421142,0.28078145823398065,0.08816932904818703,0.039242229417211366,0.039242229417211366,1.0,0.5087047337134771,0.1859865393121057,0.24039072911699033,0.06491799785742684,0.0,0.0,1.0,0.46952307538944554,0.185925968218926,0.2448579045859331,0.09969305180569553
2,0.18214359127722118,0.0,0.21952307538944546,92,36,0.0,0,0,0,0.46952307538944554,0.6516666666666666,0.185925968218926,0.13833333333333334,0.2448579045859331,0.18166666666666667,0.09969305180569553,0.028333333333333332,0.13881025794388785,0.13881025794388785,1.0,0.6083333333333333,0.15,0.2,0.041666666666666664,0.07197066405333308,0.07197066405333308,1.0,0.40907613409362087,0.22197307862421142,0.28078145823398065,0.08816932904818703,0.039242229417211366,0.039242229417211366,1.0,0.5087047337134771,0.1859865393121057,0.24039072911699033,0.06491799785742684,0.0,0.0,1.0,0.46952307538944554,0.185925968218926,0.2448579045859331,0.09969305180569553
3,0.19047692461055457,0.0,0.21952307538944546,87,40,0.0,0,0,0,0.46952307538944554,0.66,0.185925968218926,0.13166666666666665,0.2448579045859331,0.18166666666666667,0.09969305180569553,0.02666666666666667,0.13881025794388785,0.13881025794388785,1.0,0.6083333333333333,0.15,0.2,0.041666666666666664,0.07197066405333308,0.07197066405333308,1.0,0.40907613409362087,0.22197307862421142,0.28078145823398065,0.08816932904818703,0.039242229417211366,0.039242229417211366,1.0,0.5087047337134771,0.1859865393121057,0.24039072911699033,0.06491799785742684,0.0,0.0,1.0,0.46952307538944554,0.185925968218926,0.2448579045859331,0.09969305180569553
4,0.18381025794388786,0.0,0.21952307538944546,100,44,0.0,0,0,0,0.46952307538944554,0.6533333333333333,0.185925968218926,0.135,0.2448579045859331,0.18166666666666667,0.09969305180569553,0.03,0.13881025794388785,0.13881025794388785,1.0,0.6083333333333333,0.15,0.2,0.041666666666666664,0.07197066405333308,0.07197066405333308,1.0,0.40907613409362087,0.22197307862421142,0.28078145823398065,0.08816932904818703,0.039242229417211366,0.039242229417211366,1.0,0.5087047337134771,0.1859865393121057,0.24039072911699033,0.06491799785742684,0.0,0.0,1.0,0.46952307538944554,0.185925968218926,0.2448579045859331,0.09969305180569553
5,0.1854769246105546,0.0,0.21952307538944546,80,43,0.0,0,0,0,0.46952307538944554,0.655,0.185925968218926,0.13333333333333333,0.2448579045859331,0.18333333333333332,0.09969305180569553,0.028333333333333332,0.13881025794388785,0.13881025794388785,1.0,0.6083333333333333,0.15,0.2,0.041666666666666664,0.07197066405333308,0.07197066405333308,1.0,0.40907613409362087,0.22197307862421142,0.28078145823398065,0.08816932904818703,0.039242229417211366,0.039242229417211366,1.0,0.5087047337134771,0.1859865393121057,0.24039072911699033,0.06491799785742684,0.0,0.0,1.0,0.46952307538944554,0.185925968218926,0.2448579045859331,0.09969305180569553
6,0.18214359127722118,0.0,0.21952307538944546,94,43,0.0,0,0,0,0.46952307538944554,0.6516666666666666,0.185925968218926,0.13333333333333333,0.2448579045859331,0.185,0.09969305180569553,0.03,0.13881025794388785,0.13881025794388785,1.0,0.6083333333333333,0.15,0.2,0.041666666666666664,0.07197066405333308,0.07197066405333308,1.0,0.40907613409362087,0.22197307862421142,0.28078145823398065,0.08816932904818703,0.039242229417211366,0.039242229417211366,1.0,0.5087047337134771,0.1859865393121057,0.24039072911699033,0.06491799785742684,0.0,0.0,1.0,0.46952307538944554,0.185925968218926,0.2448579045859331,0.09969305180569553
7,0.18214359127722118,0.0,0.21952307538944546,77,43,0.0,0,0,0,0.46952307538944554,0.6516666666666666,0.185925968218926,0.135,0.2448579045859331,0.18333333333333332,0.09969305180569553,0.03,0.13881025794388785,0.13881025794388785,1.0,0.6083333333333333,0.15,0.2,0.041666666666666664,0.07197066405333308,0.07197066405333308,1.0,0.40907613409362087,0.22197307862421142,0.28078145823398065,0.08816932904818703,0.039242229417211366,0.039242229417211366,1.0,0.5087047337134771,0.1859865393121057,0.24039072911699033,0.06491799785742684,0.0,0.0,1.0,0.46952307538944554,0.185925968218926,0.2448579045859331,0.09969305180569553
8,0.18047692461055453,0.0,0.21952307538944546,91,43,0.0,0,0,0,0.46952307538944554,0.65,0.185925968218926,0.135,0.2448579045859331,0.18666666666666668,0.09969305180569553,0.028333333333333332,0.13881025794388785,0.13881025794388785,1.0,0.6083333333333333,0.15,0.2,0.041666666666666664,0.07197066405333308,0.07197066405333308,1.0,0.40907613409362087,0.22197307862421142,0.28078145823398065,0.08816932904818703,0.039242229417211366,0.039242229417211366,1.0,0.5087047337134771,0.1859865393121057,0.24039072911699033,0.06491799785742684,0.0,0.0,1.0,0.46952307538944554,0.185925968218926,0.2448579045859331,0.09969305180569553
9,0.1804769246105546,0.0,0.21952307538944546,103,43,0.0,0,0,0,0.46952307538944554,0.65,0.185925968218926,0.13666666666666666,0.2448579045859331,0.185,0.09969305180569553,0.028333333333333332,0.13881025794388785,0.13881025794388785,1.0,0.6083333333333333,0.15,0.2,0.041666666666666664,0.07197066405333308,0.07197066405333308,1.0,0.40907613409362087,0.22197307862421142,0.28078145823398065,0.08816932904818703,0.039242229417211366,0.039242229417211366,1.0,0.5087047337134771,0.1859865393121057,0.24039072911699033,0.06491799785742684,0.0,0.0,1.0,0.46952307538944554,0.185925968218926,0.2448579045859331,0.09969305180569553
10,0.17881025794388788,0.0,0.21952307538944546,106,43,0.0,0,1,10,0.46952307538944554,0.6483333333333333,0.185925968218926,0.13666666666666666,0.2448579045859331,0.18666666666666668,0.09969305180569553,0.028333333333333332,0.17926480339843337,0.17926480339843337,1.0,0.6487878787878788,0.1365151515151515,0.18454545454545454,0.03015151515151515,0.030095609444097435,0.030095609444097435,1.0,0.4996186848335429,0.17195914055489717,0.24084562025331216,0.08757655435824778,0.10468020642126537,0.10468020642126537,1.0,0.5742032818107108,0.15423714603502434,0.21269553739938335,0.058864034754881465,0.0,0.0,1.0,0.46952307538944554,0.185925968218926,0.2448579045859331,0.09969305180569553
11,0.17714359127722118,0.0,0.21952307538944546,90,43,0.0,0,0,10,0.46952307538944554,0.6466666666666666,0.185925968218926,0.13666666666666666,0.2448579045859331,0.18833333333333332,0.09969305180569553,0.028333333333333332,0.17926480339843337,0.17926480339843337,1.0,0.6487878787878788,0.1365151515151515,0.18454545454545454,0.03015151515151515,0.030095609444097435,0.030095609444097435,1.0,0.4996186848335429,0.17195914055489717,0.24084562025331216,0.08757655435824778,0.10468020642126537,0.10468020642126537,1.0,0.5742032818107108,0.15423714603502434,0.21269553739938335,0.058864034754881465,0.0,0.0,1.0,0.46952307538944554,0.185925968218926,0.2448579045859331,0.09969305180569553
12,0.17547692461055459,0.0,0.21952307538944546,92,43,0.0,0,0,10,0.46952307538944554,0.645,0.185925968218926,0.13666666666666666,0.2448579045859331,0.19,0.09969305180569553,0.028333333333333332,0.17926480339843337,0.17926480339843337,1.0,0.6487878787878788,0.1365151515151515,0.18454545454545454,0.03015151515151515,0.030095609444097435,0.030095609444097435,1.0,0.4996186848335429,0.17195914055489717,0.24084562025331216,0.08757655435824778,0.10468020642126537,0.10468020642126537,1.0,0.5742032818107108,0.15423714603502434,0.21269553739938335,0.058864034754881465,0.0,0.0,1.0,0.46952307538944554,0.185925968218926,0.2448579045859331,0.09969305180569553
13,0.17881025794388788,0.0,0.21952307538944546,106,43,0.0,0,0,10,0.46952307538944554,0.6483333333333333,0.185925968218926,0.13666666666666666,0.2448579045859331,0.18666666666666668,0.09969305180569553,0.028333333333333332,0.17926480339843337,0.17926480339843337,1.0,0.6487878787878788,0.1365151515151515,0.18454545454545454,0.03015151515151515,0.030095609444097435,0.030095609444097435,1.0,0.4996186848335429,0.17195914055489717,0.24084562025331216,0.08757655435824778,0.10468020642126537,0.10468020642126537,1.0,0.5742032818107108,0.15423714603502434,0.21269553739938335,0.058864034754881465,0.0,0.0,1.0,0.46952307538944554,0.185925968218926,0.2448579045859331,0.09969305180569553
14,0.17714359127722118,0.0,0.21952307538944546,77,43,0.0,0,0,10,0.46952307538944554,0.6466666666666666,0.185925968218926,0.13666666666666666,0.2448579045859331,0.18833333333333332,0.09969305180569553,0.028333333333333332,0.17926480339843337,0.17926480339843337,1.0,0.6487878787878788,0.1365151515151515,0.18454545454545454,0.03015151515151515,0.030095609444097435,0.030095609444097435,1.0,0.4996186848335429,0.17195914055489717,0.24084562025331216,0.08757655435824778,0.10468020642126537,0.10468020642126537,1.0,0.5742032818107108,0.15423714603502434,0.21269553739938335,0.058864034754881465,0.0,0.0,1.0,0.46952307538944554,0.185925968218926,0.2448579045859331,0.09969305180569553
15,0.18047692461055453,0.0,0.21952307538944546,100,43,0.0,0,0,10,0.46952307538944554,0.65,0.185925968218926,0.135,0.2448579045859331,0.18666666666666668,0.09969305180569553,0.028333333333333332,0.17926480339843337,0.17926480339843337,1.0,0.6487878787878788,0.1365151515151515,0.18454545454545454,0.03015151515151515,0.030095609444097435,0.030095609444097435,1.0,0.4996186848335429,0.17195914055489717,0.24084562025331216,0.08757655435824778,0.10468020642126537,0.10468020642126537,1.0,0.5742032818107108,0.15423714603502434,0.21269553739938335,0.058864034754881465,0.0,0.0,1.0,0.46952307538944554,0.185925968218926,0.2448579045859331,0.09969305180569553
16,0.17714359127722118,0.0,0.21952307538944546,91,43,0.0,0,0,10,0.46952307538944554,0.6466666666666666,0.185925968218926,0.13833333333333334,0.2448579045859331,0.18666666666666668,0.09969305180569553,0.028333333333333332,0.17926480339843337,0.17926480339843337,1.0,0.6487878787878788,0.1365151515151515,0.18454545454545454,0.03015151515151515,0.030095609444097435,0.030095609444097435,1.0,0.4996186848335429,0.17195914055489717,0.24084562025331216,0.08757655435824778,0.10468020642126537,0.10468020642126537,1.0,0.5742032818107108,0.15423714603502434,0.21269553739938335,0.058864034754881465,0.0,0.0,1.0,0.46952307538944554,0.185925968218926,0.2448579045859331,0.09969305180569553
17,0.17714359127722118,0.0,0.21952307538944546,84,43,0.0,0,0,10,0.46952307538944554,0.6466666666666666,0.185925968218926,0.13833333333333334,0.2448579045859331,0.18666666666666668,0.09969305180569553,0.028333333333333332,0.17926480339843337,0.17926480339843337,1.0,0.6487878787878788,0.1365151515151515,0.18454545454545454,0.03015151515151515,0.030095609444097435,0.030095609444097435,1.0,0.4996186848335429,0.17195914055489717,0.24084562025331216,0.08757655435824778,0.10468020642126537,0.10468020642126537,1.0,0.5742032818107108,0.15423714603502434,0.21269553739938335,0.058864034754881465,0.0,0.0,1.0,0.46952307538944554,0.185925968218926,0.2448579045859331,0.09969305180569553
18,0.17881025794388788,0.0,0.21952307538944546,102,43,0.0,0,0,10,0.46952307538944554,0.6483333333333333,0.185925968218926,0.13666666666666666,0.2448579045859331,0.18666666666666668,0.09969305180569553,0.028333333333333332,0.17926480339843337,0.17926480339843337,1.0,0.6487878787878788,0.1365151515151515,0.18454545454545454,0.03015151515151515,0.030095609444097435,0.030095609444097435,1.0,0.4996186848335429,0.17195914055489717,0.24084562025331216,0.08757655435824778,0.10468020642126537,0.10468020642126537,1.0,0.5742032818107108,0.15423714603502434,0.21269553739938335,0.058864034754881465,0.0,0.0,1.0,0.46952307538944554,0.185925968218926,0.2448579045859331,0.09969305180569553
19,0.17547692461055453,0.0,0.21952307538944546,90,43,0.0,0,0,10,0.46952307538944554,0.645,0.185925968218926,0.14,0.2448579045859331,0.18666666666666668,0.09969305180569553,0.028333333333333332,0.17926480339843337,0.17926480339843337,1.0,0.6487878787878788,0.1365151515151515,0.18454545454545454,0.03015151515151515,0.030095609444097435,0.030095609444097435,1.0,0.4996186848335429,0.17195914055489717,0.24084562025331216,0.08757655435824778,0.10468020642126537,0.10468020642126537,1.0,0.5742032818107108,0.15423714603502434,0.21269553739938335,0.058864034754881465,0.0,0.0,1.0,0.46952307538944554,0.185925968218926,0.2448579045859331,0.09969305180569553
20,0.17214359127722123,0.0,0.21952307538944546,89,43,0.0,0,1,20,0.46952307538944554,0.6416666666666667,0.185925968218926,0.14,0.2448579045859331,0.19,0.09969305180569553,0.028333333333333332,0.1801435912772212,0.1801435912772212,1.0,0.6496666666666666,0.13633333333333333,0.18533333333333332,0.028666666666666667,0.14222636422253782,0.14222636422253782,1.0,0.39215668122704433,0.30654566979962766,0.2664645672277692,0.03483308174555882,0.08690213190496453,0.08690213190496453,1.0,0.5209116739468554,0.2214395015664805,0.22589895028055124,0.03174987420611274,0.0,0.0,1.0,0.46952307538944554,0.185925968218926,0.2448579045859331,0.09969305180569553
21,0.17381025794388788,0.0,0.21952307538944546,89,43,0.0,0,0,20,0.46952307538944554,0.6433333333333333,0.185925968218926,0.13833333333333334,0.2448579045859331,0.19,0.09969305180569553,0.028333333333333332,0.1801435912772212,0.1801435912772212,1.0,0.6496666666666666,0.13633333333333333,0.18533333333333332,0.028666666666666667,0.14222636422253782,0.14222636422253782,1.0,0.39215668122704433,0.30654566979962766,0.2664645672277692,0.03483308174555882,0.08690213190496453,0.08690213190496453,1.0,0.5209116739468554,0.2214395015664805,0.22589895028055124,0.03174987420611274,0.0,0.0,1.0,0.46952307538944554,0.185925968218926,0.2448579045859331,0.09969305180569553
22,0.17381025794388788,0.0,0.21952307538944546,91,43,0.0,0,0,20,0.46952307538944554,0.6433333333333333,0.185925968218926,0.13833333333333334,0.2448579045859331,0.19,0.09969305180569553,0.028333333333333332,0.1801435912772212,0.1801435912772212,1.0,0.6496666666666666,0.13633333333333333,0.18533333333333332,0.028666666666666667,0.14222636422253782,0.14222636422253782,1.0,0.39215668122704433,0.30654566979962766,0.2664645672277692,0.03483308174555882,0.08690213190496453,0.08690213190496453,1.0,0.5209116739468554,0.2214395015664805,0.22589895028055124,0.03174987420611274,0.0,0.0,1.0,0.46952307538944554,0.185925968218926,0.2448579045859331,0.09969305180569553
23,0.17381025794388788,0.0,0.21952307538944546,92,43,0.0,0,0,20,0.46952307538944554,0.6433333333333333,0.185925968218926,0.13833333333333334,0.2448579045859331,0.19,0.09969305180569553,0.028333333333333332,0.1801435912772212,0.1801435912772212,1.0,0.6496666666666666,0.13633333333333333,0.18533333333333332,0.028666666666666667,0.14222636422253782,0.14222636422253782,1.0,0.39215668122704433,0.30654566979962766,0.2664645672277692,0.03483308174555882,0.08690213190496453,0.08690213190496453,1.0,0.5209116739468554,0.2214395015664805,0.22589895028055124,0.03174987420611274,0.0,0.0,1.0,0.46952307538944554,0.185925968218926,0.2448579045859331,0.09969305180569553
24,0.17381025794388788,0.0,0.21952307538944546,82,43,0.0,0,0,20,0.46952307538944554,0.6433333333333333,0.185925968218926,0.13833333333333334,0.2448579045859331,0.19,0.09969305180569553,0.028333333333333332,0.1801435912772212,0.1801435912772212,1.0,0.6496666666666666,0.13633333333333333,0.18533333333333332,0.028666666666666667,0.14222636422253782,0.14222636422253782,1.0,0.39215668122704433,0.30654566979962766,0.2664645672277692,0.03483308174555882,0.08690213190496453,0.08690213190496453,1.0,0.5209116739468554,0.2214395015664805,0.22589895028055124,0.03174987420611274,0.0,0.0,1.0,0.46952307538944554,0.185925968218926,0.2448579045859331,0.09969305180569553
25,0.17381025794388788,0.0,0.21952307538944546,95,43,0.0,0,0,20,0.46952307538944554,0.6433333333333333,0.185925968218926,0.13833333333333334,0.2448579045859331,0.19,0.09969305180569553,0.028333333333333332,0.1801435912772212,0.1801435912772212,1.0,0.6496666666666666,0.13633333333333333,0.18533333333333332,0.028666666666666667,0.14222636422253782,0.14222636422253782,1.0,0.39215668122704433,0.30654566979962766,0.2664645672277692,0.03483308174555882,0.08690213190496453,0.08690213190496453,1.0,0.5209116739468554,0.2214395015664805,0.22589895028055124,0.03174987420611274,0.0,0.0,1.0,0.46952307538944554,0.185925968218926,0.2448579045859331,0.09969305180569553
26,0.17381025794388788,0.0,0.21952307538944546,89,43,0.0,0,0,20,0.46952307538944554,0.6433333333333333,0.185925968218926,0.13833333333333334,0.2448579045859331,0.19,0.09969305180569553,0.028333333333333332,0.1801435912772212,0.1801435912772212,1.0,0.6496666666666666,0.13633333333333333,0.18533333333333332,0.028666666666666667,0.14222636422253782,0.14222636422253782,1.0,0.39215668122704433,0.30654566979962766,0.2664645672277692,0.03483308174555882,0.08690213190496453,0.08690213190496453,1.0,0.5209116739468554,0.2214395015664805,0.22589895028055124,0.03174987420611274,0.0,0.0,1.0,0.46952307538944554,0.185925968218926,0.2448579045859331,0.09969305180569553
27,0.17381025794388788,0.0,0.21952307538944546,82,43,0.0,0,0,20,0.46952307538944554,0.6433333333333333,0.185925968218926,0.13833333333333334,0.2448579045859331,0.19,0.09969305180569553,0.028333333333333332,0.1801435912772212,0.1801435912772212,1.0,0.6496666666666666,0.13633333333333333,0.18533333333333332,0.028666666666666667,0.14222636422253782,0.14222636422253782,1.0,0.39215668122704433,0.30654566979962766,0.2664645672277692,0.03483308174555882,0.08690213190496453,0.08690213190496453,1.0,0.5209116739468554,0.2214395015664805,0.22589895028055124,0.03174987420611274,0.0,0.0,1.0,0.46952307538944554,0.185925968218926,0.2448579045859331,0.09969305180569553
28,0.17381025794388788,0.0,0.21952307538944546,106,43,0.0,0,0,20,0.46952307538944554,0.6433333333333333,0.185925968218926,0.13833333333333334,0.2448579045859331,0.19,0.09969305180569553,0.028333333333333332,0.1801435912772212,0.1801435912772212,1.0,0.6496666666666666,0.13633333333333333,0.18533333333333332,0.028666666666666667,0.14222636422253782,0.14222636422253782,1.0,0.39215668122704433,0.30654566979962766,0.2664645672277692,0.03483308174555882,0.08690213190496453,0.08690213190496453,1.0,0.5209116739468554,0.2214395015664805,0.22589895028055124,0.03174987420611274,0.0,0.0,1.0,0.46952307538944554,0.185925968218926,0.2448579045859331,0.09969305180569553
29,0.17381025794388788,0.0,0.21952307538944546,91,43,0.0,0,0,20,0.46952307538944554,0.6433333333333333,0.185925968218926,0.13833333333333334,0.2448579045859331,0.19,0.09969305180569553,0.028333333333333332,0.1801435912772212,0.1801435912772212,1.0,0.6496666666666666,0.13633333333333333,0.18533333333333332,0.028666666666666667,0.14222636422253782,0.14222636422253782,1.0,0.39215668122704433,0.30654566979962766,0.2664645672277692,0.03483308174555882,0.08690213190496453,0.08690213190496453,1.0,0.5209116739468554,0.2214395015664805,0.22589895028055124,0.03174987420611274,0.0,0.0,1.0,0.46952307538944554,0.185925968218926,0.2448579045859331,0.09969305180569553
30,0.17214359127722123,0.0,0.21952307538944546,81,43,0.0,0,1,30,0.46952307538944554,0.6416666666666667,0.185925968218926,0.13833333333333334,0.2448579045859331,0.19166666666666668,0.09969305180569553,0.028333333333333332,0.17531025794388788,0.17531025794388788,1.0,0.6448333333333334,0.13791666666666666,0.18891666666666668,0.028333333333333332,0.0861990239909297,0.0861990239909297,1.0,0.5394853086668053,0.16189308023687263,0.18269176857705668,0.11592984251926534,0.12263624561062386,0.12263624561062386,1.0,0.5921593210000693,0.14990487345176964,0.18580421762186167,0.07213158792629934,0.0,0.0,1.0,0.46952307538944554,0.185925968218926,0.2448579045859331,0.09969305180569553
31,0.17381025794388788,0.0,0.21952307538944546,99,43,0.0,0,0,30,0.46952307538944554,0.6433333333333333,0.185925968218926,0.13833333333333334,0.2448579045859331,0.19,0.09969305180569553,0.028333333333333332,0.17531025794388788,0.17531025794388788,1.0,0.6448333333333334,0.13791666666666666,0.18891666666666668,0.028333333333333332,0.0861990239909297,0.0861990239909297,1.0,0.5394853086668053,0.16189308023687263,0.18269176857705668,0.11592984251926534,0.12263624561062386,0.12263624561062386,1.0,0.5921593210000693,0.14990487345176964,0.18580421762186167,0.07213158792629934,0.0,0.0,1.0,0.46952307538944554,0.185925968218926,0.2448579045859331,0.09969305180569553
32,0.17214359127722123,0.0,0.21952307538944546,97,43,0.0,0,0,30,0.46952307538944554,0.6416666666666667,0.185925968218926,0.14,0.2448579045859331,0.19,0.09969305180569553,0.028333333333333332,0.17531025794388788,0.17531025794388788,1.0,0.6448333333333334,0.13791666666666666,0.18891666666666668,0.028333333333333332,0.0861990239909297,0.0861990239909297,1.0,0.5394853086668053,0.16189308023687263,0.18269176857705668,0.11592984251926534,0.12263624561062386,0.12263624561062386,1.0,0.5921593210000693,0.14990487345176964,0.18580421762186167,0.07213158792629934,0.0,0.0,1.0,0.46952307538944554,0.185925968218926,0.2448579045859331,0.09969305180569553
33,0.17214359127722123,0.0,0.21952307538944546,97,43,0.0,0,0,30,0.46952307538944554,0.6416666666666667,0.185925968218926,0.14,0.2448579045859331,0.19,0.09969305180569553,0.028333333333333332,0.17531025794388788,0.17531025794388788,1.0,0.6448333333333334,0.13791666666666666,0.18891666666666668,0.028333333333333332,0.0861990239909297,0.0861990239909297,1.0,0.5394853086668053,0.16189308023687263,0.18269176857705668,0.11592984251926534,0.12263624561062386,0.12263624561062386,1.0,0.5921593210000693,0.14990487345176964,0.18580421762186167,0.07213158792629934,0.0,0.0,1.0,0.46952307538944554,0.185925968218926,0.2448579045859331,0.09969305180569553
34,0.17047692461055458,0.0,0.21952307538944546,80,43,0.0,0,0,30,0.46952307538944554,0.64,0.185925968218926,0.14166666666666666,0.2448579045859331,0.19,0.09969305180569553,0.028333333333333332,0.17531025794388788,0.17531025794388788,1.0,0.6448333333333334,0.13791666666666666,0.18891666666666668,0.028333333333333332,0.0861990239909297,0.0861990239909297,1.0,0.5394853086668053,0.16189308023687263,0.18269176857705668,0.11592984251926534,0.12263624561062386,0.12263624561062386,1.0,0.5921593210000693,0.14990487345176964,0.18580421762186167,0.07213158792629934,0.0,0.0,1.0,0.46952307538944554,0.185925968218926,0.2448579045859331,0.09969305180569553
35,0.17214359127722123,0.0,0.21952307538944546,82,43,0.0,0,0,30,0.46952307538944554,0.6416666666666667,0.185925968218926,0.14,0.2448579045859331,0.19,0.09969305180569553,0.028333333333333332,0.17531025794388788,0.17531025794388788,1.0,0.6448333333333334,0.13791666666666666,0.18891666666666668,0.028333333333333332,0.0861990239909297,0.0861990239909297,1.0,0.5394853086668053,0.16189308023687263,0.18269176857705668,0.11592984251926534,0.12263624561062386,0.12263624561062386,1.0,0.5921593210000693,0.14990487345176964,0.18580421762186167,0.07213158792629934,0.0,0.0,1.0,0.46952307538944554,0.185925968218926,0.2448579045859331,0.09969305180569553
36,0.17047692461055458,0.0,0.21952307538944546,82,43,0.0,0,0,30,0.46952307538944554,0.64,0.185925968218926,0.14166666666666666,0.2448579045859331,0.19,0.09969305180569553,0.028333333333333332,0.17531025794388788,0.17531025794388788,1.0,0.6448333333333334,0.13791666666666666,0.18891666666666668,0.028333333333333332,0.0861990239909297,0.0861990239909297,1.0,0.5394853086668053,0.16189308023687263,0.18269176857705668,0.11592984251926534,0.12263624561062386,0.12263624561062386,1.0,0.5921593210000693,0.14990487345176964,0.18580421762186167,0.07213158792629934,0.0,0.0,1.0,0.46952307538944554,0.185925968218926,0.2448579045859331,0.09969305180569553
37,0.17214359127722123,0.0,0.21952307538944546,84,43,0.0,0,0,30,0.46952307538944554,0.6416666666666667,0.185925968218926,0.14,0.2448579045859331,0.19,0.09969305180569553,0.028333333333333332,0.17531025794388788,0.17531025794388788,1.0,0.6448333333333334,0.13791666666666666,0.18891666666666668,0.028333333333333332,0.0861990239909297,0.0861990239909297,1.0,0.5394853086668053,0.16189308023687263,0.18269176857705668,0.11592984251926534,0.12263624561062386,0.12263624561062386,1.0,0.5921593210000693,0.14990487345176964,0.18580421762186167,0.07213158792629934,0.0,0.0,1.0,0.46952307538944554,0.185925968218926,0.2448579045859331,0.09969305180569553
38,0.17214359127722123,0.0,0.21952307538944546,76,43,0.0,0,0,30,0.46952307538944554,0.6416666666666667,0.185925968218926,0.14,0.2448579045859331,0.19,0.09969305180569553,0.028333333333333332,0.17531025794388788,0.17531025794388788,1.0,0.6448333333333334,0.13791666666666666,0.18891666666666668,0.028333333333333332,0.0861990239909297,0.0861990239909297,1.0,0.5394853086668053,0.16189308023687263,0.18269176857705668,0.11592984251926534,0.12263624561062386,0.12263624561062386,1.0,0.5921593210000693,0.14990487345176964,0.18580421762186167,0.07213158792629934,0.0,0.0,1.0,0.46952307538944554,0.185925968218926,0.2448579045859331,0.09969305180569553
39,0.17214359127722123,0.0,0.21952307538944546,78,43,0.0,0,0,30,0.46952307538944554,0.6416666666666667,0.185925968218926,0.14,0.2448579045859331,0.19,0.09969305180569553,0.028333333333333332,0.17531025794388788,0.17531025794388788,1.0,0.6448333333333334,0.13791666666666666,0.18891666666666668,0.028333333333333332,0.0861990239909297,0.0861990239909297,1.0,0.5394853086668053,0.16189308023687263,0.18269176857705668,0.11592984251926534,0.12263624561062386,0.12263624561062386,1.0,0.5921593210000693,0.14990487345176964,0.18580421762186167,0.07213158792629934,0.0,0.0,1.0,0.46952307538944554,0.185925968218926,0.2448579045859331,0.09969305180569553
40,0.17214359127722123,0.0,0.21952307538944546,107,43,0.0,0,1,40,0.46952307538944554,0.6416666666666667,0.185925968218926,0.14,0.2448579045859331,0.19,0.09969305180569553,0.028333333333333332,0.17281025794388788,0.17281025794388788,1.0,0.6423333333333333,0.13925,0.19008333333333333,0.028333333333333332,0.0847692518482492,0.0847692518482492,1.0,0.534844265582814,0.12717390923219274,0.2643059662408138,0.07367585894417954,0.11906572406862817,0.11906572406862817,1.0,0.5885887994580736,0.13321195461609636,0.22719464978707357,0.051004596138756436,0.0,0.0,1.0,0.46952307538944554,0.185925968218926,0.2448579045859331,0.09969305180569553
41,0.17214359127722123,0.0,0.21952307538944546,93,43,0.0,0,0,40,0.46952307538944554,0.6416666666666667,0.185925968218926,0.14,0.2448579045859331,0.19,0.09969305180569553,0.028333333333333332,0.17281025794388788,0.17281025794388788,1.0,0.6423333333333333,0.13925,0.19008333333333333,0.028333333333333332,0.0847692518482492,0.0847692518482492,1.0,0.534844265582814,0.12717390923219274,0.2643059662408138,0.07367585894417954,0.11906572406862817,0.11906572406862817,1.0,0.5885887994580736,0.13321195461609636,0.22719464978707357,0.051004596138756436,0.0,0.0,1.0,0.46952307538944554,0.185925968218926,0.2448579045859331,0.09969305180569553
42,0.17381025794388788,0.0,0.21952307538944546,85,43,0.0,0,0,40,0.46952307538944554,0.6433333333333333,0.185925968218926,0.13833333333333334,0.2448579045859331,0.19,0.09969305180569553,0.028333333333333332,0.17281025794388788,0.17281025794388788,1.0,0.6423333333333333,0.13925,0.19008333333333333,0.028333333333333332,0.0847692518482492,0.0847692518482492,1.0,0.534844265582814,0.12717390923219274,0.2643059662408138,0.07367585894417954,0.11906572406862817,0.11906572406862817,1.0,0.5885887994580736,0.13321195461609636,0.22719464978707357,0.051004596138756436,0.0,0.0,1.0,0.46952307538944554,0.185925968218926,0.2448579045859331,0.09969305180569553
43,0.17214359127722123,0.0,0.21952307538944546,112,43,0.0,0,0,40,0.46952307538944554,0.6416666666666667,0.185925968218926,0.14,0.2448579045859331,0.19,0.09969305180569553,0.028333333333333332,0.17281025794388788,0.17281025794388788,1.0,0.6423333333333333,0.13925,0.19008333333333333,0.028333333333333332,0.0847692518482492,0.0847692518482492,1.0,0.534844265582814,0.12717390923219274,0.2643059662408138,0.07367585894417954,0.11906572406862817,0.11906572406862817,1.0,0.5885887994580736,0.13321195461609636,0.22719464978707357,0.051004596138756436,0.0,0.0,1.0,0.46952307538944554,0.185925968218926,0.2448579045859331,0.09969305180569553
44,0.17047692461055453,0.0,0.21952307538944546,81,43,0.0,0,0,40,0.46952307538944554,0.64,0.185925968218926,0.14,0.2448579045859331,0.19166666666666668,0.09969305180569553,0.028333333333333332,0.17281025794388788,0.17281025794388788,1.0,0.6423333333333333,0.13925,0.19008333333333333,0.028333333333333332,0.0847692518482492,0.0847692518482492,1.0,0.534844265582814,0.12717390923219274,0.2643059662408138,0.07367585894417954,0.11906572406862817,0.11906572406862817,1.0,0.5885887994580736,0.13321195461609636,0.22719464978707357,0.051004596138756436,0.0,0.0,1.0,0.46952307538944554,0.185925968218926,0.2448579045859331,0.09969305180569553
45,0.17047692461055453,0.0,0.21952307538944546,78,43,0.0,0,0,40,0.46952307538944554,0.64,0.185925968218926,0.14,0.2448579045859331,0.19166666666666668,0.09969305180569553,0.028333333333333332,0.17281025794388788,0.17281025794388788,1.0,0.6423333333333333,0.13925,0.19008333333333333,0.028333333333333332,0.0847692518482492,0.0847692518482492,1.0,0.534844265582814,0.12717390923219274,0.2643059662408138,0.07367585894417954,0.11906572406862817,0.11906572406862817,1.0,0.5885887994580736,0.13321195461609636,0.22719464978707357,0.051004596138756436,0.0,0.0,1.0,0.46952307538944554,0.185925968218926,0.2448579045859331,0.09969305180569553
46,0.16881025794388788,0.0,0.21952307538944546,102,43,0.0,0,0,40,0.46952307538944554,0.6383333333333333,0.185925968218926,0.14,0.2448579045859331,0.19333333333333333,0.09969305180569553,0.028333333333333332,0.17281025794388788,0.17281025794388788,1.0,0.6423333333333333,0.13925,0.19008333333333333,0.028333333333333332,0.0847692518482492,0.0847692518482492,1.0,0.534844265582814,0.12717390923219274,0.2643059662408138,0.07367585894417954,0.11906572406862817,0.11906572406862817,1.0,0.5885887994580736,0.13321195461609636,0.22719464978707357,0.051004596138756436,0.0,0.0,1.0,0.46952307538944554,0.185925968218926,0.2448579045859331,0.09969305180569553
47,0.16881025794388788,0.0,0.21952307538944546,95,43,0.0,0,0,40,0.46952307538944554,0.6383333333333333,0.185925968218926,0.14,0.2448579045859331,0.19333333333333333,0.09969305180569553,0.028333333333333332,0.17281025794388788,0.17281025794388788,1.0,0.6423333333333333,0.13925,0.19008333333333333,0.028333333333333332,0.0847692518482492,0.0847692518482492,1.0,0.534844265582814,0.12717390923219274,0.2643059662408138,0.07367585894417954,0.11906572406862817,0.11906572406862817,1.0,0.5885887994580736,0.13321195461609636,0.22719464978707357,0.051004596138756436,0.0,0.0,1.0,0.46952307538944554,0.185925968218926,0.2448579045859331,0.09969305180569553
48,0.16881025794388788,0.0,0.21952307538944546,119,43,0.0,0,0,40,0.46952307538944554,0.6383333333333333,0.185925968218926,0.14,0.2448579045859331,0.19333333333333333,0.09969305180569553,0.028333333333333332,0.17281025794388788,0.17281025794388788,1.0,0.6423333333333333,0.13925,0.19008333333333333,0.028333333333333332,0.0847692518482492,0.0847692518482492,1.0,0.534844265582814,0.12717390923219274,0.2643059662408138,0.07367585894417954,0.11906572406862817,0.11906572406862817,1.0,0.5885887994580736,0.13321195461609636,0.22719464978707357,0.051004596138756436,0.0,0.0,1.0,0.46952307538944554,0.185925968218926,0.2448579045859331,0.09969305180569553
49,0.16881025794388788,0.0,0.21952307538944546,88,43,0.0,0,0,40,0.46952307538944554,0.6383333333333333,0.185925968218926,0.14,0.2448579045859331,0.19333333333333333,0.09969305180569553,0.028333333333333332,0.17281025794388788,0.17281025794388788,1.0,0.6423333333333333,0.13925,0.19008333333333333,0.028333333333333332,0.0847692518482492,0.0847692518482492,1.0,0.534844265582814,0.12717390923219274,0.2643059662408138,0.07367585894417954,0.11906572406862817,0.11906572406862817,1.0,0.5885887994580736,0.13321195461609636,0.22719464978707357,0.051004596138756436,0.0,0.0,1.0,0.46952307538944554,0.185925968218926,0.2448579045859331,0.09969305180569553
50,0.16881025794388788,0.0,0.21952307538944546,103,43,0.0,0,1,50,0.46952307538944554,0.6383333333333333,0.185925968218926,0.14,0.2448579045859331,0.19333333333333333,0.09969305180569553,0.028333333333333332,0.17114359127722123,0.17114359127722123,1.0,0.6406666666666667,0.14,0.191,0.028333333333333332,0.08210687609843574,0.08210687609843574,1.0,0.5382596519194575,0.19929626778734977,0.20142008477144258,0.06102399552175023,0.11994008390361664,0.11994008390361664,1.0,0.5894631592930621,0.1696481338936749,0.1962100423857213,0.04467866442754178,0.0,0.0,1.0,0.46952307538944554,0.185925968218926,0.2448579045859331,0.09969305180569553
51,0.16881025794388788,0.0,0.21952307538944546,101,43,0.0,0,0,50,0.46952307538944554,0.6383333333333333,0.185925968218926,0.14,0.2448579045859331,0.19333333333333333,0.09969305180569553,0.028333333333333332,0.17114359127722123,0.17114359127722123,1.0,0.6406666666666667,0.14,0.191,0.028333333333333332,0.08210687609843574,0.08210687609843574,1.0,0.5382596519194575,0.19929626778734977,0.20142008477144258,0.06102399552175023,0.11994008390361664,0.11994008390361664,1.0,0.5894631592930621,0.1696481338936749,0.1962100423857213,0.04467866442754178,0.0,0.0,1.0,0.46952307538944554,0.185925968218926,0.2448579045859331,0.09969305180569553
52,0.16881025794388788,0.0,0.21952307538944546,88,43,0.0,0,0,50,0.46952307538944554,0.6383333333333333,0.185925968218926,0.14,0.2448579045859331,0.19333333333333333,0.09969305180569553,0.028333333333333332,0.17114359127722123,0.17114359127722123,1.0,0.6406666666666667,0.14,0.191,0.028333333333333332,0.08210687609843574,0.08210687609843574,1.0,0.5382596519194575,0.19929626778734977,0.20142008477144258,0.06102399552175023,0.11994008390361664,0.11994008390361664,1.0,0.5894631592930621,0.1696481338936749,0.1962100423857213,0.04467866442754178,0.0,0.0,1.0,0.46952307538944554,0.185925968218926,0.2448579045859331,0.09969305180569553
53,0.16881025794388785,0.0,0.21952307538944546,89,43,0.0,0,0,50,0.46952307538944554,0.6383333333333333,0.185925968218926,0.14,0.2448579045859331,0.195,0.09969305180569553,0.02666666666666667,0.17114359127722123,0.17114359127722123,1.0,0.6406666666666667,0.14,0.191,0.028333333333333332,0.08210687609843574,0.08210687609843574,1.0,0.5382596519194575,0.19929626778734977,0.20142008477144258,0.06102399552175023,0.11994008390361664,0.11994008390361664,1.0,0.5894631592930621,0.1696481338936749,0.1962100423857213,0.04467866442754178,0.0,0.0,1.0,0.46952307538944554,0.185925968218926,0.2448579045859331,0.09969305180569553
54,0.16881025794388785,0.0,0.21952307538944546,96,43,0.0,0,0,50,0.46952307538944554,0.6383333333333333,0.185925968218926,0.14,0.2448579045859331,0.195,0.09969305180569553,0.02666666666666667,0.17114359127722123,0.17114359127722123,1.0,0.6406666666666667,0.14,0.191,0.028333333333333332,0.08210687609843574,0.08210687609843574,1.0,0.5382596519194575,0.19929626778734977,0.20142008477144258,0.06102399552175023,0.11994008390361664,0.11994008390361664,1.0,0.5894631592930621,0.1696481338936749,0.1962100423857213,0.04467866442754178,0.0,0.0,1.0,0.46952307538944554,0.185925968218926,0.2448579045859331,0.09969305180569553
55,0.16714359127722125,0.0,0.21952307538944546,95,43,0.0,0,0,50,0.46952307538944554,0.6366666666666667,0.185925968218926,0.14166666666666666,0.2448579045859331,0.195,0.09969305180569553,0.02666666666666667,0.17114359127722123,0.17114359127722123,1.0,0.6406666666666667,0.14,0.191,0.028333333333333332,0.08210687609843574,0.08210687609843574,1.0,0.5382596519194575,0.19929626778734977,0.20142008477144258,0.06102399552175023,0.11994008390361664,0.11994008390361664,1.0,0.5894631592930621,0.1696481338936749,0.1962100423857213,0.04467866442754178,0.0,0.0,1.0,0.46952307538944554,0.185925968218926,0.2448579045859331,0.09969305180569553
56,0.16881025794388785,0.0,0.21952307538944546,92,43,0.0,0,0,50,0.46952307538944554,0.6383333333333333,0.185925968218926,0.14,0.2448579045859331,0.195,0.09969305180569553,0.02666666666666667,0.17114359127722123,0.17114359127722123,1.0,0.6406666666666667,0.14,0.191,0.028333333333333332,0.08210687609843574,0.08210687609843574,1.0,0.5382596519194575,0.19929626778734977,0.20142008477144258,0.06102399552175023,0.11994008390361664,0.11994008390361664,1.0,0.5894631592930621,0.1696481338936749,0.1962100423857213,0.04467866442754178,0.0,0.0,1.0,0.46952307538944554,0.185925968218926,0.2448579045859331,0.09969305180569553
57,0.16881025794388785,0.0,0.21952307538944546,94,43,0.0,0,0,50,0.46952307538944554,0.6383333333333333,0.185925968218926,0.14,0.2448579045859331,0.195,0.09969305180569553,0.02666666666666667,0.17114359127722123,0.17114359127722123,1.0,0.6406666666666667,0.14,0.191,0.028333333333333332,0.08210687609843574,0.08210687609843574,1.0,0.5382596519194575,0.19929626778734977,0.20142008477144258,0.06102399552175023,0.11994008390361664,0.11994008390361664,1.0,0.5894631592930621,0.1696481338936749,0.1962100423857213,0.04467866442754178,0.0,0.0,1.0,0.46952307538944554,0.185925968218926,0.2448579045859331,0.09969305180569553
58,0.16714359127722125,0.0,0.21952307538944546,85,43,0.0,0,0,50,0.46952307538944554,0.6366666666666667,0.185925968218926,0.14,0.2448579045859331,0.19666666666666666,0.09969305180569553,0.02666666666666667,0.17114359127722123,0.17114359127722123,1.0,0.6406666666666667,0.14,0.191,0.028333333333333332,0.08210687609843574,0.08210687609843574,1.0,0.5382596519194575,0.19929626778734977,0.20142008477144258,0.06102399552175023,0.11994008390361664,0.11994008390361664,1.0,0.5894631592930621,0.1696481338936749,0.1962100423857213,0.04467866442754178,0.0,0.0,1.0,0.46952307538944554,0.185925968218926,0.2448579045859331,0.09969305180569553
59,0.16714359127722125,0.0,0.21952307538944546,94,43,0.0,0,0,50,0.46952307538944554,0.6366666666666667,0.185925968218926,0.14,0.2448579045859331,0.19666666666666666,0.09969305180569553,0.02666666666666667,0.17114359127722123,0.17114359127722123,1.0,0.6406666666666667,0.14,0.191,0.028333333333333332,0.08210687609843574,0.08210687609843574,1.0,0.5382596519194575,0.19929626778734977,0.20142008477144258,0.06102399552175023,0.11994008390361664,0.11994008390361664,1.0,0.5894631592930621,0.1696481338936749,0.1962100423857213,0.04467866442754178,0.0,0.0,1.0,0.46952307538944554,0.185925968218926,0.2448579045859331,0.09969305180569553
60,0.16714359127722125,0.0,0.21952307538944546,89,43,0.0,0,1,60,0.46952307538944554,0.6366666666666667,0.185925968218926,0.14,0.2448579045859331,0.19666666666666666,0.09969305180569553,0.02666666666666667,0.16922692461055458,0.16922692461055458,1.0,0.63875,0.14,0.19358333333333333,0.027666666666666666,0.1512739350919356,0.1512739350919356,1.0,0.3651110297180115,0.255117955113441,0.32693985278335363,0.052831162385193926,0.05944413727976517,0.05944413727976517,1.0,0.5019305148590057,0.1975589775567205,0.2602615930583435,0.040248914525930296,0.0,0.0,1.0,0.46952307538944554,0.185925968218926,0.2448579045859331,0.09969305180569553
61,0.16714359127722125,0.0,0.21952307538944546,96,43,0.0,0,0,60,0.46952307538944554,0.6366666666666667,0.185925968218926,0.14,0.2448579045859331,0.19666666666666666,0.09969305180569553,0.02666666666666667,0.16922692461055458,0.16922692461055458,1.0,0.63875,0.14,0.19358333333333333,0.027666666666666666,0.1512739350919356,0.1512739350919356,1.0,0.3651110297180115,0.255117955113441,0.32693985278335363,0.052831162385193926,0.05944413727976517,0.05944413727976517,1.0,0.5019305148590057,0.1975589775567205,0.2602615930583435,0.040248914525930296,0.0,0.0,1.0,0.46952307538944554,0.185925968218926,0.2448579045859331,0.09969305180569553
62,0.16714359127722125,0.0,0.21952307538944546,81,43,0.0,0,0,60,0.46952307538944554,0.6366666666666667,0.185925968218926,0.14,0.2448579045859331,0.19666666666666666,0.09969305180569553,0.02666666666666667,0.16922692461055458,0.16922692461055458,1.0,0.63875,0.14,0.19358333333333333,0.027666666666666666,0.1512739350919356,0.1512739350919356,1.0,0.3651110297180115,0.255117955113441,0.32693985278335363,0.052831162385193926,0.05944413727976517,0.05944413727976517,1.0,0.5019305148590057,0.1975589775567205,0.2602615930583435,0.040248914525930296,0.0,0.0,1.0,0.46952307538944554,0.185925968218926,0.2448579045859331,0.09969305180569553
63,0.16714359127722125,0.0,0.21952307538944546,85,43,0.0,0,0,60,0.46952307538944554,0.6366666666666667,0.185925968218926,0.14,0.2448579045859331,0.19666666666666666,0.09969305180569553,0.02666666666666667,0.16922692461055458,0.16922692461055458,1.0,0.63875,0.14,0.19358333333333333,0.027666666666666666,0.1512739350919356,0.1512739350919356,1.0,0.3651110297180115,0.255117955113441,0.32693985278335363,0.052831162385193926,0.05944413727976517,0.05944413727976517,1.0,0.5019305148590057,0.1975589775567205,0.2602615930583435,0.040248914525930296,0.0,0.0,1.0,0.46952307538944554,0.185925968218926,0.2448579045859331,0.09969305180569553
64,0.16881025794388788,0.0,0.21952307538944546,89,43,0.0,0,0,60,0.46952307538944554,0.6383333333333333,0.185925968218926,0.14,0.2448579045859331,0.19666666666666666,0.09969305180569553,0.025,0.16922692461055458,0.16922692461055458,1.0,0.63875,0.14,0.19358333333333333,0.027666666666666666,0.1512739350919356,0.1512739350919356,1.0,0.3651110297180115,0.255117955113441,0.32693985278335363,0.052831162385193926,0.05944413727976517,0.05944413727976517,1.0,0.5019305148590057,0.1975589775567205,0.2602615930583435,0.040248914525930296,0.0,0.0,1.0,0.46952307538944554,0.185925968218926,0.2448579045859331,0.09969305180569553
65,0.16714359127722125,0.0,0.21952307538944546,97,43,0.0,0,0,60,0.46952307538944554,0.6366666666666667,0.185925968218926,0.14,0.2448579045859331,0.19666666666666666,0.09969305180569553,0.02666666666666667,0.16922692461055458,0.16922692461055458,1.0,0.63875,0.14,0.19358333333333333,0.027666666666666666,0.1512739350919356,0.1512739350919356,1.0,0.3651110297180115,0.255117955113441,0.32693985278335363,0.052831162385193926,0.05944413727976517,0.05944413727976517,1.0,0.5019305148590057,0.1975589775567205,0.2602615930583435,0.040248914525930296,0.0,0.0,1.0,0.46952307538944554,0.185925968218926,0.2448579045859331,0.09969305180569553
66,0.16714359127722125,0.0,0.21952307538944546,86,43,0.0,0,0,60,0.46952307538944554,0.6366666666666667,0.185925968218926,0.14,0.2448579045859331,0.19666666666666666,0.09969305180569553,0.02666666666666667,0.16922692461055458,0.16922692461055458,1.0,0.63875,0.14,0.19358333333333333,0.027666666666666666,0.1512739350919356,0.1512739350919356,1.0,0.3651110297180115,0.255117955113441,0.32693985278335363,0.052831162385193926,0.05944413727976517,0.05944413727976517,1.0,0.5019305148590057,0.1975589775567205,0.2602615930583435,0.040248914525930296,0.0,0.0,1.0,0.46952307538944554,0.185925968218926,0.2448579045859331,0.09969305180569553
67,0.16714359127722125,0.0,0.21952307538944546,90,43,0.0,0,0,60,0.46952307538944554,0.6366666666666667,0.185925968218926,0.14,0.2448579045859331,0.19666666666666666,0.09969305180569553,0.02666666666666667,0.16922692461055458,0.16922692461055458,1.0,0.63875,0.14,0.19358333333333333,0.027666666666666666,0.1512739350919356,0.1512739350919356,1.0,0.3651110297180115,0.255117955113441,0.32693985278335363,0.052831162385193926,0.05944413727976517,0.05944413727976517,1.0,0.5019305148590057,0.1975589775567205,0.2602615930583435,0.040248914525930296,0.0,0.0,1.0,0.46952307538944554,0.185925968218926,0.2448579045859331,0.09969305180569553
68,0.16714359127722125,0.0,0.21952307538944546,96,43,0.0,0,0,60,0.46952307538944554,0.6366666666666667,0.185925968218926,0.14,0.2448579045859331,0.19666666666666666,0.09969305180569553,0.02666666666666667,0.16922692461055458,0.16922692461055458,1.0,0.63875,0.14,0.19358333333333333,0.027666666666666666,0.1512739350919356,0.1512739350919356,1.0,0.3651110297180115,0.255117955113441,0.32693985278335363,0.052831162385193926,0.05944413727976517,0.05944413727976517,1.0,0.5019305148590057,0.1975589775567205,0.2602615930583435,0.040248914525930296,0.0,0.0,1.0,0.46952307538944554,0.185925968218926,0.2448579045859331,0.09969305180569553
69,0.16714359127722125,0.0,0.21952307538944546,101,43,0.0,0,0,60,0.46952307538944554,0.6366666666666667,0.185925968218926,0.14,0.2448579045859331,0.19666666666666666,0.09969305180569553,0.02666666666666667,0.16922692461055458,0.16922692461055458,1.0,0.63875,0.14,0.19358333333333333,0.027666666666666666,0.1512739350919356,0.1512739350919356,1.0,0.3651110297180115,0.255117955113441,0.32693985278335363,0.052831162385193926,0.05944413727976517,0.05944413727976517,1.0,0.5019305148590057,0.1975589775567205,0.2602615930583435,0.040248914525930296,0.0,0.0,1.0,0.46952307538944554,0.185925968218926,0.2448579045859331,0.09969305180569553
70,0.16714359127722123,0.0,0.21952307538944546,81,43,0.0,0,1,70,0.46952307538944554,0.6366666666666667,0.185925968218926,0.14,0.2448579045859331,0.195,0.09969305180569553,0.028333333333333332,0.16772692461055455,0.16772692461055455,1.0,0.63725,0.14008333333333334,0.19583333333333333,0.026833333333333334,0.08891624706116102,0.08891624706116102,1.0,0.40391028485670444,0.16262251169050598,0.2690937430506279,0.16437346040216164,0.051057067038906785,0.051057067038906785,1.0,0.5205801424283523,0.15135292251191967,0.23246353819198062,0.09560339686774749,0.0,0.0,1.0,0.46952307538944554,0.185925968218926,0.2448579045859331,0.09969305180569553
71,0.16714359127722125,0.0,0.21952307538944546,88,43,0.0,0,0,70,0.46952307538944554,0.6366666666666667,0.185925968218926,0.14,0.2448579045859331,0.19666666666666666,0.09969305180569553,0.02666666666666667,0.16772692461055455,0.16772692461055455,1.0,0.63725,0.14008333333333334,0.19583333333333333,0.026833333333333334,0.08891624706116102,0.08891624706116102,1.0,0.40391028485670444,0.16262251169050598,0.2690937430506279,0.16437346040216164,0.051057067038906785,0.051057067038906785,1.0,0.5205801424283523,0.15135292251191967,0.23246353819198062,0.09560339686774749,0.0,0.0,1.0,0.46952307538944554,0.185925968218926,0.2448579045859331,0.09969305180569553
72,0.16714359127722123,0.0,0.21952307538944546,78,43,0.0,0,0,70,0.46952307538944554,0.6366666666666667,0.185925968218926,0.14,0.2448579045859331,0.195,0.09969305180569553,0.028333333333333332,0.16772692461055455,0.16772692461055455,1.0,0.63725,0.14008333333333334,0.19583333333333333,0.026833333333333334,0.08891624706116102,0.08891624706116102,1.0,0.40391028485670444,0.16262251169050598,0.2690937430506279,0.16437346040216164,0.051057067038906785,0.051057067038906785,1.0,0.5205801424283523,0.15135292251191967,0.23246353819198062,0.09560339686774749,0.0,0.0,1.0,0.46952307538944554,0.185925968218926,0.2448579045859331,0.09969305180569553
73,0.16714359127722123,0.0,0.21952307538944546,92,43,0.0,0,0,70,0.46952307538944554,0.6366666666666667,0.185925968218926,0.14,0.2448579045859331,0.195,0.09969305180569553,0.028333333333333332,0.16772692461055455,0.16772692461055455,1.0,0.63725,0.14008333333333334,0.19583333333333333,0.026833333333333334,0.08891624706116102,0.08891624706116102,1.0,0.40391028485670444,0.16262251169050598,0.2690937430506279,0.16437346040216164,0.051057067038906785,0.051057067038906785,1.0,0.5205801424283523,0.15135292251191967,0.23246353819198062,0.09560339686774749,0.0,0.0,1.0,0.46952307538944554,0.185925968218926,0.2448579045859331,0.09969305180569553
74,0.16714359127722123,0.0,0.21952307538944546,103,43,0.0,0,0,70,0.46952307538944554,0.6366666666666667,0.185925968218926,0.14,0.2448579045859331,0.195,0.09969305180569553,0.028333333333333332,0.16772692461055455,0.16772692461055455,1.0,0.63725,0.14008333333333334,0.19583333333333333,0.026833333333333334,0.08891624706116102,0.08891624706116102,1.0,0.40391028485670444,0.16262251169050598,0.2690937430506279,0.16437346040216164,0.051057067038906785,0.051057067038906785,1.0,0.5205801424283523,0.15135292251191967,0.23246353819198062,0.09560339686774749,0.0,0.0,1.0,0.46952307538944554,0.185925968218926,0.2448579045859331,0.09969305180569553
75,0.16714359127722123,0.0,0.21952307538944546,97,43,0.0,0,0,70,0.46952307538944554,0.6366666666666667,0.185925968218926,0.14,0.2448579045859331,0.195,0.09969305180569553,0.028333333333333332,0.16772692461055455,0.16772692461055455,1.0,0.63725,0.14008333333333334,0.19583333333333333,0.026833333333333334,0.08891624706116102,0.08891624706116102,1.0,0.40391028485670444,0.16262251169050598,0.2690937430506279,0.16437346040216164,0.051057067038906785,0.051057067038906785,1.0,0.5205801424283523,0.15135292251191967,0.23246353819198062,0.09560339686774749,0.0,0.0,1.0,0.46952307538944554,0.185925968218926,0.2448579045859331,0.09969305180569553
76,0.16714359127722123,0.0,0.21952307538944546,100,43,0.0,0,0,70,0.46952307538944554,0.6366666666666667,0.185925968218926,0.14,0.2448579045859331,0.195,0.09969305180569553,0.028333333333333332,0.16772692461055455,0.16772692461055455,1.0,0.63725,0.14008333333333334,0.19583333333333333,0.026833333333333334,0.08891624706116102,0.08891624706116102,1.0,0.40391028485670444,0.16262251169050598,0.2690937430506279,0.16437346040216164,0.051057067038906785,0.051057067038906785,1.0,0.5205801424283523,0.15135292251191967,0.23246353819198062,0.09560339686774749,0.0,0.0,1.0,0.46952307538944554,0.185925968218926,0.2448579045859331,0.09969305180569553
77,0.16714359127722123,0.0,0.21952307538944546,101,43,0.0,0,0,70,0.46952307538944554,0.6366666666666667,0.185925968218926,0.14,0.2448579045859331,0.195,0.09969305180569553,0.028333333333333332,0.16772692461055455,0.16772692461055455,1.0,0.63725,0.14008333333333334,0.19583333333333333,0.026833333333333334,0.08891624706116102,0.08891624706116102,1.0,0.40391028485670444,0.16262251169050598,0.2690937430506279,0.16437346040216164,0.051057067038906785,0.051057067038906785,1.0,0.5205801424283523,0.15135292251191967,0.23246353819198062,0.09560339686774749,0.0,0.0,1.0,0.46952307538944554,0.185925968218926,0.2448579045859331,0.09969305180569553
78,0.16547692461055458,0.0,0.21952307538944546,88,43,0.0,0,0,70,0.46952307538944554,0.635,0.185925968218926,0.14166666666666666,0.2448579045859331,0.195,0.09969305180569553,0.028333333333333332,0.16772692461055455,0.16772692461055455,1.0,0.63725,0.14008333333333334,0.19583333333333333,0.026833333333333334,0.08891624706116102,0.08891624706116102,1.0,0.40391028485670444,0.16262251169050598,0.2690937430506279,0.16437346040216164,0.051057067038906785,0.051057067038906785,1.0,0.5205801424283523,0.15135292251191967,0.23246353819198062,0.09560339686774749,0.0,0.0,1.0,0.46952307538944554,0.185925968218926,0.2448579045859331,0.09969305180569553
79,0.16714359127722123,0.0,0.21952307538944546,90,43,0.0,0,0,70,0.46952307538944554,0.6366666666666667,0.185925968218926,0.14,0.2448579045859331,0.195,0.09969305180569553,0.028333333333333332,0.16772692461055455,0.16772692461055455,1.0,0.63725,0.14008333333333334,0.19583333333333333,0.026833333333333334,0.08891624706116102,0.08891624706116102,1.0,0.40391028485670444,0.16262251169050598,0.2690937430506279,0.16437346040216164,0.051057067038906785,0.051057067038906785,1.0,0.5205801424283523,0.15135292251191967,0.23246353819198062,0.09560339686774749,0.0,0.0,1.0,0.46952307538944554,0.185925968218926,0.2448579045859331,0.09969305180569553
80,0.16714359127722123,0.0,0.21952307538944546,89,43,0.0,0,1,80,0.46952307538944554,0.6366666666666667,0.185925968218926,0.14,0.2448579045859331,0.195,0.09969305180569553,0.028333333333333332,0.16714359127722123,0.16714359127722123,1.0,0.6366666666666667,0.14008333333333334,0.19583333333333333,0.027416666666666666,0.16663072906702286,0.16663072906702286,1.0,0.6361538044564683,0.10033907557934524,0.22541591759843574,0.03809120236575068,0.16688716017212207,0.16688716017212207,1.0,0.6364102355615675,0.12021120445633929,0.21062462546588454,0.03275393451620867,0.0,0.0,1.0,0.46952307538944554,0.185925968218926,0.2448579045859331,0.09969305180569553
81,0.16714359127722123,0.0,0.21952307538944546,89,43,0.0,0,0,80,0.46952307538944554,0.6366666666666667,0.185925968218926,0.14,0.2448579045859331,0.195,0.09969305180569553,0.028333333333333332,0.16714359127722123,0.16714359127722123,1.0,0.6366666666666667,0.14008333333333334,0.19583333333333333,0.027416666666666666,0.16663072906702286,0.16663072906702286,1.0,0.6361538044564683,0.10033907557934524,0.22541591759843574,0.03809120236575068,0.16688716017212207,0.16688716017212207,1.0,0.6364102355615675,0.12021120445633929,0.21062462546588454,0.03275393451620867,0.0,0.0,1.0,0.46952307538944554,0.185925968218926,0.2448579045859331,0.09969305180569553
82,0.16714359127722123,0.0,0.21952307538944546,84,43,0.0,0,0,80,0.46952307538944554,0.6366666666666667,0.185925968218926,0.14,0.2448579045859331,0.195,0.09969305180569553,0.028333333333333332,0.16714359127722123,0.16714359127722123,1.0,0.6366666666666667,0.14008333333333334,0.19583333333333333,0.027416666666666666,0.16663072906702286,0.16663072906702286,1.0,0.6361538044564683,0.10033907557934524,0.22541591759843574,0.03809120236575068,0.16688716017212207,0.16688716017212207,1.0,0.6364102355615675,0.12021120445633929,0.21062462546588454,0.03275393451620867,0.0,0.0,1.0,0.46952307538944554,0.185925968218926,0.2448579045859331,0.09969305180569553
83,0.16714359127722123,0.0,0.21952307538944546,86,43,0.0,0,0,80,0.46952307538944554,0.6366666666666667,0.185925968218926,0.14,0.2448579045859331,0.195,0.09969305180569553,0.028333333333333332,0.16714359127722123,0.16714359127722123,1.0,0.6366666666666667,0.14008333333333334,0.19583333333333333,0.027416666666666666,0.16663072906702286,0.16663072906702286,1.0,0.6361538044564683,0.10033907557934524,0.22541591759843574,0.03809120236575068,0.16688716017212207,0.16688716017212207,1.0,0.6364102355615675,0.12021120445633929,0.21062462546588454,0.03275393451620867,0.0,0.0,1.0,0.46952307538944554,0.185925968218926,0.2448579045859331,0.09969305180569553
84,0.16714359127722123,0.0,0.21952307538944546,84,43,0.0,0,0,80,0.46952307538944554,0.6366666666666667,0.185925968218926,0.14,0.2448579045859331,0.195,0.09969305180569553,0.028333333333333332,0.16714359127722123,0.16714359127722123,1.0,0.6366666666666667,0.14008333333333334,0.19583333333333333,0.027416666666666666,0.16663072906702286,0.16663072906702286,1.0,0.6361538044564683,0.10033907557934524,0.22541591759843574,0.03809120236575068,0.16688716017212207,0.16688716017212207,1.0,0.6364102355615675,0.12021120445633929,0.21062462546588454,0.03275393451620867,0.0,0.0,1.0,0.46952307538944554,0.185925968218926,0.2448579045859331,0.09969305180569553
85,0.16881025794388788,0.0,0.21952307538944546,101,43,0.0,0,0,80,0.46952307538944554,0.6383333333333333,0.185925968218926,0.14,0.2448579045859331,0.19333333333333333,0.09969305180569553,0.028333333333333332,0.16714359127722123,0.16714359127722123,1.0,0.6366666666666667,0.14008333333333334,0.19583333333333333,0.027416666666666666,0.16663072906702286,0.16663072906702286,1.0,0.6361538044564683,0.10033907557934524,0.22541591759843574,0.03809120236575068,0.16688716017212207,0.16688716017212207,1.0,0.6364102355615675,0.12021120445633929,0.21062462546588454,0.03275393451620867,0.0,0.0,1.0,0.46952307538944554,0.185925968218926,0.2448579045859331,0.09969305180569553
86,0.16881025794388788,0.0,0.21952307538944546,98,43,0.0,0,0,80,0.46952307538944554,0.6383333333333333,0.185925968218926,0.14,0.2448579045859331,0.19333333333333333,0.09969305180569553,0.028333333333333332,0.16714359127722123,0.16714359127722123,1.0,0.6366666666666667,0.14008333333333334,0.19583333333333333,0.027416666666666666,0.16663072906702286,0.16663072906702286,1.0,0.6361538044564683,0.10033907557934524,0.22541591759843574,0.03809120236575068,0.16688716017212207,0.16688716017212207,1.0,0.6364102355615675,0.12021120445633929,0.21062462546588454,0.03275393451620867,0.0,0.0,1.0,0.46952307538944554,0.185925968218926,0.2448579045859331,0.09969305180569553
87,0.17047692461055453,0.0,0.21952307538944546,87,43,0.0,0,0,80,0.46952307538944554,0.64,0.185925968218926,0.14,0.2448579045859331,0.19166666666666668,0.09969305180569553,0.028333333333333332,0.16714359127722123,0.16714359127722123,1.0,0.6366666666666667,0.14008333333333334,0.19583333333333333,0.027416666666666666,0.16663072906702286,0.16663072906702286,1.0,0.6361538044564683,0.10033907557934524,0.22541591759843574,0.03809120236575068,0.16688716017212207,0.16688716017212207,1.0,0.6364102355615675,0.12021120445633929,0.21062462546588454,0.03275393451620867,0.0,0.0,1.0,0.46952307538944554,0.185925968218926,0.2448579045859331,0.09969305180569553
88,0.16881025794388788,0.0,0.21952307538944546,91,43,0.0,0,0,80,0.46952307538944554,0.6383333333333333,0.185925968218926,0.14,0.2448579045859331,0.19333333333333333,0.09969305180569553,0.028333333333333332,0.16714359127722123,0.16714359127722123,1.0,0.6366666666666667,0.14008333333333334,0.19583333333333333,0.027416666666666666,0.16663072906702286,0.16663072906702286,1.0,0.6361538044564683,0.10033907557934524,0.22541591759843574,0.03809120236575068,0.16688716017212207,0.16688716017212207,1.0,0.6364102355615675,0.12021120445633929,0.21062462546588454,0.03275393451620867,0.0,0.0,1.0,0.46952307538944554,0.185925968218926,0.2448579045859331,0.09969305180569553
89,0.17047692461055453,0.0,0.21952307538944546,92,43,0.0,0,0,80,0.46952307538944554,0.64,0.185925968218926,0.14,0.2448579045859331,0.19166666666666668,0.09969305180569553,0.028333333333333332,0.16714359127722123,0.16714359127722123,1.0,0.6366666666666667,0.14008333333333334,0.19583333333333333,0.027416666666666666,0.16663072906702286,0.16663072906702286,1.0,0.6361538044564683,0.10033907557934524,0.22541591759843574,0.03809120236575068,0.16688716017212207,0.16688716017212207,1.0,0.6364102355615675,0.12021120445633929,0.21062462546588454,0.03275393451620867,0.0,0.0,1.0,0.46952307538944554,0.185925968218926,0.2448579045859331,0.09969305180569553
90,0.16881025794388788,0.0,0.21952307538944546,113,42,0.0,0,1,90,0.46952307538944554,0.6383333333333333,0.185925968218926,0.14,0.2448579045859331,0.19333333333333333,0.09969305180569553,0.028333333333333332,0.16772692461055455,0.16772692461055455,1.0,0.63725,0.14008333333333334,0.19441666666666665,0.02825,0.12477364486468508,0.12477364486468508,1.0,0.45277593593868826,0.310699613083611,0.17042446834859595,0.06609998262910478,0.1149553975694448,0.1149553975694448,1.0,0.5450129679693441,0.22539147320847217,0.1824205675076313,0.04717499131455239,0.0,0.0,1.0,0.46952307538944554,0.185925968218926,0.2448579045859331,0.09969305180569553
91,0.16881025794388788,0.0,0.21952307538944546,89,42,0.0,0,0,90,0.46952307538944554,0.6383333333333333,0.185925968218926,0.14,0.2448579045859331,0.19333333333333333,0.09969305180569553,0.028333333333333332,0.16772692461055455,0.16772692461055455,1.0,0.63725,0.14008333333333334,0.19441666666666665,0.02825,0.12477364486468508,0.12477364486468508,1.0,0.45277593593868826,0.310699613083611,0.17042446834859595,0.06609998262910478,0.1149553975694448,0.1149553975694448,1.0,0.5450129679693441,0.22539147320847217,0.1824205675076313,0.04717499131455239,0.0,0.0,1.0,0.46952307538944554,0.185925968218926,0.2448579045859331,0.09969305180569553
92,0.16714359127722123,0.0,0.21952307538944546,96,42,0.0,0,0,90,0.46952307538944554,0.6366666666666667,0.185925968218926,0.14,0.2448579045859331,0.195,0.09969305180569553,0.028333333333333332,0.16772692461055455,0.16772692461055455,1.0,0.63725,0.14008333333333334,0.19441666666666665,0.02825,0.12477364486468508,0.12477364486468508,1.0,0.45277593593868826,0.310699613083611,0.17042446834859595,0.06609998262910478,0.1149553975694448,0.1149553975694448,1.0,0.5450129679693441,0.22539147320847217,0.1824205675076313,0.04717499131455239,0.0,0.0,1.0,0.46952307538944554,0.185925968218926,0.2448579045859331,0.09969305180569553
93,0.16881025794388788,0.0,0.21952307538944546,84,42,0.0,0,0,90,0.46952307538944554,0.6383333333333333,0.185925968218926,0.14,0.2448579045859331,0.19333333333333333,0.09969305180569553,0.028333333333333332,0.16772692461055455,0.16772692461055455,1.0,0.63725,0.14008333333333334,0.19441666666666665,0.02825,0.12477364486468508,0.12477364486468508,1.0,0.45277593593868826,0.310699613083611,0.17042446834859595,0.06609998262910478,0.1149553975694448,0.1149553975694448,1.0,0.5450129679693441,0.22539147320847217,0.1824205675076313,0.04717499131455239,0.0,0.0,1.0,0.46952307538944554,0.185925968218926,0.2448579045859331,0.09969305180569553
94,0.16714359127722123,0.0,0.21952307538944546,100,42,0.0,0,0,90,0.46952307538944554,0.6366666666666667,0.185925968218926,0.14,0.2448579045859331,0.195,0.09969305180569553,0.028333333333333332,0.16772692461055455,0.16772692461055455,1.0,0.63725,0.14008333333333334,0.19441666666666665,0.02825,0.12477364486468508,0.12477364486468508,1.0,0.45277593593868826,0.310699613083611,0.17042446834859595,0.06609998262910478,0.1149553975694448,0.1149553975694448,1.0,0.5450129679693441,0.22539147320847217,0.1824205675076313,0.04717499131455239,0.0,0.0,1.0,0.46952307538944554,0.185925968218926,0.2448579045859331,0.09969305180569553
95,0.16714359127722123,0.0,0.21952307538944546,97,42,0.0,0,0,90,0.46952307538944554,0.6366666666666667,0.185925968218926,0.14,0.2448579045859331,0.195,0.09969305180569553,0.028333333333333332,0.16772692461055455,0.16772692461055455,1.0,0.63725,0.14008333333333334,0.19441666666666665,0.02825,0.12477364486468508,0.12477364486468508,1.0,0.45277593593868826,0.310699613083611,0.17042446834859595,0.06609998262910478,0.1149553975694448,0.1149553975694448,1.0,0.5450129679693441,0.22539147320847217,0.1824205675076313,0.04717499131455239,0.0,0.0,1.0,0.46952307538944554,0.185925968218926,0.2448579045859331,0.09969305180569553
96,0.16547692461055458,0.0,0.21952307538944546,96,42,0.0,0,0,90,0.46952307538944554,0.635,0.185925968218926,0.14166666666666666,0.2448579045859331,0.195,0.09969305180569553,0.028333333333333332,0.16772692461055455,0.16772692461055455,1.0,0.63725,0.14008333333333334,0.19441666666666665,0.02825,0.12477364486468508,0.12477364486468508,1.0,0.45277593593868826,0.310699613083611,0.17042446834859595,0.06609998262910478,0.1149553975694448,0.1149553975694448,1.0,0.5450129679693441,0.22539147320847217,0.1824205675076313,0.04717499131455239,0.0,0.0,1.0,0.46952307538944554,0.185925968218926,0.2448579045859331,0.09969305180569553
97,0.16547692461055458,0.0,0.21952307538944546,100,42,0.0,0,0,90,0.46952307538944554,0.635,0.185925968218926,0.14166666666666666,0.2448579045859331,0.195,0.09969305180569553,0.028333333333333332,0.16772692461055455,0.16772692461055455,1.0,0.63725,0.14008333333333334,0.19441666666666665,0.02825,0.12477364486468508,0.12477364486468508,1.0,0.45277593593868826,0.310699613083611,0.17042446834859595,0.06609998262910478,0.1149553975694448,0.1149553975694448,1.0,0.5450129679693441,0.22539147320847217,0.1824205675076313,0.04717499131455239,0.0,0.0,1.0,0.46952307538944554,0.185925968218926,0.2448579045859331,0.09969305180569553
98,0.16714359127722123,0.0,0.21952307538944546,77,42,0.0,0,0,90,0.46952307538944554,0.6366666666666667,0.185925968218926,0.14166666666666666,0.2448579045859331,0.19333333333333333,0.09969305180569553,0.028333333333333332,0.16772692461055455,0.16772692461055455,1.0,0.63725,0.14008333333333334,0.19441666666666665,0.02825,0.12477364486468508,0.12477364486468508,1.0,0.45277593593868826,0.310699613083611,0.17042446834859595,0.06609998262910478,0.1149553975694448,0.1149553975694448,1.0,0.5450129679693441,0.22539147320847217,0.1824205675076313,0.04717499131455239,0.0,0.0,1.0,0.46952307538944554,0.185925968218926,0.2448579045859331,0.09969305180569553
99,0.16714359127722123,0.0,0.21952307538944546,93,42,0.0,0,0,90,0.46952307538944554,0.6366666666666667,0.185925968218926,0.14166666666666666,0.2448579045859331,0.19333333333333333,0.09969305180569553,0.028333333333333332,0.16772692461055455,0.16772692461055455,1.0,0.63725,0.14008333333333334,0.19441666666666665,0.02825,0.12477364486468508,0.12477364486468508,1.0,0.45277593593868826,0.310699613083611,0.17042446834859595,0.06609998262910478,0.1149553975694448,0.1149553975694448,1.0,0.5450129679693441,0.22539147320847217,0.1824205675076313,0.04717499131455239,0.0,0.0,1.0,0.46952307538944554,0.185925968218926,0.2448579045859331,0.09969305180569553
100,0.2021435912772212,0.0,0.21952307538944546,83,20,0.0,0,1,100,0.46952307538944554,0.6716666666666666,0.185925968218926,0.17166666666666666,0.2448579045859331,0.13,0.09969305180569553,0.02666666666666667,0.1695602579438879,0.1695602579438879,1.0,0.6390833333333333,0.14191666666666666,0.19075,0.02825,0.09826218899148018,0.09826218899148018,1.0,0.4246889836731443,0.1735363849580105,0.20381939057166962,0.19795524079717564,0.07577265170668565,0.07577265170668565,1.0,0.5318861585032388,0.1577265258123386,0.1972846952858348,0.11310262039858782,0.0,0.0,1.0,0.46952307538944554,0.185925968218926,0.2448579045859331,0.09969305180569553
101,0.2321435912772212,0.0,0.21952307538944546,107,23,0.0,0,0,100,0.46952307538944554,0.7016666666666667,0.185925968218926,0.14,0.2448579045859331,0.14166666666666666,0.09969305180569553,0.016666666666666666,0.1695602579438879,0.1695602579438879,1.0,0.6390833333333333,0.14191666666666666,0.19075,0.02825,0.09826218899148018,0.09826218899148018,1.0,0.4246889836731443,0.1735363849580105,0.20381939057166962,0.19795524079717564,0.07577265170668565,0.07577265170668565,1.0,0.5318861585032388,0.1577265258123386,0.1972846952858348,0.11310262039858782,0.0,0.0,1.0,0.46952307538944554,0.185925968218926,0.2448579045859331,0.09969305180569553
102,0.2204769246105545,0.0,0.21952307538944546,100,26,0.0,0,0,100,0.46952307538944554,0.69,0.185925968218926,0.14,0.2448579045859331,0.15666666666666668,0.09969305180569553,0.013333333333333334,0.1695602579438879,0.1695602579438879,1.0,0.6390833333333333,0.14191666666666666,0.19075,0.02825,0.09826218899148018,0.09826218899148018,1.0,0.4246889836731443,0.1735363849580105,0.20381939057166962,0.19795524079717564,0.07577265170668565,0.07577265170668565,1.0,0.5318861585032388,0.1577265258123386,0.1972846952858348,0.11310262039858782,0.0,0.0,1.0,0.46952307538944554,0.185925968218926,0.2448579045859331,0.09969305180569553
103,0.2204769246105545,0.0,0.21952307538944546,100,30,0.0,0,0,100,0.46952307538944554,0.69,0.185925968218926,0.14,0.2448579045859331,0.15666666666666668,0.09969305180569553,0.013333333333333334,0.1695602579438879,0.1695602579438879,1.0,0.6390833333333333,0.14191666666666666,0.19075,0.02825,0.09826218899148018,0.09826218899148018,1.0,0.4246889836731443,0.1735363849580105,0.20381939057166962,0.19795524079717564,0.07577265170668565,0.07577265170668565,1.0,0.5318861585032388,0.1577265258123386,0.1972846952858348,0.11310262039858782,0.0,0.0,1.0,0.46952307538944554,0.185925968218926,0.2448579045859331,0.09969305180569553
104,0.2171435912772212,0.0,0.21952307538944546,119,34,0.0,0,0,100,0.46952307538944554,0.6866666666666666,0.185925968218926,0.13833333333333334,0.2448579045859331,0.16166666666666665,0.09969305180569553,0.013333333333333334,0.1695602579438879,0.1695602579438879,1.0,0.6390833333333333,0.14191666666666666,0.19075,0.02825,0.09826218899148018,0.09826218899148018,1.0,0.4246889836731443,0.1735363849580105,0.20381939057166962,0.19795524079717564,0.07577265170668565,0.07577265170668565,1.0,0.5318861585032388,0.1577265258123386,0.1972846952858348,0.11310262039858782,0.0,0.0,1.0,0.46952307538944554,0.185925968218926,0.2448579045859331,0.09969305180569553
105,0.21047692461055456,0.0,0.21952307538944546,99,38,0.0,0,0,100,0.46952307538944554,0.68,0.185925968218926,0.135,0.2448579045859331,0.16666666666666666,0.09969305180569553,0.018333333333333333,0.1695602579438879,0.1695602579438879,1.0,0.6390833333333333,0.14191666666666666,0.19075,0.02825,0.09826218899148018,0.09826218899148018,1.0,0.4246889836731443,0.1735363849580105,0.20381939057166962,0.19795524079717564,0.07577265170668565,0.07577265170668565,1.0,0.5318861585032388,0.1577265258123386,0.1972846952858348,0.11310262039858782,0.0,0.0,1.0,0.46952307538944554,0.185925968218926,0.2448579045859331,0.09969305180569553
106,0.2071435912772212,0.0,0.21952307538944546,113,39,0.0,0,0,100,0.46952307538944554,0.6766666666666666,0.185925968218926,0.13,0.2448579045859331,0.17,0.09969305180569553,0.023333333333333334,0.1695602579438879,0.1695602579438879,1.0,0.6390833333333333,0.14191666666666666,0.19075,0.02825,0.09826218899148018,0.09826218899148018,1.0,0.4246889836731443,0.1735363849580105,0.20381939057166962,0.19795524079717564,0.07577265170668565,0.07577265170668565,1.0,0.5318861585032388,0.1577265258123386,0.1972846952858348,0.11310262039858782,0.0,0.0,1.0,0.46952307538944554,0.185925968218926,0.2448579045859331,0.09969305180569553
107,0.20047692461055458,0.0,0.21952307538944546,114,40,0.0,0,0,100,0.46952307538944554,0.67,0.185925968218926,0.13166666666666665,0.2448579045859331,0.17166666666666666,0.09969305180569553,0.02666666666666667,0.1695602579438879,0.1695602579438879,1.0,0.6390833333333333,0.14191666666666666,0.19075,0.02825,0.09826218899148018,0.09826218899148018,1.0,0.4246889836731443,0.1735363849580105,0.20381939057166962,0.19795524079717564,0.07577265170668565,0.07577265170668565,1.0,0.5318861585032388,0.1577265258123386,0.1972846952858348,0.11310262039858782,0.0,0.0,1.0,0.46952307538944554,0.185925968218926,0.2448579045859331,0.09969305180569553
108,0.19881025794388787,0.0,0.21952307538944546,97,42,0.0,0,0,100,0.46952307538944554,0.6683333333333333,0.185925968218926,0.13333333333333333,0.2448579045859331,0.17166666666666666,0.09969305180569553,0.02666666666666667,0.1695602579438879,0.1695602579438879,1.0,0.6390833333333333,0.14191666666666666,0.19075,0.02825,0.09826218899148018,0.09826218899148018,1.0,0.4246889836731443,0.1735363849580105,0.20381939057166962,0.19795524079717564,0.07577265170668565,0.07577265170668565,1.0,0.5318861585032388,0.1577265258123386,0.1972846952858348,0.11310262039858782,0.0,0.0,1.0,0.46952307538944554,0.185925968218926,0.2448579045859331,0.09969305180569553
109,0.1971435912772212,0.0,0.21952307538944546,100,42,0.0,0,0,100,0.46952307538944554,0.6666666666666666,0.185925968218926,0.13333333333333333,0.2448579045859331,0.17333333333333334,0.09969305180569553,0.02666666666666667,0.1695602579438879,0.1695602579438879,1.0,0.6390833333333333,0.14191666666666666,0.19075,0.02825,0.09826218899148018,0.09826218899148018,1.0,0.4246889836731443,0.1735363849580105,0.20381939057166962,0.19795524079717564,0.07577265170668565,0.07577265170668565,1.0,0.5318861585032388,0.1577265258123386,0.1972846952858348,0.11310262039858782,0.0,0.0,1.0,0.46952307538944554,0.185925968218926,0.2448579045859331,0.09969305180569553
110,0.19881025794388787,0.0,0.21952307538944546,89,42,0.0,0,1,110,0.46952307538944554,0.6683333333333333,0.185925968218926,0.13,0.2448579045859331,0.175,0.09969305180569553,0.02666666666666667,0.19047692461055454,0.19047692461055454,1.0,0.66,0.1395,0.17616666666666667,0.024333333333333332,0.11594508706826329,0.11594508706826329,1.0,0.38077159068362915,0.18511844789769938,0.21847182254471273,0.2156381388739587,0.07115540425031963,0.07115540425031963,1.0,0.5203857953418146,0.1623092239488497,0.1973192446056897,0.11998573610364602,0.0,0.0,1.0,0.46952307538944554,0.185925968218926,0.2448579045859331,0.09969305180569553
111,0.19547692461055455,0.0,0.21952307538944546,99,43,0.0,0,0,110,0.46952307538944554,0.665,0.185925968218926,0.13166666666666665,0.2448579045859331,0.17833333333333334,0.09969305180569553,0.025,0.19047692461055454,0.19047692461055454,1.0,0.66,0.1395,0.17616666666666667,0.024333333333333332,0.11594508706826329,0.11594508706826329,1.0,0.38077159068362915,0.18511844789769938,0.21847182254471273,0.2156381388739587,0.07115540425031963,0.07115540425031963,1.0,0.5203857953418146,0.1623092239488497,0.1973192446056897,0.11998573610364602,0.0,0.0,1.0,0.46952307538944554,0.185925968218926,0.2448579045859331,0.09969305180569553
112,0.1921435912772212,0.0,0.21952307538944546,93,43,0.0,0,0,110,0.46952307538944554,0.6616666666666666,0.185925968218926,0.13166666666666665,0.2448579045859331,0.18166666666666667,0.09969305180569553,0.025,0.19047692461055454,0.19047692461055454,1.0,0.66,0.1395,0.17616666666666667,0.024333333333333332,0.11594508706826329,0.11594508706826329,1.0,0.38077159068362915,0.18511844789769938,0.21847182254471273,0.2156381388739587,0.07115540425031963,0.07115540425031963,1.0,0.5203857953418146,0.1623092239488497,0.1973192446056897,0.11998573610364602,0.0,0.0,1.0,0.46952307538944554,0.185925968218926,0.2448579045859331,0.09969305180569553
113,0.1921435912772212,0.0,0.21952307538944546,123,44,0.0,0,0,110,0.46952307538944554,0.6616666666666666,0.185925968218926,0.13166666666666665,0.2448579045859331,0.18166666666666667,0.09969305180569553,0.025,0.19047692461055454,0.19047692461055454,1.0,0.66,0.1395,0.17616666666666667,0.024333333333333332,0.11594508706826329,0.11594508706826329,1.0,0.38077159068362915,0.18511844789769938,0.21847182254471273,0.2156381388739587,0.07115540425031963,0.07115540425031963,1.0,0.5203857953418146,0.1623092239488497,0.1973192446056897,0.11998573610364602,0.0,0.0,1.0,0.46952307538944554,0.185925968218926,0.2448579045859331,0.09969305180569553
114,0.19047692461055457,0.0,0.21952307538944546,119,44,0.0,0,0,110,0.46952307538944554,0.66,0.185925968218926,0.13166666666666665,0.2448579045859331,0.18333333333333332,0.09969305180569553,0.025,0.19047692461055454,0.19047692461055454,1.0,0.66,0.1395,0.17616666666666667,0.024333333333333332,0.11594508706826329,0.11594508706826329,1.0,0.38077159068362915,0.18511844789769938,0.21847182254471273,0.2156381388739587,0.07115540425031963,0.07115540425031963,1.0,0.5203857953418146,0.1623092239488497,0.1973192446056897,0.11998573610364602,0.0,0.0,1.0,0.46952307538944554,0.185925968218926,0.2448579045859331,0.09969305180569553
115,0.19047692461055457,0.0,0.21952307538944546,107,44,0.0,0,0,110,0.46952307538944554,0.66,0.185925968218926,0.13166666666666665,0.2448579045859331,0.18333333333333332,0.09969305180569553,0.025,0.19047692461055454,0.19047692461055454,1.0,0.66,0.1395,0.17616666666666667,0.024333333333333332,0.11594508706826329,0.11594508706826329,1.0,0.38077159068362915,0.18511844789769938,0.21847182254471273,0.2156381388739587,0.07115540425031963,0.07115540425031963,1.0,0.5203857953418146,0.1623092239488497,0.1973192446056897,0.11998573610364602,0.0,0.0,1.0,0.46952307538944554,0.185925968218926,0.2448579045859331,0.09969305180569553
116,0.19047692461055457,0.0,0.21952307538944546,90,44,0.0,0,0,110,0.46952307538944554,0.66,0.185925968218926,0.13166666666666665,0.2448579045859331,0.18333333333333332,0.09969305180569553,0.025,0.19047692461055454,0.19047692461055454,1.0,0.66,0.1395,0.17616666666666667,0.024333333333333332,0.11594508706826329,0.11594508706826329,1.0,0.38077159068362915,0.18511844789769938,0.21847182254471273,0.2156381388739587,0.07115540425031963,0.07115540425031963,1.0,0.5203857953418146,0.1623092239488497,0.1973192446056897,0.11998573610364602,0.0,0.0,1.0,0.46952307538944554,0.185925968218926,0.2448579045859331,0.09969305180569553
117,0.19047692461055457,0.0,0.21952307538944546,97,44,0.0,0,0,110,0.46952307538944554,0.66,0.185925968218926,0.13166666666666665,0.2448579045859331,0.18333333333333332,0.09969305180569553,0.025,0.19047692461055454,0.19047692461055454,1.0,0.66,0.1395,0.17616666666666667,0.024333333333333332,0.11594508706826329,0.11594508706826329,1.0,0.38077159068362915,0.18511844789769938,0.21847182254471273,0.2156381388739587,0.07115540425031963,0.07115540425031963,1.0,0.5203857953418146,0.1623092239488497,0.1973192446056897,0.11998573610364602,0.0,0.0,1.0,0.46952307538944554,0.185925968218926,0.2448579045859331,0.09969305180569553
118,0.19047692461055457,0.0,0.21952307538944546,111,46,0.0,0,0,110,0.46952307538944554,0.66,0.185925968218926,0.13166666666666665,0.2448579045859331,0.18333333333333332,0.09969305180569553,0.025,0.19047692461055454,0.19047692461055454,1.0,0.66,0.1395,0.17616666666666667,0.024333333333333332,0.11594508706826329,0.11594508706826329,1.0,0.38077159068362915,0.18511844789769938,0.21847182254471273,0.2156381388739587,0.07115540425031963,0.07115540425031963,1.0,0.5203857953418146,0.1623092239488497,0.1973192446056897,0.11998573610364602,0.0,0.0,1.0,0.46952307538944554,0.185925968218926,0.2448579045859331,0.09969305180569553
119,0.19047692461055457,0.0,0.21952307538944546,106,46,0.0,0,0,110,0.46952307538944554,0.66,0.185925968218926,0.13166666666666665,0.2448579045859331,0.18333333333333332,0.09969305180569553,0.025,0.19047692461055454,0.19047692461055454,1.0,0.66,0.1395,0.17616666666666667,0.024333333333333332,0.11594508706826329,0.11594508706826329,1.0,0.38077159068362915,0.18511844789769938,0.21847182254471273,0.2156381388739587,0.07115540425031963,0.07115540425031963,1.0,0.5203857953418146,0.1623092239488497,0.1973192446056897,0.11998573610364602,0.0,0.0,1.0,0.46952307538944554,0.185925968218926,0.2448579045859331,0.09969305180569553
120,0.19047692461055457,0.0,0.21952307538944546,104,46,0.0,0,1,120,0.46952307538944554,0.66,0.185925968218926,0.13166666666666665,0.2448579045859331,0.18333333333333332,0.09969305180569553,0.025,0.2008102579438879,0.2008102579438879,1.0,0.6703333333333333,0.13341666666666666,0.1735,0.02275,0.03514517609398106,0.03514517609398106,1.0,0.4596991157415682,0.19946781471841013,0.26646123418042994,0.07437183535959173,0.09549314914800536,0.09549314914800536,1.0,0.5650162245374508,0.16644224069253838,0.21998061709021496,0.04856091767979587,0.0,0.0,1.0,0.46952307538944554,0.185925968218926,0.2448579045859331,0.09969305180569553
121,0.19047692461055457,0.0,0.21952307538944546,113,46,0.0,0,0,120,0.46952307538944554,0.66,0.185925968218926,0.13166666666666665,0.2448579045859331,0.18333333333333332,0.09969305180569553,0.025,0.2008102579438879,0.2008102579438879,1.0,0.6703333333333333,0.13341666666666666,0.1735,0.02275,0.03514517609398106,0.03514517609398106,1.0,0.4596991157415682,0.19946781471841013,0.26646123418042994,0.07437183535959173,0.09549314914800536,0.09549314914800536,1.0,0.5650162245374508,0.16644224069253838,0.21998061709021496,0.04856091767979587,0.0,0.0,1.0,0.46952307538944554,0.185925968218926,0.2448579045859331,0.09969305180569553
122,0.19047692461055457,0.0,0.21952307538944546,90,46,0.0,0,0,120,0.46952307538944554,0.66,0.185925968218926,0.13166666666666665,0.2448579045859331,0.18333333333333332,0.09969305180569553,0.025,0.2008102579438879,0.2008102579438879,1.0,0.6703333333333333,0.13341666666666666,0.1735,0.02275,0.03514517609398106,0.03514517609398106,1.0,0.4596991157415682,0.19946781471841013,0.26646123418042994,0.07437183535959173,0.09549314914800536,0.09549314914800536,1.0,0.5650162245374508,0.16644224069253838,0.21998061709021496,0.04856091767979587,0.0,0.0,1.0,0.46952307538944554,0.185925968218926,0.2448579045859331,0.09969305180569553
123,0.19047692461055457,0.0,0.21952307538944546,109,46,0.0,0,0,120,0.46952307538944554,0.66,0.185925968218926,0.13166666666666665,0.2448579045859331,0.18333333333333332,0.09969305180569553,0.025,0.2008102579438879,0.2008102579438879,1.0,0.6703333333333333,0.13341666666666666,0.1735,0.02275,0.03514517609398106,0.03514517609398106,1.0,0.4596991157415682,0.19946781471841013,0.26646123418042994,0.07437183535959173,0.09549314914800536,0.09549314914800536,1.0,0.5650162245374508,0.16644224069253838,0.21998061709021496,0.04856091767979587,0.0,0.0,1.0,0.46952307538944554,0.185925968218926,0.2448579045859331,0.09969305180569553
124,0.19047692461055457,0.0,0.21952307538944546,109,46,0.0,0,0,120,0.46952307538944554,0.66,0.185925968218926,0.13166666666666665,0.2448579045859331,0.18333333333333332,0.09969305180569553,0.025,0.2008102579438879,0.2008102579438879,1.0,0.6703333333333333,0.13341666666666666,0.1735,0.02275,0.03514517609398106,0.03514517609398106,1.0,0.4596991157415682,0.19946781471841013,0.26646123418042994,0.07437183535959173,0.09549314914800536,0.09549314914800536,1.0,0.5650162245374508,0.16644224069253838,0.21998061709021496,0.04856091767979587,0.0,0.0,1.0,0.46952307538944554,0.185925968218926,0.2448579045859331,0.09969305180569553
125,0.19047692461055457,0.0,0.21952307538944546,93,46,0.0,0,0,120,0.46952307538944554,0.66,0.185925968218926,0.13166666666666665,0.2448579045859331,0.18333333333333332,0.09969305180569553,0.025,0.2008102579438879,0.2008102579438879,1.0,0.6703333333333333,0.13341666666666666,0.1735,0.02275,0.03514517609398106,0.03514517609398106,1.0,0.4596991157415682,0.19946781471841013,0.26646123418042994,0.07437183535959173,0.09549314914800536,0.09549314914800536,1.0,0.5650162245374508,0.16644224069253838,0.21998061709021496,0.04856091767979587,0.0,0.0,1.0,0.46952307538944554,0.185925968218926,0.2448579045859331,0.09969305180569553
126,0.19047692461055457,0.0,0.21952307538944546,114,46,0.0,0,0,120,0.46952307538944554,0.66,0.185925968218926,0.13166666666666665,0.2448579045859331,0.18333333333333332,0.09969305180569553,0.025,0.2008102579438879,0.2008102579438879,1.0,0.6703333333333333,0.13341666666666666,0.1735,0.02275,0.03514517609398106,0.03514517609398106,1.0,0.4596991157415682,0.19946781471841013,0.26646123418042994,0.07437183535959173,0.09549314914800536,0.09549314914800536,1.0,0.5650162245374508,0.16644224069253838,0.21998061709021496,0.04856091767979587,0.0,0.0,1.0,0.46952307538944554,0.185925968218926,0.2448579045859331,0.09969305180569553
127,0.19047692461055457,0.0,0.21952307538944546,122,46,0.0,0,0,120,0.46952307538944554,0.66,0.185925968218926,0.13166666666666665,0.2448579045859331,0.18333333333333332,0.09969305180569553,0.025,0.2008102579438879,0.2008102579438879,1.0,0.6703333333333333,0.13341666666666666,0.1735,0.02275,0.03514517609398106,0.03514517609398106,1.0,0.4596991157415682,0.19946781471841013,0.26646123418042994,0.07437183535959173,0.09549314914800536,0.09549314914800536,1.0,0.5650162245374508,0.16644224069253838,0.21998061709021496,0.04856091767979587,0.0,0.0,1.0,0.46952307538944554,0.185925968218926,0.2448579045859331,0.09969305180569553
128,0.1888102579438879,0.0,0.21952307538944546,115,46,0.0,0,0,120,0.46952307538944554,0.6583333333333333,0.185925968218926,0.13333333333333333,0.2448579045859331,0.18333333333333332,0.09969305180569553,0.025,0.2008102579438879,0.2008102579438879,1.0,0.6703333333333333,0.13341666666666666,0.1735,0.02275,0.03514517609398106,0.03514517609398106,1.0,0.4596991157415682,0.19946781471841013,0.26646123418042994,0.07437183535959173,0.09549314914800536,0.09549314914800536,1.0,0.5650162245374508,0.16644224069253838,0.21998061709021496,0.04856091767979587,0.0,0.0,1.0,0.46952307538944554,0.185925968218926,0.2448579045859331,0.09969305180569553
129,0.1888102579438879,0.0,0.21952307538944546,114,46,0.0,0,0,120,0.46952307538944554,0.6583333333333333,0.185925968218926,0.13333333333333333,0.2448579045859331,0.18333333333333332,0.09969305180569553,0.025,0.2008102579438879,0.2008102579438879,1.0,0.6703333333333333,0.13341666666666666,0.1735,0.02275,0.03514517609398106,0.03514517609398106,1.0,0.4596991157415682,0.19946781471841013,0.26646123418042994,0.07437183535959173,0.09549314914800536,0.09549314914800536,1.0,0.5650162245374508,0.16644224069253838,0.21998061709021496,0.04856091767979587,0.0,0.0,1.0,0.46952307538944554,0.185925968218926,0.2448579045859331,0.09969305180569553
130,0.1888102579438879,0.0,0.21952307538944546,109,46,0.0,0,1,130,0.46952307538944554,0.6583333333333333,0.185925968218926,0.13333333333333333,0.2448579045859331,0.18333333333333332,0.09969305180569553,0.025,0.19064359127722122,0.19064359127722122,1.0,0.6601666666666667,0.13191666666666665,0.18291666666666667,0.025,0.1261263740075289,0.1261263740075289,1.0,0.5709119340254022,0.11658414067751473,0.2695954199575053,0.042908505339577845,0.14601622495658895,0.14601622495658895,1.0,0.6155393003460344,0.1242504036720907,0.22625604331208599,0.03395425266978892,0.0,0.0,1.0,0.46952307538944554,0.185925968218926,0.2448579045859331,0.09969305180569553
131,0.1888102579438879,0.0,0.21952307538944546,102,46,0.0,0,0,130,0.46952307538944554,0.6583333333333333,0.185925968218926,0.13333333333333333,0.2448579045859331,0.18333333333333332,0.09969305180569553,0.025,0.19064359127722122,0.19064359127722122,1.0,0.6601666666666667,0.13191666666666665,0.18291666666666667,0.025,0.1261263740075289,0.1261263740075289,1.0,0.5709119340254022,0.11658414067751473,0.2695954199575053,0.042908505339577845,0.14601622495658895,0.14601622495658895,1.0,0.6155393003460344,0.1242504036720907,0.22625604331208599,0.03395425266978892,0.0,0.0,1.0,0.46952307538944554,0.185925968218926,0.2448579045859331,0.09969305180569553
132,0.1888102579438879,0.0,0.21952307538944546,110,46,0.0,0,0,130,0.46952307538944554,0.6583333333333333,0.185925968218926,0.13333333333333333,0.2448579045859331,0.18333333333333332,0.09969305180569553,0.025,0.19064359127722122,0.19064359127722122,1.0,0.6601666666666667,0.13191666666666665,0.18291666666666667,0.025,0.1261263740075289,0.1261263740075289,1.0,0.5709119340254022,0.11658414067751473,0.2695954199575053,0.042908505339577845,0.14601622495658895,0.14601622495658895,1.0,0.6155393003460344,0.1242504036720907,0.22625604331208599,0.03395425266978892,0.0,0.0,1.0,0.46952307538944554,0.185925968218926,0.2448579045859331,0.09969305180569553
133,0.1888102579438879,0.0,0.21952307538944546,102,46,0.0,0,0,130,0.46952307538944554,0.6583333333333333,0.185925968218926,0.13333333333333333,0.2448579045859331,0.18333333333333332,0.09969305180569553,0.025,0.19064359127722122,0.19064359127722122,1.0,0.6601666666666667,0.13191666666666665,0.18291666666666667,0.025,0.1261263740075289,0.1261263740075289,1.0,0.5709119340254022,0.11658414067751473,0.2695954199575053,0.042908505339577845,0.14601622495658895,0.14601622495658895,1.0,0.6155393003460344,0.1242504036720907,0.22625604331208599,0.03395425266978892,0.0,0.0,1.0,0.46952307538944554,0.185925968218926,0.2448579045859331,0.09969305180569553
134,0.1888102579438879,0.0,0.21952307538944546,110,46,0.0,0,0,130,0.46952307538944554,0.6583333333333333,0.185925968218926,0.13333333333333333,0.2448579045859331,0.18333333333333332,0.09969305180569553,0.025,0.19064359127722122,0.19064359127722122,1.0,0.6601666666666667,0.13191666666666665,0.18291666666666667,0.025,0.1261263740075289,0.1261263740075289,1.0,0.5709119340254022,0.11658414067751473,0.2695954199575053,0.042908505339577845,0.14601622495658895,0.14601622495658895,1.0,0.6155393003460344,0.1242504036720907,0.22625604331208599,0.03395425266978892,0.0,0.0,1.0,0.46952307538944554,0.185925968218926,0.2448579045859331,0.09969305180569553
135,0.1888102579438879,0.0,0.21952307538944546,95,46,0.0,0,0,130,0.46952307538944554,0.6583333333333333,0.185925968218926,0.13333333333333333,0.2448579045859331,0.18333333333333332,0.09969305180569553,0.025,0.19064359127722122,0.19064359127722122,1.0,0.6601666666666667,0.13191666666666665,0.18291666666666667,0.025,0.1261263740075289,0.1261263740075289,1.0,0.5709119340254022,0.11658414067751473,0.2695954199575053,0.042908505339577845,0.14601622495658895,0.14601622495658895,1.0,0.6155393003460344,0.1242504036720907,0.22625604331208599,0.03395425266978892,0.0,0.0,1.0,0.46952307538944554,0.185925968218926,0.2448579045859331,0.09969305180569553
136,0.1888102579438879,0.0,0.21952307538944546,106,46,0.0,0,0,130,0.46952307538944554,0.6583333333333333,0.185925968218926,0.13333333333333333,0.2448579045859331,0.18333333333333332,0.09969305180569553,0.025,0.19064359127722122,0.19064359127722122,1.0,0.6601666666666667,0.13191666666666665,0.18291666666666667,0.025,0.1261263740075289,0.1261263740075289,1.0,0.5709119340254022,0.11658414067751473,0.2695954199575053,0.042908505339577845,0.14601622495658895,0.14601622495658895,1.0,0.6155393003460344,0.1242504036720907,0.22625604331208599,0.03395425266978892,0.0,0.0,1.0,0.46952307538944554,0.185925968218926,0.2448579045859331,0.09969305180569553
137,0.1888102579438879,0.0,0.21952307538944546,105,46,0.0,0,0,130,0.46952307538944554,0.6583333333333333,0.185925968218926,0.13333333333333333,0.2448579045859331,0.18333333333333332,0.09969305180569553,0.025,0.19064359127722122,0.19064359127722122,1.0,0.6601666666666667,0.13191666666666665,0.18291666666666667,0.025,0.1261263740075289,0.1261263740075289,1.0,0.5709119340254022,0.11658414067751473,0.2695954199575053,0.042908505339577845,0.14601622495658895,0.14601622495658895,1.0,0.6155393003460344,0.1242504036720907,0.22625604331208599,0.03395425266978892,0.0,0.0,1.0,0.46952307538944554,0.185925968218926,0.2448579045859331,0.09969305180569553
138,0.1888102579438879,0.0,0.21952307538944546,103,46,0.0,0,0,130,0.46952307538944554,0.6583333333333333,0.185925968218926,0.13333333333333333,0.2448579045859331,0.18333333333333332,0.09969305180569553,0.025,0.19064359127722122,0.19064359127722122,1.0,0.6601666666666667,0.13191666666666665,0.18291666666666667,0.025,0.1261263740075289,0.1261263740075289,1.0,0.5709119340254022,0.11658414067751473,0.2695954199575053,0.042908505339577845,0.14601622495658895,0.14601622495658895,1.0,0.6155393003460344,0.1242504036720907,0.22625604331208599,0.03395425266978892,0.0,0.0,1.0,0.46952307538944554,0.185925968218926,0.2448579045859331,0.09969305180569553
139,0.1888102579438879,0.0,0.21952307538944546,115,46,0.0,0,0,130,0.46952307538944554,0.6583333333333333,0.185925968218926,0.13333333333333333,0.2448579045859331,0.18333333333333332,0.09969305180569553,0.025,0.19064359127722122,0.19064359127722122,1.0,0.6601666666666667,0.13191666666666665,0.18291666666666667,0.025,0.1261263740075289,0.1261263740075289,1.0,0.5709119340254022,0.11658414067751473,0.2695954199575053,0.042908505339577845,0.14601622495658895,0.14601622495658895,1.0,0.6155393003460344,0.1242504036720907,0.22625604331208599,0.03395425266978892,0.0,0.0,1.0,0.46952307538944554,0.185925968218926,0.2448579045859331,0.09969305180569553
140,0.1888102579438879,0.0,0.21952307538944546,108,46,0.0,0,1,140,0.46952307538944554,0.6583333333333333,0.185925968218926,0.13333333333333333,0.2448579045859331,0.18333333333333332,0.09969305180569553,0.025,0.18939359127722122,0.18939359127722122,1.0,0.6589166666666667,0.13275,0.18333333333333332,0.025,0.038887393575386835,0.038887393575386835,1.0,0.46431730124609705,0.15315901984618577,0.2837452981613198,0.09877838074639733,0.0920939085669364,0.0920939085669364,1.0,0.5616169839563818,0.1429545099230929,0.23353931574732656,0.06188919037319866,0.0,0.0,1.0,0.46952307538944554,0.185925968218926,0.2448579045859331,0.09969305180569553
141,0.1888102579438879,0.0,0.21952307538944546,102,46,0.0,0,0,140,0.46952307538944554,0.6583333333333333,0.185925968218926,0.13333333333333333,0.2448579045859331,0.18333333333333332,0.09969305180569553,0.025,0.18939359127722122,0.18939359127722122,1.0,0.6589166666666667,0.13275,0.18333333333333332,0.025,0.038887393575386835,0.038887393575386835,1.0,0.46431730124609705,0.15315901984618577,0.2837452981613198,0.09877838074639733,0.0920939085669364,0.0920939085669364,1.0,0.5616169839563818,0.1429545099230929,0.23353931574732656,0.06188919037319866,0.0,0.0,1.0,0.46952307538944554,0.185925968218926,0.2448579045859331,0.09969305180569553
142,0.1888102579438879,0.0,0.21952307538944546,97,46,0.0,0,0,140,0.46952307538944554,0.6583333333333333,0.185925968218926,0.13333333333333333,0.2448579045859331,0.18333333333333332,0.09969305180569553,0.025,0.18939359127722122,0.18939359127722122,1.0,0.6589166666666667,0.13275,0.18333333333333332,0.025,0.038887393575386835,0.038887393575386835,1.0,0.46431730124609705,0.15315901984618577,0.2837452981613198,0.09877838074639733,0.0920939085669364,0.0920939085669364,1.0,0.5616169839563818,0.1429545099230929,0.23353931574732656,0.06188919037319866,0.0,0.0,1.0,0.46952307538944554,0.185925968218926,0.2448579045859331,0.09969305180569553
143,0.1888102579438879,0.0,0.21952307538944546,114,46,0.0,0,0,140,0.46952307538944554,0.6583333333333333,0.185925968218926,0.13333333333333333,0.2448579045859331,0.18333333333333332,0.09969305180569553,0.025,0.18939359127722122,0.18939359127722122,1.0,0.6589166666666667,0.13275,0.18333333333333332,0.025,0.038887393575386835,0.038887393575386835,1.0,0.46431730124609705,0.15315901984618577,0.2837452981613198,0.09877838074639733,0.0920939085669364,0.0920939085669364,1.0,0.5616169839563818,0.1429545099230929,0.23353931574732656,0.06188919037319866,0.0,0.0,1.0,0.46952307538944554,0.185925968218926,0.2448579045859331,0.09969305180569553
144,0.1888102579438879,0.0,0.21952307538944546,100,46,0.0,0,0,140,0.46952307538944554,0.6583333333333333,0.185925968218926,0.13333333333333333,0.2448579045859331,0.18333333333333332,0.09969305180569553,0.025,0.18939359127722122,0.18939359127722122,1.0,0.6589166666666667,0.13275,0.18333333333333332,0.025,0.038887393575386835,0.038887393575386835,1.0,0.46431730124609705,0.15315901984618577,0.2837452981613198,0.09877838074639733,0.0920939085669364,0.0920939085669364,1.0,0.5616169839563818,0.1429545099230929,0.23353931574732656,0.06188919037319866,0.0,0.0,1.0,0.46952307538944554,0.185925968218926,0.2448579045859331,0.09969305180569553
145,0.1888102579438879,0.0,0.21952307538944546,91,46,0.0,0,0,140,0.46952307538944554,0.6583333333333333,0.185925968218926,0.13333333333333333,0.2448579045859331,0.18333333333333332,0.09969305180569553,0.025,0.18939359127722122,0.18939359127722122,1.0,0.6589166666666667,0.13275,0.18333333333333332,0.025,0.038887393575386835,0.038887393575386835,1.0,0.46431730124609705,0.15315901984618577,0.2837452981613198,0.09877838074639733,0.0920939085669364,0.0920939085669364,1.0,0.5616169839563818,0.1429545099230929,0.23353931574732656,0.06188919037319866,0.0,0.0,1.0,0.46952307538944554,0.185925968218926,0.2448579045859331,0.09969305180569553
146,0.1888102579438879,0.0,0.21952307538944546,110,46,0.0,0,0,140,0.46952307538944554,0.6583333333333333,0.185925968218926,0.13333333333333333,0.2448579045859331,0.18333333333333332,0.09969305180569553,0.025,0.18939359127722122,0.18939359127722122,1.0,0.6589166666666667,0.13275,0.18333333333333332,0.025,0.038887393575386835,0.038887393575386835,1.0,0.46431730124609705,0.15315901984618577,0.2837452981613198,0.09877838074639733,0.0920939085669364,0.0920939085669364,1.0,0.5616169839563818,0.1429545099230929,0.23353931574732656,0.06188919037319866,0.0,0.0,1.0,0.46952307538944554,0.185925968218926,0.2448579045859331,0.09969305180569553
147,0.1888102579438879,0.0,0.21952307538944546,90,46,0.0,0,0,140,0.46952307538944554,0.6583333333333333,0.185925968218926,0.13333333333333333,0.2448579045859331,0.18333333333333332,0.09969305180569553,0.025,0.18939359127722122,0.18939359127722122,1.0,0.6589166666666667,0.13275,0.18333333333333332,0.025,0.038887393575386835,0.038887393575386835,1.0,0.46431730124609705,0.15315901984618577,0.2837452981613198,0.09877838074639733,0.0920939085669364,0.0920939085669364,1.0,0.5616169839563818,0.1429545099230929,0.23353931574732656,0.06188919037319866,0.0,0.0,1.0,0.46952307538944554,0.185925968218926,0.2448579045859331,0.09969305180569553
148,0.1888102579438879,0.0,0.21952307538944546,115,46,0.0,0,0,140,0.46952307538944554,0.6583333333333333,0.185925968218926,0.13333333333333333,0.2448579045859331,0.18333333333333332,0.09969305180569553,0.025,0.18939359127722122,0.18939359127722122,1.0,0.6589166666666667,0.13275,0.18333333333333332,0.025,0.038887393575386835,0.038887393575386835,1.0,0.46431730124609705,0.15315901984618577,0.2837452981613198,0.09877838074639733,0.0920939085669364,0.0920939085669364,1.0,0.5616169839563818,0.1429545099230929,0.23353931574732656,0.06188919037319866,0.0,0.0,1.0,0.46952307538944554,0.185925968218926,0.2448579045859331,0.09969305180569553
149,0.1871435912772212,0.0,0.21952307538944546,118,46,0.0,0,0,140,0.46952307538944554,0.6566666666666666,0.185925968218926,0.135,0.2448579045859331,0.18333333333333332,0.09969305180569553,0.025,0.18939359127722122,0.18939359127722122,1.0,0.6589166666666667,0.13275,0.18333333333333332,0.025,0.038887393575386835,0.038887393575386835,1.0,0.46431730124609705,0.15315901984618577,0.2837452981613198,0.09877838074639733,0.0920939085669364,0.0920939085669364,1.0,0.5616169839563818,0.1429545099230929,0.23353931574732656,0.06188919037319866,0.0,0.0,1.0,0.46952307538944554,0.185925968218926,0.2448579045859331,0.09969305180569553
150,0.1871435912772212,0.0,0.21952307538944546,102,46,0.0,0,1,150,0.46952307538944554,0.6566666666666666,0.185925968218926,0.135,0.2448579045859331,0.18333333333333332,0.09969305180569553,0.025,0.18864359127722122,0.18864359127722122,1.0,0.6581666666666667,0.1335,0.18333333333333332,0.025,0.13630802863797764,0.13630802863797764,1.0,0.3491592652042001,0.2769893948758211,0.22891368613320084,0.14493765378677806,0.053458619764972425,0.053458619764972425,1.0,0.5036629659354334,0.20524469743791054,0.2061235097332671,0.08496882689338903,0.0,0.0,1.0,0.46952307538944554,0.185925968218926,0.2448579045859331,0.09969305180569553
151,0.1871435912772212,0.0,0.21952307538944546,109,46,0.0,0,0,150,0.46952307538944554,0.6566666666666666,0.185925968218926,0.135,0.2448579045859331,0.18333333333333332,0.09969305180569553,0.025,0.18864359127722122,0.18864359127722122,1.0,0.6581666666666667,0.1335,0.18333333333333332,0.025,0.13630802863797764,0.13630802863797764,1.0,0.3491592652042001,0.2769893948758211,0.22891368613320084,0.14493765378677806,0.053458619764972425,0.053458619764972425,1.0,0.5036629659354334,0.20524469743791054,0.2061235097332671,0.08496882689338903,0.0,0.0,1.0,0.46952307538944554,0.185925968218926,0.2448579045859331,0.09969305180569553
152,0.1871435912772212,0.0,0.21952307538944546,97,46,0.0,0,0,150,0.46952307538944554,0.6566666666666666,0.185925968218926,0.135,0.2448579045859331,0.18333333333333332,0.09969305180569553,0.025,0.18864359127722122,0.18864359127722122,1.0,0.6581666666666667,0.1335,0.18333333333333332,0.025,0.13630802863797764,0.13630802863797764,1.0,0.3491592652042001,0.2769893948758211,0.22891368613320084,0.14493765378677806,0.053458619764972425,0.053458619764972425,1.0,0.5036629659354334,0.20524469743791054,0.2061235097332671,0.08496882689338903,0.0,0.0,1.0,0.46952307538944554,0.185925968218926,0.2448579045859331,0.09969305180569553
153,0.1871435912772212,0.0,0.21952307538944546,108,46,0.0,0,0,150,0.46952307538944554,0.6566666666666666,0.185925968218926,0.135,0.2448579045859331,0.18333333333333332,0.09969305180569553,0.025,0.18864359127722122,0.18864359127722122,1.0,0.6581666666666667,0.1335,0.18333333333333332,0.025,0.13630802863797764,0.13630802863797764,1.0,0.3491592652042001,0.2769893948758211,0.22891368613320084,0.14493765378677806,0.053458619764972425,0.053458619764972425,1.0,0.5036629659354334,0.20524469743791054,0.2061235097332671,0.08496882689338903,0.0,0.0,1.0,0.46952307538944554,0.185925968218926,0.2448579045859331,0.09969305180569553
154,0.1871435912772212,0.0,0.21952307538944546,103,46,0.0,0,0,150,0.46952307538944554,0.6566666666666666,0.185925968218926,0.135,0.2448579045859331,0.18333333333333332,0.09969305180569553,0.025,0.18864359127722122,0.18864359127722122,1.0,0.6581666666666667,0.1335,0.18333333333333332,0.025,0.13630802863797764,0.13630802863797764,1.0,0.3491592652042001,0.2769893948758211,0.22891368613320084,0.14493765378677806,0.053458619764972425,0.053458619764972425,1.0,0.5036629659354334,0.20524469743791054,0.2061235097332671,0.08496882689338903,0.0,0.0,1.0,0.46952307538944554,0.185925968218926,0.2448579045859331,0.09969305180569553
155,0.1888102579438879,0.0,0.21952307538944546,100,46,0.0,0,0,150,0.46952307538944554,0.6583333333333333,0.185925968218926,0.13333333333333333,0.2448579045859331,0.18333333333333332,0.09969305180569553,0.025,0.18864359127722122,0.18864359127722122,1.0,0.6581666666666667,0.1335,0.18333333333333332,0.025,0.13630802863797764,0.13630802863797764,1.0,0.3491592652042001,0.2769893948758211,0.22891368613320084,0.14493765378677806,0.053458619764972425,0.053458619764972425,1.0,0.5036629659354334,0.20524469743791054,0.2061235097332671,0.08496882689338903,0.0,0.0,1.0,0.46952307538944554,0.185925968218926,0.2448579045859331,0.09969305180569553
156,0.1888102579438879,0.0,0.21952307538944546,95,46,0.0,0,0,150,0.46952307538944554,0.6583333333333333,0.185925968218926,0.13333333333333333,0.2448579045859331,0.18333333333333332,0.09969305180569553,0.025,0.18864359127722122,0.18864359127722122,1.0,0.6581666666666667,0.1335,0.18333333333333332,0.025,0.13630802863797764,0.13630802863797764,1.0,0.3491592652042001,0.2769893948758211,0.22891368613320084,0.14493765378677806,0.053458619764972425,0.053458619764972425,1.0,0.5036629659354334,0.20524469743791054,0.2061235097332671,0.08496882689338903,0.0,0.0,1.0,0.46952307538944554,0.185925968218926,0.2448579045859331,0.09969305180569553
157,0.1888102579438879,0.0,0.21952307538944546,100,46,0.0,0,0,150,0.46952307538944554,0.6583333333333333,0.185925968218926,0.13333333333333333,0.2448579045859331,0.18333333333333332,0.09969305180569553,0.025,0.18864359127722122,0.18864359127722122,1.0,0.6581666666666667,0.1335,0.18333333333333332,0.025,0.13630802863797764,0.13630802863797764,1.0,0.3491592652042001,0.2769893948758211,0.22891368613320084,0.14493765378677806,0.053458619764972425,0.053458619764972425,1.0,0.5036629659354334,0.20524469743791054,0.2061235097332671,0.08496882689338903,0.0,0.0,1.0,0.46952307538944554,0.185925968218926,0.2448579045859331,0.09969305180569553
158,0.1888102579438879,0.0,0.21952307538944546,109,46,0.0,0,0,150,0.46952307538944554,0.6583333333333333,0.185925968218926,0.13333333333333333,0.2448579045859331,0.18333333333333332,0.09969305180569553,0.025,0.18864359127722122,0.18864359127722122,1.0,0.6581666666666667,0.1335,0.18333333333333332,0.025,0.13630802863797764,0.13630802863797764,1.0,0.3491592652042001,0.2769893948758211,0.22891368613320084,0.14493765378677806,0.053458619764972425,0.053458619764972425,1.0,0.5036629659354334,0.20524469743791054,0.2061235097332671,0.08496882689338903,0.0,0.0,1.0,0.46952307538944554,0.185925968218926,0.2448579045859331,0.09969305180569553
159,0.1888102579438879,0.0,0.21952307538944546,81,46,0.0,0,0,150,0.46952307538944554,0.6583333333333333,0.185925968218926,0.13333333333333333,0.2448579045859331,0.18333333333333332,0.09969305180569553,0.025,0.18864359127722122,0.18864359127722122,1.0,0.6581666666666667,0.1335,0.18333333333333332,0.025,0.13630802863797764,0.13630802863797764,1.0,0.3491592652042001,0.2769893948758211,0.22891368613320084,0.14493765378677806,0.053458619764972425,0.053458619764972425,1.0,0.5036629659354334,0.20524469743791054,0.2061235097332671,0.08496882689338903,0.0,0.0,1.0,0.46952307538944554,0.185925968218926,0.2448579045859331,0.09969305180569553
160,0.1888102579438879,0.0,0.21952307538944546,109,46,0.0,0,1,160,0.46952307538944554,0.6583333333333333,0.185925968218926,0.13333333333333333,0.2448579045859331,0.18333333333333332,0.09969305180569553,0.025,0.1883102579438879,0.1883102579438879,1.0,0.6578333333333334,0.13383333333333333,0.18333333333333332,0.025,0.05925453795236414,0.05925453795236414,1.0,0.4544511225281605,0.14174338312784682,0.2801578828422713,0.12364761150172139,0.08661915254130148,0.08661915254130148,1.0,0.556142227930747,0.13778835823059007,0.2317456080878023,0.0743238057508607,0.0,0.0,1.0,0.46952307538944554,0.185925968218926,0.2448579045859331,0.09969305180569553
161,0.1888102579438879,0.0,0.21952307538944546,109,46,0.0,0,0,160,0.46952307538944554,0.6583333333333333,0.185925968218926,0.13333333333333333,0.2448579045859331,0.18333333333333332,0.09969305180569553,0.025,0.1883102579438879,0.1883102579438879,1.0,0.6578333333333334,0.13383333333333333,0.18333333333333332,0.025,0.05925453795236414,0.05925453795236414,1.0,0.4544511225281605,0.14174338312784682,0.2801578828422713,0.12364761150172139,0.08661915254130148,0.08661915254130148,1.0,0.556142227930747,0.13778835823059007,0.2317456080878023,0.0743238057508607,0.0,0.0,1.0,0.46952307538944554,0.185925968218926,0.2448579045859331,0.09969305180569553
162,0.1888102579438879,0.0,0.21952307538944546,97,46,0.0,0,0,160,0.46952307538944554,0.6583333333333333,0.185925968218926,0.13333333333333333,0.2448579045859331,0.18333333333333332,0.09969305180569553,0.025,0.1883102579438879,0.1883102579438879,1.0,0.6578333333333334,0.13383333333333333,0.18333333333333332,0.025,0.05925453795236414,0.05925453795236414,1.0,0.4544511225281605,0.14174338312784682,0.2801578828422713,0.12364761150172139,0.08661915254130148,0.08661915254130148,1.0,0.556142227930747,0.13778835823059007,0.2317456080878023,0.0743238057508607,0.0,0.0,1.0,0.46952307538944554,0.185925968218926,0.2448579045859331,0.09969305180569553
163,0.1888102579438879,0.0,0.21952307538944546,127,46,0.0,0,0,160,0.46952307538944554,0.6583333333333333,0.185925968218926,0.13333333333333333,0.2448579045859331,0.18333333333333332,0.09969305180569553,0.025,0.1883102579438879,0.1883102579438879,1.0,0.6578333333333334,0.13383333333333333,0.18333333333333332,0.025,0.05925453795236414,0.05925453795236414,1.0,0.4544511225281605,0.14174338312784682,0.2801578828422713,0.12364761150172139,0.08661915254130148,0.08661915254130148,1.0,0.556142227930747,0.13778835823059007,0.2317456080878023,0.0743238057508607,0.0,0.0,1.0,0.46952307538944554,0.185925968218926,0.2448579045859331,0.09969305180569553
164,0.1888102579438879,0.0,0.21952307538944546,99,46,0.0,0,0,160,0.46952307538944554,0.6583333333333333,0.185925968218926,0.13333333333333333,0.2448579045859331,0.18333333333333332,0.09969305180569553,0.025,0.1883102579438879,0.1883102579438879,1.0,0.6578333333333334,0.13383333333333333,0.18333333333333332,0.025,0.05925453795236414,0.05925453795236414,1.0,0.4544511225281605,0.14174338312784682,0.2801578828422713,0.12364761150172139,0.08661915254130148,0.08661915254130148,1.0,0.556142227930747,0.13778835823059007,0.2317456080878023,0.0743238057508607,0.0,0.0,1.0,0.46952307538944554,0.185925968218926,0.2448579045859331,0.09969305180569553
165,0.1888102579438879,0.0,0.21952307538944546,87,46,0.0,0,0,160,0.46952307538944554,0.6583333333333333,0.185925968218926,0.13333333333333333,0.2448579045859331,0.18333333333333332,0.09969305180569553,0.025,0.1883102579438879,0.1883102579438879,1.0,0.6578333333333334,0.13383333333333333,0.18333333333333332,0.025,0.05925453795236414,0.05925453795236414,1.0,0.4544511225281605,0.14174338312784682,0.2801578828422713,0.12364761150172139,0.08661915254130148,0.08661915254130148,1.0,0.556142227930747,0.13778835823059007,0.2317456080878023,0.0743238057508607,0.0,0.0,1.0,0.46952307538944554,0.185925968218926,0.2448579045859331,0.09969305180569553
166,0.1888102579438879,0.0,0.21952307538944546,114,46,0.0,0,0,160,0.46952307538944554,0.6583333333333333,0.185925968218926,0.13333333333333333,0.2448579045859331,0.18333333333333332,0.09969305180569553,0.025,0.1883102579438879,0.1883102579438879,1.0,0.6578333333333334,0.13383333333333333,0.18333333333333332,0.025,0.05925453795236414,0.05925453795236414,1.0,0.4544511225281605,0.14174338312784682,0.2801578828422713,0.12364761150172139,0.08661915254130148,0.08661915254130148,1.0,0.556142227930747,0.13778835823059007,0.2317456080878023,0.0743238057508607,0.0,0.0,1.0,0.46952307538944554,0.185925968218926,0.2448579045859331,0.09969305180569553
167,0.1888102579438879,0.0,0.21952307538944546,111,46,0.0,0,0,160,0.46952307538944554,0.6583333333333333,0.185925968218926,0.13333333333333333,0.2448579045859331,0.18333333333333332,0.09969305180569553,0.025,0.1883102579438879,0.1883102579438879,1.0,0.6578333333333334,0.13383333333333333,0.18333333333333332,0.025,0.05925453795236414,0.05925453795236414,1.0,0.4544511225281605,0.14174338312784682,0.2801578828422713,0.12364761150172139,0.08661915254130148,0.08661915254130148,1.0,0.556142227930747,0.13778835823059007,0.2317456080878023,0.0743238057508607,0.0,0.0,1.0,0.46952307538944554,0.185925968218926,0.2448579045859331,0.09969305180569553
168,0.1888102579438879,0.0,0.21952307538944546,113,46,0.0,0,0,160,0.46952307538944554,0.6583333333333333,0.185925968218926,0.13333333333333333,0.2448579045859331,0.18333333333333332,0.09969305180569553,0.025,0.1883102579438879,0.1883102579438879,1.0,0.6578333333333334,0.13383333333333333,0.18333333333333332,0.025,0.05925453795236414,0.05925453795236414,1.0,0.4544511225281605,0.14174338312784682,0.2801578828422713,0.12364761150172139,0.08661915254130148,0.08661915254130148,1.0,0.556142227930747,0.13778835823059007,0.2317456080878023,0.0743238057508607,0.0,0.0,1.0,0.46952307538944554,0.185925968218926,0.2448579045859331,0.09969305180569553
169,0.1888102579438879,0.0,0.21952307538944546,99,46,0.0,0,0,160,0.46952307538944554,0.6583333333333333,0.185925968218926,0.13333333333333333,0.2448579045859331,0.18333333333333332,0.09969305180569553,0.025,0.1883102579438879,0.1883102579438879,1.0,0.6578333333333334,0.13383333333333333,0.18333333333333332,0.025,0.05925453795236414,0.05925453795236414,1.0,0.4544511225281605,0.14174338312784682,0.2801578828422713,0.12364761150172139,0.08661915254130148,0.08661915254130148,1.0,0.556142227930747,0.13778835823059007,0.2317456080878023,0.0743238057508607,0.0,0.0,1.0,0.46952307538944554,0.185925968218926,0.2448579045859331,0.09969305180569553
170,0.1871435912772212,0.0,0.21952307538944546,112,46,0.0,0,1,170,0.46952307538944554,0.6566666666666666,0.185925968218926,0.135,0.2448579045859331,0.18333333333333332,0.09969305180569553,0.025,0.18839359127722122,0.18839359127722122,1.0,0.6579166666666667,0.13375,0.18333333333333332,0.025,0.11067960605765875,0.11067960605765875,1.0,0.4329778624533802,0.22515849291508605,0.1707235114643396,0.17114013316719415,0.075924189170578,0.075924189170578,1.0,0.5454472645600235,0.17945424645754304,0.17702842239883645,0.09807006658359707,0.0,0.0,1.0,0.46952307538944554,0.185925968218926,0.2448579045859331,0.09969305180569553
171,0.1871435912772212,0.0,0.21952307538944546,107,46,0.0,0,0,170,0.46952307538944554,0.6566666666666666,0.185925968218926,0.135,0.2448579045859331,0.18333333333333332,0.09969305180569553,0.025,0.18839359127722122,0.18839359127722122,1.0,0.6579166666666667,0.13375,0.18333333333333332,0.025,0.11067960605765875,0.11067960605765875,1.0,0.4329778624533802,0.22515849291508605,0.1707235114643396,0.17114013316719415,0.075924189170578,0.075924189170578,1.0,0.5454472645600235,0.17945424645754304,0.17702842239883645,0.09807006658359707,0.0,0.0,1.0,0.46952307538944554,0.185925968218926,0.2448579045859331,0.09969305180569553
172,0.1888102579438879,0.0,0.21952307538944546,98,46,0.0,0,0,170,0.46952307538944554,0.6583333333333333,0.185925968218926,0.13333333333333333,0.2448579045859331,0.18333333333333332,0.09969305180569553,0.025,0.18839359127722122,0.18839359127722122,1.0,0.6579166666666667,0.13375,0.18333333333333332,0.025,0.11067960605765875,0.11067960605765875,1.0,0.4329778624533802,0.22515849291508605,0.1707235114643396,0.17114013316719415,0.075924189170578,0.075924189170578,1.0,0.5454472645600235,0.17945424645754304,0.17702842239883645,0.09807006658359707,0.0,0.0,1.0,0.46952307538944554,0.185925968218926,0.2448579045859331,0.09969305180569553
173,0.1888102579438879,0.0,0.21952307538944546,88,46,0.0,0,0,170,0.46952307538944554,0.6583333333333333,0.185925968218926,0.13333333333333333,0.2448579045859331,0.18333333333333332,0.09969305180569553,0.025,0.18839359127722122,0.18839359127722122,1.0,0.6579166666666667,0.13375,0.18333333333333332,0.025,0.11067960605765875,0.11067960605765875,1.0,0.4329778624533802,0.22515849291508605,0.1707235114643396,0.17114013316719415,0.075924189170578,0.075924189170578,1.0,0.5454472645600235,0.17945424645754304,0.17702842239883645,0.09807006658359707,0.0,0.0,1.0,0.46952307538944554,0.185925968218926,0.2448579045859331,0.09969305180569553
174,0.1888102579438879,0.0,0.21952307538944546,87,46,0.0,0,0,170,0.46952307538944554,0.6583333333333333,0.185925968218926,0.13333333333333333,0.2448579045859331,0.18333333333333332,0.09969305180569553,0.025,0.18839359127722122,0.18839359127722122,1.0,0.6579166666666667,0.13375,0.18333333333333332,0.025,0.11067960605765875,0.11067960605765875,1.0,0.4329778624533802,0.22515849291508605,0.1707235114643396,0.17114013316719415,0.075924189170578,0.075924189170578,1.0,0.5454472645600235,0.17945424645754304,0.17702842239883645,0.09807006658359707,0.0,0.0,1.0,0.46952307538944554,0.185925968218926,0.2448579045859331,0.09969305180569553
175,0.1888102579438879,0.0,0.21952307538944546,111,46,0.0,0,0,170,0.46952307538944554,0.6583333333333333,0.185925968218926,0.13333333333333333,0.2448579045859331,0.18333333333333332,0.09969305180569553,0.025,0.18839359127722122,0.18839359127722122,1.0,0.6579166666666667,0.13375,0.18333333333333332,0.025,0.11067960605765875,0.11067960605765875,1.0,0.4329778624533802,0.22515849291508605,0.1707235114643396,0.17114013316719415,0.075924189170578,0.075924189170578,1.0,0.5454472645600235,0.17945424645754304,0.17702842239883645,0.09807006658359707,0.0,0.0,1.0,0.46952307538944554,0.185925968218926,0.2448579045859331,0.09969305180569553
176,0.1888102579438879,0.0,0.21952307538944546,102,46,0.0,0,0,170,0.46952307538944554,0.6583333333333333,0.185925968218926,0.13333333333333333,0.2448579045859331,0.18333333333333332,0.09969305180569553,0.025,0.18839359127722122,0.18839359127722122,1.0,0.6579166666666667,0.13375,0.18333333333333332,0.025,0.11067960605765875,0.11067960605765875,1.0,0.4329778624533802,0.22515849291508605,0.1707235114643396,0.17114013316719415,0.075924189170578,0.075924189170578,1.0,0.5454472645600235,0.17945424645754304,0.17702842239883645,0.09807006658359707,0.0,0.0,1.0,0.46952307538944554,0.185925968218926,0.2448579045859331,0.09969305180569553
177,0.1888102579438879,0.0,0.21952307538944546,103,46,0.0,0,0,170,0.46952307538944554,0.6583333333333333,0.185925968218926,0.13333333333333333,0.2448579045859331,0.18333333333333332,0.09969305180569553,0.025,0.18839359127722122,0.18839359127722122,1.0,0.6579166666666667,0.13375,0.18333333333333332,0.025,0.11067960605765875,0.11067960605765875,1.0,0.4329778624533802,0.22515849291508605,0.1707235114643396,0.17114013316719415,0.075924189170578,0.075924189170578,1.0,0.5454472645600235,0.17945424645754304,0.17702842239883645,0.09807006658359707,0.0,0.0,1.0,0.46952307538944554,0.185925968218926,0.2448579045859331,0.09969305180569553
178,0.1888102579438879,0.0,0.21952307538944546,105,46,0.0,0,0,170,0.46952307538944554,0.6583333333333333,0.185925968218926,0.13333333333333333,0.2448579045859331,0.18333333333333332,0.09969305180569553,0.025,0.18839359127722122,0.18839359127722122,1.0,0.6579166666666667,0.13375,0.18333333333333332,0.025,0.11067960605765875,0.11067960605765875,1.0,0.4329778624533802,0.22515849291508605,0.1707235114643396,0.17114013316719415,0.075924189170578,0.075924189170578,1.0,0.5454472645600235,0.17945424645754304,0.17702842239883645,0.09807006658359707,0.0,0.0,1.0,0.46952307538944554,0.185925968218926,0.2448579045859331,0.09969305180569553
179,0.1888102579438879,0.0,0.21952307538944546,105,46,0.0,0,0,170,0.46952307538944554,0.6583333333333333,0.185925968218926,0.13333333333333333,0.2448579045859331,0.18333333333333332,0.09969305180569553,0.025,0.18839359127722122,0.18839359127722122,1.0,0.6579166666666667,0.13375,0.18333333333333332,0.025,0.11067960605765875,0.11067960605765875,1.0,0.4329778624533802,0.22515849291508605,0.1707235114643396,0.17114013316719415,0.075924189170578,0.075924189170578,1.0,0.5454472645600235,0.17945424645754304,0.17702842239883645,0.09807006658359707,0.0,0.0,1.0,0.46952307538944554,0.185925968218926,0.2448579045859331,0.09969305180569553
180,0.1888102579438879,0.0,0.21952307538944546,106,46,0.0,0,1,180,0.46952307538944554,0.6583333333333333,0.185925968218926,0.13333333333333333,0.2448579045859331,0.18333333333333332,0.09969305180569553,0.025,0.18864359127722122,0.18864359127722122,1.0,0.6581666666666667,0.1335,0.18333333333333332,0.025,0.05100275672636807,0.05100275672636807,1.0,0.4428024285826116,0.23132704183368047,0.2504595876975466,0.0754109418861613,0.08096147223519369,0.08096147223519369,1.0,0.5504845476246392,0.18241352091684024,0.21689646051543998,0.05020547094308066,0.0,0.0,1.0,0.46952307538944554,0.185925968218926,0.2448579045859331,0.09969305180569553
181,0.1888102579438879,0.0,0.21952307538944546,110,46,0.0,0,0,180,0.46952307538944554,0.6583333333333333,0.185925968218926,0.13333333333333333,0.2448579045859331,0.18333333333333332,0.09969305180569553,0.025,0.18864359127722122,0.18864359127722122,1.0,0.6581666666666667,0.1335,0.18333333333333332,0.025,0.05100275672636807,0.05100275672636807,1.0,0.4428024285826116,0.23132704183368047,0.2504595876975466,0.0754109418861613,0.08096147223519369,0.08096147223519369,1.0,0.5504845476246392,0.18241352091684024,0.21689646051543998,0.05020547094308066,0.0,0.0,1.0,0.46952307538944554,0.185925968218926,0.2448579045859331,0.09969305180569553
182,0.1888102579438879,0.0,0.21952307538944546,103,46,0.0,0,0,180,0.46952307538944554,0.6583333333333333,0.185925968218926,0.13333333333333333,0.2448579045859331,0.18333333333333332,0.09969305180569553,0.025,0.18864359127722122,0.18864359127722122,1.0,0.6581666666666667,0.1335,0.18333333333333332,0.025,0.05100275672636807,0.05100275672636807,1.0,0.4428024285826116,0.23132704183368047,0.2504595876975466,0.0754109418861613,0.08096147223519369,0.08096147223519369,1.0,0.5504845476246392,0.18241352091684024,0.21689646051543998,0.05020547094308066,0.0,0.0,1.0,0.46952307538944554,0.185925968218926,0.2448579045859331,0.09969305180569553
183,0.1888102579438879,0.0,0.21952307538944546,111,46,0.0,0,0,180,0.46952307538944554,0.6583333333333333,0.185925968218926,0.13333333333333333,0.2448579045859331,0.18333333333333332,0.09969305180569553,0.025,0.18864359127722122,0.18864359127722122,1.0,0.6581666666666667,0.1335,0.18333333333333332,0.025,0.05100275672636807,0.05100275672636807,1.0,0.4428024285826116,0.23132704183368047,0.2504595876975466,0.0754109418861613,0.08096147223519369,0.08096147223519369,1.0,0.5504845476246392,0.18241352091684024,0.21689646051543998,0.05020547094308066,0.0,0.0,1.0,0.46952307538944554,0.185925968218926,0.2448579045859331,0.09969305180569553
184,0.1888102579438879,0.0,0.21952307538944546,101,46,0.0,0,0,180,0.46952307538944554,0.6583333333333333,0.185925968218926,0.13333333333333333,0.2448579045859331,0.18333333333333332,0.09969305180569553,0.025,0.18864359127722122,0.18864359127722122,1.0,0.6581666666666667,0.1335,0.18333333333333332,0.025,0.05100275672636807,0.05100275672636807,1.0,0.4428024285826116,0.23132704183368047,0.2504595876975466,0.0754109418861613,0.08096147223519369,0.08096147223519369,1.0,0.5504845476246392,0.18241352091684024,0.21689646051543998,0.05020547094308066,0.0,0.0,1.0,0.46952307538944554,0.185925968218926,0.2448579045859331,0.09969305180569553
185,0.1888102579438879,0.0,0.21952307538944546,96,46,0.0,0,0,180,0.46952307538944554,0.6583333333333333,0.185925968218926,0.13333333333333333,0.2448579045859331,0.18333333333333332,0.09969305180569553,0.025,0.18864359127722122,0.18864359127722122,1.0,0.6581666666666667,0.1335,0.18333333333333332,0.025,0.05100275672636807,0.05100275672636807,1.0,0.4428024285826116,0.23132704183368047,0.2504595876975466,0.0754109418861613,0.08096147223519369,0.08096147223519369,1.0,0.5504845476246392,0.18241352091684024,0.21689646051543998,0.05020547094308066,0.0,0.0,1.0,0.46952307538944554,0.185925968218926,0.2448579045859331,0.09969305180569553
186,0.1888102579438879,0.0,0.21952307538944546,107,46,0.0,0,0,180,0.46952307538944554,0.6583333333333333,0.185925968218926,0.13333333333333333,0.2448579045859331,0.18333333333333332,0.09969305180569553,0.025,0.18864359127722122,0.18864359127722122,1.0,0.6581666666666667,0.1335,0.18333333333333332,0.025,0.05100275672636807,0.05100275672636807,1.0,0.4428024285826116,0.23132704183368047,0.2504595876975466,0.0754109418861613,0.08096147223519369,0.08096147223519369,1.0,0.5504845476246392,0.18241352091684024,0.21689646051543998,0.05020547094308066,0.0,0.0,1.0,0.46952307538944554,0.185925968218926,0.2448579045859331,0.09969305180569553
187,0.1888102579438879,0.0,0.21952307538944546,102,46,0.0,0,0,180,0.46952307538944554,0.6583333333333333,0.185925968218926,0.13333333333333333,0.2448579045859331,0.18333333333333332,0.09969305180569553,0.025,0.18864359127722122,0.18864359127722122,1.0,0.6581666666666667,0.1335,0.18333333333333332,0.025,0.05100275672636807,0.05100275672636807,1.0,0.4428024285826116,0.23132704183368047,0.2504595876975466,0.0754109418861613,0.08096147223519369,0.08096147223519369,1.0,0.5504845476246392,0.18241352091684024,0.21689646051543998,0.05020547094308066,0.0,0.0,1.0,0.46952307538944554,0.185925968218926,0.2448579045859331,0.09969305180569553
188,0.1888102579438879,0.0,0.21952307538944546,103,46,0.0,0,0,180,0.46952307538944554,0.6583333333333333,0.185925968218926,0.13333333333333333,0.2448579045859331,0.18333333333333332,0.09969305180569553,0.025,0.18864359127722122,0.18864359127722122,1.0,0.6581666666666667,0.1335,0.18333333333333332,0.025,0.05100275672636807,0.05100275672636807,1.0,0.4428024285826116,0.23132704183368047,0.2504595876975466,0.0754109418861613,0.08096147223519369,0.08096147223519369,1.0,0.5504845476246392,0.18241352091684024,0.21689646051543998,0.05020547094308066,0.0,0.0,1.0,0.46952307538944554,0.185925968218926,0.2448579045859331,0.09969305180569553
189,0.1888102579438879,0.0,0.21952307538944546,81,46,0.0,0,0,180,0.46952307538944554,0.6583333333333333,0.185925968218926,0.13333333333333333,0.2448579045859331,0.18333333333333332,0.09969305180569553,0.025,0.18864359127722122,0.18864359127722122,1.0,0.6581666666666667,0.1335,0.18333333333333332,0.025,0.05100275672636807,0.05100275672636807,1.0,0.4428024285826116,0.23132704183368047,0.2504595876975466,0.0754109418861613,0.08096147223519369,0.08096147223519369,1.0,0.5504845476246392,0.18241352091684024,0.21689646051543998,0.05020547094308066,0.0,0.0,1.0,0.46952307538944554,0.185925968218926,0.2448579045859331,0.09969305180569553
190,0.1888102579438879,0.0,0.21952307538944546,107,46,0.0,0,1,190,0.46952307538944554,0.6583333333333333,0.185925968218926,0.13333333333333333,0.2448579045859331,0.18333333333333332,0.09969305180569553,0.025,0.18872692461055457,0.18872692461055457,1.0,0.65825,0.13341666666666666,0.18333333333333332,0.025,0.11069006671461373,0.11069006671461373,1.0,0.5802131421040592,0.14898323436581626,0.18935238771064614,0.08145123581947838,0.1497084956625841,0.1497084956625841,1.0,0.6192315710520295,0.14119995051624146,0.18634286052198973,0.05322561790973919,0.0,0.0,1.0,0.46952307538944554,0.185925968218926,0.2448579045859331,0.09969305180569553
191,0.1888102579438879,0.0,0.21952307538944546,105,46,0.0,0,0,190,0.46952307538944554,0.6583333333333333,0.185925968218926,0.13333333333333333,0.2448579045859331,0.18333333333333332,0.09969305180569553,0.025,0.18872692461055457,0.18872692461055457,1.0,0.65825,0.13341666666666666,0.18333333333333332,0.025,0.11069006671461373,0.11069006671461373,1.0,0.5802131421040592,0.14898323436581626,0.18935238771064614,0.08145123581947838,0.1497084956625841,0.1497084956625841,1.0,0.6192315710520295,0.14119995051624146,0.18634286052198973,0.05322561790973919,0.0,0.0,1.0,0.46952307538944554,0.185925968218926,0.2448579045859331,0.09969305180569553
192,0.1888102579438879,0.0,0.21952307538944546,101,46,0.0,0,0,190,0.46952307538944554,0.6583333333333333,0.185925968218926,0.13333333333333333,0.2448579045859331,0.18333333333333332,0.09969305180569553,0.025,0.18872692461055457,0.18872692461055457,1.0,0.65825,0.13341666666666666,0.18333333333333332,0.025,0.11069006671461373,0.11069006671461373,1.0,0.5802131421040592,0.14898323436581626,0.18935238771064614,0.08145123581947838,0.1497084956625841,0.1497084956625841,1.0,0.6192315710520295,0.14119995051624146,0.18634286052198973,0.05322561790973919,0.0,0.0,1.0,0.46952307538944554,0.185925968218926,0.2448579045859331,0.09969305180569553
193,0.1888102579438879,0.0,0.21952307538944546,121,46,0.0,0,0,190,0.46952307538944554,0.6583333333333333,0.185925968218926,0.13333333333333333,0.2448579045859331,0.18333333333333332,0.09969305180569553,0.025,0.18872692461055457,0.18872692461055457,1.0,0.65825,0.13341666666666666,0.18333333333333332,0.025,0.11069006671461373,0.11069006671461373,1.0,0.5802131421040592,0.14898323436581626,0.18935238771064614,0.08145123581947838,0.1497084956625841,0.1497084956625841,1.0,0.6192315710520295,0.14119995051624146,0.18634286052198973,0.05322561790973919,0.0,0.0,1.0,0.46952307538944554,0.185925968218926,0.2448579045859331,0.09969305180569553
194,0.1888102579438879,0.0,0.21952307538944546,101,46,0.0,0,0,190,0.46952307538944554,0.6583333333333333,0.185925968218926,0.13333333333333333,0.2448579045859331,0.18333333333333332,0.09969305180569553,0.025,0.18872692461055457,0.18872692461055457,1.0,0.65825,0.13341666666666666,0.18333333333333332,0.025,0.11069006671461373,0.11069006671461373,1.0,0.5802131421040592,0.14898323436581626,0.18935238771064614,0.08145123581947838,0.1497084956625841,0.1497084956625841,1.0,0.6192315710520295,0.14119995051624146,0.18634286052198973,0.05322561790973919,0.0,0.0,1.0,0.46952307538944554,0.185925968218926,0.2448579045859331,0.09969305180569553
195,0.19047692461055457,0.0,0.21952307538944546,106,46,0.0,0,0,190,0.46952307538944554,0.66,0.185925968218926,0.13166666666666665,0.2448579045859331,0.18333333333333332,0.09969305180569553,0.025,0.18872692461055457,0.18872692461055457,1.0,0.65825,0.13341666666666666,0.18333333333333332,0.025,0.11069006671461373,0.11069006671461373,1.0,0.5802131421040592,0.14898323436581626,0.18935238771064614,0.08145123581947838,0.1497084956625841,0.1497084956625841,1.0,0.6192315710520295,0.14119995051624146,0.18634286052198973,0.05322561790973919,0.0,0.0,1.0,0.46952307538944554,0.185925968218926,0.2448579045859331,0.09969305180569553
196,0.16214359127722122,0.0,0.21952307538944546,86,43,0.0,0,0,190,0.46952307538944554,0.6316666666666667,0.185925968218926,0.13666666666666666,0.2448579045859331,0.20333333333333334,0.09969305180569553,0.028333333333333332,0.18872692461055457,0.18872692461055457,1.0,0.65825,0.13341666666666666,0.18333333333333332,0.025,0.11069006671461373,0.11069006671461373,1.0,0.5802131421040592,0.14898323436581626,0.18935238771064614,0.08145123581947838,0.1497084956625841,0.1497084956625841,1.0,0.6192315710520295,0.14119995051624146,0.18634286052198973,0.05322561790973919,0.0,0.0,1.0,0.46952307538944554,0.185925968218926,0.2448579045859331,0.09969305180569553
197,0.17881025794388786,0.0,0.21952307538944546,105,40,0.0,0,0,190,0.46952307538944554,0.6483333333333333,0.185925968218926,0.14666666666666667,0.2448579045859331,0.17,0.09969305180569553,0.035,0.18872692461055457,0.18872692461055457,1.0,0.65825,0.13341666666666666,0.18333333333333332,0.025,0.11069006671461373,0.11069006671461373,1.0,0.5802131421040592,0.14898323436581626,0.18935238771064614,0.08145123581947838,0.1497084956625841,0.1497084956625841,1.0,0.6192315710520295,0.14119995051624146,0.18634286052198973,0.05322561790973919,0.0,0.0,1.0,0.46952307538944554,0.185925968218926,0.2448579045859331,0.09969305180569553
198,0.16381025794388787,0.0,0.21952307538944546,88,37,0.0,0,0,190,0.46952307538944554,0.6333333333333333,0.185925968218926,0.15,0.2448579045859331,0.185,0.09969305180569553,0.03166666666666667,0.18872692461055457,0.18872692461055457,1.0,0.65825,0.13341666666666666,0.18333333333333332,0.025,0.11069006671461373,0.11069006671461373,1.0,0.5802131421040592,0.14898323436581626,0.18935238771064614,0.08145123581947838,0.1497084956625841,0.1497084956625841,1.0,0.6192315710520295,0.14119995051624146,0.18634286052198973,0.05322561790973919,0.0,0.0,1.0,0.46952307538944554,0.185925968218926,0.2448579045859331,0.09969305180569553
199,0.11547692461055453,0.0,0.21952307538944546,97,33,0.0,0,0,190,0.46952307538944554,0.585,0.185925968218926,0.16,0.2448579045859331,0.22,0.09969305180569553,0.035,0.18872692461055457,0.18872692461055457,1.0,0.65825,0.13341666666666666,0.18333333333333332,0.025,0.11069006671461373,0.11069006671461373,1.0,0.5802131421040592,0.14898323436581626,0.18935238771064614,0.08145123581947838,0.1497084956625841,0.1497084956625841,1.0,0.6192315710520295,0.14119995051624146,0.18634286052198973,0.05322561790973919,0.0,0.0,1.0,0.46952307538944554,0.185925968218926,0.2448579045859331,0.09969305180569553
200,0.1188102579438879,0.0,0.21952307538944546,65,30,0.0,0,1,200,0.46952307538944554,0.5883333333333334,0.185925968218926,0.14333333333333334,0.2448579045859331,0.22,0.09969305180569553,0.04833333333333333,0.1786435912772212,0.1786435912772212,1.0,0.6481666666666667,0.13675,0.18741666666666668,0.027666666666666666,0.06384204824981164,0.06384204824981164,1.0,0.5141556992821381,0.15109818722936838,0.215843637325679,0.1189024761628145,0.1116381075849569,0.1116381075849569,1.0,0.5811611829744023,0.1439240936146842,0.20163015199617285,0.07328457141474058,0.0,0.0,1.0,0.46952307538944554,0.185925968218926,0.2448579045859331,0.09969305180569553
201,0.14047692461055453,0.0,0.21952307538944546,66,31,0.0,0,0,200,0.46952307538944554,0.61,0.185925968218926,0.14,0.2448579045859331,0.21,0.09969305180569553,0.04,0.1786435912772212,0.1786435912772212,1.0,0.6481666666666667,0.13675,0.18741666666666668,0.027666666666666666,0.06384204824981164,0.06384204824981164,1.0,0.5141556992821381,0.15109818722936838,0.215843637325679,0.1189024761628145,0.1116381075849569,0.1116381075849569,1.0,0.5811611829744023,0.1439240936146842,0.20163015199617285,0.07328457141474058,0.0,0.0,1.0,0.46952307538944554,0.185925968218926,0.2448579045859331,0.09969305180569553
202,0.1471435912772212,0.0,0.21952307538944546,68,33,0.0,0,0,200,0.46952307538944554,0.6166666666666667,0.185925968218926,0.13833333333333334,0.2448579045859331,0.20833333333333334,0.09969305180569553,0.03666666666666667,0.1786435912772212,0.1786435912772212,1.0,0.6481666666666667,0.13675,0.18741666666666668,0.027666666666666666,0.06384204824981164,0.06384204824981164,1.0,0.5141556992821381,0.15109818722936838,0.215843637325679,0.1189024761628145,0.1116381075849569,0.1116381075849569,1.0,0.5811611829744023,0.1439240936146842,0.20163015199617285,0.07328457141474058,0.0,0.0,1.0,0.46952307538944554,0.185925968218926,0.2448579045859331,0.09969305180569553
203,0.19047692461055457,0.0,0.21952307538944546,62,34,0.0,0,0,200,0.46952307538944554,0.66,0.185925968218926,0.14,0.2448579045859331,0.16166666666666665,0.09969305180569553,0.03833333333333333,0.1786435912772212,0.1786435912772212,1.0,0.6481666666666667,0.13675,0.18741666666666668,0.027666666666666666,0.06384204824981164,0.06384204824981164,1.0,0.5141556992821381,0.15109818722936838,0.215843637325679,0.1189024761628145,0.1116381075849569,0.1116381075849569,1.0,0.5811611829744023,0.1439240936146842,0.20163015199617285,0.07328457141474058,0.0,0.0,1.0,0.46952307538944554,0.185925968218926,0.2448579045859331,0.09969305180569553
204,0.18214359127722118,0.0,0.21952307538944546,70,36,0.0,0,0,200,0.46952307538944554,0.6516666666666666,0.185925968218926,0.14166666666666666,0.2448579045859331,0.17,0.09969305180569553,0.03666666666666667,0.1786435912772212,0.1786435912772212,1.0,0.6481666666666667,0.13675,0.18741666666666668,0.027666666666666666,0.06384204824981164,0.06384204824981164,1.0,0.5141556992821381,0.15109818722936838,0.215843637325679,0.1189024761628145,0.1116381075849569,0.1116381075849569,1.0,0.5811611829744023,0.1439240936146842,0.20163015199617285,0.07328457141474058,0.0,0.0,1.0,0.46952307538944554,0.185925968218926,0.2448579045859331,0.09969305180569553
205,0.18381025794388786,0.0,0.21952307538944546,81,39,0.0,0,0,200,0.46952307538944554,0.6533333333333333,0.185925968218926,0.14,0.2448579045859331,0.17,0.09969305180569553,0.03666666666666667,0.1786435912772212,0.1786435912772212,1.0,0.6481666666666667,0.13675,0.18741666666666668,0.027666666666666666,0.06384204824981164,0.06384204824981164,1.0,0.5141556992821381,0.15109818722936838,0.215843637325679,0.1189024761628145,0.1116381075849569,0.1116381075849569,1.0,0.5811611829744023,0.1439240936146842,0.20163015199617285,0.07328457141474058,0.0,0.0,1.0,0.46952307538944554,0.185925968218926,0.2448579045859331,0.09969305180569553
206,0.1838102579438879,0.0,0.21952307538944546,69,39,0.0,0,0,200,0.46952307538944554,0.6533333333333333,0.185925968218926,0.14,0.2448579045859331,0.17333333333333334,0.09969305180569553,0.03333333333333333,0.1786435912772212,0.1786435912772212,1.0,0.6481666666666667,0.13675,0.18741666666666668,0.027666666666666666,0.06384204824981164,0.06384204824981164,1.0,0.5141556992821381,0.15109818722936838,0.215843637325679,0.1189024761628145,0.1116381075849569,0.1116381075849569,1.0,0.5811611829744023,0.1439240936146842,0.20163015199617285,0.07328457141474058,0.0,0.0,1.0,0.46952307538944554,0.185925968218926,0.2448579045859331,0.09969305180569553
207,0.1838102579438879,0.0,0.21952307538944546,71,40,0.0,0,0,200,0.46952307538944554,0.6533333333333333,0.185925968218926,0.13833333333333334,0.2448579045859331,0.175,0.09969305180569553,0.03333333333333333,0.1786435912772212,0.1786435912772212,1.0,0.6481666666666667,0.13675,0.18741666666666668,0.027666666666666666,0.06384204824981164,0.06384204824981164,1.0,0.5141556992821381,0.15109818722936838,0.215843637325679,0.1189024761628145,0.1116381075849569,0.1116381075849569,1.0,0.5811611829744023,0.1439240936146842,0.20163015199617285,0.07328457141474058,0.0,0.0,1.0,0.46952307538944554,0.185925968218926,0.2448579045859331,0.09969305180569553
208,0.18214359127722118,0.0,0.21952307538944546,66,39,0.0,0,0,200,0.46952307538944554,0.6516666666666666,0.185925968218926,0.13833333333333334,0.2448579045859331,0.18166666666666667,0.09969305180569553,0.028333333333333332,0.1786435912772212,0.1786435912772212,1.0,0.6481666666666667,0.13675,0.18741666666666668,0.027666666666666666,0.06384204824981164,0.06384204824981164,1.0,0.5141556992821381,0.15109818722936838,0.215843637325679,0.1189024761628145,0.1116381075849569,0.1116381075849569,1.0,0.5811611829744023,0.1439240936146842,0.20163015199617285,0.07328457141474058,0.0,0.0,1.0,0.46952307538944554,0.185925968218926,0.2448579045859331,0.09969305180569553
209,0.1804769246105546,0.0,0.21952307538944546,69,39,0.0,0,0,200,0.46952307538944554,0.65,0.185925968218926,0.13833333333333334,0.2448579045859331,0.18333333333333332,0.09969305180569553,0.028333333333333332,0.1786435912772212,0.1786435912772212,1.0,0.6481666666666667,0.13675,0.18741666666666668,0.027666666666666666,0.06384204824981164,0.06384204824981164,1.0,0.5141556992821381,0.15109818722936838,0.215843637325679,0.1189024761628145,0.1116381075849569,0.1116381075849569,1.0,0.5811611829744023,0.1439240936146842,0.20163015199617285,0.07328457141474058,0.0,0.0,1.0,0.46952307538944554,0.185925968218926,0.2448579045859331,0.09969305180569553
210,0.17881025794388788,0.0,0.21952307538944546,78,39,0.0,0,1,210,0.46952307538944554,0.6483333333333333,0.185925968218926,0.13666666666666666,0.2448579045859331,0.18666666666666668,0.09969305180569553,0.028333333333333332,0.1718935912772212,0.1718935912772212,1.0,0.6414166666666666,0.13966666666666666,0.18675,0.03216666666666667,0.05096317006929899,0.05096317006929899,1.0,0.4747892981027735,0.15040618897788804,0.22941451375767197,0.14538999916166648,0.08857990699527465,0.08857990699527465,1.0,0.5581029823847201,0.14503642782227735,0.20808225687883597,0.08877833291416658,0.0,0.0,1.0,0.46952307538944554,0.185925968218926,0.2448579045859331,0.09969305180569553
211,0.17881025794388788,0.0,0.21952307538944546,65,40,0.0,0,0,210,0.46952307538944554,0.6483333333333333,0.185925968218926,0.13666666666666666,0.2448579045859331,0.18666666666666668,0.09969305180569553,0.028333333333333332,0.1718935912772212,0.1718935912772212,1.0,0.6414166666666666,0.13966666666666666,0.18675,0.03216666666666667,0.05096317006929899,0.05096317006929899,1.0,0.4747892981027735,0.15040618897788804,0.22941451375767197,0.14538999916166648,0.08857990699527465,0.08857990699527465,1.0,0.5581029823847201,0.14503642782227735,0.20808225687883597,0.08877833291416658,0.0,0.0,1.0,0.46952307538944554,0.185925968218926,0.2448579045859331,0.09969305180569553
212,0.17881025794388788,0.0,0.21952307538944546,65,41,0.0,0,0,210,0.46952307538944554,0.6483333333333333,0.185925968218926,0.13666666666666666,0.2448579045859331,0.185,0.09969305180569553,0.03,0.1718935912772212,0.1718935912772212,1.0,0.6414166666666666,0.13966666666666666,0.18675,0.03216666666666667,0.05096317006929899,0.05096317006929899,1.0,0.4747892981027735,0.15040618897788804,0.22941451375767197,0.14538999916166648,0.08857990699527465,0.08857990699527465,1.0,0.5581029823847201,0.14503642782227735,0.20808225687883597,0.08877833291416658,0.0,0.0,1.0,0.46952307538944554,0.185925968218926,0.2448579045859331,0.09969305180569553
213,0.17881025794388786,0.0,0.21952307538944546,53,39,0.0,0,0,210,0.46952307538944554,0.6483333333333333,0.185925968218926,0.13833333333333334,0.2448579045859331,0.18666666666666668,0.09969305180569553,0.02666666666666667,0.1718935912772212,0.1718935912772212,1.0,0.6414166666666666,0.13966666666666666,0.18675,0.03216666666666667,0.05096317006929899,0.05096317006929899,1.0,0.4747892981027735,0.15040618897788804,0.22941451375767197,0.14538999916166648,0.08857990699527465,0.08857990699527465,1.0,0.5581029823847201,0.14503642782227735,0.20808225687883597,0.08877833291416658,0.0,0.0,1.0,0.46952307538944554,0.185925968218926,0.2448579045859331,0.09969305180569553
214,0.17714359127722118,0.0,0.21952307538944546,73,41,0.0,0,0,210,0.46952307538944554,0.6466666666666666,0.185925968218926,0.13833333333333334,0.2448579045859331,0.18666666666666668,0.09969305180569553,0.028333333333333332,0.1718935912772212,0.1718935912772212,1.0,0.6414166666666666,0.13966666666666666,0.18675,0.03216666666666667,0.05096317006929899,0.05096317006929899,1.0,0.4747892981027735,0.15040618897788804,0.22941451375767197,0.14538999916166648,0.08857990699527465,0.08857990699527465,1.0,0.5581029823847201,0.14503642782227735,0.20808225687883597,0.08877833291416658,0.0,0.0,1.0,0.46952307538944554,0.185925968218926,0.2448579045859331,0.09969305180569553
215,0.17881025794388788,0.0,0.21952307538944546,63,41,0.0,0,0,210,0.46952307538944554,0.6483333333333333,0.185925968218926,0.14,0.2448579045859331,0.18333333333333332,0.09969305180569553,0.028333333333333332,0.1718935912772212,0.1718935912772212,1.0,0.6414166666666666,0.13966666666666666,0.18675,0.03216666666666667,0.05096317006929899,0.05096317006929899,1.0,0.4747892981027735,0.15040618897788804,0.22941451375767197,0.14538999916166648,0.08857990699527465,0.08857990699527465,1.0,0.5581029823847201,0.14503642782227735,0.20808225687883597,0.08877833291416658,0.0,0.0,1.0,0.46952307538944554,0.185925968218926,0.2448579045859331,0.09969305180569553
216,0.18214359127722118,0.0,0.21952307538944546,70,41,0.0,0,0,210,0.46952307538944554,0.6516666666666666,0.185925968218926,0.13833333333333334,0.2448579045859331,0.18166666666666667,0.09969305180569553,0.028333333333333332,0.1718935912772212,0.1718935912772212,1.0,0.6414166666666666,0.13966666666666666,0.18675,0.03216666666666667,0.05096317006929899,0.05096317006929899,1.0,0.4747892981027735,0.15040618897788804,0.22941451375767197,0.14538999916166648,0.08857990699527465,0.08857990699527465,1.0,0.5581029823847201,0.14503642782227735,0.20808225687883597,0.08877833291416658,0.0,0.0,1.0,0.46952307538944554,0.185925968218926,0.2448579045859331,0.09969305180569553
217,0.18214359127722118,0.0,0.21952307538944546,54,41,0.0,0,0,210,0.46952307538944554,0.6516666666666666,0.185925968218926,0.135,0.2448579045859331,0.185,0.09969305180569553,0.028333333333333332,0.1718935912772212,0.1718935912772212,1.0,0.6414166666666666,0.13966666666666666,0.18675,0.03216666666666667,0.05096317006929899,0.05096317006929899,1.0,0.4747892981027735,0.15040618897788804,0.22941451375767197,0.14538999916166648,0.08857990699527465,0.08857990699527465,1.0,0.5581029823847201,0.14503642782227735,0.20808225687883597,0.08877833291416658,0.0,0.0,1.0,0.46952307538944554,0.185925968218926,0.2448579045859331,0.09969305180569553
218,0.1804769246105546,0.0,0.21952307538944546,63,41,0.0,0,0,210,0.46952307538944554,0.65,0.185925968218926,0.13666666666666666,0.2448579045859331,0.185,0.09969305180569553,0.028333333333333332,0.1718935912772212,0.1718935912772212,1.0,0.6414166666666666,0.13966666666666666,0.18675,0.03216666666666667,0.05096317006929899,0.05096317006929899,1.0,0.4747892981027735,0.15040618897788804,0.22941451375767197,0.14538999916166648,0.08857990699527465,0.08857990699527465,1.0,0.5581029823847201,0.14503642782227735,0.20808225687883597,0.08877833291416658,0.0,0.0,1.0,0.46952307538944554,0.185925968218926,0.2448579045859331,0.09969305180569553
219,0.17714359127722118,0.0,0.21952307538944546,61,41,0.0,0,0,210,0.46952307538944554,0.6466666666666666,0.185925968218926,0.13666666666666666,0.2448579045859331,0.18833333333333332,0.09969305180569553,0.028333333333333332,0.1718935912772212,0.1718935912772212,1.0,0.6414166666666666,0.13966666666666666,0.18675,0.03216666666666667,0.05096317006929899,0.05096317006929899,1.0,0.4747892981027735,0.15040618897788804,0.22941451375767197,0.14538999916166648,0.08857990699527465,0.08857990699527465,1.0,0.5581029823847201,0.14503642782227735,0.20808225687883597,0.08877833291416658,0.0,0.0,1.0,0.46952307538944554,0.185925968218926,0.2448579045859331,0.09969305180569553
220,0.17881025794388788,0.0,0.21952307538944546,68,41,0.0,0,1,220,0.46952307538944554,0.6483333333333333,0.185925968218926,0.13666666666666666,0.2448579045859331,0.18666666666666668,0.09969305180569553,0.028333333333333332,0.17731025794388788,0.17731025794388788,1.0,0.6468333333333334,0.13825,0.18375,0.031166666666666665,0.07866830111666026,0.07866830111666026,1.0,0.47947577890300325,0.14864084178933654,0.31357350218903557,0.058309877118624655,0.09743532723730754,0.09743532723730754,1.0,0.5631545561181683,0.14344542089466827,0.24866175109451777,0.04473827189264566,0.0,0.0,1.0,0.46952307538944554,0.185925968218926,0.2448579045859331,0.09969305180569553
221,0.17714359127722118,0.0,0.21952307538944546,68,41,0.0,0,0,220,0.46952307538944554,0.6466666666666666,0.185925968218926,0.13666666666666666,0.2448579045859331,0.18833333333333332,0.09969305180569553,0.028333333333333332,0.17731025794388788,0.17731025794388788,1.0,0.6468333333333334,0.13825,0.18375,0.031166666666666665,0.07866830111666026,0.07866830111666026,1.0,0.47947577890300325,0.14864084178933654,0.31357350218903557,0.058309877118624655,0.09743532723730754,0.09743532723730754,1.0,0.5631545561181683,0.14344542089466827,0.24866175109451777,0.04473827189264566,0.0,0.0,1.0,0.46952307538944554,0.185925968218926,0.2448579045859331,0.09969305180569553
222,0.17881025794388788,0.0,0.21952307538944546,55,41,0.0,0,0,220,0.46952307538944554,0.6483333333333333,0.185925968218926,0.13666666666666666,0.2448579045859331,0.18666666666666668,0.09969305180569553,0.028333333333333332,0.17731025794388788,0.17731025794388788,1.0,0.6468333333333334,0.13825,0.18375,0.031166666666666665,0.07866830111666026,0.07866830111666026,1.0,0.47947577890300325,0.14864084178933654,0.31357350218903557,0.058309877118624655,0.09743532723730754,0.09743532723730754,1.0,0.5631545561181683,0.14344542089466827,0.24866175109451777,0.04473827189264566,0.0,0.0,1.0,0.46952307538944554,0.185925968218926,0.2448579045859331,0.09969305180569553
223,0.17881025794388788,0.0,0.21952307538944546,61,41,0.0,0,0,220,0.46952307538944554,0.6483333333333333,0.185925968218926,0.13666666666666666,0.2448579045859331,0.18666666666666668,0.09969305180569553,0.028333333333333332,0.17731025794388788,0.17731025794388788,1.0,0.6468333333333334,0.13825,0.18375,0.031166666666666665,0.07866830111666026,0.07866830111666026,1.0,0.47947577890300325,0.14864084178933654,0.31357350218903557,0.058309877118624655,0.09743532723730754,0.09743532723730754,1.0,0.5631545561181683,0.14344542089466827,0.24866175109451777,0.04473827189264566,0.0,0.0,1.0,0.46952307538944554,0.185925968218926,0.2448579045859331,0.09969305180569553
224,0.17881025794388788,0.0,0.21952307538944546,65,41,0.0,0,0,220,0.46952307538944554,0.6483333333333333,0.185925968218926,0.13666666666666666,0.2448579045859331,0.18666666666666668,0.09969305180569553,0.028333333333333332,0.17731025794388788,0.17731025794388788,1.0,0.6468333333333334,0.13825,0.18375,0.031166666666666665,0.07866830111666026,0.07866830111666026,1.0,0.47947577890300325,0.14864084178933654,0.31357350218903557,0.058309877118624655,0.09743532723730754,0.09743532723730754,1.0,0.5631545561181683,0.14344542089466827,0.24866175109451777,0.04473827189264566,0.0,0.0,1.0,0.46952307538944554,0.185925968218926,0.2448579045859331,0.09969305180569553
225,0.17881025794388788,0.0,0.21952307538944546,66,41,0.0,0,0,220,0.46952307538944554,0.6483333333333333,0.185925968218926,0.13666666666666666,0.2448579045859331,0.18666666666666668,0.09969305180569553,0.028333333333333332,0.17731025794388788,0.17731025794388788,1.0,0.6468333333333334,0.13825,0.18375,0.031166666666666665,0.07866830111666026,0.07866830111666026,1.0,0.47947577890300325,0.14864084178933654,0.31357350218903557,0.058309877118624655,0.09743532723730754,0.09743532723730754,1.0,0.5631545561181683,0.14344542089466827,0.24866175109451777,0.04473827189264566,0.0,0.0,1.0,0.46952307538944554,0.185925968218926,0.2448579045859331,0.09969305180569553
226,0.17881025794388788,0.0,0.21952307538944546,68,41,0.0,0,0,220,0.46952307538944554,0.6483333333333333,0.185925968218926,0.13666666666666666,0.2448579045859331,0.18666666666666668,0.09969305180569553,0.028333333333333332,0.17731025794388788,0.17731025794388788,1.0,0.6468333333333334,0.13825,0.18375,0.031166666666666665,0.07866830111666026,0.07866830111666026,1.0,0.47947577890300325,0.14864084178933654,0.31357350218903557,0.058309877118624655,0.09743532723730754,0.09743532723730754,1.0,0.5631545561181683,0.14344542089466827,0.24866175109451777,0.04473827189264566,0.0,0.0,1.0,0.46952307538944554,0.185925968218926,0.2448579045859331,0.09969305180569553
227,0.17881025794388788,0.0,0.21952307538944546,57,41,0.0,0,0,220,0.46952307538944554,0.6483333333333333,0.185925968218926,0.13666666666666666,0.2448579045859331,0.18666666666666668,0.09969305180569553,0.028333333333333332,0.17731025794388788,0.17731025794388788,1.0,0.6468333333333334,0.13825,0.18375,0.031166666666666665,0.07866830111666026,0.07866830111666026,1.0,0.47947577890300325,0.14864084178933654,0.31357350218903557,0.058309877118624655,0.09743532723730754,0.09743532723730754,1.0,0.5631545561181683,0.14344542089466827,0.24866175109451777,0.04473827189264566,0.0,0.0,1.0,0.46952307538944554,0.185925968218926,0.2448579045859331,0.09969305180569553
228,0.17881025794388788,0.0,0.21952307538944546,79,41,0.0,0,0,220,0.46952307538944554,0.6483333333333333,0.185925968218926,0.13666666666666666,0.2448579045859331,0.18666666666666668,0.09969305180569553,0.028333333333333332,0.17731025794388788,0.17731025794388788,1.0,0.6468333333333334,0.13825,0.18375,0.031166666666666665,0.07866830111666026,0.07866830111666026,1.0,0.47947577890300325,0.14864084178933654,0.31357350218903557,0.058309877118624655,0.09743532723730754,0.09743532723730754,1.0,0.5631545561181683,0.14344542089466827,0.24866175109451777,0.04473827189264566,0.0,0.0,1.0,0.46952307538944554,0.185925968218926,0.2448579045859331,0.09969305180569553
229,0.17881025794388788,0.0,0.21952307538944546,74,41,0.0,0,0,220,0.46952307538944554,0.6483333333333333,0.185925968218926,0.13666666666666666,0.2448579045859331,0.18666666666666668,0.09969305180569553,0.028333333333333332,0.17731025794388788,0.17731025794388788,1.0,0.6468333333333334,0.13825,0.18375,0.031166666666666665,0.07866830111666026,0.07866830111666026,1.0,0.47947577890300325,0.14864084178933654,0.31357350218903557,0.058309877118624655,0.09743532723730754,0.09743532723730754,1.0,0.5631545561181683,0.14344542089466827,0.24866175109451777,0.04473827189264566,0.0,0.0,1.0,0.46952307538944554,0.185925968218926,0.2448579045859331,0.09969305180569553
230,0.17881025794388788,0.0,0.21952307538944546,78,41,0.0,0,1,230,0.46952307538944554,0.6483333333333333,0.185925968218926,0.13666666666666666,0.2448579045859331,0.18666666666666668,0.09969305180569553,0.028333333333333332,0.17897692461055453,0.17897692461055453,1.0,0.6485,0.137,0.18616666666666667,0.028333333333333332,0.06268175823519037,0.06268175823519037,1.0,0.4844628573324063,0.23159663157127222,0.18217614635074264,0.10176436474557886,0.09695835327675767,0.09695835327675767,1.0,0.5664814286662031,0.1842983157856361,0.18417140650870467,0.0650488490394561,0.0,0.0,1.0,0.46952307538944554,0.185925968218926,0.2448579045859331,0.09969305180569553
231,0.17881025794388788,0.0,0.21952307538944546,77,41,0.0,0,0,230,0.46952307538944554,0.6483333333333333,0.185925968218926,0.13666666666666666,0.2448579045859331,0.18666666666666668,0.09969305180569553,0.028333333333333332,0.17897692461055453,0.17897692461055453,1.0,0.6485,0.137,0.18616666666666667,0.028333333333333332,0.06268175823519037,0.06268175823519037,1.0,0.4844628573324063,0.23159663157127222,0.18217614635074264,0.10176436474557886,0.09695835327675767,0.09695835327675767,1.0,0.5664814286662031,0.1842983157856361,0.18417140650870467,0.0650488490394561,0.0,0.0,1.0,0.46952307538944554,0.185925968218926,0.2448579045859331,0.09969305180569553
232,0.17714359127722118,0.0,0.21952307538944546,56,41,0.0,0,0,230,0.46952307538944554,0.6466666666666666,0.185925968218926,0.13666666666666666,0.2448579045859331,0.18833333333333332,0.09969305180569553,0.028333333333333332,0.17897692461055453,0.17897692461055453,1.0,0.6485,0.137,0.18616666666666667,0.028333333333333332,0.06268175823519037,0.06268175823519037,1.0,0.4844628573324063,0.23159663157127222,0.18217614635074264,0.10176436474557886,0.09695835327675767,0.09695835327675767,1.0,0.5664814286662031,0.1842983157856361,0.18417140650870467,0.0650488490394561,0.0,0.0,1.0,0.46952307538944554,0.185925968218926,0.2448579045859331,0.09969305180569553
233,0.17714359127722118,0.0,0.21952307538944546,60,41,0.0,0,0,230,0.46952307538944554,0.6466666666666666,0.185925968218926,0.135,0.2448579045859331,0.19,0.09969305180569553,0.028333333333333332,0.17897692461055453,0.17897692461055453,1.0,0.6485,0.137,0.18616666666666667,0.028333333333333332,0.06268175823519037,0.06268175823519037,1.0,0.4844628573324063,0.23159663157127222,0.18217614635074264,0.10176436474557886,0.09695835327675767,0.09695835327675767,1.0,0.5664814286662031,0.1842983157856361,0.18417140650870467,0.0650488490394561,0.0,0.0,1.0,0.46952307538944554,0.185925968218926,0.2448579045859331,0.09969305180569553
234,0.17714359127722118,0.0,0.21952307538944546,76,41,0.0,0,0,230,0.46952307538944554,0.6466666666666666,0.185925968218926,0.135,0.2448579045859331,0.19,0.09969305180569553,0.028333333333333332,0.17897692461055453,0.17897692461055453,1.0,0.6485,0.137,0.18616666666666667,0.028333333333333332,0.06268175823519037,0.06268175823519037,1.0,0.4844628573324063,0.23159663157127222,0.18217614635074264,0.10176436474557886,0.09695835327675767,0.09695835327675767,1.0,0.5664814286662031,0.1842983157856361,0.18417140650870467,0.0650488490394561,0.0,0.0,1.0,0.46952307538944554,0.185925968218926,0.2448579045859331,0.09969305180569553
235,0.17714359127722118,0.0,0.21952307538944546,83,41,0.0,0,0,230,0.46952307538944554,0.6466666666666666,0.185925968218926,0.135,0.2448579045859331,0.19,0.09969305180569553,0.028333333333333332,0.17897692461055453,0.17897692461055453,1.0,0.6485,0.137,0.18616666666666667,0.028333333333333332,0.06268175823519037,0.06268175823519037,1.0,0.4844628573324063,0.23159663157127222,0.18217614635074264,0.10176436474557886,0.09695835327675767,0.09695835327675767,1.0,0.5664814286662031,0.1842983157856361,0.18417140650870467,0.0650488490394561,0.0,0.0,1.0,0.46952307538944554,0.185925968218926,0.2448579045859331,0.09969305180569553
236,0.17714359127722118,0.0,0.21952307538944546,70,41,0.0,0,0,230,0.46952307538944554,0.6466666666666666,0.185925968218926,0.13666666666666666,0.2448579045859331,0.18666666666666668,0.09969305180569553,0.03,0.17897692461055453,0.17897692461055453,1.0,0.6485,0.137,0.18616666666666667,0.028333333333333332,0.06268175823519037,0.06268175823519037,1.0,0.4844628573324063,0.23159663157127222,0.18217614635074264,0.10176436474557886,0.09695835327675767,0.09695835327675767,1.0,0.5664814286662031,0.1842983157856361,0.18417140650870467,0.0650488490394561,0.0,0.0,1.0,0.46952307538944554,0.185925968218926,0.2448579045859331,0.09969305180569553
237,0.17714359127722118,0.0,0.21952307538944546,71,41,0.0,0,0,230,0.46952307538944554,0.6466666666666666,0.185925968218926,0.135,0.2448579045859331,0.18833333333333332,0.09969305180569553,0.03,0.17897692461055453,0.17897692461055453,1.0,0.6485,0.137,0.18616666666666667,0.028333333333333332,0.06268175823519037,0.06268175823519037,1.0,0.4844628573324063,0.23159663157127222,0.18217614635074264,0.10176436474557886,0.09695835327675767,0.09695835327675767,1.0,0.5664814286662031,0.1842983157856361,0.18417140650870467,0.0650488490394561,0.0,0.0,1.0,0.46952307538944554,0.185925968218926,0.2448579045859331,0.09969305180569553
238,0.17714359127722118,0.0,0.21952307538944546,67,41,0.0,0,0,230,0.46952307538944554,0.6466666666666666,0.185925968218926,0.135,0.2448579045859331,0.19,0.09969305180569553,0.028333333333333332,0.17897692461055453,0.17897692461055453,1.0,0.6485,0.137,0.18616666666666667,0.028333333333333332,0.06268175823519037,0.06268175823519037,1.0,0.4844628573324063,0.23159663157127222,0.18217614635074264,0.10176436474557886,0.09695835327675767,0.09695835327675767,1.0,0.5664814286662031,0.1842983157856361,0.18417140650870467,0.0650488490394561,0.0,0.0,1.0,0.46952307538944554,0.185925968218926,0.2448579045859331,0.09969305180569553
239,0.17547692461055453,0.0,0.21952307538944546,67,41,0.0,0,0,230,0.46952307538944554,0.645,0.185925968218926,0.135,0.2448579045859331,0.19166666666666668,0.09969305180569553,0.028333333333333332,0.17897692461055453,0.17897692461055453,1.0,0.6485,0.137,0.18616666666666667,0.028333333333333332,0.06268175823519037,0.06268175823519037,1.0,0.4844628573324063,0.23159663157127222,0.18217614635074264,0.10176436474557886,0.09695835327675767,0.09695835327675767,1.0,0.5664814286662031,0.1842983157856361,0.18417140650870467,0.0650488490394561,0.0,0.0,1.0,0.46952307538944554,0.185925968218926,0.2448579045859331,0.09969305180569553
