step,attention_error,preference_change,uniform_prior_error,interactions,pool_size,official_exposure_share,official_arrivals,observation_updated,last_observed_at,truth_0,attention_0,truth_1,attention_1,truth_2,attention_2,truth_3,attention_3,error_platform,initial_error_platform,top_accuracy_platform,estimate_platform_0,estimate_platform_1,estimate_platform_2,estimate_platform_3,error_survey,initial_error_survey,top_accuracy_survey,estimate_survey_0,estimate_survey_1,estimate_survey_2,estimate_survey_3,error_fused,initial_error_fused,top_accuracy_fused,estimate_fused_0,estimate_fused_1,estimate_fused_2,estimate_fused_3,error_oracle,initial_error_oracle,top_accuracy_oracle,estimate_oracle_0,estimate_oracle_1,estimate_oracle_2,estimate_oracle_3
0,0.07159462239093331,0.0,0.15098305172788193,73,28,0.0,0,1,0,0.14038127697814337,0.10666666666666667,0.29591100745214854,0.2633333333333333,0.20863567129397462,0.20333333333333334,0.3550720442757333,0.4266666666666667,0.07159462239093331,0.07159462239093331,1.0,0.10666666666666667,0.2633333333333333,0.20333333333333334,0.4266666666666667,0.11118500219434772,0.11118500219434772,1.0,0.15712822626722342,0.23544273830694837,0.15791893824482714,0.44951009718100104,0.08301633764810049,0.08301633764810049,1.0,0.13189744646694504,0.24938803582014085,0.18062613578908024,0.43808838192383387,0.0,0.0,1.0,0.14038127697814337,0.29591100745214854,0.20863567129397462,0.3550720442757333
1,0.19826128905759996,0.0,0.15098305172788193,111,26,0.0,0,0,0,0.14038127697814337,0.055,0.29591100745214854,0.2783333333333333,0.20863567129397462,0.11333333333333333,0.3550720442757333,0.5533333333333333,0.07159462239093331,0.07159462239093331,1.0,0.10666666666666667,0.2633333333333333,0.20333333333333334,0.4266666666666667,0.11118500219434772,0.11118500219434772,1.0,0.15712822626722342,0.23544273830694837,0.15791893824482714,0.44951009718100104,0.08301633764810049,0.08301633764810049,1.0,0.13189744646694504,0.24938803582014085,0.18062613578908024,0.43808838192383387,0.0,0.0,1.0,0.14038127697814337,0.29591100745214854,0.20863567129397462,0.3550720442757333
2,0.27326128905759994,0.0,0.15098305172788193,116,26,0.0,0,0,0,0.14038127697814337,0.043333333333333335,0.29591100745214854,0.23,0.20863567129397462,0.09833333333333333,0.3550720442757333,0.6283333333333333,0.07159462239093331,0.07159462239093331,1.0,0.10666666666666667,0.2633333333333333,0.20333333333333334,0.4266666666666667,0.11118500219434772,0.11118500219434772,1.0,0.15712822626722342,0.23544273830694837,0.15791893824482714,0.44951009718100104,0.08301633764810049,0.08301633764810049,1.0,0.13189744646694504,0.24938803582014085,0.18062613578908024,0.43808838192383387,0.0,0.0,1.0,0.14038127697814337,0.29591100745214854,0.20863567129397462,0.3550720442757333
3,0.29159462239093326,0.0,0.15098305172788193,133,26,0.0,0,0,0,0.14038127697814337,0.045,0.29591100745214854,0.21833333333333332,0.20863567129397462,0.09,0.3550720442757333,0.6466666666666666,0.07159462239093331,0.07159462239093331,1.0,0.10666666666666667,0.2633333333333333,0.20333333333333334,0.4266666666666667,0.11118500219434772,0.11118500219434772,1.0,0.15712822626722342,0.23544273830694837,0.15791893824482714,0.44951009718100104,0.08301633764810049,0.08301633764810049,1.0,0.13189744646694504,0.24938803582014085,0.18062613578908024,0.43808838192383387,0.0,0.0,1.0,0.14038127697814337,0.29591100745214854,0.20863567129397462,0.3550720442757333
4,0.3099279557242667,0.0,0.15098305172788193,109,26,0.0,0,0,0,0.14038127697814337,0.041666666666666664,0.29591100745214854,0.21333333333333335,0.20863567129397462,0.08,0.3550720442757333,0.665,0.07159462239093331,0.07159462239093331,1.0,0.10666666666666667,0.2633333333333333,0.20333333333333334,0.4266666666666667,0.11118500219434772,0.11118500219434772,1.0,0.15712822626722342,0.23544273830694837,0.15791893824482714,0.44951009718100104,0.08301633764810049,0.08301633764810049,1.0,0.13189744646694504,0.24938803582014085,0.18062613578908024,0.43808838192383387,0.0,0.0,1.0,0.14038127697814337,0.29591100745214854,0.20863567129397462,0.3550720442757333
5,0.3082612890576,0.0,0.15098305172788193,114,26,0.0,0,0,0,0.14038127697814337,0.04,0.29591100745214854,0.20666666666666667,0.20863567129397462,0.09,0.3550720442757333,0.6633333333333333,0.07159462239093331,0.07159462239093331,1.0,0.10666666666666667,0.2633333333333333,0.20333333333333334,0.4266666666666667,0.11118500219434772,0.11118500219434772,1.0,0.15712822626722342,0.23544273830694837,0.15791893824482714,0.44951009718100104,0.08301633764810049,0.08301633764810049,1.0,0.13189744646694504,0.24938803582014085,0.18062613578908024,0.43808838192383387,0.0,0.0,1.0,0.14038127697814337,0.29591100745214854,0.20863567129397462,0.3550720442757333
6,0.30326128905759997,0.0,0.15098305172788193,112,26,0.0,0,0,0,0.14038127697814337,0.03833333333333333,0.29591100745214854,0.20333333333333334,0.20863567129397462,0.1,0.3550720442757333,0.6583333333333333,0.07159462239093331,0.07159462239093331,1.0,0.10666666666666667,0.2633333333333333,0.20333333333333334,0.4266666666666667,0.11118500219434772,0.11118500219434772,1.0,0.15712822626722342,0.23544273830694837,0.15791893824482714,0.44951009718100104,0.08301633764810049,0.08301633764810049,1.0,0.13189744646694504,0.24938803582014085,0.18062613578908024,0.43808838192383387,0.0,0.0,1.0,0.14038127697814337,0.29591100745214854,0.20863567129397462,0.3550720442757333
7,0.30326128905759997,0.0,0.15098305172788193,105,26,0.0,0,0,0,0.14038127697814337,0.03833333333333333,0.29591100745214854,0.20333333333333334,0.20863567129397462,0.1,0.3550720442757333,0.6583333333333333,0.07159462239093331,0.07159462239093331,1.0,0.10666666666666667,0.2633333333333333,0.20333333333333334,0.4266666666666667,0.11118500219434772,0.11118500219434772,1.0,0.15712822626722342,0.23544273830694837,0.15791893824482714,0.44951009718100104,0.08301633764810049,0.08301633764810049,1.0,0.13189744646694504,0.24938803582014085,0.18062613578908024,0.43808838192383387,0.0,0.0,1.0,0.14038127697814337,0.29591100745214854,0.20863567129397462,0.3550720442757333
8,0.3099279557242667,0.0,0.15098305172788193,118,26,0.0,0,0,0,0.14038127697814337,0.035,0.29591100745214854,0.20166666666666666,0.20863567129397462,0.09833333333333333,0.3550720442757333,0.665,0.07159462239093331,0.07159462239093331,1.0,0.10666666666666667,0.2633333333333333,0.20333333333333334,0.4266666666666667,0.11118500219434772,0.11118500219434772,1.0,0.15712822626722342,0.23544273830694837,0.15791893824482714,0.44951009718100104,0.08301633764810049,0.08301633764810049,1.0,0.13189744646694504,0.24938803582014085,0.18062613578908024,0.43808838192383387,0.0,0.0,1.0,0.14038127697814337,0.29591100745214854,0.20863567129397462,0.3550720442757333
9,0.3132612890576,0.0,0.15098305172788193,121,26,0.0,0,0,0,0.14038127697814337,0.035,0.29591100745214854,0.19833333333333333,0.20863567129397462,0.09833333333333333,0.3550720442757333,0.6683333333333333,0.07159462239093331,0.07159462239093331,1.0,0.10666666666666667,0.2633333333333333,0.20333333333333334,0.4266666666666667,0.11118500219434772,0.11118500219434772,1.0,0.15712822626722342,0.23544273830694837,0.15791893824482714,0.44951009718100104,0.08301633764810049,0.08301633764810049,1.0,0.13189744646694504,0.24938803582014085,0.18062613578908024,0.43808838192383387,0.0,0.0,1.0,0.14038127697814337,0.29591100745214854,0.20863567129397462,0.3550720442757333
10,0.3165946223909333,0.0,0.15098305172788193,122,26,0.0,0,1,10,0.14038127697814337,0.03666666666666667,0.29591100745214854,0.19333333333333333,0.20863567129397462,0.09833333333333333,0.3550720442757333,0.6716666666666666,0.27265522845153933,0.27265522845153933,1.0,0.04681818181818182,0.2190909090909091,0.10636363636363637,0.6277272727272727,0.08035337923358365,0.08035337923358365,1.0,0.08900746641406683,0.2669314387826415,0.24028104270295658,0.403780052100335,0.16068161813807047,0.16068161813807047,1.0,0.06791282411612433,0.2430111739367753,0.17332233953329648,0.5157536624138038,0.0,0.0,1.0,0.14038127697814337,0.29591100745214854,0.20863567129397462,0.3550720442757333
11,0.3215946223909333,0.0,0.15098305172788193,133,26,0.0,0,0,10,0.14038127697814337,0.035,0.29591100745214854,0.19166666666666668,0.20863567129397462,0.09666666666666666,0.3550720442757333,0.6766666666666666,0.27265522845153933,0.27265522845153933,1.0,0.04681818181818182,0.2190909090909091,0.10636363636363637,0.6277272727272727,0.08035337923358365,0.08035337923358365,1.0,0.08900746641406683,0.2669314387826415,0.24028104270295658,0.403780052100335,0.16068161813807047,0.16068161813807047,1.0,0.06791282411612433,0.2430111739367753,0.17332233953329648,0.5157536624138038,0.0,0.0,1.0,0.14038127697814337,0.29591100745214854,0.20863567129397462,0.3550720442757333
12,0.31992795572426663,0.0,0.15098305172788193,127,26,0.0,0,0,10,0.14038127697814337,0.035,0.29591100745214854,0.19166666666666668,0.20863567129397462,0.09833333333333333,0.3550720442757333,0.675,0.27265522845153933,0.27265522845153933,1.0,0.04681818181818182,0.2190909090909091,0.10636363636363637,0.6277272727272727,0.08035337923358365,0.08035337923358365,1.0,0.08900746641406683,0.2669314387826415,0.24028104270295658,0.403780052100335,0.16068161813807047,0.16068161813807047,1.0,0.06791282411612433,0.2430111739367753,0.17332233953329648,0.5157536624138038,0.0,0.0,1.0,0.14038127697814337,0.29591100745214854,0.20863567129397462,0.3550720442757333
13,0.31492795572426663,0.0,0.15098305172788193,108,26,0.0,0,0,10,0.14038127697814337,0.03666666666666667,0.29591100745214854,0.19333333333333333,0.20863567129397462,0.1,0.3550720442757333,0.67,0.27265522845153933,0.27265522845153933,1.0,0.04681818181818182,0.2190909090909091,0.10636363636363637,0.6277272727272727,0.08035337923358365,0.08035337923358365,1.0,0.08900746641406683,0.2669314387826415,0.24028104270295658,0.403780052100335,0.16068161813807047,0.16068161813807047,1.0,0.06791282411612433,0.2430111739367753,0.17332233953329648,0.5157536624138038,0.0,0.0,1.0,0.14038127697814337,0.29591100745214854,0.20863567129397462,0.3550720442757333
14,0.3165946223909333,0.0,0.15098305172788193,108,26,0.0,0,0,10,0.14038127697814337,0.035,0.29591100745214854,0.19166666666666668,0.20863567129397462,0.10166666666666667,0.3550720442757333,0.6716666666666666,0.27265522845153933,0.27265522845153933,1.0,0.04681818181818182,0.2190909090909091,0.10636363636363637,0.6277272727272727,0.08035337923358365,0.08035337923358365,1.0,0.08900746641406683,0.2669314387826415,0.24028104270295658,0.403780052100335,0.16068161813807047,0.16068161813807047,1.0,0.06791282411612433,0.2430111739367753,0.17332233953329648,0.5157536624138038,0.0,0.0,1.0,0.14038127697814337,0.29591100745214854,0.20863567129397462,0.3550720442757333
15,0.3182612890576,0.0,0.15098305172788193,128,26,0.0,0,0,10,0.14038127697814337,0.035,0.29591100745214854,0.19,0.20863567129397462,0.10166666666666667,0.3550720442757333,0.6733333333333333,0.27265522845153933,0.27265522845153933,1.0,0.04681818181818182,0.2190909090909091,0.10636363636363637,0.6277272727272727,0.08035337923358365,0.08035337923358365,1.0,0.08900746641406683,0.2669314387826415,0.24028104270295658,0.403780052100335,0.16068161813807047,0.16068161813807047,1.0,0.06791282411612433,0.2430111739367753,0.17332233953329648,0.5157536624138038,0.0,0.0,1.0,0.14038127697814337,0.29591100745214854,0.20863567129397462,0.3550720442757333
16,0.31492795572426663,0.0,0.15098305172788193,114,26,0.0,0,0,10,0.14038127697814337,0.035,0.29591100745214854,0.19166666666666668,0.20863567129397462,0.10333333333333333,0.3550720442757333,0.67,0.27265522845153933,0.27265522845153933,1.0,0.04681818181818182,0.2190909090909091,0.10636363636363637,0.6277272727272727,0.08035337923358365,0.08035337923358365,1.0,0.08900746641406683,0.2669314387826415,0.24028104270295658,0.403780052100335,0.16068161813807047,0.16068161813807047,1.0,0.06791282411612433,0.2430111739367753,0.17332233953329648,0.5157536624138038,0.0,0.0,1.0,0.14038127697814337,0.29591100745214854,0.20863567129397462,0.3550720442757333
17,0.3165946223909333,0.0,0.15098305172788193,111,26,0.0,0,0,10,0.14038127697814337,0.03666666666666667,0.29591100745214854,0.18833333333333332,0.20863567129397462,0.10333333333333333,0.3550720442757333,0.6716666666666666,0.27265522845153933,0.27265522845153933,1.0,0.04681818181818182,0.2190909090909091,0.10636363636363637,0.6277272727272727,0.08035337923358365,0.08035337923358365,1.0,0.08900746641406683,0.2669314387826415,0.24028104270295658,0.403780052100335,0.16068161813807047,0.16068161813807047,1.0,0.06791282411612433,0.2430111739367753,0.17332233953329648,0.5157536624138038,0.0,0.0,1.0,0.14038127697814337,0.29591100745214854,0.20863567129397462,0.3550720442757333
18,0.3132612890576,0.0,0.15098305172788193,98,26,0.0,0,0,10,0.14038127697814337,0.03666666666666667,0.29591100745214854,0.19166666666666668,0.20863567129397462,0.10333333333333333,0.3550720442757333,0.6683333333333333,0.27265522845153933,0.27265522845153933,1.0,0.04681818181818182,0.2190909090909091,0.10636363636363637,0.6277272727272727,0.08035337923358365,0.08035337923358365,1.0,0.08900746641406683,0.2669314387826415,0.24028104270295658,0.403780052100335,0.16068161813807047,0.16068161813807047,1.0,0.06791282411612433,0.2430111739367753,0.17332233953329648,0.5157536624138038,0.0,0.0,1.0,0.14038127697814337,0.29591100745214854,0.20863567129397462,0.3550720442757333
19,0.3132612890576,0.0,0.15098305172788193,109,26,0.0,0,0,10,0.14038127697814337,0.035,0.29591100745214854,0.19166666666666668,0.20863567129397462,0.105,0.3550720442757333,0.6683333333333333,0.27265522845153933,0.27265522845153933,1.0,0.04681818181818182,0.2190909090909091,0.10636363636363637,0.6277272727272727,0.08035337923358365,0.08035337923358365,1.0,0.08900746641406683,0.2669314387826415,0.24028104270295658,0.403780052100335,0.16068161813807047,0.16068161813807047,1.0,0.06791282411612433,0.2430111739367753,0.17332233953329648,0.5157536624138038,0.0,0.0,1.0,0.14038127697814337,0.29591100745214854,0.20863567129397462,0.3550720442757333
20,0.3115946223909333,0.0,0.15098305172788193,130,26,0.0,0,1,20,0.14038127697814337,0.03666666666666667,0.29591100745214854,0.19,0.20863567129397462,0.10666666666666667,0.3550720442757333,0.6666666666666666,0.3044279557242666,0.3044279557242666,1.0,0.03825,0.20291666666666666,0.09933333333333333,0.6595,0.07874068541765633,0.07874068541765633,1.0,0.1135822260324414,0.3240515102362981,0.15669403682202032,0.40567222690924015,0.17751406917888668,0.17751406917888668,1.0,0.0759161130162207,0.26348408845148236,0.12801368507767683,0.53258611345462,0.0,0.0,1.0,0.14038127697814337,0.29591100745214854,0.20863567129397462,0.3550720442757333
21,0.3115946223909333,0.0,0.15098305172788193,123,26,0.0,0,0,20,0.14038127697814337,0.03666666666666667,0.29591100745214854,0.19,0.20863567129397462,0.10666666666666667,0.3550720442757333,0.6666666666666666,0.3044279557242666,0.3044279557242666,1.0,0.03825,0.20291666666666666,0.09933333333333333,0.6595,0.07874068541765633,0.07874068541765633,1.0,0.1135822260324414,0.3240515102362981,0.15669403682202032,0.40567222690924015,0.17751406917888668,0.17751406917888668,1.0,0.0759161130162207,0.26348408845148236,0.12801368507767683,0.53258611345462,0.0,0.0,1.0,0.14038127697814337,0.29591100745214854,0.20863567129397462,0.3550720442757333
22,0.3099279557242666,0.0,0.15098305172788193,118,26,0.0,0,0,20,0.14038127697814337,0.03666666666666667,0.29591100745214854,0.19166666666666668,0.20863567129397462,0.10666666666666667,0.3550720442757333,0.665,0.3044279557242666,0.3044279557242666,1.0,0.03825,0.20291666666666666,0.09933333333333333,0.6595,0.07874068541765633,0.07874068541765633,1.0,0.1135822260324414,0.3240515102362981,0.15669403682202032,0.40567222690924015,0.17751406917888668,0.17751406917888668,1.0,0.0759161130162207,0.26348408845148236,0.12801368507767683,0.53258611345462,0.0,0.0,1.0,0.14038127697814337,0.29591100745214854,0.20863567129397462,0.3550720442757333
23,0.3115946223909333,0.0,0.15098305172788193,132,26,0.0,0,0,20,0.14038127697814337,0.03666666666666667,0.29591100745214854,0.19,0.20863567129397462,0.10666666666666667,0.3550720442757333,0.6666666666666666,0.3044279557242666,0.3044279557242666,1.0,0.03825,0.20291666666666666,0.09933333333333333,0.6595,0.07874068541765633,0.07874068541765633,1.0,0.1135822260324414,0.3240515102362981,0.15669403682202032,0.40567222690924015,0.17751406917888668,0.17751406917888668,1.0,0.0759161130162207,0.26348408845148236,0.12801368507767683,0.53258611345462,0.0,0.0,1.0,0.14038127697814337,0.29591100745214854,0.20863567129397462,0.3550720442757333
24,0.3132612890576,0.0,0.15098305172788193,125,26,0.0,0,0,20,0.14038127697814337,0.035,0.29591100745214854,0.19166666666666668,0.20863567129397462,0.105,0.3550720442757333,0.6683333333333333,0.3044279557242666,0.3044279557242666,1.0,0.03825,0.20291666666666666,0.09933333333333333,0.6595,0.07874068541765633,0.07874068541765633,1.0,0.1135822260324414,0.3240515102362981,0.15669403682202032,0.40567222690924015,0.17751406917888668,0.17751406917888668,1.0,0.0759161130162207,0.26348408845148236,0.12801368507767683,0.53258611345462,0.0,0.0,1.0,0.14038127697814337,0.29591100745214854,0.20863567129397462,0.3550720442757333
25,0.31492795572426663,0.0,0.15098305172788193,119,26,0.0,0,0,20,0.14038127697814337,0.035,0.29591100745214854,0.19166666666666668,0.20863567129397462,0.10333333333333333,0.3550720442757333,0.67,0.3044279557242666,0.3044279557242666,1.0,0.03825,0.20291666666666666,0.09933333333333333,0.6595,0.07874068541765633,0.07874068541765633,1.0,0.1135822260324414,0.3240515102362981,0.15669403682202032,0.40567222690924015,0.17751406917888668,0.17751406917888668,1.0,0.0759161130162207,0.26348408845148236,0.12801368507767683,0.53258611345462,0.0,0.0,1.0,0.14038127697814337,0.29591100745214854,0.20863567129397462,0.3550720442757333
26,0.3115946223909333,0.0,0.15098305172788193,132,26,0.0,0,0,20,0.14038127697814337,0.03666666666666667,0.29591100745214854,0.19333333333333333,0.20863567129397462,0.10333333333333333,0.3550720442757333,0.6666666666666666,0.3044279557242666,0.3044279557242666,1.0,0.03825,0.20291666666666666,0.09933333333333333,0.6595,0.07874068541765633,0.07874068541765633,1.0,0.1135822260324414,0.3240515102362981,0.15669403682202032,0.40567222690924015,0.17751406917888668,0.17751406917888668,1.0,0.0759161130162207,0.26348408845148236,0.12801368507767683,0.53258611345462,0.0,0.0,1.0,0.14038127697814337,0.29591100745214854,0.20863567129397462,0.3550720442757333
27,0.3132612890576,0.0,0.15098305172788193,126,26,0.0,0,0,20,0.14038127697814337,0.03666666666666667,0.29591100745214854,0.19333333333333333,0.20863567129397462,0.10166666666666667,0.3550720442757333,0.6683333333333333,0.3044279557242666,0.3044279557242666,1.0,0.03825,0.20291666666666666,0.09933333333333333,0.6595,0.07874068541765633,0.07874068541765633,1.0,0.1135822260324414,0.3240515102362981,0.15669403682202032,0.40567222690924015,0.17751406917888668,0.17751406917888668,1.0,0.0759161130162207,0.26348408845148236,0.12801368507767683,0.53258611345462,0.0,0.0,1.0,0.14038127697814337,0.29591100745214854,0.20863567129397462,0.3550720442757333
28,0.3165946223909333,0.0,0.15098305172788193,118,26,0.0,0,0,20,0.14038127697814337,0.035,0.29591100745214854,0.19166666666666668,0.20863567129397462,0.10166666666666667,0.3550720442757333,0.6716666666666666,0.3044279557242666,0.3044279557242666,1.0,0.03825,0.20291666666666666,0.09933333333333333,0.6595,0.07874068541765633,0.07874068541765633,1.0,0.1135822260324414,0.3240515102362981,0.15669403682202032,0.40567222690924015,0.17751406917888668,0.17751406917888668,1.0,0.0759161130162207,0.26348408845148236,0.12801368507767683,0.53258611345462,0.0,0.0,1.0,0.14038127697814337,0.29591100745214854,0.20863567129397462,0.3550720442757333
29,0.31492795572426663,0.0,0.15098305172788193,101,26,0.0,0,0,20,0.14038127697814337,0.035,0.29591100745214854,0.19166666666666668,0.20863567129397462,0.10333333333333333,0.3550720442757333,0.67,0.3044279557242666,0.3044279557242666,1.0,0.03825,0.20291666666666666,0.09933333333333333,0.6595,0.07874068541765633,0.07874068541765633,1.0,0.1135822260324414,0.3240515102362981,0.15669403682202032,0.40567222690924015,0.17751406917888668,0.17751406917888668,1.0,0.0759161130162207,0.26348408845148236,0.12801368507767683,0.53258611345462,0.0,0.0,1.0,0.14038127697814337,0.29591100745214854,0.20863567129397462,0.3550720442757333
30,0.31492795572426663,0.0,0.15098305172788193,117,26,0.0,0,1,30,0.14038127697814337,0.035,0.29591100745214854,0.19166666666666668,0.20863567129397462,0.10333333333333333,0.3550720442757333,0.67,0.3146779557242666,0.3146779557242666,1.0,0.03575,0.19141666666666668,0.10308333333333333,0.66975,0.14440951640261968,0.14440951640261968,0.0,0.1373317243806836,0.35553598884491816,0.29342020630382476,0.21371208047057344,0.08665899595955331,0.08665899595955331,1.0,0.08654086219034181,0.27347632775579245,0.19825176981857906,0.4417310402352867,0.0,0.0,1.0,0.14038127697814337,0.29591100745214854,0.20863567129397462,0.3550720442757333
31,0.31492795572426663,0.0,0.15098305172788193,115,26,0.0,0,0,30,0.14038127697814337,0.035,0.29591100745214854,0.19166666666666668,0.20863567129397462,0.10333333333333333,0.3550720442757333,0.67,0.3146779557242666,0.3146779557242666,1.0,0.03575,0.19141666666666668,0.10308333333333333,0.66975,0.14440951640261968,0.14440951640261968,0.0,0.1373317243806836,0.35553598884491816,0.29342020630382476,0.21371208047057344,0.08665899595955331,0.08665899595955331,1.0,0.08654086219034181,0.27347632775579245,0.19825176981857906,0.4417310402352867,0.0,0.0,1.0,0.14038127697814337,0.29591100745214854,0.20863567129397462,0.3550720442757333
32,0.3132612890576,0.0,0.15098305172788193,112,26,0.0,0,0,30,0.14038127697814337,0.035,0.29591100745214854,0.195,0.20863567129397462,0.10166666666666667,0.3550720442757333,0.6683333333333333,0.3146779557242666,0.3146779557242666,1.0,0.03575,0.19141666666666668,0.10308333333333333,0.66975,0.14440951640261968,0.14440951640261968,0.0,0.1373317243806836,0.35553598884491816,0.29342020630382476,0.21371208047057344,0.08665899595955331,0.08665899595955331,1.0,0.08654086219034181,0.27347632775579245,0.19825176981857906,0.4417310402352867,0.0,0.0,1.0,0.14038127697814337,0.29591100745214854,0.20863567129397462,0.3550720442757333
33,0.3132612890576,0.0,0.15098305172788193,121,26,0.0,0,0,30,0.14038127697814337,0.035,0.29591100745214854,0.19666666666666666,0.20863567129397462,0.1,0.3550720442757333,0.6683333333333333,0.3146779557242666,0.3146779557242666,1.0,0.03575,0.19141666666666668,0.10308333333333333,0.66975,0.14440951640261968,0.14440951640261968,0.0,0.1373317243806836,0.35553598884491816,0.29342020630382476,0.21371208047057344,0.08665899595955331,0.08665899595955331,1.0,0.08654086219034181,0.27347632775579245,0.19825176981857906,0.4417310402352867,0.0,0.0,1.0,0.14038127697814337,0.29591100745214854,0.20863567129397462,0.3550720442757333
34,0.3132612890576,0.0,0.15098305172788193,107,26,0.0,0,0,30,0.14038127697814337,0.035,0.29591100745214854,0.19666666666666666,0.20863567129397462,0.1,0.3550720442757333,0.6683333333333333,0.3146779557242666,0.3146779557242666,1.0,0.03575,0.19141666666666668,0.10308333333333333,0.66975,0.14440951640261968,0.14440951640261968,0.0,0.1373317243806836,0.35553598884491816,0.29342020630382476,0.21371208047057344,0.08665899595955331,0.08665899595955331,1.0,0.08654086219034181,0.27347632775579245,0.19825176981857906,0.4417310402352867,0.0,0.0,1.0,0.14038127697814337,0.29591100745214854,0.20863567129397462,0.3550720442757333
35,0.3099279557242666,0.0,0.15098305172788193,124,26,0.0,0,0,30,0.14038127697814337,0.035,0.29591100745214854,0.19833333333333333,0.20863567129397462,0.10166666666666667,0.3550720442757333,0.665,0.3146779557242666,0.3146779557242666,1.0,0.03575,0.19141666666666668,0.10308333333333333,0.66975,0.14440951640261968,0.14440951640261968,0.0,0.1373317243806836,0.35553598884491816,0.29342020630382476,0.21371208047057344,0.08665899595955331,0.08665899595955331,1.0,0.08654086219034181,0.27347632775579245,0.19825176981857906,0.4417310402352867,0.0,0.0,1.0,0.14038127697814337,0.29591100745214854,0.20863567129397462,0.3550720442757333
36,0.3115946223909333,0.0,0.15098305172788193,121,26,0.0,0,0,30,0.14038127697814337,0.035,0.29591100745214854,0.19666666666666666,0.20863567129397462,0.10166666666666667,0.3550720442757333,0.6666666666666666,0.3146779557242666,0.3146779557242666,1.0,0.03575,0.19141666666666668,0.10308333333333333,0.66975,0.14440951640261968,0.14440951640261968,0.0,0.1373317243806836,0.35553598884491816,0.29342020630382476,0.21371208047057344,0.08665899595955331,0.08665899595955331,1.0,0.08654086219034181,0.27347632775579245,0.19825176981857906,0.4417310402352867,0.0,0.0,1.0,0.14038127697814337,0.29591100745214854,0.20863567129397462,0.3550720442757333
37,0.3099279557242667,0.0,0.15098305172788193,124,26,0.0,0,0,30,0.14038127697814337,0.035,0.29591100745214854,0.19666666666666666,0.20863567129397462,0.10333333333333333,0.3550720442757333,0.665,0.3146779557242666,0.3146779557242666,1.0,0.03575,0.19141666666666668,0.10308333333333333,0.66975,0.14440951640261968,0.14440951640261968,0.0,0.1373317243806836,0.35553598884491816,0.29342020630382476,0.21371208047057344,0.08665899595955331,0.08665899595955331,1.0,0.08654086219034181,0.27347632775579245,0.19825176981857906,0.4417310402352867,0.0,0.0,1.0,0.14038127697814337,0.29591100745214854,0.20863567129397462,0.3550720442757333
38,0.3099279557242667,0.0,0.15098305172788193,118,26,0.0,0,0,30,0.14038127697814337,0.035,0.29591100745214854,0.19666666666666666,0.20863567129397462,0.10333333333333333,0.3550720442757333,0.665,0.3146779557242666,0.3146779557242666,1.0,0.03575,0.19141666666666668,0.10308333333333333,0.66975,0.14440951640261968,0.14440951640261968,0.0,0.1373317243806836,0.35553598884491816,0.29342020630382476,0.21371208047057344,0.08665899595955331,0.08665899595955331,1.0,0.08654086219034181,0.27347632775579245,0.19825176981857906,0.4417310402352867,0.0,0.0,1.0,0.14038127697814337,0.29591100745214854,0.20863567129397462,0.3550720442757333
39,0.3099279557242667,0.0,0.15098305172788193,110,26,0.0,0,0,30,0.14038127697814337,0.035,0.29591100745214854,0.19666666666666666,0.20863567129397462,0.10333333333333333,0.3550720442757333,0.665,0.3146779557242666,0.3146779557242666,1.0,0.03575,0.19141666666666668,0.10308333333333333,0.66975,0.14440951640261968,0.14440951640261968,0.0,0.1373317243806836,0.35553598884491816,0.29342020630382476,0.21371208047057344,0.08665899595955331,0.08665899595955331,1.0,0.08654086219034181,0.27347632775579245,0.19825176981857906,0.4417310402352867,0.0,0.0,1.0,0.14038127697814337,0.29591100745214854,0.20863567129397462,0.3550720442757333
40,0.3115946223909333,0.0,0.15098305172788193,122,26,0.0,0,1,40,0.14038127697814337,0.035,0.29591100745214854,0.19666666666666666,0.20863567129397462,0.10166666666666667,0.3550720442757333,0.6666666666666666,0.31251128905759995,0.31251128905759995,1.0,0.035416666666666666,0.19391666666666665,0.10308333333333333,0.6675833333333333,0.06760662819646668,0.06760662819646668,0.0,0.12414061786858867,0.32618400089824345,0.24596930604434644,0.30370607518882137,0.13057265998534395,0.13057265998534395,1.0,0.07977864226762767,0.26005033378245507,0.1745263196888399,0.4856447042610773,0.0,0.0,1.0,0.14038127697814337,0.29591100745214854,0.20863567129397462,0.3550720442757333
41,0.3082612890576,0.0,0.15098305172788193,116,26,0.0,0,0,40,0.14038127697814337,0.03666666666666667,0.29591100745214854,0.19666666666666666,0.20863567129397462,0.10333333333333333,0.3550720442757333,0.6633333333333333,0.31251128905759995,0.31251128905759995,1.0,0.035416666666666666,0.19391666666666665,0.10308333333333333,0.6675833333333333,0.06760662819646668,0.06760662819646668,0.0,0.12414061786858867,0.32618400089824345,0.24596930604434644,0.30370607518882137,0.13057265998534395,0.13057265998534395,1.0,0.07977864226762767,0.26005033378245507,0.1745263196888399,0.4856447042610773,0.0,0.0,1.0,0.14038127697814337,0.29591100745214854,0.20863567129397462,0.3550720442757333
42,0.3082612890576,0.0,0.15098305172788193,107,26,0.0,0,0,40,0.14038127697814337,0.03666666666666667,0.29591100745214854,0.19666666666666666,0.20863567129397462,0.10333333333333333,0.3550720442757333,0.6633333333333333,0.31251128905759995,0.31251128905759995,1.0,0.035416666666666666,0.19391666666666665,0.10308333333333333,0.6675833333333333,0.06760662819646668,0.06760662819646668,0.0,0.12414061786858867,0.32618400089824345,0.24596930604434644,0.30370607518882137,0.13057265998534395,0.13057265998534395,1.0,0.07977864226762767,0.26005033378245507,0.1745263196888399,0.4856447042610773,0.0,0.0,1.0,0.14038127697814337,0.29591100745214854,0.20863567129397462,0.3550720442757333
43,0.3099279557242666,0.0,0.15098305172788193,129,26,0.0,0,0,40,0.14038127697814337,0.035,0.29591100745214854,0.195,0.20863567129397462,0.105,0.3550720442757333,0.665,0.31251128905759995,0.31251128905759995,1.0,0.035416666666666666,0.19391666666666665,0.10308333333333333,0.6675833333333333,0.06760662819646668,0.06760662819646668,0.0,0.12414061786858867,0.32618400089824345,0.24596930604434644,0.30370607518882137,0.13057265998534395,0.13057265998534395,1.0,0.07977864226762767,0.26005033378245507,0.1745263196888399,0.4856447042610773,0.0,0.0,1.0,0.14038127697814337,0.29591100745214854,0.20863567129397462,0.3550720442757333
44,0.3115946223909333,0.0,0.15098305172788193,128,26,0.0,0,0,40,0.14038127697814337,0.035,0.29591100745214854,0.19333333333333333,0.20863567129397462,0.105,0.3550720442757333,0.6666666666666666,0.31251128905759995,0.31251128905759995,1.0,0.035416666666666666,0.19391666666666665,0.10308333333333333,0.6675833333333333,0.06760662819646668,0.06760662819646668,0.0,0.12414061786858867,0.32618400089824345,0.24596930604434644,0.30370607518882137,0.13057265998534395,0.13057265998534395,1.0,0.07977864226762767,0.26005033378245507,0.1745263196888399,0.4856447042610773,0.0,0.0,1.0,0.14038127697814337,0.29591100745214854,0.20863567129397462,0.3550720442757333
45,0.3132612890576,0.0,0.15098305172788193,123,26,0.0,0,0,40,0.14038127697814337,0.035,0.29591100745214854,0.19333333333333333,0.20863567129397462,0.10333333333333333,0.3550720442757333,0.6683333333333333,0.31251128905759995,0.31251128905759995,1.0,0.035416666666666666,0.19391666666666665,0.10308333333333333,0.6675833333333333,0.06760662819646668,0.06760662819646668,0.0,0.12414061786858867,0.32618400089824345,0.24596930604434644,0.30370607518882137,0.13057265998534395,0.13057265998534395,1.0,0.07977864226762767,0.26005033378245507,0.1745263196888399,0.4856447042610773,0.0,0.0,1.0,0.14038127697814337,0.29591100745214854,0.20863567129397462,0.3550720442757333
46,0.3182612890576,0.0,0.15098305172788193,108,26,0.0,0,0,40,0.14038127697814337,0.035,0.29591100745214854,0.18833333333333332,0.20863567129397462,0.10333333333333333,0.3550720442757333,0.6733333333333333,0.31251128905759995,0.31251128905759995,1.0,0.035416666666666666,0.19391666666666665,0.10308333333333333,0.6675833333333333,0.06760662819646668,0.06760662819646668,0.0,0.12414061786858867,0.32618400089824345,0.24596930604434644,0.30370607518882137,0.13057265998534395,0.13057265998534395,1.0,0.07977864226762767,0.26005033378245507,0.1745263196888399,0.4856447042610773,0.0,0.0,1.0,0.14038127697814337,0.29591100745214854,0.20863567129397462,0.3550720442757333
47,0.3165946223909333,0.0,0.15098305172788193,119,26,0.0,0,0,40,0.14038127697814337,0.035,0.29591100745214854,0.19,0.20863567129397462,0.10333333333333333,0.3550720442757333,0.6716666666666666,0.31251128905759995,0.31251128905759995,1.0,0.035416666666666666,0.19391666666666665,0.10308333333333333,0.6675833333333333,0.06760662819646668,0.06760662819646668,0.0,0.12414061786858867,0.32618400089824345,0.24596930604434644,0.30370607518882137,0.13057265998534395,0.13057265998534395,1.0,0.07977864226762767,0.26005033378245507,0.1745263196888399,0.4856447042610773,0.0,0.0,1.0,0.14038127697814337,0.29591100745214854,0.20863567129397462,0.3550720442757333
48,0.3132612890576,0.0,0.15098305172788193,107,26,0.0,0,0,40,0.14038127697814337,0.035,0.29591100745214854,0.19166666666666668,0.20863567129397462,0.105,0.3550720442757333,0.6683333333333333,0.31251128905759995,0.31251128905759995,1.0,0.035416666666666666,0.19391666666666665,0.10308333333333333,0.6675833333333333,0.06760662819646668,0.06760662819646668,0.0,0.12414061786858867,0.32618400089824345,0.24596930604434644,0.30370607518882137,0.13057265998534395,0.13057265998534395,1.0,0.07977864226762767,0.26005033378245507,0.1745263196888399,0.4856447042610773,0.0,0.0,1.0,0.14038127697814337,0.29591100745214854,0.20863567129397462,0.3550720442757333
49,0.3165946223909333,0.0,0.15098305172788193,124,26,0.0,0,0,40,0.14038127697814337,0.035,0.29591100745214854,0.19,0.20863567129397462,0.10333333333333333,0.3550720442757333,0.6716666666666666,0.31251128905759995,0.31251128905759995,1.0,0.035416666666666666,0.19391666666666665,0.10308333333333333,0.6675833333333333,0.06760662819646668,0.06760662819646668,0.0,0.12414061786858867,0.32618400089824345,0.24596930604434644,0.30370607518882137,0.13057265998534395,0.13057265998534395,1.0,0.07977864226762767,0.26005033378245507,0.1745263196888399,0.4856447042610773,0.0,0.0,1.0,0.14038127697814337,0.29591100745214854,0.20863567129397462,0.3550720442757333
50,0.3182612890576,0.0,0.15098305172788193,107,26,0.0,0,1,50,0.14038127697814337,0.035,0.29591100745214854,0.18833333333333332,0.20863567129397462,0.10333333333333333,0.3550720442757333,0.6733333333333333,0.3125946223909333,0.3125946223909333,1.0,0.035166666666666666,0.19425,0.10291666666666667,0.6676666666666666,0.08554315708629377,0.08554315708629377,1.0,0.12835927459552718,0.2624020200353072,0.2941788283802685,0.31505987698889715,0.1362912275520485,0.1362912275520485,1.0,0.08176297063109692,0.22832601001765362,0.19854774752346757,0.4913632718277819,0.0,0.0,1.0,0.14038127697814337,0.29591100745214854,0.20863567129397462,0.3550720442757333
51,0.3215946223909333,0.0,0.15098305172788193,116,26,0.0,0,0,50,0.14038127697814337,0.035,0.29591100745214854,0.18833333333333332,0.20863567129397462,0.1,0.3550720442757333,0.6766666666666666,0.3125946223909333,0.3125946223909333,1.0,0.035166666666666666,0.19425,0.10291666666666667,0.6676666666666666,0.08554315708629377,0.08554315708629377,1.0,0.12835927459552718,0.2624020200353072,0.2941788283802685,0.31505987698889715,0.1362912275520485,0.1362912275520485,1.0,0.08176297063109692,0.22832601001765362,0.19854774752346757,0.4913632718277819,0.0,0.0,1.0,0.14038127697814337,0.29591100745214854,0.20863567129397462,0.3550720442757333
52,0.31992795572426663,0.0,0.15098305172788193,117,26,0.0,0,0,50,0.14038127697814337,0.035,0.29591100745214854,0.18833333333333332,0.20863567129397462,0.10166666666666667,0.3550720442757333,0.675,0.3125946223909333,0.3125946223909333,1.0,0.035166666666666666,0.19425,0.10291666666666667,0.6676666666666666,0.08554315708629377,0.08554315708629377,1.0,0.12835927459552718,0.2624020200353072,0.2941788283802685,0.31505987698889715,0.1362912275520485,0.1362912275520485,1.0,0.08176297063109692,0.22832601001765362,0.19854774752346757,0.4913632718277819,0.0,0.0,1.0,0.14038127697814337,0.29591100745214854,0.20863567129397462,0.3550720442757333
53,0.31992795572426663,0.0,0.15098305172788193,123,26,0.0,0,0,50,0.14038127697814337,0.035,0.29591100745214854,0.18833333333333332,0.20863567129397462,0.10166666666666667,0.3550720442757333,0.675,0.3125946223909333,0.3125946223909333,1.0,0.035166666666666666,0.19425,0.10291666666666667,0.6676666666666666,0.08554315708629377,0.08554315708629377,1.0,0.12835927459552718,0.2624020200353072,0.2941788283802685,0.31505987698889715,0.1362912275520485,0.1362912275520485,1.0,0.08176297063109692,0.22832601001765362,0.19854774752346757,0.4913632718277819,0.0,0.0,1.0,0.14038127697814337,0.29591100745214854,0.20863567129397462,0.3550720442757333
54,0.31992795572426663,0.0,0.15098305172788193,121,26,0.0,0,0,50,0.14038127697814337,0.035,0.29591100745214854,0.18833333333333332,0.20863567129397462,0.10166666666666667,0.3550720442757333,0.675,0.3125946223909333,0.3125946223909333,1.0,0.035166666666666666,0.19425,0.10291666666666667,0.6676666666666666,0.08554315708629377,0.08554315708629377,1.0,0.12835927459552718,0.2624020200353072,0.2941788283802685,0.31505987698889715,0.1362912275520485,0.1362912275520485,1.0,0.08176297063109692,0.22832601001765362,0.19854774752346757,0.4913632718277819,0.0,0.0,1.0,0.14038127697814337,0.29591100745214854,0.20863567129397462,0.3550720442757333
55,0.31992795572426663,0.0,0.15098305172788193,117,26,0.0,0,0,50,0.14038127697814337,0.035,0.29591100745214854,0.18666666666666668,0.20863567129397462,0.10333333333333333,0.3550720442757333,0.675,0.3125946223909333,0.3125946223909333,1.0,0.035166666666666666,0.19425,0.10291666666666667,0.6676666666666666,0.08554315708629377,0.08554315708629377,1.0,0.12835927459552718,0.2624020200353072,0.2941788283802685,0.31505987698889715,0.1362912275520485,0.1362912275520485,1.0,0.08176297063109692,0.22832601001765362,0.19854774752346757,0.4913632718277819,0.0,0.0,1.0,0.14038127697814337,0.29591100745214854,0.20863567129397462,0.3550720442757333
56,0.3182612890576,0.0,0.15098305172788193,116,26,0.0,0,0,50,0.14038127697814337,0.035,0.29591100745214854,0.18666666666666668,0.20863567129397462,0.105,0.3550720442757333,0.6733333333333333,0.3125946223909333,0.3125946223909333,1.0,0.035166666666666666,0.19425,0.10291666666666667,0.6676666666666666,0.08554315708629377,0.08554315708629377,1.0,0.12835927459552718,0.2624020200353072,0.2941788283802685,0.31505987698889715,0.1362912275520485,0.1362912275520485,1.0,0.08176297063109692,0.22832601001765362,0.19854774752346757,0.4913632718277819,0.0,0.0,1.0,0.14038127697814337,0.29591100745214854,0.20863567129397462,0.3550720442757333
57,0.31992795572426663,0.0,0.15098305172788193,120,26,0.0,0,0,50,0.14038127697814337,0.035,0.29591100745214854,0.18666666666666668,0.20863567129397462,0.10333333333333333,0.3550720442757333,0.675,0.3125946223909333,0.3125946223909333,1.0,0.035166666666666666,0.19425,0.10291666666666667,0.6676666666666666,0.08554315708629377,0.08554315708629377,1.0,0.12835927459552718,0.2624020200353072,0.2941788283802685,0.31505987698889715,0.1362912275520485,0.1362912275520485,1.0,0.08176297063109692,0.22832601001765362,0.19854774752346757,0.4913632718277819,0.0,0.0,1.0,0.14038127697814337,0.29591100745214854,0.20863567129397462,0.3550720442757333
58,0.3182612890576,0.0,0.15098305172788193,131,26,0.0,0,0,50,0.14038127697814337,0.035,0.29591100745214854,0.19,0.20863567129397462,0.10166666666666667,0.3550720442757333,0.6733333333333333,0.3125946223909333,0.3125946223909333,1.0,0.035166666666666666,0.19425,0.10291666666666667,0.6676666666666666,0.08554315708629377,0.08554315708629377,1.0,0.12835927459552718,0.2624020200353072,0.2941788283802685,0.31505987698889715,0.1362912275520485,0.1362912275520485,1.0,0.08176297063109692,0.22832601001765362,0.19854774752346757,0.4913632718277819,0.0,0.0,1.0,0.14038127697814337,0.29591100745214854,0.20863567129397462,0.3550720442757333
59,0.3215946223909333,0.0,0.15098305172788193,126,26,0.0,0,0,50,0.14038127697814337,0.035,0.29591100745214854,0.18833333333333332,0.20863567129397462,0.1,0.3550720442757333,0.6766666666666666,0.3125946223909333,0.3125946223909333,1.0,0.035166666666666666,0.19425,0.10291666666666667,0.6676666666666666,0.08554315708629377,0.08554315708629377,1.0,0.12835927459552718,0.2624020200353072,0.2941788283802685,0.31505987698889715,0.1362912275520485,0.1362912275520485,1.0,0.08176297063109692,0.22832601001765362,0.19854774752346757,0.4913632718277819,0.0,0.0,1.0,0.14038127697814337,0.29591100745214854,0.20863567129397462,0.3550720442757333
60,0.3115946223909333,0.0,0.15098305172788193,131,26,0.0,0,1,60,0.14038127697814337,0.035,0.29591100745214854,0.19666666666666666,0.20863567129397462,0.10166666666666667,0.3550720442757333,0.6666666666666666,0.3162612890576,0.3162612890576,1.0,0.035166666666666666,0.19058333333333333,0.10291666666666667,0.6713333333333333,0.026119400789403835,0.026119400789403835,1.0,0.142521243845483,0.31310606820572895,0.21542004446245847,0.3289526434863295,0.14507094413409805,0.14507094413409805,1.0,0.08884395525607483,0.25184470076953114,0.15916835556456257,0.5001429884098314,0.0,0.0,1.0,0.14038127697814337,0.29591100745214854,0.20863567129397462,0.3550720442757333
61,0.3099279557242667,0.0,0.15098305172788193,129,26,0.0,0,0,60,0.14038127697814337,0.035,0.29591100745214854,0.19666666666666666,0.20863567129397462,0.10333333333333333,0.3550720442757333,0.665,0.3162612890576,0.3162612890576,1.0,0.035166666666666666,0.19058333333333333,0.10291666666666667,0.6713333333333333,0.026119400789403835,0.026119400789403835,1.0,0.142521243845483,0.31310606820572895,0.21542004446245847,0.3289526434863295,0.14507094413409805,0.14507094413409805,1.0,0.08884395525607483,0.25184470076953114,0.15916835556456257,0.5001429884098314,0.0,0.0,1.0,0.14038127697814337,0.29591100745214854,0.20863567129397462,0.3550720442757333
62,0.3132612890576,0.0,0.15098305172788193,119,26,0.0,0,0,60,0.14038127697814337,0.035,0.29591100745214854,0.19666666666666666,0.20863567129397462,0.1,0.3550720442757333,0.6683333333333333,0.3162612890576,0.3162612890576,1.0,0.035166666666666666,0.19058333333333333,0.10291666666666667,0.6713333333333333,0.026119400789403835,0.026119400789403835,1.0,0.142521243845483,0.31310606820572895,0.21542004446245847,0.3289526434863295,0.14507094413409805,0.14507094413409805,1.0,0.08884395525607483,0.25184470076953114,0.15916835556456257,0.5001429884098314,0.0,0.0,1.0,0.14038127697814337,0.29591100745214854,0.20863567129397462,0.3550720442757333
63,0.3165946223909333,0.0,0.15098305172788193,116,26,0.0,0,0,60,0.14038127697814337,0.035,0.29591100745214854,0.195,0.20863567129397462,0.09833333333333333,0.3550720442757333,0.6716666666666666,0.3162612890576,0.3162612890576,1.0,0.035166666666666666,0.19058333333333333,0.10291666666666667,0.6713333333333333,0.026119400789403835,0.026119400789403835,1.0,0.142521243845483,0.31310606820572895,0.21542004446245847,0.3289526434863295,0.14507094413409805,0.14507094413409805,1.0,0.08884395525607483,0.25184470076953114,0.15916835556456257,0.5001429884098314,0.0,0.0,1.0,0.14038127697814337,0.29591100745214854,0.20863567129397462,0.3550720442757333
64,0.3182612890576,0.0,0.15098305172788193,120,26,0.0,0,0,60,0.14038127697814337,0.035,0.29591100745214854,0.19333333333333333,0.20863567129397462,0.09833333333333333,0.3550720442757333,0.6733333333333333,0.3162612890576,0.3162612890576,1.0,0.035166666666666666,0.19058333333333333,0.10291666666666667,0.6713333333333333,0.026119400789403835,0.026119400789403835,1.0,0.142521243845483,0.31310606820572895,0.21542004446245847,0.3289526434863295,0.14507094413409805,0.14507094413409805,1.0,0.08884395525607483,0.25184470076953114,0.15916835556456257,0.5001429884098314,0.0,0.0,1.0,0.14038127697814337,0.29591100745214854,0.20863567129397462,0.3550720442757333
65,0.3182612890576,0.0,0.15098305172788193,117,26,0.0,0,0,60,0.14038127697814337,0.035,0.29591100745214854,0.19333333333333333,0.20863567129397462,0.09833333333333333,0.3550720442757333,0.6733333333333333,0.3162612890576,0.3162612890576,1.0,0.035166666666666666,0.19058333333333333,0.10291666666666667,0.6713333333333333,0.026119400789403835,0.026119400789403835,1.0,0.142521243845483,0.31310606820572895,0.21542004446245847,0.3289526434863295,0.14507094413409805,0.14507094413409805,1.0,0.08884395525607483,0.25184470076953114,0.15916835556456257,0.5001429884098314,0.0,0.0,1.0,0.14038127697814337,0.29591100745214854,0.20863567129397462,0.3550720442757333
66,0.3215946223909333,0.0,0.15098305172788193,104,26,0.0,0,0,60,0.14038127697814337,0.035,0.29591100745214854,0.19,0.20863567129397462,0.09833333333333333,0.3550720442757333,0.6766666666666666,0.3162612890576,0.3162612890576,1.0,0.035166666666666666,0.19058333333333333,0.10291666666666667,0.6713333333333333,0.026119400789403835,0.026119400789403835,1.0,0.142521243845483,0.31310606820572895,0.21542004446245847,0.3289526434863295,0.14507094413409805,0.14507094413409805,1.0,0.08884395525607483,0.25184470076953114,0.15916835556456257,0.5001429884098314,0.0,0.0,1.0,0.14038127697814337,0.29591100745214854,0.20863567129397462,0.3550720442757333
67,0.3182612890576,0.0,0.15098305172788193,130,26,0.0,0,0,60,0.14038127697814337,0.035,0.29591100745214854,0.19,0.20863567129397462,0.10166666666666667,0.3550720442757333,0.6733333333333333,0.3162612890576,0.3162612890576,1.0,0.035166666666666666,0.19058333333333333,0.10291666666666667,0.6713333333333333,0.026119400789403835,0.026119400789403835,1.0,0.142521243845483,0.31310606820572895,0.21542004446245847,0.3289526434863295,0.14507094413409805,0.14507094413409805,1.0,0.08884395525607483,0.25184470076953114,0.15916835556456257,0.5001429884098314,0.0,0.0,1.0,0.14038127697814337,0.29591100745214854,0.20863567129397462,0.3550720442757333
68,0.3232612890576,0.0,0.15098305172788193,111,26,0.0,0,0,60,0.14038127697814337,0.035,0.29591100745214854,0.18833333333333332,0.20863567129397462,0.09833333333333333,0.3550720442757333,0.6783333333333333,0.3162612890576,0.3162612890576,1.0,0.035166666666666666,0.19058333333333333,0.10291666666666667,0.6713333333333333,0.026119400789403835,0.026119400789403835,1.0,0.142521243845483,0.31310606820572895,0.21542004446245847,0.3289526434863295,0.14507094413409805,0.14507094413409805,1.0,0.08884395525607483,0.25184470076953114,0.15916835556456257,0.5001429884098314,0.0,0.0,1.0,0.14038127697814337,0.29591100745214854,0.20863567129397462,0.3550720442757333
69,0.3182612890576,0.0,0.15098305172788193,104,26,0.0,0,0,60,0.14038127697814337,0.03666666666666667,0.29591100745214854,0.18833333333333332,0.20863567129397462,0.10166666666666667,0.3550720442757333,0.6733333333333333,0.3162612890576,0.3162612890576,1.0,0.035166666666666666,0.19058333333333333,0.10291666666666667,0.6713333333333333,0.026119400789403835,0.026119400789403835,1.0,0.142521243845483,0.31310606820572895,0.21542004446245847,0.3289526434863295,0.14507094413409805,0.14507094413409805,1.0,0.08884395525607483,0.25184470076953114,0.15916835556456257,0.5001429884098314,0.0,0.0,1.0,0.14038127697814337,0.29591100745214854,0.20863567129397462,0.3550720442757333
70,0.31992795572426663,0.0,0.15098305172788193,107,26,0.0,0,1,70,0.14038127697814337,0.035,0.29591100745214854,0.18833333333333332,0.20863567129397462,0.10166666666666667,0.3550720442757333,0.675,0.31842795572426663,0.31842795572426663,1.0,0.035083333333333334,0.19041666666666668,0.101,0.6735,0.08151618273376057,0.08151618273376057,1.0,0.19052751602876647,0.28167967605046673,0.24000561497711217,0.2877871929436546,0.12557155219609392,0.12557155219609392,1.0,0.1128054246810499,0.2360481713585667,0.1705028074885561,0.4806435964718273,0.0,0.0,1.0,0.14038127697814337,0.29591100745214854,0.20863567129397462,0.3550720442757333
71,0.31992795572426663,0.0,0.15098305172788193,114,26,0.0,0,0,70,0.14038127697814337,0.035,0.29591100745214854,0.19,0.20863567129397462,0.1,0.3550720442757333,0.675,0.31842795572426663,0.31842795572426663,1.0,0.035083333333333334,0.19041666666666668,0.101,0.6735,0.08151618273376057,0.08151618273376057,1.0,0.19052751602876647,0.28167967605046673,0.24000561497711217,0.2877871929436546,0.12557155219609392,0.12557155219609392,1.0,0.1128054246810499,0.2360481713585667,0.1705028074885561,0.4806435964718273,0.0,0.0,1.0,0.14038127697814337,0.29591100745214854,0.20863567129397462,0.3550720442757333
72,0.3182612890576,0.0,0.15098305172788193,122,26,0.0,0,0,70,0.14038127697814337,0.035,0.29591100745214854,0.19333333333333333,0.20863567129397462,0.09833333333333333,0.3550720442757333,0.6733333333333333,0.31842795572426663,0.31842795572426663,1.0,0.035083333333333334,0.19041666666666668,0.101,0.6735,0.08151618273376057,0.08151618273376057,1.0,0.19052751602876647,0.28167967605046673,0.24000561497711217,0.2877871929436546,0.12557155219609392,0.12557155219609392,1.0,0.1128054246810499,0.2360481713585667,0.1705028074885561,0.4806435964718273,0.0,0.0,1.0,0.14038127697814337,0.29591100745214854,0.20863567129397462,0.3550720442757333
73,0.3182612890576,0.0,0.15098305172788193,127,26,0.0,0,0,70,0.14038127697814337,0.035,0.29591100745214854,0.19333333333333333,0.20863567129397462,0.09833333333333333,0.3550720442757333,0.6733333333333333,0.31842795572426663,0.31842795572426663,1.0,0.035083333333333334,0.19041666666666668,0.101,0.6735,0.08151618273376057,0.08151618273376057,1.0,0.19052751602876647,0.28167967605046673,0.24000561497711217,0.2877871929436546,0.12557155219609392,0.12557155219609392,1.0,0.1128054246810499,0.2360481713585667,0.1705028074885561,0.4806435964718273,0.0,0.0,1.0,0.14038127697814337,0.29591100745214854,0.20863567129397462,0.3550720442757333
74,0.31992795572426663,0.0,0.15098305172788193,137,26,0.0,0,0,70,0.14038127697814337,0.035,0.29591100745214854,0.19166666666666668,0.20863567129397462,0.09833333333333333,0.3550720442757333,0.675,0.31842795572426663,0.31842795572426663,1.0,0.035083333333333334,0.19041666666666668,0.101,0.6735,0.08151618273376057,0.08151618273376057,1.0,0.19052751602876647,0.28167967605046673,0.24000561497711217,0.2877871929436546,0.12557155219609392,0.12557155219609392,1.0,0.1128054246810499,0.2360481713585667,0.1705028074885561,0.4806435964718273,0.0,0.0,1.0,0.14038127697814337,0.29591100745214854,0.20863567129397462,0.3550720442757333
75,0.3165946223909333,0.0,0.15098305172788193,122,26,0.0,0,0,70,0.14038127697814337,0.035,0.29591100745214854,0.19166666666666668,0.20863567129397462,0.10166666666666667,0.3550720442757333,0.6716666666666666,0.31842795572426663,0.31842795572426663,1.0,0.035083333333333334,0.19041666666666668,0.101,0.6735,0.08151618273376057,0.08151618273376057,1.0,0.19052751602876647,0.28167967605046673,0.24000561497711217,0.2877871929436546,0.12557155219609392,0.12557155219609392,1.0,0.1128054246810499,0.2360481713585667,0.1705028074885561,0.4806435964718273,0.0,0.0,1.0,0.14038127697814337,0.29591100745214854,0.20863567129397462,0.3550720442757333
76,0.3165946223909333,0.0,0.15098305172788193,101,26,0.0,0,0,70,0.14038127697814337,0.035,0.29591100745214854,0.19166666666666668,0.20863567129397462,0.10166666666666667,0.3550720442757333,0.6716666666666666,0.31842795572426663,0.31842795572426663,1.0,0.035083333333333334,0.19041666666666668,0.101,0.6735,0.08151618273376057,0.08151618273376057,1.0,0.19052751602876647,0.28167967605046673,0.24000561497711217,0.2877871929436546,0.12557155219609392,0.12557155219609392,1.0,0.1128054246810499,0.2360481713585667,0.1705028074885561,0.4806435964718273,0.0,0.0,1.0,0.14038127697814337,0.29591100745214854,0.20863567129397462,0.3550720442757333
77,0.3182612890576,0.0,0.15098305172788193,120,26,0.0,0,0,70,0.14038127697814337,0.035,0.29591100745214854,0.19,0.20863567129397462,0.10166666666666667,0.3550720442757333,0.6733333333333333,0.31842795572426663,0.31842795572426663,1.0,0.035083333333333334,0.19041666666666668,0.101,0.6735,0.08151618273376057,0.08151618273376057,1.0,0.19052751602876647,0.28167967605046673,0.24000561497711217,0.2877871929436546,0.12557155219609392,0.12557155219609392,1.0,0.1128054246810499,0.2360481713585667,0.1705028074885561,0.4806435964718273,0.0,0.0,1.0,0.14038127697814337,0.29591100745214854,0.20863567129397462,0.3550720442757333
78,0.31992795572426663,0.0,0.15098305172788193,118,26,0.0,0,0,70,0.14038127697814337,0.035,0.29591100745214854,0.18833333333333332,0.20863567129397462,0.10166666666666667,0.3550720442757333,0.675,0.31842795572426663,0.31842795572426663,1.0,0.035083333333333334,0.19041666666666668,0.101,0.6735,0.08151618273376057,0.08151618273376057,1.0,0.19052751602876647,0.28167967605046673,0.24000561497711217,0.2877871929436546,0.12557155219609392,0.12557155219609392,1.0,0.1128054246810499,0.2360481713585667,0.1705028074885561,0.4806435964718273,0.0,0.0,1.0,0.14038127697814337,0.29591100745214854,0.20863567129397462,0.3550720442757333
79,0.31992795572426663,0.0,0.15098305172788193,122,26,0.0,0,0,70,0.14038127697814337,0.035,0.29591100745214854,0.18833333333333332,0.20863567129397462,0.10166666666666667,0.3550720442757333,0.675,0.31842795572426663,0.31842795572426663,1.0,0.035083333333333334,0.19041666666666668,0.101,0.6735,0.08151618273376057,0.08151618273376057,1.0,0.19052751602876647,0.28167967605046673,0.24000561497711217,0.2877871929436546,0.12557155219609392,0.12557155219609392,1.0,0.1128054246810499,0.2360481713585667,0.1705028074885561,0.4806435964718273,0.0,0.0,1.0,0.14038127697814337,0.29591100745214854,0.20863567129397462,0.3550720442757333
80,0.3182612890576,0.0,0.15098305172788193,110,26,0.0,0,1,80,0.14038127697814337,0.035,0.29591100745214854,0.19,0.20863567129397462,0.10166666666666667,0.3550720442757333,0.6733333333333333,0.31817795572426666,0.31817795572426666,1.0,0.035083333333333334,0.19141666666666668,0.10025,0.67325,0.09582231212958733,0.09582231212958733,0.0,0.13815682135227242,0.2798946263388762,0.304457983423562,0.27749056888528933,0.12029824016691129,0.12029824016691129,1.0,0.08662007734280287,0.23565564650277143,0.202353991711781,0.4753702844426447,0.0,0.0,1.0,0.14038127697814337,0.29591100745214854,0.20863567129397462,0.3550720442757333
81,0.3182612890576,0.0,0.15098305172788193,118,26,0.0,0,0,80,0.14038127697814337,0.035,0.29591100745214854,0.19,0.20863567129397462,0.10166666666666667,0.3550720442757333,0.6733333333333333,0.31817795572426666,0.31817795572426666,1.0,0.035083333333333334,0.19141666666666668,0.10025,0.67325,0.09582231212958733,0.09582231212958733,0.0,0.13815682135227242,0.2798946263388762,0.304457983423562,0.27749056888528933,0.12029824016691129,0.12029824016691129,1.0,0.08662007734280287,0.23565564650277143,0.202353991711781,0.4753702844426447,0.0,0.0,1.0,0.14038127697814337,0.29591100745214854,0.20863567129397462,0.3550720442757333
82,0.3165946223909333,0.0,0.15098305172788193,98,26,0.0,0,0,80,0.14038127697814337,0.035,0.29591100745214854,0.19166666666666668,0.20863567129397462,0.10166666666666667,0.3550720442757333,0.6716666666666666,0.31817795572426666,0.31817795572426666,1.0,0.035083333333333334,0.19141666666666668,0.10025,0.67325,0.09582231212958733,0.09582231212958733,0.0,0.13815682135227242,0.2798946263388762,0.304457983423562,0.27749056888528933,0.12029824016691129,0.12029824016691129,1.0,0.08662007734280287,0.23565564650277143,0.202353991711781,0.4753702844426447,0.0,0.0,1.0,0.14038127697814337,0.29591100745214854,0.20863567129397462,0.3550720442757333
83,0.3182612890576,0.0,0.15098305172788193,134,26,0.0,0,0,80,0.14038127697814337,0.035,0.29591100745214854,0.19,0.20863567129397462,0.10166666666666667,0.3550720442757333,0.6733333333333333,0.31817795572426666,0.31817795572426666,1.0,0.035083333333333334,0.19141666666666668,0.10025,0.67325,0.09582231212958733,0.09582231212958733,0.0,0.13815682135227242,0.2798946263388762,0.304457983423562,0.27749056888528933,0.12029824016691129,0.12029824016691129,1.0,0.08662007734280287,0.23565564650277143,0.202353991711781,0.4753702844426447,0.0,0.0,1.0,0.14038127697814337,0.29591100745214854,0.20863567129397462,0.3550720442757333
84,0.31992795572426663,0.0,0.15098305172788193,121,26,0.0,0,0,80,0.14038127697814337,0.035,0.29591100745214854,0.19,0.20863567129397462,0.1,0.3550720442757333,0.675,0.31817795572426666,0.31817795572426666,1.0,0.035083333333333334,0.19141666666666668,0.10025,0.67325,0.09582231212958733,0.09582231212958733,0.0,0.13815682135227242,0.2798946263388762,0.304457983423562,0.27749056888528933,0.12029824016691129,0.12029824016691129,1.0,0.08662007734280287,0.23565564650277143,0.202353991711781,0.4753702844426447,0.0,0.0,1.0,0.14038127697814337,0.29591100745214854,0.20863567129397462,0.3550720442757333
85,0.3182612890576,0.0,0.15098305172788193,114,26,0.0,0,0,80,0.14038127697814337,0.03666666666666667,0.29591100745214854,0.19,0.20863567129397462,0.1,0.3550720442757333,0.6733333333333333,0.31817795572426666,0.31817795572426666,1.0,0.035083333333333334,0.19141666666666668,0.10025,0.67325,0.09582231212958733,0.09582231212958733,0.0,0.13815682135227242,0.2798946263388762,0.304457983423562,0.27749056888528933,0.12029824016691129,0.12029824016691129,1.0,0.08662007734280287,0.23565564650277143,0.202353991711781,0.4753702844426447,0.0,0.0,1.0,0.14038127697814337,0.29591100745214854,0.20863567129397462,0.3550720442757333
86,0.3215946223909333,0.0,0.15098305172788193,127,26,0.0,0,0,80,0.14038127697814337,0.035,0.29591100745214854,0.19,0.20863567129397462,0.09833333333333333,0.3550720442757333,0.6766666666666666,0.31817795572426666,0.31817795572426666,1.0,0.035083333333333334,0.19141666666666668,0.10025,0.67325,0.09582231212958733,0.09582231212958733,0.0,0.13815682135227242,0.2798946263388762,0.304457983423562,0.27749056888528933,0.12029824016691129,0.12029824016691129,1.0,0.08662007734280287,0.23565564650277143,0.202353991711781,0.4753702844426447,0.0,0.0,1.0,0.14038127697814337,0.29591100745214854,0.20863567129397462,0.3550720442757333
87,0.31992795572426663,0.0,0.15098305172788193,121,26,0.0,0,0,80,0.14038127697814337,0.035,0.29591100745214854,0.19166666666666668,0.20863567129397462,0.09833333333333333,0.3550720442757333,0.675,0.31817795572426666,0.31817795572426666,1.0,0.035083333333333334,0.19141666666666668,0.10025,0.67325,0.09582231212958733,0.09582231212958733,0.0,0.13815682135227242,0.2798946263388762,0.304457983423562,0.27749056888528933,0.12029824016691129,0.12029824016691129,1.0,0.08662007734280287,0.23565564650277143,0.202353991711781,0.4753702844426447,0.0,0.0,1.0,0.14038127697814337,0.29591100745214854,0.20863567129397462,0.3550720442757333
88,0.3165946223909333,0.0,0.15098305172788193,110,26,0.0,0,0,80,0.14038127697814337,0.03666666666666667,0.29591100745214854,0.19166666666666668,0.20863567129397462,0.1,0.3550720442757333,0.6716666666666666,0.31817795572426666,0.31817795572426666,1.0,0.035083333333333334,0.19141666666666668,0.10025,0.67325,0.09582231212958733,0.09582231212958733,0.0,0.13815682135227242,0.2798946263388762,0.304457983423562,0.27749056888528933,0.12029824016691129,0.12029824016691129,1.0,0.08662007734280287,0.23565564650277143,0.202353991711781,0.4753702844426447,0.0,0.0,1.0,0.14038127697814337,0.29591100745214854,0.20863567129397462,0.3550720442757333
89,0.31992795572426663,0.0,0.15098305172788193,107,26,0.0,0,0,80,0.14038127697814337,0.035,0.29591100745214854,0.19,0.20863567129397462,0.1,0.3550720442757333,0.675,0.31817795572426666,0.31817795572426666,1.0,0.035083333333333334,0.19141666666666668,0.10025,0.67325,0.09582231212958733,0.09582231212958733,0.0,0.13815682135227242,0.2798946263388762,0.304457983423562,0.27749056888528933,0.12029824016691129,0.12029824016691129,1.0,0.08662007734280287,0.23565564650277143,0.202353991711781,0.4753702844426447,0.0,0.0,1.0,0.14038127697814337,0.29591100745214854,0.20863567129397462,0.3550720442757333
90,0.31992795572426663,0.0,0.15098305172788193,132,22,0.0,0,1,90,0.14038127697814337,0.035,0.29591100745214854,0.19,0.20863567129397462,0.1,0.3550720442757333,0.675,0.31876128905759993,0.31876128905759993,1.0,0.035166666666666666,0.19066666666666668,0.10033333333333333,0.6738333333333333,0.0787099146090108,0.0787099146090108,1.0,0.062146562731242784,0.36239219315962784,0.2081604709318645,0.3673007731772649,0.1654950089795657,0.1654950089795657,1.0,0.04865661469895473,0.2765294299131473,0.1542469021325989,0.5205670532552991,0.0,0.0,1.0,0.14038127697814337,0.29591100745214854,0.20863567129397462,0.3550720442757333
91,0.31992795572426663,0.0,0.15098305172788193,109,22,0.0,0,0,90,0.14038127697814337,0.035,0.29591100745214854,0.19,0.20863567129397462,0.1,0.3550720442757333,0.675,0.31876128905759993,0.31876128905759993,1.0,0.035166666666666666,0.19066666666666668,0.10033333333333333,0.6738333333333333,0.0787099146090108,0.0787099146090108,1.0,0.062146562731242784,0.36239219315962784,0.2081604709318645,0.3673007731772649,0.1654950089795657,0.1654950089795657,1.0,0.04865661469895473,0.2765294299131473,0.1542469021325989,0.5205670532552991,0.0,0.0,1.0,0.14038127697814337,0.29591100745214854,0.20863567129397462,0.3550720442757333
92,0.31992795572426663,0.0,0.15098305172788193,121,22,0.0,0,0,90,0.14038127697814337,0.035,0.29591100745214854,0.19,0.20863567129397462,0.1,0.3550720442757333,0.675,0.31876128905759993,0.31876128905759993,1.0,0.035166666666666666,0.19066666666666668,0.10033333333333333,0.6738333333333333,0.0787099146090108,0.0787099146090108,1.0,0.062146562731242784,0.36239219315962784,0.2081604709318645,0.3673007731772649,0.1654950089795657,0.1654950089795657,1.0,0.04865661469895473,0.2765294299131473,0.1542469021325989,0.5205670532552991,0.0,0.0,1.0,0.14038127697814337,0.29591100745214854,0.20863567129397462,0.3550720442757333
93,0.3215946223909333,0.0,0.15098305172788193,122,22,0.0,0,0,90,0.14038127697814337,0.035,0.29591100745214854,0.18833333333333332,0.20863567129397462,0.1,0.3550720442757333,0.6766666666666666,0.31876128905759993,0.31876128905759993,1.0,0.035166666666666666,0.19066666666666668,0.10033333333333333,0.6738333333333333,0.0787099146090108,0.0787099146090108,1.0,0.062146562731242784,0.36239219315962784,0.2081604709318645,0.3673007731772649,0.1654950089795657,0.1654950089795657,1.0,0.04865661469895473,0.2765294299131473,0.1542469021325989,0.5205670532552991,0.0,0.0,1.0,0.14038127697814337,0.29591100745214854,0.20863567129397462,0.3550720442757333
94,0.3199279557242667,0.0,0.15098305172788193,110,22,0.0,0,0,90,0.14038127697814337,0.03833333333333333,0.29591100745214854,0.18833333333333332,0.20863567129397462,0.09833333333333333,0.3550720442757333,0.675,0.31876128905759993,0.31876128905759993,1.0,0.035166666666666666,0.19066666666666668,0.10033333333333333,0.6738333333333333,0.0787099146090108,0.0787099146090108,1.0,0.062146562731242784,0.36239219315962784,0.2081604709318645,0.3673007731772649,0.1654950089795657,0.1654950089795657,1.0,0.04865661469895473,0.2765294299131473,0.1542469021325989,0.5205670532552991,0.0,0.0,1.0,0.14038127697814337,0.29591100745214854,0.20863567129397462,0.3550720442757333
95,0.31992795572426663,0.0,0.15098305172788193,126,22,0.0,0,0,90,0.14038127697814337,0.03833333333333333,0.29591100745214854,0.18666666666666668,0.20863567129397462,0.1,0.3550720442757333,0.675,0.31876128905759993,0.31876128905759993,1.0,0.035166666666666666,0.19066666666666668,0.10033333333333333,0.6738333333333333,0.0787099146090108,0.0787099146090108,1.0,0.062146562731242784,0.36239219315962784,0.2081604709318645,0.3673007731772649,0.1654950089795657,0.1654950089795657,1.0,0.04865661469895473,0.2765294299131473,0.1542469021325989,0.5205670532552991,0.0,0.0,1.0,0.14038127697814337,0.29591100745214854,0.20863567129397462,0.3550720442757333
96,0.3182612890576,0.0,0.15098305172788193,121,22,0.0,0,0,90,0.14038127697814337,0.03833333333333333,0.29591100745214854,0.18833333333333332,0.20863567129397462,0.1,0.3550720442757333,0.6733333333333333,0.31876128905759993,0.31876128905759993,1.0,0.035166666666666666,0.19066666666666668,0.10033333333333333,0.6738333333333333,0.0787099146090108,0.0787099146090108,1.0,0.062146562731242784,0.36239219315962784,0.2081604709318645,0.3673007731772649,0.1654950089795657,0.1654950089795657,1.0,0.04865661469895473,0.2765294299131473,0.1542469021325989,0.5205670532552991,0.0,0.0,1.0,0.14038127697814337,0.29591100745214854,0.20863567129397462,0.3550720442757333
97,0.3165946223909333,0.0,0.15098305172788193,121,22,0.0,0,0,90,0.14038127697814337,0.03833333333333333,0.29591100745214854,0.18833333333333332,0.20863567129397462,0.10166666666666667,0.3550720442757333,0.6716666666666666,0.31876128905759993,0.31876128905759993,1.0,0.035166666666666666,0.19066666666666668,0.10033333333333333,0.6738333333333333,0.0787099146090108,0.0787099146090108,1.0,0.062146562731242784,0.36239219315962784,0.2081604709318645,0.3673007731772649,0.1654950089795657,0.1654950089795657,1.0,0.04865661469895473,0.2765294299131473,0.1542469021325989,0.5205670532552991,0.0,0.0,1.0,0.14038127697814337,0.29591100745214854,0.20863567129397462,0.3550720442757333
98,0.3165946223909333,0.0,0.15098305172788193,119,22,0.0,0,0,90,0.14038127697814337,0.03833333333333333,0.29591100745214854,0.18833333333333332,0.20863567129397462,0.10166666666666667,0.3550720442757333,0.6716666666666666,0.31876128905759993,0.31876128905759993,1.0,0.035166666666666666,0.19066666666666668,0.10033333333333333,0.6738333333333333,0.0787099146090108,0.0787099146090108,1.0,0.062146562731242784,0.36239219315962784,0.2081604709318645,0.3673007731772649,0.1654950089795657,0.1654950089795657,1.0,0.04865661469895473,0.2765294299131473,0.1542469021325989,0.5205670532552991,0.0,0.0,1.0,0.14038127697814337,0.29591100745214854,0.20863567129397462,0.3550720442757333
99,0.3165946223909333,0.0,0.15098305172788193,95,22,0.0,0,0,90,0.14038127697814337,0.03833333333333333,0.29591100745214854,0.18833333333333332,0.20863567129397462,0.10166666666666667,0.3550720442757333,0.6716666666666666,0.31876128905759993,0.31876128905759993,1.0,0.035166666666666666,0.19066666666666668,0.10033333333333333,0.6738333333333333,0.0787099146090108,0.0787099146090108,1.0,0.062146562731242784,0.36239219315962784,0.2081604709318645,0.3673007731772649,0.1654950089795657,0.1654950089795657,1.0,0.04865661469895473,0.2765294299131473,0.1542469021325989,0.5205670532552991,0.0,0.0,1.0,0.14038127697814337,0.29591100745214854,0.20863567129397462,0.3550720442757333
100,0.313707715569708,0.0,0.15098305172788193,90,4,0.0,0,1,100,0.14038127697814337,0.25,0.29591100745214854,0.5,0.20863567129397462,0.0,0.3550720442757333,0.25,0.3017461375424485,0.3017461375424485,1.0,0.044865319865319865,0.2021043771043771,0.09621212121212121,0.6568181818181819,0.10379873367851937,0.10379873367851937,1.0,0.19314645409120482,0.2626541531337395,0.25966922785943264,0.28453016491562305,0.11560212909116904,0.11560212909116904,1.0,0.11900588697826234,0.23237926511905832,0.17794067453577692,0.4706741733669024,0.0,0.0,1.0,0.14038127697814337,0.29591100745214854,0.20863567129397462,0.3550720442757333
101,0.20037438223637466,0.0,0.15098305172788193,106,8,0.0,0,0,100,0.14038127697814337,0.24,0.29591100745214854,0.39666666666666667,0.20863567129397462,0.05333333333333334,0.3550720442757333,0.31,0.3017461375424485,0.3017461375424485,1.0,0.044865319865319865,0.2021043771043771,0.09621212121212121,0.6568181818181819,0.10379873367851937,0.10379873367851937,1.0,0.19314645409120482,0.2626541531337395,0.25966922785943264,0.28453016491562305,0.11560212909116904,0.11560212909116904,1.0,0.11900588697826234,0.23237926511905832,0.17794067453577692,0.4706741733669024,0.0,0.0,1.0,0.14038127697814337,0.29591100745214854,0.20863567129397462,0.3550720442757333
102,0.14196900462730802,0.0,0.15098305172788193,113,12,0.0,0,0,100,0.14038127697814337,0.18,0.29591100745214854,0.38333333333333336,0.20863567129397462,0.06666666666666667,0.3550720442757333,0.37,0.3017461375424485,0.3017461375424485,1.0,0.044865319865319865,0.2021043771043771,0.09621212121212121,0.6568181818181819,0.10379873367851937,0.10379873367851937,1.0,0.19314645409120482,0.2626541531337395,0.25966922785943264,0.28453016491562305,0.11560212909116904,0.11560212909116904,1.0,0.11900588697826234,0.23237926511905832,0.17794067453577692,0.4706741733669024,0.0,0.0,1.0,0.14038127697814337,0.29591100745214854,0.20863567129397462,0.3550720442757333
103,0.15235028160545142,0.0,0.15098305172788193,147,14,0.0,0,0,100,0.14038127697814337,0.125,0.29591100745214854,0.4,0.20863567129397462,0.07166666666666667,0.3550720442757333,0.4033333333333333,0.3017461375424485,0.3017461375424485,1.0,0.044865319865319865,0.2021043771043771,0.09621212121212121,0.6568181818181819,0.10379873367851937,0.10379873367851937,1.0,0.19314645409120482,0.2626541531337395,0.25966922785943264,0.28453016491562305,0.11560212909116904,0.11560212909116904,1.0,0.11900588697826234,0.23237926511905832,0.17794067453577692,0.4706741733669024,0.0,0.0,1.0,0.14038127697814337,0.29591100745214854,0.20863567129397462,0.3550720442757333
104,0.16901694827211808,0.0,0.15098305172788193,126,15,0.0,0,0,100,0.14038127697814337,0.09833333333333333,0.29591100745214854,0.40166666666666667,0.20863567129397462,0.08166666666666667,0.3550720442757333,0.41833333333333333,0.3017461375424485,0.3017461375424485,1.0,0.044865319865319865,0.2021043771043771,0.09621212121212121,0.6568181818181819,0.10379873367851937,0.10379873367851937,1.0,0.19314645409120482,0.2626541531337395,0.25966922785943264,0.28453016491562305,0.11560212909116904,0.11560212909116904,1.0,0.11900588697826234,0.23237926511905832,0.17794067453577692,0.4706741733669024,0.0,0.0,1.0,0.14038127697814337,0.29591100745214854,0.20863567129397462,0.3550720442757333
105,0.17735028160545138,0.0,0.15098305172788193,116,15,0.0,0,0,100,0.14038127697814337,0.08833333333333333,0.29591100745214854,0.41,0.20863567129397462,0.08333333333333333,0.3550720442757333,0.41833333333333333,0.3017461375424485,0.3017461375424485,1.0,0.044865319865319865,0.2021043771043771,0.09621212121212121,0.6568181818181819,0.10379873367851937,0.10379873367851937,1.0,0.19314645409120482,0.2626541531337395,0.25966922785943264,0.28453016491562305,0.11560212909116904,0.11560212909116904,1.0,0.11900588697826234,0.23237926511905832,0.17794067453577692,0.4706741733669024,0.0,0.0,1.0,0.14038127697814337,0.29591100745214854,0.20863567129397462,0.3550720442757333
106,0.19401694827211807,0.0,0.15098305172788193,131,16,0.0,0,0,100,0.14038127697814337,0.07166666666666667,0.29591100745214854,0.4,0.20863567129397462,0.08333333333333333,0.3550720442757333,0.445,0.3017461375424485,0.3017461375424485,1.0,0.044865319865319865,0.2021043771043771,0.09621212121212121,0.6568181818181819,0.10379873367851937,0.10379873367851937,1.0,0.19314645409120482,0.2626541531337395,0.25966922785943264,0.28453016491562305,0.11560212909116904,0.11560212909116904,1.0,0.11900588697826234,0.23237926511905832,0.17794067453577692,0.4706741733669024,0.0,0.0,1.0,0.14038127697814337,0.29591100745214854,0.20863567129397462,0.3550720442757333
107,0.1973502816054514,0.0,0.15098305172788193,106,17,0.0,0,0,100,0.14038127697814337,0.065,0.29591100745214854,0.38,0.20863567129397462,0.08666666666666667,0.3550720442757333,0.4683333333333333,0.3017461375424485,0.3017461375424485,1.0,0.044865319865319865,0.2021043771043771,0.09621212121212121,0.6568181818181819,0.10379873367851937,0.10379873367851937,1.0,0.19314645409120482,0.2626541531337395,0.25966922785943264,0.28453016491562305,0.11560212909116904,0.11560212909116904,1.0,0.11900588697826234,0.23237926511905832,0.17794067453577692,0.4706741733669024,0.0,0.0,1.0,0.14038127697814337,0.29591100745214854,0.20863567129397462,0.3550720442757333
108,0.19901694827211808,0.0,0.15098305172788193,124,17,0.0,0,0,100,0.14038127697814337,0.058333333333333334,0.29591100745214854,0.36,0.20863567129397462,0.09166666666666666,0.3550720442757333,0.49,0.3017461375424485,0.3017461375424485,1.0,0.044865319865319865,0.2021043771043771,0.09621212121212121,0.6568181818181819,0.10379873367851937,0.10379873367851937,1.0,0.19314645409120482,0.2626541531337395,0.25966922785943264,0.28453016491562305,0.11560212909116904,0.11560212909116904,1.0,0.11900588697826234,0.23237926511905832,0.17794067453577692,0.4706741733669024,0.0,0.0,1.0,0.14038127697814337,0.29591100745214854,0.20863567129397462,0.3550720442757333
109,0.19735028160545143,0.0,0.15098305172788193,115,18,0.0,0,0,100,0.14038127697814337,0.056666666666666664,0.29591100745214854,0.3416666666666667,0.20863567129397462,0.095,0.3550720442757333,0.5066666666666667,0.3017461375424485,0.3017461375424485,1.0,0.044865319865319865,0.2021043771043771,0.09621212121212121,0.6568181818181819,0.10379873367851937,0.10379873367851937,1.0,0.19314645409120482,0.2626541531337395,0.25966922785943264,0.28453016491562305,0.11560212909116904,0.11560212909116904,1.0,0.11900588697826234,0.23237926511905832,0.17794067453577692,0.4706741733669024,0.0,0.0,1.0,0.14038127697814337,0.29591100745214854,0.20863567129397462,0.3550720442757333
110,0.20068361493878473,0.0,0.15098305172788193,126,18,0.0,0,1,110,0.14038127697814337,0.056666666666666664,0.29591100745214854,0.3283333333333333,0.20863567129397462,0.09166666666666666,0.3550720442757333,0.5233333333333333,0.18319203244720222,0.18319203244720222,1.0,0.07954545454545454,0.2978956228956229,0.08627946127946128,0.5362794612794612,0.052330974428908356,0.052330974428908356,1.0,0.1889864022795794,0.29676512123027504,0.15630469686506637,0.35794377962507923,0.0934589407873373,0.0934589407873373,1.0,0.13426592841251697,0.297330372062949,0.12129207907226383,0.44711162045227026,0.0,0.0,1.0,0.14038127697814337,0.29591100745214854,0.20863567129397462,0.3550720442757333
111,0.19735028160545143,0.0,0.15098305172788193,119,18,0.0,0,0,110,0.14038127697814337,0.056666666666666664,0.29591100745214854,0.31833333333333336,0.20863567129397462,0.095,0.3550720442757333,0.53,0.18319203244720222,0.18319203244720222,1.0,0.07954545454545454,0.2978956228956229,0.08627946127946128,0.5362794612794612,0.052330974428908356,0.052330974428908356,1.0,0.1889864022795794,0.29676512123027504,0.15630469686506637,0.35794377962507923,0.0934589407873373,0.0934589407873373,1.0,0.13426592841251697,0.297330372062949,0.12129207907226383,0.44711162045227026,0.0,0.0,1.0,0.14038127697814337,0.29591100745214854,0.20863567129397462,0.3550720442757333
112,0.2023502816054514,0.0,0.15098305172788193,134,18,0.0,0,0,110,0.14038127697814337,0.05333333333333334,0.29591100745214854,0.305,0.20863567129397462,0.09333333333333334,0.3550720442757333,0.5483333333333333,0.18319203244720222,0.18319203244720222,1.0,0.07954545454545454,0.2978956228956229,0.08627946127946128,0.5362794612794612,0.052330974428908356,0.052330974428908356,1.0,0.1889864022795794,0.29676512123027504,0.15630469686506637,0.35794377962507923,0.0934589407873373,0.0934589407873373,1.0,0.13426592841251697,0.297330372062949,0.12129207907226383,0.44711162045227026,0.0,0.0,1.0,0.14038127697814337,0.29591100745214854,0.20863567129397462,0.3550720442757333
113,0.19901694827211808,0.0,0.15098305172788193,118,18,0.0,0,0,110,0.14038127697814337,0.05333333333333334,0.29591100745214854,0.3,0.20863567129397462,0.09666666666666666,0.3550720442757333,0.55,0.18319203244720222,0.18319203244720222,1.0,0.07954545454545454,0.2978956228956229,0.08627946127946128,0.5362794612794612,0.052330974428908356,0.052330974428908356,1.0,0.1889864022795794,0.29676512123027504,0.15630469686506637,0.35794377962507923,0.0934589407873373,0.0934589407873373,1.0,0.13426592841251697,0.297330372062949,0.12129207907226383,0.44711162045227026,0.0,0.0,1.0,0.14038127697814337,0.29591100745214854,0.20863567129397462,0.3550720442757333
114,0.19901694827211808,0.0,0.15098305172788193,142,18,0.0,0,0,110,0.14038127697814337,0.05333333333333334,0.29591100745214854,0.2966666666666667,0.20863567129397462,0.09666666666666666,0.3550720442757333,0.5533333333333333,0.18319203244720222,0.18319203244720222,1.0,0.07954545454545454,0.2978956228956229,0.08627946127946128,0.5362794612794612,0.052330974428908356,0.052330974428908356,1.0,0.1889864022795794,0.29676512123027504,0.15630469686506637,0.35794377962507923,0.0934589407873373,0.0934589407873373,1.0,0.13426592841251697,0.297330372062949,0.12129207907226383,0.44711162045227026,0.0,0.0,1.0,0.14038127697814337,0.29591100745214854,0.20863567129397462,0.3550720442757333
115,0.21159462239093327,0.0,0.15098305172788193,119,18,0.0,0,0,110,0.14038127697814337,0.05,0.29591100745214854,0.2866666666666667,0.20863567129397462,0.09666666666666666,0.3550720442757333,0.5666666666666667,0.18319203244720222,0.18319203244720222,1.0,0.07954545454545454,0.2978956228956229,0.08627946127946128,0.5362794612794612,0.052330974428908356,0.052330974428908356,1.0,0.1889864022795794,0.29676512123027504,0.15630469686506637,0.35794377962507923,0.0934589407873373,0.0934589407873373,1.0,0.13426592841251697,0.297330372062949,0.12129207907226383,0.44711162045227026,0.0,0.0,1.0,0.14038127697814337,0.29591100745214854,0.20863567129397462,0.3550720442757333
116,0.2165946223909333,0.0,0.15098305172788193,111,18,0.0,0,0,110,0.14038127697814337,0.051666666666666666,0.29591100745214854,0.2783333333333333,0.20863567129397462,0.09833333333333333,0.3550720442757333,0.5716666666666667,0.18319203244720222,0.18319203244720222,1.0,0.07954545454545454,0.2978956228956229,0.08627946127946128,0.5362794612794612,0.052330974428908356,0.052330974428908356,1.0,0.1889864022795794,0.29676512123027504,0.15630469686506637,0.35794377962507923,0.0934589407873373,0.0934589407873373,1.0,0.13426592841251697,0.297330372062949,0.12129207907226383,0.44711162045227026,0.0,0.0,1.0,0.14038127697814337,0.29591100745214854,0.20863567129397462,0.3550720442757333
117,0.22326128905759995,0.0,0.15098305172788193,126,18,0.0,0,0,110,0.14038127697814337,0.051666666666666666,0.29591100745214854,0.27166666666666667,0.20863567129397462,0.09833333333333333,0.3550720442757333,0.5783333333333334,0.18319203244720222,0.18319203244720222,1.0,0.07954545454545454,0.2978956228956229,0.08627946127946128,0.5362794612794612,0.052330974428908356,0.052330974428908356,1.0,0.1889864022795794,0.29676512123027504,0.15630469686506637,0.35794377962507923,0.0934589407873373,0.0934589407873373,1.0,0.13426592841251697,0.297330372062949,0.12129207907226383,0.44711162045227026,0.0,0.0,1.0,0.14038127697814337,0.29591100745214854,0.20863567129397462,0.3550720442757333
118,0.2299279557242666,0.0,0.15098305172788193,129,18,0.0,0,0,110,0.14038127697814337,0.05,0.29591100745214854,0.26666666666666666,0.20863567129397462,0.09833333333333333,0.3550720442757333,0.585,0.18319203244720222,0.18319203244720222,1.0,0.07954545454545454,0.2978956228956229,0.08627946127946128,0.5362794612794612,0.052330974428908356,0.052330974428908356,1.0,0.1889864022795794,0.29676512123027504,0.15630469686506637,0.35794377962507923,0.0934589407873373,0.0934589407873373,1.0,0.13426592841251697,0.297330372062949,0.12129207907226383,0.44711162045227026,0.0,0.0,1.0,0.14038127697814337,0.29591100745214854,0.20863567129397462,0.3550720442757333
119,0.23159462239093329,0.0,0.15098305172788193,124,18,0.0,0,0,110,0.14038127697814337,0.05,0.29591100745214854,0.265,0.20863567129397462,0.09833333333333333,0.3550720442757333,0.5866666666666667,0.18319203244720222,0.18319203244720222,1.0,0.07954545454545454,0.2978956228956229,0.08627946127946128,0.5362794612794612,0.052330974428908356,0.052330974428908356,1.0,0.1889864022795794,0.29676512123027504,0.15630469686506637,0.35794377962507923,0.0934589407873373,0.0934589407873373,1.0,0.13426592841251697,0.297330372062949,0.12129207907226383,0.44711162045227026,0.0,0.0,1.0,0.14038127697814337,0.29591100745214854,0.20863567129397462,0.3550720442757333
120,0.2349279557242666,0.0,0.15098305172788193,131,18,0.0,0,1,120,0.14038127697814337,0.051666666666666666,0.29591100745214854,0.25666666666666665,0.20863567129397462,0.10166666666666667,0.3550720442757333,0.59,0.18201694827211806,0.18201694827211806,1.0,0.07808333333333334,0.3323333333333333,0.08891666666666667,0.5006666666666667,0.06223923724815986,0.06223923724815986,1.0,0.14016120428430265,0.28655914452338843,0.15596836966841574,0.4173112815238933,0.11745216129575892,0.11745216129575892,1.0,0.109122268808818,0.3094462389283609,0.1224425181675412,0.45898897409528,0.0,0.0,1.0,0.14038127697814337,0.29591100745214854,0.20863567129397462,0.3550720442757333
121,0.2349279557242666,0.0,0.15098305172788193,120,18,0.0,0,0,120,0.14038127697814337,0.051666666666666666,0.29591100745214854,0.255,0.20863567129397462,0.10333333333333333,0.3550720442757333,0.59,0.18201694827211806,0.18201694827211806,1.0,0.07808333333333334,0.3323333333333333,0.08891666666666667,0.5006666666666667,0.06223923724815986,0.06223923724815986,1.0,0.14016120428430265,0.28655914452338843,0.15596836966841574,0.4173112815238933,0.11745216129575892,0.11745216129575892,1.0,0.109122268808818,0.3094462389283609,0.1224425181675412,0.45898897409528,0.0,0.0,1.0,0.14038127697814337,0.29591100745214854,0.20863567129397462,0.3550720442757333
122,0.23659462239093326,0.0,0.15098305172788193,124,18,0.0,0,0,120,0.14038127697814337,0.05,0.29591100745214854,0.25333333333333335,0.20863567129397462,0.105,0.3550720442757333,0.5916666666666667,0.18201694827211806,0.18201694827211806,1.0,0.07808333333333334,0.3323333333333333,0.08891666666666667,0.5006666666666667,0.06223923724815986,0.06223923724815986,1.0,0.14016120428430265,0.28655914452338843,0.15596836966841574,0.4173112815238933,0.11745216129575892,0.11745216129575892,1.0,0.109122268808818,0.3094462389283609,0.1224425181675412,0.45898897409528,0.0,0.0,1.0,0.14038127697814337,0.29591100745214854,0.20863567129397462,0.3550720442757333
123,0.23826128905759997,0.0,0.15098305172788193,130,18,0.0,0,0,120,0.14038127697814337,0.05,0.29591100745214854,0.25166666666666665,0.20863567129397462,0.105,0.3550720442757333,0.5933333333333334,0.18201694827211806,0.18201694827211806,1.0,0.07808333333333334,0.3323333333333333,0.08891666666666667,0.5006666666666667,0.06223923724815986,0.06223923724815986,1.0,0.14016120428430265,0.28655914452338843,0.15596836966841574,0.4173112815238933,0.11745216129575892,0.11745216129575892,1.0,0.109122268808818,0.3094462389283609,0.1224425181675412,0.45898897409528,0.0,0.0,1.0,0.14038127697814337,0.29591100745214854,0.20863567129397462,0.3550720442757333
124,0.23826128905759997,0.0,0.15098305172788193,140,18,0.0,0,0,120,0.14038127697814337,0.05,0.29591100745214854,0.25166666666666665,0.20863567129397462,0.105,0.3550720442757333,0.5933333333333334,0.18201694827211806,0.18201694827211806,1.0,0.07808333333333334,0.3323333333333333,0.08891666666666667,0.5006666666666667,0.06223923724815986,0.06223923724815986,1.0,0.14016120428430265,0.28655914452338843,0.15596836966841574,0.4173112815238933,0.11745216129575892,0.11745216129575892,1.0,0.109122268808818,0.3094462389283609,0.1224425181675412,0.45898897409528,0.0,0.0,1.0,0.14038127697814337,0.29591100745214854,0.20863567129397462,0.3550720442757333
125,0.23826128905759997,0.0,0.15098305172788193,131,18,0.0,0,0,120,0.14038127697814337,0.05,0.29591100745214854,0.25,0.20863567129397462,0.10666666666666667,0.3550720442757333,0.5933333333333334,0.18201694827211806,0.18201694827211806,1.0,0.07808333333333334,0.3323333333333333,0.08891666666666667,0.5006666666666667,0.06223923724815986,0.06223923724815986,1.0,0.14016120428430265,0.28655914452338843,0.15596836966841574,0.4173112815238933,0.11745216129575892,0.11745216129575892,1.0,0.109122268808818,0.3094462389283609,0.1224425181675412,0.45898897409528,0.0,0.0,1.0,0.14038127697814337,0.29591100745214854,0.20863567129397462,0.3550720442757333
126,0.24659462239093327,0.0,0.15098305172788193,114,18,0.0,0,0,120,0.14038127697814337,0.04833333333333333,0.29591100745214854,0.24666666666666667,0.20863567129397462,0.10333333333333333,0.3550720442757333,0.6016666666666667,0.18201694827211806,0.18201694827211806,1.0,0.07808333333333334,0.3323333333333333,0.08891666666666667,0.5006666666666667,0.06223923724815986,0.06223923724815986,1.0,0.14016120428430265,0.28655914452338843,0.15596836966841574,0.4173112815238933,0.11745216129575892,0.11745216129575892,1.0,0.109122268808818,0.3094462389283609,0.1224425181675412,0.45898897409528,0.0,0.0,1.0,0.14038127697814337,0.29591100745214854,0.20863567129397462,0.3550720442757333
127,0.2465946223909333,0.0,0.15098305172788193,135,18,0.0,0,0,120,0.14038127697814337,0.04833333333333333,0.29591100745214854,0.245,0.20863567129397462,0.105,0.3550720442757333,0.6016666666666667,0.18201694827211806,0.18201694827211806,1.0,0.07808333333333334,0.3323333333333333,0.08891666666666667,0.5006666666666667,0.06223923724815986,0.06223923724815986,1.0,0.14016120428430265,0.28655914452338843,0.15596836966841574,0.4173112815238933,0.11745216129575892,0.11745216129575892,1.0,0.109122268808818,0.3094462389283609,0.1224425181675412,0.45898897409528,0.0,0.0,1.0,0.14038127697814337,0.29591100745214854,0.20863567129397462,0.3550720442757333
128,0.24826128905759998,0.0,0.15098305172788193,135,18,0.0,0,0,120,0.14038127697814337,0.04833333333333333,0.29591100745214854,0.24333333333333335,0.20863567129397462,0.105,0.3550720442757333,0.6033333333333334,0.18201694827211806,0.18201694827211806,1.0,0.07808333333333334,0.3323333333333333,0.08891666666666667,0.5006666666666667,0.06223923724815986,0.06223923724815986,1.0,0.14016120428430265,0.28655914452338843,0.15596836966841574,0.4173112815238933,0.11745216129575892,0.11745216129575892,1.0,0.109122268808818,0.3094462389283609,0.1224425181675412,0.45898897409528,0.0,0.0,1.0,0.14038127697814337,0.29591100745214854,0.20863567129397462,0.3550720442757333
129,0.2532612890575999,0.0,0.15098305172788193,113,18,0.0,0,0,120,0.14038127697814337,0.04666666666666667,0.29591100745214854,0.24166666666666667,0.20863567129397462,0.10333333333333333,0.3550720442757333,0.6083333333333333,0.18201694827211806,0.18201694827211806,1.0,0.07808333333333334,0.3323333333333333,0.08891666666666667,0.5006666666666667,0.06223923724815986,0.06223923724815986,1.0,0.14016120428430265,0.28655914452338843,0.15596836966841574,0.4173112815238933,0.11745216129575892,0.11745216129575892,1.0,0.109122268808818,0.3094462389283609,0.1224425181675412,0.45898897409528,0.0,0.0,1.0,0.14038127697814337,0.29591100745214854,0.20863567129397462,0.3550720442757333
130,0.2499279557242666,0.0,0.15098305172788193,131,18,0.0,0,1,130,0.14038127697814337,0.04666666666666667,0.29591100745214854,0.24333333333333335,0.20863567129397462,0.105,0.3550720442757333,0.605,0.22701128905759993,0.22701128905759993,1.0,0.050583333333333334,0.2663333333333333,0.101,0.5820833333333333,0.03774429779812814,0.03774429779812814,1.0,0.17812557477627156,0.2682031467496882,0.2077445968595946,0.34592668161444556,0.10893296319815607,0.10893296319815607,1.0,0.11435445405480245,0.26726824004151073,0.1543722984297973,0.4640050074738894,0.0,0.0,1.0,0.14038127697814337,0.29591100745214854,0.20863567129397462,0.3550720442757333
131,0.2499279557242666,0.0,0.15098305172788193,130,18,0.0,0,0,130,0.14038127697814337,0.04666666666666667,0.29591100745214854,0.24333333333333335,0.20863567129397462,0.105,0.3550720442757333,0.605,0.22701128905759993,0.22701128905759993,1.0,0.050583333333333334,0.2663333333333333,0.101,0.5820833333333333,0.03774429779812814,0.03774429779812814,1.0,0.17812557477627156,0.2682031467496882,0.2077445968595946,0.34592668161444556,0.10893296319815607,0.10893296319815607,1.0,0.11435445405480245,0.26726824004151073,0.1543722984297973,0.4640050074738894,0.0,0.0,1.0,0.14038127697814337,0.29591100745214854,0.20863567129397462,0.3550720442757333
132,0.2499279557242666,0.0,0.15098305172788193,106,18,0.0,0,0,130,0.14038127697814337,0.04666666666666667,0.29591100745214854,0.24333333333333335,0.20863567129397462,0.105,0.3550720442757333,0.605,0.22701128905759993,0.22701128905759993,1.0,0.050583333333333334,0.2663333333333333,0.101,0.5820833333333333,0.03774429779812814,0.03774429779812814,1.0,0.17812557477627156,0.2682031467496882,0.2077445968595946,0.34592668161444556,0.10893296319815607,0.10893296319815607,1.0,0.11435445405480245,0.26726824004151073,0.1543722984297973,0.4640050074738894,0.0,0.0,1.0,0.14038127697814337,0.29591100745214854,0.20863567129397462,0.3550720442757333
133,0.2515946223909333,0.0,0.15098305172788193,141,18,0.0,0,0,130,0.14038127697814337,0.045,0.29591100745214854,0.24333333333333335,0.20863567129397462,0.105,0.3550720442757333,0.6066666666666667,0.22701128905759993,0.22701128905759993,1.0,0.050583333333333334,0.2663333333333333,0.101,0.5820833333333333,0.03774429779812814,0.03774429779812814,1.0,0.17812557477627156,0.2682031467496882,0.2077445968595946,0.34592668161444556,0.10893296319815607,0.10893296319815607,1.0,0.11435445405480245,0.26726824004151073,0.1543722984297973,0.4640050074738894,0.0,0.0,1.0,0.14038127697814337,0.29591100745214854,0.20863567129397462,0.3550720442757333
134,0.2515946223909333,0.0,0.15098305172788193,135,18,0.0,0,0,130,0.14038127697814337,0.045,0.29591100745214854,0.24333333333333335,0.20863567129397462,0.105,0.3550720442757333,0.6066666666666667,0.22701128905759993,0.22701128905759993,1.0,0.050583333333333334,0.2663333333333333,0.101,0.5820833333333333,0.03774429779812814,0.03774429779812814,1.0,0.17812557477627156,0.2682031467496882,0.2077445968595946,0.34592668161444556,0.10893296319815607,0.10893296319815607,1.0,0.11435445405480245,0.26726824004151073,0.1543722984297973,0.4640050074738894,0.0,0.0,1.0,0.14038127697814337,0.29591100745214854,0.20863567129397462,0.3550720442757333
135,0.2515946223909333,0.0,0.15098305172788193,121,18,0.0,0,0,130,0.14038127697814337,0.045,0.29591100745214854,0.24333333333333335,0.20863567129397462,0.105,0.3550720442757333,0.6066666666666667,0.22701128905759993,0.22701128905759993,1.0,0.050583333333333334,0.2663333333333333,0.101,0.5820833333333333,0.03774429779812814,0.03774429779812814,1.0,0.17812557477627156,0.2682031467496882,0.2077445968595946,0.34592668161444556,0.10893296319815607,0.10893296319815607,1.0,0.11435445405480245,0.26726824004151073,0.1543722984297973,0.4640050074738894,0.0,0.0,1.0,0.14038127697814337,0.29591100745214854,0.20863567129397462,0.3550720442757333
136,0.2532612890575999,0.0,0.15098305172788193,118,18,0.0,0,0,130,0.14038127697814337,0.045,0.29591100745214854,0.24166666666666667,0.20863567129397462,0.105,0.3550720442757333,0.6083333333333333,0.22701128905759993,0.22701128905759993,1.0,0.050583333333333334,0.2663333333333333,0.101,0.5820833333333333,0.03774429779812814,0.03774429779812814,1.0,0.17812557477627156,0.2682031467496882,0.2077445968595946,0.34592668161444556,0.10893296319815607,0.10893296319815607,1.0,0.11435445405480245,0.26726824004151073,0.1543722984297973,0.4640050074738894,0.0,0.0,1.0,0.14038127697814337,0.29591100745214854,0.20863567129397462,0.3550720442757333
137,0.2532612890575999,0.0,0.15098305172788193,147,18,0.0,0,0,130,0.14038127697814337,0.045,0.29591100745214854,0.24166666666666667,0.20863567129397462,0.105,0.3550720442757333,0.6083333333333333,0.22701128905759993,0.22701128905759993,1.0,0.050583333333333334,0.2663333333333333,0.101,0.5820833333333333,0.03774429779812814,0.03774429779812814,1.0,0.17812557477627156,0.2682031467496882,0.2077445968595946,0.34592668161444556,0.10893296319815607,0.10893296319815607,1.0,0.11435445405480245,0.26726824004151073,0.1543722984297973,0.4640050074738894,0.0,0.0,1.0,0.14038127697814337,0.29591100745214854,0.20863567129397462,0.3550720442757333
138,0.26159462239093334,0.0,0.15098305172788193,139,18,0.0,0,0,130,0.14038127697814337,0.043333333333333335,0.29591100745214854,0.235,0.20863567129397462,0.105,0.3550720442757333,0.6166666666666667,0.22701128905759993,0.22701128905759993,1.0,0.050583333333333334,0.2663333333333333,0.101,0.5820833333333333,0.03774429779812814,0.03774429779812814,1.0,0.17812557477627156,0.2682031467496882,0.2077445968595946,0.34592668161444556,0.10893296319815607,0.10893296319815607,1.0,0.11435445405480245,0.26726824004151073,0.1543722984297973,0.4640050074738894,0.0,0.0,1.0,0.14038127697814337,0.29591100745214854,0.20863567129397462,0.3550720442757333
139,0.25492795572426663,0.0,0.15098305172788193,102,18,0.0,0,0,130,0.14038127697814337,0.045,0.29591100745214854,0.24,0.20863567129397462,0.105,0.3550720442757333,0.61,0.22701128905759993,0.22701128905759993,1.0,0.050583333333333334,0.2663333333333333,0.101,0.5820833333333333,0.03774429779812814,0.03774429779812814,1.0,0.17812557477627156,0.2682031467496882,0.2077445968595946,0.34592668161444556,0.10893296319815607,0.10893296319815607,1.0,0.11435445405480245,0.26726824004151073,0.1543722984297973,0.4640050074738894,0.0,0.0,1.0,0.14038127697814337,0.29591100745214854,0.20863567129397462,0.3550720442757333
140,0.2532612890575999,0.0,0.15098305172788193,132,18,0.0,0,1,140,0.14038127697814337,0.045,0.29591100745214854,0.24166666666666667,0.20863567129397462,0.105,0.3550720442757333,0.6083333333333333,0.24809462239093327,0.24809462239093327,1.0,0.04708333333333333,0.24491666666666667,0.10483333333333333,0.6031666666666666,0.021741673195063788,0.021741673195063788,1.0,0.15478572516831726,0.2965786452551092,0.2153052584959039,0.33333037108066954,0.11317647459793476,0.11317647459793476,1.0,0.1009345292508253,0.2707476559608879,0.1600692959146186,0.4682485188736681,0.0,0.0,1.0,0.14038127697814337,0.29591100745214854,0.20863567129397462,0.3550720442757333
141,0.25992795572426663,0.0,0.15098305172788193,129,18,0.0,0,0,140,0.14038127697814337,0.043333333333333335,0.29591100745214854,0.235,0.20863567129397462,0.10666666666666667,0.3550720442757333,0.615,0.24809462239093327,0.24809462239093327,1.0,0.04708333333333333,0.24491666666666667,0.10483333333333333,0.6031666666666666,0.021741673195063788,0.021741673195063788,1.0,0.15478572516831726,0.2965786452551092,0.2153052584959039,0.33333037108066954,0.11317647459793476,0.11317647459793476,1.0,0.1009345292508253,0.2707476559608879,0.1600692959146186,0.4682485188736681,0.0,0.0,1.0,0.14038127697814337,0.29591100745214854,0.20863567129397462,0.3550720442757333
142,0.2565946223909333,0.0,0.15098305172788193,112,18,0.0,0,0,140,0.14038127697814337,0.043333333333333335,0.29591100745214854,0.23833333333333334,0.20863567129397462,0.10666666666666667,0.3550720442757333,0.6116666666666667,0.24809462239093327,0.24809462239093327,1.0,0.04708333333333333,0.24491666666666667,0.10483333333333333,0.6031666666666666,0.021741673195063788,0.021741673195063788,1.0,0.15478572516831726,0.2965786452551092,0.2153052584959039,0.33333037108066954,0.11317647459793476,0.11317647459793476,1.0,0.1009345292508253,0.2707476559608879,0.1600692959146186,0.4682485188736681,0.0,0.0,1.0,0.14038127697814337,0.29591100745214854,0.20863567129397462,0.3550720442757333
143,0.25492795572426663,0.0,0.15098305172788193,116,18,0.0,0,0,140,0.14038127697814337,0.043333333333333335,0.29591100745214854,0.23666666666666666,0.20863567129397462,0.11,0.3550720442757333,0.61,0.24809462239093327,0.24809462239093327,1.0,0.04708333333333333,0.24491666666666667,0.10483333333333333,0.6031666666666666,0.021741673195063788,0.021741673195063788,1.0,0.15478572516831726,0.2965786452551092,0.2153052584959039,0.33333037108066954,0.11317647459793476,0.11317647459793476,1.0,0.1009345292508253,0.2707476559608879,0.1600692959146186,0.4682485188736681,0.0,0.0,1.0,0.14038127697814337,0.29591100745214854,0.20863567129397462,0.3550720442757333
144,0.25492795572426663,0.0,0.15098305172788193,133,18,0.0,0,0,140,0.14038127697814337,0.043333333333333335,0.29591100745214854,0.23333333333333334,0.20863567129397462,0.11333333333333333,0.3550720442757333,0.61,0.24809462239093327,0.24809462239093327,1.0,0.04708333333333333,0.24491666666666667,0.10483333333333333,0.6031666666666666,0.021741673195063788,0.021741673195063788,1.0,0.15478572516831726,0.2965786452551092,0.2153052584959039,0.33333037108066954,0.11317647459793476,0.11317647459793476,1.0,0.1009345292508253,0.2707476559608879,0.1600692959146186,0.4682485188736681,0.0,0.0,1.0,0.14038127697814337,0.29591100745214854,0.20863567129397462,0.3550720442757333
145,0.25826128905759993,0.0,0.15098305172788193,129,18,0.0,0,0,140,0.14038127697814337,0.045,0.29591100745214854,0.23333333333333334,0.20863567129397462,0.10833333333333334,0.3550720442757333,0.6133333333333333,0.24809462239093327,0.24809462239093327,1.0,0.04708333333333333,0.24491666666666667,0.10483333333333333,0.6031666666666666,0.021741673195063788,0.021741673195063788,1.0,0.15478572516831726,0.2965786452551092,0.2153052584959039,0.33333037108066954,0.11317647459793476,0.11317647459793476,1.0,0.1009345292508253,0.2707476559608879,0.1600692959146186,0.4682485188736681,0.0,0.0,1.0,0.14038127697814337,0.29591100745214854,0.20863567129397462,0.3550720442757333
146,0.25492795572426663,0.0,0.15098305172788193,135,18,0.0,0,0,140,0.14038127697814337,0.04666666666666667,0.29591100745214854,0.23166666666666666,0.20863567129397462,0.11166666666666666,0.3550720442757333,0.61,0.24809462239093327,0.24809462239093327,1.0,0.04708333333333333,0.24491666666666667,0.10483333333333333,0.6031666666666666,0.021741673195063788,0.021741673195063788,1.0,0.15478572516831726,0.2965786452551092,0.2153052584959039,0.33333037108066954,0.11317647459793476,0.11317647459793476,1.0,0.1009345292508253,0.2707476559608879,0.1600692959146186,0.4682485188736681,0.0,0.0,1.0,0.14038127697814337,0.29591100745214854,0.20863567129397462,0.3550720442757333
147,0.25659462239093334,0.0,0.15098305172788193,129,18,0.0,0,0,140,0.14038127697814337,0.045,0.29591100745214854,0.23166666666666666,0.20863567129397462,0.11166666666666666,0.3550720442757333,0.6116666666666667,0.24809462239093327,0.24809462239093327,1.0,0.04708333333333333,0.24491666666666667,0.10483333333333333,0.6031666666666666,0.021741673195063788,0.021741673195063788,1.0,0.15478572516831726,0.2965786452551092,0.2153052584959039,0.33333037108066954,0.11317647459793476,0.11317647459793476,1.0,0.1009345292508253,0.2707476559608879,0.1600692959146186,0.4682485188736681,0.0,0.0,1.0,0.14038127697814337,0.29591100745214854,0.20863567129397462,0.3550720442757333
148,0.25659462239093334,0.0,0.15098305172788193,114,18,0.0,0,0,140,0.14038127697814337,0.043333333333333335,0.29591100745214854,0.23333333333333334,0.20863567129397462,0.11166666666666666,0.3550720442757333,0.6116666666666667,0.24809462239093327,0.24809462239093327,1.0,0.04708333333333333,0.24491666666666667,0.10483333333333333,0.6031666666666666,0.021741673195063788,0.021741673195063788,1.0,0.15478572516831726,0.2965786452551092,0.2153052584959039,0.33333037108066954,0.11317647459793476,0.11317647459793476,1.0,0.1009345292508253,0.2707476559608879,0.1600692959146186,0.4682485188736681,0.0,0.0,1.0,0.14038127697814337,0.29591100745214854,0.20863567129397462,0.3550720442757333
149,0.25659462239093334,0.0,0.15098305172788193,156,18,0.0,0,0,140,0.14038127697814337,0.043333333333333335,0.29591100745214854,0.23333333333333334,0.20863567129397462,0.11166666666666666,0.3550720442757333,0.6116666666666667,0.24809462239093327,0.24809462239093327,1.0,0.04708333333333333,0.24491666666666667,0.10483333333333333,0.6031666666666666,0.021741673195063788,0.021741673195063788,1.0,0.15478572516831726,0.2965786452551092,0.2153052584959039,0.33333037108066954,0.11317647459793476,0.11317647459793476,1.0,0.1009345292508253,0.2707476559608879,0.1600692959146186,0.4682485188736681,0.0,0.0,1.0,0.14038127697814337,0.29591100745214854,0.20863567129397462,0.3550720442757333
150,0.25992795572426663,0.0,0.15098305172788193,131,18,0.0,0,1,150,0.14038127697814337,0.041666666666666664,0.29591100745214854,0.23333333333333334,0.20863567129397462,0.11,0.3550720442757333,0.615,0.25501128905759995,0.25501128905759995,1.0,0.0445,0.23783333333333334,0.10758333333333334,0.6100833333333333,0.07148192094811659,0.07148192094811659,1.0,0.0934163853501303,0.30392595487241797,0.27210264482182184,0.33055501495562983,0.11524712986874819,0.11524712986874819,1.0,0.06895819267506514,0.2708796441028757,0.18984298907757757,0.47031917414448154,0.0,0.0,1.0,0.14038127697814337,0.29591100745214854,0.20863567129397462,0.3550720442757333
151,0.25992795572426663,0.0,0.15098305172788193,129,18,0.0,0,0,150,0.14038127697814337,0.041666666666666664,0.29591100745214854,0.23333333333333334,0.20863567129397462,0.11,0.3550720442757333,0.615,0.25501128905759995,0.25501128905759995,1.0,0.0445,0.23783333333333334,0.10758333333333334,0.6100833333333333,0.07148192094811659,0.07148192094811659,1.0,0.0934163853501303,0.30392595487241797,0.27210264482182184,0.33055501495562983,0.11524712986874819,0.11524712986874819,1.0,0.06895819267506514,0.2708796441028757,0.18984298907757757,0.47031917414448154,0.0,0.0,1.0,0.14038127697814337,0.29591100745214854,0.20863567129397462,0.3550720442757333
152,0.25826128905759993,0.0,0.15098305172788193,115,18,0.0,0,0,150,0.14038127697814337,0.043333333333333335,0.29591100745214854,0.23333333333333334,0.20863567129397462,0.11,0.3550720442757333,0.6133333333333333,0.25501128905759995,0.25501128905759995,1.0,0.0445,0.23783333333333334,0.10758333333333334,0.6100833333333333,0.07148192094811659,0.07148192094811659,1.0,0.0934163853501303,0.30392595487241797,0.27210264482182184,0.33055501495562983,0.11524712986874819,0.11524712986874819,1.0,0.06895819267506514,0.2708796441028757,0.18984298907757757,0.47031917414448154,0.0,0.0,1.0,0.14038127697814337,0.29591100745214854,0.20863567129397462,0.3550720442757333
153,0.25826128905759993,0.0,0.15098305172788193,138,18,0.0,0,0,150,0.14038127697814337,0.043333333333333335,0.29591100745214854,0.23166666666666666,0.20863567129397462,0.11166666666666666,0.3550720442757333,0.6133333333333333,0.25501128905759995,0.25501128905759995,1.0,0.0445,0.23783333333333334,0.10758333333333334,0.6100833333333333,0.07148192094811659,0.07148192094811659,1.0,0.0934163853501303,0.30392595487241797,0.27210264482182184,0.33055501495562983,0.11524712986874819,0.11524712986874819,1.0,0.06895819267506514,0.2708796441028757,0.18984298907757757,0.47031917414448154,0.0,0.0,1.0,0.14038127697814337,0.29591100745214854,0.20863567129397462,0.3550720442757333
154,0.25992795572426663,0.0,0.15098305172788193,117,18,0.0,0,0,150,0.14038127697814337,0.045,0.29591100745214854,0.22833333333333333,0.20863567129397462,0.11166666666666666,0.3550720442757333,0.615,0.25501128905759995,0.25501128905759995,1.0,0.0445,0.23783333333333334,0.10758333333333334,0.6100833333333333,0.07148192094811659,0.07148192094811659,1.0,0.0934163853501303,0.30392595487241797,0.27210264482182184,0.33055501495562983,0.11524712986874819,0.11524712986874819,1.0,0.06895819267506514,0.2708796441028757,0.18984298907757757,0.47031917414448154,0.0,0.0,1.0,0.14038127697814337,0.29591100745214854,0.20863567129397462,0.3550720442757333
155,0.25826128905759993,0.0,0.15098305172788193,126,18,0.0,0,0,150,0.14038127697814337,0.045,0.29591100745214854,0.22833333333333333,0.20863567129397462,0.11333333333333333,0.3550720442757333,0.6133333333333333,0.25501128905759995,0.25501128905759995,1.0,0.0445,0.23783333333333334,0.10758333333333334,0.6100833333333333,0.07148192094811659,0.07148192094811659,1.0,0.0934163853501303,0.30392595487241797,0.27210264482182184,0.33055501495562983,0.11524712986874819,0.11524712986874819,1.0,0.06895819267506514,0.2708796441028757,0.18984298907757757,0.47031917414448154,0.0,0.0,1.0,0.14038127697814337,0.29591100745214854,0.20863567129397462,0.3550720442757333
156,0.25826128905759993,0.0,0.15098305172788193,127,18,0.0,0,0,150,0.14038127697814337,0.045,0.29591100745214854,0.22833333333333333,0.20863567129397462,0.11333333333333333,0.3550720442757333,0.6133333333333333,0.25501128905759995,0.25501128905759995,1.0,0.0445,0.23783333333333334,0.10758333333333334,0.6100833333333333,0.07148192094811659,0.07148192094811659,1.0,0.0934163853501303,0.30392595487241797,0.27210264482182184,0.33055501495562983,0.11524712986874819,0.11524712986874819,1.0,0.06895819267506514,0.2708796441028757,0.18984298907757757,0.47031917414448154,0.0,0.0,1.0,0.14038127697814337,0.29591100745214854,0.20863567129397462,0.3550720442757333
157,0.25992795572426663,0.0,0.15098305172788193,139,18,0.0,0,0,150,0.14038127697814337,0.045,0.29591100745214854,0.22666666666666666,0.20863567129397462,0.11333333333333333,0.3550720442757333,0.615,0.25501128905759995,0.25501128905759995,1.0,0.0445,0.23783333333333334,0.10758333333333334,0.6100833333333333,0.07148192094811659,0.07148192094811659,1.0,0.0934163853501303,0.30392595487241797,0.27210264482182184,0.33055501495562983,0.11524712986874819,0.11524712986874819,1.0,0.06895819267506514,0.2708796441028757,0.18984298907757757,0.47031917414448154,0.0,0.0,1.0,0.14038127697814337,0.29591100745214854,0.20863567129397462,0.3550720442757333
158,0.25992795572426663,0.0,0.15098305172788193,120,18,0.0,0,0,150,0.14038127697814337,0.043333333333333335,0.29591100745214854,0.22833333333333333,0.20863567129397462,0.11333333333333333,0.3550720442757333,0.615,0.25501128905759995,0.25501128905759995,1.0,0.0445,0.23783333333333334,0.10758333333333334,0.6100833333333333,0.07148192094811659,0.07148192094811659,1.0,0.0934163853501303,0.30392595487241797,0.27210264482182184,0.33055501495562983,0.11524712986874819,0.11524712986874819,1.0,0.06895819267506514,0.2708796441028757,0.18984298907757757,0.47031917414448154,0.0,0.0,1.0,0.14038127697814337,0.29591100745214854,0.20863567129397462,0.3550720442757333
159,0.2565946223909333,0.0,0.15098305172788193,132,18,0.0,0,0,150,0.14038127697814337,0.043333333333333335,0.29591100745214854,0.23,0.20863567129397462,0.115,0.3550720442757333,0.6116666666666667,0.25501128905759995,0.25501128905759995,1.0,0.0445,0.23783333333333334,0.10758333333333334,0.6100833333333333,0.07148192094811659,0.07148192094811659,1.0,0.0934163853501303,0.30392595487241797,0.27210264482182184,0.33055501495562983,0.11524712986874819,0.11524712986874819,1.0,0.06895819267506514,0.2708796441028757,0.18984298907757757,0.47031917414448154,0.0,0.0,1.0,0.14038127697814337,0.29591100745214854,0.20863567129397462,0.3550720442757333
160,0.2565946223909333,0.0,0.15098305172788193,127,18,0.0,0,1,160,0.14038127697814337,0.043333333333333335,0.29591100745214854,0.23,0.20863567129397462,0.115,0.3550720442757333,0.6116666666666667,0.2577612890576,0.2577612890576,1.0,0.043833333333333335,0.23191666666666666,0.11141666666666666,0.6128333333333333,0.062318517226226125,0.062318517226226125,1.0,0.12146077583201631,0.2901080453557865,0.1710406173102377,0.4173905615019595,0.16003990314191302,0.16003990314191302,1.0,0.08264705458267482,0.2610123560112266,0.1412286419884522,0.5151119474176464,0.0,0.0,1.0,0.14038127697814337,0.29591100745214854,0.20863567129397462,0.3550720442757333
161,0.25992795572426663,0.0,0.15098305172788193,123,18,0.0,0,0,160,0.14038127697814337,0.041666666666666664,0.29591100745214854,0.23,0.20863567129397462,0.11333333333333333,0.3550720442757333,0.615,0.2577612890576,0.2577612890576,1.0,0.043833333333333335,0.23191666666666666,0.11141666666666666,0.6128333333333333,0.062318517226226125,0.062318517226226125,1.0,0.12146077583201631,0.2901080453557865,0.1710406173102377,0.4173905615019595,0.16003990314191302,0.16003990314191302,1.0,0.08264705458267482,0.2610123560112266,0.1412286419884522,0.5151119474176464,0.0,0.0,1.0,0.14038127697814337,0.29591100745214854,0.20863567129397462,0.3550720442757333
162,0.25826128905759993,0.0,0.15098305172788193,135,18,0.0,0,0,160,0.14038127697814337,0.043333333333333335,0.29591100745214854,0.23,0.20863567129397462,0.11333333333333333,0.3550720442757333,0.6133333333333333,0.2577612890576,0.2577612890576,1.0,0.043833333333333335,0.23191666666666666,0.11141666666666666,0.6128333333333333,0.062318517226226125,0.062318517226226125,1.0,0.12146077583201631,0.2901080453557865,0.1710406173102377,0.4173905615019595,0.16003990314191302,0.16003990314191302,1.0,0.08264705458267482,0.2610123560112266,0.1412286419884522,0.5151119474176464,0.0,0.0,1.0,0.14038127697814337,0.29591100745214854,0.20863567129397462,0.3550720442757333
163,0.25992795572426663,0.0,0.15098305172788193,134,18,0.0,0,0,160,0.14038127697814337,0.041666666666666664,0.29591100745214854,0.23,0.20863567129397462,0.11333333333333333,0.3550720442757333,0.615,0.2577612890576,0.2577612890576,1.0,0.043833333333333335,0.23191666666666666,0.11141666666666666,0.6128333333333333,0.062318517226226125,0.062318517226226125,1.0,0.12146077583201631,0.2901080453557865,0.1710406173102377,0.4173905615019595,0.16003990314191302,0.16003990314191302,1.0,0.08264705458267482,0.2610123560112266,0.1412286419884522,0.5151119474176464,0.0,0.0,1.0,0.14038127697814337,0.29591100745214854,0.20863567129397462,0.3550720442757333
164,0.26159462239093334,0.0,0.15098305172788193,128,18,0.0,0,0,160,0.14038127697814337,0.041666666666666664,0.29591100745214854,0.225,0.20863567129397462,0.11666666666666667,0.3550720442757333,0.6166666666666667,0.2577612890576,0.2577612890576,1.0,0.043833333333333335,0.23191666666666666,0.11141666666666666,0.6128333333333333,0.062318517226226125,0.062318517226226125,1.0,0.12146077583201631,0.2901080453557865,0.1710406173102377,0.4173905615019595,0.16003990314191302,0.16003990314191302,1.0,0.08264705458267482,0.2610123560112266,0.1412286419884522,0.5151119474176464,0.0,0.0,1.0,0.14038127697814337,0.29591100745214854,0.20863567129397462,0.3550720442757333
165,0.26159462239093334,0.0,0.15098305172788193,141,18,0.0,0,0,160,0.14038127697814337,0.041666666666666664,0.29591100745214854,0.22333333333333333,0.20863567129397462,0.11833333333333333,0.3550720442757333,0.6166666666666667,0.2577612890576,0.2577612890576,1.0,0.043833333333333335,0.23191666666666666,0.11141666666666666,0.6128333333333333,0.062318517226226125,0.062318517226226125,1.0,0.12146077583201631,0.2901080453557865,0.1710406173102377,0.4173905615019595,0.16003990314191302,0.16003990314191302,1.0,0.08264705458267482,0.2610123560112266,0.1412286419884522,0.5151119474176464,0.0,0.0,1.0,0.14038127697814337,0.29591100745214854,0.20863567129397462,0.3550720442757333
166,0.26159462239093334,0.0,0.15098305172788193,125,18,0.0,0,0,160,0.14038127697814337,0.041666666666666664,0.29591100745214854,0.22333333333333333,0.20863567129397462,0.11833333333333333,0.3550720442757333,0.6166666666666667,0.2577612890576,0.2577612890576,1.0,0.043833333333333335,0.23191666666666666,0.11141666666666666,0.6128333333333333,0.062318517226226125,0.062318517226226125,1.0,0.12146077583201631,0.2901080453557865,0.1710406173102377,0.4173905615019595,0.16003990314191302,0.16003990314191302,1.0,0.08264705458267482,0.2610123560112266,0.1412286419884522,0.5151119474176464,0.0,0.0,1.0,0.14038127697814337,0.29591100745214854,0.20863567129397462,0.3550720442757333
167,0.25992795572426663,0.0,0.15098305172788193,118,18,0.0,0,0,160,0.14038127697814337,0.041666666666666664,0.29591100745214854,0.22333333333333333,0.20863567129397462,0.12,0.3550720442757333,0.615,0.2577612890576,0.2577612890576,1.0,0.043833333333333335,0.23191666666666666,0.11141666666666666,0.6128333333333333,0.062318517226226125,0.062318517226226125,1.0,0.12146077583201631,0.2901080453557865,0.1710406173102377,0.4173905615019595,0.16003990314191302,0.16003990314191302,1.0,0.08264705458267482,0.2610123560112266,0.1412286419884522,0.5151119474176464,0.0,0.0,1.0,0.14038127697814337,0.29591100745214854,0.20863567129397462,0.3550720442757333
168,0.26159462239093334,0.0,0.15098305172788193,124,18,0.0,0,0,160,0.14038127697814337,0.041666666666666664,0.29591100745214854,0.22166666666666668,0.20863567129397462,0.12,0.3550720442757333,0.6166666666666667,0.2577612890576,0.2577612890576,1.0,0.043833333333333335,0.23191666666666666,0.11141666666666666,0.6128333333333333,0.062318517226226125,0.062318517226226125,1.0,0.12146077583201631,0.2901080453557865,0.1710406173102377,0.4173905615019595,0.16003990314191302,0.16003990314191302,1.0,0.08264705458267482,0.2610123560112266,0.1412286419884522,0.5151119474176464,0.0,0.0,1.0,0.14038127697814337,0.29591100745214854,0.20863567129397462,0.3550720442757333
169,0.26159462239093334,0.0,0.15098305172788193,135,18,0.0,0,0,160,0.14038127697814337,0.041666666666666664,0.29591100745214854,0.22333333333333333,0.20863567129397462,0.11833333333333333,0.3550720442757333,0.6166666666666667,0.2577612890576,0.2577612890576,1.0,0.043833333333333335,0.23191666666666666,0.11141666666666666,0.6128333333333333,0.062318517226226125,0.062318517226226125,1.0,0.12146077583201631,0.2901080453557865,0.1710406173102377,0.4173905615019595,0.16003990314191302,0.16003990314191302,1.0,0.08264705458267482,0.2610123560112266,0.1412286419884522,0.5151119474176464,0.0,0.0,1.0,0.14038127697814337,0.29591100745214854,0.20863567129397462,0.3550720442757333
170,0.26159462239093334,0.0,0.15098305172788193,152,18,0.0,0,1,170,0.14038127697814337,0.041666666666666664,0.29591100745214854,0.22333333333333333,0.20863567129397462,0.11833333333333333,0.3550720442757333,0.6166666666666667,0.25967795572426666,0.25967795572426666,1.0,0.042833333333333334,0.22758333333333333,0.11483333333333333,0.61475,0.1392782456035691,0.1392782456035691,1.0,0.20472419653334942,0.15663276184857952,0.25436808093213853,0.38427496068593253,0.14444043606723286,0.14444043606723286,1.0,0.12377876493334138,0.19210804759095643,0.18460070713273594,0.49951248034296625,0.0,0.0,1.0,0.14038127697814337,0.29591100745214854,0.20863567129397462,0.3550720442757333
171,0.25826128905759993,0.0,0.15098305172788193,130,18,0.0,0,0,170,0.14038127697814337,0.041666666666666664,0.29591100745214854,0.22333333333333333,0.20863567129397462,0.12166666666666667,0.3550720442757333,0.6133333333333333,0.25967795572426666,0.25967795572426666,1.0,0.042833333333333334,0.22758333333333333,0.11483333333333333,0.61475,0.1392782456035691,0.1392782456035691,1.0,0.20472419653334942,0.15663276184857952,0.25436808093213853,0.38427496068593253,0.14444043606723286,0.14444043606723286,1.0,0.12377876493334138,0.19210804759095643,0.18460070713273594,0.49951248034296625,0.0,0.0,1.0,0.14038127697814337,0.29591100745214854,0.20863567129397462,0.3550720442757333
172,0.25992795572426663,0.0,0.15098305172788193,122,18,0.0,0,0,170,0.14038127697814337,0.041666666666666664,0.29591100745214854,0.22333333333333333,0.20863567129397462,0.12,0.3550720442757333,0.615,0.25967795572426666,0.25967795572426666,1.0,0.042833333333333334,0.22758333333333333,0.11483333333333333,0.61475,0.1392782456035691,0.1392782456035691,1.0,0.20472419653334942,0.15663276184857952,0.25436808093213853,0.38427496068593253,0.14444043606723286,0.14444043606723286,1.0,0.12377876493334138,0.19210804759095643,0.18460070713273594,0.49951248034296625,0.0,0.0,1.0,0.14038127697814337,0.29591100745214854,0.20863567129397462,0.3550720442757333
173,0.25992795572426663,0.0,0.15098305172788193,140,18,0.0,0,0,170,0.14038127697814337,0.041666666666666664,0.29591100745214854,0.22333333333333333,0.20863567129397462,0.12,0.3550720442757333,0.615,0.25967795572426666,0.25967795572426666,1.0,0.042833333333333334,0.22758333333333333,0.11483333333333333,0.61475,0.1392782456035691,0.1392782456035691,1.0,0.20472419653334942,0.15663276184857952,0.25436808093213853,0.38427496068593253,0.14444043606723286,0.14444043606723286,1.0,0.12377876493334138,0.19210804759095643,0.18460070713273594,0.49951248034296625,0.0,0.0,1.0,0.14038127697814337,0.29591100745214854,0.20863567129397462,0.3550720442757333
174,0.25826128905759993,0.0,0.15098305172788193,128,18,0.0,0,0,170,0.14038127697814337,0.041666666666666664,0.29591100745214854,0.225,0.20863567129397462,0.12,0.3550720442757333,0.6133333333333333,0.25967795572426666,0.25967795572426666,1.0,0.042833333333333334,0.22758333333333333,0.11483333333333333,0.61475,0.1392782456035691,0.1392782456035691,1.0,0.20472419653334942,0.15663276184857952,0.25436808093213853,0.38427496068593253,0.14444043606723286,0.14444043606723286,1.0,0.12377876493334138,0.19210804759095643,0.18460070713273594,0.49951248034296625,0.0,0.0,1.0,0.14038127697814337,0.29591100745214854,0.20863567129397462,0.3550720442757333
175,0.25826128905759993,0.0,0.15098305172788193,114,18,0.0,0,0,170,0.14038127697814337,0.041666666666666664,0.29591100745214854,0.225,0.20863567129397462,0.12,0.3550720442757333,0.6133333333333333,0.25967795572426666,0.25967795572426666,1.0,0.042833333333333334,0.22758333333333333,0.11483333333333333,0.61475,0.1392782456035691,0.1392782456035691,1.0,0.20472419653334942,0.15663276184857952,0.25436808093213853,0.38427496068593253,0.14444043606723286,0.14444043606723286,1.0,0.12377876493334138,0.19210804759095643,0.18460070713273594,0.49951248034296625,0.0,0.0,1.0,0.14038127697814337,0.29591100745214854,0.20863567129397462,0.3550720442757333
176,0.25659462239093334,0.0,0.15098305172788193,120,18,0.0,0,0,170,0.14038127697814337,0.041666666666666664,0.29591100745214854,0.22333333333333333,0.20863567129397462,0.12333333333333334,0.3550720442757333,0.6116666666666667,0.25967795572426666,0.25967795572426666,1.0,0.042833333333333334,0.22758333333333333,0.11483333333333333,0.61475,0.1392782456035691,0.1392782456035691,1.0,0.20472419653334942,0.15663276184857952,0.25436808093213853,0.38427496068593253,0.14444043606723286,0.14444043606723286,1.0,0.12377876493334138,0.19210804759095643,0.18460070713273594,0.49951248034296625,0.0,0.0,1.0,0.14038127697814337,0.29591100745214854,0.20863567129397462,0.3550720442757333
177,0.25492795572426663,0.0,0.15098305172788193,127,18,0.0,0,0,170,0.14038127697814337,0.041666666666666664,0.29591100745214854,0.225,0.20863567129397462,0.12333333333333334,0.3550720442757333,0.61,0.25967795572426666,0.25967795572426666,1.0,0.042833333333333334,0.22758333333333333,0.11483333333333333,0.61475,0.1392782456035691,0.1392782456035691,1.0,0.20472419653334942,0.15663276184857952,0.25436808093213853,0.38427496068593253,0.14444043606723286,0.14444043606723286,1.0,0.12377876493334138,0.19210804759095643,0.18460070713273594,0.49951248034296625,0.0,0.0,1.0,0.14038127697814337,0.29591100745214854,0.20863567129397462,0.3550720442757333
178,0.25659462239093334,0.0,0.15098305172788193,127,18,0.0,0,0,170,0.14038127697814337,0.041666666666666664,0.29591100745214854,0.22333333333333333,0.20863567129397462,0.12333333333333334,0.3550720442757333,0.6116666666666667,0.25967795572426666,0.25967795572426666,1.0,0.042833333333333334,0.22758333333333333,0.11483333333333333,0.61475,0.1392782456035691,0.1392782456035691,1.0,0.20472419653334942,0.15663276184857952,0.25436808093213853,0.38427496068593253,0.14444043606723286,0.14444043606723286,1.0,0.12377876493334138,0.19210804759095643,0.18460070713273594,0.49951248034296625,0.0,0.0,1.0,0.14038127697814337,0.29591100745214854,0.20863567129397462,0.3550720442757333
179,0.25659462239093334,0.0,0.15098305172788193,119,18,0.0,0,0,170,0.14038127697814337,0.041666666666666664,0.29591100745214854,0.22333333333333333,0.20863567129397462,0.12333333333333334,0.3550720442757333,0.6116666666666667,0.25967795572426666,0.25967795572426666,1.0,0.042833333333333334,0.22758333333333333,0.11483333333333333,0.61475,0.1392782456035691,0.1392782456035691,1.0,0.20472419653334942,0.15663276184857952,0.25436808093213853,0.38427496068593253,0.14444043606723286,0.14444043606723286,1.0,0.12377876493334138,0.19210804759095643,0.18460070713273594,0.49951248034296625,0.0,0.0,1.0,0.14038127697814337,0.29591100745214854,0.20863567129397462,0.3550720442757333
180,0.25826128905759993,0.0,0.15098305172788193,116,18,0.0,0,1,180,0.14038127697814337,0.041666666666666664,0.29591100745214854,0.22166666666666668,0.20863567129397462,0.12333333333333334,0.3550720442757333,0.6133333333333333,0.25926128905759993,0.25926128905759993,1.0,0.04175,0.2245,0.11941666666666667,0.6143333333333333,0.11898387821083362,0.11898387821083362,1.0,0.14876953779197324,0.176927129241315,0.27872912455743865,0.3955742084092731,0.1498817265955698,0.1498817265955698,1.0,0.09525976889598663,0.2007135646206575,0.19907289561205266,0.5049537708713032,0.0,0.0,1.0,0.14038127697814337,0.29591100745214854,0.20863567129397462,0.3550720442757333
181,0.25826128905759993,0.0,0.15098305172788193,119,18,0.0,0,0,180,0.14038127697814337,0.041666666666666664,0.29591100745214854,0.22166666666666668,0.20863567129397462,0.12333333333333334,0.3550720442757333,0.6133333333333333,0.25926128905759993,0.25926128905759993,1.0,0.04175,0.2245,0.11941666666666667,0.6143333333333333,0.11898387821083362,0.11898387821083362,1.0,0.14876953779197324,0.176927129241315,0.27872912455743865,0.3955742084092731,0.1498817265955698,0.1498817265955698,1.0,0.09525976889598663,0.2007135646206575,0.19907289561205266,0.5049537708713032,0.0,0.0,1.0,0.14038127697814337,0.29591100745214854,0.20863567129397462,0.3550720442757333
182,0.25826128905759993,0.0,0.15098305172788193,139,18,0.0,0,0,180,0.14038127697814337,0.041666666666666664,0.29591100745214854,0.22166666666666668,0.20863567129397462,0.12333333333333334,0.3550720442757333,0.6133333333333333,0.25926128905759993,0.25926128905759993,1.0,0.04175,0.2245,0.11941666666666667,0.6143333333333333,0.11898387821083362,0.11898387821083362,1.0,0.14876953779197324,0.176927129241315,0.27872912455743865,0.3955742084092731,0.1498817265955698,0.1498817265955698,1.0,0.09525976889598663,0.2007135646206575,0.19907289561205266,0.5049537708713032,0.0,0.0,1.0,0.14038127697814337,0.29591100745214854,0.20863567129397462,0.3550720442757333
183,0.25659462239093334,0.0,0.15098305172788193,134,18,0.0,0,0,180,0.14038127697814337,0.041666666666666664,0.29591100745214854,0.22333333333333333,0.20863567129397462,0.12333333333333334,0.3550720442757333,0.6116666666666667,0.25926128905759993,0.25926128905759993,1.0,0.04175,0.2245,0.11941666666666667,0.6143333333333333,0.11898387821083362,0.11898387821083362,1.0,0.14876953779197324,0.176927129241315,0.27872912455743865,0.3955742084092731,0.1498817265955698,0.1498817265955698,1.0,0.09525976889598663,0.2007135646206575,0.19907289561205266,0.5049537708713032,0.0,0.0,1.0,0.14038127697814337,0.29591100745214854,0.20863567129397462,0.3550720442757333
184,0.25826128905759993,0.0,0.15098305172788193,123,18,0.0,0,0,180,0.14038127697814337,0.041666666666666664,0.29591100745214854,0.22333333333333333,0.20863567129397462,0.12166666666666667,0.3550720442757333,0.6133333333333333,0.25926128905759993,0.25926128905759993,1.0,0.04175,0.2245,0.11941666666666667,0.6143333333333333,0.11898387821083362,0.11898387821083362,1.0,0.14876953779197324,0.176927129241315,0.27872912455743865,0.3955742084092731,0.1498817265955698,0.1498817265955698,1.0,0.09525976889598663,0.2007135646206575,0.19907289561205266,0.5049537708713032,0.0,0.0,1.0,0.14038127697814337,0.29591100745214854,0.20863567129397462,0.3550720442757333
185,0.25659462239093334,0.0,0.15098305172788193,137,18,0.0,0,0,180,0.14038127697814337,0.041666666666666664,0.29591100745214854,0.22333333333333333,0.20863567129397462,0.12333333333333334,0.3550720442757333,0.6116666666666667,0.25926128905759993,0.25926128905759993,1.0,0.04175,0.2245,0.11941666666666667,0.6143333333333333,0.11898387821083362,0.11898387821083362,1.0,0.14876953779197324,0.176927129241315,0.27872912455743865,0.3955742084092731,0.1498817265955698,0.1498817265955698,1.0,0.09525976889598663,0.2007135646206575,0.19907289561205266,0.5049537708713032,0.0,0.0,1.0,0.14038127697814337,0.29591100745214854,0.20863567129397462,0.3550720442757333
186,0.25992795572426663,0.0,0.15098305172788193,132,18,0.0,0,0,180,0.14038127697814337,0.041666666666666664,0.29591100745214854,0.22166666666666668,0.20863567129397462,0.12166666666666667,0.3550720442757333,0.615,0.25926128905759993,0.25926128905759993,1.0,0.04175,0.2245,0.11941666666666667,0.6143333333333333,0.11898387821083362,0.11898387821083362,1.0,0.14876953779197324,0.176927129241315,0.27872912455743865,0.3955742084092731,0.1498817265955698,0.1498817265955698,1.0,0.09525976889598663,0.2007135646206575,0.19907289561205266,0.5049537708713032,0.0,0.0,1.0,0.14038127697814337,0.29591100745214854,0.20863567129397462,0.3550720442757333
187,0.25992795572426663,0.0,0.15098305172788193,114,18,0.0,0,0,180,0.14038127697814337,0.041666666666666664,0.29591100745214854,0.22166666666666668,0.20863567129397462,0.12166666666666667,0.3550720442757333,0.615,0.25926128905759993,0.25926128905759993,1.0,0.04175,0.2245,0.11941666666666667,0.6143333333333333,0.11898387821083362,0.11898387821083362,1.0,0.14876953779197324,0.176927129241315,0.27872912455743865,0.3955742084092731,0.1498817265955698,0.1498817265955698,1.0,0.09525976889598663,0.2007135646206575,0.19907289561205266,0.5049537708713032,0.0,0.0,1.0,0.14038127697814337,0.29591100745214854,0.20863567129397462,0.3550720442757333
188,0.25826128905759993,0.0,0.15098305172788193,129,18,0.0,0,0,180,0.14038127697814337,0.041666666666666664,0.29591100745214854,0.22333333333333333,0.20863567129397462,0.12166666666666667,0.3550720442757333,0.6133333333333333,0.25926128905759993,0.25926128905759993,1.0,0.04175,0.2245,0.11941666666666667,0.6143333333333333,0.11898387821083362,0.11898387821083362,1.0,0.14876953779197324,0.176927129241315,0.27872912455743865,0.3955742084092731,0.1498817265955698,0.1498817265955698,1.0,0.09525976889598663,0.2007135646206575,0.19907289561205266,0.5049537708713032,0.0,0.0,1.0,0.14038127697814337,0.29591100745214854,0.20863567129397462,0.3550720442757333
189,0.25826128905759993,0.0,0.15098305172788193,102,18,0.0,0,0,180,0.14038127697814337,0.041666666666666664,0.29591100745214854,0.22333333333333333,0.20863567129397462,0.12166666666666667,0.3550720442757333,0.6133333333333333,0.25926128905759993,0.25926128905759993,1.0,0.04175,0.2245,0.11941666666666667,0.6143333333333333,0.11898387821083362,0.11898387821083362,1.0,0.14876953779197324,0.176927129241315,0.27872912455743865,0.3955742084092731,0.1498817265955698,0.1498817265955698,1.0,0.09525976889598663,0.2007135646206575,0.19907289561205266,0.5049537708713032,0.0,0.0,1.0,0.14038127697814337,0.29591100745214854,0.20863567129397462,0.3550720442757333
190,0.25992795572426663,0.0,0.15098305172788193,123,18,0.0,0,1,190,0.14038127697814337,0.041666666666666664,0.29591100745214854,0.22166666666666668,0.20863567129397462,0.12166666666666667,0.3550720442757333,0.615,0.2580946223909333,0.2580946223909333,1.0,0.041666666666666664,0.22308333333333333,0.12208333333333334,0.6131666666666666,0.010204718735254609,0.010204718735254609,1.0,0.14700796457069668,0.2962188124274339,0.1984309525587201,0.3583422704431493,0.1306824242791746,0.1306824242791746,1.0,0.09433731561868167,0.25965107288038364,0.16025714294602672,0.485754468554908,0.0,0.0,1.0,0.14038127697814337,0.29591100745214854,0.20863567129397462,0.3550720442757333
191,0.26159462239093334,0.0,0.15098305172788193,127,17,0.0,0,0,190,0.14038127697814337,0.041666666666666664,0.29591100745214854,0.21833333333333332,0.20863567129397462,0.12333333333333334,0.3550720442757333,0.6166666666666667,0.2580946223909333,0.2580946223909333,1.0,0.041666666666666664,0.22308333333333333,0.12208333333333334,0.6131666666666666,0.010204718735254609,0.010204718735254609,1.0,0.14700796457069668,0.2962188124274339,0.1984309525587201,0.3583422704431493,0.1306824242791746,0.1306824242791746,1.0,0.09433731561868167,0.25965107288038364,0.16025714294602672,0.485754468554908,0.0,0.0,1.0,0.14038127697814337,0.29591100745214854,0.20863567129397462,0.3550720442757333
192,0.25992795572426663,0.0,0.15098305172788193,119,17,0.0,0,0,190,0.14038127697814337,0.041666666666666664,0.29591100745214854,0.22,0.20863567129397462,0.12333333333333334,0.3550720442757333,0.615,0.2580946223909333,0.2580946223909333,1.0,0.041666666666666664,0.22308333333333333,0.12208333333333334,0.6131666666666666,0.010204718735254609,0.010204718735254609,1.0,0.14700796457069668,0.2962188124274339,0.1984309525587201,0.3583422704431493,0.1306824242791746,0.1306824242791746,1.0,0.09433731561868167,0.25965107288038364,0.16025714294602672,0.485754468554908,0.0,0.0,1.0,0.14038127697814337,0.29591100745214854,0.20863567129397462,0.3550720442757333
193,0.25992795572426663,0.0,0.15098305172788193,109,17,0.0,0,0,190,0.14038127697814337,0.041666666666666664,0.29591100745214854,0.22,0.20863567129397462,0.12333333333333334,0.3550720442757333,0.615,0.2580946223909333,0.2580946223909333,1.0,0.041666666666666664,0.22308333333333333,0.12208333333333334,0.6131666666666666,0.010204718735254609,0.010204718735254609,1.0,0.14700796457069668,0.2962188124274339,0.1984309525587201,0.3583422704431493,0.1306824242791746,0.1306824242791746,1.0,0.09433731561868167,0.25965107288038364,0.16025714294602672,0.485754468554908,0.0,0.0,1.0,0.14038127697814337,0.29591100745214854,0.20863567129397462,0.3550720442757333
194,0.25992795572426663,0.0,0.15098305172788193,133,17,0.0,0,0,190,0.14038127697814337,0.041666666666666664,0.29591100745214854,0.22,0.20863567129397462,0.12333333333333334,0.3550720442757333,0.615,0.2580946223909333,0.2580946223909333,1.0,0.041666666666666664,0.22308333333333333,0.12208333333333334,0.6131666666666666,0.010204718735254609,0.010204718735254609,1.0,0.14700796457069668,0.2962188124274339,0.1984309525587201,0.3583422704431493,0.1306824242791746,0.1306824242791746,1.0,0.09433731561868167,0.25965107288038364,0.16025714294602672,0.485754468554908,0.0,0.0,1.0,0.14038127697814337,0.29591100745214854,0.20863567129397462,0.3550720442757333
195,0.25992795572426663,0.0,0.15098305172788193,123,17,0.0,0,0,190,0.14038127697814337,0.041666666666666664,0.29591100745214854,0.22,0.20863567129397462,0.12333333333333334,0.3550720442757333,0.615,0.2580946223909333,0.2580946223909333,1.0,0.041666666666666664,0.22308333333333333,0.12208333333333334,0.6131666666666666,0.010204718735254609,0.010204718735254609,1.0,0.14700796457069668,0.2962188124274339,0.1984309525587201,0.3583422704431493,0.1306824242791746,0.1306824242791746,1.0,0.09433731561868167,0.25965107288038364,0.16025714294602672,0.485754468554908,0.0,0.0,1.0,0.14038127697814337,0.29591100745214854,0.20863567129397462,0.3550720442757333
196,0.25992795572426663,0.0,0.15098305172788193,119,17,0.0,0,0,190,0.14038127697814337,0.041666666666666664,0.29591100745214854,0.22,0.20863567129397462,0.12333333333333334,0.3550720442757333,0.615,0.2580946223909333,0.2580946223909333,1.0,0.041666666666666664,0.22308333333333333,0.12208333333333334,0.6131666666666666,0.010204718735254609,0.010204718735254609,1.0,0.14700796457069668,0.2962188124274339,0.1984309525587201,0.3583422704431493,0.1306824242791746,0.1306824242791746,1.0,0.09433731561868167,0.25965107288038364,0.16025714294602672,0.485754468554908,0.0,0.0,1.0,0.14038127697814337,0.29591100745214854,0.20863567129397462,0.3550720442757333
197,0.26159462239093334,0.0,0.15098305172788193,109,17,0.0,0,0,190,0.14038127697814337,0.041666666666666664,0.29591100745214854,0.21833333333333332,0.20863567129397462,0.12333333333333334,0.3550720442757333,0.6166666666666667,0.2580946223909333,0.2580946223909333,1.0,0.041666666666666664,0.22308333333333333,0.12208333333333334,0.6131666666666666,0.010204718735254609,0.010204718735254609,1.0,0.14700796457069668,0.2962188124274339,0.1984309525587201,0.3583422704431493,0.1306824242791746,0.1306824242791746,1.0,0.09433731561868167,0.25965107288038364,0.16025714294602672,0.485754468554908,0.0,0.0,1.0,0.14038127697814337,0.29591100745214854,0.20863567129397462,0.3550720442757333
198,0.26159462239093334,0.0,0.15098305172788193,113,17,0.0,0,0,190,0.14038127697814337,0.041666666666666664,0.29591100745214854,0.22,0.20863567129397462,0.12166666666666667,0.3550720442757333,0.6166666666666667,0.2580946223909333,0.2580946223909333,1.0,0.041666666666666664,0.22308333333333333,0.12208333333333334,0.6131666666666666,0.010204718735254609,0.010204718735254609,1.0,0.14700796457069668,0.2962188124274339,0.1984309525587201,0.3583422704431493,0.1306824242791746,0.1306824242791746,1.0,0.09433731561868167,0.25965107288038364,0.16025714294602672,0.485754468554908,0.0,0.0,1.0,0.14038127697814337,0.29591100745214854,0.20863567129397462,0.3550720442757333
199,0.26326128905759993,0.0,0.15098305172788193,137,17,0.0,0,0,190,0.14038127697814337,0.041666666666666664,0.29591100745214854,0.21833333333333332,0.20863567129397462,0.12166666666666667,0.3550720442757333,0.6183333333333333,0.2580946223909333,0.2580946223909333,1.0,0.041666666666666664,0.22308333333333333,0.12208333333333334,0.6131666666666666,0.010204718735254609,0.010204718735254609,1.0,0.14700796457069668,0.2962188124274339,0.1984309525587201,0.3583422704431493,0.1306824242791746,0.1306824242791746,1.0,0.09433731561868167,0.25965107288038364,0.16025714294602672,0.485754468554908,0.0,0.0,1.0,0.14038127697814337,0.29591100745214854,0.20863567129397462,0.3550720442757333
200,0.29326128905759996,0.0,0.15098305172788193,112,13,0.0,0,1,200,0.14038127697814337,0.028333333333333332,0.29591100745214854,0.14833333333333334,0.20863567129397462,0.175,0.3550720442757333,0.6483333333333333,0.26126128905759993,0.26126128905759993,1.0,0.041,0.21741666666666667,0.12525,0.6163333333333333,0.030528722912971457,0.030528722912971457,1.0,0.14719496729443446,0.319626040048829,0.18735259529846912,0.3458263973582674,0.12600782107006697,0.12600782107006697,1.0,0.09409748364721723,0.26852135335774785,0.15630129764923456,0.4810798653458004,0.0,0.0,1.0,0.14038127697814337,0.29591100745214854,0.20863567129397462,0.3550720442757333
201,0.1996256177636253,0.0,0.15098305172788193,111,11,0.0,0,0,200,0.14038127697814337,0.008333333333333333,0.29591100745214854,0.22833333333333333,0.20863567129397462,0.21166666666666667,0.3550720442757333,0.5516666666666666,0.26126128905759993,0.26126128905759993,1.0,0.041,0.21741666666666667,0.12525,0.6163333333333333,0.030528722912971457,0.030528722912971457,1.0,0.14719496729443446,0.319626040048829,0.18735259529846912,0.3458263973582674,0.12600782107006697,0.12600782107006697,1.0,0.09409748364721723,0.26852135335774785,0.15630129764923456,0.4810798653458004,0.0,0.0,1.0,0.14038127697814337,0.29591100745214854,0.20863567129397462,0.3550720442757333
202,0.271292284430292,0.0,0.15098305172788193,91,10,0.0,0,0,200,0.14038127697814337,0.02666666666666667,0.29591100745214854,0.13833333333333334,0.20863567129397462,0.37,0.3550720442757333,0.465,0.26126128905759993,0.26126128905759993,1.0,0.041,0.21741666666666667,0.12525,0.6163333333333333,0.030528722912971457,0.030528722912971457,1.0,0.14719496729443446,0.319626040048829,0.18735259529846912,0.3458263973582674,0.12600782107006697,0.12600782107006697,1.0,0.09409748364721723,0.26852135335774785,0.15630129764923456,0.4810798653458004,0.0,0.0,1.0,0.14038127697814337,0.29591100745214854,0.20863567129397462,0.3550720442757333
203,0.25295895109695865,0.0,0.15098305172788193,101,12,0.0,0,0,200,0.14038127697814337,0.043333333333333335,0.29591100745214854,0.14,0.20863567129397462,0.23833333333333334,0.3550720442757333,0.5783333333333334,0.26126128905759993,0.26126128905759993,1.0,0.041,0.21741666666666667,0.12525,0.6163333333333333,0.030528722912971457,0.030528722912971457,1.0,0.14719496729443446,0.319626040048829,0.18735259529846912,0.3458263973582674,0.12600782107006697,0.12600782107006697,1.0,0.09409748364721723,0.26852135335774785,0.15630129764923456,0.4810798653458004,0.0,0.0,1.0,0.14038127697814337,0.29591100745214854,0.20863567129397462,0.3550720442757333
204,0.26795895109695866,0.0,0.15098305172788193,101,14,0.0,0,0,200,0.14038127697814337,0.041666666666666664,0.29591100745214854,0.12666666666666668,0.20863567129397462,0.23,0.3550720442757333,0.6016666666666667,0.26126128905759993,0.26126128905759993,1.0,0.041,0.21741666666666667,0.12525,0.6163333333333333,0.030528722912971457,0.030528722912971457,1.0,0.14719496729443446,0.319626040048829,0.18735259529846912,0.3458263973582674,0.12600782107006697,0.12600782107006697,1.0,0.09409748364721723,0.26852135335774785,0.15630129764923456,0.4810798653458004,0.0,0.0,1.0,0.14038127697814337,0.29591100745214854,0.20863567129397462,0.3550720442757333
205,0.24462561776362535,0.0,0.15098305172788193,104,13,0.0,0,0,200,0.14038127697814337,0.041666666666666664,0.29591100745214854,0.15,0.20863567129397462,0.2783333333333333,0.3550720442757333,0.53,0.26126128905759993,0.26126128905759993,1.0,0.041,0.21741666666666667,0.12525,0.6163333333333333,0.030528722912971457,0.030528722912971457,1.0,0.14719496729443446,0.319626040048829,0.18735259529846912,0.3458263973582674,0.12600782107006697,0.12600782107006697,1.0,0.09409748364721723,0.26852135335774785,0.15630129764923456,0.4810798653458004,0.0,0.0,1.0,0.14038127697814337,0.29591100745214854,0.20863567129397462,0.3550720442757333
206,0.201292284430292,0.0,0.15098305172788193,102,15,0.0,0,0,200,0.14038127697814337,0.06,0.29591100745214854,0.175,0.20863567129397462,0.29833333333333334,0.3550720442757333,0.4666666666666667,0.26126128905759993,0.26126128905759993,1.0,0.041,0.21741666666666667,0.12525,0.6163333333333333,0.030528722912971457,0.030528722912971457,1.0,0.14719496729443446,0.319626040048829,0.18735259529846912,0.3458263973582674,0.12600782107006697,0.12600782107006697,1.0,0.09409748364721723,0.26852135335774785,0.15630129764923456,0.4810798653458004,0.0,0.0,1.0,0.14038127697814337,0.29591100745214854,0.20863567129397462,0.3550720442757333
207,0.231292284430292,0.0,0.15098305172788193,83,17,0.0,0,0,200,0.14038127697814337,0.056666666666666664,0.29591100745214854,0.14833333333333334,0.20863567129397462,0.2966666666666667,0.3550720442757333,0.49833333333333335,0.26126128905759993,0.26126128905759993,1.0,0.041,0.21741666666666667,0.12525,0.6163333333333333,0.030528722912971457,0.030528722912971457,1.0,0.14719496729443446,0.319626040048829,0.18735259529846912,0.3458263973582674,0.12600782107006697,0.12600782107006697,1.0,0.09409748364721723,0.26852135335774785,0.15630129764923456,0.4810798653458004,0.0,0.0,1.0,0.14038127697814337,0.29591100745214854,0.20863567129397462,0.3550720442757333
208,0.29659462239093326,0.0,0.15098305172788193,97,17,0.0,0,0,200,0.14038127697814337,0.055,0.29591100745214854,0.14833333333333334,0.20863567129397462,0.145,0.3550720442757333,0.6516666666666666,0.26126128905759993,0.26126128905759993,1.0,0.041,0.21741666666666667,0.12525,0.6163333333333333,0.030528722912971457,0.030528722912971457,1.0,0.14719496729443446,0.319626040048829,0.18735259529846912,0.3458263973582674,0.12600782107006697,0.12600782107006697,1.0,0.09409748364721723,0.26852135335774785,0.15630129764923456,0.4810798653458004,0.0,0.0,1.0,0.14038127697814337,0.29591100745214854,0.20863567129397462,0.3550720442757333
209,0.3332612890576,0.0,0.15098305172788193,87,18,0.0,0,0,200,0.14038127697814337,0.05,0.29591100745214854,0.13833333333333334,0.20863567129397462,0.12333333333333334,0.3550720442757333,0.6883333333333334,0.26126128905759993,0.26126128905759993,1.0,0.041,0.21741666666666667,0.12525,0.6163333333333333,0.030528722912971457,0.030528722912971457,1.0,0.14719496729443446,0.319626040048829,0.18735259529846912,0.3458263973582674,0.12600782107006697,0.12600782107006697,1.0,0.09409748364721723,0.26852135335774785,0.15630129764923456,0.4810798653458004,0.0,0.0,1.0,0.14038127697814337,0.29591100745214854,0.20863567129397462,0.3550720442757333
210,0.36659462239093327,0.0,0.15098305172788193,107,18,0.0,0,1,210,0.14038127697814337,0.04833333333333333,0.29591100745214854,0.125,0.20863567129397462,0.105,0.3550720442757333,0.7216666666666667,0.2421779557242666,0.2421779557242666,1.0,0.04175,0.18208333333333335,0.17891666666666667,0.59725,0.12267270239885103,0.12267270239885103,1.0,0.05024545993065919,0.37393852947211087,0.1760987859426079,0.3997172246546221,0.14341156805157765,0.14341156805157765,1.0,0.045997729965329595,0.2780109314027221,0.1775077263046373,0.49848361232731103,0.0,0.0,1.0,0.14038127697814337,0.29591100745214854,0.20863567129397462,0.3550720442757333
211,0.3699279557242666,0.0,0.15098305172788193,106,18,0.0,0,0,210,0.14038127697814337,0.04666666666666667,0.29591100745214854,0.125,0.20863567129397462,0.10333333333333333,0.3550720442757333,0.725,0.2421779557242666,0.2421779557242666,1.0,0.04175,0.18208333333333335,0.17891666666666667,0.59725,0.12267270239885103,0.12267270239885103,1.0,0.05024545993065919,0.37393852947211087,0.1760987859426079,0.3997172246546221,0.14341156805157765,0.14341156805157765,1.0,0.045997729965329595,0.2780109314027221,0.1775077263046373,0.49848361232731103,0.0,0.0,1.0,0.14038127697814337,0.29591100745214854,0.20863567129397462,0.3550720442757333
212,0.3732612890576,0.0,0.15098305172788193,100,18,0.0,0,0,210,0.14038127697814337,0.051666666666666666,0.29591100745214854,0.11833333333333333,0.20863567129397462,0.10166666666666667,0.3550720442757333,0.7283333333333334,0.2421779557242666,0.2421779557242666,1.0,0.04175,0.18208333333333335,0.17891666666666667,0.59725,0.12267270239885103,0.12267270239885103,1.0,0.05024545993065919,0.37393852947211087,0.1760987859426079,0.3997172246546221,0.14341156805157765,0.14341156805157765,1.0,0.045997729965329595,0.2780109314027221,0.1775077263046373,0.49848361232731103,0.0,0.0,1.0,0.14038127697814337,0.29591100745214854,0.20863567129397462,0.3550720442757333
213,0.3732612890575999,0.0,0.15098305172788193,95,18,0.0,0,0,210,0.14038127697814337,0.04666666666666667,0.29591100745214854,0.11666666666666667,0.20863567129397462,0.10833333333333334,0.3550720442757333,0.7283333333333334,0.2421779557242666,0.2421779557242666,1.0,0.04175,0.18208333333333335,0.17891666666666667,0.59725,0.12267270239885103,0.12267270239885103,1.0,0.05024545993065919,0.37393852947211087,0.1760987859426079,0.3997172246546221,0.14341156805157765,0.14341156805157765,1.0,0.045997729965329595,0.2780109314027221,0.1775077263046373,0.49848361232731103,0.0,0.0,1.0,0.14038127697814337,0.29591100745214854,0.20863567129397462,0.3550720442757333
214,0.37659462239093333,0.0,0.15098305172788193,126,18,0.0,0,0,210,0.14038127697814337,0.045,0.29591100745214854,0.11666666666666667,0.20863567129397462,0.10666666666666667,0.3550720442757333,0.7316666666666667,0.2421779557242666,0.2421779557242666,1.0,0.04175,0.18208333333333335,0.17891666666666667,0.59725,0.12267270239885103,0.12267270239885103,1.0,0.05024545993065919,0.37393852947211087,0.1760987859426079,0.3997172246546221,0.14341156805157765,0.14341156805157765,1.0,0.045997729965329595,0.2780109314027221,0.1775077263046373,0.49848361232731103,0.0,0.0,1.0,0.14038127697814337,0.29591100745214854,0.20863567129397462,0.3550720442757333
215,0.3749279557242666,0.0,0.15098305172788193,111,18,0.0,0,0,210,0.14038127697814337,0.043333333333333335,0.29591100745214854,0.12,0.20863567129397462,0.10666666666666667,0.3550720442757333,0.73,0.2421779557242666,0.2421779557242666,1.0,0.04175,0.18208333333333335,0.17891666666666667,0.59725,0.12267270239885103,0.12267270239885103,1.0,0.05024545993065919,0.37393852947211087,0.1760987859426079,0.3997172246546221,0.14341156805157765,0.14341156805157765,1.0,0.045997729965329595,0.2780109314027221,0.1775077263046373,0.49848361232731103,0.0,0.0,1.0,0.14038127697814337,0.29591100745214854,0.20863567129397462,0.3550720442757333
216,0.3765946223909333,0.0,0.15098305172788193,104,18,0.0,0,0,210,0.14038127697814337,0.043333333333333335,0.29591100745214854,0.12,0.20863567129397462,0.105,0.3550720442757333,0.7316666666666667,0.2421779557242666,0.2421779557242666,1.0,0.04175,0.18208333333333335,0.17891666666666667,0.59725,0.12267270239885103,0.12267270239885103,1.0,0.05024545993065919,0.37393852947211087,0.1760987859426079,0.3997172246546221,0.14341156805157765,0.14341156805157765,1.0,0.045997729965329595,0.2780109314027221,0.1775077263046373,0.49848361232731103,0.0,0.0,1.0,0.14038127697814337,0.29591100745214854,0.20863567129397462,0.3550720442757333
217,0.3782612890575999,0.0,0.15098305172788193,107,18,0.0,0,0,210,0.14038127697814337,0.045,0.29591100745214854,0.11666666666666667,0.20863567129397462,0.105,0.3550720442757333,0.7333333333333333,0.2421779557242666,0.2421779557242666,1.0,0.04175,0.18208333333333335,0.17891666666666667,0.59725,0.12267270239885103,0.12267270239885103,1.0,0.05024545993065919,0.37393852947211087,0.1760987859426079,0.3997172246546221,0.14341156805157765,0.14341156805157765,1.0,0.045997729965329595,0.2780109314027221,0.1775077263046373,0.49848361232731103,0.0,0.0,1.0,0.14038127697814337,0.29591100745214854,0.20863567129397462,0.3550720442757333
218,0.3782612890575999,0.0,0.15098305172788193,116,18,0.0,0,0,210,0.14038127697814337,0.045,0.29591100745214854,0.11833333333333333,0.20863567129397462,0.10333333333333333,0.3550720442757333,0.7333333333333333,0.2421779557242666,0.2421779557242666,1.0,0.04175,0.18208333333333335,0.17891666666666667,0.59725,0.12267270239885103,0.12267270239885103,1.0,0.05024545993065919,0.37393852947211087,0.1760987859426079,0.3997172246546221,0.14341156805157765,0.14341156805157765,1.0,0.045997729965329595,0.2780109314027221,0.1775077263046373,0.49848361232731103,0.0,0.0,1.0,0.14038127697814337,0.29591100745214854,0.20863567129397462,0.3550720442757333
219,0.3782612890575999,0.0,0.15098305172788193,101,18,0.0,0,0,210,0.14038127697814337,0.045,0.29591100745214854,0.11833333333333333,0.20863567129397462,0.10333333333333333,0.3550720442757333,0.7333333333333333,0.2421779557242666,0.2421779557242666,1.0,0.04175,0.18208333333333335,0.17891666666666667,0.59725,0.12267270239885103,0.12267270239885103,1.0,0.05024545993065919,0.37393852947211087,0.1760987859426079,0.3997172246546221,0.14341156805157765,0.14341156805157765,1.0,0.045997729965329595,0.2780109314027221,0.1775077263046373,0.49848361232731103,0.0,0.0,1.0,0.14038127697814337,0.29591100745214854,0.20863567129397462,0.3550720442757333
220,0.37992795572426663,0.0,0.15098305172788193,100,18,0.0,0,1,220,0.14038127697814337,0.045,0.29591100745214854,0.11833333333333333,0.20863567129397462,0.10166666666666667,0.3550720442757333,0.735,0.2980946223909333,0.2980946223909333,1.0,0.04441666666666667,0.13533333333333333,0.16708333333333333,0.6531666666666667,0.0406294371980714,0.0406294371980714,1.0,0.10467018411791584,0.2909926631143048,0.23942453706768566,0.36491261570009376,0.1539675969076468,0.1539675969076468,1.0,0.07454342539229125,0.21316299822381907,0.2032539352005095,0.5090396411833802,0.0,0.0,1.0,0.14038127697814337,0.29591100745214854,0.20863567129397462,0.3550720442757333
221,0.3782612890575999,0.0,0.15098305172788193,102,18,0.0,0,0,220,0.14038127697814337,0.045,0.29591100745214854,0.11833333333333333,0.20863567129397462,0.10333333333333333,0.3550720442757333,0.7333333333333333,0.2980946223909333,0.2980946223909333,1.0,0.04441666666666667,0.13533333333333333,0.16708333333333333,0.6531666666666667,0.0406294371980714,0.0406294371980714,1.0,0.10467018411791584,0.2909926631143048,0.23942453706768566,0.36491261570009376,0.1539675969076468,0.1539675969076468,1.0,0.07454342539229125,0.21316299822381907,0.2032539352005095,0.5090396411833802,0.0,0.0,1.0,0.14038127697814337,0.29591100745214854,0.20863567129397462,0.3550720442757333
222,0.3732612890576,0.0,0.15098305172788193,121,19,0.0,0,0,220,0.14038127697814337,0.04833333333333333,0.29591100745214854,0.11833333333333333,0.20863567129397462,0.105,0.3550720442757333,0.7283333333333334,0.2980946223909333,0.2980946223909333,1.0,0.04441666666666667,0.13533333333333333,0.16708333333333333,0.6531666666666667,0.0406294371980714,0.0406294371980714,1.0,0.10467018411791584,0.2909926631143048,0.23942453706768566,0.36491261570009376,0.1539675969076468,0.1539675969076468,1.0,0.07454342539229125,0.21316299822381907,0.2032539352005095,0.5090396411833802,0.0,0.0,1.0,0.14038127697814337,0.29591100745214854,0.20863567129397462,0.3550720442757333
223,0.37659462239093333,0.0,0.15098305172788193,133,19,0.0,0,0,220,0.14038127697814337,0.04833333333333333,0.29591100745214854,0.11333333333333333,0.20863567129397462,0.10666666666666667,0.3550720442757333,0.7316666666666667,0.2980946223909333,0.2980946223909333,1.0,0.04441666666666667,0.13533333333333333,0.16708333333333333,0.6531666666666667,0.0406294371980714,0.0406294371980714,1.0,0.10467018411791584,0.2909926631143048,0.23942453706768566,0.36491261570009376,0.1539675969076468,0.1539675969076468,1.0,0.07454342539229125,0.21316299822381907,0.2032539352005095,0.5090396411833802,0.0,0.0,1.0,0.14038127697814337,0.29591100745214854,0.20863567129397462,0.3550720442757333
224,0.37659462239093333,0.0,0.15098305172788193,97,19,0.0,0,0,220,0.14038127697814337,0.04666666666666667,0.29591100745214854,0.11333333333333333,0.20863567129397462,0.10833333333333334,0.3550720442757333,0.7316666666666667,0.2980946223909333,0.2980946223909333,1.0,0.04441666666666667,0.13533333333333333,0.16708333333333333,0.6531666666666667,0.0406294371980714,0.0406294371980714,1.0,0.10467018411791584,0.2909926631143048,0.23942453706768566,0.36491261570009376,0.1539675969076468,0.1539675969076468,1.0,0.07454342539229125,0.21316299822381907,0.2032539352005095,0.5090396411833802,0.0,0.0,1.0,0.14038127697814337,0.29591100745214854,0.20863567129397462,0.3550720442757333
225,0.38159462239093334,0.0,0.15098305172788193,112,19,0.0,0,0,220,0.14038127697814337,0.045,0.29591100745214854,0.11,0.20863567129397462,0.10833333333333334,0.3550720442757333,0.7366666666666667,0.2980946223909333,0.2980946223909333,1.0,0.04441666666666667,0.13533333333333333,0.16708333333333333,0.6531666666666667,0.0406294371980714,0.0406294371980714,1.0,0.10467018411791584,0.2909926631143048,0.23942453706768566,0.36491261570009376,0.1539675969076468,0.1539675969076468,1.0,0.07454342539229125,0.21316299822381907,0.2032539352005095,0.5090396411833802,0.0,0.0,1.0,0.14038127697814337,0.29591100745214854,0.20863567129397462,0.3550720442757333
226,0.38492795572426663,0.0,0.15098305172788193,100,19,0.0,0,0,220,0.14038127697814337,0.045,0.29591100745214854,0.10666666666666667,0.20863567129397462,0.10833333333333334,0.3550720442757333,0.74,0.2980946223909333,0.2980946223909333,1.0,0.04441666666666667,0.13533333333333333,0.16708333333333333,0.6531666666666667,0.0406294371980714,0.0406294371980714,1.0,0.10467018411791584,0.2909926631143048,0.23942453706768566,0.36491261570009376,0.1539675969076468,0.1539675969076468,1.0,0.07454342539229125,0.21316299822381907,0.2032539352005095,0.5090396411833802,0.0,0.0,1.0,0.14038127697814337,0.29591100745214854,0.20863567129397462,0.3550720442757333
227,0.38992795572426664,0.0,0.15098305172788193,110,19,0.0,0,0,220,0.14038127697814337,0.041666666666666664,0.29591100745214854,0.10333333333333333,0.20863567129397462,0.11,0.3550720442757333,0.745,0.2980946223909333,0.2980946223909333,1.0,0.04441666666666667,0.13533333333333333,0.16708333333333333,0.6531666666666667,0.0406294371980714,0.0406294371980714,1.0,0.10467018411791584,0.2909926631143048,0.23942453706768566,0.36491261570009376,0.1539675969076468,0.1539675969076468,1.0,0.07454342539229125,0.21316299822381907,0.2032539352005095,0.5090396411833802,0.0,0.0,1.0,0.14038127697814337,0.29591100745214854,0.20863567129397462,0.3550720442757333
228,0.38992795572426664,0.0,0.15098305172788193,103,19,0.0,0,0,220,0.14038127697814337,0.041666666666666664,0.29591100745214854,0.10333333333333333,0.20863567129397462,0.11,0.3550720442757333,0.745,0.2980946223909333,0.2980946223909333,1.0,0.04441666666666667,0.13533333333333333,0.16708333333333333,0.6531666666666667,0.0406294371980714,0.0406294371980714,1.0,0.10467018411791584,0.2909926631143048,0.23942453706768566,0.36491261570009376,0.1539675969076468,0.1539675969076468,1.0,0.07454342539229125,0.21316299822381907,0.2032539352005095,0.5090396411833802,0.0,0.0,1.0,0.14038127697814337,0.29591100745214854,0.20863567129397462,0.3550720442757333
229,0.38992795572426664,0.0,0.15098305172788193,98,19,0.0,0,0,220,0.14038127697814337,0.041666666666666664,0.29591100745214854,0.10333333333333333,0.20863567129397462,0.11,0.3550720442757333,0.745,0.2980946223909333,0.2980946223909333,1.0,0.04441666666666667,0.13533333333333333,0.16708333333333333,0.6531666666666667,0.0406294371980714,0.0406294371980714,1.0,0.10467018411791584,0.2909926631143048,0.23942453706768566,0.36491261570009376,0.1539675969076468,0.1539675969076468,1.0,0.07454342539229125,0.21316299822381907,0.2032539352005095,0.5090396411833802,0.0,0.0,1.0,0.14038127697814337,0.29591100745214854,0.20863567129397462,0.3550720442757333
230,0.3899279557242666,0.0,0.15098305172788193,109,19,0.0,0,1,230,0.14038127697814337,0.043333333333333335,0.29591100745214854,0.10166666666666667,0.20863567129397462,0.11,0.3550720442757333,0.745,0.3795112890576,0.3795112890576,1.0,0.04516666666666667,0.114,0.10625,0.7345833333333334,0.10969925885706974,0.10969925885706974,1.0,0.21777188590999852,0.1862117485950789,0.22511168627459363,0.370904679220329,0.19767196200109777,0.19767196200109777,1.0,0.1314692762883326,0.15010587429753947,0.1656808431372968,0.5527440062768312,0.0,0.0,1.0,0.14038127697814337,0.29591100745214854,0.20863567129397462,0.3550720442757333
231,0.3865946223909333,0.0,0.15098305172788193,100,19,0.0,0,0,230,0.14038127697814337,0.045,0.29591100745214854,0.10166666666666667,0.20863567129397462,0.11166666666666666,0.3550720442757333,0.7416666666666667,0.3795112890576,0.3795112890576,1.0,0.04516666666666667,0.114,0.10625,0.7345833333333334,0.10969925885706974,0.10969925885706974,1.0,0.21777188590999852,0.1862117485950789,0.22511168627459363,0.370904679220329,0.19767196200109777,0.19767196200109777,1.0,0.1314692762883326,0.15010587429753947,0.1656808431372968,0.5527440062768312,0.0,0.0,1.0,0.14038127697814337,0.29591100745214854,0.20863567129397462,0.3550720442757333
232,0.3865946223909333,0.0,0.15098305172788193,121,19,0.0,0,0,230,0.14038127697814337,0.045,0.29591100745214854,0.10166666666666667,0.20863567129397462,0.11166666666666666,0.3550720442757333,0.7416666666666667,0.3795112890576,0.3795112890576,1.0,0.04516666666666667,0.114,0.10625,0.7345833333333334,0.10969925885706974,0.10969925885706974,1.0,0.21777188590999852,0.1862117485950789,0.22511168627459363,0.370904679220329,0.19767196200109777,0.19767196200109777,1.0,0.1314692762883326,0.15010587429753947,0.1656808431372968,0.5527440062768312,0.0,0.0,1.0,0.14038127697814337,0.29591100745214854,0.20863567129397462,0.3550720442757333
233,0.38492795572426663,0.0,0.15098305172788193,110,19,0.0,0,0,230,0.14038127697814337,0.045,0.29591100745214854,0.10166666666666667,0.20863567129397462,0.11333333333333333,0.3550720442757333,0.74,0.3795112890576,0.3795112890576,1.0,0.04516666666666667,0.114,0.10625,0.7345833333333334,0.10969925885706974,0.10969925885706974,1.0,0.21777188590999852,0.1862117485950789,0.22511168627459363,0.370904679220329,0.19767196200109777,0.19767196200109777,1.0,0.1314692762883326,0.15010587429753947,0.1656808431372968,0.5527440062768312,0.0,0.0,1.0,0.14038127697814337,0.29591100745214854,0.20863567129397462,0.3550720442757333
234,0.3865946223909333,0.0,0.15098305172788193,91,19,0.0,0,0,230,0.14038127697814337,0.043333333333333335,0.29591100745214854,0.10166666666666667,0.20863567129397462,0.11333333333333333,0.3550720442757333,0.7416666666666667,0.3795112890576,0.3795112890576,1.0,0.04516666666666667,0.114,0.10625,0.7345833333333334,0.10969925885706974,0.10969925885706974,1.0,0.21777188590999852,0.1862117485950789,0.22511168627459363,0.370904679220329,0.19767196200109777,0.19767196200109777,1.0,0.1314692762883326,0.15010587429753947,0.1656808431372968,0.5527440062768312,0.0,0.0,1.0,0.14038127697814337,0.29591100745214854,0.20863567129397462,0.3550720442757333
235,0.38992795572426664,0.0,0.15098305172788193,115,19,0.0,0,0,230,0.14038127697814337,0.043333333333333335,0.29591100745214854,0.1,0.20863567129397462,0.11166666666666666,0.3550720442757333,0.745,0.3795112890576,0.3795112890576,1.0,0.04516666666666667,0.114,0.10625,0.7345833333333334,0.10969925885706974,0.10969925885706974,1.0,0.21777188590999852,0.1862117485950789,0.22511168627459363,0.370904679220329,0.19767196200109777,0.19767196200109777,1.0,0.1314692762883326,0.15010587429753947,0.1656808431372968,0.5527440062768312,0.0,0.0,1.0,0.14038127697814337,0.29591100745214854,0.20863567129397462,0.3550720442757333
236,0.38826128905759993,0.0,0.15098305172788193,113,19,0.0,0,0,230,0.14038127697814337,0.043333333333333335,0.29591100745214854,0.10166666666666667,0.20863567129397462,0.11166666666666666,0.3550720442757333,0.7433333333333333,0.3795112890576,0.3795112890576,1.0,0.04516666666666667,0.114,0.10625,0.7345833333333334,0.10969925885706974,0.10969925885706974,1.0,0.21777188590999852,0.1862117485950789,0.22511168627459363,0.370904679220329,0.19767196200109777,0.19767196200109777,1.0,0.1314692762883326,0.15010587429753947,0.1656808431372968,0.5527440062768312,0.0,0.0,1.0,0.14038127697814337,0.29591100745214854,0.20863567129397462,0.3550720442757333
237,0.38659462239093334,0.0,0.15098305172788193,111,19,0.0,0,0,230,0.14038127697814337,0.041666666666666664,0.29591100745214854,0.10333333333333333,0.20863567129397462,0.11333333333333333,0.3550720442757333,0.7416666666666667,0.3795112890576,0.3795112890576,1.0,0.04516666666666667,0.114,0.10625,0.7345833333333334,0.10969925885706974,0.10969925885706974,1.0,0.21777188590999852,0.1862117485950789,0.22511168627459363,0.370904679220329,0.19767196200109777,0.19767196200109777,1.0,0.1314692762883326,0.15010587429753947,0.1656808431372968,0.5527440062768312,0.0,0.0,1.0,0.14038127697814337,0.29591100745214854,0.20863567129397462,0.3550720442757333
238,0.38326128905759993,0.0,0.15098305172788193,108,20,0.0,0,0,230,0.14038127697814337,0.043333333333333335,0.29591100745214854,0.10333333333333333,0.20863567129397462,0.115,0.3550720442757333,0.7383333333333333,0.3795112890576,0.3795112890576,1.0,0.04516666666666667,0.114,0.10625,0.7345833333333334,0.10969925885706974,0.10969925885706974,1.0,0.21777188590999852,0.1862117485950789,0.22511168627459363,0.370904679220329,0.19767196200109777,0.19767196200109777,1.0,0.1314692762883326,0.15010587429753947,0.1656808431372968,0.5527440062768312,0.0,0.0,1.0,0.14038127697814337,0.29591100745214854,0.20863567129397462,0.3550720442757333
239,0.38326128905759993,0.0,0.15098305172788193,118,20,0.0,0,0,230,0.14038127697814337,0.043333333333333335,0.29591100745214854,0.10333333333333333,0.20863567129397462,0.115,0.3550720442757333,0.7383333333333333,0.3795112890576,0.3795112890576,1.0,0.04516666666666667,0.114,0.10625,0.7345833333333334,0.10969925885706974,0.10969925885706974,1.0,0.21777188590999852,0.1862117485950789,0.22511168627459363,0.370904679220329,0.19767196200109777,0.19767196200109777,1.0,0.1314692762883326,0.15010587429753947,0.1656808431372968,0.5527440062768312,0.0,0.0,1.0,0.14038127697814337,0.29591100745214854,0.20863567129397462,0.3550720442757333
