step,attention_error,preference_change,uniform_prior_error,interactions,pool_size,official_exposure_share,official_arrivals,observation_updated,last_observed_at,truth_0,attention_0,truth_1,attention_1,truth_2,attention_2,truth_3,attention_3,error_platform,initial_error_platform,top_accuracy_platform,estimate_platform_0,estimate_platform_1,estimate_platform_2,estimate_platform_3,error_survey,initial_error_survey,top_accuracy_survey,estimate_survey_0,estimate_survey_1,estimate_survey_2,estimate_survey_3,error_fused,initial_error_fused,top_accuracy_fused,estimate_fused_0,estimate_fused_1,estimate_fused_2,estimate_fused_3,error_oracle,initial_error_oracle,top_accuracy_oracle,estimate_oracle_0,estimate_oracle_1,estimate_oracle_2,estimate_oracle_3
0,0.0411706597534958,0.0,0.1547954151249854,87,28,0.0,0,1,0,0.3421626735798376,0.38333333333333336,0.31263274154514786,0.2916666666666667,0.12246221861146571,0.10833333333333334,0.22274236626354896,0.21666666666666667,0.0411706597534958,0.0411706597534958,1.0,0.38333333333333336,0.2916666666666667,0.10833333333333334,0.21666666666666667,0.06563700019017324,0.06563700019017324,1.0,0.3947474671259685,0.2647983992836029,0.10465956068283734,0.2357945729075912,0.05036598017339338,0.05036598017339338,1.0,0.3890404002296509,0.2782325329751348,0.10649644700808533,0.22623061978712894,0.0,0.0,1.0,0.3421626735798376,0.31263274154514786,0.12246221861146571,0.22274236626354896
1,0.0411706597534958,0.0,0.1547954151249854,106,29,0.0,0,0,0,0.3421626735798376,0.38333333333333336,0.31263274154514786,0.2916666666666667,0.12246221861146571,0.10833333333333334,0.22274236626354896,0.21666666666666667,0.0411706597534958,0.0411706597534958,1.0,0.38333333333333336,0.2916666666666667,0.10833333333333334,0.21666666666666667,0.06563700019017324,0.06563700019017324,1.0,0.3947474671259685,0.2647983992836029,0.10465956068283734,0.2357945729075912,0.05036598017339338,0.05036598017339338,1.0,0.3890404002296509,0.2782325329751348,0.10649644700808533,0.22623061978712894,0.0,0.0,1.0,0.3421626735798376,0.31263274154514786,0.12246221861146571,0.22274236626354896
2,0.0411706597534958,0.0,0.1547954151249854,113,33,0.0,0,0,0,0.3421626735798376,0.38333333333333336,0.31263274154514786,0.2916666666666667,0.12246221861146571,0.10833333333333334,0.22274236626354896,0.21666666666666667,0.0411706597534958,0.0411706597534958,1.0,0.38333333333333336,0.2916666666666667,0.10833333333333334,0.21666666666666667,0.06563700019017324,0.06563700019017324,1.0,0.3947474671259685,0.2647983992836029,0.10465956068283734,0.2357945729075912,0.05036598017339338,0.05036598017339338,1.0,0.3890404002296509,0.2782325329751348,0.10649644700808533,0.22623061978712894,0.0,0.0,1.0,0.3421626735798376,0.31263274154514786,0.12246221861146571,0.22274236626354896
3,0.0411706597534958,0.0,0.1547954151249854,93,35,0.0,0,0,0,0.3421626735798376,0.38333333333333336,0.31263274154514786,0.2916666666666667,0.12246221861146571,0.10833333333333334,0.22274236626354896,0.21666666666666667,0.0411706597534958,0.0411706597534958,1.0,0.38333333333333336,0.2916666666666667,0.10833333333333334,0.21666666666666667,0.06563700019017324,0.06563700019017324,1.0,0.3947474671259685,0.2647983992836029,0.10465956068283734,0.2357945729075912,0.05036598017339338,0.05036598017339338,1.0,0.3890404002296509,0.2782325329751348,0.10649644700808533,0.22623061978712894,0.0,0.0,1.0,0.3421626735798376,0.31263274154514786,0.12246221861146571,0.22274236626354896
4,0.0411706597534958,0.0,0.1547954151249854,95,38,0.0,0,0,0,0.3421626735798376,0.38333333333333336,0.31263274154514786,0.2916666666666667,0.12246221861146571,0.10833333333333334,0.22274236626354896,0.21666666666666667,0.0411706597534958,0.0411706597534958,1.0,0.38333333333333336,0.2916666666666667,0.10833333333333334,0.21666666666666667,0.06563700019017324,0.06563700019017324,1.0,0.3947474671259685,0.2647983992836029,0.10465956068283734,0.2357945729075912,0.05036598017339338,0.05036598017339338,1.0,0.3890404002296509,0.2782325329751348,0.10649644700808533,0.22623061978712894,0.0,0.0,1.0,0.3421626735798376,0.31263274154514786,0.12246221861146571,0.22274236626354896
5,0.0411706597534958,0.0,0.1547954151249854,83,40,0.0,0,0,0,0.3421626735798376,0.38333333333333336,0.31263274154514786,0.2916666666666667,0.12246221861146571,0.10833333333333334,0.22274236626354896,0.21666666666666667,0.0411706597534958,0.0411706597534958,1.0,0.38333333333333336,0.2916666666666667,0.10833333333333334,0.21666666666666667,0.06563700019017324,0.06563700019017324,1.0,0.3947474671259685,0.2647983992836029,0.10465956068283734,0.2357945729075912,0.05036598017339338,0.05036598017339338,1.0,0.3890404002296509,0.2782325329751348,0.10649644700808533,0.22623061978712894,0.0,0.0,1.0,0.3421626735798376,0.31263274154514786,0.12246221861146571,0.22274236626354896
6,0.0411706597534958,0.0,0.1547954151249854,101,43,0.0,0,0,0,0.3421626735798376,0.38333333333333336,0.31263274154514786,0.2916666666666667,0.12246221861146571,0.10833333333333334,0.22274236626354896,0.21666666666666667,0.0411706597534958,0.0411706597534958,1.0,0.38333333333333336,0.2916666666666667,0.10833333333333334,0.21666666666666667,0.06563700019017324,0.06563700019017324,1.0,0.3947474671259685,0.2647983992836029,0.10465956068283734,0.2357945729075912,0.05036598017339338,0.05036598017339338,1.0,0.3890404002296509,0.2782325329751348,0.10649644700808533,0.22623061978712894,0.0,0.0,1.0,0.3421626735798376,0.31263274154514786,0.12246221861146571,0.22274236626354896
7,0.0411706597534958,0.0,0.1547954151249854,86,45,0.0,0,0,0,0.3421626735798376,0.38333333333333336,0.31263274154514786,0.2916666666666667,0.12246221861146571,0.10833333333333334,0.22274236626354896,0.21666666666666667,0.0411706597534958,0.0411706597534958,1.0,0.38333333333333336,0.2916666666666667,0.10833333333333334,0.21666666666666667,0.06563700019017324,0.06563700019017324,1.0,0.3947474671259685,0.2647983992836029,0.10465956068283734,0.2357945729075912,0.05036598017339338,0.05036598017339338,1.0,0.3890404002296509,0.2782325329751348,0.10649644700808533,0.22623061978712894,0.0,0.0,1.0,0.3421626735798376,0.31263274154514786,0.12246221861146571,0.22274236626354896
8,0.0411706597534958,0.0,0.1547954151249854,100,48,0.0,0,0,0,0.3421626735798376,0.38333333333333336,0.31263274154514786,0.2916666666666667,0.12246221861146571,0.10833333333333334,0.22274236626354896,0.21666666666666667,0.0411706597534958,0.0411706597534958,1.0,0.38333333333333336,0.2916666666666667,0.10833333333333334,0.21666666666666667,0.06563700019017324,0.06563700019017324,1.0,0.3947474671259685,0.2647983992836029,0.10465956068283734,0.2357945729075912,0.05036598017339338,0.05036598017339338,1.0,0.3890404002296509,0.2782325329751348,0.10649644700808533,0.22623061978712894,0.0,0.0,1.0,0.3421626735798376,0.31263274154514786,0.12246221861146571,0.22274236626354896
9,0.0411706597534958,0.0,0.1547954151249854,80,49,0.0,0,0,0,0.3421626735798376,0.38333333333333336,0.31263274154514786,0.2916666666666667,0.12246221861146571,0.10833333333333334,0.22274236626354896,0.21666666666666667,0.0411706597534958,0.0411706597534958,1.0,0.38333333333333336,0.2916666666666667,0.10833333333333334,0.21666666666666667,0.06563700019017324,0.06563700019017324,1.0,0.3947474671259685,0.2647983992836029,0.10465956068283734,0.2357945729075912,0.05036598017339338,0.05036598017339338,1.0,0.3890404002296509,0.2782325329751348,0.10649644700808533,0.22623061978712894,0.0,0.0,1.0,0.3421626735798376,0.31263274154514786,0.12246221861146571,0.22274236626354896
10,0.0411706597534958,0.0,0.1547954151249854,112,52,0.0,0,1,10,0.3421626735798376,0.38333333333333336,0.31263274154514786,0.2916666666666667,0.12246221861146571,0.10833333333333334,0.22274236626354896,0.21666666666666667,0.0411706597534958,0.0411706597534958,1.0,0.38333333333333336,0.2916666666666667,0.10833333333333334,0.21666666666666667,0.039183341768759206,0.039183341768759206,1.0,0.3627260674042316,0.331252689489513,0.10770658155637068,0.19831466154988467,0.03086702678894495,0.03086702678894495,1.0,0.37302970036878247,0.31145967807808983,0.10801995744485202,0.20749066410827566,0.0,0.0,1.0,0.3421626735798376,0.31263274154514786,0.12246221861146571,0.22274236626354896
11,0.0411706597534958,0.0,0.1547954151249854,98,55,0.0,0,0,10,0.3421626735798376,0.38333333333333336,0.31263274154514786,0.2916666666666667,0.12246221861146571,0.10833333333333334,0.22274236626354896,0.21666666666666667,0.0411706597534958,0.0411706597534958,1.0,0.38333333333333336,0.2916666666666667,0.10833333333333334,0.21666666666666667,0.039183341768759206,0.039183341768759206,1.0,0.3627260674042316,0.331252689489513,0.10770658155637068,0.19831466154988467,0.03086702678894495,0.03086702678894495,1.0,0.37302970036878247,0.31145967807808983,0.10801995744485202,0.20749066410827566,0.0,0.0,1.0,0.3421626735798376,0.31263274154514786,0.12246221861146571,0.22274236626354896
12,0.0411706597534958,0.0,0.1547954151249854,87,57,0.0,0,0,10,0.3421626735798376,0.38333333333333336,0.31263274154514786,0.2916666666666667,0.12246221861146571,0.10833333333333334,0.22274236626354896,0.21666666666666667,0.0411706597534958,0.0411706597534958,1.0,0.38333333333333336,0.2916666666666667,0.10833333333333334,0.21666666666666667,0.039183341768759206,0.039183341768759206,1.0,0.3627260674042316,0.331252689489513,0.10770658155637068,0.19831466154988467,0.03086702678894495,0.03086702678894495,1.0,0.37302970036878247,0.31145967807808983,0.10801995744485202,0.20749066410827566,0.0,0.0,1.0,0.3421626735798376,0.31263274154514786,0.12246221861146571,0.22274236626354896
13,0.0411706597534958,0.0,0.1547954151249854,103,61,0.0,0,0,10,0.3421626735798376,0.38333333333333336,0.31263274154514786,0.2916666666666667,0.12246221861146571,0.10833333333333334,0.22274236626354896,0.21666666666666667,0.0411706597534958,0.0411706597534958,1.0,0.38333333333333336,0.2916666666666667,0.10833333333333334,0.21666666666666667,0.039183341768759206,0.039183341768759206,1.0,0.3627260674042316,0.331252689489513,0.10770658155637068,0.19831466154988467,0.03086702678894495,0.03086702678894495,1.0,0.37302970036878247,0.31145967807808983,0.10801995744485202,0.20749066410827566,0.0,0.0,1.0,0.3421626735798376,0.31263274154514786,0.12246221861146571,0.22274236626354896
14,0.0411706597534958,0.0,0.1547954151249854,79,65,0.0,0,0,10,0.3421626735798376,0.38333333333333336,0.31263274154514786,0.2916666666666667,0.12246221861146571,0.10833333333333334,0.22274236626354896,0.21666666666666667,0.0411706597534958,0.0411706597534958,1.0,0.38333333333333336,0.2916666666666667,0.10833333333333334,0.21666666666666667,0.039183341768759206,0.039183341768759206,1.0,0.3627260674042316,0.331252689489513,0.10770658155637068,0.19831466154988467,0.03086702678894495,0.03086702678894495,1.0,0.37302970036878247,0.31145967807808983,0.10801995744485202,0.20749066410827566,0.0,0.0,1.0,0.3421626735798376,0.31263274154514786,0.12246221861146571,0.22274236626354896
15,0.0411706597534958,0.0,0.1547954151249854,94,67,0.0,0,0,10,0.3421626735798376,0.38333333333333336,0.31263274154514786,0.2916666666666667,0.12246221861146571,0.10833333333333334,0.22274236626354896,0.21666666666666667,0.0411706597534958,0.0411706597534958,1.0,0.38333333333333336,0.2916666666666667,0.10833333333333334,0.21666666666666667,0.039183341768759206,0.039183341768759206,1.0,0.3627260674042316,0.331252689489513,0.10770658155637068,0.19831466154988467,0.03086702678894495,0.03086702678894495,1.0,0.37302970036878247,0.31145967807808983,0.10801995744485202,0.20749066410827566,0.0,0.0,1.0,0.3421626735798376,0.31263274154514786,0.12246221861146571,0.22274236626354896
16,0.0411706597534958,0.0,0.1547954151249854,81,69,0.0,0,0,10,0.3421626735798376,0.38333333333333336,0.31263274154514786,0.2916666666666667,0.12246221861146571,0.10833333333333334,0.22274236626354896,0.21666666666666667,0.0411706597534958,0.0411706597534958,1.0,0.38333333333333336,0.2916666666666667,0.10833333333333334,0.21666666666666667,0.039183341768759206,0.039183341768759206,1.0,0.3627260674042316,0.331252689489513,0.10770658155637068,0.19831466154988467,0.03086702678894495,0.03086702678894495,1.0,0.37302970036878247,0.31145967807808983,0.10801995744485202,0.20749066410827566,0.0,0.0,1.0,0.3421626735798376,0.31263274154514786,0.12246221861146571,0.22274236626354896
17,0.0411706597534958,0.0,0.1547954151249854,72,72,0.0,0,0,10,0.3421626735798376,0.38333333333333336,0.31263274154514786,0.2916666666666667,0.12246221861146571,0.10833333333333334,0.22274236626354896,0.21666666666666667,0.0411706597534958,0.0411706597534958,1.0,0.38333333333333336,0.2916666666666667,0.10833333333333334,0.21666666666666667,0.039183341768759206,0.039183341768759206,1.0,0.3627260674042316,0.331252689489513,0.10770658155637068,0.19831466154988467,0.03086702678894495,0.03086702678894495,1.0,0.37302970036878247,0.31145967807808983,0.10801995744485202,0.20749066410827566,0.0,0.0,1.0,0.3421626735798376,0.31263274154514786,0.12246221861146571,0.22274236626354896
18,0.0411706597534958,0.0,0.1547954151249854,74,74,0.0,0,0,10,0.3421626735798376,0.38333333333333336,0.31263274154514786,0.2916666666666667,0.12246221861146571,0.10833333333333334,0.22274236626354896,0.21666666666666667,0.0411706597534958,0.0411706597534958,1.0,0.38333333333333336,0.2916666666666667,0.10833333333333334,0.21666666666666667,0.039183341768759206,0.039183341768759206,1.0,0.3627260674042316,0.331252689489513,0.10770658155637068,0.19831466154988467,0.03086702678894495,0.03086702678894495,1.0,0.37302970036878247,0.31145967807808983,0.10801995744485202,0.20749066410827566,0.0,0.0,1.0,0.3421626735798376,0.31263274154514786,0.12246221861146571,0.22274236626354896
19,0.0411706597534958,0.0,0.1547954151249854,73,76,0.0,0,0,10,0.3421626735798376,0.38333333333333336,0.31263274154514786,0.2916666666666667,0.12246221861146571,0.10833333333333334,0.22274236626354896,0.21666666666666667,0.0411706597534958,0.0411706597534958,1.0,0.38333333333333336,0.2916666666666667,0.10833333333333334,0.21666666666666667,0.039183341768759206,0.039183341768759206,1.0,0.3627260674042316,0.331252689489513,0.10770658155637068,0.19831466154988467,0.03086702678894495,0.03086702678894495,1.0,0.37302970036878247,0.31145967807808983,0.10801995744485202,0.20749066410827566,0.0,0.0,1.0,0.3421626735798376,0.31263274154514786,0.12246221861146571,0.22274236626354896
20,0.0411706597534958,0.0,0.1547954151249854,104,76,0.0,0,1,20,0.3421626735798376,0.38333333333333336,0.31263274154514786,0.2916666666666667,0.12246221861146571,0.10833333333333334,0.22274236626354896,0.21666666666666667,0.0411706597534958,0.0411706597534958,1.0,0.38333333333333336,0.2916666666666667,0.10833333333333334,0.21666666666666667,0.050161292574873347,0.050161292574873347,1.0,0.32364629786361937,0.28128106053534324,0.17262351118633898,0.22244913041469838,0.029343345667009267,0.029343345667009267,1.0,0.35348981559847636,0.28647386360100496,0.14047842225983614,0.21955789854068253,0.0,0.0,1.0,0.3421626735798376,0.31263274154514786,0.12246221861146571,0.22274236626354896
21,0.0411706597534958,0.0,0.1547954151249854,79,80,0.0,0,0,20,0.3421626735798376,0.38333333333333336,0.31263274154514786,0.2916666666666667,0.12246221861146571,0.10833333333333334,0.22274236626354896,0.21666666666666667,0.0411706597534958,0.0411706597534958,1.0,0.38333333333333336,0.2916666666666667,0.10833333333333334,0.21666666666666667,0.050161292574873347,0.050161292574873347,1.0,0.32364629786361937,0.28128106053534324,0.17262351118633898,0.22244913041469838,0.029343345667009267,0.029343345667009267,1.0,0.35348981559847636,0.28647386360100496,0.14047842225983614,0.21955789854068253,0.0,0.0,1.0,0.3421626735798376,0.31263274154514786,0.12246221861146571,0.22274236626354896
22,0.0411706597534958,0.0,0.1547954151249854,84,83,0.0,0,0,20,0.3421626735798376,0.38333333333333336,0.31263274154514786,0.2916666666666667,0.12246221861146571,0.10833333333333334,0.22274236626354896,0.21666666666666667,0.0411706597534958,0.0411706597534958,1.0,0.38333333333333336,0.2916666666666667,0.10833333333333334,0.21666666666666667,0.050161292574873347,0.050161292574873347,1.0,0.32364629786361937,0.28128106053534324,0.17262351118633898,0.22244913041469838,0.029343345667009267,0.029343345667009267,1.0,0.35348981559847636,0.28647386360100496,0.14047842225983614,0.21955789854068253,0.0,0.0,1.0,0.3421626735798376,0.31263274154514786,0.12246221861146571,0.22274236626354896
23,0.0411706597534958,0.0,0.1547954151249854,88,85,0.0,0,0,20,0.3421626735798376,0.38333333333333336,0.31263274154514786,0.2916666666666667,0.12246221861146571,0.10833333333333334,0.22274236626354896,0.21666666666666667,0.0411706597534958,0.0411706597534958,1.0,0.38333333333333336,0.2916666666666667,0.10833333333333334,0.21666666666666667,0.050161292574873347,0.050161292574873347,1.0,0.32364629786361937,0.28128106053534324,0.17262351118633898,0.22244913041469838,0.029343345667009267,0.029343345667009267,1.0,0.35348981559847636,0.28647386360100496,0.14047842225983614,0.21955789854068253,0.0,0.0,1.0,0.3421626735798376,0.31263274154514786,0.12246221861146571,0.22274236626354896
24,0.0411706597534958,0.0,0.1547954151249854,73,88,0.0,0,0,20,0.3421626735798376,0.38333333333333336,0.31263274154514786,0.2916666666666667,0.12246221861146571,0.10833333333333334,0.22274236626354896,0.21666666666666667,0.0411706597534958,0.0411706597534958,1.0,0.38333333333333336,0.2916666666666667,0.10833333333333334,0.21666666666666667,0.050161292574873347,0.050161292574873347,1.0,0.32364629786361937,0.28128106053534324,0.17262351118633898,0.22244913041469838,0.029343345667009267,0.029343345667009267,1.0,0.35348981559847636,0.28647386360100496,0.14047842225983614,0.21955789854068253,0.0,0.0,1.0,0.3421626735798376,0.31263274154514786,0.12246221861146571,0.22274236626354896
25,0.0411706597534958,0.0,0.1547954151249854,90,89,0.0,0,0,20,0.3421626735798376,0.38333333333333336,0.31263274154514786,0.2916666666666667,0.12246221861146571,0.10833333333333334,0.22274236626354896,0.21666666666666667,0.0411706597534958,0.0411706597534958,1.0,0.38333333333333336,0.2916666666666667,0.10833333333333334,0.21666666666666667,0.050161292574873347,0.050161292574873347,1.0,0.32364629786361937,0.28128106053534324,0.17262351118633898,0.22244913041469838,0.029343345667009267,0.029343345667009267,1.0,0.35348981559847636,0.28647386360100496,0.14047842225983614,0.21955789854068253,0.0,0.0,1.0,0.3421626735798376,0.31263274154514786,0.12246221861146571,0.22274236626354896
26,0.0411706597534958,0.0,0.1547954151249854,77,91,0.0,0,0,20,0.3421626735798376,0.38333333333333336,0.31263274154514786,0.2916666666666667,0.12246221861146571,0.10833333333333334,0.22274236626354896,0.21666666666666667,0.0411706597534958,0.0411706597534958,1.0,0.38333333333333336,0.2916666666666667,0.10833333333333334,0.21666666666666667,0.050161292574873347,0.050161292574873347,1.0,0.32364629786361937,0.28128106053534324,0.17262351118633898,0.22244913041469838,0.029343345667009267,0.029343345667009267,1.0,0.35348981559847636,0.28647386360100496,0.14047842225983614,0.21955789854068253,0.0,0.0,1.0,0.3421626735798376,0.31263274154514786,0.12246221861146571,0.22274236626354896
27,0.0411706597534958,0.0,0.1547954151249854,97,93,0.0,0,0,20,0.3421626735798376,0.38333333333333336,0.31263274154514786,0.2916666666666667,0.12246221861146571,0.10833333333333334,0.22274236626354896,0.21666666666666667,0.0411706597534958,0.0411706597534958,1.0,0.38333333333333336,0.2916666666666667,0.10833333333333334,0.21666666666666667,0.050161292574873347,0.050161292574873347,1.0,0.32364629786361937,0.28128106053534324,0.17262351118633898,0.22244913041469838,0.029343345667009267,0.029343345667009267,1.0,0.35348981559847636,0.28647386360100496,0.14047842225983614,0.21955789854068253,0.0,0.0,1.0,0.3421626735798376,0.31263274154514786,0.12246221861146571,0.22274236626354896
28,0.0411706597534958,0.0,0.1547954151249854,82,95,0.0,0,0,20,0.3421626735798376,0.38333333333333336,0.31263274154514786,0.2916666666666667,0.12246221861146571,0.10833333333333334,0.22274236626354896,0.21666666666666667,0.0411706597534958,0.0411706597534958,1.0,0.38333333333333336,0.2916666666666667,0.10833333333333334,0.21666666666666667,0.050161292574873347,0.050161292574873347,1.0,0.32364629786361937,0.28128106053534324,0.17262351118633898,0.22244913041469838,0.029343345667009267,0.029343345667009267,1.0,0.35348981559847636,0.28647386360100496,0.14047842225983614,0.21955789854068253,0.0,0.0,1.0,0.3421626735798376,0.31263274154514786,0.12246221861146571,0.22274236626354896
29,0.0411706597534958,0.0,0.1547954151249854,87,96,0.0,0,0,20,0.3421626735798376,0.38333333333333336,0.31263274154514786,0.2916666666666667,0.12246221861146571,0.10833333333333334,0.22274236626354896,0.21666666666666667,0.0411706597534958,0.0411706597534958,1.0,0.38333333333333336,0.2916666666666667,0.10833333333333334,0.21666666666666667,0.050161292574873347,0.050161292574873347,1.0,0.32364629786361937,0.28128106053534324,0.17262351118633898,0.22244913041469838,0.029343345667009267,0.029343345667009267,1.0,0.35348981559847636,0.28647386360100496,0.14047842225983614,0.21955789854068253,0.0,0.0,1.0,0.3421626735798376,0.31263274154514786,0.12246221861146571,0.22274236626354896
30,0.0411706597534958,0.0,0.1547954151249854,86,98,0.0,0,1,30,0.3421626735798376,0.38333333333333336,0.31263274154514786,0.2916666666666667,0.12246221861146571,0.10833333333333334,0.22274236626354896,0.21666666666666667,0.0411706597534958,0.0411706597534958,1.0,0.38333333333333336,0.2916666666666667,0.10833333333333334,0.21666666666666667,0.04754084542243147,0.04754084542243147,1.0,0.35812644169041197,0.33845925979644326,0.12821277767202735,0.17520152084111743,0.030997435618442218,0.030997435618442218,1.0,0.37072988751187264,0.31506296323155497,0.11827305550268034,0.19593409375389204,0.0,0.0,1.0,0.3421626735798376,0.31263274154514786,0.12246221861146571,0.22274236626354896
31,0.0411706597534958,0.0,0.1547954151249854,94,101,0.0,0,0,30,0.3421626735798376,0.38333333333333336,0.31263274154514786,0.2916666666666667,0.12246221861146571,0.10833333333333334,0.22274236626354896,0.21666666666666667,0.0411706597534958,0.0411706597534958,1.0,0.38333333333333336,0.2916666666666667,0.10833333333333334,0.21666666666666667,0.04754084542243147,0.04754084542243147,1.0,0.35812644169041197,0.33845925979644326,0.12821277767202735,0.17520152084111743,0.030997435618442218,0.030997435618442218,1.0,0.37072988751187264,0.31506296323155497,0.11827305550268034,0.19593409375389204,0.0,0.0,1.0,0.3421626735798376,0.31263274154514786,0.12246221861146571,0.22274236626354896
32,0.0411706597534958,0.0,0.1547954151249854,88,105,0.0,0,0,30,0.3421626735798376,0.38333333333333336,0.31263274154514786,0.2916666666666667,0.12246221861146571,0.10833333333333334,0.22274236626354896,0.21666666666666667,0.0411706597534958,0.0411706597534958,1.0,0.38333333333333336,0.2916666666666667,0.10833333333333334,0.21666666666666667,0.04754084542243147,0.04754084542243147,1.0,0.35812644169041197,0.33845925979644326,0.12821277767202735,0.17520152084111743,0.030997435618442218,0.030997435618442218,1.0,0.37072988751187264,0.31506296323155497,0.11827305550268034,0.19593409375389204,0.0,0.0,1.0,0.3421626735798376,0.31263274154514786,0.12246221861146571,0.22274236626354896
33,0.0411706597534958,0.0,0.1547954151249854,88,107,0.0,0,0,30,0.3421626735798376,0.38333333333333336,0.31263274154514786,0.2916666666666667,0.12246221861146571,0.10833333333333334,0.22274236626354896,0.21666666666666667,0.0411706597534958,0.0411706597534958,1.0,0.38333333333333336,0.2916666666666667,0.10833333333333334,0.21666666666666667,0.04754084542243147,0.04754084542243147,1.0,0.35812644169041197,0.33845925979644326,0.12821277767202735,0.17520152084111743,0.030997435618442218,0.030997435618442218,1.0,0.37072988751187264,0.31506296323155497,0.11827305550268034,0.19593409375389204,0.0,0.0,1.0,0.3421626735798376,0.31263274154514786,0.12246221861146571,0.22274236626354896
34,0.0411706597534958,0.0,0.1547954151249854,92,109,0.0,0,0,30,0.3421626735798376,0.38333333333333336,0.31263274154514786,0.2916666666666667,0.12246221861146571,0.10833333333333334,0.22274236626354896,0.21666666666666667,0.0411706597534958,0.0411706597534958,1.0,0.38333333333333336,0.2916666666666667,0.10833333333333334,0.21666666666666667,0.04754084542243147,0.04754084542243147,1.0,0.35812644169041197,0.33845925979644326,0.12821277767202735,0.17520152084111743,0.030997435618442218,0.030997435618442218,1.0,0.37072988751187264,0.31506296323155497,0.11827305550268034,0.19593409375389204,0.0,0.0,1.0,0.3421626735798376,0.31263274154514786,0.12246221861146571,0.22274236626354896
35,0.0411706597534958,0.0,0.1547954151249854,87,111,0.0,0,0,30,0.3421626735798376,0.38333333333333336,0.31263274154514786,0.2916666666666667,0.12246221861146571,0.10833333333333334,0.22274236626354896,0.21666666666666667,0.0411706597534958,0.0411706597534958,1.0,0.38333333333333336,0.2916666666666667,0.10833333333333334,0.21666666666666667,0.04754084542243147,0.04754084542243147,1.0,0.35812644169041197,0.33845925979644326,0.12821277767202735,0.17520152084111743,0.030997435618442218,0.030997435618442218,1.0,0.37072988751187264,0.31506296323155497,0.11827305550268034,0.19593409375389204,0.0,0.0,1.0,0.3421626735798376,0.31263274154514786,0.12246221861146571,0.22274236626354896
36,0.0411706597534958,0.0,0.1547954151249854,88,113,0.0,0,0,30,0.3421626735798376,0.38333333333333336,0.31263274154514786,0.2916666666666667,0.12246221861146571,0.10833333333333334,0.22274236626354896,0.21666666666666667,0.0411706597534958,0.0411706597534958,1.0,0.38333333333333336,0.2916666666666667,0.10833333333333334,0.21666666666666667,0.04754084542243147,0.04754084542243147,1.0,0.35812644169041197,0.33845925979644326,0.12821277767202735,0.17520152084111743,0.030997435618442218,0.030997435618442218,1.0,0.37072988751187264,0.31506296323155497,0.11827305550268034,0.19593409375389204,0.0,0.0,1.0,0.3421626735798376,0.31263274154514786,0.12246221861146571,0.22274236626354896
37,0.0411706597534958,0.0,0.1547954151249854,89,116,0.0,0,0,30,0.3421626735798376,0.38333333333333336,0.31263274154514786,0.2916666666666667,0.12246221861146571,0.10833333333333334,0.22274236626354896,0.21666666666666667,0.0411706597534958,0.0411706597534958,1.0,0.38333333333333336,0.2916666666666667,0.10833333333333334,0.21666666666666667,0.04754084542243147,0.04754084542243147,1.0,0.35812644169041197,0.33845925979644326,0.12821277767202735,0.17520152084111743,0.030997435618442218,0.030997435618442218,1.0,0.37072988751187264,0.31506296323155497,0.11827305550268034,0.19593409375389204,0.0,0.0,1.0,0.3421626735798376,0.31263274154514786,0.12246221861146571,0.22274236626354896
38,0.0411706597534958,0.0,0.1547954151249854,73,118,0.0,0,0,30,0.3421626735798376,0.38333333333333336,0.31263274154514786,0.2916666666666667,0.12246221861146571,0.10833333333333334,0.22274236626354896,0.21666666666666667,0.0411706597534958,0.0411706597534958,1.0,0.38333333333333336,0.2916666666666667,0.10833333333333334,0.21666666666666667,0.04754084542243147,0.04754084542243147,1.0,0.35812644169041197,0.33845925979644326,0.12821277767202735,0.17520152084111743,0.030997435618442218,0.030997435618442218,1.0,0.37072988751187264,0.31506296323155497,0.11827305550268034,0.19593409375389204,0.0,0.0,1.0,0.3421626735798376,0.31263274154514786,0.12246221861146571,0.22274236626354896
39,0.0411706597534958,0.0,0.1547954151249854,76,119,0.0,0,0,30,0.3421626735798376,0.38333333333333336,0.31263274154514786,0.2916666666666667,0.12246221861146571,0.10833333333333334,0.22274236626354896,0.21666666666666667,0.0411706597534958,0.0411706597534958,1.0,0.38333333333333336,0.2916666666666667,0.10833333333333334,0.21666666666666667,0.04754084542243147,0.04754084542243147,1.0,0.35812644169041197,0.33845925979644326,0.12821277767202735,0.17520152084111743,0.030997435618442218,0.030997435618442218,1.0,0.37072988751187264,0.31506296323155497,0.11827305550268034,0.19593409375389204,0.0,0.0,1.0,0.3421626735798376,0.31263274154514786,0.12246221861146571,0.22274236626354896
40,0.0411706597534958,0.0,0.1547954151249854,88,121,0.0,0,1,40,0.3421626735798376,0.38333333333333336,0.31263274154514786,0.2916666666666667,0.12246221861146571,0.10833333333333334,0.22274236626354896,0.21666666666666667,0.0411706597534958,0.0411706597534958,1.0,0.38333333333333336,0.2916666666666667,0.10833333333333334,0.21666666666666667,0.07497873975778593,0.07497873975778593,1.0,0.3618392723468276,0.29407878222973916,0.06603743816908844,0.2780445072543448,0.055036849957199735,0.055036849957199735,1.0,0.3725863028400805,0.2928727244482029,0.08718538575121089,0.24735558696050575,0.0,0.0,1.0,0.3421626735798376,0.31263274154514786,0.12246221861146571,0.22274236626354896
41,0.0411706597534958,0.0,0.1547954151249854,86,123,0.0,0,0,40,0.3421626735798376,0.38333333333333336,0.31263274154514786,0.2916666666666667,0.12246221861146571,0.10833333333333334,0.22274236626354896,0.21666666666666667,0.0411706597534958,0.0411706597534958,1.0,0.38333333333333336,0.2916666666666667,0.10833333333333334,0.21666666666666667,0.07497873975778593,0.07497873975778593,1.0,0.3618392723468276,0.29407878222973916,0.06603743816908844,0.2780445072543448,0.055036849957199735,0.055036849957199735,1.0,0.3725863028400805,0.2928727244482029,0.08718538575121089,0.24735558696050575,0.0,0.0,1.0,0.3421626735798376,0.31263274154514786,0.12246221861146571,0.22274236626354896
42,0.0411706597534958,0.0,0.1547954151249854,94,126,0.0,0,0,40,0.3421626735798376,0.38333333333333336,0.31263274154514786,0.2916666666666667,0.12246221861146571,0.10833333333333334,0.22274236626354896,0.21666666666666667,0.0411706597534958,0.0411706597534958,1.0,0.38333333333333336,0.2916666666666667,0.10833333333333334,0.21666666666666667,0.07497873975778593,0.07497873975778593,1.0,0.3618392723468276,0.29407878222973916,0.06603743816908844,0.2780445072543448,0.055036849957199735,0.055036849957199735,1.0,0.3725863028400805,0.2928727244482029,0.08718538575121089,0.24735558696050575,0.0,0.0,1.0,0.3421626735798376,0.31263274154514786,0.12246221861146571,0.22274236626354896
43,0.0411706597534958,0.0,0.1547954151249854,93,129,0.0,0,0,40,0.3421626735798376,0.38333333333333336,0.31263274154514786,0.2916666666666667,0.12246221861146571,0.10833333333333334,0.22274236626354896,0.21666666666666667,0.0411706597534958,0.0411706597534958,1.0,0.38333333333333336,0.2916666666666667,0.10833333333333334,0.21666666666666667,0.07497873975778593,0.07497873975778593,1.0,0.3618392723468276,0.29407878222973916,0.06603743816908844,0.2780445072543448,0.055036849957199735,0.055036849957199735,1.0,0.3725863028400805,0.2928727244482029,0.08718538575121089,0.24735558696050575,0.0,0.0,1.0,0.3421626735798376,0.31263274154514786,0.12246221861146571,0.22274236626354896
44,0.0411706597534958,0.0,0.1547954151249854,94,131,0.0,0,0,40,0.3421626735798376,0.38333333333333336,0.31263274154514786,0.2916666666666667,0.12246221861146571,0.10833333333333334,0.22274236626354896,0.21666666666666667,0.0411706597534958,0.0411706597534958,1.0,0.38333333333333336,0.2916666666666667,0.10833333333333334,0.21666666666666667,0.07497873975778593,0.07497873975778593,1.0,0.3618392723468276,0.29407878222973916,0.06603743816908844,0.2780445072543448,0.055036849957199735,0.055036849957199735,1.0,0.3725863028400805,0.2928727244482029,0.08718538575121089,0.24735558696050575,0.0,0.0,1.0,0.3421626735798376,0.31263274154514786,0.12246221861146571,0.22274236626354896
45,0.0411706597534958,0.0,0.1547954151249854,78,135,0.0,0,0,40,0.3421626735798376,0.38333333333333336,0.31263274154514786,0.2916666666666667,0.12246221861146571,0.10833333333333334,0.22274236626354896,0.21666666666666667,0.0411706597534958,0.0411706597534958,1.0,0.38333333333333336,0.2916666666666667,0.10833333333333334,0.21666666666666667,0.07497873975778593,0.07497873975778593,1.0,0.3618392723468276,0.29407878222973916,0.06603743816908844,0.2780445072543448,0.055036849957199735,0.055036849957199735,1.0,0.3725863028400805,0.2928727244482029,0.08718538575121089,0.24735558696050575,0.0,0.0,1.0,0.3421626735798376,0.31263274154514786,0.12246221861146571,0.22274236626354896
46,0.0411706597534958,0.0,0.1547954151249854,82,137,0.0,0,0,40,0.3421626735798376,0.38333333333333336,0.31263274154514786,0.2916666666666667,0.12246221861146571,0.10833333333333334,0.22274236626354896,0.21666666666666667,0.0411706597534958,0.0411706597534958,1.0,0.38333333333333336,0.2916666666666667,0.10833333333333334,0.21666666666666667,0.07497873975778593,0.07497873975778593,1.0,0.3618392723468276,0.29407878222973916,0.06603743816908844,0.2780445072543448,0.055036849957199735,0.055036849957199735,1.0,0.3725863028400805,0.2928727244482029,0.08718538575121089,0.24735558696050575,0.0,0.0,1.0,0.3421626735798376,0.31263274154514786,0.12246221861146571,0.22274236626354896
47,0.0411706597534958,0.0,0.1547954151249854,94,141,0.0,0,0,40,0.3421626735798376,0.38333333333333336,0.31263274154514786,0.2916666666666667,0.12246221861146571,0.10833333333333334,0.22274236626354896,0.21666666666666667,0.0411706597534958,0.0411706597534958,1.0,0.38333333333333336,0.2916666666666667,0.10833333333333334,0.21666666666666667,0.07497873975778593,0.07497873975778593,1.0,0.3618392723468276,0.29407878222973916,0.06603743816908844,0.2780445072543448,0.055036849957199735,0.055036849957199735,1.0,0.3725863028400805,0.2928727244482029,0.08718538575121089,0.24735558696050575,0.0,0.0,1.0,0.3421626735798376,0.31263274154514786,0.12246221861146571,0.22274236626354896
48,0.0411706597534958,0.0,0.1547954151249854,83,141,0.0,0,0,40,0.3421626735798376,0.38333333333333336,0.31263274154514786,0.2916666666666667,0.12246221861146571,0.10833333333333334,0.22274236626354896,0.21666666666666667,0.0411706597534958,0.0411706597534958,1.0,0.38333333333333336,0.2916666666666667,0.10833333333333334,0.21666666666666667,0.07497873975778593,0.07497873975778593,1.0,0.3618392723468276,0.29407878222973916,0.06603743816908844,0.2780445072543448,0.055036849957199735,0.055036849957199735,1.0,0.3725863028400805,0.2928727244482029,0.08718538575121089,0.24735558696050575,0.0,0.0,1.0,0.3421626735798376,0.31263274154514786,0.12246221861146571,0.22274236626354896
49,0.0411706597534958,0.0,0.1547954151249854,71,142,0.0,0,0,40,0.3421626735798376,0.38333333333333336,0.31263274154514786,0.2916666666666667,0.12246221861146571,0.10833333333333334,0.22274236626354896,0.21666666666666667,0.0411706597534958,0.0411706597534958,1.0,0.38333333333333336,0.2916666666666667,0.10833333333333334,0.21666666666666667,0.07497873975778593,0.07497873975778593,1.0,0.3618392723468276,0.29407878222973916,0.06603743816908844,0.2780445072543448,0.055036849957199735,0.055036849957199735,1.0,0.3725863028400805,0.2928727244482029,0.08718538575121089,0.24735558696050575,0.0,0.0,1.0,0.3421626735798376,0.31263274154514786,0.12246221861146571,0.22274236626354896
50,0.0411706597534958,0.0,0.1547954151249854,92,142,0.0,0,1,50,0.3421626735798376,0.38333333333333336,0.31263274154514786,0.2916666666666667,0.12246221861146571,0.10833333333333334,0.22274236626354896,0.21666666666666667,0.0411706597534958,0.0411706597534958,1.0,0.38333333333333336,0.2916666666666667,0.10833333333333334,0.21666666666666667,0.07348679651700693,0.07348679651700693,1.0,0.31573456991859766,0.3079244396335008,0.1959490151284726,0.18039197531942897,0.037050233665565195,0.037050233665565195,1.0,0.3495339516259655,0.29979555315008377,0.15214117423090295,0.19852932099304782,0.0,0.0,1.0,0.3421626735798376,0.31263274154514786,0.12246221861146571,0.22274236626354896
51,0.0411706597534958,0.0,0.1547954151249854,88,142,0.0,0,0,50,0.3421626735798376,0.38333333333333336,0.31263274154514786,0.2916666666666667,0.12246221861146571,0.10833333333333334,0.22274236626354896,0.21666666666666667,0.0411706597534958,0.0411706597534958,1.0,0.38333333333333336,0.2916666666666667,0.10833333333333334,0.21666666666666667,0.07348679651700693,0.07348679651700693,1.0,0.31573456991859766,0.3079244396335008,0.1959490151284726,0.18039197531942897,0.037050233665565195,0.037050233665565195,1.0,0.3495339516259655,0.29979555315008377,0.15214117423090295,0.19852932099304782,0.0,0.0,1.0,0.3421626735798376,0.31263274154514786,0.12246221861146571,0.22274236626354896
52,0.0411706597534958,0.0,0.1547954151249854,86,145,0.0,0,0,50,0.3421626735798376,0.38333333333333336,0.31263274154514786,0.2916666666666667,0.12246221861146571,0.10833333333333334,0.22274236626354896,0.21666666666666667,0.0411706597534958,0.0411706597534958,1.0,0.38333333333333336,0.2916666666666667,0.10833333333333334,0.21666666666666667,0.07348679651700693,0.07348679651700693,1.0,0.31573456991859766,0.3079244396335008,0.1959490151284726,0.18039197531942897,0.037050233665565195,0.037050233665565195,1.0,0.3495339516259655,0.29979555315008377,0.15214117423090295,0.19852932099304782,0.0,0.0,1.0,0.3421626735798376,0.31263274154514786,0.12246221861146571,0.22274236626354896
53,0.0411706597534958,0.0,0.1547954151249854,84,145,0.0,0,0,50,0.3421626735798376,0.38333333333333336,0.31263274154514786,0.2916666666666667,0.12246221861146571,0.10833333333333334,0.22274236626354896,0.21666666666666667,0.0411706597534958,0.0411706597534958,1.0,0.38333333333333336,0.2916666666666667,0.10833333333333334,0.21666666666666667,0.07348679651700693,0.07348679651700693,1.0,0.31573456991859766,0.3079244396335008,0.1959490151284726,0.18039197531942897,0.037050233665565195,0.037050233665565195,1.0,0.3495339516259655,0.29979555315008377,0.15214117423090295,0.19852932099304782,0.0,0.0,1.0,0.3421626735798376,0.31263274154514786,0.12246221861146571,0.22274236626354896
54,0.0411706597534958,0.0,0.1547954151249854,93,146,0.0,0,0,50,0.3421626735798376,0.38333333333333336,0.31263274154514786,0.2916666666666667,0.12246221861146571,0.10833333333333334,0.22274236626354896,0.21666666666666667,0.0411706597534958,0.0411706597534958,1.0,0.38333333333333336,0.2916666666666667,0.10833333333333334,0.21666666666666667,0.07348679651700693,0.07348679651700693,1.0,0.31573456991859766,0.3079244396335008,0.1959490151284726,0.18039197531942897,0.037050233665565195,0.037050233665565195,1.0,0.3495339516259655,0.29979555315008377,0.15214117423090295,0.19852932099304782,0.0,0.0,1.0,0.3421626735798376,0.31263274154514786,0.12246221861146571,0.22274236626354896
55,0.0411706597534958,0.0,0.1547954151249854,87,149,0.0,0,0,50,0.3421626735798376,0.38333333333333336,0.31263274154514786,0.2916666666666667,0.12246221861146571,0.10833333333333334,0.22274236626354896,0.21666666666666667,0.0411706597534958,0.0411706597534958,1.0,0.38333333333333336,0.2916666666666667,0.10833333333333334,0.21666666666666667,0.07348679651700693,0.07348679651700693,1.0,0.31573456991859766,0.3079244396335008,0.1959490151284726,0.18039197531942897,0.037050233665565195,0.037050233665565195,1.0,0.3495339516259655,0.29979555315008377,0.15214117423090295,0.19852932099304782,0.0,0.0,1.0,0.3421626735798376,0.31263274154514786,0.12246221861146571,0.22274236626354896
56,0.0411706597534958,0.0,0.1547954151249854,94,149,0.0,0,0,50,0.3421626735798376,0.38333333333333336,0.31263274154514786,0.2916666666666667,0.12246221861146571,0.10833333333333334,0.22274236626354896,0.21666666666666667,0.0411706597534958,0.0411706597534958,1.0,0.38333333333333336,0.2916666666666667,0.10833333333333334,0.21666666666666667,0.07348679651700693,0.07348679651700693,1.0,0.31573456991859766,0.3079244396335008,0.1959490151284726,0.18039197531942897,0.037050233665565195,0.037050233665565195,1.0,0.3495339516259655,0.29979555315008377,0.15214117423090295,0.19852932099304782,0.0,0.0,1.0,0.3421626735798376,0.31263274154514786,0.12246221861146571,0.22274236626354896
57,0.0411706597534958,0.0,0.1547954151249854,74,151,0.0,0,0,50,0.3421626735798376,0.38333333333333336,0.31263274154514786,0.2916666666666667,0.12246221861146571,0.10833333333333334,0.22274236626354896,0.21666666666666667,0.0411706597534958,0.0411706597534958,1.0,0.38333333333333336,0.2916666666666667,0.10833333333333334,0.21666666666666667,0.07348679651700693,0.07348679651700693,1.0,0.31573456991859766,0.3079244396335008,0.1959490151284726,0.18039197531942897,0.037050233665565195,0.037050233665565195,1.0,0.3495339516259655,0.29979555315008377,0.15214117423090295,0.19852932099304782,0.0,0.0,1.0,0.3421626735798376,0.31263274154514786,0.12246221861146571,0.22274236626354896
58,0.0411706597534958,0.0,0.1547954151249854,85,153,0.0,0,0,50,0.3421626735798376,0.38333333333333336,0.31263274154514786,0.2916666666666667,0.12246221861146571,0.10833333333333334,0.22274236626354896,0.21666666666666667,0.0411706597534958,0.0411706597534958,1.0,0.38333333333333336,0.2916666666666667,0.10833333333333334,0.21666666666666667,0.07348679651700693,0.07348679651700693,1.0,0.31573456991859766,0.3079244396335008,0.1959490151284726,0.18039197531942897,0.037050233665565195,0.037050233665565195,1.0,0.3495339516259655,0.29979555315008377,0.15214117423090295,0.19852932099304782,0.0,0.0,1.0,0.3421626735798376,0.31263274154514786,0.12246221861146571,0.22274236626354896
59,0.0411706597534958,0.0,0.1547954151249854,72,153,0.0,0,0,50,0.3421626735798376,0.38333333333333336,0.31263274154514786,0.2916666666666667,0.12246221861146571,0.10833333333333334,0.22274236626354896,0.21666666666666667,0.0411706597534958,0.0411706597534958,1.0,0.38333333333333336,0.2916666666666667,0.10833333333333334,0.21666666666666667,0.07348679651700693,0.07348679651700693,1.0,0.31573456991859766,0.3079244396335008,0.1959490151284726,0.18039197531942897,0.037050233665565195,0.037050233665565195,1.0,0.3495339516259655,0.29979555315008377,0.15214117423090295,0.19852932099304782,0.0,0.0,1.0,0.3421626735798376,0.31263274154514786,0.12246221861146571,0.22274236626354896
60,0.0411706597534958,0.0,0.1547954151249854,101,154,0.0,0,1,60,0.3421626735798376,0.38333333333333336,0.31263274154514786,0.2916666666666667,0.12246221861146571,0.10833333333333334,0.22274236626354896,0.21666666666666667,0.0411706597534958,0.0411706597534958,1.0,0.38333333333333336,0.2916666666666667,0.10833333333333334,0.21666666666666667,0.08915972843592221,0.08915972843592221,1.0,0.2845001386940934,0.2811355479949698,0.15375737134555603,0.28060694196538083,0.03447757178045379,0.03447757178045379,1.0,0.3339167360137134,0.28640110733081825,0.1310453523394447,0.24863680431602375,0.0,0.0,1.0,0.3421626735798376,0.31263274154514786,0.12246221861146571,0.22274236626354896
61,0.0411706597534958,0.0,0.1547954151249854,84,156,0.0,0,0,60,0.3421626735798376,0.38333333333333336,0.31263274154514786,0.2916666666666667,0.12246221861146571,0.10833333333333334,0.22274236626354896,0.21666666666666667,0.0411706597534958,0.0411706597534958,1.0,0.38333333333333336,0.2916666666666667,0.10833333333333334,0.21666666666666667,0.08915972843592221,0.08915972843592221,1.0,0.2845001386940934,0.2811355479949698,0.15375737134555603,0.28060694196538083,0.03447757178045379,0.03447757178045379,1.0,0.3339167360137134,0.28640110733081825,0.1310453523394447,0.24863680431602375,0.0,0.0,1.0,0.3421626735798376,0.31263274154514786,0.12246221861146571,0.22274236626354896
62,0.0411706597534958,0.0,0.1547954151249854,82,156,0.0,0,0,60,0.3421626735798376,0.38333333333333336,0.31263274154514786,0.2916666666666667,0.12246221861146571,0.10833333333333334,0.22274236626354896,0.21666666666666667,0.0411706597534958,0.0411706597534958,1.0,0.38333333333333336,0.2916666666666667,0.10833333333333334,0.21666666666666667,0.08915972843592221,0.08915972843592221,1.0,0.2845001386940934,0.2811355479949698,0.15375737134555603,0.28060694196538083,0.03447757178045379,0.03447757178045379,1.0,0.3339167360137134,0.28640110733081825,0.1310453523394447,0.24863680431602375,0.0,0.0,1.0,0.3421626735798376,0.31263274154514786,0.12246221861146571,0.22274236626354896
63,0.0411706597534958,0.0,0.1547954151249854,86,158,0.0,0,0,60,0.3421626735798376,0.38333333333333336,0.31263274154514786,0.2916666666666667,0.12246221861146571,0.10833333333333334,0.22274236626354896,0.21666666666666667,0.0411706597534958,0.0411706597534958,1.0,0.38333333333333336,0.2916666666666667,0.10833333333333334,0.21666666666666667,0.08915972843592221,0.08915972843592221,1.0,0.2845001386940934,0.2811355479949698,0.15375737134555603,0.28060694196538083,0.03447757178045379,0.03447757178045379,1.0,0.3339167360137134,0.28640110733081825,0.1310453523394447,0.24863680431602375,0.0,0.0,1.0,0.3421626735798376,0.31263274154514786,0.12246221861146571,0.22274236626354896
64,0.0411706597534958,0.0,0.1547954151249854,87,160,0.0,0,0,60,0.3421626735798376,0.38333333333333336,0.31263274154514786,0.2916666666666667,0.12246221861146571,0.10833333333333334,0.22274236626354896,0.21666666666666667,0.0411706597534958,0.0411706597534958,1.0,0.38333333333333336,0.2916666666666667,0.10833333333333334,0.21666666666666667,0.08915972843592221,0.08915972843592221,1.0,0.2845001386940934,0.2811355479949698,0.15375737134555603,0.28060694196538083,0.03447757178045379,0.03447757178045379,1.0,0.3339167360137134,0.28640110733081825,0.1310453523394447,0.24863680431602375,0.0,0.0,1.0,0.3421626735798376,0.31263274154514786,0.12246221861146571,0.22274236626354896
65,0.0411706597534958,0.0,0.1547954151249854,80,162,0.0,0,0,60,0.3421626735798376,0.38333333333333336,0.31263274154514786,0.2916666666666667,0.12246221861146571,0.10833333333333334,0.22274236626354896,0.21666666666666667,0.0411706597534958,0.0411706597534958,1.0,0.38333333333333336,0.2916666666666667,0.10833333333333334,0.21666666666666667,0.08915972843592221,0.08915972843592221,1.0,0.2845001386940934,0.2811355479949698,0.15375737134555603,0.28060694196538083,0.03447757178045379,0.03447757178045379,1.0,0.3339167360137134,0.28640110733081825,0.1310453523394447,0.24863680431602375,0.0,0.0,1.0,0.3421626735798376,0.31263274154514786,0.12246221861146571,0.22274236626354896
66,0.0411706597534958,0.0,0.1547954151249854,88,163,0.0,0,0,60,0.3421626735798376,0.38333333333333336,0.31263274154514786,0.2916666666666667,0.12246221861146571,0.10833333333333334,0.22274236626354896,0.21666666666666667,0.0411706597534958,0.0411706597534958,1.0,0.38333333333333336,0.2916666666666667,0.10833333333333334,0.21666666666666667,0.08915972843592221,0.08915972843592221,1.0,0.2845001386940934,0.2811355479949698,0.15375737134555603,0.28060694196538083,0.03447757178045379,0.03447757178045379,1.0,0.3339167360137134,0.28640110733081825,0.1310453523394447,0.24863680431602375,0.0,0.0,1.0,0.3421626735798376,0.31263274154514786,0.12246221861146571,0.22274236626354896
67,0.0411706597534958,0.0,0.1547954151249854,105,165,0.0,0,0,60,0.3421626735798376,0.38333333333333336,0.31263274154514786,0.2916666666666667,0.12246221861146571,0.10833333333333334,0.22274236626354896,0.21666666666666667,0.0411706597534958,0.0411706597534958,1.0,0.38333333333333336,0.2916666666666667,0.10833333333333334,0.21666666666666667,0.08915972843592221,0.08915972843592221,1.0,0.2845001386940934,0.2811355479949698,0.15375737134555603,0.28060694196538083,0.03447757178045379,0.03447757178045379,1.0,0.3339167360137134,0.28640110733081825,0.1310453523394447,0.24863680431602375,0.0,0.0,1.0,0.3421626735798376,0.31263274154514786,0.12246221861146571,0.22274236626354896
68,0.0411706597534958,0.0,0.1547954151249854,91,166,0.0,0,0,60,0.3421626735798376,0.38333333333333336,0.31263274154514786,0.2916666666666667,0.12246221861146571,0.10833333333333334,0.22274236626354896,0.21666666666666667,0.0411706597534958,0.0411706597534958,1.0,0.38333333333333336,0.2916666666666667,0.10833333333333334,0.21666666666666667,0.08915972843592221,0.08915972843592221,1.0,0.2845001386940934,0.2811355479949698,0.15375737134555603,0.28060694196538083,0.03447757178045379,0.03447757178045379,1.0,0.3339167360137134,0.28640110733081825,0.1310453523394447,0.24863680431602375,0.0,0.0,1.0,0.3421626735798376,0.31263274154514786,0.12246221861146571,0.22274236626354896
69,0.0411706597534958,0.0,0.1547954151249854,91,167,0.0,0,0,60,0.3421626735798376,0.38333333333333336,0.31263274154514786,0.2916666666666667,0.12246221861146571,0.10833333333333334,0.22274236626354896,0.21666666666666667,0.0411706597534958,0.0411706597534958,1.0,0.38333333333333336,0.2916666666666667,0.10833333333333334,0.21666666666666667,0.08915972843592221,0.08915972843592221,1.0,0.2845001386940934,0.2811355479949698,0.15375737134555603,0.28060694196538083,0.03447757178045379,0.03447757178045379,1.0,0.3339167360137134,0.28640110733081825,0.1310453523394447,0.24863680431602375,0.0,0.0,1.0,0.3421626735798376,0.31263274154514786,0.12246221861146571,0.22274236626354896
70,0.0411706597534958,0.0,0.1547954151249854,72,168,0.0,0,1,70,0.3421626735798376,0.38333333333333336,0.31263274154514786,0.2916666666666667,0.12246221861146571,0.10833333333333334,0.22274236626354896,0.21666666666666667,0.0411706597534958,0.0411706597534958,1.0,0.38333333333333336,0.2916666666666667,0.10833333333333334,0.21666666666666667,0.05097787022830581,0.05097787022830581,0.0,0.34674070736337953,0.35903257798991167,0.09685930885148729,0.1973674057952215,0.035591227551660214,0.035591227551660214,1.0,0.36503702034835644,0.3253496223282892,0.10259632109241032,0.20701703623094408,0.0,0.0,1.0,0.3421626735798376,0.31263274154514786,0.12246221861146571,0.22274236626354896
71,0.0411706597534958,0.0,0.1547954151249854,82,169,0.0,0,0,70,0.3421626735798376,0.38333333333333336,0.31263274154514786,0.2916666666666667,0.12246221861146571,0.10833333333333334,0.22274236626354896,0.21666666666666667,0.0411706597534958,0.0411706597534958,1.0,0.38333333333333336,0.2916666666666667,0.10833333333333334,0.21666666666666667,0.05097787022830581,0.05097787022830581,0.0,0.34674070736337953,0.35903257798991167,0.09685930885148729,0.1973674057952215,0.035591227551660214,0.035591227551660214,1.0,0.36503702034835644,0.3253496223282892,0.10259632109241032,0.20701703623094408,0.0,0.0,1.0,0.3421626735798376,0.31263274154514786,0.12246221861146571,0.22274236626354896
72,0.0411706597534958,0.0,0.1547954151249854,90,171,0.0,0,0,70,0.3421626735798376,0.38333333333333336,0.31263274154514786,0.2916666666666667,0.12246221861146571,0.10833333333333334,0.22274236626354896,0.21666666666666667,0.0411706597534958,0.0411706597534958,1.0,0.38333333333333336,0.2916666666666667,0.10833333333333334,0.21666666666666667,0.05097787022830581,0.05097787022830581,0.0,0.34674070736337953,0.35903257798991167,0.09685930885148729,0.1973674057952215,0.035591227551660214,0.035591227551660214,1.0,0.36503702034835644,0.3253496223282892,0.10259632109241032,0.20701703623094408,0.0,0.0,1.0,0.3421626735798376,0.31263274154514786,0.12246221861146571,0.22274236626354896
73,0.0411706597534958,0.0,0.1547954151249854,84,173,0.0,0,0,70,0.3421626735798376,0.38333333333333336,0.31263274154514786,0.2916666666666667,0.12246221861146571,0.10833333333333334,0.22274236626354896,0.21666666666666667,0.0411706597534958,0.0411706597534958,1.0,0.38333333333333336,0.2916666666666667,0.10833333333333334,0.21666666666666667,0.05097787022830581,0.05097787022830581,0.0,0.34674070736337953,0.35903257798991167,0.09685930885148729,0.1973674057952215,0.035591227551660214,0.035591227551660214,1.0,0.36503702034835644,0.3253496223282892,0.10259632109241032,0.20701703623094408,0.0,0.0,1.0,0.3421626735798376,0.31263274154514786,0.12246221861146571,0.22274236626354896
74,0.0411706597534958,0.0,0.1547954151249854,99,175,0.0,0,0,70,0.3421626735798376,0.38333333333333336,0.31263274154514786,0.2916666666666667,0.12246221861146571,0.10833333333333334,0.22274236626354896,0.21666666666666667,0.0411706597534958,0.0411706597534958,1.0,0.38333333333333336,0.2916666666666667,0.10833333333333334,0.21666666666666667,0.05097787022830581,0.05097787022830581,0.0,0.34674070736337953,0.35903257798991167,0.09685930885148729,0.1973674057952215,0.035591227551660214,0.035591227551660214,1.0,0.36503702034835644,0.3253496223282892,0.10259632109241032,0.20701703623094408,0.0,0.0,1.0,0.3421626735798376,0.31263274154514786,0.12246221861146571,0.22274236626354896
75,0.0411706597534958,0.0,0.1547954151249854,84,178,0.0,0,0,70,0.3421626735798376,0.38333333333333336,0.31263274154514786,0.2916666666666667,0.12246221861146571,0.10833333333333334,0.22274236626354896,0.21666666666666667,0.0411706597534958,0.0411706597534958,1.0,0.38333333333333336,0.2916666666666667,0.10833333333333334,0.21666666666666667,0.05097787022830581,0.05097787022830581,0.0,0.34674070736337953,0.35903257798991167,0.09685930885148729,0.1973674057952215,0.035591227551660214,0.035591227551660214,1.0,0.36503702034835644,0.3253496223282892,0.10259632109241032,0.20701703623094408,0.0,0.0,1.0,0.3421626735798376,0.31263274154514786,0.12246221861146571,0.22274236626354896
76,0.0411706597534958,0.0,0.1547954151249854,93,178,0.0,0,0,70,0.3421626735798376,0.38333333333333336,0.31263274154514786,0.2916666666666667,0.12246221861146571,0.10833333333333334,0.22274236626354896,0.21666666666666667,0.0411706597534958,0.0411706597534958,1.0,0.38333333333333336,0.2916666666666667,0.10833333333333334,0.21666666666666667,0.05097787022830581,0.05097787022830581,0.0,0.34674070736337953,0.35903257798991167,0.09685930885148729,0.1973674057952215,0.035591227551660214,0.035591227551660214,1.0,0.36503702034835644,0.3253496223282892,0.10259632109241032,0.20701703623094408,0.0,0.0,1.0,0.3421626735798376,0.31263274154514786,0.12246221861146571,0.22274236626354896
77,0.0411706597534958,0.0,0.1547954151249854,80,178,0.0,0,0,70,0.3421626735798376,0.38333333333333336,0.31263274154514786,0.2916666666666667,0.12246221861146571,0.10833333333333334,0.22274236626354896,0.21666666666666667,0.0411706597534958,0.0411706597534958,1.0,0.38333333333333336,0.2916666666666667,0.10833333333333334,0.21666666666666667,0.05097787022830581,0.05097787022830581,0.0,0.34674070736337953,0.35903257798991167,0.09685930885148729,0.1973674057952215,0.035591227551660214,0.035591227551660214,1.0,0.36503702034835644,0.3253496223282892,0.10259632109241032,0.20701703623094408,0.0,0.0,1.0,0.3421626735798376,0.31263274154514786,0.12246221861146571,0.22274236626354896
78,0.0411706597534958,0.0,0.1547954151249854,92,180,0.0,0,0,70,0.3421626735798376,0.38333333333333336,0.31263274154514786,0.2916666666666667,0.12246221861146571,0.10833333333333334,0.22274236626354896,0.21666666666666667,0.0411706597534958,0.0411706597534958,1.0,0.38333333333333336,0.2916666666666667,0.10833333333333334,0.21666666666666667,0.05097787022830581,0.05097787022830581,0.0,0.34674070736337953,0.35903257798991167,0.09685930885148729,0.1973674057952215,0.035591227551660214,0.035591227551660214,1.0,0.36503702034835644,0.3253496223282892,0.10259632109241032,0.20701703623094408,0.0,0.0,1.0,0.3421626735798376,0.31263274154514786,0.12246221861146571,0.22274236626354896
79,0.0411706597534958,0.0,0.1547954151249854,76,183,0.0,0,0,70,0.3421626735798376,0.38333333333333336,0.31263274154514786,0.2916666666666667,0.12246221861146571,0.10833333333333334,0.22274236626354896,0.21666666666666667,0.0411706597534958,0.0411706597534958,1.0,0.38333333333333336,0.2916666666666667,0.10833333333333334,0.21666666666666667,0.05097787022830581,0.05097787022830581,0.0,0.34674070736337953,0.35903257798991167,0.09685930885148729,0.1973674057952215,0.035591227551660214,0.035591227551660214,1.0,0.36503702034835644,0.3253496223282892,0.10259632109241032,0.20701703623094408,0.0,0.0,1.0,0.3421626735798376,0.31263274154514786,0.12246221861146571,0.22274236626354896
80,0.0411706597534958,0.0,0.1547954151249854,85,184,0.0,0,1,80,0.3421626735798376,0.38333333333333336,0.31263274154514786,0.2916666666666667,0.12246221861146571,0.10833333333333334,0.22274236626354896,0.21666666666666667,0.0411706597534958,0.0411706597534958,1.0,0.38333333333333336,0.2916666666666667,0.10833333333333334,0.21666666666666667,0.13552930812508834,0.13552930812508834,1.0,0.3716303279770185,0.17710343342005944,0.16632270274615255,0.28494353585676946,0.07824769150178472,0.07824769150178472,1.0,0.37748183065517593,0.23438505004336307,0.13732801803974293,0.25080510126171807,0.0,0.0,1.0,0.3421626735798376,0.31263274154514786,0.12246221861146571,0.22274236626354896
81,0.0411706597534958,0.0,0.1547954151249854,110,185,0.0,0,0,80,0.3421626735798376,0.38333333333333336,0.31263274154514786,0.2916666666666667,0.12246221861146571,0.10833333333333334,0.22274236626354896,0.21666666666666667,0.0411706597534958,0.0411706597534958,1.0,0.38333333333333336,0.2916666666666667,0.10833333333333334,0.21666666666666667,0.13552930812508834,0.13552930812508834,1.0,0.3716303279770185,0.17710343342005944,0.16632270274615255,0.28494353585676946,0.07824769150178472,0.07824769150178472,1.0,0.37748183065517593,0.23438505004336307,0.13732801803974293,0.25080510126171807,0.0,0.0,1.0,0.3421626735798376,0.31263274154514786,0.12246221861146571,0.22274236626354896
82,0.0411706597534958,0.0,0.1547954151249854,93,188,0.0,0,0,80,0.3421626735798376,0.38333333333333336,0.31263274154514786,0.2916666666666667,0.12246221861146571,0.10833333333333334,0.22274236626354896,0.21666666666666667,0.0411706597534958,0.0411706597534958,1.0,0.38333333333333336,0.2916666666666667,0.10833333333333334,0.21666666666666667,0.13552930812508834,0.13552930812508834,1.0,0.3716303279770185,0.17710343342005944,0.16632270274615255,0.28494353585676946,0.07824769150178472,0.07824769150178472,1.0,0.37748183065517593,0.23438505004336307,0.13732801803974293,0.25080510126171807,0.0,0.0,1.0,0.3421626735798376,0.31263274154514786,0.12246221861146571,0.22274236626354896
83,0.0411706597534958,0.0,0.1547954151249854,89,189,0.0,0,0,80,0.3421626735798376,0.38333333333333336,0.31263274154514786,0.2916666666666667,0.12246221861146571,0.10833333333333334,0.22274236626354896,0.21666666666666667,0.0411706597534958,0.0411706597534958,1.0,0.38333333333333336,0.2916666666666667,0.10833333333333334,0.21666666666666667,0.13552930812508834,0.13552930812508834,1.0,0.3716303279770185,0.17710343342005944,0.16632270274615255,0.28494353585676946,0.07824769150178472,0.07824769150178472,1.0,0.37748183065517593,0.23438505004336307,0.13732801803974293,0.25080510126171807,0.0,0.0,1.0,0.3421626735798376,0.31263274154514786,0.12246221861146571,0.22274236626354896
84,0.0411706597534958,0.0,0.1547954151249854,89,190,0.0,0,0,80,0.3421626735798376,0.38333333333333336,0.31263274154514786,0.2916666666666667,0.12246221861146571,0.10833333333333334,0.22274236626354896,0.21666666666666667,0.0411706597534958,0.0411706597534958,1.0,0.38333333333333336,0.2916666666666667,0.10833333333333334,0.21666666666666667,0.13552930812508834,0.13552930812508834,1.0,0.3716303279770185,0.17710343342005944,0.16632270274615255,0.28494353585676946,0.07824769150178472,0.07824769150178472,1.0,0.37748183065517593,0.23438505004336307,0.13732801803974293,0.25080510126171807,0.0,0.0,1.0,0.3421626735798376,0.31263274154514786,0.12246221861146571,0.22274236626354896
85,0.0411706597534958,0.0,0.1547954151249854,87,190,0.0,0,0,80,0.3421626735798376,0.38333333333333336,0.31263274154514786,0.2916666666666667,0.12246221861146571,0.10833333333333334,0.22274236626354896,0.21666666666666667,0.0411706597534958,0.0411706597534958,1.0,0.38333333333333336,0.2916666666666667,0.10833333333333334,0.21666666666666667,0.13552930812508834,0.13552930812508834,1.0,0.3716303279770185,0.17710343342005944,0.16632270274615255,0.28494353585676946,0.07824769150178472,0.07824769150178472,1.0,0.37748183065517593,0.23438505004336307,0.13732801803974293,0.25080510126171807,0.0,0.0,1.0,0.3421626735798376,0.31263274154514786,0.12246221861146571,0.22274236626354896
86,0.0411706597534958,0.0,0.1547954151249854,88,192,0.0,0,0,80,0.3421626735798376,0.38333333333333336,0.31263274154514786,0.2916666666666667,0.12246221861146571,0.10833333333333334,0.22274236626354896,0.21666666666666667,0.0411706597534958,0.0411706597534958,1.0,0.38333333333333336,0.2916666666666667,0.10833333333333334,0.21666666666666667,0.13552930812508834,0.13552930812508834,1.0,0.3716303279770185,0.17710343342005944,0.16632270274615255,0.28494353585676946,0.07824769150178472,0.07824769150178472,1.0,0.37748183065517593,0.23438505004336307,0.13732801803974293,0.25080510126171807,0.0,0.0,1.0,0.3421626735798376,0.31263274154514786,0.12246221861146571,0.22274236626354896
87,0.0411706597534958,0.0,0.1547954151249854,89,193,0.0,0,0,80,0.3421626735798376,0.38333333333333336,0.31263274154514786,0.2916666666666667,0.12246221861146571,0.10833333333333334,0.22274236626354896,0.21666666666666667,0.0411706597534958,0.0411706597534958,1.0,0.38333333333333336,0.2916666666666667,0.10833333333333334,0.21666666666666667,0.13552930812508834,0.13552930812508834,1.0,0.3716303279770185,0.17710343342005944,0.16632270274615255,0.28494353585676946,0.07824769150178472,0.07824769150178472,1.0,0.37748183065517593,0.23438505004336307,0.13732801803974293,0.25080510126171807,0.0,0.0,1.0,0.3421626735798376,0.31263274154514786,0.12246221861146571,0.22274236626354896
88,0.0411706597534958,0.0,0.1547954151249854,89,193,0.0,0,0,80,0.3421626735798376,0.38333333333333336,0.31263274154514786,0.2916666666666667,0.12246221861146571,0.10833333333333334,0.22274236626354896,0.21666666666666667,0.0411706597534958,0.0411706597534958,1.0,0.38333333333333336,0.2916666666666667,0.10833333333333334,0.21666666666666667,0.13552930812508834,0.13552930812508834,1.0,0.3716303279770185,0.17710343342005944,0.16632270274615255,0.28494353585676946,0.07824769150178472,0.07824769150178472,1.0,0.37748183065517593,0.23438505004336307,0.13732801803974293,0.25080510126171807,0.0,0.0,1.0,0.3421626735798376,0.31263274154514786,0.12246221861146571,0.22274236626354896
89,0.0411706597534958,0.0,0.1547954151249854,77,195,0.0,0,0,80,0.3421626735798376,0.38333333333333336,0.31263274154514786,0.2916666666666667,0.12246221861146571,0.10833333333333334,0.22274236626354896,0.21666666666666667,0.0411706597534958,0.0411706597534958,1.0,0.38333333333333336,0.2916666666666667,0.10833333333333334,0.21666666666666667,0.13552930812508834,0.13552930812508834,1.0,0.3716303279770185,0.17710343342005944,0.16632270274615255,0.28494353585676946,0.07824769150178472,0.07824769150178472,1.0,0.37748183065517593,0.23438505004336307,0.13732801803974293,0.25080510126171807,0.0,0.0,1.0,0.3421626735798376,0.31263274154514786,0.12246221861146571,0.22274236626354896
90,0.0411706597534958,0.0,0.1547954151249854,106,197,0.0,0,1,90,0.3421626735798376,0.38333333333333336,0.31263274154514786,0.2916666666666667,0.12246221861146571,0.10833333333333334,0.22274236626354896,0.21666666666666667,0.0411706597534958,0.0411706597534958,1.0,0.38333333333333336,0.2916666666666667,0.10833333333333334,0.21666666666666667,0.017851393438105892,0.017851393438105892,1.0,0.32616092954108494,0.32136120469590496,0.1206125692121124,0.2318652965508977,0.014108073202604841,0.014108073202604841,1.0,0.35474713143720915,0.3065139356812858,0.11447295127272286,0.2242659816087822,0.0,0.0,1.0,0.3421626735798376,0.31263274154514786,0.12246221861146571,0.22274236626354896
91,0.0411706597534958,0.0,0.1547954151249854,92,199,0.0,0,0,90,0.3421626735798376,0.38333333333333336,0.31263274154514786,0.2916666666666667,0.12246221861146571,0.10833333333333334,0.22274236626354896,0.21666666666666667,0.0411706597534958,0.0411706597534958,1.0,0.38333333333333336,0.2916666666666667,0.10833333333333334,0.21666666666666667,0.017851393438105892,0.017851393438105892,1.0,0.32616092954108494,0.32136120469590496,0.1206125692121124,0.2318652965508977,0.014108073202604841,0.014108073202604841,1.0,0.35474713143720915,0.3065139356812858,0.11447295127272286,0.2242659816087822,0.0,0.0,1.0,0.3421626735798376,0.31263274154514786,0.12246221861146571,0.22274236626354896
92,0.0411706597534958,0.0,0.1547954151249854,92,201,0.0,0,0,90,0.3421626735798376,0.38333333333333336,0.31263274154514786,0.2916666666666667,0.12246221861146571,0.10833333333333334,0.22274236626354896,0.21666666666666667,0.0411706597534958,0.0411706597534958,1.0,0.38333333333333336,0.2916666666666667,0.10833333333333334,0.21666666666666667,0.017851393438105892,0.017851393438105892,1.0,0.32616092954108494,0.32136120469590496,0.1206125692121124,0.2318652965508977,0.014108073202604841,0.014108073202604841,1.0,0.35474713143720915,0.3065139356812858,0.11447295127272286,0.2242659816087822,0.0,0.0,1.0,0.3421626735798376,0.31263274154514786,0.12246221861146571,0.22274236626354896
93,0.0411706597534958,0.0,0.1547954151249854,93,202,0.0,0,0,90,0.3421626735798376,0.38333333333333336,0.31263274154514786,0.2916666666666667,0.12246221861146571,0.10833333333333334,0.22274236626354896,0.21666666666666667,0.0411706597534958,0.0411706597534958,1.0,0.38333333333333336,0.2916666666666667,0.10833333333333334,0.21666666666666667,0.017851393438105892,0.017851393438105892,1.0,0.32616092954108494,0.32136120469590496,0.1206125692121124,0.2318652965508977,0.014108073202604841,0.014108073202604841,1.0,0.35474713143720915,0.3065139356812858,0.11447295127272286,0.2242659816087822,0.0,0.0,1.0,0.3421626735798376,0.31263274154514786,0.12246221861146571,0.22274236626354896
94,0.0411706597534958,0.0,0.1547954151249854,88,202,0.0,0,0,90,0.3421626735798376,0.38333333333333336,0.31263274154514786,0.2916666666666667,0.12246221861146571,0.10833333333333334,0.22274236626354896,0.21666666666666667,0.0411706597534958,0.0411706597534958,1.0,0.38333333333333336,0.2916666666666667,0.10833333333333334,0.21666666666666667,0.017851393438105892,0.017851393438105892,1.0,0.32616092954108494,0.32136120469590496,0.1206125692121124,0.2318652965508977,0.014108073202604841,0.014108073202604841,1.0,0.35474713143720915,0.3065139356812858,0.11447295127272286,0.2242659816087822,0.0,0.0,1.0,0.3421626735798376,0.31263274154514786,0.12246221861146571,0.22274236626354896
95,0.0411706597534958,0.0,0.1547954151249854,91,205,0.0,0,0,90,0.3421626735798376,0.38333333333333336,0.31263274154514786,0.2916666666666667,0.12246221861146571,0.10833333333333334,0.22274236626354896,0.21666666666666667,0.0411706597534958,0.0411706597534958,1.0,0.38333333333333336,0.2916666666666667,0.10833333333333334,0.21666666666666667,0.017851393438105892,0.017851393438105892,1.0,0.32616092954108494,0.32136120469590496,0.1206125692121124,0.2318652965508977,0.014108073202604841,0.014108073202604841,1.0,0.35474713143720915,0.3065139356812858,0.11447295127272286,0.2242659816087822,0.0,0.0,1.0,0.3421626735798376,0.31263274154514786,0.12246221861146571,0.22274236626354896
96,0.0411706597534958,0.0,0.1547954151249854,96,206,0.0,0,0,90,0.3421626735798376,0.38333333333333336,0.31263274154514786,0.2916666666666667,0.12246221861146571,0.10833333333333334,0.22274236626354896,0.21666666666666667,0.0411706597534958,0.0411706597534958,1.0,0.38333333333333336,0.2916666666666667,0.10833333333333334,0.21666666666666667,0.017851393438105892,0.017851393438105892,1.0,0.32616092954108494,0.32136120469590496,0.1206125692121124,0.2318652965508977,0.014108073202604841,0.014108073202604841,1.0,0.35474713143720915,0.3065139356812858,0.11447295127272286,0.2242659816087822,0.0,0.0,1.0,0.3421626735798376,0.31263274154514786,0.12246221861146571,0.22274236626354896
97,0.0411706597534958,0.0,0.1547954151249854,99,208,0.0,0,0,90,0.3421626735798376,0.38333333333333336,0.31263274154514786,0.2916666666666667,0.12246221861146571,0.10833333333333334,0.22274236626354896,0.21666666666666667,0.0411706597534958,0.0411706597534958,1.0,0.38333333333333336,0.2916666666666667,0.10833333333333334,0.21666666666666667,0.017851393438105892,0.017851393438105892,1.0,0.32616092954108494,0.32136120469590496,0.1206125692121124,0.2318652965508977,0.014108073202604841,0.014108073202604841,1.0,0.35474713143720915,0.3065139356812858,0.11447295127272286,0.2242659816087822,0.0,0.0,1.0,0.3421626735798376,0.31263274154514786,0.12246221861146571,0.22274236626354896
98,0.0411706597534958,0.0,0.1547954151249854,100,210,0.0,0,0,90,0.3421626735798376,0.38333333333333336,0.31263274154514786,0.2916666666666667,0.12246221861146571,0.10833333333333334,0.22274236626354896,0.21666666666666667,0.0411706597534958,0.0411706597534958,1.0,0.38333333333333336,0.2916666666666667,0.10833333333333334,0.21666666666666667,0.017851393438105892,0.017851393438105892,1.0,0.32616092954108494,0.32136120469590496,0.1206125692121124,0.2318652965508977,0.014108073202604841,0.014108073202604841,1.0,0.35474713143720915,0.3065139356812858,0.11447295127272286,0.2242659816087822,0.0,0.0,1.0,0.3421626735798376,0.31263274154514786,0.12246221861146571,0.22274236626354896
99,0.0411706597534958,0.0,0.1547954151249854,85,212,0.0,0,0,90,0.3421626735798376,0.38333333333333336,0.31263274154514786,0.2916666666666667,0.12246221861146571,0.10833333333333334,0.22274236626354896,0.21666666666666667,0.0411706597534958,0.0411706597534958,1.0,0.38333333333333336,0.2916666666666667,0.10833333333333334,0.21666666666666667,0.017851393438105892,0.017851393438105892,1.0,0.32616092954108494,0.32136120469590496,0.1206125692121124,0.2318652965508977,0.014108073202604841,0.014108073202604841,1.0,0.35474713143720915,0.3065139356812858,0.11447295127272286,0.2242659816087822,0.0,0.0,1.0,0.3421626735798376,0.31263274154514786,0.12246221861146571,0.22274236626354896
100,0.0411706597534958,0.0,0.1547954151249854,89,188,0.0,0,1,100,0.3421626735798376,0.38333333333333336,0.31263274154514786,0.2916666666666667,0.12246221861146571,0.10833333333333334,0.22274236626354896,0.21666666666666667,0.0411706597534958,0.0411706597534958,1.0,0.38333333333333336,0.2916666666666667,0.10833333333333334,0.21666666666666667,0.022352012879771246,0.022352012879771246,0.0,0.33111332514569725,0.33430532203176216,0.12314165100462264,0.21143970181791805,0.015413908463744276,0.015413908463744276,1.0,0.3572233292395153,0.3129859943492144,0.115737492168978,0.21405318424229236,0.0,0.0,1.0,0.3421626735798376,0.31263274154514786,0.12246221861146571,0.22274236626354896
101,0.0411706597534958,0.0,0.1547954151249854,86,187,0.0,0,0,100,0.3421626735798376,0.38333333333333336,0.31263274154514786,0.2916666666666667,0.12246221861146571,0.10833333333333334,0.22274236626354896,0.21666666666666667,0.0411706597534958,0.0411706597534958,1.0,0.38333333333333336,0.2916666666666667,0.10833333333333334,0.21666666666666667,0.022352012879771246,0.022352012879771246,0.0,0.33111332514569725,0.33430532203176216,0.12314165100462264,0.21143970181791805,0.015413908463744276,0.015413908463744276,1.0,0.3572233292395153,0.3129859943492144,0.115737492168978,0.21405318424229236,0.0,0.0,1.0,0.3421626735798376,0.31263274154514786,0.12246221861146571,0.22274236626354896
102,0.0411706597534958,0.0,0.1547954151249854,85,187,0.0,0,0,100,0.3421626735798376,0.38333333333333336,0.31263274154514786,0.2916666666666667,0.12246221861146571,0.10833333333333334,0.22274236626354896,0.21666666666666667,0.0411706597534958,0.0411706597534958,1.0,0.38333333333333336,0.2916666666666667,0.10833333333333334,0.21666666666666667,0.022352012879771246,0.022352012879771246,0.0,0.33111332514569725,0.33430532203176216,0.12314165100462264,0.21143970181791805,0.015413908463744276,0.015413908463744276,1.0,0.3572233292395153,0.3129859943492144,0.115737492168978,0.21405318424229236,0.0,0.0,1.0,0.3421626735798376,0.31263274154514786,0.12246221861146571,0.22274236626354896
103,0.0411706597534958,0.0,0.1547954151249854,82,185,0.0,0,0,100,0.3421626735798376,0.38333333333333336,0.31263274154514786,0.2916666666666667,0.12246221861146571,0.10833333333333334,0.22274236626354896,0.21666666666666667,0.0411706597534958,0.0411706597534958,1.0,0.38333333333333336,0.2916666666666667,0.10833333333333334,0.21666666666666667,0.022352012879771246,0.022352012879771246,0.0,0.33111332514569725,0.33430532203176216,0.12314165100462264,0.21143970181791805,0.015413908463744276,0.015413908463744276,1.0,0.3572233292395153,0.3129859943492144,0.115737492168978,0.21405318424229236,0.0,0.0,1.0,0.3421626735798376,0.31263274154514786,0.12246221861146571,0.22274236626354896
104,0.0411706597534958,0.0,0.1547954151249854,95,183,0.0,0,0,100,0.3421626735798376,0.38333333333333336,0.31263274154514786,0.2916666666666667,0.12246221861146571,0.10833333333333334,0.22274236626354896,0.21666666666666667,0.0411706597534958,0.0411706597534958,1.0,0.38333333333333336,0.2916666666666667,0.10833333333333334,0.21666666666666667,0.022352012879771246,0.022352012879771246,0.0,0.33111332514569725,0.33430532203176216,0.12314165100462264,0.21143970181791805,0.015413908463744276,0.015413908463744276,1.0,0.3572233292395153,0.3129859943492144,0.115737492168978,0.21405318424229236,0.0,0.0,1.0,0.3421626735798376,0.31263274154514786,0.12246221861146571,0.22274236626354896
105,0.0411706597534958,0.0,0.1547954151249854,72,181,0.0,0,0,100,0.3421626735798376,0.38333333333333336,0.31263274154514786,0.2916666666666667,0.12246221861146571,0.10833333333333334,0.22274236626354896,0.21666666666666667,0.0411706597534958,0.0411706597534958,1.0,0.38333333333333336,0.2916666666666667,0.10833333333333334,0.21666666666666667,0.022352012879771246,0.022352012879771246,0.0,0.33111332514569725,0.33430532203176216,0.12314165100462264,0.21143970181791805,0.015413908463744276,0.015413908463744276,1.0,0.3572233292395153,0.3129859943492144,0.115737492168978,0.21405318424229236,0.0,0.0,1.0,0.3421626735798376,0.31263274154514786,0.12246221861146571,0.22274236626354896
106,0.0411706597534958,0.0,0.1547954151249854,76,180,0.0,0,0,100,0.3421626735798376,0.38333333333333336,0.31263274154514786,0.2916666666666667,0.12246221861146571,0.10833333333333334,0.22274236626354896,0.21666666666666667,0.0411706597534958,0.0411706597534958,1.0,0.38333333333333336,0.2916666666666667,0.10833333333333334,0.21666666666666667,0.022352012879771246,0.022352012879771246,0.0,0.33111332514569725,0.33430532203176216,0.12314165100462264,0.21143970181791805,0.015413908463744276,0.015413908463744276,1.0,0.3572233292395153,0.3129859943492144,0.115737492168978,0.21405318424229236,0.0,0.0,1.0,0.3421626735798376,0.31263274154514786,0.12246221861146571,0.22274236626354896
107,0.0411706597534958,0.0,0.1547954151249854,87,179,0.0,0,0,100,0.3421626735798376,0.38333333333333336,0.31263274154514786,0.2916666666666667,0.12246221861146571,0.10833333333333334,0.22274236626354896,0.21666666666666667,0.0411706597534958,0.0411706597534958,1.0,0.38333333333333336,0.2916666666666667,0.10833333333333334,0.21666666666666667,0.022352012879771246,0.022352012879771246,0.0,0.33111332514569725,0.33430532203176216,0.12314165100462264,0.21143970181791805,0.015413908463744276,0.015413908463744276,1.0,0.3572233292395153,0.3129859943492144,0.115737492168978,0.21405318424229236,0.0,0.0,1.0,0.3421626735798376,0.31263274154514786,0.12246221861146571,0.22274236626354896
108,0.0411706597534958,0.0,0.1547954151249854,73,179,0.0,0,0,100,0.3421626735798376,0.38333333333333336,0.31263274154514786,0.2916666666666667,0.12246221861146571,0.10833333333333334,0.22274236626354896,0.21666666666666667,0.0411706597534958,0.0411706597534958,1.0,0.38333333333333336,0.2916666666666667,0.10833333333333334,0.21666666666666667,0.022352012879771246,0.022352012879771246,0.0,0.33111332514569725,0.33430532203176216,0.12314165100462264,0.21143970181791805,0.015413908463744276,0.015413908463744276,1.0,0.3572233292395153,0.3129859943492144,0.115737492168978,0.21405318424229236,0.0,0.0,1.0,0.3421626735798376,0.31263274154514786,0.12246221861146571,0.22274236626354896
109,0.0411706597534958,0.0,0.1547954151249854,96,177,0.0,0,0,100,0.3421626735798376,0.38333333333333336,0.31263274154514786,0.2916666666666667,0.12246221861146571,0.10833333333333334,0.22274236626354896,0.21666666666666667,0.0411706597534958,0.0411706597534958,1.0,0.38333333333333336,0.2916666666666667,0.10833333333333334,0.21666666666666667,0.022352012879771246,0.022352012879771246,0.0,0.33111332514569725,0.33430532203176216,0.12314165100462264,0.21143970181791805,0.015413908463744276,0.015413908463744276,1.0,0.3572233292395153,0.3129859943492144,0.115737492168978,0.21405318424229236,0.0,0.0,1.0,0.3421626735798376,0.31263274154514786,0.12246221861146571,0.22274236626354896
110,0.0411706597534958,0.0,0.1547954151249854,96,175,0.0,0,1,110,0.3421626735798376,0.38333333333333336,0.31263274154514786,0.2916666666666667,0.12246221861146571,0.10833333333333334,0.22274236626354896,0.21666666666666667,0.0411706597534958,0.0411706597534958,1.0,0.38333333333333336,0.2916666666666667,0.10833333333333334,0.21666666666666667,0.08087660063597843,0.08087660063597843,1.0,0.3803740341903941,0.2950033218794798,0.16512745863688758,0.15949518529323853,0.053959187555670925,0.053959187555670925,1.0,0.38185368376186374,0.29333499427307325,0.13673039598511044,0.1880809259799526,0.0,0.0,1.0,0.3421626735798376,0.31263274154514786,0.12246221861146571,0.22274236626354896
111,0.0411706597534958,0.0,0.1547954151249854,82,174,0.0,0,0,110,0.3421626735798376,0.38333333333333336,0.31263274154514786,0.2916666666666667,0.12246221861146571,0.10833333333333334,0.22274236626354896,0.21666666666666667,0.0411706597534958,0.0411706597534958,1.0,0.38333333333333336,0.2916666666666667,0.10833333333333334,0.21666666666666667,0.08087660063597843,0.08087660063597843,1.0,0.3803740341903941,0.2950033218794798,0.16512745863688758,0.15949518529323853,0.053959187555670925,0.053959187555670925,1.0,0.38185368376186374,0.29333499427307325,0.13673039598511044,0.1880809259799526,0.0,0.0,1.0,0.3421626735798376,0.31263274154514786,0.12246221861146571,0.22274236626354896
112,0.0411706597534958,0.0,0.1547954151249854,92,172,0.0,0,0,110,0.3421626735798376,0.38333333333333336,0.31263274154514786,0.2916666666666667,0.12246221861146571,0.10833333333333334,0.22274236626354896,0.21666666666666667,0.0411706597534958,0.0411706597534958,1.0,0.38333333333333336,0.2916666666666667,0.10833333333333334,0.21666666666666667,0.08087660063597843,0.08087660063597843,1.0,0.3803740341903941,0.2950033218794798,0.16512745863688758,0.15949518529323853,0.053959187555670925,0.053959187555670925,1.0,0.38185368376186374,0.29333499427307325,0.13673039598511044,0.1880809259799526,0.0,0.0,1.0,0.3421626735798376,0.31263274154514786,0.12246221861146571,0.22274236626354896
113,0.0411706597534958,0.0,0.1547954151249854,95,169,0.0,0,0,110,0.3421626735798376,0.38333333333333336,0.31263274154514786,0.2916666666666667,0.12246221861146571,0.10833333333333334,0.22274236626354896,0.21666666666666667,0.0411706597534958,0.0411706597534958,1.0,0.38333333333333336,0.2916666666666667,0.10833333333333334,0.21666666666666667,0.08087660063597843,0.08087660063597843,1.0,0.3803740341903941,0.2950033218794798,0.16512745863688758,0.15949518529323853,0.053959187555670925,0.053959187555670925,1.0,0.38185368376186374,0.29333499427307325,0.13673039598511044,0.1880809259799526,0.0,0.0,1.0,0.3421626735798376,0.31263274154514786,0.12246221861146571,0.22274236626354896
114,0.0411706597534958,0.0,0.1547954151249854,84,170,0.0,0,0,110,0.3421626735798376,0.38333333333333336,0.31263274154514786,0.2916666666666667,0.12246221861146571,0.10833333333333334,0.22274236626354896,0.21666666666666667,0.0411706597534958,0.0411706597534958,1.0,0.38333333333333336,0.2916666666666667,0.10833333333333334,0.21666666666666667,0.08087660063597843,0.08087660063597843,1.0,0.3803740341903941,0.2950033218794798,0.16512745863688758,0.15949518529323853,0.053959187555670925,0.053959187555670925,1.0,0.38185368376186374,0.29333499427307325,0.13673039598511044,0.1880809259799526,0.0,0.0,1.0,0.3421626735798376,0.31263274154514786,0.12246221861146571,0.22274236626354896
115,0.0411706597534958,0.0,0.1547954151249854,81,171,0.0,0,0,110,0.3421626735798376,0.38333333333333336,0.31263274154514786,0.2916666666666667,0.12246221861146571,0.10833333333333334,0.22274236626354896,0.21666666666666667,0.0411706597534958,0.0411706597534958,1.0,0.38333333333333336,0.2916666666666667,0.10833333333333334,0.21666666666666667,0.08087660063597843,0.08087660063597843,1.0,0.3803740341903941,0.2950033218794798,0.16512745863688758,0.15949518529323853,0.053959187555670925,0.053959187555670925,1.0,0.38185368376186374,0.29333499427307325,0.13673039598511044,0.1880809259799526,0.0,0.0,1.0,0.3421626735798376,0.31263274154514786,0.12246221861146571,0.22274236626354896
116,0.0411706597534958,0.0,0.1547954151249854,96,170,0.0,0,0,110,0.3421626735798376,0.38333333333333336,0.31263274154514786,0.2916666666666667,0.12246221861146571,0.10833333333333334,0.22274236626354896,0.21666666666666667,0.0411706597534958,0.0411706597534958,1.0,0.38333333333333336,0.2916666666666667,0.10833333333333334,0.21666666666666667,0.08087660063597843,0.08087660063597843,1.0,0.3803740341903941,0.2950033218794798,0.16512745863688758,0.15949518529323853,0.053959187555670925,0.053959187555670925,1.0,0.38185368376186374,0.29333499427307325,0.13673039598511044,0.1880809259799526,0.0,0.0,1.0,0.3421626735798376,0.31263274154514786,0.12246221861146571,0.22274236626354896
117,0.0411706597534958,0.0,0.1547954151249854,95,169,0.0,0,0,110,0.3421626735798376,0.38333333333333336,0.31263274154514786,0.2916666666666667,0.12246221861146571,0.10833333333333334,0.22274236626354896,0.21666666666666667,0.0411706597534958,0.0411706597534958,1.0,0.38333333333333336,0.2916666666666667,0.10833333333333334,0.21666666666666667,0.08087660063597843,0.08087660063597843,1.0,0.3803740341903941,0.2950033218794798,0.16512745863688758,0.15949518529323853,0.053959187555670925,0.053959187555670925,1.0,0.38185368376186374,0.29333499427307325,0.13673039598511044,0.1880809259799526,0.0,0.0,1.0,0.3421626735798376,0.31263274154514786,0.12246221861146571,0.22274236626354896
118,0.0411706597534958,0.0,0.1547954151249854,83,168,0.0,0,0,110,0.3421626735798376,0.38333333333333336,0.31263274154514786,0.2916666666666667,0.12246221861146571,0.10833333333333334,0.22274236626354896,0.21666666666666667,0.0411706597534958,0.0411706597534958,1.0,0.38333333333333336,0.2916666666666667,0.10833333333333334,0.21666666666666667,0.08087660063597843,0.08087660063597843,1.0,0.3803740341903941,0.2950033218794798,0.16512745863688758,0.15949518529323853,0.053959187555670925,0.053959187555670925,1.0,0.38185368376186374,0.29333499427307325,0.13673039598511044,0.1880809259799526,0.0,0.0,1.0,0.3421626735798376,0.31263274154514786,0.12246221861146571,0.22274236626354896
119,0.0411706597534958,0.0,0.1547954151249854,91,169,0.0,0,0,110,0.3421626735798376,0.38333333333333336,0.31263274154514786,0.2916666666666667,0.12246221861146571,0.10833333333333334,0.22274236626354896,0.21666666666666667,0.0411706597534958,0.0411706597534958,1.0,0.38333333333333336,0.2916666666666667,0.10833333333333334,0.21666666666666667,0.08087660063597843,0.08087660063597843,1.0,0.3803740341903941,0.2950033218794798,0.16512745863688758,0.15949518529323853,0.053959187555670925,0.053959187555670925,1.0,0.38185368376186374,0.29333499427307325,0.13673039598511044,0.1880809259799526,0.0,0.0,1.0,0.3421626735798376,0.31263274154514786,0.12246221861146571,0.22274236626354896
120,0.0411706597534958,0.0,0.1547954151249854,94,165,0.0,0,1,120,0.3421626735798376,0.38333333333333336,0.31263274154514786,0.2916666666666667,0.12246221861146571,0.10833333333333334,0.22274236626354896,0.21666666666666667,0.0411706597534958,0.0411706597534958,1.0,0.38333333333333336,0.2916666666666667,0.10833333333333334,0.21666666666666667,0.12433257291274166,0.12433257291274166,0.0,0.22970767353034952,0.37725657971314797,0.18217095335620725,0.21086479340029537,0.04461880637806407,0.04461880637806407,0.0,0.30652050343184145,0.33446162318990735,0.1452521433447703,0.21376573003348104,0.0,0.0,1.0,0.3421626735798376,0.31263274154514786,0.12246221861146571,0.22274236626354896
121,0.0411706597534958,0.0,0.1547954151249854,90,163,0.0,0,0,120,0.3421626735798376,0.38333333333333336,0.31263274154514786,0.2916666666666667,0.12246221861146571,0.10833333333333334,0.22274236626354896,0.21666666666666667,0.0411706597534958,0.0411706597534958,1.0,0.38333333333333336,0.2916666666666667,0.10833333333333334,0.21666666666666667,0.12433257291274166,0.12433257291274166,0.0,0.22970767353034952,0.37725657971314797,0.18217095335620725,0.21086479340029537,0.04461880637806407,0.04461880637806407,0.0,0.30652050343184145,0.33446162318990735,0.1452521433447703,0.21376573003348104,0.0,0.0,1.0,0.3421626735798376,0.31263274154514786,0.12246221861146571,0.22274236626354896
122,0.0411706597534958,0.0,0.1547954151249854,97,162,0.0,0,0,120,0.3421626735798376,0.38333333333333336,0.31263274154514786,0.2916666666666667,0.12246221861146571,0.10833333333333334,0.22274236626354896,0.21666666666666667,0.0411706597534958,0.0411706597534958,1.0,0.38333333333333336,0.2916666666666667,0.10833333333333334,0.21666666666666667,0.12433257291274166,0.12433257291274166,0.0,0.22970767353034952,0.37725657971314797,0.18217095335620725,0.21086479340029537,0.04461880637806407,0.04461880637806407,0.0,0.30652050343184145,0.33446162318990735,0.1452521433447703,0.21376573003348104,0.0,0.0,1.0,0.3421626735798376,0.31263274154514786,0.12246221861146571,0.22274236626354896
123,0.0411706597534958,0.0,0.1547954151249854,122,160,0.0,0,0,120,0.3421626735798376,0.38333333333333336,0.31263274154514786,0.2916666666666667,0.12246221861146571,0.10833333333333334,0.22274236626354896,0.21666666666666667,0.0411706597534958,0.0411706597534958,1.0,0.38333333333333336,0.2916666666666667,0.10833333333333334,0.21666666666666667,0.12433257291274166,0.12433257291274166,0.0,0.22970767353034952,0.37725657971314797,0.18217095335620725,0.21086479340029537,0.04461880637806407,0.04461880637806407,0.0,0.30652050343184145,0.33446162318990735,0.1452521433447703,0.21376573003348104,0.0,0.0,1.0,0.3421626735798376,0.31263274154514786,0.12246221861146571,0.22274236626354896
124,0.0411706597534958,0.0,0.1547954151249854,97,160,0.0,0,0,120,0.3421626735798376,0.38333333333333336,0.31263274154514786,0.2916666666666667,0.12246221861146571,0.10833333333333334,0.22274236626354896,0.21666666666666667,0.0411706597534958,0.0411706597534958,1.0,0.38333333333333336,0.2916666666666667,0.10833333333333334,0.21666666666666667,0.12433257291274166,0.12433257291274166,0.0,0.22970767353034952,0.37725657971314797,0.18217095335620725,0.21086479340029537,0.04461880637806407,0.04461880637806407,0.0,0.30652050343184145,0.33446162318990735,0.1452521433447703,0.21376573003348104,0.0,0.0,1.0,0.3421626735798376,0.31263274154514786,0.12246221861146571,0.22274236626354896
125,0.0411706597534958,0.0,0.1547954151249854,92,158,0.0,0,0,120,0.3421626735798376,0.38333333333333336,0.31263274154514786,0.2916666666666667,0.12246221861146571,0.10833333333333334,0.22274236626354896,0.21666666666666667,0.0411706597534958,0.0411706597534958,1.0,0.38333333333333336,0.2916666666666667,0.10833333333333334,0.21666666666666667,0.12433257291274166,0.12433257291274166,0.0,0.22970767353034952,0.37725657971314797,0.18217095335620725,0.21086479340029537,0.04461880637806407,0.04461880637806407,0.0,0.30652050343184145,0.33446162318990735,0.1452521433447703,0.21376573003348104,0.0,0.0,1.0,0.3421626735798376,0.31263274154514786,0.12246221861146571,0.22274236626354896
126,0.0411706597534958,0.0,0.1547954151249854,77,159,0.0,0,0,120,0.3421626735798376,0.38333333333333336,0.31263274154514786,0.2916666666666667,0.12246221861146571,0.10833333333333334,0.22274236626354896,0.21666666666666667,0.0411706597534958,0.0411706597534958,1.0,0.38333333333333336,0.2916666666666667,0.10833333333333334,0.21666666666666667,0.12433257291274166,0.12433257291274166,0.0,0.22970767353034952,0.37725657971314797,0.18217095335620725,0.21086479340029537,0.04461880637806407,0.04461880637806407,0.0,0.30652050343184145,0.33446162318990735,0.1452521433447703,0.21376573003348104,0.0,0.0,1.0,0.3421626735798376,0.31263274154514786,0.12246221861146571,0.22274236626354896
127,0.0411706597534958,0.0,0.1547954151249854,87,159,0.0,0,0,120,0.3421626735798376,0.38333333333333336,0.31263274154514786,0.2916666666666667,0.12246221861146571,0.10833333333333334,0.22274236626354896,0.21666666666666667,0.0411706597534958,0.0411706597534958,1.0,0.38333333333333336,0.2916666666666667,0.10833333333333334,0.21666666666666667,0.12433257291274166,0.12433257291274166,0.0,0.22970767353034952,0.37725657971314797,0.18217095335620725,0.21086479340029537,0.04461880637806407,0.04461880637806407,0.0,0.30652050343184145,0.33446162318990735,0.1452521433447703,0.21376573003348104,0.0,0.0,1.0,0.3421626735798376,0.31263274154514786,0.12246221861146571,0.22274236626354896
128,0.0411706597534958,0.0,0.1547954151249854,91,161,0.0,0,0,120,0.3421626735798376,0.38333333333333336,0.31263274154514786,0.2916666666666667,0.12246221861146571,0.10833333333333334,0.22274236626354896,0.21666666666666667,0.0411706597534958,0.0411706597534958,1.0,0.38333333333333336,0.2916666666666667,0.10833333333333334,0.21666666666666667,0.12433257291274166,0.12433257291274166,0.0,0.22970767353034952,0.37725657971314797,0.18217095335620725,0.21086479340029537,0.04461880637806407,0.04461880637806407,0.0,0.30652050343184145,0.33446162318990735,0.1452521433447703,0.21376573003348104,0.0,0.0,1.0,0.3421626735798376,0.31263274154514786,0.12246221861146571,0.22274236626354896
129,0.0411706597534958,0.0,0.1547954151249854,67,161,0.0,0,0,120,0.3421626735798376,0.38333333333333336,0.31263274154514786,0.2916666666666667,0.12246221861146571,0.10833333333333334,0.22274236626354896,0.21666666666666667,0.0411706597534958,0.0411706597534958,1.0,0.38333333333333336,0.2916666666666667,0.10833333333333334,0.21666666666666667,0.12433257291274166,0.12433257291274166,0.0,0.22970767353034952,0.37725657971314797,0.18217095335620725,0.21086479340029537,0.04461880637806407,0.04461880637806407,0.0,0.30652050343184145,0.33446162318990735,0.1452521433447703,0.21376573003348104,0.0,0.0,1.0,0.3421626735798376,0.31263274154514786,0.12246221861146571,0.22274236626354896
130,0.0411706597534958,0.0,0.1547954151249854,103,160,0.0,0,1,130,0.3421626735798376,0.38333333333333336,0.31263274154514786,0.2916666666666667,0.12246221861146571,0.10833333333333334,0.22274236626354896,0.21666666666666667,0.0411706597534958,0.0411706597534958,1.0,0.38333333333333336,0.2916666666666667,0.10833333333333334,0.21666666666666667,0.11645196659827271,0.11645196659827271,0.0,0.2837459638636347,0.3373743759825231,0.0644269617293958,0.31445269842444634,0.04470509606145463,0.04470509606145463,1.0,0.33353964859848406,0.3145205213245949,0.08638014753136457,0.2655596825455565,0.0,0.0,1.0,0.3421626735798376,0.31263274154514786,0.12246221861146571,0.22274236626354896
131,0.0411706597534958,0.0,0.1547954151249854,97,158,0.0,0,0,130,0.3421626735798376,0.38333333333333336,0.31263274154514786,0.2916666666666667,0.12246221861146571,0.10833333333333334,0.22274236626354896,0.21666666666666667,0.0411706597534958,0.0411706597534958,1.0,0.38333333333333336,0.2916666666666667,0.10833333333333334,0.21666666666666667,0.11645196659827271,0.11645196659827271,0.0,0.2837459638636347,0.3373743759825231,0.0644269617293958,0.31445269842444634,0.04470509606145463,0.04470509606145463,1.0,0.33353964859848406,0.3145205213245949,0.08638014753136457,0.2655596825455565,0.0,0.0,1.0,0.3421626735798376,0.31263274154514786,0.12246221861146571,0.22274236626354896
132,0.0411706597534958,0.0,0.1547954151249854,91,158,0.0,0,0,130,0.3421626735798376,0.38333333333333336,0.31263274154514786,0.2916666666666667,0.12246221861146571,0.10833333333333334,0.22274236626354896,0.21666666666666667,0.0411706597534958,0.0411706597534958,1.0,0.38333333333333336,0.2916666666666667,0.10833333333333334,0.21666666666666667,0.11645196659827271,0.11645196659827271,0.0,0.2837459638636347,0.3373743759825231,0.0644269617293958,0.31445269842444634,0.04470509606145463,0.04470509606145463,1.0,0.33353964859848406,0.3145205213245949,0.08638014753136457,0.2655596825455565,0.0,0.0,1.0,0.3421626735798376,0.31263274154514786,0.12246221861146571,0.22274236626354896
133,0.0411706597534958,0.0,0.1547954151249854,77,158,0.0,0,0,130,0.3421626735798376,0.38333333333333336,0.31263274154514786,0.2916666666666667,0.12246221861146571,0.10833333333333334,0.22274236626354896,0.21666666666666667,0.0411706597534958,0.0411706597534958,1.0,0.38333333333333336,0.2916666666666667,0.10833333333333334,0.21666666666666667,0.11645196659827271,0.11645196659827271,0.0,0.2837459638636347,0.3373743759825231,0.0644269617293958,0.31445269842444634,0.04470509606145463,0.04470509606145463,1.0,0.33353964859848406,0.3145205213245949,0.08638014753136457,0.2655596825455565,0.0,0.0,1.0,0.3421626735798376,0.31263274154514786,0.12246221861146571,0.22274236626354896
134,0.0411706597534958,0.0,0.1547954151249854,84,158,0.0,0,0,130,0.3421626735798376,0.38333333333333336,0.31263274154514786,0.2916666666666667,0.12246221861146571,0.10833333333333334,0.22274236626354896,0.21666666666666667,0.0411706597534958,0.0411706597534958,1.0,0.38333333333333336,0.2916666666666667,0.10833333333333334,0.21666666666666667,0.11645196659827271,0.11645196659827271,0.0,0.2837459638636347,0.3373743759825231,0.0644269617293958,0.31445269842444634,0.04470509606145463,0.04470509606145463,1.0,0.33353964859848406,0.3145205213245949,0.08638014753136457,0.2655596825455565,0.0,0.0,1.0,0.3421626735798376,0.31263274154514786,0.12246221861146571,0.22274236626354896
135,0.0411706597534958,0.0,0.1547954151249854,81,157,0.0,0,0,130,0.3421626735798376,0.38333333333333336,0.31263274154514786,0.2916666666666667,0.12246221861146571,0.10833333333333334,0.22274236626354896,0.21666666666666667,0.0411706597534958,0.0411706597534958,1.0,0.38333333333333336,0.2916666666666667,0.10833333333333334,0.21666666666666667,0.11645196659827271,0.11645196659827271,0.0,0.2837459638636347,0.3373743759825231,0.0644269617293958,0.31445269842444634,0.04470509606145463,0.04470509606145463,1.0,0.33353964859848406,0.3145205213245949,0.08638014753136457,0.2655596825455565,0.0,0.0,1.0,0.3421626735798376,0.31263274154514786,0.12246221861146571,0.22274236626354896
136,0.0411706597534958,0.0,0.1547954151249854,74,154,0.0,0,0,130,0.3421626735798376,0.38333333333333336,0.31263274154514786,0.2916666666666667,0.12246221861146571,0.10833333333333334,0.22274236626354896,0.21666666666666667,0.0411706597534958,0.0411706597534958,1.0,0.38333333333333336,0.2916666666666667,0.10833333333333334,0.21666666666666667,0.11645196659827271,0.11645196659827271,0.0,0.2837459638636347,0.3373743759825231,0.0644269617293958,0.31445269842444634,0.04470509606145463,0.04470509606145463,1.0,0.33353964859848406,0.3145205213245949,0.08638014753136457,0.2655596825455565,0.0,0.0,1.0,0.3421626735798376,0.31263274154514786,0.12246221861146571,0.22274236626354896
137,0.0411706597534958,0.0,0.1547954151249854,79,154,0.0,0,0,130,0.3421626735798376,0.38333333333333336,0.31263274154514786,0.2916666666666667,0.12246221861146571,0.10833333333333334,0.22274236626354896,0.21666666666666667,0.0411706597534958,0.0411706597534958,1.0,0.38333333333333336,0.2916666666666667,0.10833333333333334,0.21666666666666667,0.11645196659827271,0.11645196659827271,0.0,0.2837459638636347,0.3373743759825231,0.0644269617293958,0.31445269842444634,0.04470509606145463,0.04470509606145463,1.0,0.33353964859848406,0.3145205213245949,0.08638014753136457,0.2655596825455565,0.0,0.0,1.0,0.3421626735798376,0.31263274154514786,0.12246221861146571,0.22274236626354896
138,0.0411706597534958,0.0,0.1547954151249854,91,153,0.0,0,0,130,0.3421626735798376,0.38333333333333336,0.31263274154514786,0.2916666666666667,0.12246221861146571,0.10833333333333334,0.22274236626354896,0.21666666666666667,0.0411706597534958,0.0411706597534958,1.0,0.38333333333333336,0.2916666666666667,0.10833333333333334,0.21666666666666667,0.11645196659827271,0.11645196659827271,0.0,0.2837459638636347,0.3373743759825231,0.0644269617293958,0.31445269842444634,0.04470509606145463,0.04470509606145463,1.0,0.33353964859848406,0.3145205213245949,0.08638014753136457,0.2655596825455565,0.0,0.0,1.0,0.3421626735798376,0.31263274154514786,0.12246221861146571,0.22274236626354896
139,0.0411706597534958,0.0,0.1547954151249854,85,154,0.0,0,0,130,0.3421626735798376,0.38333333333333336,0.31263274154514786,0.2916666666666667,0.12246221861146571,0.10833333333333334,0.22274236626354896,0.21666666666666667,0.0411706597534958,0.0411706597534958,1.0,0.38333333333333336,0.2916666666666667,0.10833333333333334,0.21666666666666667,0.11645196659827271,0.11645196659827271,0.0,0.2837459638636347,0.3373743759825231,0.0644269617293958,0.31445269842444634,0.04470509606145463,0.04470509606145463,1.0,0.33353964859848406,0.3145205213245949,0.08638014753136457,0.2655596825455565,0.0,0.0,1.0,0.3421626735798376,0.31263274154514786,0.12246221861146571,0.22274236626354896
140,0.0411706597534958,0.0,0.1547954151249854,105,154,0.0,0,1,140,0.3421626735798376,0.38333333333333336,0.31263274154514786,0.2916666666666667,0.12246221861146571,0.10833333333333334,0.22274236626354896,0.21666666666666667,0.0411706597534958,0.0411706597534958,1.0,0.38333333333333336,0.2916666666666667,0.10833333333333334,0.21666666666666667,0.11205581670468935,0.11205581670468935,1.0,0.39190684654474506,0.3749443852849297,0.05068637635389415,0.1824623918164311,0.06613020078985199,0.06613020078985199,1.0,0.3876200899390392,0.3333055259757982,0.07950985484361374,0.19956452924154888,0.0,0.0,1.0,0.3421626735798376,0.31263274154514786,0.12246221861146571,0.22274236626354896
141,0.0411706597534958,0.0,0.1547954151249854,91,155,0.0,0,0,140,0.3421626735798376,0.38333333333333336,0.31263274154514786,0.2916666666666667,0.12246221861146571,0.10833333333333334,0.22274236626354896,0.21666666666666667,0.0411706597534958,0.0411706597534958,1.0,0.38333333333333336,0.2916666666666667,0.10833333333333334,0.21666666666666667,0.11205581670468935,0.11205581670468935,1.0,0.39190684654474506,0.3749443852849297,0.05068637635389415,0.1824623918164311,0.06613020078985199,0.06613020078985199,1.0,0.3876200899390392,0.3333055259757982,0.07950985484361374,0.19956452924154888,0.0,0.0,1.0,0.3421626735798376,0.31263274154514786,0.12246221861146571,0.22274236626354896
142,0.0411706597534958,0.0,0.1547954151249854,89,154,0.0,0,0,140,0.3421626735798376,0.38333333333333336,0.31263274154514786,0.2916666666666667,0.12246221861146571,0.10833333333333334,0.22274236626354896,0.21666666666666667,0.0411706597534958,0.0411706597534958,1.0,0.38333333333333336,0.2916666666666667,0.10833333333333334,0.21666666666666667,0.11205581670468935,0.11205581670468935,1.0,0.39190684654474506,0.3749443852849297,0.05068637635389415,0.1824623918164311,0.06613020078985199,0.06613020078985199,1.0,0.3876200899390392,0.3333055259757982,0.07950985484361374,0.19956452924154888,0.0,0.0,1.0,0.3421626735798376,0.31263274154514786,0.12246221861146571,0.22274236626354896
143,0.0411706597534958,0.0,0.1547954151249854,96,153,0.0,0,0,140,0.3421626735798376,0.38333333333333336,0.31263274154514786,0.2916666666666667,0.12246221861146571,0.10833333333333334,0.22274236626354896,0.21666666666666667,0.0411706597534958,0.0411706597534958,1.0,0.38333333333333336,0.2916666666666667,0.10833333333333334,0.21666666666666667,0.11205581670468935,0.11205581670468935,1.0,0.39190684654474506,0.3749443852849297,0.05068637635389415,0.1824623918164311,0.06613020078985199,0.06613020078985199,1.0,0.3876200899390392,0.3333055259757982,0.07950985484361374,0.19956452924154888,0.0,0.0,1.0,0.3421626735798376,0.31263274154514786,0.12246221861146571,0.22274236626354896
144,0.0411706597534958,0.0,0.1547954151249854,91,149,0.0,0,0,140,0.3421626735798376,0.38333333333333336,0.31263274154514786,0.2916666666666667,0.12246221861146571,0.10833333333333334,0.22274236626354896,0.21666666666666667,0.0411706597534958,0.0411706597534958,1.0,0.38333333333333336,0.2916666666666667,0.10833333333333334,0.21666666666666667,0.11205581670468935,0.11205581670468935,1.0,0.39190684654474506,0.3749443852849297,0.05068637635389415,0.1824623918164311,0.06613020078985199,0.06613020078985199,1.0,0.3876200899390392,0.3333055259757982,0.07950985484361374,0.19956452924154888,0.0,0.0,1.0,0.3421626735798376,0.31263274154514786,0.12246221861146571,0.22274236626354896
145,0.0411706597534958,0.0,0.1547954151249854,99,148,0.0,0,0,140,0.3421626735798376,0.38333333333333336,0.31263274154514786,0.2916666666666667,0.12246221861146571,0.10833333333333334,0.22274236626354896,0.21666666666666667,0.0411706597534958,0.0411706597534958,1.0,0.38333333333333336,0.2916666666666667,0.10833333333333334,0.21666666666666667,0.11205581670468935,0.11205581670468935,1.0,0.39190684654474506,0.3749443852849297,0.05068637635389415,0.1824623918164311,0.06613020078985199,0.06613020078985199,1.0,0.3876200899390392,0.3333055259757982,0.07950985484361374,0.19956452924154888,0.0,0.0,1.0,0.3421626735798376,0.31263274154514786,0.12246221861146571,0.22274236626354896
146,0.0411706597534958,0.0,0.1547954151249854,88,145,0.0,0,0,140,0.3421626735798376,0.38333333333333336,0.31263274154514786,0.2916666666666667,0.12246221861146571,0.10833333333333334,0.22274236626354896,0.21666666666666667,0.0411706597534958,0.0411706597534958,1.0,0.38333333333333336,0.2916666666666667,0.10833333333333334,0.21666666666666667,0.11205581670468935,0.11205581670468935,1.0,0.39190684654474506,0.3749443852849297,0.05068637635389415,0.1824623918164311,0.06613020078985199,0.06613020078985199,1.0,0.3876200899390392,0.3333055259757982,0.07950985484361374,0.19956452924154888,0.0,0.0,1.0,0.3421626735798376,0.31263274154514786,0.12246221861146571,0.22274236626354896
147,0.0411706597534958,0.0,0.1547954151249854,96,148,0.0,0,0,140,0.3421626735798376,0.38333333333333336,0.31263274154514786,0.2916666666666667,0.12246221861146571,0.10833333333333334,0.22274236626354896,0.21666666666666667,0.0411706597534958,0.0411706597534958,1.0,0.38333333333333336,0.2916666666666667,0.10833333333333334,0.21666666666666667,0.11205581670468935,0.11205581670468935,1.0,0.39190684654474506,0.3749443852849297,0.05068637635389415,0.1824623918164311,0.06613020078985199,0.06613020078985199,1.0,0.3876200899390392,0.3333055259757982,0.07950985484361374,0.19956452924154888,0.0,0.0,1.0,0.3421626735798376,0.31263274154514786,0.12246221861146571,0.22274236626354896
148,0.0411706597534958,0.0,0.1547954151249854,98,148,0.0,0,0,140,0.3421626735798376,0.38333333333333336,0.31263274154514786,0.2916666666666667,0.12246221861146571,0.10833333333333334,0.22274236626354896,0.21666666666666667,0.0411706597534958,0.0411706597534958,1.0,0.38333333333333336,0.2916666666666667,0.10833333333333334,0.21666666666666667,0.11205581670468935,0.11205581670468935,1.0,0.39190684654474506,0.3749443852849297,0.05068637635389415,0.1824623918164311,0.06613020078985199,0.06613020078985199,1.0,0.3876200899390392,0.3333055259757982,0.07950985484361374,0.19956452924154888,0.0,0.0,1.0,0.3421626735798376,0.31263274154514786,0.12246221861146571,0.22274236626354896
149,0.0411706597534958,0.0,0.1547954151249854,85,150,0.0,0,0,140,0.3421626735798376,0.38333333333333336,0.31263274154514786,0.2916666666666667,0.12246221861146571,0.10833333333333334,0.22274236626354896,0.21666666666666667,0.0411706597534958,0.0411706597534958,1.0,0.38333333333333336,0.2916666666666667,0.10833333333333334,0.21666666666666667,0.11205581670468935,0.11205581670468935,1.0,0.39190684654474506,0.3749443852849297,0.05068637635389415,0.1824623918164311,0.06613020078985199,0.06613020078985199,1.0,0.3876200899390392,0.3333055259757982,0.07950985484361374,0.19956452924154888,0.0,0.0,1.0,0.3421626735798376,0.31263274154514786,0.12246221861146571,0.22274236626354896
150,0.0411706597534958,0.0,0.1547954151249854,97,153,0.0,0,1,150,0.3421626735798376,0.38333333333333336,0.31263274154514786,0.2916666666666667,0.12246221861146571,0.10833333333333334,0.22274236626354896,0.21666666666666667,0.0411706597534958,0.0411706597534958,1.0,0.38333333333333336,0.2916666666666667,0.10833333333333334,0.21666666666666667,0.08105367909394648,0.08105367909394648,1.0,0.3943304229842046,0.27173107089417076,0.08231021016849623,0.2516282959531283,0.05807431962527999,0.05807431962527999,1.0,0.38883187815876896,0.2816988687804187,0.09532177175091477,0.2341474813098975,0.0,0.0,1.0,0.3421626735798376,0.31263274154514786,0.12246221861146571,0.22274236626354896
151,0.0411706597534958,0.0,0.1547954151249854,98,151,0.0,0,0,150,0.3421626735798376,0.38333333333333336,0.31263274154514786,0.2916666666666667,0.12246221861146571,0.10833333333333334,0.22274236626354896,0.21666666666666667,0.0411706597534958,0.0411706597534958,1.0,0.38333333333333336,0.2916666666666667,0.10833333333333334,0.21666666666666667,0.08105367909394648,0.08105367909394648,1.0,0.3943304229842046,0.27173107089417076,0.08231021016849623,0.2516282959531283,0.05807431962527999,0.05807431962527999,1.0,0.38883187815876896,0.2816988687804187,0.09532177175091477,0.2341474813098975,0.0,0.0,1.0,0.3421626735798376,0.31263274154514786,0.12246221861146571,0.22274236626354896
152,0.0411706597534958,0.0,0.1547954151249854,95,154,0.0,0,0,150,0.3421626735798376,0.38333333333333336,0.31263274154514786,0.2916666666666667,0.12246221861146571,0.10833333333333334,0.22274236626354896,0.21666666666666667,0.0411706597534958,0.0411706597534958,1.0,0.38333333333333336,0.2916666666666667,0.10833333333333334,0.21666666666666667,0.08105367909394648,0.08105367909394648,1.0,0.3943304229842046,0.27173107089417076,0.08231021016849623,0.2516282959531283,0.05807431962527999,0.05807431962527999,1.0,0.38883187815876896,0.2816988687804187,0.09532177175091477,0.2341474813098975,0.0,0.0,1.0,0.3421626735798376,0.31263274154514786,0.12246221861146571,0.22274236626354896
153,0.0411706597534958,0.0,0.1547954151249854,105,154,0.0,0,0,150,0.3421626735798376,0.38333333333333336,0.31263274154514786,0.2916666666666667,0.12246221861146571,0.10833333333333334,0.22274236626354896,0.21666666666666667,0.0411706597534958,0.0411706597534958,1.0,0.38333333333333336,0.2916666666666667,0.10833333333333334,0.21666666666666667,0.08105367909394648,0.08105367909394648,1.0,0.3943304229842046,0.27173107089417076,0.08231021016849623,0.2516282959531283,0.05807431962527999,0.05807431962527999,1.0,0.38883187815876896,0.2816988687804187,0.09532177175091477,0.2341474813098975,0.0,0.0,1.0,0.3421626735798376,0.31263274154514786,0.12246221861146571,0.22274236626354896
154,0.0411706597534958,0.0,0.1547954151249854,118,153,0.0,0,0,150,0.3421626735798376,0.38333333333333336,0.31263274154514786,0.2916666666666667,0.12246221861146571,0.10833333333333334,0.22274236626354896,0.21666666666666667,0.0411706597534958,0.0411706597534958,1.0,0.38333333333333336,0.2916666666666667,0.10833333333333334,0.21666666666666667,0.08105367909394648,0.08105367909394648,1.0,0.3943304229842046,0.27173107089417076,0.08231021016849623,0.2516282959531283,0.05807431962527999,0.05807431962527999,1.0,0.38883187815876896,0.2816988687804187,0.09532177175091477,0.2341474813098975,0.0,0.0,1.0,0.3421626735798376,0.31263274154514786,0.12246221861146571,0.22274236626354896
155,0.0411706597534958,0.0,0.1547954151249854,97,154,0.0,0,0,150,0.3421626735798376,0.38333333333333336,0.31263274154514786,0.2916666666666667,0.12246221861146571,0.10833333333333334,0.22274236626354896,0.21666666666666667,0.0411706597534958,0.0411706597534958,1.0,0.38333333333333336,0.2916666666666667,0.10833333333333334,0.21666666666666667,0.08105367909394648,0.08105367909394648,1.0,0.3943304229842046,0.27173107089417076,0.08231021016849623,0.2516282959531283,0.05807431962527999,0.05807431962527999,1.0,0.38883187815876896,0.2816988687804187,0.09532177175091477,0.2341474813098975,0.0,0.0,1.0,0.3421626735798376,0.31263274154514786,0.12246221861146571,0.22274236626354896
156,0.0411706597534958,0.0,0.1547954151249854,97,154,0.0,0,0,150,0.3421626735798376,0.38333333333333336,0.31263274154514786,0.2916666666666667,0.12246221861146571,0.10833333333333334,0.22274236626354896,0.21666666666666667,0.0411706597534958,0.0411706597534958,1.0,0.38333333333333336,0.2916666666666667,0.10833333333333334,0.21666666666666667,0.08105367909394648,0.08105367909394648,1.0,0.3943304229842046,0.27173107089417076,0.08231021016849623,0.2516282959531283,0.05807431962527999,0.05807431962527999,1.0,0.38883187815876896,0.2816988687804187,0.09532177175091477,0.2341474813098975,0.0,0.0,1.0,0.3421626735798376,0.31263274154514786,0.12246221861146571,0.22274236626354896
157,0.0411706597534958,0.0,0.1547954151249854,93,152,0.0,0,0,150,0.3421626735798376,0.38333333333333336,0.31263274154514786,0.2916666666666667,0.12246221861146571,0.10833333333333334,0.22274236626354896,0.21666666666666667,0.0411706597534958,0.0411706597534958,1.0,0.38333333333333336,0.2916666666666667,0.10833333333333334,0.21666666666666667,0.08105367909394648,0.08105367909394648,1.0,0.3943304229842046,0.27173107089417076,0.08231021016849623,0.2516282959531283,0.05807431962527999,0.05807431962527999,1.0,0.38883187815876896,0.2816988687804187,0.09532177175091477,0.2341474813098975,0.0,0.0,1.0,0.3421626735798376,0.31263274154514786,0.12246221861146571,0.22274236626354896
158,0.0411706597534958,0.0,0.1547954151249854,100,155,0.0,0,0,150,0.3421626735798376,0.38333333333333336,0.31263274154514786,0.2916666666666667,0.12246221861146571,0.10833333333333334,0.22274236626354896,0.21666666666666667,0.0411706597534958,0.0411706597534958,1.0,0.38333333333333336,0.2916666666666667,0.10833333333333334,0.21666666666666667,0.08105367909394648,0.08105367909394648,1.0,0.3943304229842046,0.27173107089417076,0.08231021016849623,0.2516282959531283,0.05807431962527999,0.05807431962527999,1.0,0.38883187815876896,0.2816988687804187,0.09532177175091477,0.2341474813098975,0.0,0.0,1.0,0.3421626735798376,0.31263274154514786,0.12246221861146571,0.22274236626354896
159,0.0411706597534958,0.0,0.1547954151249854,91,156,0.0,0,0,150,0.3421626735798376,0.38333333333333336,0.31263274154514786,0.2916666666666667,0.12246221861146571,0.10833333333333334,0.22274236626354896,0.21666666666666667,0.0411706597534958,0.0411706597534958,1.0,0.38333333333333336,0.2916666666666667,0.10833333333333334,0.21666666666666667,0.08105367909394648,0.08105367909394648,1.0,0.3943304229842046,0.27173107089417076,0.08231021016849623,0.2516282959531283,0.05807431962527999,0.05807431962527999,1.0,0.38883187815876896,0.2816988687804187,0.09532177175091477,0.2341474813098975,0.0,0.0,1.0,0.3421626735798376,0.31263274154514786,0.12246221861146571,0.22274236626354896
160,0.0411706597534958,0.0,0.1547954151249854,100,156,0.0,0,1,160,0.3421626735798376,0.38333333333333336,0.31263274154514786,0.2916666666666667,0.12246221861146571,0.10833333333333334,0.22274236626354896,0.21666666666666667,0.0411706597534958,0.0411706597534958,1.0,0.38333333333333336,0.2916666666666667,0.10833333333333334,0.21666666666666667,0.07017189430281476,0.07017189430281476,1.0,0.3600446565577244,0.24246084724233308,0.1589966240652592,0.23849787213468343,0.04556898459064795,0.04556898459064795,1.0,0.37168899494552887,0.2670637569544999,0.13366497869929628,0.22758226940067505,0.0,0.0,1.0,0.3421626735798376,0.31263274154514786,0.12246221861146571,0.22274236626354896
161,0.0411706597534958,0.0,0.1547954151249854,96,159,0.0,0,0,160,0.3421626735798376,0.38333333333333336,0.31263274154514786,0.2916666666666667,0.12246221861146571,0.10833333333333334,0.22274236626354896,0.21666666666666667,0.0411706597534958,0.0411706597534958,1.0,0.38333333333333336,0.2916666666666667,0.10833333333333334,0.21666666666666667,0.07017189430281476,0.07017189430281476,1.0,0.3600446565577244,0.24246084724233308,0.1589966240652592,0.23849787213468343,0.04556898459064795,0.04556898459064795,1.0,0.37168899494552887,0.2670637569544999,0.13366497869929628,0.22758226940067505,0.0,0.0,1.0,0.3421626735798376,0.31263274154514786,0.12246221861146571,0.22274236626354896
162,0.0411706597534958,0.0,0.1547954151249854,98,157,0.0,0,0,160,0.3421626735798376,0.38333333333333336,0.31263274154514786,0.2916666666666667,0.12246221861146571,0.10833333333333334,0.22274236626354896,0.21666666666666667,0.0411706597534958,0.0411706597534958,1.0,0.38333333333333336,0.2916666666666667,0.10833333333333334,0.21666666666666667,0.07017189430281476,0.07017189430281476,1.0,0.3600446565577244,0.24246084724233308,0.1589966240652592,0.23849787213468343,0.04556898459064795,0.04556898459064795,1.0,0.37168899494552887,0.2670637569544999,0.13366497869929628,0.22758226940067505,0.0,0.0,1.0,0.3421626735798376,0.31263274154514786,0.12246221861146571,0.22274236626354896
163,0.0411706597534958,0.0,0.1547954151249854,86,156,0.0,0,0,160,0.3421626735798376,0.38333333333333336,0.31263274154514786,0.2916666666666667,0.12246221861146571,0.10833333333333334,0.22274236626354896,0.21666666666666667,0.0411706597534958,0.0411706597534958,1.0,0.38333333333333336,0.2916666666666667,0.10833333333333334,0.21666666666666667,0.07017189430281476,0.07017189430281476,1.0,0.3600446565577244,0.24246084724233308,0.1589966240652592,0.23849787213468343,0.04556898459064795,0.04556898459064795,1.0,0.37168899494552887,0.2670637569544999,0.13366497869929628,0.22758226940067505,0.0,0.0,1.0,0.3421626735798376,0.31263274154514786,0.12246221861146571,0.22274236626354896
164,0.0411706597534958,0.0,0.1547954151249854,80,155,0.0,0,0,160,0.3421626735798376,0.38333333333333336,0.31263274154514786,0.2916666666666667,0.12246221861146571,0.10833333333333334,0.22274236626354896,0.21666666666666667,0.0411706597534958,0.0411706597534958,1.0,0.38333333333333336,0.2916666666666667,0.10833333333333334,0.21666666666666667,0.07017189430281476,0.07017189430281476,1.0,0.3600446565577244,0.24246084724233308,0.1589966240652592,0.23849787213468343,0.04556898459064795,0.04556898459064795,1.0,0.37168899494552887,0.2670637569544999,0.13366497869929628,0.22758226940067505,0.0,0.0,1.0,0.3421626735798376,0.31263274154514786,0.12246221861146571,0.22274236626354896
165,0.0411706597534958,0.0,0.1547954151249854,94,155,0.0,0,0,160,0.3421626735798376,0.38333333333333336,0.31263274154514786,0.2916666666666667,0.12246221861146571,0.10833333333333334,0.22274236626354896,0.21666666666666667,0.0411706597534958,0.0411706597534958,1.0,0.38333333333333336,0.2916666666666667,0.10833333333333334,0.21666666666666667,0.07017189430281476,0.07017189430281476,1.0,0.3600446565577244,0.24246084724233308,0.1589966240652592,0.23849787213468343,0.04556898459064795,0.04556898459064795,1.0,0.37168899494552887,0.2670637569544999,0.13366497869929628,0.22758226940067505,0.0,0.0,1.0,0.3421626735798376,0.31263274154514786,0.12246221861146571,0.22274236626354896
166,0.0411706597534958,0.0,0.1547954151249854,91,153,0.0,0,0,160,0.3421626735798376,0.38333333333333336,0.31263274154514786,0.2916666666666667,0.12246221861146571,0.10833333333333334,0.22274236626354896,0.21666666666666667,0.0411706597534958,0.0411706597534958,1.0,0.38333333333333336,0.2916666666666667,0.10833333333333334,0.21666666666666667,0.07017189430281476,0.07017189430281476,1.0,0.3600446565577244,0.24246084724233308,0.1589966240652592,0.23849787213468343,0.04556898459064795,0.04556898459064795,1.0,0.37168899494552887,0.2670637569544999,0.13366497869929628,0.22758226940067505,0.0,0.0,1.0,0.3421626735798376,0.31263274154514786,0.12246221861146571,0.22274236626354896
167,0.0411706597534958,0.0,0.1547954151249854,84,153,0.0,0,0,160,0.3421626735798376,0.38333333333333336,0.31263274154514786,0.2916666666666667,0.12246221861146571,0.10833333333333334,0.22274236626354896,0.21666666666666667,0.0411706597534958,0.0411706597534958,1.0,0.38333333333333336,0.2916666666666667,0.10833333333333334,0.21666666666666667,0.07017189430281476,0.07017189430281476,1.0,0.3600446565577244,0.24246084724233308,0.1589966240652592,0.23849787213468343,0.04556898459064795,0.04556898459064795,1.0,0.37168899494552887,0.2670637569544999,0.13366497869929628,0.22758226940067505,0.0,0.0,1.0,0.3421626735798376,0.31263274154514786,0.12246221861146571,0.22274236626354896
168,0.0411706597534958,0.0,0.1547954151249854,100,154,0.0,0,0,160,0.3421626735798376,0.38333333333333336,0.31263274154514786,0.2916666666666667,0.12246221861146571,0.10833333333333334,0.22274236626354896,0.21666666666666667,0.0411706597534958,0.0411706597534958,1.0,0.38333333333333336,0.2916666666666667,0.10833333333333334,0.21666666666666667,0.07017189430281476,0.07017189430281476,1.0,0.3600446565577244,0.24246084724233308,0.1589966240652592,0.23849787213468343,0.04556898459064795,0.04556898459064795,1.0,0.37168899494552887,0.2670637569544999,0.13366497869929628,0.22758226940067505,0.0,0.0,1.0,0.3421626735798376,0.31263274154514786,0.12246221861146571,0.22274236626354896
169,0.0411706597534958,0.0,0.1547954151249854,95,157,0.0,0,0,160,0.3421626735798376,0.38333333333333336,0.31263274154514786,0.2916666666666667,0.12246221861146571,0.10833333333333334,0.22274236626354896,0.21666666666666667,0.0411706597534958,0.0411706597534958,1.0,0.38333333333333336,0.2916666666666667,0.10833333333333334,0.21666666666666667,0.07017189430281476,0.07017189430281476,1.0,0.3600446565577244,0.24246084724233308,0.1589966240652592,0.23849787213468343,0.04556898459064795,0.04556898459064795,1.0,0.37168899494552887,0.2670637569544999,0.13366497869929628,0.22758226940067505,0.0,0.0,1.0,0.3421626735798376,0.31263274154514786,0.12246221861146571,0.22274236626354896
170,0.0411706597534958,0.0,0.1547954151249854,95,158,0.0,0,1,170,0.3421626735798376,0.38333333333333336,0.31263274154514786,0.2916666666666667,0.12246221861146571,0.10833333333333334,0.22274236626354896,0.21666666666666667,0.0411706597534958,0.0411706597534958,1.0,0.38333333333333336,0.2916666666666667,0.10833333333333334,0.21666666666666667,0.17391179251670147,0.17391179251670147,0.0,0.21153903279982922,0.4014157977873812,0.07917406687477256,0.3078711025380171,0.07343500902066905,0.07343500902066905,0.0,0.29743618306658126,0.34654123222702393,0.09375370010405296,0.2622688846023419,0.0,0.0,1.0,0.3421626735798376,0.31263274154514786,0.12246221861146571,0.22274236626354896
171,0.0411706597534958,0.0,0.1547954151249854,76,156,0.0,0,0,170,0.3421626735798376,0.38333333333333336,0.31263274154514786,0.2916666666666667,0.12246221861146571,0.10833333333333334,0.22274236626354896,0.21666666666666667,0.0411706597534958,0.0411706597534958,1.0,0.38333333333333336,0.2916666666666667,0.10833333333333334,0.21666666666666667,0.17391179251670147,0.17391179251670147,0.0,0.21153903279982922,0.4014157977873812,0.07917406687477256,0.3078711025380171,0.07343500902066905,0.07343500902066905,0.0,0.29743618306658126,0.34654123222702393,0.09375370010405296,0.2622688846023419,0.0,0.0,1.0,0.3421626735798376,0.31263274154514786,0.12246221861146571,0.22274236626354896
172,0.0411706597534958,0.0,0.1547954151249854,95,154,0.0,0,0,170,0.3421626735798376,0.38333333333333336,0.31263274154514786,0.2916666666666667,0.12246221861146571,0.10833333333333334,0.22274236626354896,0.21666666666666667,0.0411706597534958,0.0411706597534958,1.0,0.38333333333333336,0.2916666666666667,0.10833333333333334,0.21666666666666667,0.17391179251670147,0.17391179251670147,0.0,0.21153903279982922,0.4014157977873812,0.07917406687477256,0.3078711025380171,0.07343500902066905,0.07343500902066905,0.0,0.29743618306658126,0.34654123222702393,0.09375370010405296,0.2622688846023419,0.0,0.0,1.0,0.3421626735798376,0.31263274154514786,0.12246221861146571,0.22274236626354896
173,0.0411706597534958,0.0,0.1547954151249854,90,153,0.0,0,0,170,0.3421626735798376,0.38333333333333336,0.31263274154514786,0.2916666666666667,0.12246221861146571,0.10833333333333334,0.22274236626354896,0.21666666666666667,0.0411706597534958,0.0411706597534958,1.0,0.38333333333333336,0.2916666666666667,0.10833333333333334,0.21666666666666667,0.17391179251670147,0.17391179251670147,0.0,0.21153903279982922,0.4014157977873812,0.07917406687477256,0.3078711025380171,0.07343500902066905,0.07343500902066905,0.0,0.29743618306658126,0.34654123222702393,0.09375370010405296,0.2622688846023419,0.0,0.0,1.0,0.3421626735798376,0.31263274154514786,0.12246221861146571,0.22274236626354896
174,0.0411706597534958,0.0,0.1547954151249854,107,152,0.0,0,0,170,0.3421626735798376,0.38333333333333336,0.31263274154514786,0.2916666666666667,0.12246221861146571,0.10833333333333334,0.22274236626354896,0.21666666666666667,0.0411706597534958,0.0411706597534958,1.0,0.38333333333333336,0.2916666666666667,0.10833333333333334,0.21666666666666667,0.17391179251670147,0.17391179251670147,0.0,0.21153903279982922,0.4014157977873812,0.07917406687477256,0.3078711025380171,0.07343500902066905,0.07343500902066905,0.0,0.29743618306658126,0.34654123222702393,0.09375370010405296,0.2622688846023419,0.0,0.0,1.0,0.3421626735798376,0.31263274154514786,0.12246221861146571,0.22274236626354896
175,0.0411706597534958,0.0,0.1547954151249854,88,153,0.0,0,0,170,0.3421626735798376,0.38333333333333336,0.31263274154514786,0.2916666666666667,0.12246221861146571,0.10833333333333334,0.22274236626354896,0.21666666666666667,0.0411706597534958,0.0411706597534958,1.0,0.38333333333333336,0.2916666666666667,0.10833333333333334,0.21666666666666667,0.17391179251670147,0.17391179251670147,0.0,0.21153903279982922,0.4014157977873812,0.07917406687477256,0.3078711025380171,0.07343500902066905,0.07343500902066905,0.0,0.29743618306658126,0.34654123222702393,0.09375370010405296,0.2622688846023419,0.0,0.0,1.0,0.3421626735798376,0.31263274154514786,0.12246221861146571,0.22274236626354896
176,0.0411706597534958,0.0,0.1547954151249854,101,153,0.0,0,0,170,0.3421626735798376,0.38333333333333336,0.31263274154514786,0.2916666666666667,0.12246221861146571,0.10833333333333334,0.22274236626354896,0.21666666666666667,0.0411706597534958,0.0411706597534958,1.0,0.38333333333333336,0.2916666666666667,0.10833333333333334,0.21666666666666667,0.17391179251670147,0.17391179251670147,0.0,0.21153903279982922,0.4014157977873812,0.07917406687477256,0.3078711025380171,0.07343500902066905,0.07343500902066905,0.0,0.29743618306658126,0.34654123222702393,0.09375370010405296,0.2622688846023419,0.0,0.0,1.0,0.3421626735798376,0.31263274154514786,0.12246221861146571,0.22274236626354896
177,0.0411706597534958,0.0,0.1547954151249854,106,151,0.0,0,0,170,0.3421626735798376,0.38333333333333336,0.31263274154514786,0.2916666666666667,0.12246221861146571,0.10833333333333334,0.22274236626354896,0.21666666666666667,0.0411706597534958,0.0411706597534958,1.0,0.38333333333333336,0.2916666666666667,0.10833333333333334,0.21666666666666667,0.17391179251670147,0.17391179251670147,0.0,0.21153903279982922,0.4014157977873812,0.07917406687477256,0.3078711025380171,0.07343500902066905,0.07343500902066905,0.0,0.29743618306658126,0.34654123222702393,0.09375370010405296,0.2622688846023419,0.0,0.0,1.0,0.3421626735798376,0.31263274154514786,0.12246221861146571,0.22274236626354896
178,0.0411706597534958,0.0,0.1547954151249854,111,150,0.0,0,0,170,0.3421626735798376,0.38333333333333336,0.31263274154514786,0.2916666666666667,0.12246221861146571,0.10833333333333334,0.22274236626354896,0.21666666666666667,0.0411706597534958,0.0411706597534958,1.0,0.38333333333333336,0.2916666666666667,0.10833333333333334,0.21666666666666667,0.17391179251670147,0.17391179251670147,0.0,0.21153903279982922,0.4014157977873812,0.07917406687477256,0.3078711025380171,0.07343500902066905,0.07343500902066905,0.0,0.29743618306658126,0.34654123222702393,0.09375370010405296,0.2622688846023419,0.0,0.0,1.0,0.3421626735798376,0.31263274154514786,0.12246221861146571,0.22274236626354896
179,0.0411706597534958,0.0,0.1547954151249854,98,151,0.0,0,0,170,0.3421626735798376,0.38333333333333336,0.31263274154514786,0.2916666666666667,0.12246221861146571,0.10833333333333334,0.22274236626354896,0.21666666666666667,0.0411706597534958,0.0411706597534958,1.0,0.38333333333333336,0.2916666666666667,0.10833333333333334,0.21666666666666667,0.17391179251670147,0.17391179251670147,0.0,0.21153903279982922,0.4014157977873812,0.07917406687477256,0.3078711025380171,0.07343500902066905,0.07343500902066905,0.0,0.29743618306658126,0.34654123222702393,0.09375370010405296,0.2622688846023419,0.0,0.0,1.0,0.3421626735798376,0.31263274154514786,0.12246221861146571,0.22274236626354896
180,0.0411706597534958,0.0,0.1547954151249854,88,152,0.0,0,1,180,0.3421626735798376,0.38333333333333336,0.31263274154514786,0.2916666666666667,0.12246221861146571,0.10833333333333334,0.22274236626354896,0.21666666666666667,0.0411706597534958,0.0411706597534958,1.0,0.38333333333333336,0.2916666666666667,0.10833333333333334,0.21666666666666667,0.10699040168628801,0.10699040168628801,1.0,0.3835443734557826,0.22852236540866913,0.09958219306165637,0.28835106807389194,0.07104268092145077,0.07104268092145077,1.0,0.38343885339455797,0.2600945160376679,0.10395776319749486,0.25250886737027933,0.0,0.0,1.0,0.3421626735798376,0.31263274154514786,0.12246221861146571,0.22274236626354896
181,0.0411706597534958,0.0,0.1547954151249854,102,150,0.0,0,0,180,0.3421626735798376,0.38333333333333336,0.31263274154514786,0.2916666666666667,0.12246221861146571,0.10833333333333334,0.22274236626354896,0.21666666666666667,0.0411706597534958,0.0411706597534958,1.0,0.38333333333333336,0.2916666666666667,0.10833333333333334,0.21666666666666667,0.10699040168628801,0.10699040168628801,1.0,0.3835443734557826,0.22852236540866913,0.09958219306165637,0.28835106807389194,0.07104268092145077,0.07104268092145077,1.0,0.38343885339455797,0.2600945160376679,0.10395776319749486,0.25250886737027933,0.0,0.0,1.0,0.3421626735798376,0.31263274154514786,0.12246221861146571,0.22274236626354896
182,0.0411706597534958,0.0,0.1547954151249854,100,152,0.0,0,0,180,0.3421626735798376,0.38333333333333336,0.31263274154514786,0.2916666666666667,0.12246221861146571,0.10833333333333334,0.22274236626354896,0.21666666666666667,0.0411706597534958,0.0411706597534958,1.0,0.38333333333333336,0.2916666666666667,0.10833333333333334,0.21666666666666667,0.10699040168628801,0.10699040168628801,1.0,0.3835443734557826,0.22852236540866913,0.09958219306165637,0.28835106807389194,0.07104268092145077,0.07104268092145077,1.0,0.38343885339455797,0.2600945160376679,0.10395776319749486,0.25250886737027933,0.0,0.0,1.0,0.3421626735798376,0.31263274154514786,0.12246221861146571,0.22274236626354896
183,0.0411706597534958,0.0,0.1547954151249854,116,152,0.0,0,0,180,0.3421626735798376,0.38333333333333336,0.31263274154514786,0.2916666666666667,0.12246221861146571,0.10833333333333334,0.22274236626354896,0.21666666666666667,0.0411706597534958,0.0411706597534958,1.0,0.38333333333333336,0.2916666666666667,0.10833333333333334,0.21666666666666667,0.10699040168628801,0.10699040168628801,1.0,0.3835443734557826,0.22852236540866913,0.09958219306165637,0.28835106807389194,0.07104268092145077,0.07104268092145077,1.0,0.38343885339455797,0.2600945160376679,0.10395776319749486,0.25250886737027933,0.0,0.0,1.0,0.3421626735798376,0.31263274154514786,0.12246221861146571,0.22274236626354896
184,0.0411706597534958,0.0,0.1547954151249854,87,154,0.0,0,0,180,0.3421626735798376,0.38333333333333336,0.31263274154514786,0.2916666666666667,0.12246221861146571,0.10833333333333334,0.22274236626354896,0.21666666666666667,0.0411706597534958,0.0411706597534958,1.0,0.38333333333333336,0.2916666666666667,0.10833333333333334,0.21666666666666667,0.10699040168628801,0.10699040168628801,1.0,0.3835443734557826,0.22852236540866913,0.09958219306165637,0.28835106807389194,0.07104268092145077,0.07104268092145077,1.0,0.38343885339455797,0.2600945160376679,0.10395776319749486,0.25250886737027933,0.0,0.0,1.0,0.3421626735798376,0.31263274154514786,0.12246221861146571,0.22274236626354896
185,0.0411706597534958,0.0,0.1547954151249854,92,154,0.0,0,0,180,0.3421626735798376,0.38333333333333336,0.31263274154514786,0.2916666666666667,0.12246221861146571,0.10833333333333334,0.22274236626354896,0.21666666666666667,0.0411706597534958,0.0411706597534958,1.0,0.38333333333333336,0.2916666666666667,0.10833333333333334,0.21666666666666667,0.10699040168628801,0.10699040168628801,1.0,0.3835443734557826,0.22852236540866913,0.09958219306165637,0.28835106807389194,0.07104268092145077,0.07104268092145077,1.0,0.38343885339455797,0.2600945160376679,0.10395776319749486,0.25250886737027933,0.0,0.0,1.0,0.3421626735798376,0.31263274154514786,0.12246221861146571,0.22274236626354896
186,0.0411706597534958,0.0,0.1547954151249854,89,153,0.0,0,0,180,0.3421626735798376,0.38333333333333336,0.31263274154514786,0.2916666666666667,0.12246221861146571,0.10833333333333334,0.22274236626354896,0.21666666666666667,0.0411706597534958,0.0411706597534958,1.0,0.38333333333333336,0.2916666666666667,0.10833333333333334,0.21666666666666667,0.10699040168628801,0.10699040168628801,1.0,0.3835443734557826,0.22852236540866913,0.09958219306165637,0.28835106807389194,0.07104268092145077,0.07104268092145077,1.0,0.38343885339455797,0.2600945160376679,0.10395776319749486,0.25250886737027933,0.0,0.0,1.0,0.3421626735798376,0.31263274154514786,0.12246221861146571,0.22274236626354896
187,0.0411706597534958,0.0,0.1547954151249854,101,153,0.0,0,0,180,0.3421626735798376,0.38333333333333336,0.31263274154514786,0.2916666666666667,0.12246221861146571,0.10833333333333334,0.22274236626354896,0.21666666666666667,0.0411706597534958,0.0411706597534958,1.0,0.38333333333333336,0.2916666666666667,0.10833333333333334,0.21666666666666667,0.10699040168628801,0.10699040168628801,1.0,0.3835443734557826,0.22852236540866913,0.09958219306165637,0.28835106807389194,0.07104268092145077,0.07104268092145077,1.0,0.38343885339455797,0.2600945160376679,0.10395776319749486,0.25250886737027933,0.0,0.0,1.0,0.3421626735798376,0.31263274154514786,0.12246221861146571,0.22274236626354896
188,0.0411706597534958,0.0,0.1547954151249854,76,154,0.0,0,0,180,0.3421626735798376,0.38333333333333336,0.31263274154514786,0.2916666666666667,0.12246221861146571,0.10833333333333334,0.22274236626354896,0.21666666666666667,0.0411706597534958,0.0411706597534958,1.0,0.38333333333333336,0.2916666666666667,0.10833333333333334,0.21666666666666667,0.10699040168628801,0.10699040168628801,1.0,0.3835443734557826,0.22852236540866913,0.09958219306165637,0.28835106807389194,0.07104268092145077,0.07104268092145077,1.0,0.38343885339455797,0.2600945160376679,0.10395776319749486,0.25250886737027933,0.0,0.0,1.0,0.3421626735798376,0.31263274154514786,0.12246221861146571,0.22274236626354896
189,0.0411706597534958,0.0,0.1547954151249854,112,152,0.0,0,0,180,0.3421626735798376,0.38333333333333336,0.31263274154514786,0.2916666666666667,0.12246221861146571,0.10833333333333334,0.22274236626354896,0.21666666666666667,0.0411706597534958,0.0411706597534958,1.0,0.38333333333333336,0.2916666666666667,0.10833333333333334,0.21666666666666667,0.10699040168628801,0.10699040168628801,1.0,0.3835443734557826,0.22852236540866913,0.09958219306165637,0.28835106807389194,0.07104268092145077,0.07104268092145077,1.0,0.38343885339455797,0.2600945160376679,0.10395776319749486,0.25250886737027933,0.0,0.0,1.0,0.3421626735798376,0.31263274154514786,0.12246221861146571,0.22274236626354896
190,0.0411706597534958,0.0,0.1547954151249854,97,150,0.0,0,1,190,0.3421626735798376,0.38333333333333336,0.31263274154514786,0.2916666666666667,0.12246221861146571,0.10833333333333334,0.22274236626354896,0.21666666666666667,0.0411706597534958,0.0411706597534958,1.0,0.38333333333333336,0.2916666666666667,0.10833333333333334,0.21666666666666667,0.05338955603942546,0.05338955603942546,0.0,0.336576306655213,0.3372970713900971,0.15118744480594187,0.17493917714874807,0.02693944435584155,0.02693944435584155,1.0,0.35995481999427315,0.31448186902838193,0.1297603890696376,0.19580292190770737,0.0,0.0,1.0,0.3421626735798376,0.31263274154514786,0.12246221861146571,0.22274236626354896
191,0.0411706597534958,0.0,0.1547954151249854,91,150,0.0,0,0,190,0.3421626735798376,0.38333333333333336,0.31263274154514786,0.2916666666666667,0.12246221861146571,0.10833333333333334,0.22274236626354896,0.21666666666666667,0.0411706597534958,0.0411706597534958,1.0,0.38333333333333336,0.2916666666666667,0.10833333333333334,0.21666666666666667,0.05338955603942546,0.05338955603942546,0.0,0.336576306655213,0.3372970713900971,0.15118744480594187,0.17493917714874807,0.02693944435584155,0.02693944435584155,1.0,0.35995481999427315,0.31448186902838193,0.1297603890696376,0.19580292190770737,0.0,0.0,1.0,0.3421626735798376,0.31263274154514786,0.12246221861146571,0.22274236626354896
192,0.0411706597534958,0.0,0.1547954151249854,93,150,0.0,0,0,190,0.3421626735798376,0.38333333333333336,0.31263274154514786,0.2916666666666667,0.12246221861146571,0.10833333333333334,0.22274236626354896,0.21666666666666667,0.0411706597534958,0.0411706597534958,1.0,0.38333333333333336,0.2916666666666667,0.10833333333333334,0.21666666666666667,0.05338955603942546,0.05338955603942546,0.0,0.336576306655213,0.3372970713900971,0.15118744480594187,0.17493917714874807,0.02693944435584155,0.02693944435584155,1.0,0.35995481999427315,0.31448186902838193,0.1297603890696376,0.19580292190770737,0.0,0.0,1.0,0.3421626735798376,0.31263274154514786,0.12246221861146571,0.22274236626354896
193,0.0411706597534958,0.0,0.1547954151249854,99,152,0.0,0,0,190,0.3421626735798376,0.38333333333333336,0.31263274154514786,0.2916666666666667,0.12246221861146571,0.10833333333333334,0.22274236626354896,0.21666666666666667,0.0411706597534958,0.0411706597534958,1.0,0.38333333333333336,0.2916666666666667,0.10833333333333334,0.21666666666666667,0.05338955603942546,0.05338955603942546,0.0,0.336576306655213,0.3372970713900971,0.15118744480594187,0.17493917714874807,0.02693944435584155,0.02693944435584155,1.0,0.35995481999427315,0.31448186902838193,0.1297603890696376,0.19580292190770737,0.0,0.0,1.0,0.3421626735798376,0.31263274154514786,0.12246221861146571,0.22274236626354896
194,0.0411706597534958,0.0,0.1547954151249854,101,151,0.0,0,0,190,0.3421626735798376,0.38333333333333336,0.31263274154514786,0.2916666666666667,0.12246221861146571,0.10833333333333334,0.22274236626354896,0.21666666666666667,0.0411706597534958,0.0411706597534958,1.0,0.38333333333333336,0.2916666666666667,0.10833333333333334,0.21666666666666667,0.05338955603942546,0.05338955603942546,0.0,0.336576306655213,0.3372970713900971,0.15118744480594187,0.17493917714874807,0.02693944435584155,0.02693944435584155,1.0,0.35995481999427315,0.31448186902838193,0.1297603890696376,0.19580292190770737,0.0,0.0,1.0,0.3421626735798376,0.31263274154514786,0.12246221861146571,0.22274236626354896
195,0.0411706597534958,0.0,0.1547954151249854,96,152,0.0,0,0,190,0.3421626735798376,0.38333333333333336,0.31263274154514786,0.2916666666666667,0.12246221861146571,0.10833333333333334,0.22274236626354896,0.21666666666666667,0.0411706597534958,0.0411706597534958,1.0,0.38333333333333336,0.2916666666666667,0.10833333333333334,0.21666666666666667,0.05338955603942546,0.05338955603942546,0.0,0.336576306655213,0.3372970713900971,0.15118744480594187,0.17493917714874807,0.02693944435584155,0.02693944435584155,1.0,0.35995481999427315,0.31448186902838193,0.1297603890696376,0.19580292190770737,0.0,0.0,1.0,0.3421626735798376,0.31263274154514786,0.12246221861146571,0.22274236626354896
196,0.0411706597534958,0.0,0.1547954151249854,100,150,0.0,0,0,190,0.3421626735798376,0.38333333333333336,0.31263274154514786,0.2916666666666667,0.12246221861146571,0.10833333333333334,0.22274236626354896,0.21666666666666667,0.0411706597534958,0.0411706597534958,1.0,0.38333333333333336,0.2916666666666667,0.10833333333333334,0.21666666666666667,0.05338955603942546,0.05338955603942546,0.0,0.336576306655213,0.3372970713900971,0.15118744480594187,0.17493917714874807,0.02693944435584155,0.02693944435584155,1.0,0.35995481999427315,0.31448186902838193,0.1297603890696376,0.19580292190770737,0.0,0.0,1.0,0.3421626735798376,0.31263274154514786,0.12246221861146571,0.22274236626354896
197,0.0411706597534958,0.0,0.1547954151249854,91,148,0.0,0,0,190,0.3421626735798376,0.38333333333333336,0.31263274154514786,0.2916666666666667,0.12246221861146571,0.10833333333333334,0.22274236626354896,0.21666666666666667,0.0411706597534958,0.0411706597534958,1.0,0.38333333333333336,0.2916666666666667,0.10833333333333334,0.21666666666666667,0.05338955603942546,0.05338955603942546,0.0,0.336576306655213,0.3372970713900971,0.15118744480594187,0.17493917714874807,0.02693944435584155,0.02693944435584155,1.0,0.35995481999427315,0.31448186902838193,0.1297603890696376,0.19580292190770737,0.0,0.0,1.0,0.3421626735798376,0.31263274154514786,0.12246221861146571,0.22274236626354896
198,0.0411706597534958,0.0,0.1547954151249854,98,149,0.0,0,0,190,0.3421626735798376,0.38333333333333336,0.31263274154514786,0.2916666666666667,0.12246221861146571,0.10833333333333334,0.22274236626354896,0.21666666666666667,0.0411706597534958,0.0411706597534958,1.0,0.38333333333333336,0.2916666666666667,0.10833333333333334,0.21666666666666667,0.05338955603942546,0.05338955603942546,0.0,0.336576306655213,0.3372970713900971,0.15118744480594187,0.17493917714874807,0.02693944435584155,0.02693944435584155,1.0,0.35995481999427315,0.31448186902838193,0.1297603890696376,0.19580292190770737,0.0,0.0,1.0,0.3421626735798376,0.31263274154514786,0.12246221861146571,0.22274236626354896
199,0.0411706597534958,0.0,0.1547954151249854,96,148,0.0,0,0,190,0.3421626735798376,0.38333333333333336,0.31263274154514786,0.2916666666666667,0.12246221861146571,0.10833333333333334,0.22274236626354896,0.21666666666666667,0.0411706597534958,0.0411706597534958,1.0,0.38333333333333336,0.2916666666666667,0.10833333333333334,0.21666666666666667,0.05338955603942546,0.05338955603942546,0.0,0.336576306655213,0.3372970713900971,0.15118744480594187,0.17493917714874807,0.02693944435584155,0.02693944435584155,1.0,0.35995481999427315,0.31448186902838193,0.1297603890696376,0.19580292190770737,0.0,0.0,1.0,0.3421626735798376,0.31263274154514786,0.12246221861146571,0.22274236626354896
200,0.0411706597534958,0.0,0.1547954151249854,108,146,0.0,0,1,200,0.3421626735798376,0.38333333333333336,0.31263274154514786,0.2916666666666667,0.12246221861146571,0.10833333333333334,0.22274236626354896,0.21666666666666667,0.0411706597534958,0.0411706597534958,1.0,0.38333333333333336,0.2916666666666667,0.10833333333333334,0.21666666666666667,0.12230742263985032,0.12230742263985032,1.0,0.4370072337859036,0.28174387585778754,0.14992508104524996,0.13132380931105891,0.07467459855760689,0.07467459855760689,1.0,0.4101702835596185,0.2867052712622271,0.12912920718929166,0.1739952379888628,0.0,0.0,1.0,0.3421626735798376,0.31263274154514786,0.12246221861146571,0.22274236626354896
201,0.0411706597534958,0.0,0.1547954151249854,102,146,0.0,0,0,200,0.3421626735798376,0.38333333333333336,0.31263274154514786,0.2916666666666667,0.12246221861146571,0.10833333333333334,0.22274236626354896,0.21666666666666667,0.0411706597534958,0.0411706597534958,1.0,0.38333333333333336,0.2916666666666667,0.10833333333333334,0.21666666666666667,0.12230742263985032,0.12230742263985032,1.0,0.4370072337859036,0.28174387585778754,0.14992508104524996,0.13132380931105891,0.07467459855760689,0.07467459855760689,1.0,0.4101702835596185,0.2867052712622271,0.12912920718929166,0.1739952379888628,0.0,0.0,1.0,0.3421626735798376,0.31263274154514786,0.12246221861146571,0.22274236626354896
202,0.0411706597534958,0.0,0.1547954151249854,101,147,0.0,0,0,200,0.3421626735798376,0.38333333333333336,0.31263274154514786,0.2916666666666667,0.12246221861146571,0.10833333333333334,0.22274236626354896,0.21666666666666667,0.0411706597534958,0.0411706597534958,1.0,0.38333333333333336,0.2916666666666667,0.10833333333333334,0.21666666666666667,0.12230742263985032,0.12230742263985032,1.0,0.4370072337859036,0.28174387585778754,0.14992508104524996,0.13132380931105891,0.07467459855760689,0.07467459855760689,1.0,0.4101702835596185,0.2867052712622271,0.12912920718929166,0.1739952379888628,0.0,0.0,1.0,0.3421626735798376,0.31263274154514786,0.12246221861146571,0.22274236626354896
203,0.0411706597534958,0.0,0.1547954151249854,112,149,0.0,0,0,200,0.3421626735798376,0.38333333333333336,0.31263274154514786,0.2916666666666667,0.12246221861146571,0.10833333333333334,0.22274236626354896,0.21666666666666667,0.0411706597534958,0.0411706597534958,1.0,0.38333333333333336,0.2916666666666667,0.10833333333333334,0.21666666666666667,0.12230742263985032,0.12230742263985032,1.0,0.4370072337859036,0.28174387585778754,0.14992508104524996,0.13132380931105891,0.07467459855760689,0.07467459855760689,1.0,0.4101702835596185,0.2867052712622271,0.12912920718929166,0.1739952379888628,0.0,0.0,1.0,0.3421626735798376,0.31263274154514786,0.12246221861146571,0.22274236626354896
204,0.0411706597534958,0.0,0.1547954151249854,105,150,0.0,0,0,200,0.3421626735798376,0.38333333333333336,0.31263274154514786,0.2916666666666667,0.12246221861146571,0.10833333333333334,0.22274236626354896,0.21666666666666667,0.0411706597534958,0.0411706597534958,1.0,0.38333333333333336,0.2916666666666667,0.10833333333333334,0.21666666666666667,0.12230742263985032,0.12230742263985032,1.0,0.4370072337859036,0.28174387585778754,0.14992508104524996,0.13132380931105891,0.07467459855760689,0.07467459855760689,1.0,0.4101702835596185,0.2867052712622271,0.12912920718929166,0.1739952379888628,0.0,0.0,1.0,0.3421626735798376,0.31263274154514786,0.12246221861146571,0.22274236626354896
205,0.0411706597534958,0.0,0.1547954151249854,101,150,0.0,0,0,200,0.3421626735798376,0.38333333333333336,0.31263274154514786,0.2916666666666667,0.12246221861146571,0.10833333333333334,0.22274236626354896,0.21666666666666667,0.0411706597534958,0.0411706597534958,1.0,0.38333333333333336,0.2916666666666667,0.10833333333333334,0.21666666666666667,0.12230742263985032,0.12230742263985032,1.0,0.4370072337859036,0.28174387585778754,0.14992508104524996,0.13132380931105891,0.07467459855760689,0.07467459855760689,1.0,0.4101702835596185,0.2867052712622271,0.12912920718929166,0.1739952379888628,0.0,0.0,1.0,0.3421626735798376,0.31263274154514786,0.12246221861146571,0.22274236626354896
206,0.0411706597534958,0.0,0.1547954151249854,120,148,0.0,0,0,200,0.3421626735798376,0.38333333333333336,0.31263274154514786,0.2916666666666667,0.12246221861146571,0.10833333333333334,0.22274236626354896,0.21666666666666667,0.0411706597534958,0.0411706597534958,1.0,0.38333333333333336,0.2916666666666667,0.10833333333333334,0.21666666666666667,0.12230742263985032,0.12230742263985032,1.0,0.4370072337859036,0.28174387585778754,0.14992508104524996,0.13132380931105891,0.07467459855760689,0.07467459855760689,1.0,0.4101702835596185,0.2867052712622271,0.12912920718929166,0.1739952379888628,0.0,0.0,1.0,0.3421626735798376,0.31263274154514786,0.12246221861146571,0.22274236626354896
207,0.0411706597534958,0.0,0.1547954151249854,98,150,0.0,0,0,200,0.3421626735798376,0.38333333333333336,0.31263274154514786,0.2916666666666667,0.12246221861146571,0.10833333333333334,0.22274236626354896,0.21666666666666667,0.0411706597534958,0.0411706597534958,1.0,0.38333333333333336,0.2916666666666667,0.10833333333333334,0.21666666666666667,0.12230742263985032,0.12230742263985032,1.0,0.4370072337859036,0.28174387585778754,0.14992508104524996,0.13132380931105891,0.07467459855760689,0.07467459855760689,1.0,0.4101702835596185,0.2867052712622271,0.12912920718929166,0.1739952379888628,0.0,0.0,1.0,0.3421626735798376,0.31263274154514786,0.12246221861146571,0.22274236626354896
208,0.0411706597534958,0.0,0.1547954151249854,94,151,0.0,0,0,200,0.3421626735798376,0.38333333333333336,0.31263274154514786,0.2916666666666667,0.12246221861146571,0.10833333333333334,0.22274236626354896,0.21666666666666667,0.0411706597534958,0.0411706597534958,1.0,0.38333333333333336,0.2916666666666667,0.10833333333333334,0.21666666666666667,0.12230742263985032,0.12230742263985032,1.0,0.4370072337859036,0.28174387585778754,0.14992508104524996,0.13132380931105891,0.07467459855760689,0.07467459855760689,1.0,0.4101702835596185,0.2867052712622271,0.12912920718929166,0.1739952379888628,0.0,0.0,1.0,0.3421626735798376,0.31263274154514786,0.12246221861146571,0.22274236626354896
209,0.0411706597534958,0.0,0.1547954151249854,91,152,0.0,0,0,200,0.3421626735798376,0.38333333333333336,0.31263274154514786,0.2916666666666667,0.12246221861146571,0.10833333333333334,0.22274236626354896,0.21666666666666667,0.0411706597534958,0.0411706597534958,1.0,0.38333333333333336,0.2916666666666667,0.10833333333333334,0.21666666666666667,0.12230742263985032,0.12230742263985032,1.0,0.4370072337859036,0.28174387585778754,0.14992508104524996,0.13132380931105891,0.07467459855760689,0.07467459855760689,1.0,0.4101702835596185,0.2867052712622271,0.12912920718929166,0.1739952379888628,0.0,0.0,1.0,0.3421626735798376,0.31263274154514786,0.12246221861146571,0.22274236626354896
210,0.0411706597534958,0.0,0.1547954151249854,117,153,0.0,0,1,210,0.3421626735798376,0.38333333333333336,0.31263274154514786,0.2916666666666667,0.12246221861146571,0.10833333333333334,0.22274236626354896,0.21666666666666667,0.0411706597534958,0.0411706597534958,1.0,0.38333333333333336,0.2916666666666667,0.10833333333333334,0.21666666666666667,0.07641999674224692,0.07641999674224692,0.0,0.36526898926889667,0.3659464225983357,0.07769209266195724,0.1910924954708105,0.04831229080863076,0.04831229080863076,1.0,0.374301161301115,0.3288065446325012,0.0930127129976453,0.2038795810687386,0.0,0.0,1.0,0.3421626735798376,0.31263274154514786,0.12246221861146571,0.22274236626354896
211,0.0411706597534958,0.0,0.1547954151249854,112,152,0.0,0,0,210,0.3421626735798376,0.38333333333333336,0.31263274154514786,0.2916666666666667,0.12246221861146571,0.10833333333333334,0.22274236626354896,0.21666666666666667,0.0411706597534958,0.0411706597534958,1.0,0.38333333333333336,0.2916666666666667,0.10833333333333334,0.21666666666666667,0.07641999674224692,0.07641999674224692,0.0,0.36526898926889667,0.3659464225983357,0.07769209266195724,0.1910924954708105,0.04831229080863076,0.04831229080863076,1.0,0.374301161301115,0.3288065446325012,0.0930127129976453,0.2038795810687386,0.0,0.0,1.0,0.3421626735798376,0.31263274154514786,0.12246221861146571,0.22274236626354896
212,0.0411706597534958,0.0,0.1547954151249854,97,152,0.0,0,0,210,0.3421626735798376,0.38333333333333336,0.31263274154514786,0.2916666666666667,0.12246221861146571,0.10833333333333334,0.22274236626354896,0.21666666666666667,0.0411706597534958,0.0411706597534958,1.0,0.38333333333333336,0.2916666666666667,0.10833333333333334,0.21666666666666667,0.07641999674224692,0.07641999674224692,0.0,0.36526898926889667,0.3659464225983357,0.07769209266195724,0.1910924954708105,0.04831229080863076,0.04831229080863076,1.0,0.374301161301115,0.3288065446325012,0.0930127129976453,0.2038795810687386,0.0,0.0,1.0,0.3421626735798376,0.31263274154514786,0.12246221861146571,0.22274236626354896
213,0.0411706597534958,0.0,0.1547954151249854,87,151,0.0,0,0,210,0.3421626735798376,0.38333333333333336,0.31263274154514786,0.2916666666666667,0.12246221861146571,0.10833333333333334,0.22274236626354896,0.21666666666666667,0.0411706597534958,0.0411706597534958,1.0,0.38333333333333336,0.2916666666666667,0.10833333333333334,0.21666666666666667,0.07641999674224692,0.07641999674224692,0.0,0.36526898926889667,0.3659464225983357,0.07769209266195724,0.1910924954708105,0.04831229080863076,0.04831229080863076,1.0,0.374301161301115,0.3288065446325012,0.0930127129976453,0.2038795810687386,0.0,0.0,1.0,0.3421626735798376,0.31263274154514786,0.12246221861146571,0.22274236626354896
214,0.0411706597534958,0.0,0.1547954151249854,102,149,0.0,0,0,210,0.3421626735798376,0.38333333333333336,0.31263274154514786,0.2916666666666667,0.12246221861146571,0.10833333333333334,0.22274236626354896,0.21666666666666667,0.0411706597534958,0.0411706597534958,1.0,0.38333333333333336,0.2916666666666667,0.10833333333333334,0.21666666666666667,0.07641999674224692,0.07641999674224692,0.0,0.36526898926889667,0.3659464225983357,0.07769209266195724,0.1910924954708105,0.04831229080863076,0.04831229080863076,1.0,0.374301161301115,0.3288065446325012,0.0930127129976453,0.2038795810687386,0.0,0.0,1.0,0.3421626735798376,0.31263274154514786,0.12246221861146571,0.22274236626354896
215,0.0411706597534958,0.0,0.1547954151249854,108,150,0.0,0,0,210,0.3421626735798376,0.38333333333333336,0.31263274154514786,0.2916666666666667,0.12246221861146571,0.10833333333333334,0.22274236626354896,0.21666666666666667,0.0411706597534958,0.0411706597534958,1.0,0.38333333333333336,0.2916666666666667,0.10833333333333334,0.21666666666666667,0.07641999674224692,0.07641999674224692,0.0,0.36526898926889667,0.3659464225983357,0.07769209266195724,0.1910924954708105,0.04831229080863076,0.04831229080863076,1.0,0.374301161301115,0.3288065446325012,0.0930127129976453,0.2038795810687386,0.0,0.0,1.0,0.3421626735798376,0.31263274154514786,0.12246221861146571,0.22274236626354896
216,0.0411706597534958,0.0,0.1547954151249854,125,150,0.0,0,0,210,0.3421626735798376,0.38333333333333336,0.31263274154514786,0.2916666666666667,0.12246221861146571,0.10833333333333334,0.22274236626354896,0.21666666666666667,0.0411706597534958,0.0411706597534958,1.0,0.38333333333333336,0.2916666666666667,0.10833333333333334,0.21666666666666667,0.07641999674224692,0.07641999674224692,0.0,0.36526898926889667,0.3659464225983357,0.07769209266195724,0.1910924954708105,0.04831229080863076,0.04831229080863076,1.0,0.374301161301115,0.3288065446325012,0.0930127129976453,0.2038795810687386,0.0,0.0,1.0,0.3421626735798376,0.31263274154514786,0.12246221861146571,0.22274236626354896
217,0.0411706597534958,0.0,0.1547954151249854,102,151,0.0,0,0,210,0.3421626735798376,0.38333333333333336,0.31263274154514786,0.2916666666666667,0.12246221861146571,0.10833333333333334,0.22274236626354896,0.21666666666666667,0.0411706597534958,0.0411706597534958,1.0,0.38333333333333336,0.2916666666666667,0.10833333333333334,0.21666666666666667,0.07641999674224692,0.07641999674224692,0.0,0.36526898926889667,0.3659464225983357,0.07769209266195724,0.1910924954708105,0.04831229080863076,0.04831229080863076,1.0,0.374301161301115,0.3288065446325012,0.0930127129976453,0.2038795810687386,0.0,0.0,1.0,0.3421626735798376,0.31263274154514786,0.12246221861146571,0.22274236626354896
218,0.0411706597534958,0.0,0.1547954151249854,102,152,0.0,0,0,210,0.3421626735798376,0.38333333333333336,0.31263274154514786,0.2916666666666667,0.12246221861146571,0.10833333333333334,0.22274236626354896,0.21666666666666667,0.0411706597534958,0.0411706597534958,1.0,0.38333333333333336,0.2916666666666667,0.10833333333333334,0.21666666666666667,0.07641999674224692,0.07641999674224692,0.0,0.36526898926889667,0.3659464225983357,0.07769209266195724,0.1910924954708105,0.04831229080863076,0.04831229080863076,1.0,0.374301161301115,0.3288065446325012,0.0930127129976453,0.2038795810687386,0.0,0.0,1.0,0.3421626735798376,0.31263274154514786,0.12246221861146571,0.22274236626354896
219,0.0411706597534958,0.0,0.1547954151249854,124,153,0.0,0,0,210,0.3421626735798376,0.38333333333333336,0.31263274154514786,0.2916666666666667,0.12246221861146571,0.10833333333333334,0.22274236626354896,0.21666666666666667,0.0411706597534958,0.0411706597534958,1.0,0.38333333333333336,0.2916666666666667,0.10833333333333334,0.21666666666666667,0.07641999674224692,0.07641999674224692,0.0,0.36526898926889667,0.3659464225983357,0.07769209266195724,0.1910924954708105,0.04831229080863076,0.04831229080863076,1.0,0.374301161301115,0.3288065446325012,0.0930127129976453,0.2038795810687386,0.0,0.0,1.0,0.3421626735798376,0.31263274154514786,0.12246221861146571,0.22274236626354896
220,0.0411706597534958,0.0,0.1547954151249854,96,154,0.0,0,1,220,0.3421626735798376,0.38333333333333336,0.31263274154514786,0.2916666666666667,0.12246221861146571,0.10833333333333334,0.22274236626354896,0.21666666666666667,0.0411706597534958,0.0411706597534958,1.0,0.38333333333333336,0.2916666666666667,0.10833333333333334,0.21666666666666667,0.08630500394655491,0.08630500394655491,0.0,0.2688250783541735,0.29966533282425695,0.14009759701357816,0.2914119918079913,0.03305020953577013,0.03305020953577013,1.0,0.32607920584375344,0.2956659997454618,0.12421546517345575,0.25403932923732897,0.0,0.0,1.0,0.3421626735798376,0.31263274154514786,0.12246221861146571,0.22274236626354896
221,0.0411706597534958,0.0,0.1547954151249854,112,153,0.0,0,0,220,0.3421626735798376,0.38333333333333336,0.31263274154514786,0.2916666666666667,0.12246221861146571,0.10833333333333334,0.22274236626354896,0.21666666666666667,0.0411706597534958,0.0411706597534958,1.0,0.38333333333333336,0.2916666666666667,0.10833333333333334,0.21666666666666667,0.08630500394655491,0.08630500394655491,0.0,0.2688250783541735,0.29966533282425695,0.14009759701357816,0.2914119918079913,0.03305020953577013,0.03305020953577013,1.0,0.32607920584375344,0.2956659997454618,0.12421546517345575,0.25403932923732897,0.0,0.0,1.0,0.3421626735798376,0.31263274154514786,0.12246221861146571,0.22274236626354896
222,0.0411706597534958,0.0,0.1547954151249854,103,154,0.0,0,0,220,0.3421626735798376,0.38333333333333336,0.31263274154514786,0.2916666666666667,0.12246221861146571,0.10833333333333334,0.22274236626354896,0.21666666666666667,0.0411706597534958,0.0411706597534958,1.0,0.38333333333333336,0.2916666666666667,0.10833333333333334,0.21666666666666667,0.08630500394655491,0.08630500394655491,0.0,0.2688250783541735,0.29966533282425695,0.14009759701357816,0.2914119918079913,0.03305020953577013,0.03305020953577013,1.0,0.32607920584375344,0.2956659997454618,0.12421546517345575,0.25403932923732897,0.0,0.0,1.0,0.3421626735798376,0.31263274154514786,0.12246221861146571,0.22274236626354896
223,0.0411706597534958,0.0,0.1547954151249854,96,154,0.0,0,0,220,0.3421626735798376,0.38333333333333336,0.31263274154514786,0.2916666666666667,0.12246221861146571,0.10833333333333334,0.22274236626354896,0.21666666666666667,0.0411706597534958,0.0411706597534958,1.0,0.38333333333333336,0.2916666666666667,0.10833333333333334,0.21666666666666667,0.08630500394655491,0.08630500394655491,0.0,0.2688250783541735,0.29966533282425695,0.14009759701357816,0.2914119918079913,0.03305020953577013,0.03305020953577013,1.0,0.32607920584375344,0.2956659997454618,0.12421546517345575,0.25403932923732897,0.0,0.0,1.0,0.3421626735798376,0.31263274154514786,0.12246221861146571,0.22274236626354896
224,0.0411706597534958,0.0,0.1547954151249854,87,157,0.0,0,0,220,0.3421626735798376,0.38333333333333336,0.31263274154514786,0.2916666666666667,0.12246221861146571,0.10833333333333334,0.22274236626354896,0.21666666666666667,0.0411706597534958,0.0411706597534958,1.0,0.38333333333333336,0.2916666666666667,0.10833333333333334,0.21666666666666667,0.08630500394655491,0.08630500394655491,0.0,0.2688250783541735,0.29966533282425695,0.14009759701357816,0.2914119918079913,0.03305020953577013,0.03305020953577013,1.0,0.32607920584375344,0.2956659997454618,0.12421546517345575,0.25403932923732897,0.0,0.0,1.0,0.3421626735798376,0.31263274154514786,0.12246221861146571,0.22274236626354896
225,0.0411706597534958,0.0,0.1547954151249854,105,155,0.0,0,0,220,0.3421626735798376,0.38333333333333336,0.31263274154514786,0.2916666666666667,0.12246221861146571,0.10833333333333334,0.22274236626354896,0.21666666666666667,0.0411706597534958,0.0411706597534958,1.0,0.38333333333333336,0.2916666666666667,0.10833333333333334,0.21666666666666667,0.08630500394655491,0.08630500394655491,0.0,0.2688250783541735,0.29966533282425695,0.14009759701357816,0.2914119918079913,0.03305020953577013,0.03305020953577013,1.0,0.32607920584375344,0.2956659997454618,0.12421546517345575,0.25403932923732897,0.0,0.0,1.0,0.3421626735798376,0.31263274154514786,0.12246221861146571,0.22274236626354896
226,0.0411706597534958,0.0,0.1547954151249854,88,153,0.0,0,0,220,0.3421626735798376,0.38333333333333336,0.31263274154514786,0.2916666666666667,0.12246221861146571,0.10833333333333334,0.22274236626354896,0.21666666666666667,0.0411706597534958,0.0411706597534958,1.0,0.38333333333333336,0.2916666666666667,0.10833333333333334,0.21666666666666667,0.08630500394655491,0.08630500394655491,0.0,0.2688250783541735,0.29966533282425695,0.14009759701357816,0.2914119918079913,0.03305020953577013,0.03305020953577013,1.0,0.32607920584375344,0.2956659997454618,0.12421546517345575,0.25403932923732897,0.0,0.0,1.0,0.3421626735798376,0.31263274154514786,0.12246221861146571,0.22274236626354896
227,0.0411706597534958,0.0,0.1547954151249854,100,151,0.0,0,0,220,0.3421626735798376,0.38333333333333336,0.31263274154514786,0.2916666666666667,0.12246221861146571,0.10833333333333334,0.22274236626354896,0.21666666666666667,0.0411706597534958,0.0411706597534958,1.0,0.38333333333333336,0.2916666666666667,0.10833333333333334,0.21666666666666667,0.08630500394655491,0.08630500394655491,0.0,0.2688250783541735,0.29966533282425695,0.14009759701357816,0.2914119918079913,0.03305020953577013,0.03305020953577013,1.0,0.32607920584375344,0.2956659997454618,0.12421546517345575,0.25403932923732897,0.0,0.0,1.0,0.3421626735798376,0.31263274154514786,0.12246221861146571,0.22274236626354896
228,0.0411706597534958,0.0,0.1547954151249854,103,151,0.0,0,0,220,0.3421626735798376,0.38333333333333336,0.31263274154514786,0.2916666666666667,0.12246221861146571,0.10833333333333334,0.22274236626354896,0.21666666666666667,0.0411706597534958,0.0411706597534958,1.0,0.38333333333333336,0.2916666666666667,0.10833333333333334,0.21666666666666667,0.08630500394655491,0.08630500394655491,0.0,0.2688250783541735,0.29966533282425695,0.14009759701357816,0.2914119918079913,0.03305020953577013,0.03305020953577013,1.0,0.32607920584375344,0.2956659997454618,0.12421546517345575,0.25403932923732897,0.0,0.0,1.0,0.3421626735798376,0.31263274154514786,0.12246221861146571,0.22274236626354896
229,0.0411706597534958,0.0,0.1547954151249854,100,149,0.0,0,0,220,0.3421626735798376,0.38333333333333336,0.31263274154514786,0.2916666666666667,0.12246221861146571,0.10833333333333334,0.22274236626354896,0.21666666666666667,0.0411706597534958,0.0411706597534958,1.0,0.38333333333333336,0.2916666666666667,0.10833333333333334,0.21666666666666667,0.08630500394655491,0.08630500394655491,0.0,0.2688250783541735,0.29966533282425695,0.14009759701357816,0.2914119918079913,0.03305020953577013,0.03305020953577013,1.0,0.32607920584375344,0.2956659997454618,0.12421546517345575,0.25403932923732897,0.0,0.0,1.0,0.3421626735798376,0.31263274154514786,0.12246221861146571,0.22274236626354896
230,0.0411706597534958,0.0,0.1547954151249854,98,149,0.0,0,1,230,0.3421626735798376,0.38333333333333336,0.31263274154514786,0.2916666666666667,0.12246221861146571,0.10833333333333334,0.22274236626354896,0.21666666666666667,0.0411706597534958,0.0411706597534958,1.0,0.38333333333333336,0.2916666666666667,0.10833333333333334,0.21666666666666667,0.05028597940298787,0.05028597940298787,1.0,0.3654000117118641,0.2623467621421599,0.14348810994283606,0.22876511620313988,0.03565250196938018,0.03565250196938018,1.0,0.3743666725225987,0.27700671440441327,0.1259107216380847,0.22271589143490328,0.0,0.0,1.0,0.3421626735798376,0.31263274154514786,0.12246221861146571,0.22274236626354896
231,0.0411706597534958,0.0,0.1547954151249854,83,148,0.0,0,0,230,0.3421626735798376,0.38333333333333336,0.31263274154514786,0.2916666666666667,0.12246221861146571,0.10833333333333334,0.22274236626354896,0.21666666666666667,0.0411706597534958,0.0411706597534958,1.0,0.38333333333333336,0.2916666666666667,0.10833333333333334,0.21666666666666667,0.05028597940298787,0.05028597940298787,1.0,0.3654000117118641,0.2623467621421599,0.14348810994283606,0.22876511620313988,0.03565250196938018,0.03565250196938018,1.0,0.3743666725225987,0.27700671440441327,0.1259107216380847,0.22271589143490328,0.0,0.0,1.0,0.3421626735798376,0.31263274154514786,0.12246221861146571,0.22274236626354896
232,0.0411706597534958,0.0,0.1547954151249854,97,149,0.0,0,0,230,0.3421626735798376,0.38333333333333336,0.31263274154514786,0.2916666666666667,0.12246221861146571,0.10833333333333334,0.22274236626354896,0.21666666666666667,0.0411706597534958,0.0411706597534958,1.0,0.38333333333333336,0.2916666666666667,0.10833333333333334,0.21666666666666667,0.05028597940298787,0.05028597940298787,1.0,0.3654000117118641,0.2623467621421599,0.14348810994283606,0.22876511620313988,0.03565250196938018,0.03565250196938018,1.0,0.3743666725225987,0.27700671440441327,0.1259107216380847,0.22271589143490328,0.0,0.0,1.0,0.3421626735798376,0.31263274154514786,0.12246221861146571,0.22274236626354896
233,0.0411706597534958,0.0,0.1547954151249854,108,150,0.0,0,0,230,0.3421626735798376,0.38333333333333336,0.31263274154514786,0.2916666666666667,0.12246221861146571,0.10833333333333334,0.22274236626354896,0.21666666666666667,0.0411706597534958,0.0411706597534958,1.0,0.38333333333333336,0.2916666666666667,0.10833333333333334,0.21666666666666667,0.05028597940298787,0.05028597940298787,1.0,0.3654000117118641,0.2623467621421599,0.14348810994283606,0.22876511620313988,0.03565250196938018,0.03565250196938018,1.0,0.3743666725225987,0.27700671440441327,0.1259107216380847,0.22271589143490328,0.0,0.0,1.0,0.3421626735798376,0.31263274154514786,0.12246221861146571,0.22274236626354896
234,0.0411706597534958,0.0,0.1547954151249854,125,151,0.0,0,0,230,0.3421626735798376,0.38333333333333336,0.31263274154514786,0.2916666666666667,0.12246221861146571,0.10833333333333334,0.22274236626354896,0.21666666666666667,0.0411706597534958,0.0411706597534958,1.0,0.38333333333333336,0.2916666666666667,0.10833333333333334,0.21666666666666667,0.05028597940298787,0.05028597940298787,1.0,0.3654000117118641,0.2623467621421599,0.14348810994283606,0.22876511620313988,0.03565250196938018,0.03565250196938018,1.0,0.3743666725225987,0.27700671440441327,0.1259107216380847,0.22271589143490328,0.0,0.0,1.0,0.3421626735798376,0.31263274154514786,0.12246221861146571,0.22274236626354896
235,0.0411706597534958,0.0,0.1547954151249854,90,154,0.0,0,0,230,0.3421626735798376,0.38333333333333336,0.31263274154514786,0.2916666666666667,0.12246221861146571,0.10833333333333334,0.22274236626354896,0.21666666666666667,0.0411706597534958,0.0411706597534958,1.0,0.38333333333333336,0.2916666666666667,0.10833333333333334,0.21666666666666667,0.05028597940298787,0.05028597940298787,1.0,0.3654000117118641,0.2623467621421599,0.14348810994283606,0.22876511620313988,0.03565250196938018,0.03565250196938018,1.0,0.3743666725225987,0.27700671440441327,0.1259107216380847,0.22271589143490328,0.0,0.0,1.0,0.3421626735798376,0.31263274154514786,0.12246221861146571,0.22274236626354896
236,0.0411706597534958,0.0,0.1547954151249854,105,154,0.0,0,0,230,0.3421626735798376,0.38333333333333336,0.31263274154514786,0.2916666666666667,0.12246221861146571,0.10833333333333334,0.22274236626354896,0.21666666666666667,0.0411706597534958,0.0411706597534958,1.0,0.38333333333333336,0.2916666666666667,0.10833333333333334,0.21666666666666667,0.05028597940298787,0.05028597940298787,1.0,0.3654000117118641,0.2623467621421599,0.14348810994283606,0.22876511620313988,0.03565250196938018,0.03565250196938018,1.0,0.3743666725225987,0.27700671440441327,0.1259107216380847,0.22271589143490328,0.0,0.0,1.0,0.3421626735798376,0.31263274154514786,0.12246221861146571,0.22274236626354896
237,0.0411706597534958,0.0,0.1547954151249854,98,156,0.0,0,0,230,0.3421626735798376,0.38333333333333336,0.31263274154514786,0.2916666666666667,0.12246221861146571,0.10833333333333334,0.22274236626354896,0.21666666666666667,0.0411706597534958,0.0411706597534958,1.0,0.38333333333333336,0.2916666666666667,0.10833333333333334,0.21666666666666667,0.05028597940298787,0.05028597940298787,1.0,0.3654000117118641,0.2623467621421599,0.14348810994283606,0.22876511620313988,0.03565250196938018,0.03565250196938018,1.0,0.3743666725225987,0.27700671440441327,0.1259107216380847,0.22271589143490328,0.0,0.0,1.0,0.3421626735798376,0.31263274154514786,0.12246221861146571,0.22274236626354896
238,0.0411706597534958,0.0,0.1547954151249854,85,154,0.0,0,0,230,0.3421626735798376,0.38333333333333336,0.31263274154514786,0.2916666666666667,0.12246221861146571,0.10833333333333334,0.22274236626354896,0.21666666666666667,0.0411706597534958,0.0411706597534958,1.0,0.38333333333333336,0.2916666666666667,0.10833333333333334,0.21666666666666667,0.05028597940298787,0.05028597940298787,1.0,0.3654000117118641,0.2623467621421599,0.14348810994283606,0.22876511620313988,0.03565250196938018,0.03565250196938018,1.0,0.3743666725225987,0.27700671440441327,0.1259107216380847,0.22271589143490328,0.0,0.0,1.0,0.3421626735798376,0.31263274154514786,0.12246221861146571,0.22274236626354896
239,0.0411706597534958,0.0,0.1547954151249854,105,152,0.0,0,0,230,0.3421626735798376,0.38333333333333336,0.31263274154514786,0.2916666666666667,0.12246221861146571,0.10833333333333334,0.22274236626354896,0.21666666666666667,0.0411706597534958,0.0411706597534958,1.0,0.38333333333333336,0.2916666666666667,0.10833333333333334,0.21666666666666667,0.05028597940298787,0.05028597940298787,1.0,0.3654000117118641,0.2623467621421599,0.14348810994283606,0.22876511620313988,0.03565250196938018,0.03565250196938018,1.0,0.3743666725225987,0.27700671440441327,0.1259107216380847,0.22271589143490328,0.0,0.0,1.0,0.3421626735798376,0.31263274154514786,0.12246221861146571,0.22274236626354896
