step,attention_error,preference_change,uniform_prior_error,interactions,pool_size,official_exposure_share,official_arrivals,observation_updated,last_observed_at,truth_0,attention_0,truth_1,attention_1,truth_2,attention_2,truth_3,attention_3,error_platform,initial_error_platform,top_accuracy_platform,estimate_platform_0,estimate_platform_1,estimate_platform_2,estimate_platform_3,error_survey,initial_error_survey,top_accuracy_survey,estimate_survey_0,estimate_survey_1,estimate_survey_2,estimate_survey_3,error_fused,initial_error_fused,top_accuracy_fused,estimate_fused_0,estimate_fused_1,estimate_fused_2,estimate_fused_3,error_oracle,initial_error_oracle,top_accuracy_oracle,estimate_oracle_0,estimate_oracle_1,estimate_oracle_2,estimate_oracle_3
0,0.07159462239093331,0.0,0.15098305172788193,73,28,0.0,0,1,0,0.14038127697814337,0.10666666666666667,0.29591100745214854,0.2633333333333333,0.20863567129397462,0.20333333333333334,0.3550720442757333,0.4266666666666667,0.07159462239093331,0.07159462239093331,1.0,0.10666666666666667,0.2633333333333333,0.20333333333333334,0.4266666666666667,0.11118500219434772,0.11118500219434772,1.0,0.15712822626722342,0.23544273830694837,0.15791893824482714,0.44951009718100104,0.08301633764810049,0.08301633764810049,1.0,0.13189744646694504,0.24938803582014085,0.18062613578908024,0.43808838192383387,0.0,0.0,1.0,0.14038127697814337,0.29591100745214854,0.20863567129397462,0.3550720442757333
1,0.10992795572426664,0.0,0.15098305172788193,104,26,0.0,0,0,0,0.14038127697814337,0.09166666666666666,0.29591100745214854,0.27166666666666667,0.20863567129397462,0.17166666666666666,0.3550720442757333,0.465,0.07159462239093331,0.07159462239093331,1.0,0.10666666666666667,0.2633333333333333,0.20333333333333334,0.4266666666666667,0.11118500219434772,0.11118500219434772,1.0,0.15712822626722342,0.23544273830694837,0.15791893824482714,0.44951009718100104,0.08301633764810049,0.08301633764810049,1.0,0.13189744646694504,0.24938803582014085,0.18062613578908024,0.43808838192383387,0.0,0.0,1.0,0.14038127697814337,0.29591100745214854,0.20863567129397462,0.3550720442757333
2,0.08735028160545141,0.0,0.15098305172788193,102,27,0.0,0,0,0,0.14038127697814337,0.10166666666666667,0.29591100745214854,0.305,0.20863567129397462,0.16,0.3550720442757333,0.43333333333333335,0.07159462239093331,0.07159462239093331,1.0,0.10666666666666667,0.2633333333333333,0.20333333333333334,0.4266666666666667,0.11118500219434772,0.11118500219434772,1.0,0.15712822626722342,0.23544273830694837,0.15791893824482714,0.44951009718100104,0.08301633764810049,0.08301633764810049,1.0,0.13189744646694504,0.24938803582014085,0.18062613578908024,0.43808838192383387,0.0,0.0,1.0,0.14038127697814337,0.29591100745214854,0.20863567129397462,0.3550720442757333
3,0.09401694827211807,0.0,0.15098305172788193,125,30,0.0,0,0,0,0.14038127697814337,0.1,0.29591100745214854,0.31166666666666665,0.20863567129397462,0.155,0.3550720442757333,0.43333333333333335,0.07159462239093331,0.07159462239093331,1.0,0.10666666666666667,0.2633333333333333,0.20333333333333334,0.4266666666666667,0.11118500219434772,0.11118500219434772,1.0,0.15712822626722342,0.23544273830694837,0.15791893824482714,0.44951009718100104,0.08301633764810049,0.08301633764810049,1.0,0.13189744646694504,0.24938803582014085,0.18062613578908024,0.43808838192383387,0.0,0.0,1.0,0.14038127697814337,0.29591100745214854,0.20863567129397462,0.3550720442757333
4,0.09735028160545142,0.0,0.15098305172788193,92,30,0.0,0,0,0,0.14038127697814337,0.09666666666666666,0.29591100745214854,0.32,0.20863567129397462,0.155,0.3550720442757333,0.42833333333333334,0.07159462239093331,0.07159462239093331,1.0,0.10666666666666667,0.2633333333333333,0.20333333333333334,0.4266666666666667,0.11118500219434772,0.11118500219434772,1.0,0.15712822626722342,0.23544273830694837,0.15791893824482714,0.44951009718100104,0.08301633764810049,0.08301633764810049,1.0,0.13189744646694504,0.24938803582014085,0.18062613578908024,0.43808838192383387,0.0,0.0,1.0,0.14038127697814337,0.29591100745214854,0.20863567129397462,0.3550720442757333
5,0.10235028160545138,0.0,0.15098305172788193,103,30,0.0,0,0,0,0.14038127697814337,0.09833333333333333,0.29591100745214854,0.32166666666666666,0.20863567129397462,0.14833333333333334,0.3550720442757333,0.43166666666666664,0.07159462239093331,0.07159462239093331,1.0,0.10666666666666667,0.2633333333333333,0.20333333333333334,0.4266666666666667,0.11118500219434772,0.11118500219434772,1.0,0.15712822626722342,0.23544273830694837,0.15791893824482714,0.44951009718100104,0.08301633764810049,0.08301633764810049,1.0,0.13189744646694504,0.24938803582014085,0.18062613578908024,0.43808838192383387,0.0,0.0,1.0,0.14038127697814337,0.29591100745214854,0.20863567129397462,0.3550720442757333
6,0.10235028160545141,0.0,0.15098305172788193,102,30,0.0,0,0,0,0.14038127697814337,0.09833333333333333,0.29591100745214854,0.32,0.20863567129397462,0.14833333333333334,0.3550720442757333,0.43333333333333335,0.07159462239093331,0.07159462239093331,1.0,0.10666666666666667,0.2633333333333333,0.20333333333333334,0.4266666666666667,0.11118500219434772,0.11118500219434772,1.0,0.15712822626722342,0.23544273830694837,0.15791893824482714,0.44951009718100104,0.08301633764810049,0.08301633764810049,1.0,0.13189744646694504,0.24938803582014085,0.18062613578908024,0.43808838192383387,0.0,0.0,1.0,0.14038127697814337,0.29591100745214854,0.20863567129397462,0.3550720442757333
7,0.10068361493878472,0.0,0.15098305172788193,99,30,0.0,0,0,0,0.14038127697814337,0.1,0.29591100745214854,0.3233333333333333,0.20863567129397462,0.14833333333333334,0.3550720442757333,0.42833333333333334,0.07159462239093331,0.07159462239093331,1.0,0.10666666666666667,0.2633333333333333,0.20333333333333334,0.4266666666666667,0.11118500219434772,0.11118500219434772,1.0,0.15712822626722342,0.23544273830694837,0.15791893824482714,0.44951009718100104,0.08301633764810049,0.08301633764810049,1.0,0.13189744646694504,0.24938803582014085,0.18062613578908024,0.43808838192383387,0.0,0.0,1.0,0.14038127697814337,0.29591100745214854,0.20863567129397462,0.3550720442757333
8,0.09735028160545141,0.0,0.15098305172788193,107,30,0.0,0,0,0,0.14038127697814337,0.1,0.29591100745214854,0.32166666666666666,0.20863567129397462,0.15166666666666667,0.3550720442757333,0.4266666666666667,0.07159462239093331,0.07159462239093331,1.0,0.10666666666666667,0.2633333333333333,0.20333333333333334,0.4266666666666667,0.11118500219434772,0.11118500219434772,1.0,0.15712822626722342,0.23544273830694837,0.15791893824482714,0.44951009718100104,0.08301633764810049,0.08301633764810049,1.0,0.13189744646694504,0.24938803582014085,0.18062613578908024,0.43808838192383387,0.0,0.0,1.0,0.14038127697814337,0.29591100745214854,0.20863567129397462,0.3550720442757333
9,0.09901694827211807,0.0,0.15098305172788193,101,30,0.0,0,0,0,0.14038127697814337,0.1,0.29591100745214854,0.32666666666666666,0.20863567129397462,0.15,0.3550720442757333,0.42333333333333334,0.07159462239093331,0.07159462239093331,1.0,0.10666666666666667,0.2633333333333333,0.20333333333333334,0.4266666666666667,0.11118500219434772,0.11118500219434772,1.0,0.15712822626722342,0.23544273830694837,0.15791893824482714,0.44951009718100104,0.08301633764810049,0.08301633764810049,1.0,0.13189744646694504,0.24938803582014085,0.18062613578908024,0.43808838192383387,0.0,0.0,1.0,0.14038127697814337,0.29591100745214854,0.20863567129397462,0.3550720442757333
10,0.09901694827211807,0.0,0.15098305172788193,116,30,0.0,0,1,10,0.14038127697814337,0.1,0.29591100745214854,0.32666666666666666,0.20863567129397462,0.15,0.3550720442757333,0.42333333333333334,0.09128967554484536,0.09128967554484536,1.0,0.0993939393939394,0.3101515151515152,0.15833333333333333,0.43212121212121213,0.08035337923358365,0.08035337923358365,1.0,0.08900746641406683,0.2669314387826415,0.24028104270295658,0.403780052100335,0.06287858783504019,0.06287858783504019,1.0,0.09420070290400312,0.2885414769670783,0.19930718801814495,0.41795063211077355,0.0,0.0,1.0,0.14038127697814337,0.29591100745214854,0.20863567129397462,0.3550720442757333
11,0.10068361493878472,0.0,0.15098305172788193,112,30,0.0,0,0,10,0.14038127697814337,0.1,0.29591100745214854,0.3283333333333333,0.20863567129397462,0.14833333333333334,0.3550720442757333,0.42333333333333334,0.09128967554484536,0.09128967554484536,1.0,0.0993939393939394,0.3101515151515152,0.15833333333333333,0.43212121212121213,0.08035337923358365,0.08035337923358365,1.0,0.08900746641406683,0.2669314387826415,0.24028104270295658,0.403780052100335,0.06287858783504019,0.06287858783504019,1.0,0.09420070290400312,0.2885414769670783,0.19930718801814495,0.41795063211077355,0.0,0.0,1.0,0.14038127697814337,0.29591100745214854,0.20863567129397462,0.3550720442757333
12,0.09901694827211807,0.0,0.15098305172788193,107,30,0.0,0,0,10,0.14038127697814337,0.1,0.29591100745214854,0.3233333333333333,0.20863567129397462,0.15,0.3550720442757333,0.4266666666666667,0.09128967554484536,0.09128967554484536,1.0,0.0993939393939394,0.3101515151515152,0.15833333333333333,0.43212121212121213,0.08035337923358365,0.08035337923358365,1.0,0.08900746641406683,0.2669314387826415,0.24028104270295658,0.403780052100335,0.06287858783504019,0.06287858783504019,1.0,0.09420070290400312,0.2885414769670783,0.19930718801814495,0.41795063211077355,0.0,0.0,1.0,0.14038127697814337,0.29591100745214854,0.20863567129397462,0.3550720442757333
13,0.09901694827211807,0.0,0.15098305172788193,103,30,0.0,0,0,10,0.14038127697814337,0.1,0.29591100745214854,0.325,0.20863567129397462,0.15,0.3550720442757333,0.425,0.09128967554484536,0.09128967554484536,1.0,0.0993939393939394,0.3101515151515152,0.15833333333333333,0.43212121212121213,0.08035337923358365,0.08035337923358365,1.0,0.08900746641406683,0.2669314387826415,0.24028104270295658,0.403780052100335,0.06287858783504019,0.06287858783504019,1.0,0.09420070290400312,0.2885414769670783,0.19930718801814495,0.41795063211077355,0.0,0.0,1.0,0.14038127697814337,0.29591100745214854,0.20863567129397462,0.3550720442757333
14,0.09735028160545141,0.0,0.15098305172788193,89,30,0.0,0,0,10,0.14038127697814337,0.1,0.29591100745214854,0.32166666666666666,0.20863567129397462,0.15166666666666667,0.3550720442757333,0.4266666666666667,0.09128967554484536,0.09128967554484536,1.0,0.0993939393939394,0.3101515151515152,0.15833333333333333,0.43212121212121213,0.08035337923358365,0.08035337923358365,1.0,0.08900746641406683,0.2669314387826415,0.24028104270295658,0.403780052100335,0.06287858783504019,0.06287858783504019,1.0,0.09420070290400312,0.2885414769670783,0.19930718801814495,0.41795063211077355,0.0,0.0,1.0,0.14038127697814337,0.29591100745214854,0.20863567129397462,0.3550720442757333
15,0.09735028160545141,0.0,0.15098305172788193,114,30,0.0,0,0,10,0.14038127697814337,0.1,0.29591100745214854,0.32166666666666666,0.20863567129397462,0.15166666666666667,0.3550720442757333,0.4266666666666667,0.09128967554484536,0.09128967554484536,1.0,0.0993939393939394,0.3101515151515152,0.15833333333333333,0.43212121212121213,0.08035337923358365,0.08035337923358365,1.0,0.08900746641406683,0.2669314387826415,0.24028104270295658,0.403780052100335,0.06287858783504019,0.06287858783504019,1.0,0.09420070290400312,0.2885414769670783,0.19930718801814495,0.41795063211077355,0.0,0.0,1.0,0.14038127697814337,0.29591100745214854,0.20863567129397462,0.3550720442757333
16,0.09735028160545141,0.0,0.15098305172788193,95,30,0.0,0,0,10,0.14038127697814337,0.1,0.29591100745214854,0.32166666666666666,0.20863567129397462,0.15166666666666667,0.3550720442757333,0.4266666666666667,0.09128967554484536,0.09128967554484536,1.0,0.0993939393939394,0.3101515151515152,0.15833333333333333,0.43212121212121213,0.08035337923358365,0.08035337923358365,1.0,0.08900746641406683,0.2669314387826415,0.24028104270295658,0.403780052100335,0.06287858783504019,0.06287858783504019,1.0,0.09420070290400312,0.2885414769670783,0.19930718801814495,0.41795063211077355,0.0,0.0,1.0,0.14038127697814337,0.29591100745214854,0.20863567129397462,0.3550720442757333
17,0.09735028160545142,0.0,0.15098305172788193,95,30,0.0,0,0,10,0.14038127697814337,0.10166666666666667,0.29591100745214854,0.32166666666666666,0.20863567129397462,0.15,0.3550720442757333,0.4266666666666667,0.09128967554484536,0.09128967554484536,1.0,0.0993939393939394,0.3101515151515152,0.15833333333333333,0.43212121212121213,0.08035337923358365,0.08035337923358365,1.0,0.08900746641406683,0.2669314387826415,0.24028104270295658,0.403780052100335,0.06287858783504019,0.06287858783504019,1.0,0.09420070290400312,0.2885414769670783,0.19930718801814495,0.41795063211077355,0.0,0.0,1.0,0.14038127697814337,0.29591100745214854,0.20863567129397462,0.3550720442757333
18,0.09735028160545141,0.0,0.15098305172788193,87,30,0.0,0,0,10,0.14038127697814337,0.1,0.29591100745214854,0.32166666666666666,0.20863567129397462,0.15166666666666667,0.3550720442757333,0.4266666666666667,0.09128967554484536,0.09128967554484536,1.0,0.0993939393939394,0.3101515151515152,0.15833333333333333,0.43212121212121213,0.08035337923358365,0.08035337923358365,1.0,0.08900746641406683,0.2669314387826415,0.24028104270295658,0.403780052100335,0.06287858783504019,0.06287858783504019,1.0,0.09420070290400312,0.2885414769670783,0.19930718801814495,0.41795063211077355,0.0,0.0,1.0,0.14038127697814337,0.29591100745214854,0.20863567129397462,0.3550720442757333
19,0.09901694827211807,0.0,0.15098305172788193,100,30,0.0,0,0,10,0.14038127697814337,0.09833333333333333,0.29591100745214854,0.3233333333333333,0.20863567129397462,0.15166666666666667,0.3550720442757333,0.4266666666666667,0.09128967554484536,0.09128967554484536,1.0,0.0993939393939394,0.3101515151515152,0.15833333333333333,0.43212121212121213,0.08035337923358365,0.08035337923358365,1.0,0.08900746641406683,0.2669314387826415,0.24028104270295658,0.403780052100335,0.06287858783504019,0.06287858783504019,1.0,0.09420070290400312,0.2885414769670783,0.19930718801814495,0.41795063211077355,0.0,0.0,1.0,0.14038127697814337,0.29591100745214854,0.20863567129397462,0.3550720442757333
20,0.09735028160545142,0.0,0.15098305172788193,120,30,0.0,0,1,20,0.14038127697814337,0.10166666666666667,0.29591100745214854,0.32166666666666666,0.20863567129397462,0.15,0.3550720442757333,0.4266666666666667,0.09735028160545142,0.09735028160545142,1.0,0.09941666666666667,0.3189166666666667,0.15225,0.42941666666666667,0.07874068541765633,0.07874068541765633,1.0,0.1135822260324414,0.3240515102362981,0.15669403682202032,0.40567222690924015,0.08804548351155386,0.08804548351155386,1.0,0.10649944634955404,0.32148408845148235,0.15447201841101016,0.41754444678795344,0.0,0.0,1.0,0.14038127697814337,0.29591100745214854,0.20863567129397462,0.3550720442757333
21,0.09735028160545142,0.0,0.15098305172788193,114,30,0.0,0,0,20,0.14038127697814337,0.10166666666666667,0.29591100745214854,0.32166666666666666,0.20863567129397462,0.15,0.3550720442757333,0.4266666666666667,0.09735028160545142,0.09735028160545142,1.0,0.09941666666666667,0.3189166666666667,0.15225,0.42941666666666667,0.07874068541765633,0.07874068541765633,1.0,0.1135822260324414,0.3240515102362981,0.15669403682202032,0.40567222690924015,0.08804548351155386,0.08804548351155386,1.0,0.10649944634955404,0.32148408845148235,0.15447201841101016,0.41754444678795344,0.0,0.0,1.0,0.14038127697814337,0.29591100745214854,0.20863567129397462,0.3550720442757333
22,0.09901694827211807,0.0,0.15098305172788193,101,30,0.0,0,0,20,0.14038127697814337,0.10166666666666667,0.29591100745214854,0.3233333333333333,0.20863567129397462,0.14833333333333334,0.3550720442757333,0.4266666666666667,0.09735028160545142,0.09735028160545142,1.0,0.09941666666666667,0.3189166666666667,0.15225,0.42941666666666667,0.07874068541765633,0.07874068541765633,1.0,0.1135822260324414,0.3240515102362981,0.15669403682202032,0.40567222690924015,0.08804548351155386,0.08804548351155386,1.0,0.10649944634955404,0.32148408845148235,0.15447201841101016,0.41754444678795344,0.0,0.0,1.0,0.14038127697814337,0.29591100745214854,0.20863567129397462,0.3550720442757333
23,0.09735028160545142,0.0,0.15098305172788193,120,30,0.0,0,0,20,0.14038127697814337,0.10166666666666667,0.29591100745214854,0.32166666666666666,0.20863567129397462,0.15,0.3550720442757333,0.4266666666666667,0.09735028160545142,0.09735028160545142,1.0,0.09941666666666667,0.3189166666666667,0.15225,0.42941666666666667,0.07874068541765633,0.07874068541765633,1.0,0.1135822260324414,0.3240515102362981,0.15669403682202032,0.40567222690924015,0.08804548351155386,0.08804548351155386,1.0,0.10649944634955404,0.32148408845148235,0.15447201841101016,0.41754444678795344,0.0,0.0,1.0,0.14038127697814337,0.29591100745214854,0.20863567129397462,0.3550720442757333
24,0.09901694827211807,0.0,0.15098305172788193,109,30,0.0,0,0,20,0.14038127697814337,0.1,0.29591100745214854,0.3233333333333333,0.20863567129397462,0.15,0.3550720442757333,0.4266666666666667,0.09735028160545142,0.09735028160545142,1.0,0.09941666666666667,0.3189166666666667,0.15225,0.42941666666666667,0.07874068541765633,0.07874068541765633,1.0,0.1135822260324414,0.3240515102362981,0.15669403682202032,0.40567222690924015,0.08804548351155386,0.08804548351155386,1.0,0.10649944634955404,0.32148408845148235,0.15447201841101016,0.41754444678795344,0.0,0.0,1.0,0.14038127697814337,0.29591100745214854,0.20863567129397462,0.3550720442757333
25,0.09901694827211807,0.0,0.15098305172788193,97,30,0.0,0,0,20,0.14038127697814337,0.10166666666666667,0.29591100745214854,0.3233333333333333,0.20863567129397462,0.14833333333333334,0.3550720442757333,0.4266666666666667,0.09735028160545142,0.09735028160545142,1.0,0.09941666666666667,0.3189166666666667,0.15225,0.42941666666666667,0.07874068541765633,0.07874068541765633,1.0,0.1135822260324414,0.3240515102362981,0.15669403682202032,0.40567222690924015,0.08804548351155386,0.08804548351155386,1.0,0.10649944634955404,0.32148408845148235,0.15447201841101016,0.41754444678795344,0.0,0.0,1.0,0.14038127697814337,0.29591100745214854,0.20863567129397462,0.3550720442757333
26,0.0973502816054514,0.0,0.15098305172788193,115,30,0.0,0,0,20,0.14038127697814337,0.10166666666666667,0.29591100745214854,0.3233333333333333,0.20863567129397462,0.15,0.3550720442757333,0.425,0.09735028160545142,0.09735028160545142,1.0,0.09941666666666667,0.3189166666666667,0.15225,0.42941666666666667,0.07874068541765633,0.07874068541765633,1.0,0.1135822260324414,0.3240515102362981,0.15669403682202032,0.40567222690924015,0.08804548351155386,0.08804548351155386,1.0,0.10649944634955404,0.32148408845148235,0.15447201841101016,0.41754444678795344,0.0,0.0,1.0,0.14038127697814337,0.29591100745214854,0.20863567129397462,0.3550720442757333
27,0.09568361493878472,0.0,0.15098305172788193,102,30,0.0,0,0,20,0.14038127697814337,0.10166666666666667,0.29591100745214854,0.3233333333333333,0.20863567129397462,0.15166666666666667,0.3550720442757333,0.42333333333333334,0.09735028160545142,0.09735028160545142,1.0,0.09941666666666667,0.3189166666666667,0.15225,0.42941666666666667,0.07874068541765633,0.07874068541765633,1.0,0.1135822260324414,0.3240515102362981,0.15669403682202032,0.40567222690924015,0.08804548351155386,0.08804548351155386,1.0,0.10649944634955404,0.32148408845148235,0.15447201841101016,0.41754444678795344,0.0,0.0,1.0,0.14038127697814337,0.29591100745214854,0.20863567129397462,0.3550720442757333
28,0.09735028160545142,0.0,0.15098305172788193,103,30,0.0,0,0,20,0.14038127697814337,0.10166666666666667,0.29591100745214854,0.32166666666666666,0.20863567129397462,0.15,0.3550720442757333,0.4266666666666667,0.09735028160545142,0.09735028160545142,1.0,0.09941666666666667,0.3189166666666667,0.15225,0.42941666666666667,0.07874068541765633,0.07874068541765633,1.0,0.1135822260324414,0.3240515102362981,0.15669403682202032,0.40567222690924015,0.08804548351155386,0.08804548351155386,1.0,0.10649944634955404,0.32148408845148235,0.15447201841101016,0.41754444678795344,0.0,0.0,1.0,0.14038127697814337,0.29591100745214854,0.20863567129397462,0.3550720442757333
29,0.09735028160545142,0.0,0.15098305172788193,89,30,0.0,0,0,20,0.14038127697814337,0.10166666666666667,0.29591100745214854,0.32166666666666666,0.20863567129397462,0.15,0.3550720442757333,0.4266666666666667,0.09735028160545142,0.09735028160545142,1.0,0.09941666666666667,0.3189166666666667,0.15225,0.42941666666666667,0.07874068541765633,0.07874068541765633,1.0,0.1135822260324414,0.3240515102362981,0.15669403682202032,0.40567222690924015,0.08804548351155386,0.08804548351155386,1.0,0.10649944634955404,0.32148408845148235,0.15447201841101016,0.41754444678795344,0.0,0.0,1.0,0.14038127697814337,0.29591100745214854,0.20863567129397462,0.3550720442757333
30,0.09901694827211807,0.0,0.15098305172788193,97,30,0.0,0,1,30,0.14038127697814337,0.10166666666666667,0.29591100745214854,0.3233333333333333,0.20863567129397462,0.14833333333333334,0.3550720442757333,0.4266666666666667,0.0980169482721181,0.0980169482721181,1.0,0.10083333333333333,0.32283333333333336,0.15016666666666667,0.4261666666666667,0.14440951640261968,0.14440951640261968,0.0,0.1373317243806836,0.35553598884491816,0.29342020630382476,0.21371208047057344,0.056431418828248224,0.056431418828248224,0.0,0.11908252885700847,0.33918466108912576,0.22179343648524572,0.31993937356862007,0.0,0.0,1.0,0.14038127697814337,0.29591100745214854,0.20863567129397462,0.3550720442757333
31,0.09735028160545142,0.0,0.15098305172788193,99,30,0.0,0,0,30,0.14038127697814337,0.10166666666666667,0.29591100745214854,0.32166666666666666,0.20863567129397462,0.15,0.3550720442757333,0.4266666666666667,0.0980169482721181,0.0980169482721181,1.0,0.10083333333333333,0.32283333333333336,0.15016666666666667,0.4261666666666667,0.14440951640261968,0.14440951640261968,0.0,0.1373317243806836,0.35553598884491816,0.29342020630382476,0.21371208047057344,0.056431418828248224,0.056431418828248224,0.0,0.11908252885700847,0.33918466108912576,0.22179343648524572,0.31993937356862007,0.0,0.0,1.0,0.14038127697814337,0.29591100745214854,0.20863567129397462,0.3550720442757333
32,0.09735028160545142,0.0,0.15098305172788193,96,30,0.0,0,0,30,0.14038127697814337,0.10166666666666667,0.29591100745214854,0.32166666666666666,0.20863567129397462,0.15,0.3550720442757333,0.4266666666666667,0.0980169482721181,0.0980169482721181,1.0,0.10083333333333333,0.32283333333333336,0.15016666666666667,0.4261666666666667,0.14440951640261968,0.14440951640261968,0.0,0.1373317243806836,0.35553598884491816,0.29342020630382476,0.21371208047057344,0.056431418828248224,0.056431418828248224,0.0,0.11908252885700847,0.33918466108912576,0.22179343648524572,0.31993937356862007,0.0,0.0,1.0,0.14038127697814337,0.29591100745214854,0.20863567129397462,0.3550720442757333
33,0.09735028160545142,0.0,0.15098305172788193,105,30,0.0,0,0,30,0.14038127697814337,0.10166666666666667,0.29591100745214854,0.32166666666666666,0.20863567129397462,0.15,0.3550720442757333,0.4266666666666667,0.0980169482721181,0.0980169482721181,1.0,0.10083333333333333,0.32283333333333336,0.15016666666666667,0.4261666666666667,0.14440951640261968,0.14440951640261968,0.0,0.1373317243806836,0.35553598884491816,0.29342020630382476,0.21371208047057344,0.056431418828248224,0.056431418828248224,0.0,0.11908252885700847,0.33918466108912576,0.22179343648524572,0.31993937356862007,0.0,0.0,1.0,0.14038127697814337,0.29591100745214854,0.20863567129397462,0.3550720442757333
34,0.09735028160545142,0.0,0.15098305172788193,105,30,0.0,0,0,30,0.14038127697814337,0.10166666666666667,0.29591100745214854,0.32166666666666666,0.20863567129397462,0.15,0.3550720442757333,0.4266666666666667,0.0980169482721181,0.0980169482721181,1.0,0.10083333333333333,0.32283333333333336,0.15016666666666667,0.4261666666666667,0.14440951640261968,0.14440951640261968,0.0,0.1373317243806836,0.35553598884491816,0.29342020630382476,0.21371208047057344,0.056431418828248224,0.056431418828248224,0.0,0.11908252885700847,0.33918466108912576,0.22179343648524572,0.31993937356862007,0.0,0.0,1.0,0.14038127697814337,0.29591100745214854,0.20863567129397462,0.3550720442757333
35,0.09735028160545142,0.0,0.15098305172788193,107,30,0.0,0,0,30,0.14038127697814337,0.10166666666666667,0.29591100745214854,0.32166666666666666,0.20863567129397462,0.15,0.3550720442757333,0.4266666666666667,0.0980169482721181,0.0980169482721181,1.0,0.10083333333333333,0.32283333333333336,0.15016666666666667,0.4261666666666667,0.14440951640261968,0.14440951640261968,0.0,0.1373317243806836,0.35553598884491816,0.29342020630382476,0.21371208047057344,0.056431418828248224,0.056431418828248224,0.0,0.11908252885700847,0.33918466108912576,0.22179343648524572,0.31993937356862007,0.0,0.0,1.0,0.14038127697814337,0.29591100745214854,0.20863567129397462,0.3550720442757333
36,0.09568361493878472,0.0,0.15098305172788193,103,30,0.0,0,0,30,0.14038127697814337,0.10166666666666667,0.29591100745214854,0.32166666666666666,0.20863567129397462,0.15166666666666667,0.3550720442757333,0.425,0.0980169482721181,0.0980169482721181,1.0,0.10083333333333333,0.32283333333333336,0.15016666666666667,0.4261666666666667,0.14440951640261968,0.14440951640261968,0.0,0.1373317243806836,0.35553598884491816,0.29342020630382476,0.21371208047057344,0.056431418828248224,0.056431418828248224,0.0,0.11908252885700847,0.33918466108912576,0.22179343648524572,0.31993937356862007,0.0,0.0,1.0,0.14038127697814337,0.29591100745214854,0.20863567129397462,0.3550720442757333
37,0.09568361493878472,0.0,0.15098305172788193,106,30,0.0,0,0,30,0.14038127697814337,0.10166666666666667,0.29591100745214854,0.32166666666666666,0.20863567129397462,0.15166666666666667,0.3550720442757333,0.425,0.0980169482721181,0.0980169482721181,1.0,0.10083333333333333,0.32283333333333336,0.15016666666666667,0.4261666666666667,0.14440951640261968,0.14440951640261968,0.0,0.1373317243806836,0.35553598884491816,0.29342020630382476,0.21371208047057344,0.056431418828248224,0.056431418828248224,0.0,0.11908252885700847,0.33918466108912576,0.22179343648524572,0.31993937356862007,0.0,0.0,1.0,0.14038127697814337,0.29591100745214854,0.20863567129397462,0.3550720442757333
38,0.09568361493878472,0.0,0.15098305172788193,110,30,0.0,0,0,30,0.14038127697814337,0.10166666666666667,0.29591100745214854,0.32166666666666666,0.20863567129397462,0.15166666666666667,0.3550720442757333,0.425,0.0980169482721181,0.0980169482721181,1.0,0.10083333333333333,0.32283333333333336,0.15016666666666667,0.4261666666666667,0.14440951640261968,0.14440951640261968,0.0,0.1373317243806836,0.35553598884491816,0.29342020630382476,0.21371208047057344,0.056431418828248224,0.056431418828248224,0.0,0.11908252885700847,0.33918466108912576,0.22179343648524572,0.31993937356862007,0.0,0.0,1.0,0.14038127697814337,0.29591100745214854,0.20863567129397462,0.3550720442757333
39,0.09568361493878472,0.0,0.15098305172788193,102,30,0.0,0,0,30,0.14038127697814337,0.10166666666666667,0.29591100745214854,0.32166666666666666,0.20863567129397462,0.15166666666666667,0.3550720442757333,0.425,0.0980169482721181,0.0980169482721181,1.0,0.10083333333333333,0.32283333333333336,0.15016666666666667,0.4261666666666667,0.14440951640261968,0.14440951640261968,0.0,0.1373317243806836,0.35553598884491816,0.29342020630382476,0.21371208047057344,0.056431418828248224,0.056431418828248224,0.0,0.11908252885700847,0.33918466108912576,0.22179343648524572,0.31993937356862007,0.0,0.0,1.0,0.14038127697814337,0.29591100745214854,0.20863567129397462,0.3550720442757333
40,0.09735028160545142,0.0,0.15098305172788193,113,30,0.0,0,1,40,0.14038127697814337,0.10166666666666667,0.29591100745214854,0.32166666666666666,0.20863567129397462,0.15,0.3550720442757333,0.4266666666666667,0.09726694827211806,0.09726694827211806,1.0,0.10158333333333333,0.32216666666666666,0.15016666666666667,0.4260833333333333,0.06760662819646668,0.06760662819646668,0.0,0.12414061786858867,0.32618400089824345,0.24596930604434644,0.30370607518882137,0.038086986315650495,0.038086986315650495,1.0,0.112861975600961,0.32417533378245506,0.19806798635550654,0.36489470426107734,0.0,0.0,1.0,0.14038127697814337,0.29591100745214854,0.20863567129397462,0.3550720442757333
41,0.09735028160545142,0.0,0.15098305172788193,106,30,0.0,0,0,40,0.14038127697814337,0.10166666666666667,0.29591100745214854,0.32166666666666666,0.20863567129397462,0.15,0.3550720442757333,0.4266666666666667,0.09726694827211806,0.09726694827211806,1.0,0.10158333333333333,0.32216666666666666,0.15016666666666667,0.4260833333333333,0.06760662819646668,0.06760662819646668,0.0,0.12414061786858867,0.32618400089824345,0.24596930604434644,0.30370607518882137,0.038086986315650495,0.038086986315650495,1.0,0.112861975600961,0.32417533378245506,0.19806798635550654,0.36489470426107734,0.0,0.0,1.0,0.14038127697814337,0.29591100745214854,0.20863567129397462,0.3550720442757333
42,0.09735028160545142,0.0,0.15098305172788193,97,30,0.0,0,0,40,0.14038127697814337,0.10166666666666667,0.29591100745214854,0.32166666666666666,0.20863567129397462,0.15,0.3550720442757333,0.4266666666666667,0.09726694827211806,0.09726694827211806,1.0,0.10158333333333333,0.32216666666666666,0.15016666666666667,0.4260833333333333,0.06760662819646668,0.06760662819646668,0.0,0.12414061786858867,0.32618400089824345,0.24596930604434644,0.30370607518882137,0.038086986315650495,0.038086986315650495,1.0,0.112861975600961,0.32417533378245506,0.19806798635550654,0.36489470426107734,0.0,0.0,1.0,0.14038127697814337,0.29591100745214854,0.20863567129397462,0.3550720442757333
43,0.09735028160545142,0.0,0.15098305172788193,114,30,0.0,0,0,40,0.14038127697814337,0.10166666666666667,0.29591100745214854,0.32166666666666666,0.20863567129397462,0.15,0.3550720442757333,0.4266666666666667,0.09726694827211806,0.09726694827211806,1.0,0.10158333333333333,0.32216666666666666,0.15016666666666667,0.4260833333333333,0.06760662819646668,0.06760662819646668,0.0,0.12414061786858867,0.32618400089824345,0.24596930604434644,0.30370607518882137,0.038086986315650495,0.038086986315650495,1.0,0.112861975600961,0.32417533378245506,0.19806798635550654,0.36489470426107734,0.0,0.0,1.0,0.14038127697814337,0.29591100745214854,0.20863567129397462,0.3550720442757333
44,0.09568361493878476,0.0,0.15098305172788193,115,30,0.0,0,0,40,0.14038127697814337,0.10333333333333333,0.29591100745214854,0.32,0.20863567129397462,0.15,0.3550720442757333,0.4266666666666667,0.09726694827211806,0.09726694827211806,1.0,0.10158333333333333,0.32216666666666666,0.15016666666666667,0.4260833333333333,0.06760662819646668,0.06760662819646668,0.0,0.12414061786858867,0.32618400089824345,0.24596930604434644,0.30370607518882137,0.038086986315650495,0.038086986315650495,1.0,0.112861975600961,0.32417533378245506,0.19806798635550654,0.36489470426107734,0.0,0.0,1.0,0.14038127697814337,0.29591100745214854,0.20863567129397462,0.3550720442757333
45,0.09568361493878476,0.0,0.15098305172788193,107,30,0.0,0,0,40,0.14038127697814337,0.10333333333333333,0.29591100745214854,0.32,0.20863567129397462,0.15,0.3550720442757333,0.4266666666666667,0.09726694827211806,0.09726694827211806,1.0,0.10158333333333333,0.32216666666666666,0.15016666666666667,0.4260833333333333,0.06760662819646668,0.06760662819646668,0.0,0.12414061786858867,0.32618400089824345,0.24596930604434644,0.30370607518882137,0.038086986315650495,0.038086986315650495,1.0,0.112861975600961,0.32417533378245506,0.19806798635550654,0.36489470426107734,0.0,0.0,1.0,0.14038127697814337,0.29591100745214854,0.20863567129397462,0.3550720442757333
46,0.09735028160545142,0.0,0.15098305172788193,103,30,0.0,0,0,40,0.14038127697814337,0.10166666666666667,0.29591100745214854,0.32166666666666666,0.20863567129397462,0.15,0.3550720442757333,0.4266666666666667,0.09726694827211806,0.09726694827211806,1.0,0.10158333333333333,0.32216666666666666,0.15016666666666667,0.4260833333333333,0.06760662819646668,0.06760662819646668,0.0,0.12414061786858867,0.32618400089824345,0.24596930604434644,0.30370607518882137,0.038086986315650495,0.038086986315650495,1.0,0.112861975600961,0.32417533378245506,0.19806798635550654,0.36489470426107734,0.0,0.0,1.0,0.14038127697814337,0.29591100745214854,0.20863567129397462,0.3550720442757333
47,0.09735028160545142,0.0,0.15098305172788193,108,30,0.0,0,0,40,0.14038127697814337,0.10166666666666667,0.29591100745214854,0.32166666666666666,0.20863567129397462,0.15,0.3550720442757333,0.4266666666666667,0.09726694827211806,0.09726694827211806,1.0,0.10158333333333333,0.32216666666666666,0.15016666666666667,0.4260833333333333,0.06760662819646668,0.06760662819646668,0.0,0.12414061786858867,0.32618400089824345,0.24596930604434644,0.30370607518882137,0.038086986315650495,0.038086986315650495,1.0,0.112861975600961,0.32417533378245506,0.19806798635550654,0.36489470426107734,0.0,0.0,1.0,0.14038127697814337,0.29591100745214854,0.20863567129397462,0.3550720442757333
48,0.09735028160545142,0.0,0.15098305172788193,98,30,0.0,0,0,40,0.14038127697814337,0.10166666666666667,0.29591100745214854,0.32166666666666666,0.20863567129397462,0.15,0.3550720442757333,0.4266666666666667,0.09726694827211806,0.09726694827211806,1.0,0.10158333333333333,0.32216666666666666,0.15016666666666667,0.4260833333333333,0.06760662819646668,0.06760662819646668,0.0,0.12414061786858867,0.32618400089824345,0.24596930604434644,0.30370607518882137,0.038086986315650495,0.038086986315650495,1.0,0.112861975600961,0.32417533378245506,0.19806798635550654,0.36489470426107734,0.0,0.0,1.0,0.14038127697814337,0.29591100745214854,0.20863567129397462,0.3550720442757333
49,0.09735028160545142,0.0,0.15098305172788193,112,30,0.0,0,0,40,0.14038127697814337,0.10166666666666667,0.29591100745214854,0.32166666666666666,0.20863567129397462,0.15,0.3550720442757333,0.4266666666666667,0.09726694827211806,0.09726694827211806,1.0,0.10158333333333333,0.32216666666666666,0.15016666666666667,0.4260833333333333,0.06760662819646668,0.06760662819646668,0.0,0.12414061786858867,0.32618400089824345,0.24596930604434644,0.30370607518882137,0.038086986315650495,0.038086986315650495,1.0,0.112861975600961,0.32417533378245506,0.19806798635550654,0.36489470426107734,0.0,0.0,1.0,0.14038127697814337,0.29591100745214854,0.20863567129397462,0.3550720442757333
50,0.09735028160545142,0.0,0.15098305172788193,103,30,0.0,0,1,50,0.14038127697814337,0.10166666666666667,0.29591100745214854,0.32166666666666666,0.20863567129397462,0.15,0.3550720442757333,0.4266666666666667,0.09685028160545141,0.09685028160545141,1.0,0.10183333333333333,0.3215,0.15033333333333335,0.42633333333333334,0.08554315708629377,0.08554315708629377,1.0,0.12835927459552718,0.2624020200353072,0.2941788283802685,0.31505987698889715,0.029244970448208153,0.029244970448208153,1.0,0.11509630396443025,0.2919510100176536,0.22225608085680093,0.37069660516111524,0.0,0.0,1.0,0.14038127697814337,0.29591100745214854,0.20863567129397462,0.3550720442757333
51,0.09735028160545142,0.0,0.15098305172788193,107,30,0.0,0,0,50,0.14038127697814337,0.10166666666666667,0.29591100745214854,0.32166666666666666,0.20863567129397462,0.15,0.3550720442757333,0.4266666666666667,0.09685028160545141,0.09685028160545141,1.0,0.10183333333333333,0.3215,0.15033333333333335,0.42633333333333334,0.08554315708629377,0.08554315708629377,1.0,0.12835927459552718,0.2624020200353072,0.2941788283802685,0.31505987698889715,0.029244970448208153,0.029244970448208153,1.0,0.11509630396443025,0.2919510100176536,0.22225608085680093,0.37069660516111524,0.0,0.0,1.0,0.14038127697814337,0.29591100745214854,0.20863567129397462,0.3550720442757333
52,0.09735028160545142,0.0,0.15098305172788193,107,30,0.0,0,0,50,0.14038127697814337,0.10166666666666667,0.29591100745214854,0.32166666666666666,0.20863567129397462,0.15,0.3550720442757333,0.4266666666666667,0.09685028160545141,0.09685028160545141,1.0,0.10183333333333333,0.3215,0.15033333333333335,0.42633333333333334,0.08554315708629377,0.08554315708629377,1.0,0.12835927459552718,0.2624020200353072,0.2941788283802685,0.31505987698889715,0.029244970448208153,0.029244970448208153,1.0,0.11509630396443025,0.2919510100176536,0.22225608085680093,0.37069660516111524,0.0,0.0,1.0,0.14038127697814337,0.29591100745214854,0.20863567129397462,0.3550720442757333
53,0.09735028160545142,0.0,0.15098305172788193,105,30,0.0,0,0,50,0.14038127697814337,0.10166666666666667,0.29591100745214854,0.32166666666666666,0.20863567129397462,0.15,0.3550720442757333,0.4266666666666667,0.09685028160545141,0.09685028160545141,1.0,0.10183333333333333,0.3215,0.15033333333333335,0.42633333333333334,0.08554315708629377,0.08554315708629377,1.0,0.12835927459552718,0.2624020200353072,0.2941788283802685,0.31505987698889715,0.029244970448208153,0.029244970448208153,1.0,0.11509630396443025,0.2919510100176536,0.22225608085680093,0.37069660516111524,0.0,0.0,1.0,0.14038127697814337,0.29591100745214854,0.20863567129397462,0.3550720442757333
54,0.09735028160545142,0.0,0.15098305172788193,106,30,0.0,0,0,50,0.14038127697814337,0.10166666666666667,0.29591100745214854,0.32166666666666666,0.20863567129397462,0.15,0.3550720442757333,0.4266666666666667,0.09685028160545141,0.09685028160545141,1.0,0.10183333333333333,0.3215,0.15033333333333335,0.42633333333333334,0.08554315708629377,0.08554315708629377,1.0,0.12835927459552718,0.2624020200353072,0.2941788283802685,0.31505987698889715,0.029244970448208153,0.029244970448208153,1.0,0.11509630396443025,0.2919510100176536,0.22225608085680093,0.37069660516111524,0.0,0.0,1.0,0.14038127697814337,0.29591100745214854,0.20863567129397462,0.3550720442757333
55,0.09735028160545142,0.0,0.15098305172788193,99,30,0.0,0,0,50,0.14038127697814337,0.10166666666666667,0.29591100745214854,0.32166666666666666,0.20863567129397462,0.15,0.3550720442757333,0.4266666666666667,0.09685028160545141,0.09685028160545141,1.0,0.10183333333333333,0.3215,0.15033333333333335,0.42633333333333334,0.08554315708629377,0.08554315708629377,1.0,0.12835927459552718,0.2624020200353072,0.2941788283802685,0.31505987698889715,0.029244970448208153,0.029244970448208153,1.0,0.11509630396443025,0.2919510100176536,0.22225608085680093,0.37069660516111524,0.0,0.0,1.0,0.14038127697814337,0.29591100745214854,0.20863567129397462,0.3550720442757333
56,0.0973502816054514,0.0,0.15098305172788193,102,30,0.0,0,0,50,0.14038127697814337,0.10166666666666667,0.29591100745214854,0.3233333333333333,0.20863567129397462,0.15,0.3550720442757333,0.425,0.09685028160545141,0.09685028160545141,1.0,0.10183333333333333,0.3215,0.15033333333333335,0.42633333333333334,0.08554315708629377,0.08554315708629377,1.0,0.12835927459552718,0.2624020200353072,0.2941788283802685,0.31505987698889715,0.029244970448208153,0.029244970448208153,1.0,0.11509630396443025,0.2919510100176536,0.22225608085680093,0.37069660516111524,0.0,0.0,1.0,0.14038127697814337,0.29591100745214854,0.20863567129397462,0.3550720442757333
57,0.0973502816054514,0.0,0.15098305172788193,107,30,0.0,0,0,50,0.14038127697814337,0.10166666666666667,0.29591100745214854,0.3233333333333333,0.20863567129397462,0.15,0.3550720442757333,0.425,0.09685028160545141,0.09685028160545141,1.0,0.10183333333333333,0.3215,0.15033333333333335,0.42633333333333334,0.08554315708629377,0.08554315708629377,1.0,0.12835927459552718,0.2624020200353072,0.2941788283802685,0.31505987698889715,0.029244970448208153,0.029244970448208153,1.0,0.11509630396443025,0.2919510100176536,0.22225608085680093,0.37069660516111524,0.0,0.0,1.0,0.14038127697814337,0.29591100745214854,0.20863567129397462,0.3550720442757333
58,0.0973502816054514,0.0,0.15098305172788193,121,30,0.0,0,0,50,0.14038127697814337,0.10166666666666667,0.29591100745214854,0.3233333333333333,0.20863567129397462,0.15,0.3550720442757333,0.425,0.09685028160545141,0.09685028160545141,1.0,0.10183333333333333,0.3215,0.15033333333333335,0.42633333333333334,0.08554315708629377,0.08554315708629377,1.0,0.12835927459552718,0.2624020200353072,0.2941788283802685,0.31505987698889715,0.029244970448208153,0.029244970448208153,1.0,0.11509630396443025,0.2919510100176536,0.22225608085680093,0.37069660516111524,0.0,0.0,1.0,0.14038127697814337,0.29591100745214854,0.20863567129397462,0.3550720442757333
59,0.0973502816054514,0.0,0.15098305172788193,110,30,0.0,0,0,50,0.14038127697814337,0.10166666666666667,0.29591100745214854,0.3233333333333333,0.20863567129397462,0.15,0.3550720442757333,0.425,0.09685028160545141,0.09685028160545141,1.0,0.10183333333333333,0.3215,0.15033333333333335,0.42633333333333334,0.08554315708629377,0.08554315708629377,1.0,0.12835927459552718,0.2624020200353072,0.2941788283802685,0.31505987698889715,0.029244970448208153,0.029244970448208153,1.0,0.11509630396443025,0.2919510100176536,0.22225608085680093,0.37069660516111524,0.0,0.0,1.0,0.14038127697814337,0.29591100745214854,0.20863567129397462,0.3550720442757333
60,0.0973502816054514,0.0,0.15098305172788193,117,30,0.0,0,1,60,0.14038127697814337,0.10166666666666667,0.29591100745214854,0.3233333333333333,0.20863567129397462,0.15,0.3550720442757333,0.425,0.09718361493878476,0.09718361493878476,1.0,0.10183333333333333,0.3219166666666667,0.15,0.42625,0.026119400789403835,0.026119400789403835,1.0,0.142521243845483,0.31310606820572895,0.21542004446245847,0.3289526434863295,0.04412963745148064,0.04412963745148064,1.0,0.12217728858940817,0.3175113674361978,0.18271002223122923,0.37760132174316474,0.0,0.0,1.0,0.14038127697814337,0.29591100745214854,0.20863567129397462,0.3550720442757333
61,0.09735028160545142,0.0,0.15098305172788193,116,30,0.0,0,0,60,0.14038127697814337,0.10166666666666667,0.29591100745214854,0.32166666666666666,0.20863567129397462,0.15,0.3550720442757333,0.4266666666666667,0.09718361493878476,0.09718361493878476,1.0,0.10183333333333333,0.3219166666666667,0.15,0.42625,0.026119400789403835,0.026119400789403835,1.0,0.142521243845483,0.31310606820572895,0.21542004446245847,0.3289526434863295,0.04412963745148064,0.04412963745148064,1.0,0.12217728858940817,0.3175113674361978,0.18271002223122923,0.37760132174316474,0.0,0.0,1.0,0.14038127697814337,0.29591100745214854,0.20863567129397462,0.3550720442757333
62,0.09568361493878476,0.0,0.15098305172788193,110,30,0.0,0,0,60,0.14038127697814337,0.10333333333333333,0.29591100745214854,0.32,0.20863567129397462,0.15,0.3550720442757333,0.4266666666666667,0.09718361493878476,0.09718361493878476,1.0,0.10183333333333333,0.3219166666666667,0.15,0.42625,0.026119400789403835,0.026119400789403835,1.0,0.142521243845483,0.31310606820572895,0.21542004446245847,0.3289526434863295,0.04412963745148064,0.04412963745148064,1.0,0.12217728858940817,0.3175113674361978,0.18271002223122923,0.37760132174316474,0.0,0.0,1.0,0.14038127697814337,0.29591100745214854,0.20863567129397462,0.3550720442757333
63,0.09401694827211807,0.0,0.15098305172788193,105,30,0.0,0,0,60,0.14038127697814337,0.10333333333333333,0.29591100745214854,0.32,0.20863567129397462,0.15166666666666667,0.3550720442757333,0.425,0.09718361493878476,0.09718361493878476,1.0,0.10183333333333333,0.3219166666666667,0.15,0.42625,0.026119400789403835,0.026119400789403835,1.0,0.142521243845483,0.31310606820572895,0.21542004446245847,0.3289526434863295,0.04412963745148064,0.04412963745148064,1.0,0.12217728858940817,0.3175113674361978,0.18271002223122923,0.37760132174316474,0.0,0.0,1.0,0.14038127697814337,0.29591100745214854,0.20863567129397462,0.3550720442757333
64,0.09401694827211807,0.0,0.15098305172788193,102,30,0.0,0,0,60,0.14038127697814337,0.10333333333333333,0.29591100745214854,0.32,0.20863567129397462,0.15166666666666667,0.3550720442757333,0.425,0.09718361493878476,0.09718361493878476,1.0,0.10183333333333333,0.3219166666666667,0.15,0.42625,0.026119400789403835,0.026119400789403835,1.0,0.142521243845483,0.31310606820572895,0.21542004446245847,0.3289526434863295,0.04412963745148064,0.04412963745148064,1.0,0.12217728858940817,0.3175113674361978,0.18271002223122923,0.37760132174316474,0.0,0.0,1.0,0.14038127697814337,0.29591100745214854,0.20863567129397462,0.3550720442757333
65,0.09401694827211807,0.0,0.15098305172788193,103,30,0.0,0,0,60,0.14038127697814337,0.10333333333333333,0.29591100745214854,0.32,0.20863567129397462,0.15166666666666667,0.3550720442757333,0.425,0.09718361493878476,0.09718361493878476,1.0,0.10183333333333333,0.3219166666666667,0.15,0.42625,0.026119400789403835,0.026119400789403835,1.0,0.142521243845483,0.31310606820572895,0.21542004446245847,0.3289526434863295,0.04412963745148064,0.04412963745148064,1.0,0.12217728858940817,0.3175113674361978,0.18271002223122923,0.37760132174316474,0.0,0.0,1.0,0.14038127697814337,0.29591100745214854,0.20863567129397462,0.3550720442757333
66,0.09568361493878472,0.0,0.15098305172788193,98,30,0.0,0,0,60,0.14038127697814337,0.10166666666666667,0.29591100745214854,0.32166666666666666,0.20863567129397462,0.15166666666666667,0.3550720442757333,0.425,0.09718361493878476,0.09718361493878476,1.0,0.10183333333333333,0.3219166666666667,0.15,0.42625,0.026119400789403835,0.026119400789403835,1.0,0.142521243845483,0.31310606820572895,0.21542004446245847,0.3289526434863295,0.04412963745148064,0.04412963745148064,1.0,0.12217728858940817,0.3175113674361978,0.18271002223122923,0.37760132174316474,0.0,0.0,1.0,0.14038127697814337,0.29591100745214854,0.20863567129397462,0.3550720442757333
67,0.09401694827211807,0.0,0.15098305172788193,124,30,0.0,0,0,60,0.14038127697814337,0.10333333333333333,0.29591100745214854,0.32,0.20863567129397462,0.15166666666666667,0.3550720442757333,0.425,0.09718361493878476,0.09718361493878476,1.0,0.10183333333333333,0.3219166666666667,0.15,0.42625,0.026119400789403835,0.026119400789403835,1.0,0.142521243845483,0.31310606820572895,0.21542004446245847,0.3289526434863295,0.04412963745148064,0.04412963745148064,1.0,0.12217728858940817,0.3175113674361978,0.18271002223122923,0.37760132174316474,0.0,0.0,1.0,0.14038127697814337,0.29591100745214854,0.20863567129397462,0.3550720442757333
68,0.09401694827211807,0.0,0.15098305172788193,103,30,0.0,0,0,60,0.14038127697814337,0.10333333333333333,0.29591100745214854,0.32,0.20863567129397462,0.15166666666666667,0.3550720442757333,0.425,0.09718361493878476,0.09718361493878476,1.0,0.10183333333333333,0.3219166666666667,0.15,0.42625,0.026119400789403835,0.026119400789403835,1.0,0.142521243845483,0.31310606820572895,0.21542004446245847,0.3289526434863295,0.04412963745148064,0.04412963745148064,1.0,0.12217728858940817,0.3175113674361978,0.18271002223122923,0.37760132174316474,0.0,0.0,1.0,0.14038127697814337,0.29591100745214854,0.20863567129397462,0.3550720442757333
69,0.09401694827211807,0.0,0.15098305172788193,96,30,0.0,0,0,60,0.14038127697814337,0.10333333333333333,0.29591100745214854,0.32166666666666666,0.20863567129397462,0.15166666666666667,0.3550720442757333,0.42333333333333334,0.09718361493878476,0.09718361493878476,1.0,0.10183333333333333,0.3219166666666667,0.15,0.42625,0.026119400789403835,0.026119400789403835,1.0,0.142521243845483,0.31310606820572895,0.21542004446245847,0.3289526434863295,0.04412963745148064,0.04412963745148064,1.0,0.12217728858940817,0.3175113674361978,0.18271002223122923,0.37760132174316474,0.0,0.0,1.0,0.14038127697814337,0.29591100745214854,0.20863567129397462,0.3550720442757333
70,0.09401694827211807,0.0,0.15098305172788193,94,30,0.0,0,1,70,0.14038127697814337,0.10333333333333333,0.29591100745214854,0.32166666666666666,0.20863567129397462,0.15166666666666667,0.3550720442757333,0.42333333333333334,0.09601694827211807,0.09601694827211807,1.0,0.10233333333333333,0.32158333333333333,0.15066666666666667,0.42541666666666667,0.08151618273376057,0.08151618273376057,1.0,0.19052751602876647,0.28167967605046673,0.24000561497711217,0.2877871929436546,0.013299530472085264,0.013299530472085264,1.0,0.1464304246810499,0.30163150469190003,0.19533614082188944,0.35660192980516064,0.0,0.0,1.0,0.14038127697814337,0.29591100745214854,0.20863567129397462,0.3550720442757333
71,0.09401694827211807,0.0,0.15098305172788193,104,30,0.0,0,0,70,0.14038127697814337,0.10333333333333333,0.29591100745214854,0.32,0.20863567129397462,0.15166666666666667,0.3550720442757333,0.425,0.09601694827211807,0.09601694827211807,1.0,0.10233333333333333,0.32158333333333333,0.15066666666666667,0.42541666666666667,0.08151618273376057,0.08151618273376057,1.0,0.19052751602876647,0.28167967605046673,0.24000561497711217,0.2877871929436546,0.013299530472085264,0.013299530472085264,1.0,0.1464304246810499,0.30163150469190003,0.19533614082188944,0.35660192980516064,0.0,0.0,1.0,0.14038127697814337,0.29591100745214854,0.20863567129397462,0.3550720442757333
72,0.09401694827211807,0.0,0.15098305172788193,113,30,0.0,0,0,70,0.14038127697814337,0.10333333333333333,0.29591100745214854,0.32,0.20863567129397462,0.15166666666666667,0.3550720442757333,0.425,0.09601694827211807,0.09601694827211807,1.0,0.10233333333333333,0.32158333333333333,0.15066666666666667,0.42541666666666667,0.08151618273376057,0.08151618273376057,1.0,0.19052751602876647,0.28167967605046673,0.24000561497711217,0.2877871929436546,0.013299530472085264,0.013299530472085264,1.0,0.1464304246810499,0.30163150469190003,0.19533614082188944,0.35660192980516064,0.0,0.0,1.0,0.14038127697814337,0.29591100745214854,0.20863567129397462,0.3550720442757333
73,0.09401694827211807,0.0,0.15098305172788193,108,30,0.0,0,0,70,0.14038127697814337,0.10333333333333333,0.29591100745214854,0.32166666666666666,0.20863567129397462,0.15166666666666667,0.3550720442757333,0.42333333333333334,0.09601694827211807,0.09601694827211807,1.0,0.10233333333333333,0.32158333333333333,0.15066666666666667,0.42541666666666667,0.08151618273376057,0.08151618273376057,1.0,0.19052751602876647,0.28167967605046673,0.24000561497711217,0.2877871929436546,0.013299530472085264,0.013299530472085264,1.0,0.1464304246810499,0.30163150469190003,0.19533614082188944,0.35660192980516064,0.0,0.0,1.0,0.14038127697814337,0.29591100745214854,0.20863567129397462,0.3550720442757333
74,0.09401694827211807,0.0,0.15098305172788193,115,30,0.0,0,0,70,0.14038127697814337,0.10333333333333333,0.29591100745214854,0.32,0.20863567129397462,0.15166666666666667,0.3550720442757333,0.425,0.09601694827211807,0.09601694827211807,1.0,0.10233333333333333,0.32158333333333333,0.15066666666666667,0.42541666666666667,0.08151618273376057,0.08151618273376057,1.0,0.19052751602876647,0.28167967605046673,0.24000561497711217,0.2877871929436546,0.013299530472085264,0.013299530472085264,1.0,0.1464304246810499,0.30163150469190003,0.19533614082188944,0.35660192980516064,0.0,0.0,1.0,0.14038127697814337,0.29591100745214854,0.20863567129397462,0.3550720442757333
75,0.09401694827211807,0.0,0.15098305172788193,115,30,0.0,0,0,70,0.14038127697814337,0.10333333333333333,0.29591100745214854,0.32,0.20863567129397462,0.15166666666666667,0.3550720442757333,0.425,0.09601694827211807,0.09601694827211807,1.0,0.10233333333333333,0.32158333333333333,0.15066666666666667,0.42541666666666667,0.08151618273376057,0.08151618273376057,1.0,0.19052751602876647,0.28167967605046673,0.24000561497711217,0.2877871929436546,0.013299530472085264,0.013299530472085264,1.0,0.1464304246810499,0.30163150469190003,0.19533614082188944,0.35660192980516064,0.0,0.0,1.0,0.14038127697814337,0.29591100745214854,0.20863567129397462,0.3550720442757333
76,0.09401694827211807,0.0,0.15098305172788193,90,30,0.0,0,0,70,0.14038127697814337,0.10333333333333333,0.29591100745214854,0.32,0.20863567129397462,0.15166666666666667,0.3550720442757333,0.425,0.09601694827211807,0.09601694827211807,1.0,0.10233333333333333,0.32158333333333333,0.15066666666666667,0.42541666666666667,0.08151618273376057,0.08151618273376057,1.0,0.19052751602876647,0.28167967605046673,0.24000561497711217,0.2877871929436546,0.013299530472085264,0.013299530472085264,1.0,0.1464304246810499,0.30163150469190003,0.19533614082188944,0.35660192980516064,0.0,0.0,1.0,0.14038127697814337,0.29591100745214854,0.20863567129397462,0.3550720442757333
77,0.09401694827211807,0.0,0.15098305172788193,102,30,0.0,0,0,70,0.14038127697814337,0.10333333333333333,0.29591100745214854,0.32,0.20863567129397462,0.15166666666666667,0.3550720442757333,0.425,0.09601694827211807,0.09601694827211807,1.0,0.10233333333333333,0.32158333333333333,0.15066666666666667,0.42541666666666667,0.08151618273376057,0.08151618273376057,1.0,0.19052751602876647,0.28167967605046673,0.24000561497711217,0.2877871929436546,0.013299530472085264,0.013299530472085264,1.0,0.1464304246810499,0.30163150469190003,0.19533614082188944,0.35660192980516064,0.0,0.0,1.0,0.14038127697814337,0.29591100745214854,0.20863567129397462,0.3550720442757333
78,0.09568361493878472,0.0,0.15098305172788193,102,30,0.0,0,0,70,0.14038127697814337,0.10166666666666667,0.29591100745214854,0.32166666666666666,0.20863567129397462,0.15166666666666667,0.3550720442757333,0.425,0.09601694827211807,0.09601694827211807,1.0,0.10233333333333333,0.32158333333333333,0.15066666666666667,0.42541666666666667,0.08151618273376057,0.08151618273376057,1.0,0.19052751602876647,0.28167967605046673,0.24000561497711217,0.2877871929436546,0.013299530472085264,0.013299530472085264,1.0,0.1464304246810499,0.30163150469190003,0.19533614082188944,0.35660192980516064,0.0,0.0,1.0,0.14038127697814337,0.29591100745214854,0.20863567129397462,0.3550720442757333
79,0.09568361493878472,0.0,0.15098305172788193,106,30,0.0,0,0,70,0.14038127697814337,0.10166666666666667,0.29591100745214854,0.32166666666666666,0.20863567129397462,0.15166666666666667,0.3550720442757333,0.425,0.09601694827211807,0.09601694827211807,1.0,0.10233333333333333,0.32158333333333333,0.15066666666666667,0.42541666666666667,0.08151618273376057,0.08151618273376057,1.0,0.19052751602876647,0.28167967605046673,0.24000561497711217,0.2877871929436546,0.013299530472085264,0.013299530472085264,1.0,0.1464304246810499,0.30163150469190003,0.19533614082188944,0.35660192980516064,0.0,0.0,1.0,0.14038127697814337,0.29591100745214854,0.20863567129397462,0.3550720442757333
80,0.09568361493878472,0.0,0.15098305172788193,103,30,0.0,0,1,80,0.14038127697814337,0.10166666666666667,0.29591100745214854,0.32166666666666666,0.20863567129397462,0.15166666666666667,0.3550720442757333,0.425,0.09460028160545139,0.09460028160545139,1.0,0.10291666666666667,0.32066666666666666,0.1515,0.42491666666666666,0.09582231212958733,0.09582231212958733,0.0,0.13815682135227242,0.2798946263388762,0.304457983423562,0.27749056888528933,0.023712959468429204,0.023712959468429204,1.0,0.12053674400946954,0.3002806465027714,0.227978991711781,0.35120361777597797,0.0,0.0,1.0,0.14038127697814337,0.29591100745214854,0.20863567129397462,0.3550720442757333
81,0.09568361493878472,0.0,0.15098305172788193,100,30,0.0,0,0,80,0.14038127697814337,0.10166666666666667,0.29591100745214854,0.32166666666666666,0.20863567129397462,0.15166666666666667,0.3550720442757333,0.425,0.09460028160545139,0.09460028160545139,1.0,0.10291666666666667,0.32066666666666666,0.1515,0.42491666666666666,0.09582231212958733,0.09582231212958733,0.0,0.13815682135227242,0.2798946263388762,0.304457983423562,0.27749056888528933,0.023712959468429204,0.023712959468429204,1.0,0.12053674400946954,0.3002806465027714,0.227978991711781,0.35120361777597797,0.0,0.0,1.0,0.14038127697814337,0.29591100745214854,0.20863567129397462,0.3550720442757333
82,0.09568361493878472,0.0,0.15098305172788193,81,30,0.0,0,0,80,0.14038127697814337,0.10166666666666667,0.29591100745214854,0.3233333333333333,0.20863567129397462,0.15166666666666667,0.3550720442757333,0.42333333333333334,0.09460028160545139,0.09460028160545139,1.0,0.10291666666666667,0.32066666666666666,0.1515,0.42491666666666666,0.09582231212958733,0.09582231212958733,0.0,0.13815682135227242,0.2798946263388762,0.304457983423562,0.27749056888528933,0.023712959468429204,0.023712959468429204,1.0,0.12053674400946954,0.3002806465027714,0.227978991711781,0.35120361777597797,0.0,0.0,1.0,0.14038127697814337,0.29591100745214854,0.20863567129397462,0.3550720442757333
83,0.09568361493878472,0.0,0.15098305172788193,112,30,0.0,0,0,80,0.14038127697814337,0.10166666666666667,0.29591100745214854,0.32166666666666666,0.20863567129397462,0.15166666666666667,0.3550720442757333,0.425,0.09460028160545139,0.09460028160545139,1.0,0.10291666666666667,0.32066666666666666,0.1515,0.42491666666666666,0.09582231212958733,0.09582231212958733,0.0,0.13815682135227242,0.2798946263388762,0.304457983423562,0.27749056888528933,0.023712959468429204,0.023712959468429204,1.0,0.12053674400946954,0.3002806465027714,0.227978991711781,0.35120361777597797,0.0,0.0,1.0,0.14038127697814337,0.29591100745214854,0.20863567129397462,0.3550720442757333
84,0.09568361493878472,0.0,0.15098305172788193,115,30,0.0,0,0,80,0.14038127697814337,0.10166666666666667,0.29591100745214854,0.32166666666666666,0.20863567129397462,0.15166666666666667,0.3550720442757333,0.425,0.09460028160545139,0.09460028160545139,1.0,0.10291666666666667,0.32066666666666666,0.1515,0.42491666666666666,0.09582231212958733,0.09582231212958733,0.0,0.13815682135227242,0.2798946263388762,0.304457983423562,0.27749056888528933,0.023712959468429204,0.023712959468429204,1.0,0.12053674400946954,0.3002806465027714,0.227978991711781,0.35120361777597797,0.0,0.0,1.0,0.14038127697814337,0.29591100745214854,0.20863567129397462,0.3550720442757333
85,0.09568361493878472,0.0,0.15098305172788193,103,30,0.0,0,0,80,0.14038127697814337,0.10166666666666667,0.29591100745214854,0.32166666666666666,0.20863567129397462,0.15166666666666667,0.3550720442757333,0.425,0.09460028160545139,0.09460028160545139,1.0,0.10291666666666667,0.32066666666666666,0.1515,0.42491666666666666,0.09582231212958733,0.09582231212958733,0.0,0.13815682135227242,0.2798946263388762,0.304457983423562,0.27749056888528933,0.023712959468429204,0.023712959468429204,1.0,0.12053674400946954,0.3002806465027714,0.227978991711781,0.35120361777597797,0.0,0.0,1.0,0.14038127697814337,0.29591100745214854,0.20863567129397462,0.3550720442757333
86,0.09568361493878472,0.0,0.15098305172788193,112,30,0.0,0,0,80,0.14038127697814337,0.10166666666666667,0.29591100745214854,0.32166666666666666,0.20863567129397462,0.15166666666666667,0.3550720442757333,0.425,0.09460028160545139,0.09460028160545139,1.0,0.10291666666666667,0.32066666666666666,0.1515,0.42491666666666666,0.09582231212958733,0.09582231212958733,0.0,0.13815682135227242,0.2798946263388762,0.304457983423562,0.27749056888528933,0.023712959468429204,0.023712959468429204,1.0,0.12053674400946954,0.3002806465027714,0.227978991711781,0.35120361777597797,0.0,0.0,1.0,0.14038127697814337,0.29591100745214854,0.20863567129397462,0.3550720442757333
87,0.09568361493878472,0.0,0.15098305172788193,113,30,0.0,0,0,80,0.14038127697814337,0.10166666666666667,0.29591100745214854,0.32166666666666666,0.20863567129397462,0.15166666666666667,0.3550720442757333,0.425,0.09460028160545139,0.09460028160545139,1.0,0.10291666666666667,0.32066666666666666,0.1515,0.42491666666666666,0.09582231212958733,0.09582231212958733,0.0,0.13815682135227242,0.2798946263388762,0.304457983423562,0.27749056888528933,0.023712959468429204,0.023712959468429204,1.0,0.12053674400946954,0.3002806465027714,0.227978991711781,0.35120361777597797,0.0,0.0,1.0,0.14038127697814337,0.29591100745214854,0.20863567129397462,0.3550720442757333
88,0.09568361493878472,0.0,0.15098305172788193,101,30,0.0,0,0,80,0.14038127697814337,0.10166666666666667,0.29591100745214854,0.32166666666666666,0.20863567129397462,0.15166666666666667,0.3550720442757333,0.425,0.09460028160545139,0.09460028160545139,1.0,0.10291666666666667,0.32066666666666666,0.1515,0.42491666666666666,0.09582231212958733,0.09582231212958733,0.0,0.13815682135227242,0.2798946263388762,0.304457983423562,0.27749056888528933,0.023712959468429204,0.023712959468429204,1.0,0.12053674400946954,0.3002806465027714,0.227978991711781,0.35120361777597797,0.0,0.0,1.0,0.14038127697814337,0.29591100745214854,0.20863567129397462,0.3550720442757333
89,0.09568361493878472,0.0,0.15098305172788193,94,30,0.0,0,0,80,0.14038127697814337,0.10166666666666667,0.29591100745214854,0.3233333333333333,0.20863567129397462,0.15166666666666667,0.3550720442757333,0.42333333333333334,0.09460028160545139,0.09460028160545139,1.0,0.10291666666666667,0.32066666666666666,0.1515,0.42491666666666666,0.09582231212958733,0.09582231212958733,0.0,0.13815682135227242,0.2798946263388762,0.304457983423562,0.27749056888528933,0.023712959468429204,0.023712959468429204,1.0,0.12053674400946954,0.3002806465027714,0.227978991711781,0.35120361777597797,0.0,0.0,1.0,0.14038127697814337,0.29591100745214854,0.20863567129397462,0.3550720442757333
90,0.09568361493878472,0.0,0.15098305172788193,116,28,0.0,0,1,90,0.14038127697814337,0.10166666666666667,0.29591100745214854,0.3233333333333333,0.20863567129397462,0.15166666666666667,0.3550720442757333,0.42333333333333334,0.09510028160545142,0.09510028160545142,1.0,0.10225,0.3214166666666667,0.15166666666666667,0.4246666666666667,0.0787099146090108,0.0787099146090108,1.0,0.062146562731242784,0.36239219315962784,0.2081604709318645,0.3673007731772649,0.08690509810723113,0.08690509810723113,1.0,0.08219828136562139,0.3419044299131473,0.17991356879926557,0.3959837199219658,0.0,0.0,1.0,0.14038127697814337,0.29591100745214854,0.20863567129397462,0.3550720442757333
91,0.09568361493878472,0.0,0.15098305172788193,90,28,0.0,0,0,90,0.14038127697814337,0.10166666666666667,0.29591100745214854,0.3233333333333333,0.20863567129397462,0.15166666666666667,0.3550720442757333,0.42333333333333334,0.09510028160545142,0.09510028160545142,1.0,0.10225,0.3214166666666667,0.15166666666666667,0.4246666666666667,0.0787099146090108,0.0787099146090108,1.0,0.062146562731242784,0.36239219315962784,0.2081604709318645,0.3673007731772649,0.08690509810723113,0.08690509810723113,1.0,0.08219828136562139,0.3419044299131473,0.17991356879926557,0.3959837199219658,0.0,0.0,1.0,0.14038127697814337,0.29591100745214854,0.20863567129397462,0.3550720442757333
92,0.09568361493878472,0.0,0.15098305172788193,107,27,0.0,0,0,90,0.14038127697814337,0.10166666666666667,0.29591100745214854,0.32166666666666666,0.20863567129397462,0.15166666666666667,0.3550720442757333,0.425,0.09510028160545142,0.09510028160545142,1.0,0.10225,0.3214166666666667,0.15166666666666667,0.4246666666666667,0.0787099146090108,0.0787099146090108,1.0,0.062146562731242784,0.36239219315962784,0.2081604709318645,0.3673007731772649,0.08690509810723113,0.08690509810723113,1.0,0.08219828136562139,0.3419044299131473,0.17991356879926557,0.3959837199219658,0.0,0.0,1.0,0.14038127697814337,0.29591100745214854,0.20863567129397462,0.3550720442757333
93,0.09568361493878472,0.0,0.15098305172788193,111,27,0.0,0,0,90,0.14038127697814337,0.10166666666666667,0.29591100745214854,0.3233333333333333,0.20863567129397462,0.15166666666666667,0.3550720442757333,0.42333333333333334,0.09510028160545142,0.09510028160545142,1.0,0.10225,0.3214166666666667,0.15166666666666667,0.4246666666666667,0.0787099146090108,0.0787099146090108,1.0,0.062146562731242784,0.36239219315962784,0.2081604709318645,0.3673007731772649,0.08690509810723113,0.08690509810723113,1.0,0.08219828136562139,0.3419044299131473,0.17991356879926557,0.3959837199219658,0.0,0.0,1.0,0.14038127697814337,0.29591100745214854,0.20863567129397462,0.3550720442757333
94,0.09568361493878472,0.0,0.15098305172788193,96,27,0.0,0,0,90,0.14038127697814337,0.10166666666666667,0.29591100745214854,0.32166666666666666,0.20863567129397462,0.15166666666666667,0.3550720442757333,0.425,0.09510028160545142,0.09510028160545142,1.0,0.10225,0.3214166666666667,0.15166666666666667,0.4246666666666667,0.0787099146090108,0.0787099146090108,1.0,0.062146562731242784,0.36239219315962784,0.2081604709318645,0.3673007731772649,0.08690509810723113,0.08690509810723113,1.0,0.08219828136562139,0.3419044299131473,0.17991356879926557,0.3959837199219658,0.0,0.0,1.0,0.14038127697814337,0.29591100745214854,0.20863567129397462,0.3550720442757333
95,0.09568361493878472,0.0,0.15098305172788193,109,27,0.0,0,0,90,0.14038127697814337,0.10166666666666667,0.29591100745214854,0.32166666666666666,0.20863567129397462,0.15166666666666667,0.3550720442757333,0.425,0.09510028160545142,0.09510028160545142,1.0,0.10225,0.3214166666666667,0.15166666666666667,0.4246666666666667,0.0787099146090108,0.0787099146090108,1.0,0.062146562731242784,0.36239219315962784,0.2081604709318645,0.3673007731772649,0.08690509810723113,0.08690509810723113,1.0,0.08219828136562139,0.3419044299131473,0.17991356879926557,0.3959837199219658,0.0,0.0,1.0,0.14038127697814337,0.29591100745214854,0.20863567129397462,0.3550720442757333
96,0.09568361493878472,0.0,0.15098305172788193,110,27,0.0,0,0,90,0.14038127697814337,0.10166666666666667,0.29591100745214854,0.32166666666666666,0.20863567129397462,0.15166666666666667,0.3550720442757333,0.425,0.09510028160545142,0.09510028160545142,1.0,0.10225,0.3214166666666667,0.15166666666666667,0.4246666666666667,0.0787099146090108,0.0787099146090108,1.0,0.062146562731242784,0.36239219315962784,0.2081604709318645,0.3673007731772649,0.08690509810723113,0.08690509810723113,1.0,0.08219828136562139,0.3419044299131473,0.17991356879926557,0.3959837199219658,0.0,0.0,1.0,0.14038127697814337,0.29591100745214854,0.20863567129397462,0.3550720442757333
97,0.09735028160545142,0.0,0.15098305172788193,106,27,0.0,0,0,90,0.14038127697814337,0.10166666666666667,0.29591100745214854,0.32166666666666666,0.20863567129397462,0.15,0.3550720442757333,0.4266666666666667,0.09510028160545142,0.09510028160545142,1.0,0.10225,0.3214166666666667,0.15166666666666667,0.4246666666666667,0.0787099146090108,0.0787099146090108,1.0,0.062146562731242784,0.36239219315962784,0.2081604709318645,0.3673007731772649,0.08690509810723113,0.08690509810723113,1.0,0.08219828136562139,0.3419044299131473,0.17991356879926557,0.3959837199219658,0.0,0.0,1.0,0.14038127697814337,0.29591100745214854,0.20863567129397462,0.3550720442757333
98,0.09735028160545142,0.0,0.15098305172788193,100,27,0.0,0,0,90,0.14038127697814337,0.10166666666666667,0.29591100745214854,0.32166666666666666,0.20863567129397462,0.15,0.3550720442757333,0.4266666666666667,0.09510028160545142,0.09510028160545142,1.0,0.10225,0.3214166666666667,0.15166666666666667,0.4246666666666667,0.0787099146090108,0.0787099146090108,1.0,0.062146562731242784,0.36239219315962784,0.2081604709318645,0.3673007731772649,0.08690509810723113,0.08690509810723113,1.0,0.08219828136562139,0.3419044299131473,0.17991356879926557,0.3959837199219658,0.0,0.0,1.0,0.14038127697814337,0.29591100745214854,0.20863567129397462,0.3550720442757333
99,0.09735028160545142,0.0,0.15098305172788193,82,27,0.0,0,0,90,0.14038127697814337,0.10166666666666667,0.29591100745214854,0.32166666666666666,0.20863567129397462,0.15,0.3550720442757333,0.4266666666666667,0.09510028160545142,0.09510028160545142,1.0,0.10225,0.3214166666666667,0.15166666666666667,0.4246666666666667,0.0787099146090108,0.0787099146090108,1.0,0.062146562731242784,0.36239219315962784,0.2081604709318645,0.3673007731772649,0.08690509810723113,0.08690509810723113,1.0,0.08219828136562139,0.3419044299131473,0.17991356879926557,0.3959837199219658,0.0,0.0,1.0,0.14038127697814337,0.29591100745214854,0.20863567129397462,0.3550720442757333
100,0.41870771556970804,0.0,0.15098305172788193,117,7,0.0,0,1,100,0.14038127697814337,0.17666666666666667,0.29591100745214854,0.6783333333333333,0.20863567129397462,0.0,0.3550720442757333,0.145,0.09976694827211804,0.09976694827211804,1.0,0.10541666666666667,0.33991666666666664,0.14383333333333334,0.41083333333333333,0.10379873367851937,0.10379873367851937,1.0,0.19314645409120482,0.2626541531337395,0.25966922785943264,0.28453016491562305,0.014274685848846835,0.014274685848846835,1.0,0.14928156037893575,0.3012854099002031,0.20175128059638298,0.3476817491244782,0.0,0.0,1.0,0.14038127697814337,0.29591100745214854,0.20863567129397462,0.3550720442757333
101,0.2303743822363747,0.0,0.15098305172788193,98,10,0.0,0,0,100,0.14038127697814337,0.21166666666666667,0.29591100745214854,0.455,0.20863567129397462,0.06,0.3550720442757333,0.2733333333333333,0.09976694827211804,0.09976694827211804,1.0,0.10541666666666667,0.33991666666666664,0.14383333333333334,0.41083333333333333,0.10379873367851937,0.10379873367851937,1.0,0.19314645409120482,0.2626541531337395,0.25966922785943264,0.28453016491562305,0.014274685848846835,0.014274685848846835,1.0,0.14928156037893575,0.3012854099002031,0.20175128059638298,0.3476817491244782,0.0,0.0,1.0,0.14038127697814337,0.29591100745214854,0.20863567129397462,0.3550720442757333
102,0.10568361493878474,0.0,0.15098305172788193,115,11,0.0,0,0,100,0.14038127697814337,0.08,0.29591100745214854,0.37166666666666665,0.20863567129397462,0.16333333333333333,0.3550720442757333,0.385,0.09976694827211804,0.09976694827211804,1.0,0.10541666666666667,0.33991666666666664,0.14383333333333334,0.41083333333333333,0.10379873367851937,0.10379873367851937,1.0,0.19314645409120482,0.2626541531337395,0.25966922785943264,0.28453016491562305,0.014274685848846835,0.014274685848846835,1.0,0.14928156037893575,0.3012854099002031,0.20175128059638298,0.3476817491244782,0.0,0.0,1.0,0.14038127697814337,0.29591100745214854,0.20863567129397462,0.3550720442757333
103,0.09408899254785137,0.0,0.15098305172788193,129,14,0.0,0,0,100,0.14038127697814337,0.09333333333333334,0.29591100745214854,0.39,0.20863567129397462,0.16833333333333333,0.3550720442757333,0.34833333333333333,0.09976694827211804,0.09976694827211804,1.0,0.10541666666666667,0.33991666666666664,0.14383333333333334,0.41083333333333333,0.10379873367851937,0.10379873367851937,1.0,0.19314645409120482,0.2626541531337395,0.25966922785943264,0.28453016491562305,0.014274685848846835,0.014274685848846835,1.0,0.14928156037893575,0.3012854099002031,0.20175128059638298,0.3476817491244782,0.0,0.0,1.0,0.14038127697814337,0.29591100745214854,0.20863567129397462,0.3550720442757333
104,0.08901694827211806,0.0,0.15098305172788193,105,18,0.0,0,0,100,0.14038127697814337,0.10833333333333334,0.29591100745214854,0.31,0.20863567129397462,0.15166666666666667,0.3550720442757333,0.43,0.09976694827211804,0.09976694827211804,1.0,0.10541666666666667,0.33991666666666664,0.14383333333333334,0.41083333333333333,0.10379873367851937,0.10379873367851937,1.0,0.19314645409120482,0.2626541531337395,0.25966922785943264,0.28453016491562305,0.014274685848846835,0.014274685848846835,1.0,0.14928156037893575,0.3012854099002031,0.20175128059638298,0.3476817491244782,0.0,0.0,1.0,0.14038127697814337,0.29591100745214854,0.20863567129397462,0.3550720442757333
105,0.12235028160545143,0.0,0.15098305172788193,100,20,0.0,0,0,100,0.14038127697814337,0.08166666666666667,0.29591100745214854,0.3516666666666667,0.20863567129397462,0.145,0.3550720442757333,0.4216666666666667,0.09976694827211804,0.09976694827211804,1.0,0.10541666666666667,0.33991666666666664,0.14383333333333334,0.41083333333333333,0.10379873367851937,0.10379873367851937,1.0,0.19314645409120482,0.2626541531337395,0.25966922785943264,0.28453016491562305,0.014274685848846835,0.014274685848846835,1.0,0.14928156037893575,0.3012854099002031,0.20175128059638298,0.3476817491244782,0.0,0.0,1.0,0.14038127697814337,0.29591100745214854,0.20863567129397462,0.3550720442757333
106,0.09401694827211807,0.0,0.15098305172788193,107,23,0.0,0,0,100,0.14038127697814337,0.09833333333333333,0.29591100745214854,0.3383333333333333,0.20863567129397462,0.15666666666666668,0.3550720442757333,0.4066666666666667,0.09976694827211804,0.09976694827211804,1.0,0.10541666666666667,0.33991666666666664,0.14383333333333334,0.41083333333333333,0.10379873367851937,0.10379873367851937,1.0,0.19314645409120482,0.2626541531337395,0.25966922785943264,0.28453016491562305,0.014274685848846835,0.014274685848846835,1.0,0.14928156037893575,0.3012854099002031,0.20175128059638298,0.3476817491244782,0.0,0.0,1.0,0.14038127697814337,0.29591100745214854,0.20863567129397462,0.3550720442757333
107,0.09401694827211807,0.0,0.15098305172788193,95,24,0.0,0,0,100,0.14038127697814337,0.09833333333333333,0.29591100745214854,0.345,0.20863567129397462,0.15666666666666668,0.3550720442757333,0.4,0.09976694827211804,0.09976694827211804,1.0,0.10541666666666667,0.33991666666666664,0.14383333333333334,0.41083333333333333,0.10379873367851937,0.10379873367851937,1.0,0.19314645409120482,0.2626541531337395,0.25966922785943264,0.28453016491562305,0.014274685848846835,0.014274685848846835,1.0,0.14928156037893575,0.3012854099002031,0.20175128059638298,0.3476817491244782,0.0,0.0,1.0,0.14038127697814337,0.29591100745214854,0.20863567129397462,0.3550720442757333
108,0.09401694827211807,0.0,0.15098305172788193,114,25,0.0,0,0,100,0.14038127697814337,0.09666666666666666,0.29591100745214854,0.3466666666666667,0.20863567129397462,0.15833333333333333,0.3550720442757333,0.3983333333333333,0.09976694827211804,0.09976694827211804,1.0,0.10541666666666667,0.33991666666666664,0.14383333333333334,0.41083333333333333,0.10379873367851937,0.10379873367851937,1.0,0.19314645409120482,0.2626541531337395,0.25966922785943264,0.28453016491562305,0.014274685848846835,0.014274685848846835,1.0,0.14928156037893575,0.3012854099002031,0.20175128059638298,0.3476817491244782,0.0,0.0,1.0,0.14038127697814337,0.29591100745214854,0.20863567129397462,0.3550720442757333
109,0.09068361493878473,0.0,0.15098305172788193,92,25,0.0,0,0,100,0.14038127697814337,0.09833333333333333,0.29591100745214854,0.345,0.20863567129397462,0.16,0.3550720442757333,0.39666666666666667,0.09976694827211804,0.09976694827211804,1.0,0.10541666666666667,0.33991666666666664,0.14383333333333334,0.41083333333333333,0.10379873367851937,0.10379873367851937,1.0,0.19314645409120482,0.2626541531337395,0.25966922785943264,0.28453016491562305,0.014274685848846835,0.014274685848846835,1.0,0.14928156037893575,0.3012854099002031,0.20175128059638298,0.3476817491244782,0.0,0.0,1.0,0.14038127697814337,0.29591100745214854,0.20863567129397462,0.3550720442757333
110,0.09068361493878471,0.0,0.15098305172788193,106,25,0.0,0,1,110,0.14038127697814337,0.10166666666666667,0.29591100745214854,0.3433333333333333,0.20863567129397462,0.15666666666666668,0.3550720442757333,0.3983333333333333,0.09918361493878475,0.09918361493878475,1.0,0.108,0.3586666666666667,0.14183333333333334,0.3915,0.052330974428908356,0.052330974428908356,1.0,0.1889864022795794,0.29676512123027504,0.15630469686506637,0.35794377962507923,0.059566656194774886,0.059566656194774886,1.0,0.1484932011397897,0.3277158939484709,0.14906901509919984,0.3747218898125396,0.0,0.0,1.0,0.14038127697814337,0.29591100745214854,0.20863567129397462,0.3550720442757333
111,0.09901694827211807,0.0,0.15098305172788193,111,25,0.0,0,0,110,0.14038127697814337,0.09666666666666666,0.29591100745214854,0.34833333333333333,0.20863567129397462,0.15333333333333332,0.3550720442757333,0.40166666666666667,0.09918361493878475,0.09918361493878475,1.0,0.108,0.3586666666666667,0.14183333333333334,0.3915,0.052330974428908356,0.052330974428908356,1.0,0.1889864022795794,0.29676512123027504,0.15630469686506637,0.35794377962507923,0.059566656194774886,0.059566656194774886,1.0,0.1484932011397897,0.3277158939484709,0.14906901509919984,0.3747218898125396,0.0,0.0,1.0,0.14038127697814337,0.29591100745214854,0.20863567129397462,0.3550720442757333
112,0.09235028160545142,0.0,0.15098305172788193,110,25,0.0,0,0,110,0.14038127697814337,0.09833333333333333,0.29591100745214854,0.3433333333333333,0.20863567129397462,0.15833333333333333,0.3550720442757333,0.4,0.09918361493878475,0.09918361493878475,1.0,0.108,0.3586666666666667,0.14183333333333334,0.3915,0.052330974428908356,0.052330974428908356,1.0,0.1889864022795794,0.29676512123027504,0.15630469686506637,0.35794377962507923,0.059566656194774886,0.059566656194774886,1.0,0.1484932011397897,0.3277158939484709,0.14906901509919984,0.3747218898125396,0.0,0.0,1.0,0.14038127697814337,0.29591100745214854,0.20863567129397462,0.3550720442757333
113,0.09068361493878473,0.0,0.15098305172788193,104,25,0.0,0,0,110,0.14038127697814337,0.1,0.29591100745214854,0.3383333333333333,0.20863567129397462,0.15833333333333333,0.3550720442757333,0.4033333333333333,0.09918361493878475,0.09918361493878475,1.0,0.108,0.3586666666666667,0.14183333333333334,0.3915,0.052330974428908356,0.052330974428908356,1.0,0.1889864022795794,0.29676512123027504,0.15630469686506637,0.35794377962507923,0.059566656194774886,0.059566656194774886,1.0,0.1484932011397897,0.3277158939484709,0.14906901509919984,0.3747218898125396,0.0,0.0,1.0,0.14038127697814337,0.29591100745214854,0.20863567129397462,0.3550720442757333
114,0.08568361493878475,0.0,0.15098305172788193,115,25,0.0,0,0,110,0.14038127697814337,0.1,0.29591100745214854,0.335,0.20863567129397462,0.16333333333333333,0.3550720442757333,0.40166666666666667,0.09918361493878475,0.09918361493878475,1.0,0.108,0.3586666666666667,0.14183333333333334,0.3915,0.052330974428908356,0.052330974428908356,1.0,0.1889864022795794,0.29676512123027504,0.15630469686506637,0.35794377962507923,0.059566656194774886,0.059566656194774886,1.0,0.1484932011397897,0.3277158939484709,0.14906901509919984,0.3747218898125396,0.0,0.0,1.0,0.14038127697814337,0.29591100745214854,0.20863567129397462,0.3550720442757333
115,0.0890169482721181,0.0,0.15098305172788193,95,25,0.0,0,0,110,0.14038127697814337,0.09833333333333333,0.29591100745214854,0.335,0.20863567129397462,0.16166666666666665,0.3550720442757333,0.405,0.09918361493878475,0.09918361493878475,1.0,0.108,0.3586666666666667,0.14183333333333334,0.3915,0.052330974428908356,0.052330974428908356,1.0,0.1889864022795794,0.29676512123027504,0.15630469686506637,0.35794377962507923,0.059566656194774886,0.059566656194774886,1.0,0.1484932011397897,0.3277158939484709,0.14906901509919984,0.3747218898125396,0.0,0.0,1.0,0.14038127697814337,0.29591100745214854,0.20863567129397462,0.3550720442757333
116,0.0890169482721181,0.0,0.15098305172788193,96,25,0.0,0,0,110,0.14038127697814337,0.09833333333333333,0.29591100745214854,0.335,0.20863567129397462,0.16166666666666665,0.3550720442757333,0.405,0.09918361493878475,0.09918361493878475,1.0,0.108,0.3586666666666667,0.14183333333333334,0.3915,0.052330974428908356,0.052330974428908356,1.0,0.1889864022795794,0.29676512123027504,0.15630469686506637,0.35794377962507923,0.059566656194774886,0.059566656194774886,1.0,0.1484932011397897,0.3277158939484709,0.14906901509919984,0.3747218898125396,0.0,0.0,1.0,0.14038127697814337,0.29591100745214854,0.20863567129397462,0.3550720442757333
117,0.08901694827211808,0.0,0.15098305172788193,97,25,0.0,0,0,110,0.14038127697814337,0.09833333333333333,0.29591100745214854,0.3333333333333333,0.20863567129397462,0.16166666666666665,0.3550720442757333,0.4066666666666667,0.09918361493878475,0.09918361493878475,1.0,0.108,0.3586666666666667,0.14183333333333334,0.3915,0.052330974428908356,0.052330974428908356,1.0,0.1889864022795794,0.29676512123027504,0.15630469686506637,0.35794377962507923,0.059566656194774886,0.059566656194774886,1.0,0.1484932011397897,0.3277158939484709,0.14906901509919984,0.3747218898125396,0.0,0.0,1.0,0.14038127697814337,0.29591100745214854,0.20863567129397462,0.3550720442757333
118,0.08901694827211808,0.0,0.15098305172788193,89,25,0.0,0,0,110,0.14038127697814337,0.09833333333333333,0.29591100745214854,0.3333333333333333,0.20863567129397462,0.16166666666666665,0.3550720442757333,0.4066666666666667,0.09918361493878475,0.09918361493878475,1.0,0.108,0.3586666666666667,0.14183333333333334,0.3915,0.052330974428908356,0.052330974428908356,1.0,0.1889864022795794,0.29676512123027504,0.15630469686506637,0.35794377962507923,0.059566656194774886,0.059566656194774886,1.0,0.1484932011397897,0.3277158939484709,0.14906901509919984,0.3747218898125396,0.0,0.0,1.0,0.14038127697814337,0.29591100745214854,0.20863567129397462,0.3550720442757333
119,0.08568361493878472,0.0,0.15098305172788193,109,25,0.0,0,0,110,0.14038127697814337,0.1,0.29591100745214854,0.3333333333333333,0.20863567129397462,0.16333333333333333,0.3550720442757333,0.4033333333333333,0.09918361493878475,0.09918361493878475,1.0,0.108,0.3586666666666667,0.14183333333333334,0.3915,0.052330974428908356,0.052330974428908356,1.0,0.1889864022795794,0.29676512123027504,0.15630469686506637,0.35794377962507923,0.059566656194774886,0.059566656194774886,1.0,0.1484932011397897,0.3277158939484709,0.14906901509919984,0.3747218898125396,0.0,0.0,1.0,0.14038127697814337,0.29591100745214854,0.20863567129397462,0.3550720442757333
120,0.08568361493878472,0.0,0.15098305172788193,84,25,0.0,0,1,120,0.14038127697814337,0.1,0.29591100745214854,0.3333333333333333,0.20863567129397462,0.16333333333333333,0.3550720442757333,0.4033333333333333,0.09201694827211807,0.09201694827211807,1.0,0.10283333333333333,0.34825,0.15416666666666667,0.39475,0.06223923724815986,0.06223923724815986,1.0,0.14016120428430265,0.28655914452338843,0.15596836966841574,0.4173112815238933,0.07245216129575888,0.07245216129575888,1.0,0.12149726880881799,0.3174045722616942,0.15506751816754122,0.4060306407619466,0.0,0.0,1.0,0.14038127697814337,0.29591100745214854,0.20863567129397462,0.3550720442757333
121,0.08735028160545141,0.0,0.15098305172788193,93,25,0.0,0,0,120,0.14038127697814337,0.1,0.29591100745214854,0.33166666666666667,0.20863567129397462,0.16166666666666665,0.3550720442757333,0.4066666666666667,0.09201694827211807,0.09201694827211807,1.0,0.10283333333333333,0.34825,0.15416666666666667,0.39475,0.06223923724815986,0.06223923724815986,1.0,0.14016120428430265,0.28655914452338843,0.15596836966841574,0.4173112815238933,0.07245216129575888,0.07245216129575888,1.0,0.12149726880881799,0.3174045722616942,0.15506751816754122,0.4060306407619466,0.0,0.0,1.0,0.14038127697814337,0.29591100745214854,0.20863567129397462,0.3550720442757333
122,0.08735028160545141,0.0,0.15098305172788193,103,25,0.0,0,0,120,0.14038127697814337,0.1,0.29591100745214854,0.335,0.20863567129397462,0.16166666666666665,0.3550720442757333,0.4033333333333333,0.09201694827211807,0.09201694827211807,1.0,0.10283333333333333,0.34825,0.15416666666666667,0.39475,0.06223923724815986,0.06223923724815986,1.0,0.14016120428430265,0.28655914452338843,0.15596836966841574,0.4173112815238933,0.07245216129575888,0.07245216129575888,1.0,0.12149726880881799,0.3174045722616942,0.15506751816754122,0.4060306407619466,0.0,0.0,1.0,0.14038127697814337,0.29591100745214854,0.20863567129397462,0.3550720442757333
123,0.08735028160545141,0.0,0.15098305172788193,116,25,0.0,0,0,120,0.14038127697814337,0.1,0.29591100745214854,0.335,0.20863567129397462,0.16166666666666665,0.3550720442757333,0.4033333333333333,0.09201694827211807,0.09201694827211807,1.0,0.10283333333333333,0.34825,0.15416666666666667,0.39475,0.06223923724815986,0.06223923724815986,1.0,0.14016120428430265,0.28655914452338843,0.15596836966841574,0.4173112815238933,0.07245216129575888,0.07245216129575888,1.0,0.12149726880881799,0.3174045722616942,0.15506751816754122,0.4060306407619466,0.0,0.0,1.0,0.14038127697814337,0.29591100745214854,0.20863567129397462,0.3550720442757333
124,0.08568361493878475,0.0,0.15098305172788193,103,25,0.0,0,0,120,0.14038127697814337,0.1,0.29591100745214854,0.335,0.20863567129397462,0.16333333333333333,0.3550720442757333,0.40166666666666667,0.09201694827211807,0.09201694827211807,1.0,0.10283333333333333,0.34825,0.15416666666666667,0.39475,0.06223923724815986,0.06223923724815986,1.0,0.14016120428430265,0.28655914452338843,0.15596836966841574,0.4173112815238933,0.07245216129575888,0.07245216129575888,1.0,0.12149726880881799,0.3174045722616942,0.15506751816754122,0.4060306407619466,0.0,0.0,1.0,0.14038127697814337,0.29591100745214854,0.20863567129397462,0.3550720442757333
125,0.08568361493878475,0.0,0.15098305172788193,111,25,0.0,0,0,120,0.14038127697814337,0.1,0.29591100745214854,0.335,0.20863567129397462,0.16333333333333333,0.3550720442757333,0.40166666666666667,0.09201694827211807,0.09201694827211807,1.0,0.10283333333333333,0.34825,0.15416666666666667,0.39475,0.06223923724815986,0.06223923724815986,1.0,0.14016120428430265,0.28655914452338843,0.15596836966841574,0.4173112815238933,0.07245216129575888,0.07245216129575888,1.0,0.12149726880881799,0.3174045722616942,0.15506751816754122,0.4060306407619466,0.0,0.0,1.0,0.14038127697814337,0.29591100745214854,0.20863567129397462,0.3550720442757333
126,0.08901694827211806,0.0,0.15098305172788193,101,25,0.0,0,0,120,0.14038127697814337,0.1,0.29591100745214854,0.3383333333333333,0.20863567129397462,0.16,0.3550720442757333,0.40166666666666667,0.09201694827211807,0.09201694827211807,1.0,0.10283333333333333,0.34825,0.15416666666666667,0.39475,0.06223923724815986,0.06223923724815986,1.0,0.14016120428430265,0.28655914452338843,0.15596836966841574,0.4173112815238933,0.07245216129575888,0.07245216129575888,1.0,0.12149726880881799,0.3174045722616942,0.15506751816754122,0.4060306407619466,0.0,0.0,1.0,0.14038127697814337,0.29591100745214854,0.20863567129397462,0.3550720442757333
127,0.08901694827211806,0.0,0.15098305172788193,111,25,0.0,0,0,120,0.14038127697814337,0.1,0.29591100745214854,0.3383333333333333,0.20863567129397462,0.16,0.3550720442757333,0.40166666666666667,0.09201694827211807,0.09201694827211807,1.0,0.10283333333333333,0.34825,0.15416666666666667,0.39475,0.06223923724815986,0.06223923724815986,1.0,0.14016120428430265,0.28655914452338843,0.15596836966841574,0.4173112815238933,0.07245216129575888,0.07245216129575888,1.0,0.12149726880881799,0.3174045722616942,0.15506751816754122,0.4060306407619466,0.0,0.0,1.0,0.14038127697814337,0.29591100745214854,0.20863567129397462,0.3550720442757333
128,0.08901694827211806,0.0,0.15098305172788193,109,25,0.0,0,0,120,0.14038127697814337,0.1,0.29591100745214854,0.3383333333333333,0.20863567129397462,0.16,0.3550720442757333,0.40166666666666667,0.09201694827211807,0.09201694827211807,1.0,0.10283333333333333,0.34825,0.15416666666666667,0.39475,0.06223923724815986,0.06223923724815986,1.0,0.14016120428430265,0.28655914452338843,0.15596836966841574,0.4173112815238933,0.07245216129575888,0.07245216129575888,1.0,0.12149726880881799,0.3174045722616942,0.15506751816754122,0.4060306407619466,0.0,0.0,1.0,0.14038127697814337,0.29591100745214854,0.20863567129397462,0.3550720442757333
129,0.08901694827211806,0.0,0.15098305172788193,94,25,0.0,0,0,120,0.14038127697814337,0.1,0.29591100745214854,0.3383333333333333,0.20863567129397462,0.16,0.3550720442757333,0.40166666666666667,0.09201694827211807,0.09201694827211807,1.0,0.10283333333333333,0.34825,0.15416666666666667,0.39475,0.06223923724815986,0.06223923724815986,1.0,0.14016120428430265,0.28655914452338843,0.15596836966841574,0.4173112815238933,0.07245216129575888,0.07245216129575888,1.0,0.12149726880881799,0.3174045722616942,0.15506751816754122,0.4060306407619466,0.0,0.0,1.0,0.14038127697814337,0.29591100745214854,0.20863567129397462,0.3550720442757333
130,0.08735028160545141,0.0,0.15098305172788193,106,25,0.0,0,1,130,0.14038127697814337,0.10166666666666667,0.29591100745214854,0.33666666666666667,0.20863567129397462,0.16,0.3550720442757333,0.40166666666666667,0.08860028160545141,0.08860028160545141,1.0,0.0995,0.3365,0.16091666666666668,0.40308333333333335,0.03774429779812814,0.03774429779812814,1.0,0.17812557477627156,0.2682031467496882,0.2077445968595946,0.34592668161444556,0.02587352912085164,0.02587352912085164,1.0,0.1388127873881358,0.3023515733748441,0.18433063176313064,0.3745050074738895,0.0,0.0,1.0,0.14038127697814337,0.29591100745214854,0.20863567129397462,0.3550720442757333
131,0.08901694827211806,0.0,0.15098305172788193,93,25,0.0,0,0,130,0.14038127697814337,0.1,0.29591100745214854,0.33666666666666667,0.20863567129397462,0.16,0.3550720442757333,0.4033333333333333,0.08860028160545141,0.08860028160545141,1.0,0.0995,0.3365,0.16091666666666668,0.40308333333333335,0.03774429779812814,0.03774429779812814,1.0,0.17812557477627156,0.2682031467496882,0.2077445968595946,0.34592668161444556,0.02587352912085164,0.02587352912085164,1.0,0.1388127873881358,0.3023515733748441,0.18433063176313064,0.3745050074738895,0.0,0.0,1.0,0.14038127697814337,0.29591100745214854,0.20863567129397462,0.3550720442757333
132,0.08901694827211806,0.0,0.15098305172788193,100,25,0.0,0,0,130,0.14038127697814337,0.1,0.29591100745214854,0.33666666666666667,0.20863567129397462,0.16,0.3550720442757333,0.4033333333333333,0.08860028160545141,0.08860028160545141,1.0,0.0995,0.3365,0.16091666666666668,0.40308333333333335,0.03774429779812814,0.03774429779812814,1.0,0.17812557477627156,0.2682031467496882,0.2077445968595946,0.34592668161444556,0.02587352912085164,0.02587352912085164,1.0,0.1388127873881358,0.3023515733748441,0.18433063176313064,0.3745050074738895,0.0,0.0,1.0,0.14038127697814337,0.29591100745214854,0.20863567129397462,0.3550720442757333
133,0.08901694827211806,0.0,0.15098305172788193,106,25,0.0,0,0,130,0.14038127697814337,0.1,0.29591100745214854,0.33666666666666667,0.20863567129397462,0.16,0.3550720442757333,0.4033333333333333,0.08860028160545141,0.08860028160545141,1.0,0.0995,0.3365,0.16091666666666668,0.40308333333333335,0.03774429779812814,0.03774429779812814,1.0,0.17812557477627156,0.2682031467496882,0.2077445968595946,0.34592668161444556,0.02587352912085164,0.02587352912085164,1.0,0.1388127873881358,0.3023515733748441,0.18433063176313064,0.3745050074738895,0.0,0.0,1.0,0.14038127697814337,0.29591100745214854,0.20863567129397462,0.3550720442757333
134,0.08901694827211806,0.0,0.15098305172788193,93,25,0.0,0,0,130,0.14038127697814337,0.1,0.29591100745214854,0.33666666666666667,0.20863567129397462,0.16,0.3550720442757333,0.4033333333333333,0.08860028160545141,0.08860028160545141,1.0,0.0995,0.3365,0.16091666666666668,0.40308333333333335,0.03774429779812814,0.03774429779812814,1.0,0.17812557477627156,0.2682031467496882,0.2077445968595946,0.34592668161444556,0.02587352912085164,0.02587352912085164,1.0,0.1388127873881358,0.3023515733748441,0.18433063176313064,0.3745050074738895,0.0,0.0,1.0,0.14038127697814337,0.29591100745214854,0.20863567129397462,0.3550720442757333
135,0.08735028160545141,0.0,0.15098305172788193,100,25,0.0,0,0,130,0.14038127697814337,0.1,0.29591100745214854,0.33666666666666667,0.20863567129397462,0.16166666666666665,0.3550720442757333,0.40166666666666667,0.08860028160545141,0.08860028160545141,1.0,0.0995,0.3365,0.16091666666666668,0.40308333333333335,0.03774429779812814,0.03774429779812814,1.0,0.17812557477627156,0.2682031467496882,0.2077445968595946,0.34592668161444556,0.02587352912085164,0.02587352912085164,1.0,0.1388127873881358,0.3023515733748441,0.18433063176313064,0.3745050074738895,0.0,0.0,1.0,0.14038127697814337,0.29591100745214854,0.20863567129397462,0.3550720442757333
136,0.08901694827211806,0.0,0.15098305172788193,115,25,0.0,0,0,130,0.14038127697814337,0.1,0.29591100745214854,0.33666666666666667,0.20863567129397462,0.16,0.3550720442757333,0.4033333333333333,0.08860028160545141,0.08860028160545141,1.0,0.0995,0.3365,0.16091666666666668,0.40308333333333335,0.03774429779812814,0.03774429779812814,1.0,0.17812557477627156,0.2682031467496882,0.2077445968595946,0.34592668161444556,0.02587352912085164,0.02587352912085164,1.0,0.1388127873881358,0.3023515733748441,0.18433063176313064,0.3745050074738895,0.0,0.0,1.0,0.14038127697814337,0.29591100745214854,0.20863567129397462,0.3550720442757333
137,0.08901694827211809,0.0,0.15098305172788193,116,25,0.0,0,0,130,0.14038127697814337,0.1,0.29591100745214854,0.335,0.20863567129397462,0.16,0.3550720442757333,0.405,0.08860028160545141,0.08860028160545141,1.0,0.0995,0.3365,0.16091666666666668,0.40308333333333335,0.03774429779812814,0.03774429779812814,1.0,0.17812557477627156,0.2682031467496882,0.2077445968595946,0.34592668161444556,0.02587352912085164,0.02587352912085164,1.0,0.1388127873881358,0.3023515733748441,0.18433063176313064,0.3745050074738895,0.0,0.0,1.0,0.14038127697814337,0.29591100745214854,0.20863567129397462,0.3550720442757333
138,0.08901694827211809,0.0,0.15098305172788193,99,25,0.0,0,0,130,0.14038127697814337,0.1,0.29591100745214854,0.335,0.20863567129397462,0.16,0.3550720442757333,0.405,0.08860028160545141,0.08860028160545141,1.0,0.0995,0.3365,0.16091666666666668,0.40308333333333335,0.03774429779812814,0.03774429779812814,1.0,0.17812557477627156,0.2682031467496882,0.2077445968595946,0.34592668161444556,0.02587352912085164,0.02587352912085164,1.0,0.1388127873881358,0.3023515733748441,0.18433063176313064,0.3745050074738895,0.0,0.0,1.0,0.14038127697814337,0.29591100745214854,0.20863567129397462,0.3550720442757333
139,0.08901694827211809,0.0,0.15098305172788193,96,25,0.0,0,0,130,0.14038127697814337,0.1,0.29591100745214854,0.335,0.20863567129397462,0.16,0.3550720442757333,0.405,0.08860028160545141,0.08860028160545141,1.0,0.0995,0.3365,0.16091666666666668,0.40308333333333335,0.03774429779812814,0.03774429779812814,1.0,0.17812557477627156,0.2682031467496882,0.2077445968595946,0.34592668161444556,0.02587352912085164,0.02587352912085164,1.0,0.1388127873881358,0.3023515733748441,0.18433063176313064,0.3745050074738895,0.0,0.0,1.0,0.14038127697814337,0.29591100745214854,0.20863567129397462,0.3550720442757333
140,0.08901694827211809,0.0,0.15098305172788193,108,25,0.0,0,1,140,0.14038127697814337,0.1,0.29591100745214854,0.335,0.20863567129397462,0.16,0.3550720442757333,0.405,0.08826694827211808,0.08826694827211808,1.0,0.10008333333333333,0.33608333333333335,0.16066666666666668,0.4031666666666667,0.021741673195063788,0.021741673195063788,1.0,0.15478572516831726,0.2965786452551092,0.2153052584959039,0.33333037108066954,0.03359645644000746,0.03359645644000746,1.0,0.1274345292508253,0.31633098929422127,0.1879859625812853,0.3682485188736681,0.0,0.0,1.0,0.14038127697814337,0.29591100745214854,0.20863567129397462,0.3550720442757333
141,0.08901694827211809,0.0,0.15098305172788193,100,25,0.0,0,0,140,0.14038127697814337,0.1,0.29591100745214854,0.335,0.20863567129397462,0.16,0.3550720442757333,0.405,0.08826694827211808,0.08826694827211808,1.0,0.10008333333333333,0.33608333333333335,0.16066666666666668,0.4031666666666667,0.021741673195063788,0.021741673195063788,1.0,0.15478572516831726,0.2965786452551092,0.2153052584959039,0.33333037108066954,0.03359645644000746,0.03359645644000746,1.0,0.1274345292508253,0.31633098929422127,0.1879859625812853,0.3682485188736681,0.0,0.0,1.0,0.14038127697814337,0.29591100745214854,0.20863567129397462,0.3550720442757333
142,0.08901694827211809,0.0,0.15098305172788193,98,25,0.0,0,0,140,0.14038127697814337,0.1,0.29591100745214854,0.335,0.20863567129397462,0.16,0.3550720442757333,0.405,0.08826694827211808,0.08826694827211808,1.0,0.10008333333333333,0.33608333333333335,0.16066666666666668,0.4031666666666667,0.021741673195063788,0.021741673195063788,1.0,0.15478572516831726,0.2965786452551092,0.2153052584959039,0.33333037108066954,0.03359645644000746,0.03359645644000746,1.0,0.1274345292508253,0.31633098929422127,0.1879859625812853,0.3682485188736681,0.0,0.0,1.0,0.14038127697814337,0.29591100745214854,0.20863567129397462,0.3550720442757333
143,0.08901694827211809,0.0,0.15098305172788193,104,25,0.0,0,0,140,0.14038127697814337,0.1,0.29591100745214854,0.335,0.20863567129397462,0.16,0.3550720442757333,0.405,0.08826694827211808,0.08826694827211808,1.0,0.10008333333333333,0.33608333333333335,0.16066666666666668,0.4031666666666667,0.021741673195063788,0.021741673195063788,1.0,0.15478572516831726,0.2965786452551092,0.2153052584959039,0.33333037108066954,0.03359645644000746,0.03359645644000746,1.0,0.1274345292508253,0.31633098929422127,0.1879859625812853,0.3682485188736681,0.0,0.0,1.0,0.14038127697814337,0.29591100745214854,0.20863567129397462,0.3550720442757333
144,0.08735028160545141,0.0,0.15098305172788193,100,25,0.0,0,0,140,0.14038127697814337,0.1,0.29591100745214854,0.335,0.20863567129397462,0.16166666666666665,0.3550720442757333,0.4033333333333333,0.08826694827211808,0.08826694827211808,1.0,0.10008333333333333,0.33608333333333335,0.16066666666666668,0.4031666666666667,0.021741673195063788,0.021741673195063788,1.0,0.15478572516831726,0.2965786452551092,0.2153052584959039,0.33333037108066954,0.03359645644000746,0.03359645644000746,1.0,0.1274345292508253,0.31633098929422127,0.1879859625812853,0.3682485188736681,0.0,0.0,1.0,0.14038127697814337,0.29591100745214854,0.20863567129397462,0.3550720442757333
145,0.08901694827211809,0.0,0.15098305172788193,115,25,0.0,0,0,140,0.14038127697814337,0.1,0.29591100745214854,0.335,0.20863567129397462,0.16,0.3550720442757333,0.405,0.08826694827211808,0.08826694827211808,1.0,0.10008333333333333,0.33608333333333335,0.16066666666666668,0.4031666666666667,0.021741673195063788,0.021741673195063788,1.0,0.15478572516831726,0.2965786452551092,0.2153052584959039,0.33333037108066954,0.03359645644000746,0.03359645644000746,1.0,0.1274345292508253,0.31633098929422127,0.1879859625812853,0.3682485188736681,0.0,0.0,1.0,0.14038127697814337,0.29591100745214854,0.20863567129397462,0.3550720442757333
146,0.08901694827211809,0.0,0.15098305172788193,91,25,0.0,0,0,140,0.14038127697814337,0.1,0.29591100745214854,0.335,0.20863567129397462,0.16,0.3550720442757333,0.405,0.08826694827211808,0.08826694827211808,1.0,0.10008333333333333,0.33608333333333335,0.16066666666666668,0.4031666666666667,0.021741673195063788,0.021741673195063788,1.0,0.15478572516831726,0.2965786452551092,0.2153052584959039,0.33333037108066954,0.03359645644000746,0.03359645644000746,1.0,0.1274345292508253,0.31633098929422127,0.1879859625812853,0.3682485188736681,0.0,0.0,1.0,0.14038127697814337,0.29591100745214854,0.20863567129397462,0.3550720442757333
147,0.08901694827211809,0.0,0.15098305172788193,104,25,0.0,0,0,140,0.14038127697814337,0.1,0.29591100745214854,0.335,0.20863567129397462,0.16,0.3550720442757333,0.405,0.08826694827211808,0.08826694827211808,1.0,0.10008333333333333,0.33608333333333335,0.16066666666666668,0.4031666666666667,0.021741673195063788,0.021741673195063788,1.0,0.15478572516831726,0.2965786452551092,0.2153052584959039,0.33333037108066954,0.03359645644000746,0.03359645644000746,1.0,0.1274345292508253,0.31633098929422127,0.1879859625812853,0.3682485188736681,0.0,0.0,1.0,0.14038127697814337,0.29591100745214854,0.20863567129397462,0.3550720442757333
148,0.08735028160545141,0.0,0.15098305172788193,90,25,0.0,0,0,140,0.14038127697814337,0.1,0.29591100745214854,0.335,0.20863567129397462,0.16166666666666665,0.3550720442757333,0.4033333333333333,0.08826694827211808,0.08826694827211808,1.0,0.10008333333333333,0.33608333333333335,0.16066666666666668,0.4031666666666667,0.021741673195063788,0.021741673195063788,1.0,0.15478572516831726,0.2965786452551092,0.2153052584959039,0.33333037108066954,0.03359645644000746,0.03359645644000746,1.0,0.1274345292508253,0.31633098929422127,0.1879859625812853,0.3682485188736681,0.0,0.0,1.0,0.14038127697814337,0.29591100745214854,0.20863567129397462,0.3550720442757333
149,0.08735028160545141,0.0,0.15098305172788193,127,25,0.0,0,0,140,0.14038127697814337,0.1,0.29591100745214854,0.335,0.20863567129397462,0.16166666666666665,0.3550720442757333,0.4033333333333333,0.08826694827211808,0.08826694827211808,1.0,0.10008333333333333,0.33608333333333335,0.16066666666666668,0.4031666666666667,0.021741673195063788,0.021741673195063788,1.0,0.15478572516831726,0.2965786452551092,0.2153052584959039,0.33333037108066954,0.03359645644000746,0.03359645644000746,1.0,0.1274345292508253,0.31633098929422127,0.1879859625812853,0.3682485188736681,0.0,0.0,1.0,0.14038127697814337,0.29591100745214854,0.20863567129397462,0.3550720442757333
150,0.08901694827211809,0.0,0.15098305172788193,109,25,0.0,0,1,150,0.14038127697814337,0.1,0.29591100745214854,0.335,0.20863567129397462,0.16,0.3550720442757333,0.405,0.08868361493878475,0.08868361493878475,1.0,0.1,0.3355,0.16033333333333333,0.4041666666666667,0.07148192094811659,0.07148192094811659,1.0,0.0934163853501303,0.30392595487241797,0.27210264482182184,0.33055501495562983,0.04367308430307829,0.04367308430307829,1.0,0.09670819267506515,0.31971297743620897,0.21621798907757758,0.3673608408111483,0.0,0.0,1.0,0.14038127697814337,0.29591100745214854,0.20863567129397462,0.3550720442757333
151,0.08901694827211809,0.0,0.15098305172788193,102,25,0.0,0,0,150,0.14038127697814337,0.1,0.29591100745214854,0.335,0.20863567129397462,0.16,0.3550720442757333,0.405,0.08868361493878475,0.08868361493878475,1.0,0.1,0.3355,0.16033333333333333,0.4041666666666667,0.07148192094811659,0.07148192094811659,1.0,0.0934163853501303,0.30392595487241797,0.27210264482182184,0.33055501495562983,0.04367308430307829,0.04367308430307829,1.0,0.09670819267506515,0.31971297743620897,0.21621798907757758,0.3673608408111483,0.0,0.0,1.0,0.14038127697814337,0.29591100745214854,0.20863567129397462,0.3550720442757333
152,0.08901694827211809,0.0,0.15098305172788193,90,25,0.0,0,0,150,0.14038127697814337,0.1,0.29591100745214854,0.335,0.20863567129397462,0.16,0.3550720442757333,0.405,0.08868361493878475,0.08868361493878475,1.0,0.1,0.3355,0.16033333333333333,0.4041666666666667,0.07148192094811659,0.07148192094811659,1.0,0.0934163853501303,0.30392595487241797,0.27210264482182184,0.33055501495562983,0.04367308430307829,0.04367308430307829,1.0,0.09670819267506515,0.31971297743620897,0.21621798907757758,0.3673608408111483,0.0,0.0,1.0,0.14038127697814337,0.29591100745214854,0.20863567129397462,0.3550720442757333
153,0.08901694827211809,0.0,0.15098305172788193,107,25,0.0,0,0,150,0.14038127697814337,0.1,0.29591100745214854,0.335,0.20863567129397462,0.16,0.3550720442757333,0.405,0.08868361493878475,0.08868361493878475,1.0,0.1,0.3355,0.16033333333333333,0.4041666666666667,0.07148192094811659,0.07148192094811659,1.0,0.0934163853501303,0.30392595487241797,0.27210264482182184,0.33055501495562983,0.04367308430307829,0.04367308430307829,1.0,0.09670819267506515,0.31971297743620897,0.21621798907757758,0.3673608408111483,0.0,0.0,1.0,0.14038127697814337,0.29591100745214854,0.20863567129397462,0.3550720442757333
154,0.08735028160545141,0.0,0.15098305172788193,104,25,0.0,0,0,150,0.14038127697814337,0.1,0.29591100745214854,0.335,0.20863567129397462,0.16166666666666665,0.3550720442757333,0.4033333333333333,0.08868361493878475,0.08868361493878475,1.0,0.1,0.3355,0.16033333333333333,0.4041666666666667,0.07148192094811659,0.07148192094811659,1.0,0.0934163853501303,0.30392595487241797,0.27210264482182184,0.33055501495562983,0.04367308430307829,0.04367308430307829,1.0,0.09670819267506515,0.31971297743620897,0.21621798907757758,0.3673608408111483,0.0,0.0,1.0,0.14038127697814337,0.29591100745214854,0.20863567129397462,0.3550720442757333
155,0.08901694827211809,0.0,0.15098305172788193,95,25,0.0,0,0,150,0.14038127697814337,0.1,0.29591100745214854,0.335,0.20863567129397462,0.16,0.3550720442757333,0.405,0.08868361493878475,0.08868361493878475,1.0,0.1,0.3355,0.16033333333333333,0.4041666666666667,0.07148192094811659,0.07148192094811659,1.0,0.0934163853501303,0.30392595487241797,0.27210264482182184,0.33055501495562983,0.04367308430307829,0.04367308430307829,1.0,0.09670819267506515,0.31971297743620897,0.21621798907757758,0.3673608408111483,0.0,0.0,1.0,0.14038127697814337,0.29591100745214854,0.20863567129397462,0.3550720442757333
156,0.08735028160545141,0.0,0.15098305172788193,119,25,0.0,0,0,150,0.14038127697814337,0.1,0.29591100745214854,0.335,0.20863567129397462,0.16166666666666665,0.3550720442757333,0.4033333333333333,0.08868361493878475,0.08868361493878475,1.0,0.1,0.3355,0.16033333333333333,0.4041666666666667,0.07148192094811659,0.07148192094811659,1.0,0.0934163853501303,0.30392595487241797,0.27210264482182184,0.33055501495562983,0.04367308430307829,0.04367308430307829,1.0,0.09670819267506515,0.31971297743620897,0.21621798907757758,0.3673608408111483,0.0,0.0,1.0,0.14038127697814337,0.29591100745214854,0.20863567129397462,0.3550720442757333
157,0.08735028160545141,0.0,0.15098305172788193,103,25,0.0,0,0,150,0.14038127697814337,0.1,0.29591100745214854,0.335,0.20863567129397462,0.16166666666666665,0.3550720442757333,0.4033333333333333,0.08868361493878475,0.08868361493878475,1.0,0.1,0.3355,0.16033333333333333,0.4041666666666667,0.07148192094811659,0.07148192094811659,1.0,0.0934163853501303,0.30392595487241797,0.27210264482182184,0.33055501495562983,0.04367308430307829,0.04367308430307829,1.0,0.09670819267506515,0.31971297743620897,0.21621798907757758,0.3673608408111483,0.0,0.0,1.0,0.14038127697814337,0.29591100745214854,0.20863567129397462,0.3550720442757333
158,0.08735028160545141,0.0,0.15098305172788193,109,25,0.0,0,0,150,0.14038127697814337,0.1,0.29591100745214854,0.335,0.20863567129397462,0.16166666666666665,0.3550720442757333,0.4033333333333333,0.08868361493878475,0.08868361493878475,1.0,0.1,0.3355,0.16033333333333333,0.4041666666666667,0.07148192094811659,0.07148192094811659,1.0,0.0934163853501303,0.30392595487241797,0.27210264482182184,0.33055501495562983,0.04367308430307829,0.04367308430307829,1.0,0.09670819267506515,0.31971297743620897,0.21621798907757758,0.3673608408111483,0.0,0.0,1.0,0.14038127697814337,0.29591100745214854,0.20863567129397462,0.3550720442757333
159,0.08901694827211806,0.0,0.15098305172788193,106,25,0.0,0,0,150,0.14038127697814337,0.1,0.29591100745214854,0.33166666666666667,0.20863567129397462,0.16,0.3550720442757333,0.4083333333333333,0.08868361493878475,0.08868361493878475,1.0,0.1,0.3355,0.16033333333333333,0.4041666666666667,0.07148192094811659,0.07148192094811659,1.0,0.0934163853501303,0.30392595487241797,0.27210264482182184,0.33055501495562983,0.04367308430307829,0.04367308430307829,1.0,0.09670819267506515,0.31971297743620897,0.21621798907757758,0.3673608408111483,0.0,0.0,1.0,0.14038127697814337,0.29591100745214854,0.20863567129397462,0.3550720442757333
160,0.08901694827211806,0.0,0.15098305172788193,95,25,0.0,0,1,160,0.14038127697814337,0.1,0.29591100745214854,0.33166666666666667,0.20863567129397462,0.16,0.3550720442757333,0.4083333333333333,0.08843361493878474,0.08843361493878474,1.0,0.1,0.33466666666666667,0.16058333333333333,0.40475,0.062318517226226125,0.062318517226226125,1.0,0.12146077583201631,0.2901080453557865,0.1710406173102377,0.4173905615019595,0.07247458503432438,0.07247458503432438,1.0,0.11073038791600816,0.3123873560112266,0.16581197532178552,0.41107028075097973,0.0,0.0,1.0,0.14038127697814337,0.29591100745214854,0.20863567129397462,0.3550720442757333
161,0.08901694827211806,0.0,0.15098305172788193,114,25,0.0,0,0,160,0.14038127697814337,0.1,0.29591100745214854,0.33166666666666667,0.20863567129397462,0.16,0.3550720442757333,0.4083333333333333,0.08843361493878474,0.08843361493878474,1.0,0.1,0.33466666666666667,0.16058333333333333,0.40475,0.062318517226226125,0.062318517226226125,1.0,0.12146077583201631,0.2901080453557865,0.1710406173102377,0.4173905615019595,0.07247458503432438,0.07247458503432438,1.0,0.11073038791600816,0.3123873560112266,0.16581197532178552,0.41107028075097973,0.0,0.0,1.0,0.14038127697814337,0.29591100745214854,0.20863567129397462,0.3550720442757333
162,0.08901694827211806,0.0,0.15098305172788193,100,25,0.0,0,0,160,0.14038127697814337,0.1,0.29591100745214854,0.33166666666666667,0.20863567129397462,0.16,0.3550720442757333,0.4083333333333333,0.08843361493878474,0.08843361493878474,1.0,0.1,0.33466666666666667,0.16058333333333333,0.40475,0.062318517226226125,0.062318517226226125,1.0,0.12146077583201631,0.2901080453557865,0.1710406173102377,0.4173905615019595,0.07247458503432438,0.07247458503432438,1.0,0.11073038791600816,0.3123873560112266,0.16581197532178552,0.41107028075097973,0.0,0.0,1.0,0.14038127697814337,0.29591100745214854,0.20863567129397462,0.3550720442757333
163,0.08901694827211806,0.0,0.15098305172788193,98,25,0.0,0,0,160,0.14038127697814337,0.1,0.29591100745214854,0.33166666666666667,0.20863567129397462,0.16,0.3550720442757333,0.4083333333333333,0.08843361493878474,0.08843361493878474,1.0,0.1,0.33466666666666667,0.16058333333333333,0.40475,0.062318517226226125,0.062318517226226125,1.0,0.12146077583201631,0.2901080453557865,0.1710406173102377,0.4173905615019595,0.07247458503432438,0.07247458503432438,1.0,0.11073038791600816,0.3123873560112266,0.16581197532178552,0.41107028075097973,0.0,0.0,1.0,0.14038127697814337,0.29591100745214854,0.20863567129397462,0.3550720442757333
164,0.08735028160545141,0.0,0.15098305172788193,109,25,0.0,0,0,160,0.14038127697814337,0.1,0.29591100745214854,0.33166666666666667,0.20863567129397462,0.16166666666666665,0.3550720442757333,0.4066666666666667,0.08843361493878474,0.08843361493878474,1.0,0.1,0.33466666666666667,0.16058333333333333,0.40475,0.062318517226226125,0.062318517226226125,1.0,0.12146077583201631,0.2901080453557865,0.1710406173102377,0.4173905615019595,0.07247458503432438,0.07247458503432438,1.0,0.11073038791600816,0.3123873560112266,0.16581197532178552,0.41107028075097973,0.0,0.0,1.0,0.14038127697814337,0.29591100745214854,0.20863567129397462,0.3550720442757333
165,0.08901694827211806,0.0,0.15098305172788193,122,25,0.0,0,0,160,0.14038127697814337,0.1,0.29591100745214854,0.33166666666666667,0.20863567129397462,0.16,0.3550720442757333,0.4083333333333333,0.08843361493878474,0.08843361493878474,1.0,0.1,0.33466666666666667,0.16058333333333333,0.40475,0.062318517226226125,0.062318517226226125,1.0,0.12146077583201631,0.2901080453557865,0.1710406173102377,0.4173905615019595,0.07247458503432438,0.07247458503432438,1.0,0.11073038791600816,0.3123873560112266,0.16581197532178552,0.41107028075097973,0.0,0.0,1.0,0.14038127697814337,0.29591100745214854,0.20863567129397462,0.3550720442757333
166,0.08901694827211806,0.0,0.15098305172788193,98,25,0.0,0,0,160,0.14038127697814337,0.1,0.29591100745214854,0.33166666666666667,0.20863567129397462,0.16,0.3550720442757333,0.4083333333333333,0.08843361493878474,0.08843361493878474,1.0,0.1,0.33466666666666667,0.16058333333333333,0.40475,0.062318517226226125,0.062318517226226125,1.0,0.12146077583201631,0.2901080453557865,0.1710406173102377,0.4173905615019595,0.07247458503432438,0.07247458503432438,1.0,0.11073038791600816,0.3123873560112266,0.16581197532178552,0.41107028075097973,0.0,0.0,1.0,0.14038127697814337,0.29591100745214854,0.20863567129397462,0.3550720442757333
167,0.09068361493878473,0.0,0.15098305172788193,107,25,0.0,0,0,160,0.14038127697814337,0.1,0.29591100745214854,0.33166666666666667,0.20863567129397462,0.15833333333333333,0.3550720442757333,0.41,0.08843361493878474,0.08843361493878474,1.0,0.1,0.33466666666666667,0.16058333333333333,0.40475,0.062318517226226125,0.062318517226226125,1.0,0.12146077583201631,0.2901080453557865,0.1710406173102377,0.4173905615019595,0.07247458503432438,0.07247458503432438,1.0,0.11073038791600816,0.3123873560112266,0.16581197532178552,0.41107028075097973,0.0,0.0,1.0,0.14038127697814337,0.29591100745214854,0.20863567129397462,0.3550720442757333
168,0.08901694827211806,0.0,0.15098305172788193,96,25,0.0,0,0,160,0.14038127697814337,0.1,0.29591100745214854,0.33166666666666667,0.20863567129397462,0.16,0.3550720442757333,0.4083333333333333,0.08843361493878474,0.08843361493878474,1.0,0.1,0.33466666666666667,0.16058333333333333,0.40475,0.062318517226226125,0.062318517226226125,1.0,0.12146077583201631,0.2901080453557865,0.1710406173102377,0.4173905615019595,0.07247458503432438,0.07247458503432438,1.0,0.11073038791600816,0.3123873560112266,0.16581197532178552,0.41107028075097973,0.0,0.0,1.0,0.14038127697814337,0.29591100745214854,0.20863567129397462,0.3550720442757333
169,0.09068361493878473,0.0,0.15098305172788193,117,25,0.0,0,0,160,0.14038127697814337,0.1,0.29591100745214854,0.33166666666666667,0.20863567129397462,0.15833333333333333,0.3550720442757333,0.41,0.08843361493878474,0.08843361493878474,1.0,0.1,0.33466666666666667,0.16058333333333333,0.40475,0.062318517226226125,0.062318517226226125,1.0,0.12146077583201631,0.2901080453557865,0.1710406173102377,0.4173905615019595,0.07247458503432438,0.07247458503432438,1.0,0.11073038791600816,0.3123873560112266,0.16581197532178552,0.41107028075097973,0.0,0.0,1.0,0.14038127697814337,0.29591100745214854,0.20863567129397462,0.3550720442757333
170,0.08901694827211806,0.0,0.15098305172788193,100,25,0.0,0,1,170,0.14038127697814337,0.1,0.29591100745214854,0.33166666666666667,0.20863567129397462,0.16,0.3550720442757333,0.4083333333333333,0.08876694827211808,0.08876694827211808,1.0,0.1,0.333,0.16025,0.40675,0.1392782456035691,0.1392782456035691,1.0,0.20472419653334942,0.15663276184857952,0.25436808093213853,0.38427496068593253,0.05242125735576422,0.05242125735576422,1.0,0.1523620982666747,0.24481638092428976,0.20730904046606927,0.39551248034296627,0.0,0.0,1.0,0.14038127697814337,0.29591100745214854,0.20863567129397462,0.3550720442757333
171,0.08901694827211806,0.0,0.15098305172788193,106,25,0.0,0,0,170,0.14038127697814337,0.1,0.29591100745214854,0.3333333333333333,0.20863567129397462,0.16,0.3550720442757333,0.4066666666666667,0.08876694827211808,0.08876694827211808,1.0,0.1,0.333,0.16025,0.40675,0.1392782456035691,0.1392782456035691,1.0,0.20472419653334942,0.15663276184857952,0.25436808093213853,0.38427496068593253,0.05242125735576422,0.05242125735576422,1.0,0.1523620982666747,0.24481638092428976,0.20730904046606927,0.39551248034296627,0.0,0.0,1.0,0.14038127697814337,0.29591100745214854,0.20863567129397462,0.3550720442757333
172,0.08901694827211806,0.0,0.15098305172788193,98,25,0.0,0,0,170,0.14038127697814337,0.1,0.29591100745214854,0.3333333333333333,0.20863567129397462,0.16,0.3550720442757333,0.4066666666666667,0.08876694827211808,0.08876694827211808,1.0,0.1,0.333,0.16025,0.40675,0.1392782456035691,0.1392782456035691,1.0,0.20472419653334942,0.15663276184857952,0.25436808093213853,0.38427496068593253,0.05242125735576422,0.05242125735576422,1.0,0.1523620982666747,0.24481638092428976,0.20730904046606927,0.39551248034296627,0.0,0.0,1.0,0.14038127697814337,0.29591100745214854,0.20863567129397462,0.3550720442757333
173,0.09068361493878475,0.0,0.15098305172788193,102,25,0.0,0,0,170,0.14038127697814337,0.1,0.29591100745214854,0.335,0.20863567129397462,0.15833333333333333,0.3550720442757333,0.4066666666666667,0.08876694827211808,0.08876694827211808,1.0,0.1,0.333,0.16025,0.40675,0.1392782456035691,0.1392782456035691,1.0,0.20472419653334942,0.15663276184857952,0.25436808093213853,0.38427496068593253,0.05242125735576422,0.05242125735576422,1.0,0.1523620982666747,0.24481638092428976,0.20730904046606927,0.39551248034296627,0.0,0.0,1.0,0.14038127697814337,0.29591100745214854,0.20863567129397462,0.3550720442757333
174,0.08901694827211809,0.0,0.15098305172788193,103,25,0.0,0,0,170,0.14038127697814337,0.1,0.29591100745214854,0.335,0.20863567129397462,0.16,0.3550720442757333,0.405,0.08876694827211808,0.08876694827211808,1.0,0.1,0.333,0.16025,0.40675,0.1392782456035691,0.1392782456035691,1.0,0.20472419653334942,0.15663276184857952,0.25436808093213853,0.38427496068593253,0.05242125735576422,0.05242125735576422,1.0,0.1523620982666747,0.24481638092428976,0.20730904046606927,0.39551248034296627,0.0,0.0,1.0,0.14038127697814337,0.29591100745214854,0.20863567129397462,0.3550720442757333
175,0.08901694827211806,0.0,0.15098305172788193,90,25,0.0,0,0,170,0.14038127697814337,0.1,0.29591100745214854,0.3333333333333333,0.20863567129397462,0.16,0.3550720442757333,0.4066666666666667,0.08876694827211808,0.08876694827211808,1.0,0.1,0.333,0.16025,0.40675,0.1392782456035691,0.1392782456035691,1.0,0.20472419653334942,0.15663276184857952,0.25436808093213853,0.38427496068593253,0.05242125735576422,0.05242125735576422,1.0,0.1523620982666747,0.24481638092428976,0.20730904046606927,0.39551248034296627,0.0,0.0,1.0,0.14038127697814337,0.29591100745214854,0.20863567129397462,0.3550720442757333
176,0.08901694827211806,0.0,0.15098305172788193,107,25,0.0,0,0,170,0.14038127697814337,0.1,0.29591100745214854,0.3333333333333333,0.20863567129397462,0.16,0.3550720442757333,0.4066666666666667,0.08876694827211808,0.08876694827211808,1.0,0.1,0.333,0.16025,0.40675,0.1392782456035691,0.1392782456035691,1.0,0.20472419653334942,0.15663276184857952,0.25436808093213853,0.38427496068593253,0.05242125735576422,0.05242125735576422,1.0,0.1523620982666747,0.24481638092428976,0.20730904046606927,0.39551248034296627,0.0,0.0,1.0,0.14038127697814337,0.29591100745214854,0.20863567129397462,0.3550720442757333
177,0.08901694827211806,0.0,0.15098305172788193,109,25,0.0,0,0,170,0.14038127697814337,0.1,0.29591100745214854,0.3333333333333333,0.20863567129397462,0.16,0.3550720442757333,0.4066666666666667,0.08876694827211808,0.08876694827211808,1.0,0.1,0.333,0.16025,0.40675,0.1392782456035691,0.1392782456035691,1.0,0.20472419653334942,0.15663276184857952,0.25436808093213853,0.38427496068593253,0.05242125735576422,0.05242125735576422,1.0,0.1523620982666747,0.24481638092428976,0.20730904046606927,0.39551248034296627,0.0,0.0,1.0,0.14038127697814337,0.29591100745214854,0.20863567129397462,0.3550720442757333
178,0.08901694827211806,0.0,0.15098305172788193,99,25,0.0,0,0,170,0.14038127697814337,0.1,0.29591100745214854,0.3333333333333333,0.20863567129397462,0.16,0.3550720442757333,0.4066666666666667,0.08876694827211808,0.08876694827211808,1.0,0.1,0.333,0.16025,0.40675,0.1392782456035691,0.1392782456035691,1.0,0.20472419653334942,0.15663276184857952,0.25436808093213853,0.38427496068593253,0.05242125735576422,0.05242125735576422,1.0,0.1523620982666747,0.24481638092428976,0.20730904046606927,0.39551248034296627,0.0,0.0,1.0,0.14038127697814337,0.29591100745214854,0.20863567129397462,0.3550720442757333
179,0.08901694827211806,0.0,0.15098305172788193,96,25,0.0,0,0,170,0.14038127697814337,0.1,0.29591100745214854,0.3333333333333333,0.20863567129397462,0.16,0.3550720442757333,0.4066666666666667,0.08876694827211808,0.08876694827211808,1.0,0.1,0.333,0.16025,0.40675,0.1392782456035691,0.1392782456035691,1.0,0.20472419653334942,0.15663276184857952,0.25436808093213853,0.38427496068593253,0.05242125735576422,0.05242125735576422,1.0,0.1523620982666747,0.24481638092428976,0.20730904046606927,0.39551248034296627,0.0,0.0,1.0,0.14038127697814337,0.29591100745214854,0.20863567129397462,0.3550720442757333
180,0.08901694827211806,0.0,0.15098305172788193,96,25,0.0,0,1,180,0.14038127697814337,0.1,0.29591100745214854,0.3333333333333333,0.20863567129397462,0.16,0.3550720442757333,0.4066666666666667,0.08918361493878472,0.08918361493878472,1.0,0.1,0.33266666666666667,0.15983333333333333,0.4075,0.11898387821083362,0.11898387821083362,1.0,0.14876953779197324,0.176927129241315,0.27872912455743865,0.3955742084092731,0.05711061758031451,0.05711061758031451,1.0,0.12438476889598662,0.25479689795399085,0.219281228945386,0.4015371042046365,0.0,0.0,1.0,0.14038127697814337,0.29591100745214854,0.20863567129397462,0.3550720442757333
181,0.08735028160545141,0.0,0.15098305172788193,103,25,0.0,0,0,180,0.14038127697814337,0.1,0.29591100745214854,0.33166666666666667,0.20863567129397462,0.16166666666666665,0.3550720442757333,0.4066666666666667,0.08918361493878472,0.08918361493878472,1.0,0.1,0.33266666666666667,0.15983333333333333,0.4075,0.11898387821083362,0.11898387821083362,1.0,0.14876953779197324,0.176927129241315,0.27872912455743865,0.3955742084092731,0.05711061758031451,0.05711061758031451,1.0,0.12438476889598662,0.25479689795399085,0.219281228945386,0.4015371042046365,0.0,0.0,1.0,0.14038127697814337,0.29591100745214854,0.20863567129397462,0.3550720442757333
182,0.08901694827211806,0.0,0.15098305172788193,113,25,0.0,0,0,180,0.14038127697814337,0.1,0.29591100745214854,0.33166666666666667,0.20863567129397462,0.16,0.3550720442757333,0.4083333333333333,0.08918361493878472,0.08918361493878472,1.0,0.1,0.33266666666666667,0.15983333333333333,0.4075,0.11898387821083362,0.11898387821083362,1.0,0.14876953779197324,0.176927129241315,0.27872912455743865,0.3955742084092731,0.05711061758031451,0.05711061758031451,1.0,0.12438476889598662,0.25479689795399085,0.219281228945386,0.4015371042046365,0.0,0.0,1.0,0.14038127697814337,0.29591100745214854,0.20863567129397462,0.3550720442757333
183,0.09068361493878473,0.0,0.15098305172788193,95,25,0.0,0,0,180,0.14038127697814337,0.1,0.29591100745214854,0.3333333333333333,0.20863567129397462,0.15833333333333333,0.3550720442757333,0.4083333333333333,0.08918361493878472,0.08918361493878472,1.0,0.1,0.33266666666666667,0.15983333333333333,0.4075,0.11898387821083362,0.11898387821083362,1.0,0.14876953779197324,0.176927129241315,0.27872912455743865,0.3955742084092731,0.05711061758031451,0.05711061758031451,1.0,0.12438476889598662,0.25479689795399085,0.219281228945386,0.4015371042046365,0.0,0.0,1.0,0.14038127697814337,0.29591100745214854,0.20863567129397462,0.3550720442757333
184,0.09068361493878473,0.0,0.15098305172788193,104,25,0.0,0,0,180,0.14038127697814337,0.1,0.29591100745214854,0.3333333333333333,0.20863567129397462,0.15833333333333333,0.3550720442757333,0.4083333333333333,0.08918361493878472,0.08918361493878472,1.0,0.1,0.33266666666666667,0.15983333333333333,0.4075,0.11898387821083362,0.11898387821083362,1.0,0.14876953779197324,0.176927129241315,0.27872912455743865,0.3955742084092731,0.05711061758031451,0.05711061758031451,1.0,0.12438476889598662,0.25479689795399085,0.219281228945386,0.4015371042046365,0.0,0.0,1.0,0.14038127697814337,0.29591100745214854,0.20863567129397462,0.3550720442757333
185,0.08901694827211806,0.0,0.15098305172788193,104,25,0.0,0,0,180,0.14038127697814337,0.1,0.29591100745214854,0.33,0.20863567129397462,0.16,0.3550720442757333,0.41,0.08918361493878472,0.08918361493878472,1.0,0.1,0.33266666666666667,0.15983333333333333,0.4075,0.11898387821083362,0.11898387821083362,1.0,0.14876953779197324,0.176927129241315,0.27872912455743865,0.3955742084092731,0.05711061758031451,0.05711061758031451,1.0,0.12438476889598662,0.25479689795399085,0.219281228945386,0.4015371042046365,0.0,0.0,1.0,0.14038127697814337,0.29591100745214854,0.20863567129397462,0.3550720442757333
186,0.08901694827211806,0.0,0.15098305172788193,103,25,0.0,0,0,180,0.14038127697814337,0.1,0.29591100745214854,0.33,0.20863567129397462,0.16,0.3550720442757333,0.41,0.08918361493878472,0.08918361493878472,1.0,0.1,0.33266666666666667,0.15983333333333333,0.4075,0.11898387821083362,0.11898387821083362,1.0,0.14876953779197324,0.176927129241315,0.27872912455743865,0.3955742084092731,0.05711061758031451,0.05711061758031451,1.0,0.12438476889598662,0.25479689795399085,0.219281228945386,0.4015371042046365,0.0,0.0,1.0,0.14038127697814337,0.29591100745214854,0.20863567129397462,0.3550720442757333
187,0.08901694827211806,0.0,0.15098305172788193,94,25,0.0,0,0,180,0.14038127697814337,0.1,0.29591100745214854,0.33,0.20863567129397462,0.16,0.3550720442757333,0.41,0.08918361493878472,0.08918361493878472,1.0,0.1,0.33266666666666667,0.15983333333333333,0.4075,0.11898387821083362,0.11898387821083362,1.0,0.14876953779197324,0.176927129241315,0.27872912455743865,0.3955742084092731,0.05711061758031451,0.05711061758031451,1.0,0.12438476889598662,0.25479689795399085,0.219281228945386,0.4015371042046365,0.0,0.0,1.0,0.14038127697814337,0.29591100745214854,0.20863567129397462,0.3550720442757333
188,0.08901694827211806,0.0,0.15098305172788193,109,25,0.0,0,0,180,0.14038127697814337,0.1,0.29591100745214854,0.33,0.20863567129397462,0.16,0.3550720442757333,0.41,0.08918361493878472,0.08918361493878472,1.0,0.1,0.33266666666666667,0.15983333333333333,0.4075,0.11898387821083362,0.11898387821083362,1.0,0.14876953779197324,0.176927129241315,0.27872912455743865,0.3955742084092731,0.05711061758031451,0.05711061758031451,1.0,0.12438476889598662,0.25479689795399085,0.219281228945386,0.4015371042046365,0.0,0.0,1.0,0.14038127697814337,0.29591100745214854,0.20863567129397462,0.3550720442757333
189,0.08901694827211806,0.0,0.15098305172788193,84,25,0.0,0,0,180,0.14038127697814337,0.1,0.29591100745214854,0.33,0.20863567129397462,0.16,0.3550720442757333,0.41,0.08918361493878472,0.08918361493878472,1.0,0.1,0.33266666666666667,0.15983333333333333,0.4075,0.11898387821083362,0.11898387821083362,1.0,0.14876953779197324,0.176927129241315,0.27872912455743865,0.3955742084092731,0.05711061758031451,0.05711061758031451,1.0,0.12438476889598662,0.25479689795399085,0.219281228945386,0.4015371042046365,0.0,0.0,1.0,0.14038127697814337,0.29591100745214854,0.20863567129397462,0.3550720442757333
190,0.08901694827211806,0.0,0.15098305172788193,98,25,0.0,0,1,190,0.14038127697814337,0.1,0.29591100745214854,0.33,0.20863567129397462,0.16,0.3550720442757333,0.41,0.08918361493878472,0.08918361493878472,1.0,0.1,0.3323333333333333,0.15983333333333333,0.4078333333333333,0.010204718735254609,0.010204718735254609,1.0,0.14700796457069668,0.2962188124274339,0.1984309525587201,0.3583422704431493,0.04638082304074302,0.04638082304074302,1.0,0.12350398228534834,0.3142760728803836,0.1791321429460267,0.3830878018882413,0.0,0.0,1.0,0.14038127697814337,0.29591100745214854,0.20863567129397462,0.3550720442757333
191,0.08901694827211806,0.0,0.15098305172788193,107,25,0.0,0,0,190,0.14038127697814337,0.1,0.29591100745214854,0.33,0.20863567129397462,0.16,0.3550720442757333,0.41,0.08918361493878472,0.08918361493878472,1.0,0.1,0.3323333333333333,0.15983333333333333,0.4078333333333333,0.010204718735254609,0.010204718735254609,1.0,0.14700796457069668,0.2962188124274339,0.1984309525587201,0.3583422704431493,0.04638082304074302,0.04638082304074302,1.0,0.12350398228534834,0.3142760728803836,0.1791321429460267,0.3830878018882413,0.0,0.0,1.0,0.14038127697814337,0.29591100745214854,0.20863567129397462,0.3550720442757333
192,0.08901694827211806,0.0,0.15098305172788193,91,25,0.0,0,0,190,0.14038127697814337,0.1,0.29591100745214854,0.33,0.20863567129397462,0.16,0.3550720442757333,0.41,0.08918361493878472,0.08918361493878472,1.0,0.1,0.3323333333333333,0.15983333333333333,0.4078333333333333,0.010204718735254609,0.010204718735254609,1.0,0.14700796457069668,0.2962188124274339,0.1984309525587201,0.3583422704431493,0.04638082304074302,0.04638082304074302,1.0,0.12350398228534834,0.3142760728803836,0.1791321429460267,0.3830878018882413,0.0,0.0,1.0,0.14038127697814337,0.29591100745214854,0.20863567129397462,0.3550720442757333
193,0.09068361493878473,0.0,0.15098305172788193,91,25,0.0,0,0,190,0.14038127697814337,0.1,0.29591100745214854,0.33166666666666667,0.20863567129397462,0.15833333333333333,0.3550720442757333,0.41,0.08918361493878472,0.08918361493878472,1.0,0.1,0.3323333333333333,0.15983333333333333,0.4078333333333333,0.010204718735254609,0.010204718735254609,1.0,0.14700796457069668,0.2962188124274339,0.1984309525587201,0.3583422704431493,0.04638082304074302,0.04638082304074302,1.0,0.12350398228534834,0.3142760728803836,0.1791321429460267,0.3830878018882413,0.0,0.0,1.0,0.14038127697814337,0.29591100745214854,0.20863567129397462,0.3550720442757333
194,0.08901694827211806,0.0,0.15098305172788193,106,25,0.0,0,0,190,0.14038127697814337,0.1,0.29591100745214854,0.33166666666666667,0.20863567129397462,0.16,0.3550720442757333,0.4083333333333333,0.08918361493878472,0.08918361493878472,1.0,0.1,0.3323333333333333,0.15983333333333333,0.4078333333333333,0.010204718735254609,0.010204718735254609,1.0,0.14700796457069668,0.2962188124274339,0.1984309525587201,0.3583422704431493,0.04638082304074302,0.04638082304074302,1.0,0.12350398228534834,0.3142760728803836,0.1791321429460267,0.3830878018882413,0.0,0.0,1.0,0.14038127697814337,0.29591100745214854,0.20863567129397462,0.3550720442757333
195,0.08901694827211806,0.0,0.15098305172788193,96,25,0.0,0,0,190,0.14038127697814337,0.1,0.29591100745214854,0.33166666666666667,0.20863567129397462,0.16,0.3550720442757333,0.4083333333333333,0.08918361493878472,0.08918361493878472,1.0,0.1,0.3323333333333333,0.15983333333333333,0.4078333333333333,0.010204718735254609,0.010204718735254609,1.0,0.14700796457069668,0.2962188124274339,0.1984309525587201,0.3583422704431493,0.04638082304074302,0.04638082304074302,1.0,0.12350398228534834,0.3142760728803836,0.1791321429460267,0.3830878018882413,0.0,0.0,1.0,0.14038127697814337,0.29591100745214854,0.20863567129397462,0.3550720442757333
196,0.08901694827211806,0.0,0.15098305172788193,107,25,0.0,0,0,190,0.14038127697814337,0.1,0.29591100745214854,0.33166666666666667,0.20863567129397462,0.16,0.3550720442757333,0.4083333333333333,0.08918361493878472,0.08918361493878472,1.0,0.1,0.3323333333333333,0.15983333333333333,0.4078333333333333,0.010204718735254609,0.010204718735254609,1.0,0.14700796457069668,0.2962188124274339,0.1984309525587201,0.3583422704431493,0.04638082304074302,0.04638082304074302,1.0,0.12350398228534834,0.3142760728803836,0.1791321429460267,0.3830878018882413,0.0,0.0,1.0,0.14038127697814337,0.29591100745214854,0.20863567129397462,0.3550720442757333
197,0.08735028160545141,0.0,0.15098305172788193,91,25,0.0,0,0,190,0.14038127697814337,0.1,0.29591100745214854,0.33166666666666667,0.20863567129397462,0.16166666666666665,0.3550720442757333,0.4066666666666667,0.08918361493878472,0.08918361493878472,1.0,0.1,0.3323333333333333,0.15983333333333333,0.4078333333333333,0.010204718735254609,0.010204718735254609,1.0,0.14700796457069668,0.2962188124274339,0.1984309525587201,0.3583422704431493,0.04638082304074302,0.04638082304074302,1.0,0.12350398228534834,0.3142760728803836,0.1791321429460267,0.3830878018882413,0.0,0.0,1.0,0.14038127697814337,0.29591100745214854,0.20863567129397462,0.3550720442757333
198,0.08901694827211806,0.0,0.15098305172788193,95,25,0.0,0,0,190,0.14038127697814337,0.1,0.29591100745214854,0.3333333333333333,0.20863567129397462,0.16,0.3550720442757333,0.4066666666666667,0.08918361493878472,0.08918361493878472,1.0,0.1,0.3323333333333333,0.15983333333333333,0.4078333333333333,0.010204718735254609,0.010204718735254609,1.0,0.14700796457069668,0.2962188124274339,0.1984309525587201,0.3583422704431493,0.04638082304074302,0.04638082304074302,1.0,0.12350398228534834,0.3142760728803836,0.1791321429460267,0.3830878018882413,0.0,0.0,1.0,0.14038127697814337,0.29591100745214854,0.20863567129397462,0.3550720442757333
199,0.08901694827211806,0.0,0.15098305172788193,117,25,0.0,0,0,190,0.14038127697814337,0.1,0.29591100745214854,0.3333333333333333,0.20863567129397462,0.16,0.3550720442757333,0.4066666666666667,0.08918361493878472,0.08918361493878472,1.0,0.1,0.3323333333333333,0.15983333333333333,0.4078333333333333,0.010204718735254609,0.010204718735254609,1.0,0.14700796457069668,0.2962188124274339,0.1984309525587201,0.3583422704431493,0.04638082304074302,0.04638082304074302,1.0,0.12350398228534834,0.3142760728803836,0.1791321429460267,0.3830878018882413,0.0,0.0,1.0,0.14038127697814337,0.29591100745214854,0.20863567129397462,0.3550720442757333
200,0.03735028160545142,0.0,0.15098305172788193,96,21,0.0,0,1,200,0.14038127697814337,0.11,0.29591100745214854,0.33,0.20863567129397462,0.20166666666666666,0.3550720442757333,0.35833333333333334,0.08651694827211806,0.08651694827211806,1.0,0.1005,0.33125,0.162,0.40625,0.030528722912971457,0.030528722912971457,1.0,0.14719496729443446,0.319626040048829,0.18735259529846912,0.3458263973582674,0.05049316697566625,0.05049316697566625,1.0,0.12384748364721723,0.32543802002441446,0.17467629764923456,0.3760381986791337,0.0,0.0,1.0,0.14038127697814337,0.29591100745214854,0.20863567129397462,0.3550720442757333
201,0.0974223258811847,0.0,0.15098305172788193,86,19,0.0,0,0,200,0.14038127697814337,0.11666666666666667,0.29591100745214854,0.3933333333333333,0.20863567129397462,0.20166666666666666,0.3550720442757333,0.28833333333333333,0.08651694827211806,0.08651694827211806,1.0,0.1005,0.33125,0.162,0.40625,0.030528722912971457,0.030528722912971457,1.0,0.14719496729443446,0.319626040048829,0.18735259529846912,0.3458263973582674,0.05049316697566625,0.05049316697566625,1.0,0.12384748364721723,0.32543802002441446,0.17467629764923456,0.3760381986791337,0.0,0.0,1.0,0.14038127697814337,0.29591100745214854,0.20863567129397462,0.3550720442757333
202,0.06878665458721009,0.0,0.15098305172788193,90,16,0.0,0,0,200,0.14038127697814337,0.11666666666666667,0.29591100745214854,0.3416666666666667,0.20863567129397462,0.23166666666666666,0.3550720442757333,0.31,0.08651694827211806,0.08651694827211806,1.0,0.1005,0.33125,0.162,0.40625,0.030528722912971457,0.030528722912971457,1.0,0.14719496729443446,0.319626040048829,0.18735259529846912,0.3458263973582674,0.05049316697566625,0.05049316697566625,1.0,0.12384748364721723,0.32543802002441446,0.17467629764923456,0.3760381986791337,0.0,0.0,1.0,0.14038127697814337,0.29591100745214854,0.20863567129397462,0.3550720442757333
203,0.08992795572426661,0.0,0.15098305172788193,85,16,0.0,0,0,200,0.14038127697814337,0.135,0.29591100745214854,0.25833333333333336,0.20863567129397462,0.16166666666666665,0.3550720442757333,0.445,0.08651694827211806,0.08651694827211806,1.0,0.1005,0.33125,0.162,0.40625,0.030528722912971457,0.030528722912971457,1.0,0.14719496729443446,0.319626040048829,0.18735259529846912,0.3458263973582674,0.05049316697566625,0.05049316697566625,1.0,0.12384748364721723,0.32543802002441446,0.17467629764923456,0.3760381986791337,0.0,0.0,1.0,0.14038127697814337,0.29591100745214854,0.20863567129397462,0.3550720442757333
204,0.12704104890304133,0.0,0.15098305172788193,84,18,0.0,0,0,200,0.14038127697814337,0.165,0.29591100745214854,0.3983333333333333,0.20863567129397462,0.20833333333333334,0.3550720442757333,0.22833333333333333,0.08651694827211806,0.08651694827211806,1.0,0.1005,0.33125,0.162,0.40625,0.030528722912971457,0.030528722912971457,1.0,0.14719496729443446,0.319626040048829,0.18735259529846912,0.3458263973582674,0.05049316697566625,0.05049316697566625,1.0,0.12384748364721723,0.32543802002441446,0.17467629764923456,0.3760381986791337,0.0,0.0,1.0,0.14038127697814337,0.29591100745214854,0.20863567129397462,0.3550720442757333
205,0.07091100745214862,0.0,0.15098305172788193,111,16,0.0,0,0,200,0.14038127697814337,0.15666666666666668,0.29591100745214854,0.225,0.20863567129397462,0.23666666666666666,0.3550720442757333,0.38166666666666665,0.08651694827211806,0.08651694827211806,1.0,0.1005,0.33125,0.162,0.40625,0.030528722912971457,0.030528722912971457,1.0,0.14719496729443446,0.319626040048829,0.18735259529846912,0.3458263973582674,0.05049316697566625,0.05049316697566625,1.0,0.12384748364721723,0.32543802002441446,0.17467629764923456,0.3760381986791337,0.0,0.0,1.0,0.14038127697814337,0.29591100745214854,0.20863567129397462,0.3550720442757333
206,0.13454667874612325,0.0,0.15098305172788193,93,19,0.0,0,0,200,0.14038127697814337,0.14166666666666666,0.29591100745214854,0.20833333333333334,0.20863567129397462,0.16166666666666665,0.3550720442757333,0.48833333333333334,0.08651694827211806,0.08651694827211806,1.0,0.1005,0.33125,0.162,0.40625,0.030528722912971457,0.030528722912971457,1.0,0.14719496729443446,0.319626040048829,0.18735259529846912,0.3458263973582674,0.05049316697566625,0.05049316697566625,1.0,0.12384748364721723,0.32543802002441446,0.17467629764923456,0.3760381986791337,0.0,0.0,1.0,0.14038127697814337,0.29591100745214854,0.20863567129397462,0.3550720442757333
207,0.13659462239093328,0.0,0.15098305172788193,89,21,0.0,0,0,200,0.14038127697814337,0.11666666666666667,0.29591100745214854,0.20666666666666667,0.20863567129397462,0.185,0.3550720442757333,0.49166666666666664,0.08651694827211806,0.08651694827211806,1.0,0.1005,0.33125,0.162,0.40625,0.030528722912971457,0.030528722912971457,1.0,0.14719496729443446,0.319626040048829,0.18735259529846912,0.3458263973582674,0.05049316697566625,0.05049316697566625,1.0,0.12384748364721723,0.32543802002441446,0.17467629764923456,0.3760381986791337,0.0,0.0,1.0,0.14038127697814337,0.29591100745214854,0.20863567129397462,0.3550720442757333
208,0.1165946223909333,0.0,0.15098305172788193,99,24,0.0,0,0,200,0.14038127697814337,0.11333333333333333,0.29591100745214854,0.23833333333333334,0.20863567129397462,0.17666666666666667,0.3550720442757333,0.4716666666666667,0.08651694827211806,0.08651694827211806,1.0,0.1005,0.33125,0.162,0.40625,0.030528722912971457,0.030528722912971457,1.0,0.14719496729443446,0.319626040048829,0.18735259529846912,0.3458263973582674,0.05049316697566625,0.05049316697566625,1.0,0.12384748364721723,0.32543802002441446,0.17467629764923456,0.3760381986791337,0.0,0.0,1.0,0.14038127697814337,0.29591100745214854,0.20863567129397462,0.3550720442757333
209,0.09659462239093328,0.0,0.15098305172788193,89,25,0.0,0,0,200,0.14038127697814337,0.10333333333333333,0.29591100745214854,0.2816666666666667,0.20863567129397462,0.16333333333333333,0.3550720442757333,0.45166666666666666,0.08651694827211806,0.08651694827211806,1.0,0.1005,0.33125,0.162,0.40625,0.030528722912971457,0.030528722912971457,1.0,0.14719496729443446,0.319626040048829,0.18735259529846912,0.3458263973582674,0.05049316697566625,0.05049316697566625,1.0,0.12384748364721723,0.32543802002441446,0.17467629764923456,0.3760381986791337,0.0,0.0,1.0,0.14038127697814337,0.29591100745214854,0.20863567129397462,0.3550720442757333
210,0.09826128905759995,0.0,0.15098305172788193,105,26,0.0,0,1,210,0.14038127697814337,0.10333333333333333,0.29591100745214854,0.29,0.20863567129397462,0.15333333333333332,0.3550720442757333,0.4533333333333333,0.05901694827211808,0.05901694827211808,1.0,0.11391666666666667,0.30783333333333335,0.17608333333333334,0.4021666666666667,0.12267270239885103,0.12267270239885103,1.0,0.05024545993065919,0.37393852947211087,0.1760987859426079,0.3997172246546221,0.09084482533548455,0.09084482533548455,1.0,0.08208106329866292,0.3408859314027221,0.17609105963797062,0.4009419456606444,0.0,0.0,1.0,0.14038127697814337,0.29591100745214854,0.20863567129397462,0.3550720442757333
211,0.09492795572426663,0.0,0.15098305172788193,101,26,0.0,0,0,210,0.14038127697814337,0.10333333333333333,0.29591100745214854,0.295,0.20863567129397462,0.15166666666666667,0.3550720442757333,0.45,0.05901694827211808,0.05901694827211808,1.0,0.11391666666666667,0.30783333333333335,0.17608333333333334,0.4021666666666667,0.12267270239885103,0.12267270239885103,1.0,0.05024545993065919,0.37393852947211087,0.1760987859426079,0.3997172246546221,0.09084482533548455,0.09084482533548455,1.0,0.08208106329866292,0.3408859314027221,0.17609105963797062,0.4009419456606444,0.0,0.0,1.0,0.14038127697814337,0.29591100745214854,0.20863567129397462,0.3550720442757333
212,0.08901694827211806,0.0,0.15098305172788193,104,26,0.0,0,0,210,0.14038127697814337,0.10333333333333333,0.29591100745214854,0.29833333333333334,0.20863567129397462,0.15666666666666668,0.3550720442757333,0.44166666666666665,0.05901694827211808,0.05901694827211808,1.0,0.11391666666666667,0.30783333333333335,0.17608333333333334,0.4021666666666667,0.12267270239885103,0.12267270239885103,1.0,0.05024545993065919,0.37393852947211087,0.1760987859426079,0.3997172246546221,0.09084482533548455,0.09084482533548455,1.0,0.08208106329866292,0.3408859314027221,0.17609105963797062,0.4009419456606444,0.0,0.0,1.0,0.14038127697814337,0.29591100745214854,0.20863567129397462,0.3550720442757333
213,0.09401694827211807,0.0,0.15098305172788193,98,26,0.0,0,0,210,0.14038127697814337,0.10166666666666667,0.29591100745214854,0.30333333333333334,0.20863567129397462,0.15333333333333332,0.3550720442757333,0.44166666666666665,0.05901694827211808,0.05901694827211808,1.0,0.11391666666666667,0.30783333333333335,0.17608333333333334,0.4021666666666667,0.12267270239885103,0.12267270239885103,1.0,0.05024545993065919,0.37393852947211087,0.1760987859426079,0.3997172246546221,0.09084482533548455,0.09084482533548455,1.0,0.08208106329866292,0.3408859314027221,0.17609105963797062,0.4009419456606444,0.0,0.0,1.0,0.14038127697814337,0.29591100745214854,0.20863567129397462,0.3550720442757333
214,0.09401694827211807,0.0,0.15098305172788193,111,26,0.0,0,0,210,0.14038127697814337,0.10166666666666667,0.29591100745214854,0.30333333333333334,0.20863567129397462,0.15333333333333332,0.3550720442757333,0.44166666666666665,0.05901694827211808,0.05901694827211808,1.0,0.11391666666666667,0.30783333333333335,0.17608333333333334,0.4021666666666667,0.12267270239885103,0.12267270239885103,1.0,0.05024545993065919,0.37393852947211087,0.1760987859426079,0.3997172246546221,0.09084482533548455,0.09084482533548455,1.0,0.08208106329866292,0.3408859314027221,0.17609105963797062,0.4009419456606444,0.0,0.0,1.0,0.14038127697814337,0.29591100745214854,0.20863567129397462,0.3550720442757333
215,0.09235028160545142,0.0,0.15098305172788193,98,26,0.0,0,0,210,0.14038127697814337,0.10166666666666667,0.29591100745214854,0.305,0.20863567129397462,0.155,0.3550720442757333,0.43833333333333335,0.05901694827211808,0.05901694827211808,1.0,0.11391666666666667,0.30783333333333335,0.17608333333333334,0.4021666666666667,0.12267270239885103,0.12267270239885103,1.0,0.05024545993065919,0.37393852947211087,0.1760987859426079,0.3997172246546221,0.09084482533548455,0.09084482533548455,1.0,0.08208106329866292,0.3408859314027221,0.17609105963797062,0.4009419456606444,0.0,0.0,1.0,0.14038127697814337,0.29591100745214854,0.20863567129397462,0.3550720442757333
216,0.09235028160545142,0.0,0.15098305172788193,99,26,0.0,0,0,210,0.14038127697814337,0.10333333333333333,0.29591100745214854,0.30333333333333334,0.20863567129397462,0.15333333333333332,0.3550720442757333,0.44,0.05901694827211808,0.05901694827211808,1.0,0.11391666666666667,0.30783333333333335,0.17608333333333334,0.4021666666666667,0.12267270239885103,0.12267270239885103,1.0,0.05024545993065919,0.37393852947211087,0.1760987859426079,0.3997172246546221,0.09084482533548455,0.09084482533548455,1.0,0.08208106329866292,0.3408859314027221,0.17609105963797062,0.4009419456606444,0.0,0.0,1.0,0.14038127697814337,0.29591100745214854,0.20863567129397462,0.3550720442757333
217,0.09068361493878477,0.0,0.15098305172788193,104,26,0.0,0,0,210,0.14038127697814337,0.105,0.29591100745214854,0.30333333333333334,0.20863567129397462,0.15333333333333332,0.3550720442757333,0.43833333333333335,0.05901694827211808,0.05901694827211808,1.0,0.11391666666666667,0.30783333333333335,0.17608333333333334,0.4021666666666667,0.12267270239885103,0.12267270239885103,1.0,0.05024545993065919,0.37393852947211087,0.1760987859426079,0.3997172246546221,0.09084482533548455,0.09084482533548455,1.0,0.08208106329866292,0.3408859314027221,0.17609105963797062,0.4009419456606444,0.0,0.0,1.0,0.14038127697814337,0.29591100745214854,0.20863567129397462,0.3550720442757333
218,0.09068361493878475,0.0,0.15098305172788193,111,26,0.0,0,0,210,0.14038127697814337,0.10333333333333333,0.29591100745214854,0.30333333333333334,0.20863567129397462,0.155,0.3550720442757333,0.43833333333333335,0.05901694827211808,0.05901694827211808,1.0,0.11391666666666667,0.30783333333333335,0.17608333333333334,0.4021666666666667,0.12267270239885103,0.12267270239885103,1.0,0.05024545993065919,0.37393852947211087,0.1760987859426079,0.3997172246546221,0.09084482533548455,0.09084482533548455,1.0,0.08208106329866292,0.3408859314027221,0.17609105963797062,0.4009419456606444,0.0,0.0,1.0,0.14038127697814337,0.29591100745214854,0.20863567129397462,0.3550720442757333
219,0.09235028160545142,0.0,0.15098305172788193,99,26,0.0,0,0,210,0.14038127697814337,0.10166666666666667,0.29591100745214854,0.305,0.20863567129397462,0.155,0.3550720442757333,0.43833333333333335,0.05901694827211808,0.05901694827211808,1.0,0.11391666666666667,0.30783333333333335,0.17608333333333334,0.4021666666666667,0.12267270239885103,0.12267270239885103,1.0,0.05024545993065919,0.37393852947211087,0.1760987859426079,0.3997172246546221,0.09084482533548455,0.09084482533548455,1.0,0.08208106329866292,0.3408859314027221,0.17609105963797062,0.4009419456606444,0.0,0.0,1.0,0.14038127697814337,0.29591100745214854,0.20863567129397462,0.3550720442757333
220,0.09068361493878473,0.0,0.15098305172788193,95,26,0.0,0,1,220,0.14038127697814337,0.10333333333333333,0.29591100745214854,0.305,0.20863567129397462,0.155,0.3550720442757333,0.43666666666666665,0.06567795572426663,0.06567795572426663,1.0,0.11483333333333333,0.29333333333333333,0.17108333333333334,0.42075,0.0406294371980714,0.0406294371980714,1.0,0.10467018411791584,0.2909926631143048,0.23942453706768566,0.36491261570009376,0.03775926357431347,0.03775926357431347,1.0,0.10975175872562459,0.2921629982238191,0.2052539352005095,0.3928313078500469,0.0,0.0,1.0,0.14038127697814337,0.29591100745214854,0.20863567129397462,0.3550720442757333
221,0.09068361493878473,0.0,0.15098305172788193,107,26,0.0,0,0,220,0.14038127697814337,0.10333333333333333,0.29591100745214854,0.305,0.20863567129397462,0.155,0.3550720442757333,0.43666666666666665,0.06567795572426663,0.06567795572426663,1.0,0.11483333333333333,0.29333333333333333,0.17108333333333334,0.42075,0.0406294371980714,0.0406294371980714,1.0,0.10467018411791584,0.2909926631143048,0.23942453706768566,0.36491261570009376,0.03775926357431347,0.03775926357431347,1.0,0.10975175872562459,0.2921629982238191,0.2052539352005095,0.3928313078500469,0.0,0.0,1.0,0.14038127697814337,0.29591100745214854,0.20863567129397462,0.3550720442757333
222,0.09068361493878473,0.0,0.15098305172788193,107,26,0.0,0,0,220,0.14038127697814337,0.10333333333333333,0.29591100745214854,0.305,0.20863567129397462,0.155,0.3550720442757333,0.43666666666666665,0.06567795572426663,0.06567795572426663,1.0,0.11483333333333333,0.29333333333333333,0.17108333333333334,0.42075,0.0406294371980714,0.0406294371980714,1.0,0.10467018411791584,0.2909926631143048,0.23942453706768566,0.36491261570009376,0.03775926357431347,0.03775926357431347,1.0,0.10975175872562459,0.2921629982238191,0.2052539352005095,0.3928313078500469,0.0,0.0,1.0,0.14038127697814337,0.29591100745214854,0.20863567129397462,0.3550720442757333
223,0.09068361493878477,0.0,0.15098305172788193,100,26,0.0,0,0,220,0.14038127697814337,0.105,0.29591100745214854,0.30833333333333335,0.20863567129397462,0.15333333333333332,0.3550720442757333,0.43333333333333335,0.06567795572426663,0.06567795572426663,1.0,0.11483333333333333,0.29333333333333333,0.17108333333333334,0.42075,0.0406294371980714,0.0406294371980714,1.0,0.10467018411791584,0.2909926631143048,0.23942453706768566,0.36491261570009376,0.03775926357431347,0.03775926357431347,1.0,0.10975175872562459,0.2921629982238191,0.2052539352005095,0.3928313078500469,0.0,0.0,1.0,0.14038127697814337,0.29591100745214854,0.20863567129397462,0.3550720442757333
224,0.08901694827211806,0.0,0.15098305172788193,92,26,0.0,0,0,220,0.14038127697814337,0.105,0.29591100745214854,0.30833333333333335,0.20863567129397462,0.155,0.3550720442757333,0.43166666666666664,0.06567795572426663,0.06567795572426663,1.0,0.11483333333333333,0.29333333333333333,0.17108333333333334,0.42075,0.0406294371980714,0.0406294371980714,1.0,0.10467018411791584,0.2909926631143048,0.23942453706768566,0.36491261570009376,0.03775926357431347,0.03775926357431347,1.0,0.10975175872562459,0.2921629982238191,0.2052539352005095,0.3928313078500469,0.0,0.0,1.0,0.14038127697814337,0.29591100745214854,0.20863567129397462,0.3550720442757333
225,0.08901694827211806,0.0,0.15098305172788193,99,26,0.0,0,0,220,0.14038127697814337,0.105,0.29591100745214854,0.30833333333333335,0.20863567129397462,0.155,0.3550720442757333,0.43166666666666664,0.06567795572426663,0.06567795572426663,1.0,0.11483333333333333,0.29333333333333333,0.17108333333333334,0.42075,0.0406294371980714,0.0406294371980714,1.0,0.10467018411791584,0.2909926631143048,0.23942453706768566,0.36491261570009376,0.03775926357431347,0.03775926357431347,1.0,0.10975175872562459,0.2921629982238191,0.2052539352005095,0.3928313078500469,0.0,0.0,1.0,0.14038127697814337,0.29591100745214854,0.20863567129397462,0.3550720442757333
226,0.08901694827211806,0.0,0.15098305172788193,103,26,0.0,0,0,220,0.14038127697814337,0.105,0.29591100745214854,0.30833333333333335,0.20863567129397462,0.155,0.3550720442757333,0.43166666666666664,0.06567795572426663,0.06567795572426663,1.0,0.11483333333333333,0.29333333333333333,0.17108333333333334,0.42075,0.0406294371980714,0.0406294371980714,1.0,0.10467018411791584,0.2909926631143048,0.23942453706768566,0.36491261570009376,0.03775926357431347,0.03775926357431347,1.0,0.10975175872562459,0.2921629982238191,0.2052539352005095,0.3928313078500469,0.0,0.0,1.0,0.14038127697814337,0.29591100745214854,0.20863567129397462,0.3550720442757333
227,0.08901694827211806,0.0,0.15098305172788193,108,26,0.0,0,0,220,0.14038127697814337,0.10333333333333333,0.29591100745214854,0.31,0.20863567129397462,0.15666666666666668,0.3550720442757333,0.43,0.06567795572426663,0.06567795572426663,1.0,0.11483333333333333,0.29333333333333333,0.17108333333333334,0.42075,0.0406294371980714,0.0406294371980714,1.0,0.10467018411791584,0.2909926631143048,0.23942453706768566,0.36491261570009376,0.03775926357431347,0.03775926357431347,1.0,0.10975175872562459,0.2921629982238191,0.2052539352005095,0.3928313078500469,0.0,0.0,1.0,0.14038127697814337,0.29591100745214854,0.20863567129397462,0.3550720442757333
228,0.08901694827211806,0.0,0.15098305172788193,102,26,0.0,0,0,220,0.14038127697814337,0.105,0.29591100745214854,0.31,0.20863567129397462,0.155,0.3550720442757333,0.43,0.06567795572426663,0.06567795572426663,1.0,0.11483333333333333,0.29333333333333333,0.17108333333333334,0.42075,0.0406294371980714,0.0406294371980714,1.0,0.10467018411791584,0.2909926631143048,0.23942453706768566,0.36491261570009376,0.03775926357431347,0.03775926357431347,1.0,0.10975175872562459,0.2921629982238191,0.2052539352005095,0.3928313078500469,0.0,0.0,1.0,0.14038127697814337,0.29591100745214854,0.20863567129397462,0.3550720442757333
229,0.08901694827211806,0.0,0.15098305172788193,89,26,0.0,0,0,220,0.14038127697814337,0.10333333333333333,0.29591100745214854,0.30833333333333335,0.20863567129397462,0.15666666666666668,0.3550720442757333,0.43166666666666664,0.06567795572426663,0.06567795572426663,1.0,0.11483333333333333,0.29333333333333333,0.17108333333333334,0.42075,0.0406294371980714,0.0406294371980714,1.0,0.10467018411791584,0.2909926631143048,0.23942453706768566,0.36491261570009376,0.03775926357431347,0.03775926357431347,1.0,0.10975175872562459,0.2921629982238191,0.2052539352005095,0.3928313078500469,0.0,0.0,1.0,0.14038127697814337,0.29591100745214854,0.20863567129397462,0.3550720442757333
230,0.08901694827211806,0.0,0.15098305172788193,90,26,0.0,0,1,230,0.14038127697814337,0.10333333333333333,0.29591100745214854,0.30833333333333335,0.20863567129397462,0.15666666666666668,0.3550720442757333,0.43166666666666664,0.09076694827211809,0.09076694827211809,1.0,0.1035,0.30525,0.15475,0.4365,0.10969925885706974,0.10969925885706974,1.0,0.21777188590999852,0.1862117485950789,0.22511168627459363,0.370904679220329,0.06888496131128698,0.06888496131128698,1.0,0.16063594295499925,0.24573087429753948,0.1899308431372968,0.4037023396101645,0.0,0.0,1.0,0.14038127697814337,0.29591100745214854,0.20863567129397462,0.3550720442757333
231,0.09068361493878471,0.0,0.15098305172788193,102,26,0.0,0,0,230,0.14038127697814337,0.10166666666666667,0.29591100745214854,0.31,0.20863567129397462,0.15666666666666668,0.3550720442757333,0.43166666666666664,0.09076694827211809,0.09076694827211809,1.0,0.1035,0.30525,0.15475,0.4365,0.10969925885706974,0.10969925885706974,1.0,0.21777188590999852,0.1862117485950789,0.22511168627459363,0.370904679220329,0.06888496131128698,0.06888496131128698,1.0,0.16063594295499925,0.24573087429753948,0.1899308431372968,0.4037023396101645,0.0,0.0,1.0,0.14038127697814337,0.29591100745214854,0.20863567129397462,0.3550720442757333
232,0.09068361493878471,0.0,0.15098305172788193,106,26,0.0,0,0,230,0.14038127697814337,0.10166666666666667,0.29591100745214854,0.31,0.20863567129397462,0.15666666666666668,0.3550720442757333,0.43166666666666664,0.09076694827211809,0.09076694827211809,1.0,0.1035,0.30525,0.15475,0.4365,0.10969925885706974,0.10969925885706974,1.0,0.21777188590999852,0.1862117485950789,0.22511168627459363,0.370904679220329,0.06888496131128698,0.06888496131128698,1.0,0.16063594295499925,0.24573087429753948,0.1899308431372968,0.4037023396101645,0.0,0.0,1.0,0.14038127697814337,0.29591100745214854,0.20863567129397462,0.3550720442757333
233,0.09235028160545139,0.0,0.15098305172788193,96,26,0.0,0,0,230,0.14038127697814337,0.10166666666666667,0.29591100745214854,0.31166666666666665,0.20863567129397462,0.155,0.3550720442757333,0.43166666666666664,0.09076694827211809,0.09076694827211809,1.0,0.1035,0.30525,0.15475,0.4365,0.10969925885706974,0.10969925885706974,1.0,0.21777188590999852,0.1862117485950789,0.22511168627459363,0.370904679220329,0.06888496131128698,0.06888496131128698,1.0,0.16063594295499925,0.24573087429753948,0.1899308431372968,0.4037023396101645,0.0,0.0,1.0,0.14038127697814337,0.29591100745214854,0.20863567129397462,0.3550720442757333
234,0.09235028160545142,0.0,0.15098305172788193,101,26,0.0,0,0,230,0.14038127697814337,0.10166666666666667,0.29591100745214854,0.31333333333333335,0.20863567129397462,0.155,0.3550720442757333,0.43,0.09076694827211809,0.09076694827211809,1.0,0.1035,0.30525,0.15475,0.4365,0.10969925885706974,0.10969925885706974,1.0,0.21777188590999852,0.1862117485950789,0.22511168627459363,0.370904679220329,0.06888496131128698,0.06888496131128698,1.0,0.16063594295499925,0.24573087429753948,0.1899308431372968,0.4037023396101645,0.0,0.0,1.0,0.14038127697814337,0.29591100745214854,0.20863567129397462,0.3550720442757333
235,0.09235028160545139,0.0,0.15098305172788193,91,26,0.0,0,0,230,0.14038127697814337,0.10166666666666667,0.29591100745214854,0.31166666666666665,0.20863567129397462,0.155,0.3550720442757333,0.43166666666666664,0.09076694827211809,0.09076694827211809,1.0,0.1035,0.30525,0.15475,0.4365,0.10969925885706974,0.10969925885706974,1.0,0.21777188590999852,0.1862117485950789,0.22511168627459363,0.370904679220329,0.06888496131128698,0.06888496131128698,1.0,0.16063594295499925,0.24573087429753948,0.1899308431372968,0.4037023396101645,0.0,0.0,1.0,0.14038127697814337,0.29591100745214854,0.20863567129397462,0.3550720442757333
236,0.09235028160545139,0.0,0.15098305172788193,110,26,0.0,0,0,230,0.14038127697814337,0.10166666666666667,0.29591100745214854,0.31166666666666665,0.20863567129397462,0.155,0.3550720442757333,0.43166666666666664,0.09076694827211809,0.09076694827211809,1.0,0.1035,0.30525,0.15475,0.4365,0.10969925885706974,0.10969925885706974,1.0,0.21777188590999852,0.1862117485950789,0.22511168627459363,0.370904679220329,0.06888496131128698,0.06888496131128698,1.0,0.16063594295499925,0.24573087429753948,0.1899308431372968,0.4037023396101645,0.0,0.0,1.0,0.14038127697814337,0.29591100745214854,0.20863567129397462,0.3550720442757333
237,0.09235028160545139,0.0,0.15098305172788193,92,26,0.0,0,0,230,0.14038127697814337,0.10166666666666667,0.29591100745214854,0.31166666666666665,0.20863567129397462,0.155,0.3550720442757333,0.43166666666666664,0.09076694827211809,0.09076694827211809,1.0,0.1035,0.30525,0.15475,0.4365,0.10969925885706974,0.10969925885706974,1.0,0.21777188590999852,0.1862117485950789,0.22511168627459363,0.370904679220329,0.06888496131128698,0.06888496131128698,1.0,0.16063594295499925,0.24573087429753948,0.1899308431372968,0.4037023396101645,0.0,0.0,1.0,0.14038127697814337,0.29591100745214854,0.20863567129397462,0.3550720442757333
238,0.09068361493878471,0.0,0.15098305172788193,102,26,0.0,0,0,230,0.14038127697814337,0.10166666666666667,0.29591100745214854,0.31,0.20863567129397462,0.15666666666666668,0.3550720442757333,0.43166666666666664,0.09076694827211809,0.09076694827211809,1.0,0.1035,0.30525,0.15475,0.4365,0.10969925885706974,0.10969925885706974,1.0,0.21777188590999852,0.1862117485950789,0.22511168627459363,0.370904679220329,0.06888496131128698,0.06888496131128698,1.0,0.16063594295499925,0.24573087429753948,0.1899308431372968,0.4037023396101645,0.0,0.0,1.0,0.14038127697814337,0.29591100745214854,0.20863567129397462,0.3550720442757333
239,0.09068361493878471,0.0,0.15098305172788193,91,26,0.0,0,0,230,0.14038127697814337,0.10166666666666667,0.29591100745214854,0.31,0.20863567129397462,0.15666666666666668,0.3550720442757333,0.43166666666666664,0.09076694827211809,0.09076694827211809,1.0,0.1035,0.30525,0.15475,0.4365,0.10969925885706974,0.10969925885706974,1.0,0.21777188590999852,0.1862117485950789,0.22511168627459363,0.370904679220329,0.06888496131128698,0.06888496131128698,1.0,0.16063594295499925,0.24573087429753948,0.1899308431372968,0.4037023396101645,0.0,0.0,1.0,0.14038127697814337,0.29591100745214854,0.20863567129397462,0.3550720442757333
