step,attention_error,preference_change,uniform_prior_error,interactions,pool_size,official_exposure_share,official_arrivals,observation_updated,last_observed_at,truth_0,attention_0,truth_1,attention_1,truth_2,attention_2,truth_3,attention_3,error_platform,initial_error_platform,top_accuracy_platform,estimate_platform_0,estimate_platform_1,estimate_platform_2,estimate_platform_3,error_survey,initial_error_survey,top_accuracy_survey,estimate_survey_0,estimate_survey_1,estimate_survey_2,estimate_survey_3,error_fused,initial_error_fused,top_accuracy_fused,estimate_fused_0,estimate_fused_1,estimate_fused_2,estimate_fused_3,error_oracle,initial_error_oracle,top_accuracy_oracle,estimate_oracle_0,estimate_oracle_1,estimate_oracle_2,estimate_oracle_3
0,0.08929940821181447,0.0,0.1547954151249854,85,28,0.0,0,1,0,0.3421626735798376,0.4033333333333333,0.31263274154514786,0.22333333333333333,0.12246221861146571,0.13833333333333334,0.22274236626354896,0.235,0.08929940821181447,0.08929940821181447,1.0,0.4033333333333333,0.22333333333333333,0.13833333333333334,0.235,0.06563700019017324,0.06563700019017324,1.0,0.3947474671259685,0.2647983992836029,0.10465956068283734,0.2357945729075912,0.06953264684006004,0.06953264684006004,1.0,0.3990404002296509,0.2440658663084681,0.12149644700808535,0.2353972864537956,0.0,0.0,1.0,0.3421626735798376,0.31263274154514786,0.12246221861146571,0.22274236626354896
1,0.10783732642016247,0.0,0.1547954151249854,124,30,0.0,0,0,0,0.3421626735798376,0.45,0.31263274154514786,0.25666666666666665,0.12246221861146571,0.07166666666666667,0.22274236626354896,0.22166666666666668,0.08929940821181447,0.08929940821181447,1.0,0.4033333333333333,0.22333333333333333,0.13833333333333334,0.235,0.06563700019017324,0.06563700019017324,1.0,0.3947474671259685,0.2647983992836029,0.10465956068283734,0.2357945729075912,0.06953264684006004,0.06953264684006004,1.0,0.3990404002296509,0.2440658663084681,0.12149644700808535,0.2353972864537956,0.0,0.0,1.0,0.3421626735798376,0.31263274154514786,0.12246221861146571,0.22274236626354896
2,0.1211706597534958,0.0,0.1547954151249854,125,31,0.0,0,0,0,0.3421626735798376,0.4633333333333333,0.31263274154514786,0.26,0.12246221861146571,0.06166666666666667,0.22274236626354896,0.215,0.08929940821181447,0.08929940821181447,1.0,0.4033333333333333,0.22333333333333333,0.13833333333333334,0.235,0.06563700019017324,0.06563700019017324,1.0,0.3947474671259685,0.2647983992836029,0.10465956068283734,0.2357945729075912,0.06953264684006004,0.06953264684006004,1.0,0.3990404002296509,0.2440658663084681,0.12149644700808535,0.2353972864537956,0.0,0.0,1.0,0.3421626735798376,0.31263274154514786,0.12246221861146571,0.22274236626354896
3,0.1500949601566135,0.0,0.1547954151249854,101,33,0.0,0,0,0,0.3421626735798376,0.4716666666666667,0.31263274154514786,0.23166666666666666,0.12246221861146571,0.05333333333333334,0.22274236626354896,0.24333333333333335,0.08929940821181447,0.08929940821181447,1.0,0.4033333333333333,0.22333333333333333,0.13833333333333334,0.235,0.06563700019017324,0.06563700019017324,1.0,0.3947474671259685,0.2647983992836029,0.10465956068283734,0.2357945729075912,0.06953264684006004,0.06953264684006004,1.0,0.3990404002296509,0.2440658663084681,0.12149644700808535,0.2353972864537956,0.0,0.0,1.0,0.3421626735798376,0.31263274154514786,0.12246221861146571,0.22274236626354896
4,0.13676162682328016,0.0,0.1547954151249854,119,34,0.0,0,0,0,0.3421626735798376,0.45,0.31263274154514786,0.24333333333333335,0.12246221861146571,0.055,0.22274236626354896,0.25166666666666665,0.08929940821181447,0.08929940821181447,1.0,0.4033333333333333,0.22333333333333333,0.13833333333333334,0.235,0.06563700019017324,0.06563700019017324,1.0,0.3947474671259685,0.2647983992836029,0.10465956068283734,0.2357945729075912,0.06953264684006004,0.06953264684006004,1.0,0.3990404002296509,0.2440658663084681,0.12149644700808535,0.2353972864537956,0.0,0.0,1.0,0.3421626735798376,0.31263274154514786,0.12246221861146571,0.22274236626354896
5,0.14009496015661355,0.0,0.1547954151249854,102,35,0.0,0,0,0,0.3421626735798376,0.46,0.31263274154514786,0.24166666666666667,0.12246221861146571,0.05333333333333334,0.22274236626354896,0.245,0.08929940821181447,0.08929940821181447,1.0,0.4033333333333333,0.22333333333333333,0.13833333333333334,0.235,0.06563700019017324,0.06563700019017324,1.0,0.3947474671259685,0.2647983992836029,0.10465956068283734,0.2357945729075912,0.06953264684006004,0.06953264684006004,1.0,0.3990404002296509,0.2440658663084681,0.12149644700808535,0.2353972864537956,0.0,0.0,1.0,0.3421626735798376,0.31263274154514786,0.12246221861146571,0.22274236626354896
6,0.1400949601566135,0.0,0.1547954151249854,104,36,0.0,0,0,0,0.3421626735798376,0.47333333333333333,0.31263274154514786,0.21666666666666667,0.12246221861146571,0.07833333333333334,0.22274236626354896,0.23166666666666666,0.08929940821181447,0.08929940821181447,1.0,0.4033333333333333,0.22333333333333333,0.13833333333333334,0.235,0.06563700019017324,0.06563700019017324,1.0,0.3947474671259685,0.2647983992836029,0.10465956068283734,0.2357945729075912,0.06953264684006004,0.06953264684006004,1.0,0.3990404002296509,0.2440658663084681,0.12149644700808535,0.2353972864537956,0.0,0.0,1.0,0.3421626735798376,0.31263274154514786,0.12246221861146571,0.22274236626354896
7,0.16842829348994687,0.0,0.1547954151249854,106,38,0.0,0,0,0,0.3421626735798376,0.4633333333333333,0.31263274154514786,0.22666666666666666,0.12246221861146571,0.04,0.22274236626354896,0.27,0.08929940821181447,0.08929940821181447,1.0,0.4033333333333333,0.22333333333333333,0.13833333333333334,0.235,0.06563700019017324,0.06563700019017324,1.0,0.3947474671259685,0.2647983992836029,0.10465956068283734,0.2357945729075912,0.06953264684006004,0.06953264684006004,1.0,0.3990404002296509,0.2440658663084681,0.12149644700808535,0.2353972864537956,0.0,0.0,1.0,0.3421626735798376,0.31263274154514786,0.12246221861146571,0.22274236626354896
8,0.1417616268232802,0.0,0.1547954151249854,114,38,0.0,0,0,0,0.3421626735798376,0.43166666666666664,0.31263274154514786,0.23666666666666666,0.12246221861146571,0.056666666666666664,0.22274236626354896,0.275,0.08929940821181447,0.08929940821181447,1.0,0.4033333333333333,0.22333333333333333,0.13833333333333334,0.235,0.06563700019017324,0.06563700019017324,1.0,0.3947474671259685,0.2647983992836029,0.10465956068283734,0.2357945729075912,0.06953264684006004,0.06953264684006004,1.0,0.3990404002296509,0.2440658663084681,0.12149644700808535,0.2353972864537956,0.0,0.0,1.0,0.3421626735798376,0.31263274154514786,0.12246221861146571,0.22274236626354896
9,0.12342829348994686,0.0,0.1547954151249854,102,40,0.0,0,0,0,0.3421626735798376,0.42333333333333334,0.31263274154514786,0.25666666666666665,0.12246221861146571,0.055,0.22274236626354896,0.265,0.08929940821181447,0.08929940821181447,1.0,0.4033333333333333,0.22333333333333333,0.13833333333333334,0.235,0.06563700019017324,0.06563700019017324,1.0,0.3947474671259685,0.2647983992836029,0.10465956068283734,0.2357945729075912,0.06953264684006004,0.06953264684006004,1.0,0.3990404002296509,0.2440658663084681,0.12149644700808535,0.2353972864537956,0.0,0.0,1.0,0.3421626735798376,0.31263274154514786,0.12246221861146571,0.22274236626354896
10,0.15342829348994685,0.0,0.1547954151249854,128,41,0.0,0,1,10,0.3421626735798376,0.455,0.31263274154514786,0.22833333333333333,0.12246221861146571,0.05333333333333334,0.22274236626354896,0.2633333333333333,0.131610111671765,0.131610111671765,1.0,0.4495454545454545,0.23833333333333334,0.06515151515151515,0.24696969696969698,0.039183341768759206,0.039183341768759206,1.0,0.3627260674042316,0.331252689489513,0.10770658155637068,0.19831466154988467,0.06397308739500554,0.06397308739500554,1.0,0.40613576097484305,0.28479301141142316,0.08642904835394291,0.22264217925979082,0.0,0.0,1.0,0.3421626735798376,0.31263274154514786,0.12246221861146571,0.22274236626354896
11,0.11676162682328016,0.0,0.1547954151249854,119,42,0.0,0,0,10,0.3421626735798376,0.43,0.31263274154514786,0.26,0.12246221861146571,0.058333333333333334,0.22274236626354896,0.25166666666666665,0.131610111671765,0.131610111671765,1.0,0.4495454545454545,0.23833333333333334,0.06515151515151515,0.24696969696969698,0.039183341768759206,0.039183341768759206,1.0,0.3627260674042316,0.331252689489513,0.10770658155637068,0.19831466154988467,0.06397308739500554,0.06397308739500554,1.0,0.40613576097484305,0.28479301141142316,0.08642904835394291,0.22264217925979082,0.0,0.0,1.0,0.3421626735798376,0.31263274154514786,0.12246221861146571,0.22274236626354896
12,0.14342829348994685,0.0,0.1547954151249854,102,43,0.0,0,0,10,0.3421626735798376,0.4533333333333333,0.31263274154514786,0.245,0.12246221861146571,0.04666666666666667,0.22274236626354896,0.255,0.131610111671765,0.131610111671765,1.0,0.4495454545454545,0.23833333333333334,0.06515151515151515,0.24696969696969698,0.039183341768759206,0.039183341768759206,1.0,0.3627260674042316,0.331252689489513,0.10770658155637068,0.19831466154988467,0.06397308739500554,0.06397308739500554,1.0,0.40613576097484305,0.28479301141142316,0.08642904835394291,0.22264217925979082,0.0,0.0,1.0,0.3421626735798376,0.31263274154514786,0.12246221861146571,0.22274236626354896
13,0.13009496015661354,0.0,0.1547954151249854,117,43,0.0,0,0,10,0.3421626735798376,0.4166666666666667,0.31263274154514786,0.24,0.12246221861146571,0.065,0.22274236626354896,0.2783333333333333,0.131610111671765,0.131610111671765,1.0,0.4495454545454545,0.23833333333333334,0.06515151515151515,0.24696969696969698,0.039183341768759206,0.039183341768759206,1.0,0.3627260674042316,0.331252689489513,0.10770658155637068,0.19831466154988467,0.06397308739500554,0.06397308739500554,1.0,0.40613576097484305,0.28479301141142316,0.08642904835394291,0.22264217925979082,0.0,0.0,1.0,0.3421626735798376,0.31263274154514786,0.12246221861146571,0.22274236626354896
14,0.1417616268232802,0.0,0.1547954151249854,111,44,0.0,0,0,10,0.3421626735798376,0.395,0.31263274154514786,0.21833333333333332,0.12246221861146571,0.075,0.22274236626354896,0.31166666666666665,0.131610111671765,0.131610111671765,1.0,0.4495454545454545,0.23833333333333334,0.06515151515151515,0.24696969696969698,0.039183341768759206,0.039183341768759206,1.0,0.3627260674042316,0.331252689489513,0.10770658155637068,0.19831466154988467,0.06397308739500554,0.06397308739500554,1.0,0.40613576097484305,0.28479301141142316,0.08642904835394291,0.22264217925979082,0.0,0.0,1.0,0.3421626735798376,0.31263274154514786,0.12246221861146571,0.22274236626354896
15,0.1300949601566135,0.0,0.1547954151249854,123,44,0.0,0,0,10,0.3421626735798376,0.40166666666666667,0.31263274154514786,0.24666666666666667,0.12246221861146571,0.058333333333333334,0.22274236626354896,0.29333333333333333,0.131610111671765,0.131610111671765,1.0,0.4495454545454545,0.23833333333333334,0.06515151515151515,0.24696969696969698,0.039183341768759206,0.039183341768759206,1.0,0.3627260674042316,0.331252689489513,0.10770658155637068,0.19831466154988467,0.06397308739500554,0.06397308739500554,1.0,0.40613576097484305,0.28479301141142316,0.08642904835394291,0.22264217925979082,0.0,0.0,1.0,0.3421626735798376,0.31263274154514786,0.12246221861146571,0.22274236626354896
16,0.14509496015661352,0.0,0.1547954151249854,110,45,0.0,0,0,10,0.3421626735798376,0.435,0.31263274154514786,0.23333333333333334,0.12246221861146571,0.056666666666666664,0.22274236626354896,0.275,0.131610111671765,0.131610111671765,1.0,0.4495454545454545,0.23833333333333334,0.06515151515151515,0.24696969696969698,0.039183341768759206,0.039183341768759206,1.0,0.3627260674042316,0.331252689489513,0.10770658155637068,0.19831466154988467,0.06397308739500554,0.06397308739500554,1.0,0.40613576097484305,0.28479301141142316,0.08642904835394291,0.22264217925979082,0.0,0.0,1.0,0.3421626735798376,0.31263274154514786,0.12246221861146571,0.22274236626354896
17,0.11509496015661354,0.0,0.1547954151249854,100,45,0.0,0,0,10,0.3421626735798376,0.4216666666666667,0.31263274154514786,0.24333333333333335,0.12246221861146571,0.07666666666666666,0.22274236626354896,0.25833333333333336,0.131610111671765,0.131610111671765,1.0,0.4495454545454545,0.23833333333333334,0.06515151515151515,0.24696969696969698,0.039183341768759206,0.039183341768759206,1.0,0.3627260674042316,0.331252689489513,0.10770658155637068,0.19831466154988467,0.06397308739500554,0.06397308739500554,1.0,0.40613576097484305,0.28479301141142316,0.08642904835394291,0.22264217925979082,0.0,0.0,1.0,0.3421626735798376,0.31263274154514786,0.12246221861146571,0.22274236626354896
18,0.12009496015661351,0.0,0.1547954151249854,100,45,0.0,0,0,10,0.3421626735798376,0.37666666666666665,0.31263274154514786,0.24666666666666667,0.12246221861146571,0.06833333333333333,0.22274236626354896,0.30833333333333335,0.131610111671765,0.131610111671765,1.0,0.4495454545454545,0.23833333333333334,0.06515151515151515,0.24696969696969698,0.039183341768759206,0.039183341768759206,1.0,0.3627260674042316,0.331252689489513,0.10770658155637068,0.19831466154988467,0.06397308739500554,0.06397308739500554,1.0,0.40613576097484305,0.28479301141142316,0.08642904835394291,0.22264217925979082,0.0,0.0,1.0,0.3421626735798376,0.31263274154514786,0.12246221861146571,0.22274236626354896
19,0.11176162682328018,0.0,0.1547954151249854,106,45,0.0,0,0,10,0.3421626735798376,0.40166666666666667,0.31263274154514786,0.25,0.12246221861146571,0.07333333333333333,0.22274236626354896,0.275,0.131610111671765,0.131610111671765,1.0,0.4495454545454545,0.23833333333333334,0.06515151515151515,0.24696969696969698,0.039183341768759206,0.039183341768759206,1.0,0.3627260674042316,0.331252689489513,0.10770658155637068,0.19831466154988467,0.06397308739500554,0.06397308739500554,1.0,0.40613576097484305,0.28479301141142316,0.08642904835394291,0.22264217925979082,0.0,0.0,1.0,0.3421626735798376,0.31263274154514786,0.12246221861146571,0.22274236626354896
20,0.1450949601566135,0.0,0.1547954151249854,122,45,0.0,0,1,20,0.3421626735798376,0.415,0.31263274154514786,0.22833333333333333,0.12246221861146571,0.06166666666666667,0.22274236626354896,0.295,0.13367829348994686,0.13367829348994686,1.0,0.4344166666666667,0.2405,0.06091666666666667,0.26416666666666666,0.050161292574873347,0.050161292574873347,1.0,0.32364629786361937,0.28128106053534324,0.17262351118633898,0.22244913041469838,0.05743434096243907,0.05743434096243907,1.0,0.37903148226514305,0.2608905302676716,0.11677008892650283,0.24330789854068252,0.0,0.0,1.0,0.3421626735798376,0.31263274154514786,0.12246221861146571,0.22274236626354896
21,0.12009496015661351,0.0,0.1547954151249854,101,47,0.0,0,0,20,0.3421626735798376,0.42333333333333334,0.31263274154514786,0.24833333333333332,0.12246221861146571,0.06666666666666667,0.22274236626354896,0.26166666666666666,0.13367829348994686,0.13367829348994686,1.0,0.4344166666666667,0.2405,0.06091666666666667,0.26416666666666666,0.050161292574873347,0.050161292574873347,1.0,0.32364629786361937,0.28128106053534324,0.17262351118633898,0.22244913041469838,0.05743434096243907,0.05743434096243907,1.0,0.37903148226514305,0.2608905302676716,0.11677008892650283,0.24330789854068252,0.0,0.0,1.0,0.3421626735798376,0.31263274154514786,0.12246221861146571,0.22274236626354896
22,0.0867616268232802,0.0,0.1547954151249854,101,47,0.0,0,0,20,0.3421626735798376,0.405,0.31263274154514786,0.2733333333333333,0.12246221861146571,0.075,0.22274236626354896,0.24666666666666667,0.13367829348994686,0.13367829348994686,1.0,0.4344166666666667,0.2405,0.06091666666666667,0.26416666666666666,0.050161292574873347,0.050161292574873347,1.0,0.32364629786361937,0.28128106053534324,0.17262351118633898,0.22244913041469838,0.05743434096243907,0.05743434096243907,1.0,0.37903148226514305,0.2608905302676716,0.11677008892650283,0.24330789854068252,0.0,0.0,1.0,0.3421626735798376,0.31263274154514786,0.12246221861146571,0.22274236626354896
23,0.11176162682328016,0.0,0.1547954151249854,103,49,0.0,0,0,20,0.3421626735798376,0.38166666666666665,0.31263274154514786,0.255,0.12246221861146571,0.06833333333333333,0.22274236626354896,0.295,0.13367829348994686,0.13367829348994686,1.0,0.4344166666666667,0.2405,0.06091666666666667,0.26416666666666666,0.050161292574873347,0.050161292574873347,1.0,0.32364629786361937,0.28128106053534324,0.17262351118633898,0.22244913041469838,0.05743434096243907,0.05743434096243907,1.0,0.37903148226514305,0.2608905302676716,0.11677008892650283,0.24330789854068252,0.0,0.0,1.0,0.3421626735798376,0.31263274154514786,0.12246221861146571,0.22274236626354896
24,0.11676162682328019,0.0,0.1547954151249854,95,49,0.0,0,0,20,0.3421626735798376,0.39,0.31263274154514786,0.24666666666666667,0.12246221861146571,0.07166666666666667,0.22274236626354896,0.2916666666666667,0.13367829348994686,0.13367829348994686,1.0,0.4344166666666667,0.2405,0.06091666666666667,0.26416666666666666,0.050161292574873347,0.050161292574873347,1.0,0.32364629786361937,0.28128106053534324,0.17262351118633898,0.22244913041469838,0.05743434096243907,0.05743434096243907,1.0,0.37903148226514305,0.2608905302676716,0.11677008892650283,0.24330789854068252,0.0,0.0,1.0,0.3421626735798376,0.31263274154514786,0.12246221861146571,0.22274236626354896
25,0.12176162682328018,0.0,0.1547954151249854,112,50,0.0,0,0,20,0.3421626735798376,0.39666666666666667,0.31263274154514786,0.25166666666666665,0.12246221861146571,0.06166666666666667,0.22274236626354896,0.29,0.13367829348994686,0.13367829348994686,1.0,0.4344166666666667,0.2405,0.06091666666666667,0.26416666666666666,0.050161292574873347,0.050161292574873347,1.0,0.32364629786361937,0.28128106053534324,0.17262351118633898,0.22244913041469838,0.05743434096243907,0.05743434096243907,1.0,0.37903148226514305,0.2608905302676716,0.11677008892650283,0.24330789854068252,0.0,0.0,1.0,0.3421626735798376,0.31263274154514786,0.12246221861146571,0.22274236626354896
26,0.10842829348994684,0.0,0.1547954151249854,82,51,0.0,0,0,20,0.3421626735798376,0.3933333333333333,0.31263274154514786,0.24666666666666667,0.12246221861146571,0.08,0.22274236626354896,0.28,0.13367829348994686,0.13367829348994686,1.0,0.4344166666666667,0.2405,0.06091666666666667,0.26416666666666666,0.050161292574873347,0.050161292574873347,1.0,0.32364629786361937,0.28128106053534324,0.17262351118633898,0.22244913041469838,0.05743434096243907,0.05743434096243907,1.0,0.37903148226514305,0.2608905302676716,0.11677008892650283,0.24330789854068252,0.0,0.0,1.0,0.3421626735798376,0.31263274154514786,0.12246221861146571,0.22274236626354896
27,0.09342829348994687,0.0,0.1547954151249854,111,52,0.0,0,0,20,0.3421626735798376,0.4,0.31263274154514786,0.26666666666666666,0.12246221861146571,0.075,0.22274236626354896,0.25833333333333336,0.13367829348994686,0.13367829348994686,1.0,0.4344166666666667,0.2405,0.06091666666666667,0.26416666666666666,0.050161292574873347,0.050161292574873347,1.0,0.32364629786361937,0.28128106053534324,0.17262351118633898,0.22244913041469838,0.05743434096243907,0.05743434096243907,1.0,0.37903148226514305,0.2608905302676716,0.11677008892650283,0.24330789854068252,0.0,0.0,1.0,0.3421626735798376,0.31263274154514786,0.12246221861146571,0.22274236626354896
28,0.11176162682328018,0.0,0.1547954151249854,102,53,0.0,0,0,20,0.3421626735798376,0.38,0.31263274154514786,0.25833333333333336,0.12246221861146571,0.065,0.22274236626354896,0.2966666666666667,0.13367829348994686,0.13367829348994686,1.0,0.4344166666666667,0.2405,0.06091666666666667,0.26416666666666666,0.050161292574873347,0.050161292574873347,1.0,0.32364629786361937,0.28128106053534324,0.17262351118633898,0.22244913041469838,0.05743434096243907,0.05743434096243907,1.0,0.37903148226514305,0.2608905302676716,0.11677008892650283,0.24330789854068252,0.0,0.0,1.0,0.3421626735798376,0.31263274154514786,0.12246221861146571,0.22274236626354896
29,0.1367616268232802,0.0,0.1547954151249854,111,53,0.0,0,0,20,0.3421626735798376,0.4066666666666667,0.31263274154514786,0.245,0.12246221861146571,0.05333333333333334,0.22274236626354896,0.295,0.13367829348994686,0.13367829348994686,1.0,0.4344166666666667,0.2405,0.06091666666666667,0.26416666666666666,0.050161292574873347,0.050161292574873347,1.0,0.32364629786361937,0.28128106053534324,0.17262351118633898,0.22244913041469838,0.05743434096243907,0.05743434096243907,1.0,0.37903148226514305,0.2608905302676716,0.11677008892650283,0.24330789854068252,0.0,0.0,1.0,0.3421626735798376,0.31263274154514786,0.12246221861146571,0.22274236626354896
30,0.1050949601566135,0.0,0.1547954151249854,91,53,0.0,0,1,30,0.3421626735798376,0.42,0.31263274154514786,0.265,0.12246221861146571,0.065,0.22274236626354896,0.25,0.12059496015661351,0.12059496015661351,1.0,0.4071666666666667,0.24841666666666667,0.06608333333333333,0.2783333333333333,0.04754084542243147,0.04754084542243147,1.0,0.35812644169041197,0.33845925979644326,0.12821277767202735,0.17520152084111743,0.0445089414223782,0.0445089414223782,1.0,0.3826465541785393,0.29343796323155497,0.09714805550268034,0.22676742708722536,0.0,0.0,1.0,0.3421626735798376,0.31263274154514786,0.12246221861146571,0.22274236626354896
31,0.11509496015661351,0.0,0.1547954151249854,121,54,0.0,0,0,30,0.3421626735798376,0.39166666666666666,0.31263274154514786,0.26166666666666666,0.12246221861146571,0.058333333333333334,0.22274236626354896,0.28833333333333333,0.12059496015661351,0.12059496015661351,1.0,0.4071666666666667,0.24841666666666667,0.06608333333333333,0.2783333333333333,0.04754084542243147,0.04754084542243147,1.0,0.35812644169041197,0.33845925979644326,0.12821277767202735,0.17520152084111743,0.0445089414223782,0.0445089414223782,1.0,0.3826465541785393,0.29343796323155497,0.09714805550268034,0.22676742708722536,0.0,0.0,1.0,0.3421626735798376,0.31263274154514786,0.12246221861146571,0.22274236626354896
32,0.11509496015661354,0.0,0.1547954151249854,111,57,0.0,0,0,30,0.3421626735798376,0.405,0.31263274154514786,0.25,0.12246221861146571,0.07,0.22274236626354896,0.275,0.12059496015661351,0.12059496015661351,1.0,0.4071666666666667,0.24841666666666667,0.06608333333333333,0.2783333333333333,0.04754084542243147,0.04754084542243147,1.0,0.35812644169041197,0.33845925979644326,0.12821277767202735,0.17520152084111743,0.0445089414223782,0.0445089414223782,1.0,0.3826465541785393,0.29343796323155497,0.09714805550268034,0.22676742708722536,0.0,0.0,1.0,0.3421626735798376,0.31263274154514786,0.12246221861146571,0.22274236626354896
33,0.12342829348994687,0.0,0.1547954151249854,121,58,0.0,0,0,30,0.3421626735798376,0.39166666666666666,0.31263274154514786,0.25166666666666665,0.12246221861146571,0.06,0.22274236626354896,0.2966666666666667,0.12059496015661351,0.12059496015661351,1.0,0.4071666666666667,0.24841666666666667,0.06608333333333333,0.2783333333333333,0.04754084542243147,0.04754084542243147,1.0,0.35812644169041197,0.33845925979644326,0.12821277767202735,0.17520152084111743,0.0445089414223782,0.0445089414223782,1.0,0.3826465541785393,0.29343796323155497,0.09714805550268034,0.22676742708722536,0.0,0.0,1.0,0.3421626735798376,0.31263274154514786,0.12246221861146571,0.22274236626354896
34,0.09842829348994683,0.0,0.1547954151249854,112,58,0.0,0,0,30,0.3421626735798376,0.37,0.31263274154514786,0.275,0.12246221861146571,0.06166666666666667,0.22274236626354896,0.29333333333333333,0.12059496015661351,0.12059496015661351,1.0,0.4071666666666667,0.24841666666666667,0.06608333333333333,0.2783333333333333,0.04754084542243147,0.04754084542243147,1.0,0.35812644169041197,0.33845925979644326,0.12821277767202735,0.17520152084111743,0.0445089414223782,0.0445089414223782,1.0,0.3826465541785393,0.29343796323155497,0.09714805550268034,0.22676742708722536,0.0,0.0,1.0,0.3421626735798376,0.31263274154514786,0.12246221861146571,0.22274236626354896
35,0.12842829348994683,0.0,0.1547954151249854,96,59,0.0,0,0,30,0.3421626735798376,0.39666666666666667,0.31263274154514786,0.23666666666666666,0.12246221861146571,0.07,0.22274236626354896,0.2966666666666667,0.12059496015661351,0.12059496015661351,1.0,0.4071666666666667,0.24841666666666667,0.06608333333333333,0.2783333333333333,0.04754084542243147,0.04754084542243147,1.0,0.35812644169041197,0.33845925979644326,0.12821277767202735,0.17520152084111743,0.0445089414223782,0.0445089414223782,1.0,0.3826465541785393,0.29343796323155497,0.09714805550268034,0.22676742708722536,0.0,0.0,1.0,0.3421626735798376,0.31263274154514786,0.12246221861146571,0.22274236626354896
36,0.1000949601566135,0.0,0.1547954151249854,98,59,0.0,0,0,30,0.3421626735798376,0.37166666666666665,0.31263274154514786,0.24833333333333332,0.12246221861146571,0.08666666666666667,0.22274236626354896,0.29333333333333333,0.12059496015661351,0.12059496015661351,1.0,0.4071666666666667,0.24841666666666667,0.06608333333333333,0.2783333333333333,0.04754084542243147,0.04754084542243147,1.0,0.35812644169041197,0.33845925979644326,0.12821277767202735,0.17520152084111743,0.0445089414223782,0.0445089414223782,1.0,0.3826465541785393,0.29343796323155497,0.09714805550268034,0.22676742708722536,0.0,0.0,1.0,0.3421626735798376,0.31263274154514786,0.12246221861146571,0.22274236626354896
37,0.08842829348994688,0.0,0.1547954151249854,108,60,0.0,0,0,30,0.3421626735798376,0.37833333333333335,0.31263274154514786,0.2633333333333333,0.12246221861146571,0.08333333333333333,0.22274236626354896,0.275,0.12059496015661351,0.12059496015661351,1.0,0.4071666666666667,0.24841666666666667,0.06608333333333333,0.2783333333333333,0.04754084542243147,0.04754084542243147,1.0,0.35812644169041197,0.33845925979644326,0.12821277767202735,0.17520152084111743,0.0445089414223782,0.0445089414223782,1.0,0.3826465541785393,0.29343796323155497,0.09714805550268034,0.22676742708722536,0.0,0.0,1.0,0.3421626735798376,0.31263274154514786,0.12246221861146571,0.22274236626354896
38,0.1050949601566135,0.0,0.1547954151249854,98,61,0.0,0,0,30,0.3421626735798376,0.39166666666666666,0.31263274154514786,0.26166666666666666,0.12246221861146571,0.06833333333333333,0.22274236626354896,0.2783333333333333,0.12059496015661351,0.12059496015661351,1.0,0.4071666666666667,0.24841666666666667,0.06608333333333333,0.2783333333333333,0.04754084542243147,0.04754084542243147,1.0,0.35812644169041197,0.33845925979644326,0.12821277767202735,0.17520152084111743,0.0445089414223782,0.0445089414223782,1.0,0.3826465541785393,0.29343796323155497,0.09714805550268034,0.22676742708722536,0.0,0.0,1.0,0.3421626735798376,0.31263274154514786,0.12246221861146571,0.22274236626354896
39,0.10342829348994685,0.0,0.1547954151249854,98,62,0.0,0,0,30,0.3421626735798376,0.38166666666666665,0.31263274154514786,0.2733333333333333,0.12246221861146571,0.058333333333333334,0.22274236626354896,0.2866666666666667,0.12059496015661351,0.12059496015661351,1.0,0.4071666666666667,0.24841666666666667,0.06608333333333333,0.2783333333333333,0.04754084542243147,0.04754084542243147,1.0,0.35812644169041197,0.33845925979644326,0.12821277767202735,0.17520152084111743,0.0445089414223782,0.0445089414223782,1.0,0.3826465541785393,0.29343796323155497,0.09714805550268034,0.22676742708722536,0.0,0.0,1.0,0.3421626735798376,0.31263274154514786,0.12246221861146571,0.22274236626354896
40,0.09676162682328017,0.0,0.1547954151249854,108,63,0.0,0,1,40,0.3421626735798376,0.37166666666666665,0.31263274154514786,0.2783333333333333,0.12246221861146571,0.06,0.22274236626354896,0.29,0.10934496015661348,0.10934496015661348,1.0,0.3923333333333333,0.25783333333333336,0.06791666666666667,0.28191666666666665,0.07497873975778593,0.07497873975778593,1.0,0.3618392723468276,0.29407878222973916,0.06603743816908844,0.2780445072543448,0.09216184995719974,0.09216184995719974,1.0,0.3770863028400805,0.27595605778153626,0.06697705241787755,0.27998058696050576,0.0,0.0,1.0,0.3421626735798376,0.31263274154514786,0.12246221861146571,0.22274236626354896
41,0.0850949601566135,0.0,0.1547954151249854,114,64,0.0,0,0,40,0.3421626735798376,0.37833333333333335,0.31263274154514786,0.28,0.12246221861146571,0.07,0.22274236626354896,0.27166666666666667,0.10934496015661348,0.10934496015661348,1.0,0.3923333333333333,0.25783333333333336,0.06791666666666667,0.28191666666666665,0.07497873975778593,0.07497873975778593,1.0,0.3618392723468276,0.29407878222973916,0.06603743816908844,0.2780445072543448,0.09216184995719974,0.09216184995719974,1.0,0.3770863028400805,0.27595605778153626,0.06697705241787755,0.27998058696050576,0.0,0.0,1.0,0.3421626735798376,0.31263274154514786,0.12246221861146571,0.22274236626354896
42,0.08509496015661354,0.0,0.1547954151249854,106,65,0.0,0,0,40,0.3421626735798376,0.405,0.31263274154514786,0.285,0.12246221861146571,0.065,0.22274236626354896,0.245,0.10934496015661348,0.10934496015661348,1.0,0.3923333333333333,0.25783333333333336,0.06791666666666667,0.28191666666666665,0.07497873975778593,0.07497873975778593,1.0,0.3618392723468276,0.29407878222973916,0.06603743816908844,0.2780445072543448,0.09216184995719974,0.09216184995719974,1.0,0.3770863028400805,0.27595605778153626,0.06697705241787755,0.27998058696050576,0.0,0.0,1.0,0.3421626735798376,0.31263274154514786,0.12246221861146571,0.22274236626354896
43,0.0850949601566135,0.0,0.1547954151249854,117,66,0.0,0,0,40,0.3421626735798376,0.38166666666666665,0.31263274154514786,0.27666666666666667,0.12246221861146571,0.07333333333333333,0.22274236626354896,0.2683333333333333,0.10934496015661348,0.10934496015661348,1.0,0.3923333333333333,0.25783333333333336,0.06791666666666667,0.28191666666666665,0.07497873975778593,0.07497873975778593,1.0,0.3618392723468276,0.29407878222973916,0.06603743816908844,0.2780445072543448,0.09216184995719974,0.09216184995719974,1.0,0.3770863028400805,0.27595605778153626,0.06697705241787755,0.27998058696050576,0.0,0.0,1.0,0.3421626735798376,0.31263274154514786,0.12246221861146571,0.22274236626354896
44,0.07676162682328017,0.0,0.1547954151249854,111,68,0.0,0,0,40,0.3421626735798376,0.38666666666666666,0.31263274154514786,0.2866666666666667,0.12246221861146571,0.07166666666666667,0.22274236626354896,0.255,0.10934496015661348,0.10934496015661348,1.0,0.3923333333333333,0.25783333333333336,0.06791666666666667,0.28191666666666665,0.07497873975778593,0.07497873975778593,1.0,0.3618392723468276,0.29407878222973916,0.06603743816908844,0.2780445072543448,0.09216184995719974,0.09216184995719974,1.0,0.3770863028400805,0.27595605778153626,0.06697705241787755,0.27998058696050576,0.0,0.0,1.0,0.3421626735798376,0.31263274154514786,0.12246221861146571,0.22274236626354896
45,0.09009496015661352,0.0,0.1547954151249854,93,68,0.0,0,0,40,0.3421626735798376,0.37833333333333335,0.31263274154514786,0.27666666666666667,0.12246221861146571,0.06833333333333333,0.22274236626354896,0.27666666666666667,0.10934496015661348,0.10934496015661348,1.0,0.3923333333333333,0.25783333333333336,0.06791666666666667,0.28191666666666665,0.07497873975778593,0.07497873975778593,1.0,0.3618392723468276,0.29407878222973916,0.06603743816908844,0.2780445072543448,0.09216184995719974,0.09216184995719974,1.0,0.3770863028400805,0.27595605778153626,0.06697705241787755,0.27998058696050576,0.0,0.0,1.0,0.3421626735798376,0.31263274154514786,0.12246221861146571,0.22274236626354896
46,0.0700949601566135,0.0,0.1547954151249854,104,68,0.0,0,0,40,0.3421626735798376,0.38,0.31263274154514786,0.3016666666666667,0.12246221861146571,0.06333333333333334,0.22274236626354896,0.255,0.10934496015661348,0.10934496015661348,1.0,0.3923333333333333,0.25783333333333336,0.06791666666666667,0.28191666666666665,0.07497873975778593,0.07497873975778593,1.0,0.3618392723468276,0.29407878222973916,0.06603743816908844,0.2780445072543448,0.09216184995719974,0.09216184995719974,1.0,0.3770863028400805,0.27595605778153626,0.06697705241787755,0.27998058696050576,0.0,0.0,1.0,0.3421626735798376,0.31263274154514786,0.12246221861146571,0.22274236626354896
47,0.09342829348994684,0.0,0.1547954151249854,106,69,0.0,0,0,40,0.3421626735798376,0.43,0.31263274154514786,0.27166666666666667,0.12246221861146571,0.07,0.22274236626354896,0.22833333333333333,0.10934496015661348,0.10934496015661348,1.0,0.3923333333333333,0.25783333333333336,0.06791666666666667,0.28191666666666665,0.07497873975778593,0.07497873975778593,1.0,0.3618392723468276,0.29407878222973916,0.06603743816908844,0.2780445072543448,0.09216184995719974,0.09216184995719974,1.0,0.3770863028400805,0.27595605778153626,0.06697705241787755,0.27998058696050576,0.0,0.0,1.0,0.3421626735798376,0.31263274154514786,0.12246221861146571,0.22274236626354896
48,0.09842829348994685,0.0,0.1547954151249854,103,69,0.0,0,0,40,0.3421626735798376,0.4166666666666667,0.31263274154514786,0.2866666666666667,0.12246221861146571,0.05,0.22274236626354896,0.24666666666666667,0.10934496015661348,0.10934496015661348,1.0,0.3923333333333333,0.25783333333333336,0.06791666666666667,0.28191666666666665,0.07497873975778593,0.07497873975778593,1.0,0.3618392723468276,0.29407878222973916,0.06603743816908844,0.2780445072543448,0.09216184995719974,0.09216184995719974,1.0,0.3770863028400805,0.27595605778153626,0.06697705241787755,0.27998058696050576,0.0,0.0,1.0,0.3421626735798376,0.31263274154514786,0.12246221861146571,0.22274236626354896
49,0.11676162682328019,0.0,0.1547954151249854,92,70,0.0,0,0,40,0.3421626735798376,0.39,0.31263274154514786,0.275,0.12246221861146571,0.043333333333333335,0.22274236626354896,0.2916666666666667,0.10934496015661348,0.10934496015661348,1.0,0.3923333333333333,0.25783333333333336,0.06791666666666667,0.28191666666666665,0.07497873975778593,0.07497873975778593,1.0,0.3618392723468276,0.29407878222973916,0.06603743816908844,0.2780445072543448,0.09216184995719974,0.09216184995719974,1.0,0.3770863028400805,0.27595605778153626,0.06697705241787755,0.27998058696050576,0.0,0.0,1.0,0.3421626735798376,0.31263274154514786,0.12246221861146571,0.22274236626354896
50,0.07342829348994687,0.0,0.1547954151249854,113,70,0.0,0,1,50,0.3421626735798376,0.38,0.31263274154514786,0.29,0.12246221861146571,0.07166666666666667,0.22274236626354896,0.25833333333333336,0.09742829348994683,0.09742829348994683,1.0,0.3888333333333333,0.2715,0.06616666666666667,0.2735,0.07348679651700693,0.07348679651700693,1.0,0.31573456991859766,0.3079244396335008,0.1959490151284726,0.18039197531942897,0.02292052172839739,0.02292052172839739,1.0,0.3522839516259655,0.28971221981675044,0.13105784089756964,0.2269459876597145,0.0,0.0,1.0,0.3421626735798376,0.31263274154514786,0.12246221861146571,0.22274236626354896
51,0.09676162682328018,0.0,0.1547954151249854,101,70,0.0,0,0,50,0.3421626735798376,0.38666666666666666,0.31263274154514786,0.26666666666666666,0.12246221861146571,0.07166666666666667,0.22274236626354896,0.275,0.09742829348994683,0.09742829348994683,1.0,0.3888333333333333,0.2715,0.06616666666666667,0.2735,0.07348679651700693,0.07348679651700693,1.0,0.31573456991859766,0.3079244396335008,0.1959490151284726,0.18039197531942897,0.02292052172839739,0.02292052172839739,1.0,0.3522839516259655,0.28971221981675044,0.13105784089756964,0.2269459876597145,0.0,0.0,1.0,0.3421626735798376,0.31263274154514786,0.12246221861146571,0.22274236626354896
52,0.11176162682328018,0.0,0.1547954151249854,108,70,0.0,0,0,50,0.3421626735798376,0.42,0.31263274154514786,0.2633333333333333,0.12246221861146571,0.06,0.22274236626354896,0.25666666666666665,0.09742829348994683,0.09742829348994683,1.0,0.3888333333333333,0.2715,0.06616666666666667,0.2735,0.07348679651700693,0.07348679651700693,1.0,0.31573456991859766,0.3079244396335008,0.1959490151284726,0.18039197531942897,0.02292052172839739,0.02292052172839739,1.0,0.3522839516259655,0.28971221981675044,0.13105784089756964,0.2269459876597145,0.0,0.0,1.0,0.3421626735798376,0.31263274154514786,0.12246221861146571,0.22274236626354896
53,0.09009496015661353,0.0,0.1547954151249854,96,71,0.0,0,0,50,0.3421626735798376,0.38333333333333336,0.31263274154514786,0.29,0.12246221861146571,0.055,0.22274236626354896,0.27166666666666667,0.09742829348994683,0.09742829348994683,1.0,0.3888333333333333,0.2715,0.06616666666666667,0.2735,0.07348679651700693,0.07348679651700693,1.0,0.31573456991859766,0.3079244396335008,0.1959490151284726,0.18039197531942897,0.02292052172839739,0.02292052172839739,1.0,0.3522839516259655,0.28971221981675044,0.13105784089756964,0.2269459876597145,0.0,0.0,1.0,0.3421626735798376,0.31263274154514786,0.12246221861146571,0.22274236626354896
54,0.09842829348994685,0.0,0.1547954151249854,96,72,0.0,0,0,50,0.3421626735798376,0.38666666666666666,0.31263274154514786,0.2733333333333333,0.12246221861146571,0.06333333333333334,0.22274236626354896,0.27666666666666667,0.09742829348994683,0.09742829348994683,1.0,0.3888333333333333,0.2715,0.06616666666666667,0.2735,0.07348679651700693,0.07348679651700693,1.0,0.31573456991859766,0.3079244396335008,0.1959490151284726,0.18039197531942897,0.02292052172839739,0.02292052172839739,1.0,0.3522839516259655,0.28971221981675044,0.13105784089756964,0.2269459876597145,0.0,0.0,1.0,0.3421626735798376,0.31263274154514786,0.12246221861146571,0.22274236626354896
55,0.07176162682328016,0.0,0.1547954151249854,93,72,0.0,0,0,50,0.3421626735798376,0.375,0.31263274154514786,0.2966666666666667,0.12246221861146571,0.06666666666666667,0.22274236626354896,0.26166666666666666,0.09742829348994683,0.09742829348994683,1.0,0.3888333333333333,0.2715,0.06616666666666667,0.2735,0.07348679651700693,0.07348679651700693,1.0,0.31573456991859766,0.3079244396335008,0.1959490151284726,0.18039197531942897,0.02292052172839739,0.02292052172839739,1.0,0.3522839516259655,0.28971221981675044,0.13105784089756964,0.2269459876597145,0.0,0.0,1.0,0.3421626735798376,0.31263274154514786,0.12246221861146571,0.22274236626354896
56,0.07842829348994683,0.0,0.1547954151249854,121,72,0.0,0,0,50,0.3421626735798376,0.3883333333333333,0.31263274154514786,0.30833333333333335,0.12246221861146571,0.04833333333333333,0.22274236626354896,0.255,0.09742829348994683,0.09742829348994683,1.0,0.3888333333333333,0.2715,0.06616666666666667,0.2735,0.07348679651700693,0.07348679651700693,1.0,0.31573456991859766,0.3079244396335008,0.1959490151284726,0.18039197531942897,0.02292052172839739,0.02292052172839739,1.0,0.3522839516259655,0.28971221981675044,0.13105784089756964,0.2269459876597145,0.0,0.0,1.0,0.3421626735798376,0.31263274154514786,0.12246221861146571,0.22274236626354896
57,0.06676162682328018,0.0,0.1547954151249854,103,72,0.0,0,0,50,0.3421626735798376,0.385,0.31263274154514786,0.28833333333333333,0.12246221861146571,0.08,0.22274236626354896,0.24666666666666667,0.09742829348994683,0.09742829348994683,1.0,0.3888333333333333,0.2715,0.06616666666666667,0.2735,0.07348679651700693,0.07348679651700693,1.0,0.31573456991859766,0.3079244396335008,0.1959490151284726,0.18039197531942897,0.02292052172839739,0.02292052172839739,1.0,0.3522839516259655,0.28971221981675044,0.13105784089756964,0.2269459876597145,0.0,0.0,1.0,0.3421626735798376,0.31263274154514786,0.12246221861146571,0.22274236626354896
58,0.05509496015661352,0.0,0.1547954151249854,98,72,0.0,0,0,50,0.3421626735798376,0.36333333333333334,0.31263274154514786,0.30666666666666664,0.12246221861146571,0.07333333333333333,0.22274236626354896,0.25666666666666665,0.09742829348994683,0.09742829348994683,1.0,0.3888333333333333,0.2715,0.06616666666666667,0.2735,0.07348679651700693,0.07348679651700693,1.0,0.31573456991859766,0.3079244396335008,0.1959490151284726,0.18039197531942897,0.02292052172839739,0.02292052172839739,1.0,0.3522839516259655,0.28971221981675044,0.13105784089756964,0.2269459876597145,0.0,0.0,1.0,0.3421626735798376,0.31263274154514786,0.12246221861146571,0.22274236626354896
59,0.09176162682328018,0.0,0.1547954151249854,93,73,0.0,0,0,50,0.3421626735798376,0.405,0.31263274154514786,0.2816666666666667,0.12246221861146571,0.06166666666666667,0.22274236626354896,0.25166666666666665,0.09742829348994683,0.09742829348994683,1.0,0.3888333333333333,0.2715,0.06616666666666667,0.2735,0.07348679651700693,0.07348679651700693,1.0,0.31573456991859766,0.3079244396335008,0.1959490151284726,0.18039197531942897,0.02292052172839739,0.02292052172839739,1.0,0.3522839516259655,0.28971221981675044,0.13105784089756964,0.2269459876597145,0.0,0.0,1.0,0.3421626735798376,0.31263274154514786,0.12246221861146571,0.22274236626354896
60,0.06746221861146565,0.0,0.1547954151249854,106,74,0.0,0,1,60,0.3421626735798376,0.37833333333333335,0.31263274154514786,0.32166666666666666,0.12246221861146571,0.055,0.22274236626354896,0.245,0.08467829348994685,0.08467829348994685,1.0,0.3899166666666667,0.28633333333333333,0.06408333333333334,0.25966666666666666,0.08915972843592221,0.08915972843592221,1.0,0.2845001386940934,0.2811355479949698,0.15375737134555603,0.28060694196538083,0.04739443805247482,0.04739443805247482,1.0,0.33720840268038005,0.28373444066415154,0.10892035233944469,0.2701368043160237,0.0,0.0,1.0,0.3421626735798376,0.31263274154514786,0.12246221861146571,0.22274236626354896
61,0.0800949601566135,0.0,0.1547954151249854,122,74,0.0,0,0,60,0.3421626735798376,0.38333333333333336,0.31263274154514786,0.28,0.12246221861146571,0.075,0.22274236626354896,0.26166666666666666,0.08467829348994685,0.08467829348994685,1.0,0.3899166666666667,0.28633333333333333,0.06408333333333334,0.25966666666666666,0.08915972843592221,0.08915972843592221,1.0,0.2845001386940934,0.2811355479949698,0.15375737134555603,0.28060694196538083,0.04739443805247482,0.04739443805247482,1.0,0.33720840268038005,0.28373444066415154,0.10892035233944469,0.2701368043160237,0.0,0.0,1.0,0.3421626735798376,0.31263274154514786,0.12246221861146571,0.22274236626354896
62,0.09009496015661349,0.0,0.1547954151249854,104,74,0.0,0,0,60,0.3421626735798376,0.3883333333333333,0.31263274154514786,0.2866666666666667,0.12246221861146571,0.058333333333333334,0.22274236626354896,0.26666666666666666,0.08467829348994685,0.08467829348994685,1.0,0.3899166666666667,0.28633333333333333,0.06408333333333334,0.25966666666666666,0.08915972843592221,0.08915972843592221,1.0,0.2845001386940934,0.2811355479949698,0.15375737134555603,0.28060694196538083,0.04739443805247482,0.04739443805247482,1.0,0.33720840268038005,0.28373444066415154,0.10892035233944469,0.2701368043160237,0.0,0.0,1.0,0.3421626735798376,0.31263274154514786,0.12246221861146571,0.22274236626354896
63,0.08676162682328017,0.0,0.1547954151249854,100,75,0.0,0,0,60,0.3421626735798376,0.3983333333333333,0.31263274154514786,0.27666666666666667,0.12246221861146571,0.07166666666666667,0.22274236626354896,0.25333333333333335,0.08467829348994685,0.08467829348994685,1.0,0.3899166666666667,0.28633333333333333,0.06408333333333334,0.25966666666666666,0.08915972843592221,0.08915972843592221,1.0,0.2845001386940934,0.2811355479949698,0.15375737134555603,0.28060694196538083,0.04739443805247482,0.04739443805247482,1.0,0.33720840268038005,0.28373444066415154,0.10892035233944469,0.2701368043160237,0.0,0.0,1.0,0.3421626735798376,0.31263274154514786,0.12246221861146571,0.22274236626354896
64,0.07509496015661353,0.0,0.1547954151249854,107,75,0.0,0,0,60,0.3421626735798376,0.395,0.31263274154514786,0.3,0.12246221861146571,0.06,0.22274236626354896,0.245,0.08467829348994685,0.08467829348994685,1.0,0.3899166666666667,0.28633333333333333,0.06408333333333334,0.25966666666666666,0.08915972843592221,0.08915972843592221,1.0,0.2845001386940934,0.2811355479949698,0.15375737134555603,0.28060694196538083,0.04739443805247482,0.04739443805247482,1.0,0.33720840268038005,0.28373444066415154,0.10892035233944469,0.2701368043160237,0.0,0.0,1.0,0.3421626735798376,0.31263274154514786,0.12246221861146571,0.22274236626354896
65,0.055795551944798974,0.0,0.1547954151249854,87,76,0.0,0,0,60,0.3421626735798376,0.36,0.31263274154514786,0.325,0.12246221861146571,0.06666666666666667,0.22274236626354896,0.24833333333333332,0.08467829348994685,0.08467829348994685,1.0,0.3899166666666667,0.28633333333333333,0.06408333333333334,0.25966666666666666,0.08915972843592221,0.08915972843592221,1.0,0.2845001386940934,0.2811355479949698,0.15375737134555603,0.28060694196538083,0.04739443805247482,0.04739443805247482,1.0,0.33720840268038005,0.28373444066415154,0.10892035233944469,0.2701368043160237,0.0,0.0,1.0,0.3421626735798376,0.31263274154514786,0.12246221861146571,0.22274236626354896
66,0.07009496015661348,0.0,0.1547954151249854,103,76,0.0,0,0,60,0.3421626735798376,0.36666666666666664,0.31263274154514786,0.2966666666666667,0.12246221861146571,0.06833333333333333,0.22274236626354896,0.2683333333333333,0.08467829348994685,0.08467829348994685,1.0,0.3899166666666667,0.28633333333333333,0.06408333333333334,0.25966666666666666,0.08915972843592221,0.08915972843592221,1.0,0.2845001386940934,0.2811355479949698,0.15375737134555603,0.28060694196538083,0.04739443805247482,0.04739443805247482,1.0,0.33720840268038005,0.28373444066415154,0.10892035233944469,0.2701368043160237,0.0,0.0,1.0,0.3421626735798376,0.31263274154514786,0.12246221861146571,0.22274236626354896
67,0.07342829348994687,0.0,0.1547954151249854,113,77,0.0,0,0,60,0.3421626735798376,0.38333333333333336,0.31263274154514786,0.3,0.12246221861146571,0.06166666666666667,0.22274236626354896,0.255,0.08467829348994685,0.08467829348994685,1.0,0.3899166666666667,0.28633333333333333,0.06408333333333334,0.25966666666666666,0.08915972843592221,0.08915972843592221,1.0,0.2845001386940934,0.2811355479949698,0.15375737134555603,0.28060694196538083,0.04739443805247482,0.04739443805247482,1.0,0.33720840268038005,0.28373444066415154,0.10892035233944469,0.2701368043160237,0.0,0.0,1.0,0.3421626735798376,0.31263274154514786,0.12246221861146571,0.22274236626354896
68,0.07176162682328016,0.0,0.1547954151249854,107,79,0.0,0,0,60,0.3421626735798376,0.38166666666666665,0.31263274154514786,0.30333333333333334,0.12246221861146571,0.06,0.22274236626354896,0.255,0.08467829348994685,0.08467829348994685,1.0,0.3899166666666667,0.28633333333333333,0.06408333333333334,0.25966666666666666,0.08915972843592221,0.08915972843592221,1.0,0.2845001386940934,0.2811355479949698,0.15375737134555603,0.28060694196538083,0.04739443805247482,0.04739443805247482,1.0,0.33720840268038005,0.28373444066415154,0.10892035233944469,0.2701368043160237,0.0,0.0,1.0,0.3421626735798376,0.31263274154514786,0.12246221861146571,0.22274236626354896
69,0.06842829348994685,0.0,0.1547954151249854,103,79,0.0,0,0,60,0.3421626735798376,0.395,0.31263274154514786,0.2816666666666667,0.12246221861146571,0.085,0.22274236626354896,0.23833333333333334,0.08467829348994685,0.08467829348994685,1.0,0.3899166666666667,0.28633333333333333,0.06408333333333334,0.25966666666666666,0.08915972843592221,0.08915972843592221,1.0,0.2845001386940934,0.2811355479949698,0.15375737134555603,0.28060694196538083,0.04739443805247482,0.04739443805247482,1.0,0.33720840268038005,0.28373444066415154,0.10892035233944469,0.2701368043160237,0.0,0.0,1.0,0.3421626735798376,0.31263274154514786,0.12246221861146571,0.22274236626354896
70,0.06079555194479899,0.0,0.1547954151249854,97,79,0.0,0,1,70,0.3421626735798376,0.34833333333333333,0.31263274154514786,0.31833333333333336,0.12246221861146571,0.06166666666666667,0.22274236626354896,0.27166666666666667,0.07667829348994684,0.07667829348994684,1.0,0.38358333333333333,0.29325,0.06516666666666666,0.258,0.05097787022830581,0.05097787022830581,0.0,0.34674070736337953,0.35903257798991167,0.09685930885148729,0.1973674057952215,0.041449230852388684,0.041449230852388684,1.0,0.36516202034835643,0.32614128899495587,0.08101298775907698,0.22768370289761075,0.0,0.0,1.0,0.3421626735798376,0.31263274154514786,0.12246221861146571,0.22274236626354896
71,0.07009496015661351,0.0,0.1547954151249854,98,80,0.0,0,0,70,0.3421626735798376,0.38,0.31263274154514786,0.30333333333333334,0.12246221861146571,0.06166666666666667,0.22274236626354896,0.255,0.07667829348994684,0.07667829348994684,1.0,0.38358333333333333,0.29325,0.06516666666666666,0.258,0.05097787022830581,0.05097787022830581,0.0,0.34674070736337953,0.35903257798991167,0.09685930885148729,0.1973674057952215,0.041449230852388684,0.041449230852388684,1.0,0.36516202034835643,0.32614128899495587,0.08101298775907698,0.22768370289761075,0.0,0.0,1.0,0.3421626735798376,0.31263274154514786,0.12246221861146571,0.22274236626354896
72,0.055094960156613526,0.0,0.1547954151249854,102,80,0.0,0,0,70,0.3421626735798376,0.39,0.31263274154514786,0.305,0.12246221861146571,0.075,0.22274236626354896,0.23,0.07667829348994684,0.07667829348994684,1.0,0.38358333333333333,0.29325,0.06516666666666666,0.258,0.05097787022830581,0.05097787022830581,0.0,0.34674070736337953,0.35903257798991167,0.09685930885148729,0.1973674057952215,0.041449230852388684,0.041449230852388684,1.0,0.36516202034835643,0.32614128899495587,0.08101298775907698,0.22768370289761075,0.0,0.0,1.0,0.3421626735798376,0.31263274154514786,0.12246221861146571,0.22274236626354896
73,0.050795551944798956,0.0,0.1547954151249854,106,80,0.0,0,0,70,0.3421626735798376,0.345,0.31263274154514786,0.3333333333333333,0.12246221861146571,0.07166666666666667,0.22274236626354896,0.25,0.07667829348994684,0.07667829348994684,1.0,0.38358333333333333,0.29325,0.06516666666666666,0.258,0.05097787022830581,0.05097787022830581,0.0,0.34674070736337953,0.35903257798991167,0.09685930885148729,0.1973674057952215,0.041449230852388684,0.041449230852388684,1.0,0.36516202034835643,0.32614128899495587,0.08101298775907698,0.22768370289761075,0.0,0.0,1.0,0.3421626735798376,0.31263274154514786,0.12246221861146571,0.22274236626354896
74,0.0750949601566135,0.0,0.1547954151249854,116,81,0.0,0,0,70,0.3421626735798376,0.39166666666666666,0.31263274154514786,0.31,0.12246221861146571,0.05,0.22274236626354896,0.24833333333333332,0.07667829348994684,0.07667829348994684,1.0,0.38358333333333333,0.29325,0.06516666666666666,0.258,0.05097787022830581,0.05097787022830581,0.0,0.34674070736337953,0.35903257798991167,0.09685930885148729,0.1973674057952215,0.041449230852388684,0.041449230852388684,1.0,0.36516202034835643,0.32614128899495587,0.08101298775907698,0.22768370289761075,0.0,0.0,1.0,0.3421626735798376,0.31263274154514786,0.12246221861146571,0.22274236626354896
75,0.06783732642016246,0.0,0.1547954151249854,110,82,0.0,0,0,70,0.3421626735798376,0.41,0.31263274154514786,0.31166666666666665,0.12246221861146571,0.06166666666666667,0.22274236626354896,0.21666666666666667,0.07667829348994684,0.07667829348994684,1.0,0.38358333333333333,0.29325,0.06516666666666666,0.258,0.05097787022830581,0.05097787022830581,0.0,0.34674070736337953,0.35903257798991167,0.09685930885148729,0.1973674057952215,0.041449230852388684,0.041449230852388684,1.0,0.36516202034835643,0.32614128899495587,0.08101298775907698,0.22768370289761075,0.0,0.0,1.0,0.3421626735798376,0.31263274154514786,0.12246221861146571,0.22274236626354896
76,0.08176162682328017,0.0,0.1547954151249854,111,83,0.0,0,0,70,0.3421626735798376,0.4066666666666667,0.31263274154514786,0.29833333333333334,0.12246221861146571,0.055,0.22274236626354896,0.24,0.07667829348994684,0.07667829348994684,1.0,0.38358333333333333,0.29325,0.06516666666666666,0.258,0.05097787022830581,0.05097787022830581,0.0,0.34674070736337953,0.35903257798991167,0.09685930885148729,0.1973674057952215,0.041449230852388684,0.041449230852388684,1.0,0.36516202034835643,0.32614128899495587,0.08101298775907698,0.22768370289761075,0.0,0.0,1.0,0.3421626735798376,0.31263274154514786,0.12246221861146571,0.22274236626354896
77,0.06342829348994684,0.0,0.1547954151249854,92,83,0.0,0,0,70,0.3421626735798376,0.38666666666666666,0.31263274154514786,0.3,0.12246221861146571,0.07166666666666667,0.22274236626354896,0.24166666666666667,0.07667829348994684,0.07667829348994684,1.0,0.38358333333333333,0.29325,0.06516666666666666,0.258,0.05097787022830581,0.05097787022830581,0.0,0.34674070736337953,0.35903257798991167,0.09685930885148729,0.1973674057952215,0.041449230852388684,0.041449230852388684,1.0,0.36516202034835643,0.32614128899495587,0.08101298775907698,0.22768370289761075,0.0,0.0,1.0,0.3421626735798376,0.31263274154514786,0.12246221861146571,0.22274236626354896
78,0.054128885278132303,0.0,0.1547954151249854,105,83,0.0,0,0,70,0.3421626735798376,0.37166666666666665,0.31263274154514786,0.31666666666666665,0.12246221861146571,0.06833333333333333,0.22274236626354896,0.24333333333333335,0.07667829348994684,0.07667829348994684,1.0,0.38358333333333333,0.29325,0.06516666666666666,0.258,0.05097787022830581,0.05097787022830581,0.0,0.34674070736337953,0.35903257798991167,0.09685930885148729,0.1973674057952215,0.041449230852388684,0.041449230852388684,1.0,0.36516202034835643,0.32614128899495587,0.08101298775907698,0.22768370289761075,0.0,0.0,1.0,0.3421626735798376,0.31263274154514786,0.12246221861146571,0.22274236626354896
79,0.06746221861146565,0.0,0.1547954151249854,104,83,0.0,0,0,70,0.3421626735798376,0.36833333333333335,0.31263274154514786,0.32,0.12246221861146571,0.055,0.22274236626354896,0.25666666666666665,0.07667829348994684,0.07667829348994684,1.0,0.38358333333333333,0.29325,0.06516666666666666,0.258,0.05097787022830581,0.05097787022830581,0.0,0.34674070736337953,0.35903257798991167,0.09685930885148729,0.1973674057952215,0.041449230852388684,0.041449230852388684,1.0,0.36516202034835643,0.32614128899495587,0.08101298775907698,0.22768370289761075,0.0,0.0,1.0,0.3421626735798376,0.31263274154514786,0.12246221861146571,0.22274236626354896
80,0.061761626823280194,0.0,0.1547954151249854,104,86,0.0,0,1,80,0.3421626735798376,0.39,0.31263274154514786,0.30666666666666664,0.12246221861146571,0.06666666666666667,0.22274236626354896,0.23666666666666666,0.06617829348994686,0.06617829348994686,1.0,0.382,0.30366666666666664,0.06525,0.24908333333333332,0.13552930812508834,0.13552930812508834,1.0,0.3716303279770185,0.17710343342005944,0.16632270274615255,0.28494353585676946,0.07892355874017418,0.07892355874017418,1.0,0.3768151639885092,0.24038505004336302,0.11578635137307627,0.2670134345950514,0.0,0.0,1.0,0.3421626735798376,0.31263274154514786,0.12246221861146571,0.22274236626354896
81,0.06853791820834793,0.0,0.1547954151249854,111,87,0.0,0,0,80,0.3421626735798376,0.4066666666666667,0.31263274154514786,0.31666666666666665,0.12246221861146571,0.06333333333333334,0.22274236626354896,0.21333333333333335,0.06617829348994686,0.06617829348994686,1.0,0.382,0.30366666666666664,0.06525,0.24908333333333332,0.13552930812508834,0.13552930812508834,1.0,0.3716303279770185,0.17710343342005944,0.16632270274615255,0.28494353585676946,0.07892355874017418,0.07892355874017418,1.0,0.3768151639885092,0.24038505004336302,0.11578635137307627,0.2670134345950514,0.0,0.0,1.0,0.3421626735798376,0.31263274154514786,0.12246221861146571,0.22274236626354896
82,0.10676162682328015,0.0,0.1547954151249854,102,87,0.0,0,0,80,0.3421626735798376,0.415,0.31263274154514786,0.275,0.12246221861146571,0.05333333333333334,0.22274236626354896,0.25666666666666665,0.06617829348994686,0.06617829348994686,1.0,0.382,0.30366666666666664,0.06525,0.24908333333333332,0.13552930812508834,0.13552930812508834,1.0,0.3716303279770185,0.17710343342005944,0.16632270274615255,0.28494353585676946,0.07892355874017418,0.07892355874017418,1.0,0.3768151639885092,0.24038505004336302,0.11578635137307627,0.2670134345950514,0.0,0.0,1.0,0.3421626735798376,0.31263274154514786,0.12246221861146571,0.22274236626354896
83,0.0591288852781323,0.0,0.1547954151249854,102,88,0.0,0,0,80,0.3421626735798376,0.37666666666666665,0.31263274154514786,0.32,0.12246221861146571,0.06333333333333334,0.22274236626354896,0.24,0.06617829348994686,0.06617829348994686,1.0,0.382,0.30366666666666664,0.06525,0.24908333333333332,0.13552930812508834,0.13552930812508834,1.0,0.3716303279770185,0.17710343342005944,0.16632270274615255,0.28494353585676946,0.07892355874017418,0.07892355874017418,1.0,0.3768151639885092,0.24038505004336302,0.11578635137307627,0.2670134345950514,0.0,0.0,1.0,0.3421626735798376,0.31263274154514786,0.12246221861146571,0.22274236626354896
84,0.08176162682328017,0.0,0.1547954151249854,112,90,0.0,0,0,80,0.3421626735798376,0.395,0.31263274154514786,0.30833333333333335,0.12246221861146571,0.045,0.22274236626354896,0.25166666666666665,0.06617829348994686,0.06617829348994686,1.0,0.382,0.30366666666666664,0.06525,0.24908333333333332,0.13552930812508834,0.13552930812508834,1.0,0.3716303279770185,0.17710343342005944,0.16632270274615255,0.28494353585676946,0.07892355874017418,0.07892355874017418,1.0,0.3768151639885092,0.24038505004336302,0.11578635137307627,0.2670134345950514,0.0,0.0,1.0,0.3421626735798376,0.31263274154514786,0.12246221861146571,0.22274236626354896
85,0.051761626823280185,0.0,0.1547954151249854,112,90,0.0,0,0,80,0.3421626735798376,0.38,0.31263274154514786,0.31166666666666665,0.12246221861146571,0.07166666666666667,0.22274236626354896,0.23666666666666666,0.06617829348994686,0.06617829348994686,1.0,0.382,0.30366666666666664,0.06525,0.24908333333333332,0.13552930812508834,0.13552930812508834,1.0,0.3716303279770185,0.17710343342005944,0.16632270274615255,0.28494353585676946,0.07892355874017418,0.07892355874017418,1.0,0.3768151639885092,0.24038505004336302,0.11578635137307627,0.2670134345950514,0.0,0.0,1.0,0.3421626735798376,0.31263274154514786,0.12246221861146571,0.22274236626354896
86,0.06842829348994686,0.0,0.1547954151249854,99,91,0.0,0,0,80,0.3421626735798376,0.37833333333333335,0.31263274154514786,0.305,0.12246221861146571,0.06166666666666667,0.22274236626354896,0.255,0.06617829348994686,0.06617829348994686,1.0,0.382,0.30366666666666664,0.06525,0.24908333333333332,0.13552930812508834,0.13552930812508834,1.0,0.3716303279770185,0.17710343342005944,0.16632270274615255,0.28494353585676946,0.07892355874017418,0.07892355874017418,1.0,0.3768151639885092,0.24038505004336302,0.11578635137307627,0.2670134345950514,0.0,0.0,1.0,0.3421626735798376,0.31263274154514786,0.12246221861146571,0.22274236626354896
87,0.08176162682328017,0.0,0.1547954151249854,104,91,0.0,0,0,80,0.3421626735798376,0.385,0.31263274154514786,0.29833333333333334,0.12246221861146571,0.055,0.22274236626354896,0.26166666666666666,0.06617829348994686,0.06617829348994686,1.0,0.382,0.30366666666666664,0.06525,0.24908333333333332,0.13552930812508834,0.13552930812508834,1.0,0.3716303279770185,0.17710343342005944,0.16632270274615255,0.28494353585676946,0.07892355874017418,0.07892355874017418,1.0,0.3768151639885092,0.24038505004336302,0.11578635137307627,0.2670134345950514,0.0,0.0,1.0,0.3421626735798376,0.31263274154514786,0.12246221861146571,0.22274236626354896
88,0.07676162682328018,0.0,0.1547954151249854,109,91,0.0,0,0,80,0.3421626735798376,0.39666666666666667,0.31263274154514786,0.305,0.12246221861146571,0.05333333333333334,0.22274236626354896,0.245,0.06617829348994686,0.06617829348994686,1.0,0.382,0.30366666666666664,0.06525,0.24908333333333332,0.13552930812508834,0.13552930812508834,1.0,0.3716303279770185,0.17710343342005944,0.16632270274615255,0.28494353585676946,0.07892355874017418,0.07892355874017418,1.0,0.3768151639885092,0.24038505004336302,0.11578635137307627,0.2670134345950514,0.0,0.0,1.0,0.3421626735798376,0.31263274154514786,0.12246221861146571,0.22274236626354896
89,0.06020458487501459,0.0,0.1547954151249854,102,93,0.0,0,0,80,0.3421626735798376,0.3983333333333333,0.31263274154514786,0.31666666666666665,0.12246221861146571,0.065,0.22274236626354896,0.22,0.06617829348994686,0.06617829348994686,1.0,0.382,0.30366666666666664,0.06525,0.24908333333333332,0.13552930812508834,0.13552930812508834,1.0,0.3716303279770185,0.17710343342005944,0.16632270274615255,0.28494353585676946,0.07892355874017418,0.07892355874017418,1.0,0.3768151639885092,0.24038505004336302,0.11578635137307627,0.2670134345950514,0.0,0.0,1.0,0.3421626735798376,0.31263274154514786,0.12246221861146571,0.22274236626354896
90,0.1084282934899468,0.0,0.1547954151249854,127,94,0.0,0,1,90,0.3421626735798376,0.41,0.31263274154514786,0.28,0.12246221861146571,0.04666666666666667,0.22274236626354896,0.2633333333333333,0.06726162682328019,0.06726162682328019,1.0,0.38908333333333334,0.3070833333333333,0.06075,0.24308333333333335,0.017851393438105892,0.017851393438105892,1.0,0.32616092954108494,0.32136120469590496,0.1206125692121124,0.2318652965508977,0.03178093400540943,0.03178093400540943,1.0,0.3576221314372091,0.31422226901461914,0.0906812846060562,0.23747431494211552,0.0,0.0,1.0,0.3421626735798376,0.31263274154514786,0.12246221861146571,0.22274236626354896
91,0.0700949601566135,0.0,0.1547954151249854,106,94,0.0,0,0,90,0.3421626735798376,0.3933333333333333,0.31263274154514786,0.29333333333333333,0.12246221861146571,0.07166666666666667,0.22274236626354896,0.24166666666666667,0.06726162682328019,0.06726162682328019,1.0,0.38908333333333334,0.3070833333333333,0.06075,0.24308333333333335,0.017851393438105892,0.017851393438105892,1.0,0.32616092954108494,0.32136120469590496,0.1206125692121124,0.2318652965508977,0.03178093400540943,0.03178093400540943,1.0,0.3576221314372091,0.31422226901461914,0.0906812846060562,0.23747431494211552,0.0,0.0,1.0,0.3421626735798376,0.31263274154514786,0.12246221861146571,0.22274236626354896
92,0.11676162682328016,0.0,0.1547954151249854,107,94,0.0,0,0,90,0.3421626735798376,0.44666666666666666,0.31263274154514786,0.265,0.12246221861146571,0.05333333333333334,0.22274236626354896,0.235,0.06726162682328019,0.06726162682328019,1.0,0.38908333333333334,0.3070833333333333,0.06075,0.24308333333333335,0.017851393438105892,0.017851393438105892,1.0,0.32616092954108494,0.32136120469590496,0.1206125692121124,0.2318652965508977,0.03178093400540943,0.03178093400540943,1.0,0.3576221314372091,0.31422226901461914,0.0906812846060562,0.23747431494211552,0.0,0.0,1.0,0.3421626735798376,0.31263274154514786,0.12246221861146571,0.22274236626354896
93,0.06842829348994682,0.0,0.1547954151249854,108,95,0.0,0,0,90,0.3421626735798376,0.3883333333333333,0.31263274154514786,0.2916666666666667,0.12246221861146571,0.075,0.22274236626354896,0.245,0.06726162682328019,0.06726162682328019,1.0,0.38908333333333334,0.3070833333333333,0.06075,0.24308333333333335,0.017851393438105892,0.017851393438105892,1.0,0.32616092954108494,0.32136120469590496,0.1206125692121124,0.2318652965508977,0.03178093400540943,0.03178093400540943,1.0,0.3576221314372091,0.31422226901461914,0.0906812846060562,0.23747431494211552,0.0,0.0,1.0,0.3421626735798376,0.31263274154514786,0.12246221861146571,0.22274236626354896
94,0.06342829348994683,0.0,0.1547954151249854,109,95,0.0,0,0,90,0.3421626735798376,0.38166666666666665,0.31263274154514786,0.2966666666666667,0.12246221861146571,0.075,0.22274236626354896,0.24666666666666667,0.06726162682328019,0.06726162682328019,1.0,0.38908333333333334,0.3070833333333333,0.06075,0.24308333333333335,0.017851393438105892,0.017851393438105892,1.0,0.32616092954108494,0.32136120469590496,0.1206125692121124,0.2318652965508977,0.03178093400540943,0.03178093400540943,1.0,0.3576221314372091,0.31422226901461914,0.0906812846060562,0.23747431494211552,0.0,0.0,1.0,0.3421626735798376,0.31263274154514786,0.12246221861146571,0.22274236626354896
95,0.06912888527813232,0.0,0.1547954151249854,109,96,0.0,0,0,90,0.3421626735798376,0.39666666666666667,0.31263274154514786,0.31833333333333336,0.12246221861146571,0.05333333333333334,0.22274236626354896,0.23166666666666666,0.06726162682328019,0.06726162682328019,1.0,0.38908333333333334,0.3070833333333333,0.06075,0.24308333333333335,0.017851393438105892,0.017851393438105892,1.0,0.32616092954108494,0.32136120469590496,0.1206125692121124,0.2318652965508977,0.03178093400540943,0.03178093400540943,1.0,0.3576221314372091,0.31422226901461914,0.0906812846060562,0.23747431494211552,0.0,0.0,1.0,0.3421626735798376,0.31263274154514786,0.12246221861146571,0.22274236626354896
96,0.06509496015661351,0.0,0.1547954151249854,102,96,0.0,0,0,90,0.3421626735798376,0.39166666666666666,0.31263274154514786,0.3016666666666667,0.12246221861146571,0.06833333333333333,0.22274236626354896,0.23833333333333334,0.06726162682328019,0.06726162682328019,1.0,0.38908333333333334,0.3070833333333333,0.06075,0.24308333333333335,0.017851393438105892,0.017851393438105892,1.0,0.32616092954108494,0.32136120469590496,0.1206125692121124,0.2318652965508977,0.03178093400540943,0.03178093400540943,1.0,0.3576221314372091,0.31422226901461914,0.0906812846060562,0.23747431494211552,0.0,0.0,1.0,0.3421626735798376,0.31263274154514786,0.12246221861146571,0.22274236626354896
97,0.06842829348994685,0.0,0.1547954151249854,117,96,0.0,0,0,90,0.3421626735798376,0.395,0.31263274154514786,0.30833333333333335,0.12246221861146571,0.058333333333333334,0.22274236626354896,0.23833333333333334,0.06726162682328019,0.06726162682328019,1.0,0.38908333333333334,0.3070833333333333,0.06075,0.24308333333333335,0.017851393438105892,0.017851393438105892,1.0,0.32616092954108494,0.32136120469590496,0.1206125692121124,0.2318652965508977,0.03178093400540943,0.03178093400540943,1.0,0.3576221314372091,0.31422226901461914,0.0906812846060562,0.23747431494211552,0.0,0.0,1.0,0.3421626735798376,0.31263274154514786,0.12246221861146571,0.22274236626354896
98,0.056761626823280203,0.0,0.1547954151249854,109,98,0.0,0,0,90,0.3421626735798376,0.37833333333333335,0.31263274154514786,0.30666666666666664,0.12246221861146571,0.07166666666666667,0.22274236626354896,0.24333333333333335,0.06726162682328019,0.06726162682328019,1.0,0.38908333333333334,0.3070833333333333,0.06075,0.24308333333333335,0.017851393438105892,0.017851393438105892,1.0,0.32616092954108494,0.32136120469590496,0.1206125692121124,0.2318652965508977,0.03178093400540943,0.03178093400540943,1.0,0.3576221314372091,0.31422226901461914,0.0906812846060562,0.23747431494211552,0.0,0.0,1.0,0.3421626735798376,0.31263274154514786,0.12246221861146571,0.22274236626354896
99,0.0967616268232802,0.0,0.1547954151249854,105,99,0.0,0,0,90,0.3421626735798376,0.38166666666666665,0.31263274154514786,0.29,0.12246221861146571,0.04833333333333333,0.22274236626354896,0.28,0.06726162682328019,0.06726162682328019,1.0,0.38908333333333334,0.3070833333333333,0.06075,0.24308333333333335,0.017851393438105892,0.017851393438105892,1.0,0.32616092954108494,0.32136120469590496,0.1206125692121124,0.2318652965508977,0.03178093400540943,0.03178093400540943,1.0,0.3576221314372091,0.31422226901461914,0.0906812846060562,0.23747431494211552,0.0,0.0,1.0,0.3421626735798376,0.31263274154514786,0.12246221861146571,0.22274236626354896
100,0.065795551944799,0.0,0.1547954151249854,99,73,0.0,0,1,100,0.3421626735798376,0.3566666666666667,0.31263274154514786,0.325,0.12246221861146571,0.056666666666666664,0.22274236626354896,0.26166666666666666,0.07292829348994684,0.07292829348994684,1.0,0.39258333333333334,0.3016666666666667,0.0605,0.24525,0.022352012879771246,0.022352012879771246,0.0,0.33111332514569725,0.33430532203176216,0.12314165100462264,0.21143970181791805,0.030641393109154334,0.030641393109154334,1.0,0.36184832923951527,0.31798599434921443,0.09182082550231133,0.228344850908959,0.0,0.0,1.0,0.3421626735798376,0.31263274154514786,0.12246221861146571,0.22274236626354896
101,0.07412888527813231,0.0,0.1547954151249854,105,74,0.0,0,0,100,0.3421626735798376,0.365,0.31263274154514786,0.33166666666666667,0.12246221861146571,0.04833333333333333,0.22274236626354896,0.255,0.07292829348994684,0.07292829348994684,1.0,0.39258333333333334,0.3016666666666667,0.0605,0.24525,0.022352012879771246,0.022352012879771246,0.0,0.33111332514569725,0.33430532203176216,0.12314165100462264,0.21143970181791805,0.030641393109154334,0.030641393109154334,1.0,0.36184832923951527,0.31798599434921443,0.09182082550231133,0.228344850908959,0.0,0.0,1.0,0.3421626735798376,0.31263274154514786,0.12246221861146571,0.22274236626354896
102,0.08295822552463658,0.0,0.1547954151249854,96,73,0.0,0,0,100,0.3421626735798376,0.32666666666666666,0.31263274154514786,0.36333333333333334,0.12246221861146571,0.055,0.22274236626354896,0.255,0.07292829348994684,0.07292829348994684,1.0,0.39258333333333334,0.3016666666666667,0.0605,0.24525,0.022352012879771246,0.022352012879771246,0.0,0.33111332514569725,0.33430532203176216,0.12314165100462264,0.21143970181791805,0.030641393109154334,0.030641393109154334,1.0,0.36184832923951527,0.31798599434921443,0.09182082550231133,0.228344850908959,0.0,0.0,1.0,0.3421626735798376,0.31263274154514786,0.12246221861146571,0.22274236626354896
103,0.060795551944798965,0.0,0.1547954151249854,95,73,0.0,0,0,100,0.3421626735798376,0.35,0.31263274154514786,0.345,0.12246221861146571,0.06166666666666667,0.22274236626354896,0.24333333333333335,0.07292829348994684,0.07292829348994684,1.0,0.39258333333333334,0.3016666666666667,0.0605,0.24525,0.022352012879771246,0.022352012879771246,0.0,0.33111332514569725,0.33430532203176216,0.12314165100462264,0.21143970181791805,0.030641393109154334,0.030641393109154334,1.0,0.36184832923951527,0.31798599434921443,0.09182082550231133,0.228344850908959,0.0,0.0,1.0,0.3421626735798376,0.31263274154514786,0.12246221861146571,0.22274236626354896
104,0.06412888527813232,0.0,0.1547954151249854,103,72,0.0,0,0,100,0.3421626735798376,0.35833333333333334,0.31263274154514786,0.3516666666666667,0.12246221861146571,0.058333333333333334,0.22274236626354896,0.23166666666666666,0.07292829348994684,0.07292829348994684,1.0,0.39258333333333334,0.3016666666666667,0.0605,0.24525,0.022352012879771246,0.022352012879771246,0.0,0.33111332514569725,0.33430532203176216,0.12314165100462264,0.21143970181791805,0.030641393109154334,0.030641393109154334,1.0,0.36184832923951527,0.31798599434921443,0.09182082550231133,0.228344850908959,0.0,0.0,1.0,0.3421626735798376,0.31263274154514786,0.12246221861146571,0.22274236626354896
105,0.06795822552463657,0.0,0.1547954151249854,86,72,0.0,0,0,100,0.3421626735798376,0.3416666666666667,0.31263274154514786,0.345,0.12246221861146571,0.055,0.22274236626354896,0.25833333333333336,0.07292829348994684,0.07292829348994684,1.0,0.39258333333333334,0.3016666666666667,0.0605,0.24525,0.022352012879771246,0.022352012879771246,0.0,0.33111332514569725,0.33430532203176216,0.12314165100462264,0.21143970181791805,0.030641393109154334,0.030641393109154334,1.0,0.36184832923951527,0.31798599434921443,0.09182082550231133,0.228344850908959,0.0,0.0,1.0,0.3421626735798376,0.31263274154514786,0.12246221861146571,0.22274236626354896
106,0.04246221861146564,0.0,0.1547954151249854,94,71,0.0,0,0,100,0.3421626735798376,0.37,0.31263274154514786,0.32666666666666666,0.12246221861146571,0.08,0.22274236626354896,0.22333333333333333,0.07292829348994684,0.07292829348994684,1.0,0.39258333333333334,0.3016666666666667,0.0605,0.24525,0.022352012879771246,0.022352012879771246,0.0,0.33111332514569725,0.33430532203176216,0.12314165100462264,0.21143970181791805,0.030641393109154334,0.030641393109154334,1.0,0.36184832923951527,0.31798599434921443,0.09182082550231133,0.228344850908959,0.0,0.0,1.0,0.3421626735798376,0.31263274154514786,0.12246221861146571,0.22274236626354896
107,0.06412888527813232,0.0,0.1547954151249854,99,72,0.0,0,0,100,0.3421626735798376,0.37333333333333335,0.31263274154514786,0.33166666666666667,0.12246221861146571,0.058333333333333334,0.22274236626354896,0.23666666666666666,0.07292829348994684,0.07292829348994684,1.0,0.39258333333333334,0.3016666666666667,0.0605,0.24525,0.022352012879771246,0.022352012879771246,0.0,0.33111332514569725,0.33430532203176216,0.12314165100462264,0.21143970181791805,0.030641393109154334,0.030641393109154334,1.0,0.36184832923951527,0.31798599434921443,0.09182082550231133,0.228344850908959,0.0,0.0,1.0,0.3421626735798376,0.31263274154514786,0.12246221861146571,0.22274236626354896
108,0.0802045848750146,0.0,0.1547954151249854,94,70,0.0,0,0,100,0.3421626735798376,0.39166666666666666,0.31263274154514786,0.3433333333333333,0.12246221861146571,0.055,0.22274236626354896,0.21,0.07292829348994684,0.07292829348994684,1.0,0.39258333333333334,0.3016666666666667,0.0605,0.24525,0.022352012879771246,0.022352012879771246,0.0,0.33111332514569725,0.33430532203176216,0.12314165100462264,0.21143970181791805,0.030641393109154334,0.030641393109154334,1.0,0.36184832923951527,0.31798599434921443,0.09182082550231133,0.228344850908959,0.0,0.0,1.0,0.3421626735798376,0.31263274154514786,0.12246221861146571,0.22274236626354896
109,0.08687125154168128,0.0,0.1547954151249854,95,70,0.0,0,0,100,0.3421626735798376,0.3566666666666667,0.31263274154514786,0.385,0.12246221861146571,0.058333333333333334,0.22274236626354896,0.2,0.07292829348994684,0.07292829348994684,1.0,0.39258333333333334,0.3016666666666667,0.0605,0.24525,0.022352012879771246,0.022352012879771246,0.0,0.33111332514569725,0.33430532203176216,0.12314165100462264,0.21143970181791805,0.030641393109154334,0.030641393109154334,1.0,0.36184832923951527,0.31798599434921443,0.09182082550231133,0.228344850908959,0.0,0.0,1.0,0.3421626735798376,0.31263274154514786,0.12246221861146571,0.22274236626354896
110,0.08187125154168129,0.0,0.1547954151249854,104,69,0.0,0,1,110,0.3421626735798376,0.39,0.31263274154514786,0.3466666666666667,0.12246221861146571,0.07,0.22274236626354896,0.19333333333333333,0.06087888527813229,0.06087888527813229,1.0,0.37666666666666665,0.3233333333333333,0.06158333333333333,0.23841666666666667,0.08087660063597843,0.08087660063597843,1.0,0.3803740341903941,0.2950033218794798,0.16512745863688758,0.15949518529323853,0.03635767684869286,0.03635767684869286,1.0,0.3785203504285304,0.30916832760640656,0.11335539598511045,0.1989559259799526,0.0,0.0,1.0,0.3421626735798376,0.31263274154514786,0.12246221861146571,0.22274236626354896
111,0.06853791820834793,0.0,0.1547954151249854,102,68,0.0,0,0,110,0.3421626735798376,0.36,0.31263274154514786,0.36333333333333334,0.12246221861146571,0.06833333333333333,0.22274236626354896,0.20833333333333334,0.06087888527813229,0.06087888527813229,1.0,0.37666666666666665,0.3233333333333333,0.06158333333333333,0.23841666666666667,0.08087660063597843,0.08087660063597843,1.0,0.3803740341903941,0.2950033218794798,0.16512745863688758,0.15949518529323853,0.03635767684869286,0.03635767684869286,1.0,0.3785203504285304,0.30916832760640656,0.11335539598511045,0.1989559259799526,0.0,0.0,1.0,0.3421626735798376,0.31263274154514786,0.12246221861146571,0.22274236626354896
112,0.0852045848750146,0.0,0.1547954151249854,113,68,0.0,0,0,110,0.3421626735798376,0.37666666666666665,0.31263274154514786,0.36333333333333334,0.12246221861146571,0.06,0.22274236626354896,0.2,0.06087888527813229,0.06087888527813229,1.0,0.37666666666666665,0.3233333333333333,0.06158333333333333,0.23841666666666667,0.08087660063597843,0.08087660063597843,1.0,0.3803740341903941,0.2950033218794798,0.16512745863688758,0.15949518529323853,0.03635767684869286,0.03635767684869286,1.0,0.3785203504285304,0.30916832760640656,0.11335539598511045,0.1989559259799526,0.0,0.0,1.0,0.3421626735798376,0.31263274154514786,0.12246221861146571,0.22274236626354896
113,0.09853791820834795,0.0,0.1547954151249854,109,68,0.0,0,0,110,0.3421626735798376,0.385,0.31263274154514786,0.36833333333333335,0.12246221861146571,0.065,0.22274236626354896,0.18166666666666667,0.06087888527813229,0.06087888527813229,1.0,0.37666666666666665,0.3233333333333333,0.06158333333333333,0.23841666666666667,0.08087660063597843,0.08087660063597843,1.0,0.3803740341903941,0.2950033218794798,0.16512745863688758,0.15949518529323853,0.03635767684869286,0.03635767684869286,1.0,0.3785203504285304,0.30916832760640656,0.11335539598511045,0.1989559259799526,0.0,0.0,1.0,0.3421626735798376,0.31263274154514786,0.12246221861146571,0.22274236626354896
114,0.07687125154168127,0.0,0.1547954151249854,86,69,0.0,0,0,110,0.3421626735798376,0.37,0.31263274154514786,0.3616666666666667,0.12246221861146571,0.055,0.22274236626354896,0.21333333333333335,0.06087888527813229,0.06087888527813229,1.0,0.37666666666666665,0.3233333333333333,0.06158333333333333,0.23841666666666667,0.08087660063597843,0.08087660063597843,1.0,0.3803740341903941,0.2950033218794798,0.16512745863688758,0.15949518529323853,0.03635767684869286,0.03635767684869286,1.0,0.3785203504285304,0.30916832760640656,0.11335539598511045,0.1989559259799526,0.0,0.0,1.0,0.3421626735798376,0.31263274154514786,0.12246221861146571,0.22274236626354896
115,0.08687125154168125,0.0,0.1547954151249854,92,71,0.0,0,0,110,0.3421626735798376,0.3933333333333333,0.31263274154514786,0.34833333333333333,0.12246221861146571,0.05,0.22274236626354896,0.20833333333333334,0.06087888527813229,0.06087888527813229,1.0,0.37666666666666665,0.3233333333333333,0.06158333333333333,0.23841666666666667,0.08087660063597843,0.08087660063597843,1.0,0.3803740341903941,0.2950033218794798,0.16512745863688758,0.15949518529323853,0.03635767684869286,0.03635767684869286,1.0,0.3785203504285304,0.30916832760640656,0.11335539598511045,0.1989559259799526,0.0,0.0,1.0,0.3421626735798376,0.31263274154514786,0.12246221861146571,0.22274236626354896
116,0.07579555194479898,0.0,0.1547954151249854,105,72,0.0,0,0,110,0.3421626735798376,0.36833333333333335,0.31263274154514786,0.35333333333333333,0.12246221861146571,0.04666666666666667,0.22274236626354896,0.23166666666666666,0.06087888527813229,0.06087888527813229,1.0,0.37666666666666665,0.3233333333333333,0.06158333333333333,0.23841666666666667,0.08087660063597843,0.08087660063597843,1.0,0.3803740341903941,0.2950033218794798,0.16512745863688758,0.15949518529323853,0.03635767684869286,0.03635767684869286,1.0,0.3785203504285304,0.30916832760640656,0.11335539598511045,0.1989559259799526,0.0,0.0,1.0,0.3421626735798376,0.31263274154514786,0.12246221861146571,0.22274236626354896
117,0.08187125154168129,0.0,0.1547954151249854,110,72,0.0,0,0,110,0.3421626735798376,0.36333333333333334,0.31263274154514786,0.37333333333333335,0.12246221861146571,0.05333333333333334,0.22274236626354896,0.21,0.06087888527813229,0.06087888527813229,1.0,0.37666666666666665,0.3233333333333333,0.06158333333333333,0.23841666666666667,0.08087660063597843,0.08087660063597843,1.0,0.3803740341903941,0.2950033218794798,0.16512745863688758,0.15949518529323853,0.03635767684869286,0.03635767684869286,1.0,0.3785203504285304,0.30916832760640656,0.11335539598511045,0.1989559259799526,0.0,0.0,1.0,0.3421626735798376,0.31263274154514786,0.12246221861146571,0.22274236626354896
118,0.10687125154168127,0.0,0.1547954151249854,94,73,0.0,0,0,110,0.3421626735798376,0.3933333333333333,0.31263274154514786,0.36833333333333335,0.12246221861146571,0.06,0.22274236626354896,0.17833333333333334,0.06087888527813229,0.06087888527813229,1.0,0.37666666666666665,0.3233333333333333,0.06158333333333333,0.23841666666666667,0.08087660063597843,0.08087660063597843,1.0,0.3803740341903941,0.2950033218794798,0.16512745863688758,0.15949518529323853,0.03635767684869286,0.03635767684869286,1.0,0.3785203504285304,0.30916832760640656,0.11335539598511045,0.1989559259799526,0.0,0.0,1.0,0.3421626735798376,0.31263274154514786,0.12246221861146571,0.22274236626354896
119,0.06853791820834794,0.0,0.1547954151249854,97,74,0.0,0,0,110,0.3421626735798376,0.38166666666666665,0.31263274154514786,0.3416666666666667,0.12246221861146571,0.06166666666666667,0.22274236626354896,0.215,0.06087888527813229,0.06087888527813229,1.0,0.37666666666666665,0.3233333333333333,0.06158333333333333,0.23841666666666667,0.08087660063597843,0.08087660063597843,1.0,0.3803740341903941,0.2950033218794798,0.16512745863688758,0.15949518529323853,0.03635767684869286,0.03635767684869286,1.0,0.3785203504285304,0.30916832760640656,0.11335539598511045,0.1989559259799526,0.0,0.0,1.0,0.3421626735798376,0.31263274154514786,0.12246221861146571,0.22274236626354896
120,0.06912888527813231,0.0,0.1547954151249854,107,73,0.0,0,1,120,0.3421626735798376,0.39166666666666666,0.31263274154514786,0.32,0.12246221861146571,0.05333333333333334,0.22274236626354896,0.235,0.06712125154168129,0.06712125154168129,1.0,0.37033333333333335,0.35158333333333336,0.058666666666666666,0.21941666666666668,0.12433257291274166,0.12433257291274166,0.0,0.22970767353034952,0.37725657971314797,0.18217095335620725,0.21086479340029537,0.05178721497809281,0.05178721497809281,0.0,0.30002050343184145,0.36441995652324066,0.12041881001143696,0.21514073003348103,0.0,0.0,1.0,0.3421626735798376,0.31263274154514786,0.12246221861146571,0.22274236626354896
121,0.11353791820834792,0.0,0.1547954151249854,96,74,0.0,0,0,120,0.3421626735798376,0.39666666666666667,0.31263274154514786,0.37166666666666665,0.12246221861146571,0.055,0.22274236626354896,0.17666666666666667,0.06712125154168129,0.06712125154168129,1.0,0.37033333333333335,0.35158333333333336,0.058666666666666666,0.21941666666666668,0.12433257291274166,0.12433257291274166,0.0,0.22970767353034952,0.37725657971314797,0.18217095335620725,0.21086479340029537,0.05178721497809281,0.05178721497809281,0.0,0.30002050343184145,0.36441995652324066,0.12041881001143696,0.21514073003348103,0.0,0.0,1.0,0.3421626735798376,0.31263274154514786,0.12246221861146571,0.22274236626354896
122,0.0918712515416813,0.0,0.1547954151249854,108,73,0.0,0,0,120,0.3421626735798376,0.405,0.31263274154514786,0.3416666666666667,0.12246221861146571,0.03833333333333333,0.22274236626354896,0.215,0.06712125154168129,0.06712125154168129,1.0,0.37033333333333335,0.35158333333333336,0.058666666666666666,0.21941666666666668,0.12433257291274166,0.12433257291274166,0.0,0.22970767353034952,0.37725657971314797,0.18217095335620725,0.21086479340029537,0.05178721497809281,0.05178721497809281,0.0,0.30002050343184145,0.36441995652324066,0.12041881001143696,0.21514073003348103,0.0,0.0,1.0,0.3421626735798376,0.31263274154514786,0.12246221861146571,0.22274236626354896
123,0.07079555194479896,0.0,0.1547954151249854,131,74,0.0,0,0,120,0.3421626735798376,0.37666666666666665,0.31263274154514786,0.3433333333333333,0.12246221861146571,0.051666666666666666,0.22274236626354896,0.22833333333333333,0.06712125154168129,0.06712125154168129,1.0,0.37033333333333335,0.35158333333333336,0.058666666666666666,0.21941666666666668,0.12433257291274166,0.12433257291274166,0.0,0.22970767353034952,0.37725657971314797,0.18217095335620725,0.21086479340029537,0.05178721497809281,0.05178721497809281,0.0,0.30002050343184145,0.36441995652324066,0.12041881001143696,0.21514073003348103,0.0,0.0,1.0,0.3421626735798376,0.31263274154514786,0.12246221861146571,0.22274236626354896
124,0.09020458487501459,0.0,0.1547954151249854,114,74,0.0,0,0,120,0.3421626735798376,0.41,0.31263274154514786,0.335,0.12246221861146571,0.055,0.22274236626354896,0.2,0.06712125154168129,0.06712125154168129,1.0,0.37033333333333335,0.35158333333333336,0.058666666666666666,0.21941666666666668,0.12433257291274166,0.12433257291274166,0.0,0.22970767353034952,0.37725657971314797,0.18217095335620725,0.21086479340029537,0.05178721497809281,0.05178721497809281,0.0,0.30002050343184145,0.36441995652324066,0.12041881001143696,0.21514073003348103,0.0,0.0,1.0,0.3421626735798376,0.31263274154514786,0.12246221861146571,0.22274236626354896
125,0.07342829348994685,0.0,0.1547954151249854,96,73,0.0,0,0,120,0.3421626735798376,0.4,0.31263274154514786,0.30833333333333335,0.12246221861146571,0.05333333333333334,0.22274236626354896,0.23833333333333334,0.06712125154168129,0.06712125154168129,1.0,0.37033333333333335,0.35158333333333336,0.058666666666666666,0.21941666666666668,0.12433257291274166,0.12433257291274166,0.0,0.22970767353034952,0.37725657971314797,0.18217095335620725,0.21086479340029537,0.05178721497809281,0.05178721497809281,0.0,0.30002050343184145,0.36441995652324066,0.12041881001143696,0.21514073003348103,0.0,0.0,1.0,0.3421626735798376,0.31263274154514786,0.12246221861146571,0.22274236626354896
126,0.10520458487501462,0.0,0.1547954151249854,94,72,0.0,0,0,120,0.3421626735798376,0.4166666666666667,0.31263274154514786,0.3433333333333333,0.12246221861146571,0.043333333333333335,0.22274236626354896,0.19666666666666666,0.06712125154168129,0.06712125154168129,1.0,0.37033333333333335,0.35158333333333336,0.058666666666666666,0.21941666666666668,0.12433257291274166,0.12433257291274166,0.0,0.22970767353034952,0.37725657971314797,0.18217095335620725,0.21086479340029537,0.05178721497809281,0.05178721497809281,0.0,0.30002050343184145,0.36441995652324066,0.12041881001143696,0.21514073003348103,0.0,0.0,1.0,0.3421626735798376,0.31263274154514786,0.12246221861146571,0.22274236626354896
127,0.07579555194479898,0.0,0.1547954151249854,106,71,0.0,0,0,120,0.3421626735798376,0.405,0.31263274154514786,0.3233333333333333,0.12246221861146571,0.04666666666666667,0.22274236626354896,0.225,0.06712125154168129,0.06712125154168129,1.0,0.37033333333333335,0.35158333333333336,0.058666666666666666,0.21941666666666668,0.12433257291274166,0.12433257291274166,0.0,0.22970767353034952,0.37725657971314797,0.18217095335620725,0.21086479340029537,0.05178721497809281,0.05178721497809281,0.0,0.30002050343184145,0.36441995652324066,0.12041881001143696,0.21514073003348103,0.0,0.0,1.0,0.3421626735798376,0.31263274154514786,0.12246221861146571,0.22274236626354896
128,0.0952045848750146,0.0,0.1547954151249854,102,71,0.0,0,0,120,0.3421626735798376,0.4033333333333333,0.31263274154514786,0.3466666666666667,0.12246221861146571,0.041666666666666664,0.22274236626354896,0.20833333333333334,0.06712125154168129,0.06712125154168129,1.0,0.37033333333333335,0.35158333333333336,0.058666666666666666,0.21941666666666668,0.12433257291274166,0.12433257291274166,0.0,0.22970767353034952,0.37725657971314797,0.18217095335620725,0.21086479340029537,0.05178721497809281,0.05178721497809281,0.0,0.30002050343184145,0.36441995652324066,0.12041881001143696,0.21514073003348103,0.0,0.0,1.0,0.3421626735798376,0.31263274154514786,0.12246221861146571,0.22274236626354896
129,0.06912888527813232,0.0,0.1547954151249854,92,71,0.0,0,0,120,0.3421626735798376,0.3983333333333333,0.31263274154514786,0.31833333333333336,0.12246221861146571,0.05333333333333334,0.22274236626354896,0.23,0.06712125154168129,0.06712125154168129,1.0,0.37033333333333335,0.35158333333333336,0.058666666666666666,0.21941666666666668,0.12433257291274166,0.12433257291274166,0.0,0.22970767353034952,0.37725657971314797,0.18217095335620725,0.21086479340029537,0.05178721497809281,0.05178721497809281,0.0,0.30002050343184145,0.36441995652324066,0.12041881001143696,0.21514073003348103,0.0,0.0,1.0,0.3421626735798376,0.31263274154514786,0.12246221861146571,0.22274236626354896
130,0.10687125154168128,0.0,0.1547954151249854,104,70,0.0,0,1,130,0.3421626735798376,0.4216666666666667,0.31263274154514786,0.34,0.12246221861146571,0.04666666666666667,0.22274236626354896,0.19166666666666668,0.0827045848750146,0.0827045848750146,1.0,0.3908333333333333,0.3466666666666667,0.05291666666666667,0.20958333333333334,0.11645196659827271,0.11645196659827271,0.0,0.2837459638636347,0.3373743759825231,0.0644269617293958,0.31445269842444634,0.06866342939478802,0.06866342939478802,0.0,0.337289648598484,0.34202052132459493,0.05867181419803123,0.26201801587888984,0.0,0.0,1.0,0.3421626735798376,0.31263274154514786,0.12246221861146571,0.22274236626354896
131,0.09353791820834792,0.0,0.1547954151249854,107,67,0.0,0,0,130,0.3421626735798376,0.3983333333333333,0.31263274154514786,0.35,0.12246221861146571,0.04833333333333333,0.22274236626354896,0.20333333333333334,0.0827045848750146,0.0827045848750146,1.0,0.3908333333333333,0.3466666666666667,0.05291666666666667,0.20958333333333334,0.11645196659827271,0.11645196659827271,0.0,0.2837459638636347,0.3373743759825231,0.0644269617293958,0.31445269842444634,0.06866342939478802,0.06866342939478802,0.0,0.337289648598484,0.34202052132459493,0.05867181419803123,0.26201801587888984,0.0,0.0,1.0,0.3421626735798376,0.31263274154514786,0.12246221861146571,0.22274236626354896
132,0.09353791820834795,0.0,0.1547954151249854,102,66,0.0,0,0,130,0.3421626735798376,0.405,0.31263274154514786,0.3433333333333333,0.12246221861146571,0.055,0.22274236626354896,0.19666666666666666,0.0827045848750146,0.0827045848750146,1.0,0.3908333333333333,0.3466666666666667,0.05291666666666667,0.20958333333333334,0.11645196659827271,0.11645196659827271,0.0,0.2837459638636347,0.3373743759825231,0.0644269617293958,0.31445269842444634,0.06866342939478802,0.06866342939478802,0.0,0.337289648598484,0.34202052132459493,0.05867181419803123,0.26201801587888984,0.0,0.0,1.0,0.3421626735798376,0.31263274154514786,0.12246221861146571,0.22274236626354896
133,0.09853791820834792,0.0,0.1547954151249854,98,67,0.0,0,0,130,0.3421626735798376,0.425,0.31263274154514786,0.3283333333333333,0.12246221861146571,0.03666666666666667,0.22274236626354896,0.21,0.0827045848750146,0.0827045848750146,1.0,0.3908333333333333,0.3466666666666667,0.05291666666666667,0.20958333333333334,0.11645196659827271,0.11645196659827271,0.0,0.2837459638636347,0.3373743759825231,0.0644269617293958,0.31445269842444634,0.06866342939478802,0.06866342939478802,0.0,0.337289648598484,0.34202052132459493,0.05867181419803123,0.26201801587888984,0.0,0.0,1.0,0.3421626735798376,0.31263274154514786,0.12246221861146571,0.22274236626354896
134,0.09117065975349581,0.0,0.1547954151249854,102,68,0.0,0,0,130,0.3421626735798376,0.43333333333333335,0.31263274154514786,0.2966666666666667,0.12246221861146571,0.06,0.22274236626354896,0.21,0.0827045848750146,0.0827045848750146,1.0,0.3908333333333333,0.3466666666666667,0.05291666666666667,0.20958333333333334,0.11645196659827271,0.11645196659827271,0.0,0.2837459638636347,0.3373743759825231,0.0644269617293958,0.31445269842444634,0.06866342939478802,0.06866342939478802,0.0,0.337289648598484,0.34202052132459493,0.05867181419803123,0.26201801587888984,0.0,0.0,1.0,0.3421626735798376,0.31263274154514786,0.12246221861146571,0.22274236626354896
135,0.09187125154168128,0.0,0.1547954151249854,91,68,0.0,0,0,130,0.3421626735798376,0.395,0.31263274154514786,0.3516666666666667,0.12246221861146571,0.05,0.22274236626354896,0.20333333333333334,0.0827045848750146,0.0827045848750146,1.0,0.3908333333333333,0.3466666666666667,0.05291666666666667,0.20958333333333334,0.11645196659827271,0.11645196659827271,0.0,0.2837459638636347,0.3373743759825231,0.0644269617293958,0.31445269842444634,0.06866342939478802,0.06866342939478802,0.0,0.337289648598484,0.34202052132459493,0.05867181419803123,0.26201801587888984,0.0,0.0,1.0,0.3421626735798376,0.31263274154514786,0.12246221861146571,0.22274236626354896
136,0.0661706597534958,0.0,0.1547954151249854,84,67,0.0,0,0,130,0.3421626735798376,0.4083333333333333,0.31263274154514786,0.31,0.12246221861146571,0.06,0.22274236626354896,0.22166666666666668,0.0827045848750146,0.0827045848750146,1.0,0.3908333333333333,0.3466666666666667,0.05291666666666667,0.20958333333333334,0.11645196659827271,0.11645196659827271,0.0,0.2837459638636347,0.3373743759825231,0.0644269617293958,0.31445269842444634,0.06866342939478802,0.06866342939478802,0.0,0.337289648598484,0.34202052132459493,0.05867181419803123,0.26201801587888984,0.0,0.0,1.0,0.3421626735798376,0.31263274154514786,0.12246221861146571,0.22274236626354896
137,0.08176162682328018,0.0,0.1547954151249854,96,67,0.0,0,0,130,0.3421626735798376,0.395,0.31263274154514786,0.29333333333333333,0.12246221861146571,0.06,0.22274236626354896,0.25166666666666665,0.0827045848750146,0.0827045848750146,1.0,0.3908333333333333,0.3466666666666667,0.05291666666666667,0.20958333333333334,0.11645196659827271,0.11645196659827271,0.0,0.2837459638636347,0.3373743759825231,0.0644269617293958,0.31445269842444634,0.06866342939478802,0.06866342939478802,0.0,0.337289648598484,0.34202052132459493,0.05867181419803123,0.26201801587888984,0.0,0.0,1.0,0.3421626735798376,0.31263274154514786,0.12246221861146571,0.22274236626354896
138,0.1100949601566135,0.0,0.1547954151249854,98,68,0.0,0,0,130,0.3421626735798376,0.44,0.31263274154514786,0.27166666666666667,0.12246221861146571,0.05333333333333334,0.22274236626354896,0.235,0.0827045848750146,0.0827045848750146,1.0,0.3908333333333333,0.3466666666666667,0.05291666666666667,0.20958333333333334,0.11645196659827271,0.11645196659827271,0.0,0.2837459638636347,0.3373743759825231,0.0644269617293958,0.31445269842444634,0.06866342939478802,0.06866342939478802,0.0,0.337289648598484,0.34202052132459493,0.05867181419803123,0.26201801587888984,0.0,0.0,1.0,0.3421626735798376,0.31263274154514786,0.12246221861146571,0.22274236626354896
139,0.10342829348994684,0.0,0.1547954151249854,95,68,0.0,0,0,130,0.3421626735798376,0.44166666666666665,0.31263274154514786,0.26666666666666666,0.12246221861146571,0.065,0.22274236626354896,0.22666666666666666,0.0827045848750146,0.0827045848750146,1.0,0.3908333333333333,0.3466666666666667,0.05291666666666667,0.20958333333333334,0.11645196659827271,0.11645196659827271,0.0,0.2837459638636347,0.3373743759825231,0.0644269617293958,0.31445269842444634,0.06866342939478802,0.06866342939478802,0.0,0.337289648598484,0.34202052132459493,0.05867181419803123,0.26201801587888984,0.0,0.0,1.0,0.3421626735798376,0.31263274154514786,0.12246221861146571,0.22274236626354896
140,0.09842829348994683,0.0,0.1547954151249854,122,67,0.0,0,1,140,0.3421626735798376,0.43166666666666664,0.31263274154514786,0.29,0.12246221861146571,0.04666666666666667,0.22274236626354896,0.23166666666666666,0.0792045848750146,0.0792045848750146,1.0,0.4103333333333333,0.32366666666666666,0.051,0.215,0.11205581670468935,0.11205581670468935,1.0,0.39190684654474506,0.3749443852849297,0.05068637635389415,0.1824623918164311,0.09563020078985199,0.09563020078985199,1.0,0.4011200899390392,0.34930552597579817,0.05084318817694707,0.19873119590821553,0.0,0.0,1.0,0.3421626735798376,0.31263274154514786,0.12246221861146571,0.22274236626354896
141,0.0761706597534958,0.0,0.1547954151249854,101,68,0.0,0,0,140,0.3421626735798376,0.41833333333333333,0.31263274154514786,0.31,0.12246221861146571,0.05,0.22274236626354896,0.22166666666666668,0.0792045848750146,0.0792045848750146,1.0,0.4103333333333333,0.32366666666666666,0.051,0.215,0.11205581670468935,0.11205581670468935,1.0,0.39190684654474506,0.3749443852849297,0.05068637635389415,0.1824623918164311,0.09563020078985199,0.09563020078985199,1.0,0.4011200899390392,0.34930552597579817,0.05084318817694707,0.19873119590821553,0.0,0.0,1.0,0.3421626735798376,0.31263274154514786,0.12246221861146571,0.22274236626354896
142,0.10009496015661352,0.0,0.1547954151249854,107,67,0.0,0,0,140,0.3421626735798376,0.4066666666666667,0.31263274154514786,0.2833333333333333,0.12246221861146571,0.051666666666666666,0.22274236626354896,0.25833333333333336,0.0792045848750146,0.0792045848750146,1.0,0.4103333333333333,0.32366666666666666,0.051,0.215,0.11205581670468935,0.11205581670468935,1.0,0.39190684654474506,0.3749443852849297,0.05068637635389415,0.1824623918164311,0.09563020078985199,0.09563020078985199,1.0,0.4011200899390392,0.34930552597579817,0.05084318817694707,0.19873119590821553,0.0,0.0,1.0,0.3421626735798376,0.31263274154514786,0.12246221861146571,0.22274236626354896
143,0.052462218611465626,0.0,0.1547954151249854,113,65,0.0,0,0,140,0.3421626735798376,0.37666666666666665,0.31263274154514786,0.32166666666666666,0.12246221861146571,0.07,0.22274236626354896,0.23166666666666666,0.0792045848750146,0.0792045848750146,1.0,0.4103333333333333,0.32366666666666666,0.051,0.215,0.11205581670468935,0.11205581670468935,1.0,0.39190684654474506,0.3749443852849297,0.05068637635389415,0.1824623918164311,0.09563020078985199,0.09563020078985199,1.0,0.4011200899390392,0.34930552597579817,0.05084318817694707,0.19873119590821553,0.0,0.0,1.0,0.3421626735798376,0.31263274154514786,0.12246221861146571,0.22274236626354896
144,0.09176162682328018,0.0,0.1547954151249854,105,65,0.0,0,0,140,0.3421626735798376,0.41833333333333333,0.31263274154514786,0.2816666666666667,0.12246221861146571,0.06166666666666667,0.22274236626354896,0.23833333333333334,0.0792045848750146,0.0792045848750146,1.0,0.4103333333333333,0.32366666666666666,0.051,0.215,0.11205581670468935,0.11205581670468935,1.0,0.39190684654474506,0.3749443852849297,0.05068637635389415,0.1824623918164311,0.09563020078985199,0.09563020078985199,1.0,0.4011200899390392,0.34930552597579817,0.05084318817694707,0.19873119590821553,0.0,0.0,1.0,0.3421626735798376,0.31263274154514786,0.12246221861146571,0.22274236626354896
145,0.07450399308682916,0.0,0.1547954151249854,94,65,0.0,0,0,140,0.3421626735798376,0.4166666666666667,0.31263274154514786,0.305,0.12246221861146571,0.06,0.22274236626354896,0.21833333333333332,0.0792045848750146,0.0792045848750146,1.0,0.4103333333333333,0.32366666666666666,0.051,0.215,0.11205581670468935,0.11205581670468935,1.0,0.39190684654474506,0.3749443852849297,0.05068637635389415,0.1824623918164311,0.09563020078985199,0.09563020078985199,1.0,0.4011200899390392,0.34930552597579817,0.05084318817694707,0.19873119590821553,0.0,0.0,1.0,0.3421626735798376,0.31263274154514786,0.12246221861146571,0.22274236626354896
146,0.06746221861146565,0.0,0.1547954151249854,101,64,0.0,0,0,140,0.3421626735798376,0.38166666666666665,0.31263274154514786,0.31833333333333336,0.12246221861146571,0.055,0.22274236626354896,0.245,0.0792045848750146,0.0792045848750146,1.0,0.4103333333333333,0.32366666666666666,0.051,0.215,0.11205581670468935,0.11205581670468935,1.0,0.39190684654474506,0.3749443852849297,0.05068637635389415,0.1824623918164311,0.09563020078985199,0.09563020078985199,1.0,0.4011200899390392,0.34930552597579817,0.05084318817694707,0.19873119590821553,0.0,0.0,1.0,0.3421626735798376,0.31263274154514786,0.12246221861146571,0.22274236626354896
147,0.08412888527813232,0.0,0.1547954151249854,93,64,0.0,0,0,140,0.3421626735798376,0.3983333333333333,0.31263274154514786,0.31333333333333335,0.12246221861146571,0.03833333333333333,0.22274236626354896,0.25,0.0792045848750146,0.0792045848750146,1.0,0.4103333333333333,0.32366666666666666,0.051,0.215,0.11205581670468935,0.11205581670468935,1.0,0.39190684654474506,0.3749443852849297,0.05068637635389415,0.1824623918164311,0.09563020078985199,0.09563020078985199,1.0,0.4011200899390392,0.34930552597579817,0.05084318817694707,0.19873119590821553,0.0,0.0,1.0,0.3421626735798376,0.31263274154514786,0.12246221861146571,0.22274236626354896
148,0.08342829348994683,0.0,0.1547954151249854,104,63,0.0,0,0,140,0.3421626735798376,0.38666666666666666,0.31263274154514786,0.29333333333333333,0.12246221861146571,0.058333333333333334,0.22274236626354896,0.26166666666666666,0.0792045848750146,0.0792045848750146,1.0,0.4103333333333333,0.32366666666666666,0.051,0.215,0.11205581670468935,0.11205581670468935,1.0,0.39190684654474506,0.3749443852849297,0.05068637635389415,0.1824623918164311,0.09563020078985199,0.09563020078985199,1.0,0.4011200899390392,0.34930552597579817,0.05084318817694707,0.19873119590821553,0.0,0.0,1.0,0.3421626735798376,0.31263274154514786,0.12246221861146571,0.22274236626354896
149,0.06912888527813231,0.0,0.1547954151249854,104,64,0.0,0,0,140,0.3421626735798376,0.38666666666666666,0.31263274154514786,0.31666666666666665,0.12246221861146571,0.05333333333333334,0.22274236626354896,0.24333333333333335,0.0792045848750146,0.0792045848750146,1.0,0.4103333333333333,0.32366666666666666,0.051,0.215,0.11205581670468935,0.11205581670468935,1.0,0.39190684654474506,0.3749443852849297,0.05068637635389415,0.1824623918164311,0.09563020078985199,0.09563020078985199,1.0,0.4011200899390392,0.34930552597579817,0.05084318817694707,0.19873119590821553,0.0,0.0,1.0,0.3421626735798376,0.31263274154514786,0.12246221861146571,0.22274236626354896
150,0.08176162682328017,0.0,0.1547954151249854,112,64,0.0,0,1,150,0.3421626735798376,0.3883333333333333,0.31263274154514786,0.29833333333333334,0.12246221861146571,0.055,0.22274236626354896,0.25833333333333336,0.0735116268232802,0.0735116268232802,1.0,0.40758333333333335,0.30716666666666664,0.05441666666666667,0.23083333333333333,0.08105367909394648,0.08105367909394648,1.0,0.3943304229842046,0.27173107089417076,0.08231021016849623,0.2516282959531283,0.07728265295861335,0.07728265295861335,1.0,0.400956878158769,0.2894488687804187,0.06836343841758144,0.24123081464323082,0.0,0.0,1.0,0.3421626735798376,0.31263274154514786,0.12246221861146571,0.22274236626354896
151,0.08117065975349581,0.0,0.1547954151249854,90,64,0.0,0,0,150,0.3421626735798376,0.42333333333333334,0.31263274154514786,0.29,0.12246221861146571,0.07,0.22274236626354896,0.21666666666666667,0.0735116268232802,0.0735116268232802,1.0,0.40758333333333335,0.30716666666666664,0.05441666666666667,0.23083333333333333,0.08105367909394648,0.08105367909394648,1.0,0.3943304229842046,0.27173107089417076,0.08231021016849623,0.2516282959531283,0.07728265295861335,0.07728265295861335,1.0,0.400956878158769,0.2894488687804187,0.06836343841758144,0.24123081464323082,0.0,0.0,1.0,0.3421626735798376,0.31263274154514786,0.12246221861146571,0.22274236626354896
152,0.0950949601566135,0.0,0.1547954151249854,114,64,0.0,0,0,150,0.3421626735798376,0.41,0.31263274154514786,0.2783333333333333,0.12246221861146571,0.06166666666666667,0.22274236626354896,0.25,0.0735116268232802,0.0735116268232802,1.0,0.40758333333333335,0.30716666666666664,0.05441666666666667,0.23083333333333333,0.08105367909394648,0.08105367909394648,1.0,0.3943304229842046,0.27173107089417076,0.08231021016849623,0.2516282959531283,0.07728265295861335,0.07728265295861335,1.0,0.400956878158769,0.2894488687804187,0.06836343841758144,0.24123081464323082,0.0,0.0,1.0,0.3421626735798376,0.31263274154514786,0.12246221861146571,0.22274236626354896
153,0.09176162682328019,0.0,0.1547954151249854,109,63,0.0,0,0,150,0.3421626735798376,0.405,0.31263274154514786,0.2783333333333333,0.12246221861146571,0.065,0.22274236626354896,0.25166666666666665,0.0735116268232802,0.0735116268232802,1.0,0.40758333333333335,0.30716666666666664,0.05441666666666667,0.23083333333333333,0.08105367909394648,0.08105367909394648,1.0,0.3943304229842046,0.27173107089417076,0.08231021016849623,0.2516282959531283,0.07728265295861335,0.07728265295861335,1.0,0.400956878158769,0.2894488687804187,0.06836343841758144,0.24123081464323082,0.0,0.0,1.0,0.3421626735798376,0.31263274154514786,0.12246221861146571,0.22274236626354896
154,0.0900949601566135,0.0,0.1547954151249854,124,63,0.0,0,0,150,0.3421626735798376,0.39166666666666666,0.31263274154514786,0.28833333333333333,0.12246221861146571,0.056666666666666664,0.22274236626354896,0.2633333333333333,0.0735116268232802,0.0735116268232802,1.0,0.40758333333333335,0.30716666666666664,0.05441666666666667,0.23083333333333333,0.08105367909394648,0.08105367909394648,1.0,0.3943304229842046,0.27173107089417076,0.08231021016849623,0.2516282959531283,0.07728265295861335,0.07728265295861335,1.0,0.400956878158769,0.2894488687804187,0.06836343841758144,0.24123081464323082,0.0,0.0,1.0,0.3421626735798376,0.31263274154514786,0.12246221861146571,0.22274236626354896
155,0.07912888527813232,0.0,0.1547954151249854,116,64,0.0,0,0,150,0.3421626735798376,0.38666666666666666,0.31263274154514786,0.32,0.12246221861146571,0.043333333333333335,0.22274236626354896,0.25,0.0735116268232802,0.0735116268232802,1.0,0.40758333333333335,0.30716666666666664,0.05441666666666667,0.23083333333333333,0.08105367909394648,0.08105367909394648,1.0,0.3943304229842046,0.27173107089417076,0.08231021016849623,0.2516282959531283,0.07728265295861335,0.07728265295861335,1.0,0.400956878158769,0.2894488687804187,0.06836343841758144,0.24123081464323082,0.0,0.0,1.0,0.3421626735798376,0.31263274154514786,0.12246221861146571,0.22274236626354896
156,0.10009496015661352,0.0,0.1547954151249854,108,65,0.0,0,0,150,0.3421626735798376,0.4216666666666667,0.31263274154514786,0.2816666666666667,0.12246221861146571,0.05333333333333334,0.22274236626354896,0.24333333333333335,0.0735116268232802,0.0735116268232802,1.0,0.40758333333333335,0.30716666666666664,0.05441666666666667,0.23083333333333333,0.08105367909394648,0.08105367909394648,1.0,0.3943304229842046,0.27173107089417076,0.08231021016849623,0.2516282959531283,0.07728265295861335,0.07728265295861335,1.0,0.400956878158769,0.2894488687804187,0.06836343841758144,0.24123081464323082,0.0,0.0,1.0,0.3421626735798376,0.31263274154514786,0.12246221861146571,0.22274236626354896
157,0.08509496015661352,0.0,0.1547954151249854,98,65,0.0,0,0,150,0.3421626735798376,0.405,0.31263274154514786,0.3,0.12246221861146571,0.05,0.22274236626354896,0.245,0.0735116268232802,0.0735116268232802,1.0,0.40758333333333335,0.30716666666666664,0.05441666666666667,0.23083333333333333,0.08105367909394648,0.08105367909394648,1.0,0.3943304229842046,0.27173107089417076,0.08231021016849623,0.2516282959531283,0.07728265295861335,0.07728265295861335,1.0,0.400956878158769,0.2894488687804187,0.06836343841758144,0.24123081464323082,0.0,0.0,1.0,0.3421626735798376,0.31263274154514786,0.12246221861146571,0.22274236626354896
158,0.08450399308682914,0.0,0.1547954151249854,113,66,0.0,0,0,150,0.3421626735798376,0.4266666666666667,0.31263274154514786,0.2916666666666667,0.12246221861146571,0.06,0.22274236626354896,0.22166666666666668,0.0735116268232802,0.0735116268232802,1.0,0.40758333333333335,0.30716666666666664,0.05441666666666667,0.23083333333333333,0.08105367909394648,0.08105367909394648,1.0,0.3943304229842046,0.27173107089417076,0.08231021016849623,0.2516282959531283,0.07728265295861335,0.07728265295861335,1.0,0.400956878158769,0.2894488687804187,0.06836343841758144,0.24123081464323082,0.0,0.0,1.0,0.3421626735798376,0.31263274154514786,0.12246221861146571,0.22274236626354896
159,0.10842829348994683,0.0,0.1547954151249854,110,65,0.0,0,0,150,0.3421626735798376,0.4116666666666667,0.31263274154514786,0.275,0.12246221861146571,0.051666666666666666,0.22274236626354896,0.26166666666666666,0.0735116268232802,0.0735116268232802,1.0,0.40758333333333335,0.30716666666666664,0.05441666666666667,0.23083333333333333,0.08105367909394648,0.08105367909394648,1.0,0.3943304229842046,0.27173107089417076,0.08231021016849623,0.2516282959531283,0.07728265295861335,0.07728265295861335,1.0,0.400956878158769,0.2894488687804187,0.06836343841758144,0.24123081464323082,0.0,0.0,1.0,0.3421626735798376,0.31263274154514786,0.12246221861146571,0.22274236626354896
160,0.07676162682328015,0.0,0.1547954151249854,112,66,0.0,0,1,160,0.3421626735798376,0.41,0.31263274154514786,0.3016666666666667,0.12246221861146571,0.056666666666666664,0.22274236626354896,0.23166666666666666,0.08167829348994686,0.08167829348994686,1.0,0.4035,0.29733333333333334,0.05608333333333333,0.24308333333333335,0.07017189430281476,0.07017189430281476,1.0,0.3600446565577244,0.24246084724233308,0.1589966240652592,0.23849787213468343,0.05765789116948406,0.05765789116948406,1.0,0.3817723282788622,0.2698970902878332,0.10753997869929627,0.24079060273400837,0.0,0.0,1.0,0.3421626735798376,0.31263274154514786,0.12246221861146571,0.22274236626354896
161,0.07676162682328015,0.0,0.1547954151249854,102,67,0.0,0,0,160,0.3421626735798376,0.415,0.31263274154514786,0.2916666666666667,0.12246221861146571,0.06666666666666667,0.22274236626354896,0.22666666666666666,0.08167829348994686,0.08167829348994686,1.0,0.4035,0.29733333333333334,0.05608333333333333,0.24308333333333335,0.07017189430281476,0.07017189430281476,1.0,0.3600446565577244,0.24246084724233308,0.1589966240652592,0.23849787213468343,0.05765789116948406,0.05765789116948406,1.0,0.3817723282788622,0.2698970902878332,0.10753997869929627,0.24079060273400837,0.0,0.0,1.0,0.3421626735798376,0.31263274154514786,0.12246221861146571,0.22274236626354896
162,0.08842829348994684,0.0,0.1547954151249854,109,66,0.0,0,0,160,0.3421626735798376,0.4066666666666667,0.31263274154514786,0.3016666666666667,0.12246221861146571,0.045,0.22274236626354896,0.24666666666666667,0.08167829348994686,0.08167829348994686,1.0,0.4035,0.29733333333333334,0.05608333333333333,0.24308333333333335,0.07017189430281476,0.07017189430281476,1.0,0.3600446565577244,0.24246084724233308,0.1589966240652592,0.23849787213468343,0.05765789116948406,0.05765789116948406,1.0,0.3817723282788622,0.2698970902878332,0.10753997869929627,0.24079060273400837,0.0,0.0,1.0,0.3421626735798376,0.31263274154514786,0.12246221861146571,0.22274236626354896
163,0.09842829348994683,0.0,0.1547954151249854,101,67,0.0,0,0,160,0.3421626735798376,0.415,0.31263274154514786,0.2833333333333333,0.12246221861146571,0.05333333333333334,0.22274236626354896,0.24833333333333332,0.08167829348994686,0.08167829348994686,1.0,0.4035,0.29733333333333334,0.05608333333333333,0.24308333333333335,0.07017189430281476,0.07017189430281476,1.0,0.3600446565577244,0.24246084724233308,0.1589966240652592,0.23849787213468343,0.05765789116948406,0.05765789116948406,1.0,0.3817723282788622,0.2698970902878332,0.10753997869929627,0.24079060273400837,0.0,0.0,1.0,0.3421626735798376,0.31263274154514786,0.12246221861146571,0.22274236626354896
164,0.09450399308682912,0.0,0.1547954151249854,94,66,0.0,0,0,160,0.3421626735798376,0.43666666666666665,0.31263274154514786,0.31,0.12246221861146571,0.041666666666666664,0.22274236626354896,0.21166666666666667,0.08167829348994686,0.08167829348994686,1.0,0.4035,0.29733333333333334,0.05608333333333333,0.24308333333333335,0.07017189430281476,0.07017189430281476,1.0,0.3600446565577244,0.24246084724233308,0.1589966240652592,0.23849787213468343,0.05765789116948406,0.05765789116948406,1.0,0.3817723282788622,0.2698970902878332,0.10753997869929627,0.24079060273400837,0.0,0.0,1.0,0.3421626735798376,0.31263274154514786,0.12246221861146571,0.22274236626354896
165,0.08176162682328016,0.0,0.1547954151249854,106,67,0.0,0,0,160,0.3421626735798376,0.41833333333333333,0.31263274154514786,0.3016666666666667,0.12246221861146571,0.051666666666666666,0.22274236626354896,0.22833333333333333,0.08167829348994686,0.08167829348994686,1.0,0.4035,0.29733333333333334,0.05608333333333333,0.24308333333333335,0.07017189430281476,0.07017189430281476,1.0,0.3600446565577244,0.24246084724233308,0.1589966240652592,0.23849787213468343,0.05765789116948406,0.05765789116948406,1.0,0.3817723282788622,0.2698970902878332,0.10753997869929627,0.24079060273400837,0.0,0.0,1.0,0.3421626735798376,0.31263274154514786,0.12246221861146571,0.22274236626354896
166,0.06842829348994686,0.0,0.1547954151249854,111,66,0.0,0,0,160,0.3421626735798376,0.4083333333333333,0.31263274154514786,0.30666666666666664,0.12246221861146571,0.06,0.22274236626354896,0.225,0.08167829348994686,0.08167829348994686,1.0,0.4035,0.29733333333333334,0.05608333333333333,0.24308333333333335,0.07017189430281476,0.07017189430281476,1.0,0.3600446565577244,0.24246084724233308,0.1589966240652592,0.23849787213468343,0.05765789116948406,0.05765789116948406,1.0,0.3817723282788622,0.2698970902878332,0.10753997869929627,0.24079060273400837,0.0,0.0,1.0,0.3421626735798376,0.31263274154514786,0.12246221861146571,0.22274236626354896
167,0.08579555194479897,0.0,0.1547954151249854,106,65,0.0,0,0,160,0.3421626735798376,0.41,0.31263274154514786,0.31833333333333336,0.12246221861146571,0.03666666666666667,0.22274236626354896,0.235,0.08167829348994686,0.08167829348994686,1.0,0.4035,0.29733333333333334,0.05608333333333333,0.24308333333333335,0.07017189430281476,0.07017189430281476,1.0,0.3600446565577244,0.24246084724233308,0.1589966240652592,0.23849787213468343,0.05765789116948406,0.05765789116948406,1.0,0.3817723282788622,0.2698970902878332,0.10753997869929627,0.24079060273400837,0.0,0.0,1.0,0.3421626735798376,0.31263274154514786,0.12246221861146571,0.22274236626354896
168,0.07020458487501462,0.0,0.1547954151249854,107,65,0.0,0,0,160,0.3421626735798376,0.4116666666666667,0.31263274154514786,0.31333333333333335,0.12246221861146571,0.05333333333333334,0.22274236626354896,0.22166666666666668,0.08167829348994686,0.08167829348994686,1.0,0.4035,0.29733333333333334,0.05608333333333333,0.24308333333333335,0.07017189430281476,0.07017189430281476,1.0,0.3600446565577244,0.24246084724233308,0.1589966240652592,0.23849787213468343,0.05765789116948406,0.05765789116948406,1.0,0.3817723282788622,0.2698970902878332,0.10753997869929627,0.24079060273400837,0.0,0.0,1.0,0.3421626735798376,0.31263274154514786,0.12246221861146571,0.22274236626354896
169,0.0741288852781323,0.0,0.1547954151249854,100,66,0.0,0,0,160,0.3421626735798376,0.3933333333333333,0.31263274154514786,0.3283333333333333,0.12246221861146571,0.04833333333333333,0.22274236626354896,0.23,0.08167829348994686,0.08167829348994686,1.0,0.4035,0.29733333333333334,0.05608333333333333,0.24308333333333335,0.07017189430281476,0.07017189430281476,1.0,0.3600446565577244,0.24246084724233308,0.1589966240652592,0.23849787213468343,0.05765789116948406,0.05765789116948406,1.0,0.3817723282788622,0.2698970902878332,0.10753997869929627,0.24079060273400837,0.0,0.0,1.0,0.3421626735798376,0.31263274154514786,0.12246221861146571,0.22274236626354896
170,0.09342829348994681,0.0,0.1547954151249854,118,65,0.0,0,1,170,0.3421626735798376,0.41,0.31263274154514786,0.3016666666666667,0.12246221861146571,0.04,0.22274236626354896,0.24833333333333332,0.08376162682328019,0.08376162682328019,1.0,0.41083333333333333,0.2980833333333333,0.05325,0.23783333333333334,0.17391179251670147,0.17391179251670147,0.0,0.21153903279982922,0.4014157977873812,0.07917406687477256,0.3078711025380171,0.08722667568733568,0.08722667568733568,0.0,0.3111861830665813,0.34974956556035725,0.06621203343738628,0.2728522179356752,0.0,0.0,1.0,0.3421626735798376,0.31263274154514786,0.12246221861146571,0.22274236626354896
171,0.1050949601566135,0.0,0.1547954151249854,100,65,0.0,0,0,170,0.3421626735798376,0.42,0.31263274154514786,0.2866666666666667,0.12246221861146571,0.043333333333333335,0.22274236626354896,0.25,0.08376162682328019,0.08376162682328019,1.0,0.41083333333333333,0.2980833333333333,0.05325,0.23783333333333334,0.17391179251670147,0.17391179251670147,0.0,0.21153903279982922,0.4014157977873812,0.07917406687477256,0.3078711025380171,0.08722667568733568,0.08722667568733568,0.0,0.3111861830665813,0.34974956556035725,0.06621203343738628,0.2728522179356752,0.0,0.0,1.0,0.3421626735798376,0.31263274154514786,0.12246221861146571,0.22274236626354896
172,0.08246221861146566,0.0,0.1547954151249854,99,66,0.0,0,0,170,0.3421626735798376,0.4033333333333333,0.31263274154514786,0.31833333333333336,0.12246221861146571,0.04,0.22274236626354896,0.23833333333333334,0.08376162682328019,0.08376162682328019,1.0,0.41083333333333333,0.2980833333333333,0.05325,0.23783333333333334,0.17391179251670147,0.17391179251670147,0.0,0.21153903279982922,0.4014157977873812,0.07917406687477256,0.3078711025380171,0.08722667568733568,0.08722667568733568,0.0,0.3111861830665813,0.34974956556035725,0.06621203343738628,0.2728522179356752,0.0,0.0,1.0,0.3421626735798376,0.31263274154514786,0.12246221861146571,0.22274236626354896
173,0.10450399308682914,0.0,0.1547954151249854,100,65,0.0,0,0,170,0.3421626735798376,0.44666666666666666,0.31263274154514786,0.295,0.12246221861146571,0.03833333333333333,0.22274236626354896,0.22,0.08376162682328019,0.08376162682328019,1.0,0.41083333333333333,0.2980833333333333,0.05325,0.23783333333333334,0.17391179251670147,0.17391179251670147,0.0,0.21153903279982922,0.4014157977873812,0.07917406687477256,0.3078711025380171,0.08722667568733568,0.08722667568733568,0.0,0.3111861830665813,0.34974956556035725,0.06621203343738628,0.2728522179356752,0.0,0.0,1.0,0.3421626735798376,0.31263274154514786,0.12246221861146571,0.22274236626354896
174,0.08579555194479896,0.0,0.1547954151249854,113,64,0.0,0,0,170,0.3421626735798376,0.3983333333333333,0.31263274154514786,0.3233333333333333,0.12246221861146571,0.03666666666666667,0.22274236626354896,0.24166666666666667,0.08376162682328019,0.08376162682328019,1.0,0.41083333333333333,0.2980833333333333,0.05325,0.23783333333333334,0.17391179251670147,0.17391179251670147,0.0,0.21153903279982922,0.4014157977873812,0.07917406687477256,0.3078711025380171,0.08722667568733568,0.08722667568733568,0.0,0.3111861830665813,0.34974956556035725,0.06621203343738628,0.2728522179356752,0.0,0.0,1.0,0.3421626735798376,0.31263274154514786,0.12246221861146571,0.22274236626354896
175,0.11020458487501458,0.0,0.1547954151249854,103,63,0.0,0,0,170,0.3421626735798376,0.44166666666666665,0.31263274154514786,0.3233333333333333,0.12246221861146571,0.02666666666666667,0.22274236626354896,0.20833333333333334,0.08376162682328019,0.08376162682328019,1.0,0.41083333333333333,0.2980833333333333,0.05325,0.23783333333333334,0.17391179251670147,0.17391179251670147,0.0,0.21153903279982922,0.4014157977873812,0.07917406687477256,0.3078711025380171,0.08722667568733568,0.08722667568733568,0.0,0.3111861830665813,0.34974956556035725,0.06621203343738628,0.2728522179356752,0.0,0.0,1.0,0.3421626735798376,0.31263274154514786,0.12246221861146571,0.22274236626354896
176,0.09176162682328017,0.0,0.1547954151249854,111,63,0.0,0,0,170,0.3421626735798376,0.425,0.31263274154514786,0.31,0.12246221861146571,0.03333333333333333,0.22274236626354896,0.23166666666666666,0.08376162682328019,0.08376162682328019,1.0,0.41083333333333333,0.2980833333333333,0.05325,0.23783333333333334,0.17391179251670147,0.17391179251670147,0.0,0.21153903279982922,0.4014157977873812,0.07917406687477256,0.3078711025380171,0.08722667568733568,0.08722667568733568,0.0,0.3111861830665813,0.34974956556035725,0.06621203343738628,0.2728522179356752,0.0,0.0,1.0,0.3421626735798376,0.31263274154514786,0.12246221861146571,0.22274236626354896
177,0.1217616268232802,0.0,0.1547954151249854,115,63,0.0,0,0,170,0.3421626735798376,0.43333333333333335,0.31263274154514786,0.285,0.12246221861146571,0.028333333333333332,0.22274236626354896,0.25333333333333335,0.08376162682328019,0.08376162682328019,1.0,0.41083333333333333,0.2980833333333333,0.05325,0.23783333333333334,0.17391179251670147,0.17391179251670147,0.0,0.21153903279982922,0.4014157977873812,0.07917406687477256,0.3078711025380171,0.08722667568733568,0.08722667568733568,0.0,0.3111861830665813,0.34974956556035725,0.06621203343738628,0.2728522179356752,0.0,0.0,1.0,0.3421626735798376,0.31263274154514786,0.12246221861146571,0.22274236626354896
178,0.07579555194479895,0.0,0.1547954151249854,120,65,0.0,0,0,170,0.3421626735798376,0.4033333333333333,0.31263274154514786,0.3233333333333333,0.12246221861146571,0.04666666666666667,0.22274236626354896,0.22666666666666666,0.08376162682328019,0.08376162682328019,1.0,0.41083333333333333,0.2980833333333333,0.05325,0.23783333333333334,0.17391179251670147,0.17391179251670147,0.0,0.21153903279982922,0.4014157977873812,0.07917406687477256,0.3078711025380171,0.08722667568733568,0.08722667568733568,0.0,0.3111861830665813,0.34974956556035725,0.06621203343738628,0.2728522179356752,0.0,0.0,1.0,0.3421626735798376,0.31263274154514786,0.12246221861146571,0.22274236626354896
179,0.11020458487501461,0.0,0.1547954151249854,113,62,0.0,0,0,170,0.3421626735798376,0.43833333333333335,0.31263274154514786,0.32666666666666666,0.12246221861146571,0.025,0.22274236626354896,0.21,0.08376162682328019,0.08376162682328019,1.0,0.41083333333333333,0.2980833333333333,0.05325,0.23783333333333334,0.17391179251670147,0.17391179251670147,0.0,0.21153903279982922,0.4014157977873812,0.07917406687477256,0.3078711025380171,0.08722667568733568,0.08722667568733568,0.0,0.3111861830665813,0.34974956556035725,0.06621203343738628,0.2728522179356752,0.0,0.0,1.0,0.3421626735798376,0.31263274154514786,0.12246221861146571,0.22274236626354896
180,0.14020458487501458,0.0,0.1547954151249854,99,61,0.0,0,1,180,0.3421626735798376,0.43666666666666665,0.31263274154514786,0.35833333333333334,0.12246221861146571,0.03166666666666667,0.22274236626354896,0.17333333333333334,0.08242829348994683,0.08242829348994683,1.0,0.4185833333333333,0.31033333333333335,0.042333333333333334,0.22875,0.10699040168628801,0.10699040168628801,1.0,0.3835443734557826,0.22852236540866913,0.09958219306165637,0.28835106807389194,0.09470934758811743,0.09470934758811743,1.0,0.40106385339455797,0.2694278493710012,0.07095776319749486,0.25855053403694594,0.0,0.0,1.0,0.3421626735798376,0.31263274154514786,0.12246221861146571,0.22274236626354896
181,0.10353791820834793,0.0,0.1547954151249854,109,61,0.0,0,0,180,0.3421626735798376,0.44166666666666665,0.31263274154514786,0.31666666666666665,0.12246221861146571,0.03166666666666667,0.22274236626354896,0.21,0.08242829348994683,0.08242829348994683,1.0,0.4185833333333333,0.31033333333333335,0.042333333333333334,0.22875,0.10699040168628801,0.10699040168628801,1.0,0.3835443734557826,0.22852236540866913,0.09958219306165637,0.28835106807389194,0.09470934758811743,0.09470934758811743,1.0,0.40106385339455797,0.2694278493710012,0.07095776319749486,0.25855053403694594,0.0,0.0,1.0,0.3421626735798376,0.31263274154514786,0.12246221861146571,0.22274236626354896
182,0.12020458487501458,0.0,0.1547954151249854,125,60,0.0,0,0,180,0.3421626735798376,0.4533333333333333,0.31263274154514786,0.32166666666666666,0.12246221861146571,0.035,0.22274236626354896,0.19,0.08242829348994683,0.08242829348994683,1.0,0.4185833333333333,0.31033333333333335,0.042333333333333334,0.22875,0.10699040168628801,0.10699040168628801,1.0,0.3835443734557826,0.22852236540866913,0.09958219306165637,0.28835106807389194,0.09470934758811743,0.09470934758811743,1.0,0.40106385339455797,0.2694278493710012,0.07095776319749486,0.25855053403694594,0.0,0.0,1.0,0.3421626735798376,0.31263274154514786,0.12246221861146571,0.22274236626354896
183,0.15853791820834795,0.0,0.1547954151249854,127,58,0.0,0,0,180,0.3421626735798376,0.48833333333333334,0.31263274154514786,0.325,0.12246221861146571,0.025,0.22274236626354896,0.16166666666666665,0.08242829348994683,0.08242829348994683,1.0,0.4185833333333333,0.31033333333333335,0.042333333333333334,0.22875,0.10699040168628801,0.10699040168628801,1.0,0.3835443734557826,0.22852236540866913,0.09958219306165637,0.28835106807389194,0.09470934758811743,0.09470934758811743,1.0,0.40106385339455797,0.2694278493710012,0.07095776319749486,0.25855053403694594,0.0,0.0,1.0,0.3421626735798376,0.31263274154514786,0.12246221861146571,0.22274236626354896
184,0.1402045848750146,0.0,0.1547954151249854,95,59,0.0,0,0,180,0.3421626735798376,0.47333333333333333,0.31263274154514786,0.32166666666666666,0.12246221861146571,0.03833333333333333,0.22274236626354896,0.16666666666666666,0.08242829348994683,0.08242829348994683,1.0,0.4185833333333333,0.31033333333333335,0.042333333333333334,0.22875,0.10699040168628801,0.10699040168628801,1.0,0.3835443734557826,0.22852236540866913,0.09958219306165637,0.28835106807389194,0.09470934758811743,0.09470934758811743,1.0,0.40106385339455797,0.2694278493710012,0.07095776319749486,0.25855053403694594,0.0,0.0,1.0,0.3421626735798376,0.31263274154514786,0.12246221861146571,0.22274236626354896
185,0.15853791820834792,0.0,0.1547954151249854,103,60,0.0,0,0,180,0.3421626735798376,0.4633333333333333,0.31263274154514786,0.35,0.12246221861146571,0.02666666666666667,0.22274236626354896,0.16,0.08242829348994683,0.08242829348994683,1.0,0.4185833333333333,0.31033333333333335,0.042333333333333334,0.22875,0.10699040168628801,0.10699040168628801,1.0,0.3835443734557826,0.22852236540866913,0.09958219306165637,0.28835106807389194,0.09470934758811743,0.09470934758811743,1.0,0.40106385339455797,0.2694278493710012,0.07095776319749486,0.25855053403694594,0.0,0.0,1.0,0.3421626735798376,0.31263274154514786,0.12246221861146571,0.22274236626354896
186,0.17020458487501458,0.0,0.1547954151249854,98,62,0.0,0,0,180,0.3421626735798376,0.5083333333333333,0.31263274154514786,0.31666666666666665,0.12246221861146571,0.03,0.22274236626354896,0.145,0.08242829348994683,0.08242829348994683,1.0,0.4185833333333333,0.31033333333333335,0.042333333333333334,0.22875,0.10699040168628801,0.10699040168628801,1.0,0.3835443734557826,0.22852236540866913,0.09958219306165637,0.28835106807389194,0.09470934758811743,0.09470934758811743,1.0,0.40106385339455797,0.2694278493710012,0.07095776319749486,0.25855053403694594,0.0,0.0,1.0,0.3421626735798376,0.31263274154514786,0.12246221861146571,0.22274236626354896
187,0.14853791820834794,0.0,0.1547954151249854,110,62,0.0,0,0,180,0.3421626735798376,0.47333333333333333,0.31263274154514786,0.33,0.12246221861146571,0.05333333333333334,0.22274236626354896,0.14333333333333334,0.08242829348994683,0.08242829348994683,1.0,0.4185833333333333,0.31033333333333335,0.042333333333333334,0.22875,0.10699040168628801,0.10699040168628801,1.0,0.3835443734557826,0.22852236540866913,0.09958219306165637,0.28835106807389194,0.09470934758811743,0.09470934758811743,1.0,0.40106385339455797,0.2694278493710012,0.07095776319749486,0.25855053403694594,0.0,0.0,1.0,0.3421626735798376,0.31263274154514786,0.12246221861146571,0.22274236626354896
188,0.1452045848750146,0.0,0.1547954151249854,85,60,0.0,0,0,180,0.3421626735798376,0.4666666666666667,0.31263274154514786,0.3333333333333333,0.12246221861146571,0.035,0.22274236626354896,0.165,0.08242829348994683,0.08242829348994683,1.0,0.4185833333333333,0.31033333333333335,0.042333333333333334,0.22875,0.10699040168628801,0.10699040168628801,1.0,0.3835443734557826,0.22852236540866913,0.09958219306165637,0.28835106807389194,0.09470934758811743,0.09470934758811743,1.0,0.40106385339455797,0.2694278493710012,0.07095776319749486,0.25855053403694594,0.0,0.0,1.0,0.3421626735798376,0.31263274154514786,0.12246221861146571,0.22274236626354896
189,0.13187125154168128,0.0,0.1547954151249854,126,59,0.0,0,0,180,0.3421626735798376,0.45,0.31263274154514786,0.33666666666666667,0.12246221861146571,0.03666666666666667,0.22274236626354896,0.17666666666666667,0.08242829348994683,0.08242829348994683,1.0,0.4185833333333333,0.31033333333333335,0.042333333333333334,0.22875,0.10699040168628801,0.10699040168628801,1.0,0.3835443734557826,0.22852236540866913,0.09958219306165637,0.28835106807389194,0.09470934758811743,0.09470934758811743,1.0,0.40106385339455797,0.2694278493710012,0.07095776319749486,0.25855053403694594,0.0,0.0,1.0,0.3421626735798376,0.31263274154514786,0.12246221861146571,0.22274236626354896
190,0.16187125154168125,0.0,0.1547954151249854,102,59,0.0,0,1,190,0.3421626735798376,0.4633333333333333,0.31263274154514786,0.35333333333333333,0.12246221861146571,0.025,0.22274236626354896,0.15833333333333333,0.11437125154168126,0.11437125154168126,1.0,0.4464166666666667,0.32275,0.034333333333333334,0.1965,0.05338955603942546,0.05338955603942546,0.0,0.336576306655213,0.3372970713900971,0.15118744480594187,0.17493917714874807,0.06672460723100299,0.06672460723100299,1.0,0.39149648666093984,0.33002353569504855,0.0927603890696376,0.18571958857437404,0.0,0.0,1.0,0.3421626735798376,0.31263274154514786,0.12246221861146571,0.22274236626354896
191,0.14020458487501458,0.0,0.1547954151249854,95,59,0.0,0,0,190,0.3421626735798376,0.44,0.31263274154514786,0.355,0.12246221861146571,0.03166666666666667,0.22274236626354896,0.17333333333333334,0.11437125154168126,0.11437125154168126,1.0,0.4464166666666667,0.32275,0.034333333333333334,0.1965,0.05338955603942546,0.05338955603942546,0.0,0.336576306655213,0.3372970713900971,0.15118744480594187,0.17493917714874807,0.06672460723100299,0.06672460723100299,1.0,0.39149648666093984,0.33002353569504855,0.0927603890696376,0.18571958857437404,0.0,0.0,1.0,0.3421626735798376,0.31263274154514786,0.12246221861146571,0.22274236626354896
192,0.1452045848750146,0.0,0.1547954151249854,102,58,0.0,0,0,190,0.3421626735798376,0.4116666666666667,0.31263274154514786,0.3883333333333333,0.12246221861146571,0.035,0.22274236626354896,0.165,0.11437125154168126,0.11437125154168126,1.0,0.4464166666666667,0.32275,0.034333333333333334,0.1965,0.05338955603942546,0.05338955603942546,0.0,0.336576306655213,0.3372970713900971,0.15118744480594187,0.17493917714874807,0.06672460723100299,0.06672460723100299,1.0,0.39149648666093984,0.33002353569504855,0.0927603890696376,0.18571958857437404,0.0,0.0,1.0,0.3421626735798376,0.31263274154514786,0.12246221861146571,0.22274236626354896
193,0.13687125154168125,0.0,0.1547954151249854,114,59,0.0,0,0,190,0.3421626735798376,0.44666666666666666,0.31263274154514786,0.345,0.12246221861146571,0.03666666666666667,0.22274236626354896,0.17166666666666666,0.11437125154168126,0.11437125154168126,1.0,0.4464166666666667,0.32275,0.034333333333333334,0.1965,0.05338955603942546,0.05338955603942546,0.0,0.336576306655213,0.3372970713900971,0.15118744480594187,0.17493917714874807,0.06672460723100299,0.06672460723100299,1.0,0.39149648666093984,0.33002353569504855,0.0927603890696376,0.18571958857437404,0.0,0.0,1.0,0.3421626735798376,0.31263274154514786,0.12246221861146571,0.22274236626354896
194,0.1302045848750146,0.0,0.1547954151249854,115,58,0.0,0,0,190,0.3421626735798376,0.4583333333333333,0.31263274154514786,0.32666666666666666,0.12246221861146571,0.03833333333333333,0.22274236626354896,0.17666666666666667,0.11437125154168126,0.11437125154168126,1.0,0.4464166666666667,0.32275,0.034333333333333334,0.1965,0.05338955603942546,0.05338955603942546,0.0,0.336576306655213,0.3372970713900971,0.15118744480594187,0.17493917714874807,0.06672460723100299,0.06672460723100299,1.0,0.39149648666093984,0.33002353569504855,0.0927603890696376,0.18571958857437404,0.0,0.0,1.0,0.3421626735798376,0.31263274154514786,0.12246221861146571,0.22274236626354896
195,0.12617065975349578,0.0,0.1547954151249854,98,58,0.0,0,0,190,0.3421626735798376,0.4683333333333333,0.31263274154514786,0.31,0.12246221861146571,0.03,0.22274236626354896,0.19166666666666668,0.11437125154168126,0.11437125154168126,1.0,0.4464166666666667,0.32275,0.034333333333333334,0.1965,0.05338955603942546,0.05338955603942546,0.0,0.336576306655213,0.3372970713900971,0.15118744480594187,0.17493917714874807,0.06672460723100299,0.06672460723100299,1.0,0.39149648666093984,0.33002353569504855,0.0927603890696376,0.18571958857437404,0.0,0.0,1.0,0.3421626735798376,0.31263274154514786,0.12246221861146571,0.22274236626354896
196,0.1418712515416813,0.0,0.1547954151249854,111,58,0.0,0,0,190,0.3421626735798376,0.455,0.31263274154514786,0.3416666666666667,0.12246221861146571,0.028333333333333332,0.22274236626354896,0.175,0.11437125154168126,0.11437125154168126,1.0,0.4464166666666667,0.32275,0.034333333333333334,0.1965,0.05338955603942546,0.05338955603942546,0.0,0.336576306655213,0.3372970713900971,0.15118744480594187,0.17493917714874807,0.06672460723100299,0.06672460723100299,1.0,0.39149648666093984,0.33002353569504855,0.0927603890696376,0.18571958857437404,0.0,0.0,1.0,0.3421626735798376,0.31263274154514786,0.12246221861146571,0.22274236626354896
197,0.11617065975349579,0.0,0.1547954151249854,98,56,0.0,0,0,190,0.3421626735798376,0.4583333333333333,0.31263274154514786,0.305,0.12246221861146571,0.05,0.22274236626354896,0.18666666666666668,0.11437125154168126,0.11437125154168126,1.0,0.4464166666666667,0.32275,0.034333333333333334,0.1965,0.05338955603942546,0.05338955603942546,0.0,0.336576306655213,0.3372970713900971,0.15118744480594187,0.17493917714874807,0.06672460723100299,0.06672460723100299,1.0,0.39149648666093984,0.33002353569504855,0.0927603890696376,0.18571958857437404,0.0,0.0,1.0,0.3421626735798376,0.31263274154514786,0.12246221861146571,0.22274236626354896
198,0.13187125154168128,0.0,0.1547954151249854,102,55,0.0,0,0,190,0.3421626735798376,0.44,0.31263274154514786,0.3466666666666667,0.12246221861146571,0.02666666666666667,0.22274236626354896,0.18666666666666668,0.11437125154168126,0.11437125154168126,1.0,0.4464166666666667,0.32275,0.034333333333333334,0.1965,0.05338955603942546,0.05338955603942546,0.0,0.336576306655213,0.3372970713900971,0.15118744480594187,0.17493917714874807,0.06672460723100299,0.06672460723100299,1.0,0.39149648666093984,0.33002353569504855,0.0927603890696376,0.18571958857437404,0.0,0.0,1.0,0.3421626735798376,0.31263274154514786,0.12246221861146571,0.22274236626354896
199,0.13450399308682914,0.0,0.1547954151249854,104,56,0.0,0,0,190,0.3421626735798376,0.4766666666666667,0.31263274154514786,0.2866666666666667,0.12246221861146571,0.04,0.22274236626354896,0.19666666666666666,0.11437125154168126,0.11437125154168126,1.0,0.4464166666666667,0.32275,0.034333333333333334,0.1965,0.05338955603942546,0.05338955603942546,0.0,0.336576306655213,0.3372970713900971,0.15118744480594187,0.17493917714874807,0.06672460723100299,0.06672460723100299,1.0,0.39149648666093984,0.33002353569504855,0.0927603890696376,0.18571958857437404,0.0,0.0,1.0,0.3421626735798376,0.31263274154514786,0.12246221861146571,0.22274236626354896
200,0.16283732642016246,0.0,0.1547954151249854,122,54,0.0,0,1,200,0.3421626735798376,0.505,0.31263274154514786,0.295,0.12246221861146571,0.021666666666666667,0.22274236626354896,0.17833333333333334,0.13753791820834793,0.13753791820834793,1.0,0.46208333333333335,0.33025,0.03375,0.17391666666666666,0.12230742263985032,0.12230742263985032,1.0,0.4370072337859036,0.28174387585778754,0.14992508104524996,0.13132380931105891,0.10738260997978094,0.10738260997978094,1.0,0.4495452835596185,0.30599693792889376,0.09183754052262498,0.1526202379888628,0.0,0.0,1.0,0.3421626735798376,0.31263274154514786,0.12246221861146571,0.22274236626354896
201,0.1495039930868291,0.0,0.1547954151249854,108,54,0.0,0,0,200,0.3421626735798376,0.49166666666666664,0.31263274154514786,0.3016666666666667,0.12246221861146571,0.03666666666666667,0.22274236626354896,0.17,0.13753791820834793,0.13753791820834793,1.0,0.46208333333333335,0.33025,0.03375,0.17391666666666666,0.12230742263985032,0.12230742263985032,1.0,0.4370072337859036,0.28174387585778754,0.14992508104524996,0.13132380931105891,0.10738260997978094,0.10738260997978094,1.0,0.4495452835596185,0.30599693792889376,0.09183754052262498,0.1526202379888628,0.0,0.0,1.0,0.3421626735798376,0.31263274154514786,0.12246221861146571,0.22274236626354896
202,0.13783732642016247,0.0,0.1547954151249854,110,54,0.0,0,0,200,0.3421626735798376,0.48,0.31263274154514786,0.28833333333333333,0.12246221861146571,0.028333333333333332,0.22274236626354896,0.20333333333333334,0.13753791820834793,0.13753791820834793,1.0,0.46208333333333335,0.33025,0.03375,0.17391666666666666,0.12230742263985032,0.12230742263985032,1.0,0.4370072337859036,0.28174387585778754,0.14992508104524996,0.13132380931105891,0.10738260997978094,0.10738260997978094,1.0,0.4495452835596185,0.30599693792889376,0.09183754052262498,0.1526202379888628,0.0,0.0,1.0,0.3421626735798376,0.31263274154514786,0.12246221861146571,0.22274236626354896
203,0.14020458487501458,0.0,0.1547954151249854,123,54,0.0,0,0,200,0.3421626735798376,0.4716666666666667,0.31263274154514786,0.3233333333333333,0.12246221861146571,0.03333333333333333,0.22274236626354896,0.17166666666666666,0.13753791820834793,0.13753791820834793,1.0,0.46208333333333335,0.33025,0.03375,0.17391666666666666,0.12230742263985032,0.12230742263985032,1.0,0.4370072337859036,0.28174387585778754,0.14992508104524996,0.13132380931105891,0.10738260997978094,0.10738260997978094,1.0,0.4495452835596185,0.30599693792889376,0.09183754052262498,0.1526202379888628,0.0,0.0,1.0,0.3421626735798376,0.31263274154514786,0.12246221861146571,0.22274236626354896
204,0.12020458487501459,0.0,0.1547954151249854,112,55,0.0,0,0,200,0.3421626735798376,0.45166666666666666,0.31263274154514786,0.3233333333333333,0.12246221861146571,0.03166666666666667,0.22274236626354896,0.19333333333333333,0.13753791820834793,0.13753791820834793,1.0,0.46208333333333335,0.33025,0.03375,0.17391666666666666,0.12230742263985032,0.12230742263985032,1.0,0.4370072337859036,0.28174387585778754,0.14992508104524996,0.13132380931105891,0.10738260997978094,0.10738260997978094,1.0,0.4495452835596185,0.30599693792889376,0.09183754052262498,0.1526202379888628,0.0,0.0,1.0,0.3421626735798376,0.31263274154514786,0.12246221861146571,0.22274236626354896
205,0.14687125154168126,0.0,0.1547954151249854,105,54,0.0,0,0,200,0.3421626735798376,0.48,0.31263274154514786,0.32166666666666666,0.12246221861146571,0.03166666666666667,0.22274236626354896,0.16666666666666666,0.13753791820834793,0.13753791820834793,1.0,0.46208333333333335,0.33025,0.03375,0.17391666666666666,0.12230742263985032,0.12230742263985032,1.0,0.4370072337859036,0.28174387585778754,0.14992508104524996,0.13132380931105891,0.10738260997978094,0.10738260997978094,1.0,0.4495452835596185,0.30599693792889376,0.09183754052262498,0.1526202379888628,0.0,0.0,1.0,0.3421626735798376,0.31263274154514786,0.12246221861146571,0.22274236626354896
206,0.12520458487501462,0.0,0.1547954151249854,132,55,0.0,0,0,200,0.3421626735798376,0.46,0.31263274154514786,0.32,0.12246221861146571,0.02,0.22274236626354896,0.2,0.13753791820834793,0.13753791820834793,1.0,0.46208333333333335,0.33025,0.03375,0.17391666666666666,0.12230742263985032,0.12230742263985032,1.0,0.4370072337859036,0.28174387585778754,0.14992508104524996,0.13132380931105891,0.10738260997978094,0.10738260997978094,1.0,0.4495452835596185,0.30599693792889376,0.09183754052262498,0.1526202379888628,0.0,0.0,1.0,0.3421626735798376,0.31263274154514786,0.12246221861146571,0.22274236626354896
207,0.13187125154168128,0.0,0.1547954151249854,101,56,0.0,0,0,200,0.3421626735798376,0.45666666666666667,0.31263274154514786,0.33,0.12246221861146571,0.018333333333333333,0.22274236626354896,0.195,0.13753791820834793,0.13753791820834793,1.0,0.46208333333333335,0.33025,0.03375,0.17391666666666666,0.12230742263985032,0.12230742263985032,1.0,0.4370072337859036,0.28174387585778754,0.14992508104524996,0.13132380931105891,0.10738260997978094,0.10738260997978094,1.0,0.4495452835596185,0.30599693792889376,0.09183754052262498,0.1526202379888628,0.0,0.0,1.0,0.3421626735798376,0.31263274154514786,0.12246221861146571,0.22274236626354896
208,0.15950399308682917,0.0,0.1547954151249854,104,56,0.0,0,0,200,0.3421626735798376,0.5016666666666667,0.31263274154514786,0.2733333333333333,0.12246221861146571,0.025,0.22274236626354896,0.2,0.13753791820834793,0.13753791820834793,1.0,0.46208333333333335,0.33025,0.03375,0.17391666666666666,0.12230742263985032,0.12230742263985032,1.0,0.4370072337859036,0.28174387585778754,0.14992508104524996,0.13132380931105891,0.10738260997978094,0.10738260997978094,1.0,0.4495452835596185,0.30599693792889376,0.09183754052262498,0.1526202379888628,0.0,0.0,1.0,0.3421626735798376,0.31263274154514786,0.12246221861146571,0.22274236626354896
209,0.1452045848750146,0.0,0.1547954151249854,106,56,0.0,0,0,200,0.3421626735798376,0.475,0.31263274154514786,0.325,0.12246221861146571,0.018333333333333333,0.22274236626354896,0.18166666666666667,0.13753791820834793,0.13753791820834793,1.0,0.46208333333333335,0.33025,0.03375,0.17391666666666666,0.12230742263985032,0.12230742263985032,1.0,0.4370072337859036,0.28174387585778754,0.14992508104524996,0.13132380931105891,0.10738260997978094,0.10738260997978094,1.0,0.4495452835596185,0.30599693792889376,0.09183754052262498,0.1526202379888628,0.0,0.0,1.0,0.3421626735798376,0.31263274154514786,0.12246221861146571,0.22274236626354896
210,0.16117065975349576,0.0,0.1547954151249854,121,56,0.0,0,1,210,0.3421626735798376,0.5033333333333333,0.31263274154514786,0.2816666666666667,0.12246221861146571,0.018333333333333333,0.22274236626354896,0.19666666666666666,0.13120458487501463,0.13120458487501463,1.0,0.46658333333333335,0.3194166666666667,0.03,0.184,0.07641999674224692,0.07641999674224692,0.0,0.36526898926889667,0.3659464225983357,0.07769209266195724,0.1910924954708105,0.1038122908086308,0.1038122908086308,1.0,0.41592616130111504,0.3426815446325012,0.05384604633097862,0.18754624773540524,0.0,0.0,1.0,0.3421626735798376,0.31263274154514786,0.12246221861146571,0.22274236626354896
211,0.1652045848750146,0.0,0.1547954151249854,120,57,0.0,0,0,210,0.3421626735798376,0.49333333333333335,0.31263274154514786,0.32666666666666666,0.12246221861146571,0.016666666666666666,0.22274236626354896,0.16333333333333333,0.13120458487501463,0.13120458487501463,1.0,0.46658333333333335,0.3194166666666667,0.03,0.184,0.07641999674224692,0.07641999674224692,0.0,0.36526898926889667,0.3659464225983357,0.07769209266195724,0.1910924954708105,0.1038122908086308,0.1038122908086308,1.0,0.41592616130111504,0.3426815446325012,0.05384604633097862,0.18754624773540524,0.0,0.0,1.0,0.3421626735798376,0.31263274154514786,0.12246221861146571,0.22274236626354896
212,0.12687125154168127,0.0,0.1547954151249854,115,56,0.0,0,0,210,0.3421626735798376,0.45666666666666667,0.31263274154514786,0.325,0.12246221861146571,0.025,0.22274236626354896,0.19333333333333333,0.13120458487501463,0.13120458487501463,1.0,0.46658333333333335,0.3194166666666667,0.03,0.184,0.07641999674224692,0.07641999674224692,0.0,0.36526898926889667,0.3659464225983357,0.07769209266195724,0.1910924954708105,0.1038122908086308,0.1038122908086308,1.0,0.41592616130111504,0.3426815446325012,0.05384604633097862,0.18754624773540524,0.0,0.0,1.0,0.3421626735798376,0.31263274154514786,0.12246221861146571,0.22274236626354896
213,0.10353791820834793,0.0,0.1547954151249854,103,55,0.0,0,0,210,0.3421626735798376,0.43166666666666664,0.31263274154514786,0.32666666666666666,0.12246221861146571,0.04,0.22274236626354896,0.20166666666666666,0.13120458487501463,0.13120458487501463,1.0,0.46658333333333335,0.3194166666666667,0.03,0.184,0.07641999674224692,0.07641999674224692,0.0,0.36526898926889667,0.3659464225983357,0.07769209266195724,0.1910924954708105,0.1038122908086308,0.1038122908086308,1.0,0.41592616130111504,0.3426815446325012,0.05384604633097862,0.18754624773540524,0.0,0.0,1.0,0.3421626735798376,0.31263274154514786,0.12246221861146571,0.22274236626354896
214,0.1311706597534958,0.0,0.1547954151249854,119,53,0.0,0,0,210,0.3421626735798376,0.47333333333333333,0.31263274154514786,0.3,0.12246221861146571,0.03333333333333333,0.22274236626354896,0.19333333333333333,0.13120458487501463,0.13120458487501463,1.0,0.46658333333333335,0.3194166666666667,0.03,0.184,0.07641999674224692,0.07641999674224692,0.0,0.36526898926889667,0.3659464225983357,0.07769209266195724,0.1910924954708105,0.1038122908086308,0.1038122908086308,1.0,0.41592616130111504,0.3426815446325012,0.05384604633097862,0.18754624773540524,0.0,0.0,1.0,0.3421626735798376,0.31263274154514786,0.12246221861146571,0.22274236626354896
215,0.11617065975349578,0.0,0.1547954151249854,114,54,0.0,0,0,210,0.3421626735798376,0.4583333333333333,0.31263274154514786,0.29833333333333334,0.12246221861146571,0.03,0.22274236626354896,0.21333333333333335,0.13120458487501463,0.13120458487501463,1.0,0.46658333333333335,0.3194166666666667,0.03,0.184,0.07641999674224692,0.07641999674224692,0.0,0.36526898926889667,0.3659464225983357,0.07769209266195724,0.1910924954708105,0.1038122908086308,0.1038122908086308,1.0,0.41592616130111504,0.3426815446325012,0.05384604633097862,0.18754624773540524,0.0,0.0,1.0,0.3421626735798376,0.31263274154514786,0.12246221861146571,0.22274236626354896
216,0.16450399308682911,0.0,0.1547954151249854,129,54,0.0,0,0,210,0.3421626735798376,0.5066666666666667,0.31263274154514786,0.2866666666666667,0.12246221861146571,0.028333333333333332,0.22274236626354896,0.17833333333333334,0.13120458487501463,0.13120458487501463,1.0,0.46658333333333335,0.3194166666666667,0.03,0.184,0.07641999674224692,0.07641999674224692,0.0,0.36526898926889667,0.3659464225983357,0.07769209266195724,0.1910924954708105,0.1038122908086308,0.1038122908086308,1.0,0.41592616130111504,0.3426815446325012,0.05384604633097862,0.18754624773540524,0.0,0.0,1.0,0.3421626735798376,0.31263274154514786,0.12246221861146571,0.22274236626354896
217,0.12617065975349578,0.0,0.1547954151249854,111,54,0.0,0,0,210,0.3421626735798376,0.4683333333333333,0.31263274154514786,0.30833333333333335,0.12246221861146571,0.018333333333333333,0.22274236626354896,0.205,0.13120458487501463,0.13120458487501463,1.0,0.46658333333333335,0.3194166666666667,0.03,0.184,0.07641999674224692,0.07641999674224692,0.0,0.36526898926889667,0.3659464225983357,0.07769209266195724,0.1910924954708105,0.1038122908086308,0.1038122908086308,1.0,0.41592616130111504,0.3426815446325012,0.05384604633097862,0.18754624773540524,0.0,0.0,1.0,0.3421626735798376,0.31263274154514786,0.12246221861146571,0.22274236626354896
218,0.1361706597534958,0.0,0.1547954151249854,108,53,0.0,0,0,210,0.3421626735798376,0.47833333333333333,0.31263274154514786,0.30666666666666664,0.12246221861146571,0.025,0.22274236626354896,0.19,0.13120458487501463,0.13120458487501463,1.0,0.46658333333333335,0.3194166666666667,0.03,0.184,0.07641999674224692,0.07641999674224692,0.0,0.36526898926889667,0.3659464225983357,0.07769209266195724,0.1910924954708105,0.1038122908086308,0.1038122908086308,1.0,0.41592616130111504,0.3426815446325012,0.05384604633097862,0.18754624773540524,0.0,0.0,1.0,0.3421626735798376,0.31263274154514786,0.12246221861146571,0.22274236626354896
219,0.0961706597534958,0.0,0.1547954151249854,129,52,0.0,0,0,210,0.3421626735798376,0.43833333333333335,0.31263274154514786,0.30833333333333335,0.12246221861146571,0.03666666666666667,0.22274236626354896,0.21666666666666667,0.13120458487501463,0.13120458487501463,1.0,0.46658333333333335,0.3194166666666667,0.03,0.184,0.07641999674224692,0.07641999674224692,0.0,0.36526898926889667,0.3659464225983357,0.07769209266195724,0.1910924954708105,0.1038122908086308,0.1038122908086308,1.0,0.41592616130111504,0.3426815446325012,0.05384604633097862,0.18754624773540524,0.0,0.0,1.0,0.3421626735798376,0.31263274154514786,0.12246221861146571,0.22274236626354896
220,0.10950399308682912,0.0,0.1547954151249854,111,54,0.0,0,1,220,0.3421626735798376,0.45166666666666666,0.31263274154514786,0.30833333333333335,0.12246221861146571,0.02,0.22274236626354896,0.22,0.12925399308682914,0.12925399308682914,1.0,0.47141666666666665,0.30916666666666665,0.02675,0.19266666666666668,0.08630500394655491,0.08630500394655491,0.0,0.2688250783541735,0.29966533282425695,0.14009759701357816,0.2914119918079913,0.04725516190436262,0.04725516190436262,1.0,0.3701208725104201,0.3044159997454618,0.08342379850678908,0.24203932923732902,0.0,0.0,1.0,0.3421626735798376,0.31263274154514786,0.12246221861146571,0.22274236626354896
221,0.10412888527813231,0.0,0.1547954151249854,130,54,0.0,0,0,220,0.3421626735798376,0.44166666666666665,0.31263274154514786,0.31333333333333335,0.12246221861146571,0.018333333333333333,0.22274236626354896,0.22666666666666666,0.12925399308682914,0.12925399308682914,1.0,0.47141666666666665,0.30916666666666665,0.02675,0.19266666666666668,0.08630500394655491,0.08630500394655491,0.0,0.2688250783541735,0.29966533282425695,0.14009759701357816,0.2914119918079913,0.04725516190436262,0.04725516190436262,1.0,0.3701208725104201,0.3044159997454618,0.08342379850678908,0.24203932923732902,0.0,0.0,1.0,0.3421626735798376,0.31263274154514786,0.12246221861146571,0.22274236626354896
222,0.12509496015661353,0.0,0.1547954151249854,117,54,0.0,0,0,220,0.3421626735798376,0.43833333333333335,0.31263274154514786,0.2833333333333333,0.12246221861146571,0.02666666666666667,0.22274236626354896,0.25166666666666665,0.12925399308682914,0.12925399308682914,1.0,0.47141666666666665,0.30916666666666665,0.02675,0.19266666666666668,0.08630500394655491,0.08630500394655491,0.0,0.2688250783541735,0.29966533282425695,0.14009759701357816,0.2914119918079913,0.04725516190436262,0.04725516190436262,1.0,0.3701208725104201,0.3044159997454618,0.08342379850678908,0.24203932923732902,0.0,0.0,1.0,0.3421626735798376,0.31263274154514786,0.12246221861146571,0.22274236626354896
223,0.08912888527813231,0.0,0.1547954151249854,103,54,0.0,0,0,220,0.3421626735798376,0.4116666666666667,0.31263274154514786,0.32166666666666666,0.12246221861146571,0.03333333333333333,0.22274236626354896,0.23333333333333334,0.12925399308682914,0.12925399308682914,1.0,0.47141666666666665,0.30916666666666665,0.02675,0.19266666666666668,0.08630500394655491,0.08630500394655491,0.0,0.2688250783541735,0.29966533282425695,0.14009759701357816,0.2914119918079913,0.04725516190436262,0.04725516190436262,1.0,0.3701208725104201,0.3044159997454618,0.08342379850678908,0.24203932923732902,0.0,0.0,1.0,0.3421626735798376,0.31263274154514786,0.12246221861146571,0.22274236626354896
224,0.10009496015661352,0.0,0.1547954151249854,93,56,0.0,0,0,220,0.3421626735798376,0.4216666666666667,0.31263274154514786,0.30333333333333334,0.12246221861146571,0.03166666666666667,0.22274236626354896,0.24333333333333335,0.12925399308682914,0.12925399308682914,1.0,0.47141666666666665,0.30916666666666665,0.02675,0.19266666666666668,0.08630500394655491,0.08630500394655491,0.0,0.2688250783541735,0.29966533282425695,0.14009759701357816,0.2914119918079913,0.04725516190436262,0.04725516190436262,1.0,0.3701208725104201,0.3044159997454618,0.08342379850678908,0.24203932923732902,0.0,0.0,1.0,0.3421626735798376,0.31263274154514786,0.12246221861146571,0.22274236626354896
225,0.1000949601566135,0.0,0.1547954151249854,116,56,0.0,0,0,220,0.3421626735798376,0.42,0.31263274154514786,0.3,0.12246221861146571,0.035,0.22274236626354896,0.245,0.12925399308682914,0.12925399308682914,1.0,0.47141666666666665,0.30916666666666665,0.02675,0.19266666666666668,0.08630500394655491,0.08630500394655491,0.0,0.2688250783541735,0.29966533282425695,0.14009759701357816,0.2914119918079913,0.04725516190436262,0.04725516190436262,1.0,0.3701208725104201,0.3044159997454618,0.08342379850678908,0.24203932923732902,0.0,0.0,1.0,0.3421626735798376,0.31263274154514786,0.12246221861146571,0.22274236626354896
226,0.11842829348994684,0.0,0.1547954151249854,97,56,0.0,0,0,220,0.3421626735798376,0.44166666666666665,0.31263274154514786,0.29333333333333333,0.12246221861146571,0.023333333333333334,0.22274236626354896,0.24166666666666667,0.12925399308682914,0.12925399308682914,1.0,0.47141666666666665,0.30916666666666665,0.02675,0.19266666666666668,0.08630500394655491,0.08630500394655491,0.0,0.2688250783541735,0.29966533282425695,0.14009759701357816,0.2914119918079913,0.04725516190436262,0.04725516190436262,1.0,0.3701208725104201,0.3044159997454618,0.08342379850678908,0.24203932923732902,0.0,0.0,1.0,0.3421626735798376,0.31263274154514786,0.12246221861146571,0.22274236626354896
227,0.12509496015661348,0.0,0.1547954151249854,107,57,0.0,0,0,220,0.3421626735798376,0.43833333333333335,0.31263274154514786,0.28,0.12246221861146571,0.03,0.22274236626354896,0.25166666666666665,0.12925399308682914,0.12925399308682914,1.0,0.47141666666666665,0.30916666666666665,0.02675,0.19266666666666668,0.08630500394655491,0.08630500394655491,0.0,0.2688250783541735,0.29966533282425695,0.14009759701357816,0.2914119918079913,0.04725516190436262,0.04725516190436262,1.0,0.3701208725104201,0.3044159997454618,0.08342379850678908,0.24203932923732902,0.0,0.0,1.0,0.3421626735798376,0.31263274154514786,0.12246221861146571,0.22274236626354896
228,0.13009496015661354,0.0,0.1547954151249854,117,57,0.0,0,0,220,0.3421626735798376,0.455,0.31263274154514786,0.2783333333333333,0.12246221861146571,0.02666666666666667,0.22274236626354896,0.24,0.12925399308682914,0.12925399308682914,1.0,0.47141666666666665,0.30916666666666665,0.02675,0.19266666666666668,0.08630500394655491,0.08630500394655491,0.0,0.2688250783541735,0.29966533282425695,0.14009759701357816,0.2914119918079913,0.04725516190436262,0.04725516190436262,1.0,0.3701208725104201,0.3044159997454618,0.08342379850678908,0.24203932923732902,0.0,0.0,1.0,0.3421626735798376,0.31263274154514786,0.12246221861146571,0.22274236626354896
229,0.13509496015661354,0.0,0.1547954151249854,114,57,0.0,0,0,220,0.3421626735798376,0.42333333333333334,0.31263274154514786,0.2733333333333333,0.12246221861146571,0.02666666666666667,0.22274236626354896,0.27666666666666667,0.12925399308682914,0.12925399308682914,1.0,0.47141666666666665,0.30916666666666665,0.02675,0.19266666666666668,0.08630500394655491,0.08630500394655491,0.0,0.2688250783541735,0.29966533282425695,0.14009759701357816,0.2914119918079913,0.04725516190436262,0.04725516190436262,1.0,0.3701208725104201,0.3044159997454618,0.08342379850678908,0.24203932923732902,0.0,0.0,1.0,0.3421626735798376,0.31263274154514786,0.12246221861146571,0.22274236626354896
230,0.1300949601566135,0.0,0.1547954151249854,108,57,0.0,0,1,230,0.3421626735798376,0.42,0.31263274154514786,0.2866666666666667,0.12246221861146571,0.018333333333333333,0.22274236626354896,0.275,0.10651162682328019,0.10651162682328019,1.0,0.4484166666666667,0.30141666666666667,0.027166666666666665,0.223,0.05028597940298787,0.05028597940298787,1.0,0.3654000117118641,0.2623467621421599,0.14348810994283606,0.22876511620313988,0.06788585744744884,0.06788585744744884,1.0,0.4069083391892654,0.2818817144044133,0.08532738830475137,0.22588255810156993,0.0,0.0,1.0,0.3421626735798376,0.31263274154514786,0.12246221861146571,0.22274236626354896
231,0.09246221861146564,0.0,0.1547954151249854,101,58,0.0,0,0,230,0.3421626735798376,0.425,0.31263274154514786,0.32,0.12246221861146571,0.03,0.22274236626354896,0.225,0.10651162682328019,0.10651162682328019,1.0,0.4484166666666667,0.30141666666666667,0.027166666666666665,0.223,0.05028597940298787,0.05028597940298787,1.0,0.3654000117118641,0.2623467621421599,0.14348810994283606,0.22876511620313988,0.06788585744744884,0.06788585744744884,1.0,0.4069083391892654,0.2818817144044133,0.08532738830475137,0.22588255810156993,0.0,0.0,1.0,0.3421626735798376,0.31263274154514786,0.12246221861146571,0.22274236626354896
232,0.11176162682328018,0.0,0.1547954151249854,115,57,0.0,0,0,230,0.3421626735798376,0.45166666666666666,0.31263274154514786,0.29,0.12246221861146571,0.03333333333333333,0.22274236626354896,0.225,0.10651162682328019,0.10651162682328019,1.0,0.4484166666666667,0.30141666666666667,0.027166666666666665,0.223,0.05028597940298787,0.05028597940298787,1.0,0.3654000117118641,0.2623467621421599,0.14348810994283606,0.22876511620313988,0.06788585744744884,0.06788585744744884,1.0,0.4069083391892654,0.2818817144044133,0.08532738830475137,0.22588255810156993,0.0,0.0,1.0,0.3421626735798376,0.31263274154514786,0.12246221861146571,0.22274236626354896
233,0.0991288852781323,0.0,0.1547954151249854,129,55,0.0,0,0,230,0.3421626735798376,0.3883333333333333,0.31263274154514786,0.3283333333333333,0.12246221861146571,0.023333333333333334,0.22274236626354896,0.26,0.10651162682328019,0.10651162682328019,1.0,0.4484166666666667,0.30141666666666667,0.027166666666666665,0.223,0.05028597940298787,0.05028597940298787,1.0,0.3654000117118641,0.2623467621421599,0.14348810994283606,0.22876511620313988,0.06788585744744884,0.06788585744744884,1.0,0.4069083391892654,0.2818817144044133,0.08532738830475137,0.22588255810156993,0.0,0.0,1.0,0.3421626735798376,0.31263274154514786,0.12246221861146571,0.22274236626354896
234,0.09412888527813232,0.0,0.1547954151249854,148,57,0.0,0,0,230,0.3421626735798376,0.395,0.31263274154514786,0.32,0.12246221861146571,0.028333333333333332,0.22274236626354896,0.25666666666666665,0.10651162682328019,0.10651162682328019,1.0,0.4484166666666667,0.30141666666666667,0.027166666666666665,0.223,0.05028597940298787,0.05028597940298787,1.0,0.3654000117118641,0.2623467621421599,0.14348810994283606,0.22876511620313988,0.06788585744744884,0.06788585744744884,1.0,0.4069083391892654,0.2818817144044133,0.08532738830475137,0.22588255810156993,0.0,0.0,1.0,0.3421626735798376,0.31263274154514786,0.12246221861146571,0.22274236626354896
235,0.08509496015661352,0.0,0.1547954151249854,110,58,0.0,0,0,230,0.3421626735798376,0.41333333333333333,0.31263274154514786,0.30666666666666664,0.12246221861146571,0.043333333333333335,0.22274236626354896,0.23666666666666666,0.10651162682328019,0.10651162682328019,1.0,0.4484166666666667,0.30141666666666667,0.027166666666666665,0.223,0.05028597940298787,0.05028597940298787,1.0,0.3654000117118641,0.2623467621421599,0.14348810994283606,0.22876511620313988,0.06788585744744884,0.06788585744744884,1.0,0.4069083391892654,0.2818817144044133,0.08532738830475137,0.22588255810156993,0.0,0.0,1.0,0.3421626735798376,0.31263274154514786,0.12246221861146571,0.22274236626354896
236,0.10842829348994684,0.0,0.1547954151249854,123,57,0.0,0,0,230,0.3421626735798376,0.425,0.31263274154514786,0.295,0.12246221861146571,0.03166666666666667,0.22274236626354896,0.24833333333333332,0.10651162682328019,0.10651162682328019,1.0,0.4484166666666667,0.30141666666666667,0.027166666666666665,0.223,0.05028597940298787,0.05028597940298787,1.0,0.3654000117118641,0.2623467621421599,0.14348810994283606,0.22876511620313988,0.06788585744744884,0.06788585744744884,1.0,0.4069083391892654,0.2818817144044133,0.08532738830475137,0.22588255810156993,0.0,0.0,1.0,0.3421626735798376,0.31263274154514786,0.12246221861146571,0.22274236626354896
237,0.09412888527813229,0.0,0.1547954151249854,111,56,0.0,0,0,230,0.3421626735798376,0.39166666666666666,0.31263274154514786,0.31666666666666665,0.12246221861146571,0.028333333333333332,0.22274236626354896,0.2633333333333333,0.10651162682328019,0.10651162682328019,1.0,0.4484166666666667,0.30141666666666667,0.027166666666666665,0.223,0.05028597940298787,0.05028597940298787,1.0,0.3654000117118641,0.2623467621421599,0.14348810994283606,0.22876511620313988,0.06788585744744884,0.06788585744744884,1.0,0.4069083391892654,0.2818817144044133,0.08532738830475137,0.22588255810156993,0.0,0.0,1.0,0.3421626735798376,0.31263274154514786,0.12246221861146571,0.22274236626354896
238,0.08176162682328018,0.0,0.1547954151249854,105,55,0.0,0,0,230,0.3421626735798376,0.38666666666666666,0.31263274154514786,0.31166666666666665,0.12246221861146571,0.041666666666666664,0.22274236626354896,0.26,0.10651162682328019,0.10651162682328019,1.0,0.4484166666666667,0.30141666666666667,0.027166666666666665,0.223,0.05028597940298787,0.05028597940298787,1.0,0.3654000117118641,0.2623467621421599,0.14348810994283606,0.22876511620313988,0.06788585744744884,0.06788585744744884,1.0,0.4069083391892654,0.2818817144044133,0.08532738830475137,0.22588255810156993,0.0,0.0,1.0,0.3421626735798376,0.31263274154514786,0.12246221861146571,0.22274236626354896
239,0.09579555194479898,0.0,0.1547954151249854,132,55,0.0,0,0,230,0.3421626735798376,0.34833333333333333,0.31263274154514786,0.33666666666666667,0.12246221861146571,0.02666666666666667,0.22274236626354896,0.28833333333333333,0.10651162682328019,0.10651162682328019,1.0,0.4484166666666667,0.30141666666666667,0.027166666666666665,0.223,0.05028597940298787,0.05028597940298787,1.0,0.3654000117118641,0.2623467621421599,0.14348810994283606,0.22876511620313988,0.06788585744744884,0.06788585744744884,1.0,0.4069083391892654,0.2818817144044133,0.08532738830475137,0.22588255810156993,0.0,0.0,1.0,0.3421626735798376,0.31263274154514786,0.12246221861146571,0.22274236626354896
