step,attention_error,preference_change,uniform_prior_error,interactions,pool_size,official_exposure_share,official_arrivals,observation_updated,last_observed_at,truth_0,attention_0,truth_1,attention_1,truth_2,attention_2,truth_3,attention_3,error_platform,initial_error_platform,top_accuracy_platform,estimate_platform_0,estimate_platform_1,estimate_platform_2,estimate_platform_3,error_survey,initial_error_survey,top_accuracy_survey,estimate_survey_0,estimate_survey_1,estimate_survey_2,estimate_survey_3,error_fused,initial_error_fused,top_accuracy_fused,estimate_fused_0,estimate_fused_1,estimate_fused_2,estimate_fused_3,error_oracle,initial_error_oracle,top_accuracy_oracle,estimate_oracle_0,estimate_oracle_1,estimate_oracle_2,estimate_oracle_3
0,0.09009496015661353,0.0,0.1547954151249854,84,28,0.0,0,1,0,0.3421626735798376,0.4216666666666667,0.31263274154514786,0.25166666666666665,0.12246221861146571,0.09333333333333334,0.22274236626354896,0.23333333333333334,0.09009496015661353,0.09009496015661353,1.0,0.4216666666666667,0.25166666666666665,0.09333333333333334,0.23333333333333334,0.06563700019017324,0.06563700019017324,1.0,0.3947474671259685,0.2647983992836029,0.10465956068283734,0.2357945729075912,0.07786598017339338,0.07786598017339338,1.0,0.4082070668963176,0.25823253297513477,0.09899644700808534,0.23456395312046227,0.0,0.0,1.0,0.3421626735798376,0.31263274154514786,0.12246221861146571,0.22274236626354896
1,0.06676162682328018,0.0,0.1547954151249854,109,29,0.0,0,0,0,0.3421626735798376,0.395,0.31263274154514786,0.2783333333333333,0.12246221861146571,0.09,0.22274236626354896,0.23666666666666666,0.09009496015661353,0.09009496015661353,1.0,0.4216666666666667,0.25166666666666665,0.09333333333333334,0.23333333333333334,0.06563700019017324,0.06563700019017324,1.0,0.3947474671259685,0.2647983992836029,0.10465956068283734,0.2357945729075912,0.07786598017339338,0.07786598017339338,1.0,0.4082070668963176,0.25823253297513477,0.09899644700808534,0.23456395312046227,0.0,0.0,1.0,0.3421626735798376,0.31263274154514786,0.12246221861146571,0.22274236626354896
2,0.07009496015661351,0.0,0.1547954151249854,107,32,0.0,0,0,0,0.3421626735798376,0.395,0.31263274154514786,0.2783333333333333,0.12246221861146571,0.08666666666666667,0.22274236626354896,0.24,0.09009496015661353,0.09009496015661353,1.0,0.4216666666666667,0.25166666666666665,0.09333333333333334,0.23333333333333334,0.06563700019017324,0.06563700019017324,1.0,0.3947474671259685,0.2647983992836029,0.10465956068283734,0.2357945729075912,0.07786598017339338,0.07786598017339338,1.0,0.4082070668963176,0.25823253297513477,0.09899644700808534,0.23456395312046227,0.0,0.0,1.0,0.3421626735798376,0.31263274154514786,0.12246221861146571,0.22274236626354896
3,0.08783732642016244,0.0,0.1547954151249854,86,35,0.0,0,0,0,0.3421626735798376,0.43,0.31263274154514786,0.3016666666666667,0.12246221861146571,0.07333333333333333,0.22274236626354896,0.195,0.09009496015661353,0.09009496015661353,1.0,0.4216666666666667,0.25166666666666665,0.09333333333333334,0.23333333333333334,0.06563700019017324,0.06563700019017324,1.0,0.3947474671259685,0.2647983992836029,0.10465956068283734,0.2357945729075912,0.07786598017339338,0.07786598017339338,1.0,0.4082070668963176,0.25823253297513477,0.09899644700808534,0.23456395312046227,0.0,0.0,1.0,0.3421626735798376,0.31263274154514786,0.12246221861146571,0.22274236626354896
4,0.07950399308682914,0.0,0.1547954151249854,97,38,0.0,0,0,0,0.3421626735798376,0.4216666666666667,0.31263274154514786,0.29333333333333333,0.12246221861146571,0.07833333333333334,0.22274236626354896,0.20666666666666667,0.09009496015661353,0.09009496015661353,1.0,0.4216666666666667,0.25166666666666665,0.09333333333333334,0.23333333333333334,0.06563700019017324,0.06563700019017324,1.0,0.3947474671259685,0.2647983992836029,0.10465956068283734,0.2357945729075912,0.07786598017339338,0.07786598017339338,1.0,0.4082070668963176,0.25823253297513477,0.09899644700808534,0.23456395312046227,0.0,0.0,1.0,0.3421626735798376,0.31263274154514786,0.12246221861146571,0.22274236626354896
5,0.05283732642016248,0.0,0.1547954151249854,80,41,0.0,0,0,0,0.3421626735798376,0.395,0.31263274154514786,0.30333333333333334,0.12246221861146571,0.08333333333333333,0.22274236626354896,0.21833333333333332,0.09009496015661353,0.09009496015661353,1.0,0.4216666666666667,0.25166666666666665,0.09333333333333334,0.23333333333333334,0.06563700019017324,0.06563700019017324,1.0,0.3947474671259685,0.2647983992836029,0.10465956068283734,0.2357945729075912,0.07786598017339338,0.07786598017339338,1.0,0.4082070668963176,0.25823253297513477,0.09899644700808534,0.23456395312046227,0.0,0.0,1.0,0.3421626735798376,0.31263274154514786,0.12246221861146571,0.22274236626354896
6,0.051761626823280185,0.0,0.1547954151249854,78,44,0.0,0,0,0,0.3421626735798376,0.37833333333333335,0.31263274154514786,0.30833333333333335,0.12246221861146571,0.075,0.22274236626354896,0.23833333333333334,0.09009496015661353,0.09009496015661353,1.0,0.4216666666666667,0.25166666666666665,0.09333333333333334,0.23333333333333334,0.06563700019017324,0.06563700019017324,1.0,0.3947474671259685,0.2647983992836029,0.10465956068283734,0.2357945729075912,0.07786598017339338,0.07786598017339338,1.0,0.4082070668963176,0.25823253297513477,0.09899644700808534,0.23456395312046227,0.0,0.0,1.0,0.3421626735798376,0.31263274154514786,0.12246221861146571,0.22274236626354896
7,0.05676162682328019,0.0,0.1547954151249854,82,47,0.0,0,0,0,0.3421626735798376,0.38333333333333336,0.31263274154514786,0.30333333333333334,0.12246221861146571,0.075,0.22274236626354896,0.23833333333333334,0.09009496015661353,0.09009496015661353,1.0,0.4216666666666667,0.25166666666666665,0.09333333333333334,0.23333333333333334,0.06563700019017324,0.06563700019017324,1.0,0.3947474671259685,0.2647983992836029,0.10465956068283734,0.2357945729075912,0.07786598017339338,0.07786598017339338,1.0,0.4082070668963176,0.25823253297513477,0.09899644700808534,0.23456395312046227,0.0,0.0,1.0,0.3421626735798376,0.31263274154514786,0.12246221861146571,0.22274236626354896
8,0.06509496015661351,0.0,0.1547954151249854,88,51,0.0,0,0,0,0.3421626735798376,0.37666666666666665,0.31263274154514786,0.2916666666666667,0.12246221861146571,0.07833333333333334,0.22274236626354896,0.25333333333333335,0.09009496015661353,0.09009496015661353,1.0,0.4216666666666667,0.25166666666666665,0.09333333333333334,0.23333333333333334,0.06563700019017324,0.06563700019017324,1.0,0.3947474671259685,0.2647983992836029,0.10465956068283734,0.2357945729075912,0.07786598017339338,0.07786598017339338,1.0,0.4082070668963176,0.25823253297513477,0.09899644700808534,0.23456395312046227,0.0,0.0,1.0,0.3421626735798376,0.31263274154514786,0.12246221861146571,0.22274236626354896
9,0.07176162682328016,0.0,0.1547954151249854,85,54,0.0,0,0,0,0.3421626735798376,0.38,0.31263274154514786,0.29833333333333334,0.12246221861146571,0.065,0.22274236626354896,0.25666666666666665,0.09009496015661353,0.09009496015661353,1.0,0.4216666666666667,0.25166666666666665,0.09333333333333334,0.23333333333333334,0.06563700019017324,0.06563700019017324,1.0,0.3947474671259685,0.2647983992836029,0.10465956068283734,0.2357945729075912,0.07786598017339338,0.07786598017339338,1.0,0.4082070668963176,0.25823253297513477,0.09899644700808534,0.23456395312046227,0.0,0.0,1.0,0.3421626735798376,0.31263274154514786,0.12246221861146571,0.22274236626354896
10,0.04746221861146567,0.0,0.1547954151249854,97,57,0.0,0,1,10,0.3421626735798376,0.3566666666666667,0.31263274154514786,0.31333333333333335,0.12246221861146571,0.075,0.22274236626354896,0.255,0.06282223288388622,0.06282223288388622,1.0,0.3939393939393939,0.2928787878787879,0.07939393939393939,0.2337878787878788,0.039183341768759206,0.039183341768759206,1.0,0.3627260674042316,0.331252689489513,0.10770658155637068,0.19831466154988467,0.036170057091975225,0.036170057091975225,1.0,0.3783327306718127,0.31206573868415044,0.09355026047515504,0.21605127016888173,0.0,0.0,1.0,0.3421626735798376,0.31263274154514786,0.12246221861146571,0.22274236626354896
11,0.034128885278132334,0.0,0.1547954151249854,91,60,0.0,0,0,10,0.3421626735798376,0.3466666666666667,0.31263274154514786,0.31833333333333336,0.12246221861146571,0.08833333333333333,0.22274236626354896,0.24666666666666667,0.06282223288388622,0.06282223288388622,1.0,0.3939393939393939,0.2928787878787879,0.07939393939393939,0.2337878787878788,0.039183341768759206,0.039183341768759206,1.0,0.3627260674042316,0.331252689489513,0.10770658155637068,0.19831466154988467,0.036170057091975225,0.036170057091975225,1.0,0.3783327306718127,0.31206573868415044,0.09355026047515504,0.21605127016888173,0.0,0.0,1.0,0.3421626735798376,0.31263274154514786,0.12246221861146571,0.22274236626354896
12,0.0600949601566135,0.0,0.1547954151249854,91,62,0.0,0,0,10,0.3421626735798376,0.355,0.31263274154514786,0.2916666666666667,0.12246221861146571,0.08333333333333333,0.22274236626354896,0.27,0.06282223288388622,0.06282223288388622,1.0,0.3939393939393939,0.2928787878787879,0.07939393939393939,0.2337878787878788,0.039183341768759206,0.039183341768759206,1.0,0.3627260674042316,0.331252689489513,0.10770658155637068,0.19831466154988467,0.036170057091975225,0.036170057091975225,1.0,0.3783327306718127,0.31206573868415044,0.09355026047515504,0.21605127016888173,0.0,0.0,1.0,0.3421626735798376,0.31263274154514786,0.12246221861146571,0.22274236626354896
13,0.04746221861146567,0.0,0.1547954151249854,94,64,0.0,0,0,10,0.3421626735798376,0.35833333333333334,0.31263274154514786,0.31333333333333335,0.12246221861146571,0.075,0.22274236626354896,0.25333333333333335,0.06282223288388622,0.06282223288388622,1.0,0.3939393939393939,0.2928787878787879,0.07939393939393939,0.2337878787878788,0.039183341768759206,0.039183341768759206,1.0,0.3627260674042316,0.331252689489513,0.10770658155637068,0.19831466154988467,0.036170057091975225,0.036170057091975225,1.0,0.3783327306718127,0.31206573868415044,0.09355026047515504,0.21605127016888173,0.0,0.0,1.0,0.3421626735798376,0.31263274154514786,0.12246221861146571,0.22274236626354896
14,0.050094960156613515,0.0,0.1547954151249854,91,68,0.0,0,0,10,0.3421626735798376,0.35833333333333334,0.31263274154514786,0.30666666666666664,0.12246221861146571,0.07833333333333334,0.22274236626354896,0.25666666666666665,0.06282223288388622,0.06282223288388622,1.0,0.3939393939393939,0.2928787878787879,0.07939393939393939,0.2337878787878788,0.039183341768759206,0.039183341768759206,1.0,0.3627260674042316,0.331252689489513,0.10770658155637068,0.19831466154988467,0.036170057091975225,0.036170057091975225,1.0,0.3783327306718127,0.31206573868415044,0.09355026047515504,0.21605127016888173,0.0,0.0,1.0,0.3421626735798376,0.31263274154514786,0.12246221861146571,0.22274236626354896
15,0.06842829348994685,0.0,0.1547954151249854,98,70,0.0,0,0,10,0.3421626735798376,0.39,0.31263274154514786,0.2816666666666667,0.12246221861146571,0.085,0.22274236626354896,0.24333333333333335,0.06282223288388622,0.06282223288388622,1.0,0.3939393939393939,0.2928787878787879,0.07939393939393939,0.2337878787878788,0.039183341768759206,0.039183341768759206,1.0,0.3627260674042316,0.331252689489513,0.10770658155637068,0.19831466154988467,0.036170057091975225,0.036170057091975225,1.0,0.3783327306718127,0.31206573868415044,0.09355026047515504,0.21605127016888173,0.0,0.0,1.0,0.3421626735798376,0.31263274154514786,0.12246221861146571,0.22274236626354896
16,0.045795551944798986,0.0,0.1547954151249854,90,70,0.0,0,0,10,0.3421626735798376,0.37,0.31263274154514786,0.31333333333333335,0.12246221861146571,0.07666666666666666,0.22274236626354896,0.24,0.06282223288388622,0.06282223288388622,1.0,0.3939393939393939,0.2928787878787879,0.07939393939393939,0.2337878787878788,0.039183341768759206,0.039183341768759206,1.0,0.3627260674042316,0.331252689489513,0.10770658155637068,0.19831466154988467,0.036170057091975225,0.036170057091975225,1.0,0.3783327306718127,0.31206573868415044,0.09355026047515504,0.21605127016888173,0.0,0.0,1.0,0.3421626735798376,0.31263274154514786,0.12246221861146571,0.22274236626354896
17,0.03676162682328019,0.0,0.1547954151249854,81,71,0.0,0,0,10,0.3421626735798376,0.3566666666666667,0.31263274154514786,0.31166666666666665,0.12246221861146571,0.08666666666666667,0.22274236626354896,0.245,0.06282223288388622,0.06282223288388622,1.0,0.3939393939393939,0.2928787878787879,0.07939393939393939,0.2337878787878788,0.039183341768759206,0.039183341768759206,1.0,0.3627260674042316,0.331252689489513,0.10770658155637068,0.19831466154988467,0.036170057091975225,0.036170057091975225,1.0,0.3783327306718127,0.31206573868415044,0.09355026047515504,0.21605127016888173,0.0,0.0,1.0,0.3421626735798376,0.31263274154514786,0.12246221861146571,0.22274236626354896
18,0.04246221861146564,0.0,0.1547954151249854,74,73,0.0,0,0,10,0.3421626735798376,0.3433333333333333,0.31263274154514786,0.31333333333333335,0.12246221861146571,0.08,0.22274236626354896,0.2633333333333333,0.06282223288388622,0.06282223288388622,1.0,0.3939393939393939,0.2928787878787879,0.07939393939393939,0.2337878787878788,0.039183341768759206,0.039183341768759206,1.0,0.3627260674042316,0.331252689489513,0.10770658155637068,0.19831466154988467,0.036170057091975225,0.036170057091975225,1.0,0.3783327306718127,0.31206573868415044,0.09355026047515504,0.21605127016888173,0.0,0.0,1.0,0.3421626735798376,0.31263274154514786,0.12246221861146571,0.22274236626354896
19,0.027462218611465646,0.0,0.1547954151249854,81,76,0.0,0,0,10,0.3421626735798376,0.3466666666666667,0.31263274154514786,0.32166666666666666,0.12246221861146571,0.095,0.22274236626354896,0.23666666666666666,0.06282223288388622,0.06282223288388622,1.0,0.3939393939393939,0.2928787878787879,0.07939393939393939,0.2337878787878788,0.039183341768759206,0.039183341768759206,1.0,0.3627260674042316,0.331252689489513,0.10770658155637068,0.19831466154988467,0.036170057091975225,0.036170057091975225,1.0,0.3783327306718127,0.31206573868415044,0.09355026047515504,0.21605127016888173,0.0,0.0,1.0,0.3421626735798376,0.31263274154514786,0.12246221861146571,0.22274236626354896
20,0.049624892191303234,0.0,0.1547954151249854,95,78,0.0,0,1,20,0.3421626735798376,0.3333333333333333,0.31263274154514786,0.35,0.12246221861146571,0.08166666666666667,0.22274236626354896,0.235,0.050011626823280184,0.050011626823280184,1.0,0.3735,0.3045833333333333,0.0805,0.24141666666666667,0.050161292574873347,0.050161292574873347,1.0,0.32364629786361937,0.28128106053534324,0.17262351118633898,0.22244913041469838,0.01970054461080952,0.01970054461080952,1.0,0.3485731489318097,0.29293219693433825,0.12656175559316948,0.23193289854068252,0.0,0.0,1.0,0.3421626735798376,0.31263274154514786,0.12246221861146571,0.22274236626354896
21,0.04842829348994685,0.0,0.1547954151249854,79,81,0.0,0,0,20,0.3421626735798376,0.36,0.31263274154514786,0.31,0.12246221861146571,0.07666666666666666,0.22274236626354896,0.25333333333333335,0.050011626823280184,0.050011626823280184,1.0,0.3735,0.3045833333333333,0.0805,0.24141666666666667,0.050161292574873347,0.050161292574873347,1.0,0.32364629786361937,0.28128106053534324,0.17262351118633898,0.22244913041469838,0.01970054461080952,0.01970054461080952,1.0,0.3485731489318097,0.29293219693433825,0.12656175559316948,0.23193289854068252,0.0,0.0,1.0,0.3421626735798376,0.31263274154514786,0.12246221861146571,0.22274236626354896
22,0.036291558857969905,0.0,0.1547954151249854,77,83,0.0,0,0,20,0.3421626735798376,0.33166666666666667,0.31263274154514786,0.32666666666666666,0.12246221861146571,0.09666666666666666,0.22274236626354896,0.245,0.050011626823280184,0.050011626823280184,1.0,0.3735,0.3045833333333333,0.0805,0.24141666666666667,0.050161292574873347,0.050161292574873347,1.0,0.32364629786361937,0.28128106053534324,0.17262351118633898,0.22244913041469838,0.01970054461080952,0.01970054461080952,1.0,0.3485731489318097,0.29293219693433825,0.12656175559316948,0.23193289854068252,0.0,0.0,1.0,0.3421626735798376,0.31263274154514786,0.12246221861146571,0.22274236626354896
23,0.04676162682328015,0.0,0.1547954151249854,85,84,0.0,0,0,20,0.3421626735798376,0.3433333333333333,0.31263274154514786,0.2866666666666667,0.12246221861146571,0.10166666666666667,0.22274236626354896,0.2683333333333333,0.050011626823280184,0.050011626823280184,1.0,0.3735,0.3045833333333333,0.0805,0.24141666666666667,0.050161292574873347,0.050161292574873347,1.0,0.32364629786361937,0.28128106053534324,0.17262351118633898,0.22244913041469838,0.01970054461080952,0.01970054461080952,1.0,0.3485731489318097,0.29293219693433825,0.12656175559316948,0.23193289854068252,0.0,0.0,1.0,0.3421626735798376,0.31263274154514786,0.12246221861146571,0.22274236626354896
24,0.061291558857969886,0.0,0.1547954151249854,79,87,0.0,0,0,20,0.3421626735798376,0.32,0.31263274154514786,0.3283333333333333,0.12246221861146571,0.08333333333333333,0.22274236626354896,0.2683333333333333,0.050011626823280184,0.050011626823280184,1.0,0.3735,0.3045833333333333,0.0805,0.24141666666666667,0.050161292574873347,0.050161292574873347,1.0,0.32364629786361937,0.28128106053534324,0.17262351118633898,0.22244913041469838,0.01970054461080952,0.01970054461080952,1.0,0.3485731489318097,0.29293219693433825,0.12656175559316948,0.23193289854068252,0.0,0.0,1.0,0.3421626735798376,0.31263274154514786,0.12246221861146571,0.22274236626354896
25,0.045590967069784424,0.0,0.1547954151249854,101,88,0.0,0,0,20,0.3421626735798376,0.34,0.31263274154514786,0.30666666666666664,0.12246221861146571,0.085,0.22274236626354896,0.2683333333333333,0.050011626823280184,0.050011626823280184,1.0,0.3735,0.3045833333333333,0.0805,0.24141666666666667,0.050161292574873347,0.050161292574873347,1.0,0.32364629786361937,0.28128106053534324,0.17262351118633898,0.22244913041469838,0.01970054461080952,0.01970054461080952,1.0,0.3485731489318097,0.29293219693433825,0.12656175559316948,0.23193289854068252,0.0,0.0,1.0,0.3421626735798376,0.31263274154514786,0.12246221861146571,0.22274236626354896
26,0.03579555194479898,0.0,0.1547954151249854,71,92,0.0,0,0,20,0.3421626735798376,0.35,0.31263274154514786,0.31333333333333335,0.12246221861146571,0.08666666666666667,0.22274236626354896,0.25,0.050011626823280184,0.050011626823280184,1.0,0.3735,0.3045833333333333,0.0805,0.24141666666666667,0.050161292574873347,0.050161292574873347,1.0,0.32364629786361937,0.28128106053534324,0.17262351118633898,0.22244913041469838,0.01970054461080952,0.01970054461080952,1.0,0.3485731489318097,0.29293219693433825,0.12656175559316948,0.23193289854068252,0.0,0.0,1.0,0.3421626735798376,0.31263274154514786,0.12246221861146571,0.22274236626354896
27,0.04746221861146564,0.0,0.1547954151249854,91,94,0.0,0,0,20,0.3421626735798376,0.37166666666666665,0.31263274154514786,0.31333333333333335,0.12246221861146571,0.075,0.22274236626354896,0.24,0.050011626823280184,0.050011626823280184,1.0,0.3735,0.3045833333333333,0.0805,0.24141666666666667,0.050161292574873347,0.050161292574873347,1.0,0.32364629786361937,0.28128106053534324,0.17262351118633898,0.22244913041469838,0.01970054461080952,0.01970054461080952,1.0,0.3485731489318097,0.29293219693433825,0.12656175559316948,0.23193289854068252,0.0,0.0,1.0,0.3421626735798376,0.31263274154514786,0.12246221861146571,0.22274236626354896
28,0.03079555194479898,0.0,0.1547954151249854,84,96,0.0,0,0,20,0.3421626735798376,0.3466666666666667,0.31263274154514786,0.3233333333333333,0.12246221861146571,0.09166666666666666,0.22274236626354896,0.23833333333333334,0.050011626823280184,0.050011626823280184,1.0,0.3735,0.3045833333333333,0.0805,0.24141666666666667,0.050161292574873347,0.050161292574873347,1.0,0.32364629786361937,0.28128106053534324,0.17262351118633898,0.22244913041469838,0.01970054461080952,0.01970054461080952,1.0,0.3485731489318097,0.29293219693433825,0.12656175559316948,0.23193289854068252,0.0,0.0,1.0,0.3421626735798376,0.31263274154514786,0.12246221861146571,0.22274236626354896
29,0.045795551944798986,0.0,0.1547954151249854,92,98,0.0,0,0,20,0.3421626735798376,0.36,0.31263274154514786,0.31833333333333336,0.12246221861146571,0.07666666666666666,0.22274236626354896,0.245,0.050011626823280184,0.050011626823280184,1.0,0.3735,0.3045833333333333,0.0805,0.24141666666666667,0.050161292574873347,0.050161292574873347,1.0,0.32364629786361937,0.28128106053534324,0.17262351118633898,0.22244913041469838,0.01970054461080952,0.01970054461080952,1.0,0.3485731489318097,0.29293219693433825,0.12656175559316948,0.23193289854068252,0.0,0.0,1.0,0.3421626735798376,0.31263274154514786,0.12246221861146571,0.22274236626354896
30,0.036291558857969926,0.0,0.1547954151249854,78,98,0.0,0,1,30,0.3421626735798376,0.3383333333333333,0.31263274154514786,0.335,0.12246221861146571,0.09,0.22274236626354896,0.23666666666666666,0.03779555194479895,0.03779555194479895,1.0,0.351,0.31416666666666665,0.08466666666666667,0.25016666666666665,0.04754084542243147,0.04754084542243147,1.0,0.35812644169041197,0.33845925979644326,0.12821277767202735,0.17520152084111743,0.02608076895177555,0.02608076895177555,1.0,0.354563220845206,0.32631296323155495,0.10643972216934701,0.21268409375389202,0.0,0.0,1.0,0.3421626735798376,0.31263274154514786,0.12246221861146571,0.22274236626354896
31,0.050094960156613515,0.0,0.1547954151249854,90,101,0.0,0,0,30,0.3421626735798376,0.365,0.31263274154514786,0.295,0.12246221861146571,0.09,0.22274236626354896,0.25,0.03779555194479895,0.03779555194479895,1.0,0.351,0.31416666666666665,0.08466666666666667,0.25016666666666665,0.04754084542243147,0.04754084542243147,1.0,0.35812644169041197,0.33845925979644326,0.12821277767202735,0.17520152084111743,0.02608076895177555,0.02608076895177555,1.0,0.354563220845206,0.32631296323155495,0.10643972216934701,0.21268409375389202,0.0,0.0,1.0,0.3421626735798376,0.31263274154514786,0.12246221861146571,0.22274236626354896
32,0.051761626823280185,0.0,0.1547954151249854,83,103,0.0,0,0,30,0.3421626735798376,0.3516666666666667,0.31263274154514786,0.2916666666666667,0.12246221861146571,0.09166666666666666,0.22274236626354896,0.265,0.03779555194479895,0.03779555194479895,1.0,0.351,0.31416666666666665,0.08466666666666667,0.25016666666666665,0.04754084542243147,0.04754084542243147,1.0,0.35812644169041197,0.33845925979644326,0.12821277767202735,0.17520152084111743,0.02608076895177555,0.02608076895177555,1.0,0.354563220845206,0.32631296323155495,0.10643972216934701,0.21268409375389202,0.0,0.0,1.0,0.3421626735798376,0.31263274154514786,0.12246221861146571,0.22274236626354896
33,0.035094960156613515,0.0,0.1547954151249854,86,105,0.0,0,0,30,0.3421626735798376,0.35333333333333333,0.31263274154514786,0.31,0.12246221861146571,0.09,0.22274236626354896,0.24666666666666667,0.03779555194479895,0.03779555194479895,1.0,0.351,0.31416666666666665,0.08466666666666667,0.25016666666666665,0.04754084542243147,0.04754084542243147,1.0,0.35812644169041197,0.33845925979644326,0.12821277767202735,0.17520152084111743,0.02608076895177555,0.02608076895177555,1.0,0.354563220845206,0.32631296323155495,0.10643972216934701,0.21268409375389202,0.0,0.0,1.0,0.3421626735798376,0.31263274154514786,0.12246221861146571,0.22274236626354896
34,0.03579555194479898,0.0,0.1547954151249854,88,108,0.0,0,0,30,0.3421626735798376,0.37,0.31263274154514786,0.32,0.12246221861146571,0.08666666666666667,0.22274236626354896,0.22333333333333333,0.03779555194479895,0.03779555194479895,1.0,0.351,0.31416666666666665,0.08466666666666667,0.25016666666666665,0.04754084542243147,0.04754084542243147,1.0,0.35812644169041197,0.33845925979644326,0.12821277767202735,0.17520152084111743,0.02608076895177555,0.02608076895177555,1.0,0.354563220845206,0.32631296323155495,0.10643972216934701,0.21268409375389202,0.0,0.0,1.0,0.3421626735798376,0.31263274154514786,0.12246221861146571,0.22274236626354896
35,0.042462218611465624,0.0,0.1547954151249854,89,110,0.0,0,0,30,0.3421626735798376,0.36,0.31263274154514786,0.3233333333333333,0.12246221861146571,0.08,0.22274236626354896,0.23666666666666666,0.03779555194479895,0.03779555194479895,1.0,0.351,0.31416666666666665,0.08466666666666667,0.25016666666666665,0.04754084542243147,0.04754084542243147,1.0,0.35812644169041197,0.33845925979644326,0.12821277767202735,0.17520152084111743,0.02608076895177555,0.02608076895177555,1.0,0.354563220845206,0.32631296323155495,0.10643972216934701,0.21268409375389202,0.0,0.0,1.0,0.3421626735798376,0.31263274154514786,0.12246221861146571,0.22274236626354896
36,0.03746221861146565,0.0,0.1547954151249854,85,111,0.0,0,0,30,0.3421626735798376,0.36833333333333335,0.31263274154514786,0.32,0.12246221861146571,0.085,0.22274236626354896,0.22666666666666666,0.03779555194479895,0.03779555194479895,1.0,0.351,0.31416666666666665,0.08466666666666667,0.25016666666666665,0.04754084542243147,0.04754084542243147,1.0,0.35812644169041197,0.33845925979644326,0.12821277767202735,0.17520152084111743,0.02608076895177555,0.02608076895177555,1.0,0.354563220845206,0.32631296323155495,0.10643972216934701,0.21268409375389202,0.0,0.0,1.0,0.3421626735798376,0.31263274154514786,0.12246221861146571,0.22274236626354896
37,0.051761626823280206,0.0,0.1547954151249854,90,113,0.0,0,0,30,0.3421626735798376,0.38333333333333336,0.31263274154514786,0.30666666666666664,0.12246221861146571,0.07666666666666666,0.22274236626354896,0.23333333333333334,0.03779555194479895,0.03779555194479895,1.0,0.351,0.31416666666666665,0.08466666666666667,0.25016666666666665,0.04754084542243147,0.04754084542243147,1.0,0.35812644169041197,0.33845925979644326,0.12821277767202735,0.17520152084111743,0.02608076895177555,0.02608076895177555,1.0,0.354563220845206,0.32631296323155495,0.10643972216934701,0.21268409375389202,0.0,0.0,1.0,0.3421626735798376,0.31263274154514786,0.12246221861146571,0.22274236626354896
38,0.045094960156613496,0.0,0.1547954151249854,90,115,0.0,0,0,30,0.3421626735798376,0.36666666666666664,0.31263274154514786,0.30333333333333334,0.12246221861146571,0.08666666666666667,0.22274236626354896,0.24333333333333335,0.03779555194479895,0.03779555194479895,1.0,0.351,0.31416666666666665,0.08466666666666667,0.25016666666666665,0.04754084542243147,0.04754084542243147,1.0,0.35812644169041197,0.33845925979644326,0.12821277767202735,0.17520152084111743,0.02608076895177555,0.02608076895177555,1.0,0.354563220845206,0.32631296323155495,0.10643972216934701,0.21268409375389202,0.0,0.0,1.0,0.3421626735798376,0.31263274154514786,0.12246221861146571,0.22274236626354896
39,0.051761626823280164,0.0,0.1547954151249854,88,116,0.0,0,0,30,0.3421626735798376,0.38166666666666665,0.31263274154514786,0.305,0.12246221861146571,0.07833333333333334,0.22274236626354896,0.235,0.03779555194479895,0.03779555194479895,1.0,0.351,0.31416666666666665,0.08466666666666667,0.25016666666666665,0.04754084542243147,0.04754084542243147,1.0,0.35812644169041197,0.33845925979644326,0.12821277767202735,0.17520152084111743,0.02608076895177555,0.02608076895177555,1.0,0.354563220845206,0.32631296323155495,0.10643972216934701,0.21268409375389202,0.0,0.0,1.0,0.3421626735798376,0.31263274154514786,0.12246221861146571,0.22274236626354896
40,0.038428293489946835,0.0,0.1547954151249854,83,116,0.0,0,1,40,0.3421626735798376,0.36666666666666664,0.31263274154514786,0.31166666666666665,0.12246221861146571,0.085,0.22274236626354896,0.23666666666666666,0.037011626823280165,0.037011626823280165,1.0,0.35641666666666666,0.3124166666666667,0.08566666666666667,0.2455,0.07497873975778593,0.07497873975778593,1.0,0.3618392723468276,0.29407878222973916,0.06603743816908844,0.2780445072543448,0.05599518329053303,0.05599518329053303,1.0,0.35912796950674714,0.3032477244482029,0.07585205241787756,0.2617722536271724,0.0,0.0,1.0,0.3421626735798376,0.31263274154514786,0.12246221861146571,0.22274236626354896
41,0.036761626823280186,0.0,0.1547954151249854,99,116,0.0,0,0,40,0.3421626735798376,0.36833333333333335,0.31263274154514786,0.305,0.12246221861146571,0.09333333333333334,0.22274236626354896,0.23333333333333334,0.037011626823280165,0.037011626823280165,1.0,0.35641666666666666,0.3124166666666667,0.08566666666666667,0.2455,0.07497873975778593,0.07497873975778593,1.0,0.3618392723468276,0.29407878222973916,0.06603743816908844,0.2780445072543448,0.05599518329053303,0.05599518329053303,1.0,0.35912796950674714,0.3032477244482029,0.07585205241787756,0.2617722536271724,0.0,0.0,1.0,0.3421626735798376,0.31263274154514786,0.12246221861146571,0.22274236626354896
42,0.03176162682328017,0.0,0.1547954151249854,91,117,0.0,0,0,40,0.3421626735798376,0.36833333333333335,0.31263274154514786,0.3016666666666667,0.12246221861146571,0.10166666666666667,0.22274236626354896,0.22833333333333333,0.037011626823280165,0.037011626823280165,1.0,0.35641666666666666,0.3124166666666667,0.08566666666666667,0.2455,0.07497873975778593,0.07497873975778593,1.0,0.3618392723468276,0.29407878222973916,0.06603743816908844,0.2780445072543448,0.05599518329053303,0.05599518329053303,1.0,0.35912796950674714,0.3032477244482029,0.07585205241787756,0.2617722536271724,0.0,0.0,1.0,0.3421626735798376,0.31263274154514786,0.12246221861146571,0.22274236626354896
43,0.05842829348994686,0.0,0.1547954151249854,91,119,0.0,0,0,40,0.3421626735798376,0.37833333333333335,0.31263274154514786,0.3,0.12246221861146571,0.07666666666666666,0.22274236626354896,0.245,0.037011626823280165,0.037011626823280165,1.0,0.35641666666666666,0.3124166666666667,0.08566666666666667,0.2455,0.07497873975778593,0.07497873975778593,1.0,0.3618392723468276,0.29407878222973916,0.06603743816908844,0.2780445072543448,0.05599518329053303,0.05599518329053303,1.0,0.35912796950674714,0.3032477244482029,0.07585205241787756,0.2617722536271724,0.0,0.0,1.0,0.3421626735798376,0.31263274154514786,0.12246221861146571,0.22274236626354896
44,0.04676162682328015,0.0,0.1547954151249854,84,120,0.0,0,0,40,0.3421626735798376,0.37666666666666665,0.31263274154514786,0.30333333333333334,0.12246221861146571,0.085,0.22274236626354896,0.235,0.037011626823280165,0.037011626823280165,1.0,0.35641666666666666,0.3124166666666667,0.08566666666666667,0.2455,0.07497873975778593,0.07497873975778593,1.0,0.3618392723468276,0.29407878222973916,0.06603743816908844,0.2780445072543448,0.05599518329053303,0.05599518329053303,1.0,0.35912796950674714,0.3032477244482029,0.07585205241787756,0.2617722536271724,0.0,0.0,1.0,0.3421626735798376,0.31263274154514786,0.12246221861146571,0.22274236626354896
45,0.04912888527813233,0.0,0.1547954151249854,78,122,0.0,0,0,40,0.3421626735798376,0.37333333333333335,0.31263274154514786,0.31833333333333336,0.12246221861146571,0.07333333333333333,0.22274236626354896,0.235,0.037011626823280165,0.037011626823280165,1.0,0.35641666666666666,0.3124166666666667,0.08566666666666667,0.2455,0.07497873975778593,0.07497873975778593,1.0,0.3618392723468276,0.29407878222973916,0.06603743816908844,0.2780445072543448,0.05599518329053303,0.05599518329053303,1.0,0.35912796950674714,0.3032477244482029,0.07585205241787756,0.2617722536271724,0.0,0.0,1.0,0.3421626735798376,0.31263274154514786,0.12246221861146571,0.22274236626354896
46,0.033428293489946845,0.0,0.1547954151249854,83,123,0.0,0,0,40,0.3421626735798376,0.36333333333333334,0.31263274154514786,0.31,0.12246221861146571,0.09166666666666666,0.22274236626354896,0.235,0.037011626823280165,0.037011626823280165,1.0,0.35641666666666666,0.3124166666666667,0.08566666666666667,0.2455,0.07497873975778593,0.07497873975778593,1.0,0.3618392723468276,0.29407878222973916,0.06603743816908844,0.2780445072543448,0.05599518329053303,0.05599518329053303,1.0,0.35912796950674714,0.3032477244482029,0.07585205241787756,0.2617722536271724,0.0,0.0,1.0,0.3421626735798376,0.31263274154514786,0.12246221861146571,0.22274236626354896
47,0.03842829348994683,0.0,0.1547954151249854,91,126,0.0,0,0,40,0.3421626735798376,0.36833333333333335,0.31263274154514786,0.3016666666666667,0.12246221861146571,0.095,0.22274236626354896,0.235,0.037011626823280165,0.037011626823280165,1.0,0.35641666666666666,0.3124166666666667,0.08566666666666667,0.2455,0.07497873975778593,0.07497873975778593,1.0,0.3618392723468276,0.29407878222973916,0.06603743816908844,0.2780445072543448,0.05599518329053303,0.05599518329053303,1.0,0.35912796950674714,0.3032477244482029,0.07585205241787756,0.2617722536271724,0.0,0.0,1.0,0.3421626735798376,0.31263274154514786,0.12246221861146571,0.22274236626354896
48,0.03176162682328017,0.0,0.1547954151249854,82,128,0.0,0,0,40,0.3421626735798376,0.36666666666666664,0.31263274154514786,0.31,0.12246221861146571,0.09333333333333334,0.22274236626354896,0.23,0.037011626823280165,0.037011626823280165,1.0,0.35641666666666666,0.3124166666666667,0.08566666666666667,0.2455,0.07497873975778593,0.07497873975778593,1.0,0.3618392723468276,0.29407878222973916,0.06603743816908844,0.2780445072543448,0.05599518329053303,0.05599518329053303,1.0,0.35912796950674714,0.3032477244482029,0.07585205241787756,0.2617722536271724,0.0,0.0,1.0,0.3421626735798376,0.31263274154514786,0.12246221861146571,0.22274236626354896
49,0.0352045848750146,0.0,0.1547954151249854,72,129,0.0,0,0,40,0.3421626735798376,0.37333333333333335,0.31263274154514786,0.31666666666666665,0.12246221861146571,0.08833333333333333,0.22274236626354896,0.22166666666666668,0.037011626823280165,0.037011626823280165,1.0,0.35641666666666666,0.3124166666666667,0.08566666666666667,0.2455,0.07497873975778593,0.07497873975778593,1.0,0.3618392723468276,0.29407878222973916,0.06603743816908844,0.2780445072543448,0.05599518329053303,0.05599518329053303,1.0,0.35912796950674714,0.3032477244482029,0.07585205241787756,0.2617722536271724,0.0,0.0,1.0,0.3421626735798376,0.31263274154514786,0.12246221861146571,0.22274236626354896
50,0.06509496015661351,0.0,0.1547954151249854,89,130,0.0,0,1,50,0.3421626735798376,0.38666666666666666,0.31263274154514786,0.2833333333333333,0.12246221861146571,0.08666666666666667,0.22274236626354896,0.24333333333333335,0.04151162682328017,0.04151162682328017,1.0,0.3695,0.30683333333333335,0.08675,0.23691666666666666,0.07348679651700693,0.07348679651700693,1.0,0.31573456991859766,0.3079244396335008,0.1959490151284726,0.18039197531942897,0.019341900332231897,0.019341900332231897,1.0,0.34261728495929883,0.30737888648341705,0.1413495075642363,0.20865432099304781,0.0,0.0,1.0,0.3421626735798376,0.31263274154514786,0.12246221861146571,0.22274236626354896
51,0.05783732642016247,0.0,0.1547954151249854,87,132,0.0,0,0,50,0.3421626735798376,0.4,0.31263274154514786,0.2966666666666667,0.12246221861146571,0.085,0.22274236626354896,0.21833333333333332,0.04151162682328017,0.04151162682328017,1.0,0.3695,0.30683333333333335,0.08675,0.23691666666666666,0.07348679651700693,0.07348679651700693,1.0,0.31573456991859766,0.3079244396335008,0.1959490151284726,0.18039197531942897,0.019341900332231897,0.019341900332231897,1.0,0.34261728495929883,0.30737888648341705,0.1413495075642363,0.20865432099304781,0.0,0.0,1.0,0.3421626735798376,0.31263274154514786,0.12246221861146571,0.22274236626354896
52,0.06676162682328017,0.0,0.1547954151249854,85,135,0.0,0,0,50,0.3421626735798376,0.38666666666666666,0.31263274154514786,0.29333333333333333,0.12246221861146571,0.075,0.22274236626354896,0.245,0.04151162682328017,0.04151162682328017,1.0,0.3695,0.30683333333333335,0.08675,0.23691666666666666,0.07348679651700693,0.07348679651700693,1.0,0.31573456991859766,0.3079244396335008,0.1959490151284726,0.18039197531942897,0.019341900332231897,0.019341900332231897,1.0,0.34261728495929883,0.30737888648341705,0.1413495075642363,0.20865432099304781,0.0,0.0,1.0,0.3421626735798376,0.31263274154514786,0.12246221861146571,0.22274236626354896
53,0.046761626823280174,0.0,0.1547954151249854,76,136,0.0,0,0,50,0.3421626735798376,0.38,0.31263274154514786,0.29333333333333333,0.12246221861146571,0.095,0.22274236626354896,0.23166666666666666,0.04151162682328017,0.04151162682328017,1.0,0.3695,0.30683333333333335,0.08675,0.23691666666666666,0.07348679651700693,0.07348679651700693,1.0,0.31573456991859766,0.3079244396335008,0.1959490151284726,0.18039197531942897,0.019341900332231897,0.019341900332231897,1.0,0.34261728495929883,0.30737888648341705,0.1413495075642363,0.20865432099304781,0.0,0.0,1.0,0.3421626735798376,0.31263274154514786,0.12246221861146571,0.22274236626354896
54,0.04342829348994685,0.0,0.1547954151249854,76,139,0.0,0,0,50,0.3421626735798376,0.37833333333333335,0.31263274154514786,0.2966666666666667,0.12246221861146571,0.095,0.22274236626354896,0.23,0.04151162682328017,0.04151162682328017,1.0,0.3695,0.30683333333333335,0.08675,0.23691666666666666,0.07348679651700693,0.07348679651700693,1.0,0.31573456991859766,0.3079244396335008,0.1959490151284726,0.18039197531942897,0.019341900332231897,0.019341900332231897,1.0,0.34261728495929883,0.30737888648341705,0.1413495075642363,0.20865432099304781,0.0,0.0,1.0,0.3421626735798376,0.31263274154514786,0.12246221861146571,0.22274236626354896
55,0.07342829348994685,0.0,0.1547954151249854,78,141,0.0,0,0,50,0.3421626735798376,0.41,0.31263274154514786,0.285,0.12246221861146571,0.07666666666666666,0.22274236626354896,0.22833333333333333,0.04151162682328017,0.04151162682328017,1.0,0.3695,0.30683333333333335,0.08675,0.23691666666666666,0.07348679651700693,0.07348679651700693,1.0,0.31573456991859766,0.3079244396335008,0.1959490151284726,0.18039197531942897,0.019341900332231897,0.019341900332231897,1.0,0.34261728495929883,0.30737888648341705,0.1413495075642363,0.20865432099304781,0.0,0.0,1.0,0.3421626735798376,0.31263274154514786,0.12246221861146571,0.22274236626354896
56,0.051761626823280164,0.0,0.1547954151249854,101,143,0.0,0,0,50,0.3421626735798376,0.36833333333333335,0.31263274154514786,0.3016666666666667,0.12246221861146571,0.08166666666666667,0.22274236626354896,0.24833333333333332,0.04151162682328017,0.04151162682328017,1.0,0.3695,0.30683333333333335,0.08675,0.23691666666666666,0.07348679651700693,0.07348679651700693,1.0,0.31573456991859766,0.3079244396335008,0.1959490151284726,0.18039197531942897,0.019341900332231897,0.019341900332231897,1.0,0.34261728495929883,0.30737888648341705,0.1413495075642363,0.20865432099304781,0.0,0.0,1.0,0.3421626735798376,0.31263274154514786,0.12246221861146571,0.22274236626354896
57,0.060094960156613496,0.0,0.1547954151249854,75,145,0.0,0,0,50,0.3421626735798376,0.39,0.31263274154514786,0.3016666666666667,0.12246221861146571,0.07333333333333333,0.22274236626354896,0.235,0.04151162682328017,0.04151162682328017,1.0,0.3695,0.30683333333333335,0.08675,0.23691666666666666,0.07348679651700693,0.07348679651700693,1.0,0.31573456991859766,0.3079244396335008,0.1959490151284726,0.18039197531942897,0.019341900332231897,0.019341900332231897,1.0,0.34261728495929883,0.30737888648341705,0.1413495075642363,0.20865432099304781,0.0,0.0,1.0,0.3421626735798376,0.31263274154514786,0.12246221861146571,0.22274236626354896
58,0.04853791820834792,0.0,0.1547954151249854,83,146,0.0,0,0,50,0.3421626735798376,0.375,0.31263274154514786,0.3283333333333333,0.12246221861146571,0.08333333333333333,0.22274236626354896,0.21333333333333335,0.04151162682328017,0.04151162682328017,1.0,0.3695,0.30683333333333335,0.08675,0.23691666666666666,0.07348679651700693,0.07348679651700693,1.0,0.31573456991859766,0.3079244396335008,0.1959490151284726,0.18039197531942897,0.019341900332231897,0.019341900332231897,1.0,0.34261728495929883,0.30737888648341705,0.1413495075642363,0.20865432099304781,0.0,0.0,1.0,0.3421626735798376,0.31263274154514786,0.12246221861146571,0.22274236626354896
59,0.0550949601566135,0.0,0.1547954151249854,78,147,0.0,0,0,50,0.3421626735798376,0.39166666666666666,0.31263274154514786,0.2966666666666667,0.12246221861146571,0.08333333333333333,0.22274236626354896,0.22833333333333333,0.04151162682328017,0.04151162682328017,1.0,0.3695,0.30683333333333335,0.08675,0.23691666666666666,0.07348679651700693,0.07348679651700693,1.0,0.31573456991859766,0.3079244396335008,0.1959490151284726,0.18039197531942897,0.019341900332231897,0.019341900332231897,1.0,0.34261728495929883,0.30737888648341705,0.1413495075642363,0.20865432099304781,0.0,0.0,1.0,0.3421626735798376,0.31263274154514786,0.12246221861146571,0.22274236626354896
60,0.03687125154168129,0.0,0.1547954151249854,90,147,0.0,0,1,60,0.3421626735798376,0.37333333333333335,0.31263274154514786,0.31833333333333336,0.12246221861146571,0.09666666666666666,0.22274236626354896,0.21166666666666667,0.0455116268232802,0.0455116268232802,1.0,0.37883333333333336,0.3030833333333333,0.0865,0.23158333333333334,0.08915972843592221,0.08915972843592221,1.0,0.2845001386940934,0.2811355479949698,0.15375737134555603,0.28060694196538083,0.03335277138580817,0.03335277138580817,1.0,0.3316667360137134,0.29210944066415157,0.12012868567277801,0.2560951376493571,0.0,0.0,1.0,0.3421626735798376,0.31263274154514786,0.12246221861146571,0.22274236626354896
61,0.048428293489946844,0.0,0.1547954151249854,93,148,0.0,0,0,60,0.3421626735798376,0.38333333333333336,0.31263274154514786,0.3016666666666667,0.12246221861146571,0.085,0.22274236626354896,0.23,0.0455116268232802,0.0455116268232802,1.0,0.37883333333333336,0.3030833333333333,0.0865,0.23158333333333334,0.08915972843592221,0.08915972843592221,1.0,0.2845001386940934,0.2811355479949698,0.15375737134555603,0.28060694196538083,0.03335277138580817,0.03335277138580817,1.0,0.3316667360137134,0.29210944066415157,0.12012868567277801,0.2560951376493571,0.0,0.0,1.0,0.3421626735798376,0.31263274154514786,0.12246221861146571,0.22274236626354896
62,0.06950399308682913,0.0,0.1547954151249854,74,149,0.0,0,0,60,0.3421626735798376,0.4116666666666667,0.31263274154514786,0.2966666666666667,0.12246221861146571,0.07166666666666667,0.22274236626354896,0.22,0.0455116268232802,0.0455116268232802,1.0,0.37883333333333336,0.3030833333333333,0.0865,0.23158333333333334,0.08915972843592221,0.08915972843592221,1.0,0.2845001386940934,0.2811355479949698,0.15375737134555603,0.28060694196538083,0.03335277138580817,0.03335277138580817,1.0,0.3316667360137134,0.29210944066415157,0.12012868567277801,0.2560951376493571,0.0,0.0,1.0,0.3421626735798376,0.31263274154514786,0.12246221861146571,0.22274236626354896
63,0.07342829348994684,0.0,0.1547954151249854,94,150,0.0,0,0,60,0.3421626735798376,0.40166666666666667,0.31263274154514786,0.28,0.12246221861146571,0.08166666666666667,0.22274236626354896,0.23666666666666666,0.0455116268232802,0.0455116268232802,1.0,0.37883333333333336,0.3030833333333333,0.0865,0.23158333333333334,0.08915972843592221,0.08915972843592221,1.0,0.2845001386940934,0.2811355479949698,0.15375737134555603,0.28060694196538083,0.03335277138580817,0.03335277138580817,1.0,0.3316667360137134,0.29210944066415157,0.12012868567277801,0.2560951376493571,0.0,0.0,1.0,0.3421626735798376,0.31263274154514786,0.12246221861146571,0.22274236626354896
64,0.06342829348994683,0.0,0.1547954151249854,93,152,0.0,0,0,60,0.3421626735798376,0.3883333333333333,0.31263274154514786,0.29333333333333333,0.12246221861146571,0.07833333333333334,0.22274236626354896,0.24,0.0455116268232802,0.0455116268232802,1.0,0.37883333333333336,0.3030833333333333,0.0865,0.23158333333333334,0.08915972843592221,0.08915972843592221,1.0,0.2845001386940934,0.2811355479949698,0.15375737134555603,0.28060694196538083,0.03335277138580817,0.03335277138580817,1.0,0.3316667360137134,0.29210944066415157,0.12012868567277801,0.2560951376493571,0.0,0.0,1.0,0.3421626735798376,0.31263274154514786,0.12246221861146571,0.22274236626354896
65,0.06842829348994683,0.0,0.1547954151249854,77,155,0.0,0,0,60,0.3421626735798376,0.41,0.31263274154514786,0.295,0.12246221861146571,0.07166666666666667,0.22274236626354896,0.22333333333333333,0.0455116268232802,0.0455116268232802,1.0,0.37883333333333336,0.3030833333333333,0.0865,0.23158333333333334,0.08915972843592221,0.08915972843592221,1.0,0.2845001386940934,0.2811355479949698,0.15375737134555603,0.28060694196538083,0.03335277138580817,0.03335277138580817,1.0,0.3316667360137134,0.29210944066415157,0.12012868567277801,0.2560951376493571,0.0,0.0,1.0,0.3421626735798376,0.31263274154514786,0.12246221861146571,0.22274236626354896
66,0.05950399308682912,0.0,0.1547954151249854,82,155,0.0,0,0,60,0.3421626735798376,0.40166666666666667,0.31263274154514786,0.3016666666666667,0.12246221861146571,0.075,0.22274236626354896,0.22166666666666668,0.0455116268232802,0.0455116268232802,1.0,0.37883333333333336,0.3030833333333333,0.0865,0.23158333333333334,0.08915972843592221,0.08915972843592221,1.0,0.2845001386940934,0.2811355479949698,0.15375737134555603,0.28060694196538083,0.03335277138580817,0.03335277138580817,1.0,0.3316667360137134,0.29210944066415157,0.12012868567277801,0.2560951376493571,0.0,0.0,1.0,0.3421626735798376,0.31263274154514786,0.12246221861146571,0.22274236626354896
67,0.04950399308682912,0.0,0.1547954151249854,95,155,0.0,0,0,60,0.3421626735798376,0.39166666666666666,0.31263274154514786,0.30333333333333334,0.12246221861146571,0.08833333333333333,0.22274236626354896,0.21666666666666667,0.0455116268232802,0.0455116268232802,1.0,0.37883333333333336,0.3030833333333333,0.0865,0.23158333333333334,0.08915972843592221,0.08915972843592221,1.0,0.2845001386940934,0.2811355479949698,0.15375737134555603,0.28060694196538083,0.03335277138580817,0.03335277138580817,1.0,0.3316667360137134,0.29210944066415157,0.12012868567277801,0.2560951376493571,0.0,0.0,1.0,0.3421626735798376,0.31263274154514786,0.12246221861146571,0.22274236626354896
68,0.035094960156613515,0.0,0.1547954151249854,88,155,0.0,0,0,60,0.3421626735798376,0.375,0.31263274154514786,0.3,0.12246221861146571,0.1,0.22274236626354896,0.225,0.0455116268232802,0.0455116268232802,1.0,0.37883333333333336,0.3030833333333333,0.0865,0.23158333333333334,0.08915972843592221,0.08915972843592221,1.0,0.2845001386940934,0.2811355479949698,0.15375737134555603,0.28060694196538083,0.03335277138580817,0.03335277138580817,1.0,0.3316667360137134,0.29210944066415157,0.12012868567277801,0.2560951376493571,0.0,0.0,1.0,0.3421626735798376,0.31263274154514786,0.12246221861146571,0.22274236626354896
69,0.04853791820834793,0.0,0.1547954151249854,92,157,0.0,0,0,60,0.3421626735798376,0.38666666666666666,0.31263274154514786,0.31666666666666665,0.12246221861146571,0.09,0.22274236626354896,0.20666666666666667,0.0455116268232802,0.0455116268232802,1.0,0.37883333333333336,0.3030833333333333,0.0865,0.23158333333333334,0.08915972843592221,0.08915972843592221,1.0,0.2845001386940934,0.2811355479949698,0.15375737134555603,0.28060694196538083,0.03335277138580817,0.03335277138580817,1.0,0.3316667360137134,0.29210944066415157,0.12012868567277801,0.2560951376493571,0.0,0.0,1.0,0.3421626735798376,0.31263274154514786,0.12246221861146571,0.22274236626354896
70,0.051761626823280185,0.0,0.1547954151249854,80,158,0.0,0,1,70,0.3421626735798376,0.37,0.31263274154514786,0.3,0.12246221861146571,0.08333333333333333,0.22274236626354896,0.24666666666666667,0.05159496015661351,0.05159496015661351,1.0,0.38866666666666666,0.3,0.0835,0.22783333333333333,0.05097787022830581,0.05097787022830581,0.0,0.34674070736337953,0.35903257798991167,0.09685930885148729,0.1973674057952215,0.04242456088499354,0.04242456088499354,1.0,0.3677036870150231,0.32951628899495583,0.09017965442574365,0.2126003695642774,0.0,0.0,1.0,0.3421626735798376,0.31263274154514786,0.12246221861146571,0.22274236626354896
71,0.06342829348994684,0.0,0.1547954151249854,85,158,0.0,0,0,70,0.3421626735798376,0.39,0.31263274154514786,0.2916666666666667,0.12246221861146571,0.08,0.22274236626354896,0.23833333333333334,0.05159496015661351,0.05159496015661351,1.0,0.38866666666666666,0.3,0.0835,0.22783333333333333,0.05097787022830581,0.05097787022830581,0.0,0.34674070736337953,0.35903257798991167,0.09685930885148729,0.1973674057952215,0.04242456088499354,0.04242456088499354,1.0,0.3677036870150231,0.32951628899495583,0.09017965442574365,0.2126003695642774,0.0,0.0,1.0,0.3421626735798376,0.31263274154514786,0.12246221861146571,0.22274236626354896
72,0.06342829348994683,0.0,0.1547954151249854,90,160,0.0,0,0,70,0.3421626735798376,0.3883333333333333,0.31263274154514786,0.30333333333333334,0.12246221861146571,0.06833333333333333,0.22274236626354896,0.24,0.05159496015661351,0.05159496015661351,1.0,0.38866666666666666,0.3,0.0835,0.22783333333333333,0.05097787022830581,0.05097787022830581,0.0,0.34674070736337953,0.35903257798991167,0.09685930885148729,0.1973674057952215,0.04242456088499354,0.04242456088499354,1.0,0.3677036870150231,0.32951628899495583,0.09017965442574365,0.2126003695642774,0.0,0.0,1.0,0.3421626735798376,0.31263274154514786,0.12246221861146571,0.22274236626354896
73,0.046871251541681265,0.0,0.1547954151249854,91,161,0.0,0,0,70,0.3421626735798376,0.37166666666666665,0.31263274154514786,0.33,0.12246221861146571,0.08166666666666667,0.22274236626354896,0.21666666666666667,0.05159496015661351,0.05159496015661351,1.0,0.38866666666666666,0.3,0.0835,0.22783333333333333,0.05097787022830581,0.05097787022830581,0.0,0.34674070736337953,0.35903257798991167,0.09685930885148729,0.1973674057952215,0.04242456088499354,0.04242456088499354,1.0,0.3677036870150231,0.32951628899495583,0.09017965442574365,0.2126003695642774,0.0,0.0,1.0,0.3421626735798376,0.31263274154514786,0.12246221861146571,0.22274236626354896
74,0.0500949601566135,0.0,0.1547954151249854,93,161,0.0,0,0,70,0.3421626735798376,0.3883333333333333,0.31263274154514786,0.30666666666666664,0.12246221861146571,0.07833333333333334,0.22274236626354896,0.22666666666666666,0.05159496015661351,0.05159496015661351,1.0,0.38866666666666666,0.3,0.0835,0.22783333333333333,0.05097787022830581,0.05097787022830581,0.0,0.34674070736337953,0.35903257798991167,0.09685930885148729,0.1973674057952215,0.04242456088499354,0.04242456088499354,1.0,0.3677036870150231,0.32951628899495583,0.09017965442574365,0.2126003695642774,0.0,0.0,1.0,0.3421626735798376,0.31263274154514786,0.12246221861146571,0.22274236626354896
75,0.02950399308682914,0.0,0.1547954151249854,96,162,0.0,0,0,70,0.3421626735798376,0.37166666666666665,0.31263274154514786,0.31166666666666665,0.12246221861146571,0.09833333333333333,0.22274236626354896,0.21833333333333332,0.05159496015661351,0.05159496015661351,1.0,0.38866666666666666,0.3,0.0835,0.22783333333333333,0.05097787022830581,0.05097787022830581,0.0,0.34674070736337953,0.35903257798991167,0.09685930885148729,0.1973674057952215,0.04242456088499354,0.04242456088499354,1.0,0.3677036870150231,0.32951628899495583,0.09017965442574365,0.2126003695642774,0.0,0.0,1.0,0.3421626735798376,0.31263274154514786,0.12246221861146571,0.22274236626354896
76,0.0500949601566135,0.0,0.1547954151249854,97,163,0.0,0,0,70,0.3421626735798376,0.37166666666666665,0.31263274154514786,0.30833333333333335,0.12246221861146571,0.07666666666666666,0.22274236626354896,0.24333333333333335,0.05159496015661351,0.05159496015661351,1.0,0.38866666666666666,0.3,0.0835,0.22783333333333333,0.05097787022830581,0.05097787022830581,0.0,0.34674070736337953,0.35903257798991167,0.09685930885148729,0.1973674057952215,0.04242456088499354,0.04242456088499354,1.0,0.3677036870150231,0.32951628899495583,0.09017965442574365,0.2126003695642774,0.0,0.0,1.0,0.3421626735798376,0.31263274154514786,0.12246221861146571,0.22274236626354896
77,0.040795551944798954,0.0,0.1547954151249854,79,164,0.0,0,0,70,0.3421626735798376,0.36666666666666664,0.31263274154514786,0.3283333333333333,0.12246221861146571,0.08166666666666667,0.22274236626354896,0.22333333333333333,0.05159496015661351,0.05159496015661351,1.0,0.38866666666666666,0.3,0.0835,0.22783333333333333,0.05097787022830581,0.05097787022830581,0.0,0.34674070736337953,0.35903257798991167,0.09685930885148729,0.1973674057952215,0.04242456088499354,0.04242456088499354,1.0,0.3677036870150231,0.32951628899495583,0.09017965442574365,0.2126003695642774,0.0,0.0,1.0,0.3421626735798376,0.31263274154514786,0.12246221861146571,0.22274236626354896
78,0.058428293489946846,0.0,0.1547954151249854,85,166,0.0,0,0,70,0.3421626735798376,0.39666666666666667,0.31263274154514786,0.295,0.12246221861146571,0.08166666666666667,0.22274236626354896,0.22666666666666666,0.05159496015661351,0.05159496015661351,1.0,0.38866666666666666,0.3,0.0835,0.22783333333333333,0.05097787022830581,0.05097787022830581,0.0,0.34674070736337953,0.35903257798991167,0.09685930885148729,0.1973674057952215,0.04242456088499354,0.04242456088499354,1.0,0.3677036870150231,0.32951628899495583,0.09017965442574365,0.2126003695642774,0.0,0.0,1.0,0.3421626735798376,0.31263274154514786,0.12246221861146571,0.22274236626354896
79,0.060094960156613496,0.0,0.1547954151249854,76,168,0.0,0,0,70,0.3421626735798376,0.375,0.31263274154514786,0.2966666666666667,0.12246221861146571,0.07833333333333334,0.22274236626354896,0.25,0.05159496015661351,0.05159496015661351,1.0,0.38866666666666666,0.3,0.0835,0.22783333333333333,0.05097787022830581,0.05097787022830581,0.0,0.34674070736337953,0.35903257798991167,0.09685930885148729,0.1973674057952215,0.04242456088499354,0.04242456088499354,1.0,0.3677036870150231,0.32951628899495583,0.09017965442574365,0.2126003695642774,0.0,0.0,1.0,0.3421626735798376,0.31263274154514786,0.12246221861146571,0.22274236626354896
80,0.05009496015661351,0.0,0.1547954151249854,95,170,0.0,0,1,80,0.3421626735798376,0.37333333333333335,0.31263274154514786,0.3016666666666667,0.12246221861146571,0.08333333333333333,0.22274236626354896,0.24166666666666667,0.050344960156613515,0.050344960156613515,1.0,0.38566666666666666,0.3030833333333333,0.08166666666666667,0.22958333333333333,0.13552930812508834,0.13552930812508834,1.0,0.3716303279770185,0.17710343342005944,0.16632270274615255,0.28494353585676946,0.0725393581684514,0.0725393581684514,1.0,0.3786484973218426,0.2400933833766964,0.1239946847064096,0.2572634345950514,0.0,0.0,1.0,0.3421626735798376,0.31263274154514786,0.12246221861146571,0.22274236626354896
81,0.041761626823280176,0.0,0.1547954151249854,98,172,0.0,0,0,80,0.3421626735798376,0.37333333333333335,0.31263274154514786,0.30833333333333335,0.12246221861146571,0.085,0.22274236626354896,0.23333333333333334,0.050344960156613515,0.050344960156613515,1.0,0.38566666666666666,0.3030833333333333,0.08166666666666667,0.22958333333333333,0.13552930812508834,0.13552930812508834,1.0,0.3716303279770185,0.17710343342005944,0.16632270274615255,0.28494353585676946,0.0725393581684514,0.0725393581684514,1.0,0.3786484973218426,0.2400933833766964,0.1239946847064096,0.2572634345950514,0.0,0.0,1.0,0.3421626735798376,0.31263274154514786,0.12246221861146571,0.22274236626354896
82,0.06842829348994686,0.0,0.1547954151249854,88,174,0.0,0,0,80,0.3421626735798376,0.38333333333333336,0.31263274154514786,0.28833333333333333,0.12246221861146571,0.07833333333333334,0.22274236626354896,0.25,0.050344960156613515,0.050344960156613515,1.0,0.38566666666666666,0.3030833333333333,0.08166666666666667,0.22958333333333333,0.13552930812508834,0.13552930812508834,1.0,0.3716303279770185,0.17710343342005944,0.16632270274615255,0.28494353585676946,0.0725393581684514,0.0725393581684514,1.0,0.3786484973218426,0.2400933833766964,0.1239946847064096,0.2572634345950514,0.0,0.0,1.0,0.3421626735798376,0.31263274154514786,0.12246221861146571,0.22274236626354896
83,0.05009496015661351,0.0,0.1547954151249854,82,175,0.0,0,0,80,0.3421626735798376,0.36,0.31263274154514786,0.31,0.12246221861146571,0.075,0.22274236626354896,0.255,0.050344960156613515,0.050344960156613515,1.0,0.38566666666666666,0.3030833333333333,0.08166666666666667,0.22958333333333333,0.13552930812508834,0.13552930812508834,1.0,0.3716303279770185,0.17710343342005944,0.16632270274615255,0.28494353585676946,0.0725393581684514,0.0725393581684514,1.0,0.3786484973218426,0.2400933833766964,0.1239946847064096,0.2572634345950514,0.0,0.0,1.0,0.3421626735798376,0.31263274154514786,0.12246221861146571,0.22274236626354896
84,0.04842829348994687,0.0,0.1547954151249854,105,177,0.0,0,0,80,0.3421626735798376,0.38333333333333336,0.31263274154514786,0.30666666666666664,0.12246221861146571,0.08,0.22274236626354896,0.23,0.050344960156613515,0.050344960156613515,1.0,0.38566666666666666,0.3030833333333333,0.08166666666666667,0.22958333333333333,0.13552930812508834,0.13552930812508834,1.0,0.3716303279770185,0.17710343342005944,0.16632270274615255,0.28494353585676946,0.0725393581684514,0.0725393581684514,1.0,0.3786484973218426,0.2400933833766964,0.1239946847064096,0.2572634345950514,0.0,0.0,1.0,0.3421626735798376,0.31263274154514786,0.12246221861146571,0.22274236626354896
85,0.0500949601566135,0.0,0.1547954151249854,90,178,0.0,0,0,80,0.3421626735798376,0.37666666666666665,0.31263274154514786,0.29833333333333334,0.12246221861146571,0.08666666666666667,0.22274236626354896,0.23833333333333334,0.050344960156613515,0.050344960156613515,1.0,0.38566666666666666,0.3030833333333333,0.08166666666666667,0.22958333333333333,0.13552930812508834,0.13552930812508834,1.0,0.3716303279770185,0.17710343342005944,0.16632270274615255,0.28494353585676946,0.0725393581684514,0.0725393581684514,1.0,0.3786484973218426,0.2400933833766964,0.1239946847064096,0.2572634345950514,0.0,0.0,1.0,0.3421626735798376,0.31263274154514786,0.12246221861146571,0.22274236626354896
86,0.056761626823280155,0.0,0.1547954151249854,85,180,0.0,0,0,80,0.3421626735798376,0.3933333333333333,0.31263274154514786,0.2966666666666667,0.12246221861146571,0.08166666666666667,0.22274236626354896,0.22833333333333333,0.050344960156613515,0.050344960156613515,1.0,0.38566666666666666,0.3030833333333333,0.08166666666666667,0.22958333333333333,0.13552930812508834,0.13552930812508834,1.0,0.3716303279770185,0.17710343342005944,0.16632270274615255,0.28494353585676946,0.0725393581684514,0.0725393581684514,1.0,0.3786484973218426,0.2400933833766964,0.1239946847064096,0.2572634345950514,0.0,0.0,1.0,0.3421626735798376,0.31263274154514786,0.12246221861146571,0.22274236626354896
87,0.06176162682328016,0.0,0.1547954151249854,96,182,0.0,0,0,80,0.3421626735798376,0.3883333333333333,0.31263274154514786,0.2866666666666667,0.12246221861146571,0.08666666666666667,0.22274236626354896,0.23833333333333334,0.050344960156613515,0.050344960156613515,1.0,0.38566666666666666,0.3030833333333333,0.08166666666666667,0.22958333333333333,0.13552930812508834,0.13552930812508834,1.0,0.3716303279770185,0.17710343342005944,0.16632270274615255,0.28494353585676946,0.0725393581684514,0.0725393581684514,1.0,0.3786484973218426,0.2400933833766964,0.1239946847064096,0.2572634345950514,0.0,0.0,1.0,0.3421626735798376,0.31263274154514786,0.12246221861146571,0.22274236626354896
88,0.03579555194479898,0.0,0.1547954151249854,80,183,0.0,0,0,80,0.3421626735798376,0.36,0.31263274154514786,0.315,0.12246221861146571,0.08666666666666667,0.22274236626354896,0.23833333333333334,0.050344960156613515,0.050344960156613515,1.0,0.38566666666666666,0.3030833333333333,0.08166666666666667,0.22958333333333333,0.13552930812508834,0.13552930812508834,1.0,0.3716303279770185,0.17710343342005944,0.16632270274615255,0.28494353585676946,0.0725393581684514,0.0725393581684514,1.0,0.3786484973218426,0.2400933833766964,0.1239946847064096,0.2572634345950514,0.0,0.0,1.0,0.3421626735798376,0.31263274154514786,0.12246221861146571,0.22274236626354896
89,0.0350949601566135,0.0,0.1547954151249854,76,185,0.0,0,0,80,0.3421626735798376,0.355,0.31263274154514786,0.305,0.12246221861146571,0.095,0.22274236626354896,0.245,0.050344960156613515,0.050344960156613515,1.0,0.38566666666666666,0.3030833333333333,0.08166666666666667,0.22958333333333333,0.13552930812508834,0.13552930812508834,1.0,0.3716303279770185,0.17710343342005944,0.16632270274615255,0.28494353585676946,0.0725393581684514,0.0725393581684514,1.0,0.3786484973218426,0.2400933833766964,0.1239946847064096,0.2572634345950514,0.0,0.0,1.0,0.3421626735798376,0.31263274154514786,0.12246221861146571,0.22274236626354896
90,0.053537918208347926,0.0,0.1547954151249854,103,185,0.0,0,1,90,0.3421626735798376,0.38666666666666666,0.31263274154514786,0.32166666666666666,0.12246221861146571,0.07166666666666667,0.22274236626354896,0.22,0.047844960156613506,0.047844960156613506,1.0,0.37766666666666665,0.3055,0.08175,0.23508333333333334,0.017851393438105892,0.017851393438105892,1.0,0.32616092954108494,0.32136120469590496,0.1206125692121124,0.2318652965508977,0.021280934005409452,0.021280934005409452,1.0,0.3519137981038758,0.3134306023479525,0.1011812846060562,0.2334743149421155,0.0,0.0,1.0,0.3421626735798376,0.31263274154514786,0.12246221861146571,0.22274236626354896
91,0.031871251541681266,0.0,0.1547954151249854,80,186,0.0,0,0,90,0.3421626735798376,0.37,0.31263274154514786,0.31666666666666665,0.12246221861146571,0.095,0.22274236626354896,0.21833333333333332,0.047844960156613506,0.047844960156613506,1.0,0.37766666666666665,0.3055,0.08175,0.23508333333333334,0.017851393438105892,0.017851393438105892,1.0,0.32616092954108494,0.32136120469590496,0.1206125692121124,0.2318652965508977,0.021280934005409452,0.021280934005409452,1.0,0.3519137981038758,0.3134306023479525,0.1011812846060562,0.2334743149421155,0.0,0.0,1.0,0.3421626735798376,0.31263274154514786,0.12246221861146571,0.22274236626354896
92,0.051761626823280164,0.0,0.1547954151249854,97,187,0.0,0,0,90,0.3421626735798376,0.385,0.31263274154514786,0.2966666666666667,0.12246221861146571,0.08666666666666667,0.22274236626354896,0.23166666666666666,0.047844960156613506,0.047844960156613506,1.0,0.37766666666666665,0.3055,0.08175,0.23508333333333334,0.017851393438105892,0.017851393438105892,1.0,0.32616092954108494,0.32136120469590496,0.1206125692121124,0.2318652965508977,0.021280934005409452,0.021280934005409452,1.0,0.3519137981038758,0.3134306023479525,0.1011812846060562,0.2334743149421155,0.0,0.0,1.0,0.3421626735798376,0.31263274154514786,0.12246221861146571,0.22274236626354896
93,0.039128885278132325,0.0,0.1547954151249854,96,188,0.0,0,0,90,0.3421626735798376,0.37833333333333335,0.31263274154514786,0.315,0.12246221861146571,0.08333333333333333,0.22274236626354896,0.22333333333333333,0.047844960156613506,0.047844960156613506,1.0,0.37766666666666665,0.3055,0.08175,0.23508333333333334,0.017851393438105892,0.017851393438105892,1.0,0.32616092954108494,0.32136120469590496,0.1206125692121124,0.2318652965508977,0.021280934005409452,0.021280934005409452,1.0,0.3519137981038758,0.3134306023479525,0.1011812846060562,0.2334743149421155,0.0,0.0,1.0,0.3421626735798376,0.31263274154514786,0.12246221861146571,0.22274236626354896
94,0.04842829348994684,0.0,0.1547954151249854,106,189,0.0,0,0,90,0.3421626735798376,0.385,0.31263274154514786,0.30833333333333335,0.12246221861146571,0.07833333333333334,0.22274236626354896,0.22833333333333333,0.047844960156613506,0.047844960156613506,1.0,0.37766666666666665,0.3055,0.08175,0.23508333333333334,0.017851393438105892,0.017851393438105892,1.0,0.32616092954108494,0.32136120469590496,0.1206125692121124,0.2318652965508977,0.021280934005409452,0.021280934005409452,1.0,0.3519137981038758,0.3134306023479525,0.1011812846060562,0.2334743149421155,0.0,0.0,1.0,0.3421626735798376,0.31263274154514786,0.12246221861146571,0.22274236626354896
95,0.043428293489946854,0.0,0.1547954151249854,92,191,0.0,0,0,90,0.3421626735798376,0.365,0.31263274154514786,0.31166666666666665,0.12246221861146571,0.08,0.22274236626354896,0.24333333333333335,0.047844960156613506,0.047844960156613506,1.0,0.37766666666666665,0.3055,0.08175,0.23508333333333334,0.017851393438105892,0.017851393438105892,1.0,0.32616092954108494,0.32136120469590496,0.1206125692121124,0.2318652965508977,0.021280934005409452,0.021280934005409452,1.0,0.3519137981038758,0.3134306023479525,0.1011812846060562,0.2334743149421155,0.0,0.0,1.0,0.3421626735798376,0.31263274154514786,0.12246221861146571,0.22274236626354896
96,0.03746221861146565,0.0,0.1547954151249854,90,192,0.0,0,0,90,0.3421626735798376,0.365,0.31263274154514786,0.31833333333333336,0.12246221861146571,0.085,0.22274236626354896,0.23166666666666666,0.047844960156613506,0.047844960156613506,1.0,0.37766666666666665,0.3055,0.08175,0.23508333333333334,0.017851393438105892,0.017851393438105892,1.0,0.32616092954108494,0.32136120469590496,0.1206125692121124,0.2318652965508977,0.021280934005409452,0.021280934005409452,1.0,0.3519137981038758,0.3134306023479525,0.1011812846060562,0.2334743149421155,0.0,0.0,1.0,0.3421626735798376,0.31263274154514786,0.12246221861146571,0.22274236626354896
97,0.04079555194479898,0.0,0.1547954151249854,94,193,0.0,0,0,90,0.3421626735798376,0.36666666666666664,0.31263274154514786,0.31333333333333335,0.12246221861146571,0.08166666666666667,0.22274236626354896,0.23833333333333334,0.047844960156613506,0.047844960156613506,1.0,0.37766666666666665,0.3055,0.08175,0.23508333333333334,0.017851393438105892,0.017851393438105892,1.0,0.32616092954108494,0.32136120469590496,0.1206125692121124,0.2318652965508977,0.021280934005409452,0.021280934005409452,1.0,0.3519137981038758,0.3134306023479525,0.1011812846060562,0.2334743149421155,0.0,0.0,1.0,0.3421626735798376,0.31263274154514786,0.12246221861146571,0.22274236626354896
98,0.04009496015661349,0.0,0.1547954151249854,87,194,0.0,0,0,90,0.3421626735798376,0.365,0.31263274154514786,0.30833333333333335,0.12246221861146571,0.08666666666666667,0.22274236626354896,0.24,0.047844960156613506,0.047844960156613506,1.0,0.37766666666666665,0.3055,0.08175,0.23508333333333334,0.017851393438105892,0.017851393438105892,1.0,0.32616092954108494,0.32136120469590496,0.1206125692121124,0.2318652965508977,0.021280934005409452,0.021280934005409452,1.0,0.3519137981038758,0.3134306023479525,0.1011812846060562,0.2334743149421155,0.0,0.0,1.0,0.3421626735798376,0.31263274154514786,0.12246221861146571,0.22274236626354896
99,0.030795551944798993,0.0,0.1547954151249854,87,194,0.0,0,0,90,0.3421626735798376,0.35333333333333333,0.31263274154514786,0.325,0.12246221861146571,0.09166666666666666,0.22274236626354896,0.23,0.047844960156613506,0.047844960156613506,1.0,0.37766666666666665,0.3055,0.08175,0.23508333333333334,0.017851393438105892,0.017851393438105892,1.0,0.32616092954108494,0.32136120469590496,0.1206125692121124,0.2318652965508977,0.021280934005409452,0.021280934005409452,1.0,0.3519137981038758,0.3134306023479525,0.1011812846060562,0.2334743149421155,0.0,0.0,1.0,0.3421626735798376,0.31263274154514786,0.12246221861146571,0.22274236626354896
100,0.047462218611465656,0.0,0.1547954151249854,90,169,0.0,0,1,100,0.3421626735798376,0.38333333333333336,0.31263274154514786,0.31666666666666665,0.12246221861146571,0.075,0.22274236626354896,0.225,0.04326162682328018,0.04326162682328018,1.0,0.37383333333333335,0.30833333333333335,0.0835,0.23433333333333334,0.022352012879771246,0.022352012879771246,0.0,0.33111332514569725,0.33430532203176216,0.12314165100462264,0.21143970181791805,0.019141393109154373,0.019141393109154373,1.0,0.3524733292395153,0.3213193276825478,0.10332082550231132,0.2228865175756257,0.0,0.0,1.0,0.3421626735798376,0.31263274154514786,0.12246221861146571,0.22274236626354896
101,0.03853791820834793,0.0,0.1547954151249854,88,167,0.0,0,0,100,0.3421626735798376,0.365,0.31263274154514786,0.3283333333333333,0.12246221861146571,0.09166666666666666,0.22274236626354896,0.215,0.04326162682328018,0.04326162682328018,1.0,0.37383333333333335,0.30833333333333335,0.0835,0.23433333333333334,0.022352012879771246,0.022352012879771246,0.0,0.33111332514569725,0.33430532203176216,0.12314165100462264,0.21143970181791805,0.019141393109154373,0.019141393109154373,1.0,0.3524733292395153,0.3213193276825478,0.10332082550231132,0.2228865175756257,0.0,0.0,1.0,0.3421626735798376,0.31263274154514786,0.12246221861146571,0.22274236626354896
102,0.04079555194479898,0.0,0.1547954151249854,86,165,0.0,0,0,100,0.3421626735798376,0.35833333333333334,0.31263274154514786,0.33166666666666667,0.12246221861146571,0.08166666666666667,0.22274236626354896,0.22833333333333333,0.04326162682328018,0.04326162682328018,1.0,0.37383333333333335,0.30833333333333335,0.0835,0.23433333333333334,0.022352012879771246,0.022352012879771246,0.0,0.33111332514569725,0.33430532203176216,0.12314165100462264,0.21143970181791805,0.019141393109154373,0.019141393109154373,1.0,0.3524733292395153,0.3213193276825478,0.10332082550231132,0.2228865175756257,0.0,0.0,1.0,0.3421626735798376,0.31263274154514786,0.12246221861146571,0.22274236626354896
103,0.040795551944798954,0.0,0.1547954151249854,85,164,0.0,0,0,100,0.3421626735798376,0.355,0.31263274154514786,0.3283333333333333,0.12246221861146571,0.08166666666666667,0.22274236626354896,0.235,0.04326162682328018,0.04326162682328018,1.0,0.37383333333333335,0.30833333333333335,0.0835,0.23433333333333334,0.022352012879771246,0.022352012879771246,0.0,0.33111332514569725,0.33430532203176216,0.12314165100462264,0.21143970181791805,0.019141393109154373,0.019141393109154373,1.0,0.3524733292395153,0.3213193276825478,0.10332082550231132,0.2228865175756257,0.0,0.0,1.0,0.3421626735798376,0.31263274154514786,0.12246221861146571,0.22274236626354896
104,0.05412888527813232,0.0,0.1547954151249854,83,162,0.0,0,0,100,0.3421626735798376,0.37666666666666665,0.31263274154514786,0.33,0.12246221861146571,0.06833333333333333,0.22274236626354896,0.225,0.04326162682328018,0.04326162682328018,1.0,0.37383333333333335,0.30833333333333335,0.0835,0.23433333333333334,0.022352012879771246,0.022352012879771246,0.0,0.33111332514569725,0.33430532203176216,0.12314165100462264,0.21143970181791805,0.019141393109154373,0.019141393109154373,1.0,0.3524733292395153,0.3213193276825478,0.10332082550231132,0.2228865175756257,0.0,0.0,1.0,0.3421626735798376,0.31263274154514786,0.12246221861146571,0.22274236626354896
105,0.056761626823280155,0.0,0.1547954151249854,76,160,0.0,0,0,100,0.3421626735798376,0.38166666666666665,0.31263274154514786,0.30833333333333335,0.12246221861146571,0.07,0.22274236626354896,0.24,0.04326162682328018,0.04326162682328018,1.0,0.37383333333333335,0.30833333333333335,0.0835,0.23433333333333334,0.022352012879771246,0.022352012879771246,0.0,0.33111332514569725,0.33430532203176216,0.12314165100462264,0.21143970181791805,0.019141393109154373,0.019141393109154373,1.0,0.3524733292395153,0.3213193276825478,0.10332082550231132,0.2228865175756257,0.0,0.0,1.0,0.3421626735798376,0.31263274154514786,0.12246221861146571,0.22274236626354896
106,0.03187125154168126,0.0,0.1547954151249854,78,158,0.0,0,0,100,0.3421626735798376,0.355,0.31263274154514786,0.33166666666666667,0.12246221861146571,0.09333333333333334,0.22274236626354896,0.22,0.04326162682328018,0.04326162682328018,1.0,0.37383333333333335,0.30833333333333335,0.0835,0.23433333333333334,0.022352012879771246,0.022352012879771246,0.0,0.33111332514569725,0.33430532203176216,0.12314165100462264,0.21143970181791805,0.019141393109154373,0.019141393109154373,1.0,0.3524733292395153,0.3213193276825478,0.10332082550231132,0.2228865175756257,0.0,0.0,1.0,0.3421626735798376,0.31263274154514786,0.12246221861146571,0.22274236626354896
107,0.0661706597534958,0.0,0.1547954151249854,95,154,0.0,0,0,100,0.3421626735798376,0.4083333333333333,0.31263274154514786,0.29833333333333334,0.12246221861146571,0.07666666666666666,0.22274236626354896,0.21666666666666667,0.04326162682328018,0.04326162682328018,1.0,0.37383333333333335,0.30833333333333335,0.0835,0.23433333333333334,0.022352012879771246,0.022352012879771246,0.0,0.33111332514569725,0.33430532203176216,0.12314165100462264,0.21143970181791805,0.019141393109154373,0.019141393109154373,1.0,0.3524733292395153,0.3213193276825478,0.10332082550231132,0.2228865175756257,0.0,0.0,1.0,0.3421626735798376,0.31263274154514786,0.12246221861146571,0.22274236626354896
108,0.04853791820834795,0.0,0.1547954151249854,86,152,0.0,0,0,100,0.3421626735798376,0.385,0.31263274154514786,0.31833333333333336,0.12246221861146571,0.085,0.22274236626354896,0.21166666666666667,0.04326162682328018,0.04326162682328018,1.0,0.37383333333333335,0.30833333333333335,0.0835,0.23433333333333334,0.022352012879771246,0.022352012879771246,0.0,0.33111332514569725,0.33430532203176216,0.12314165100462264,0.21143970181791805,0.019141393109154373,0.019141393109154373,1.0,0.3524733292395153,0.3213193276825478,0.10332082550231132,0.2228865175756257,0.0,0.0,1.0,0.3421626735798376,0.31263274154514786,0.12246221861146571,0.22274236626354896
109,0.04912888527813231,0.0,0.1547954151249854,87,150,0.0,0,0,100,0.3421626735798376,0.38166666666666665,0.31263274154514786,0.31333333333333335,0.12246221861146571,0.07333333333333333,0.22274236626354896,0.23166666666666666,0.04326162682328018,0.04326162682328018,1.0,0.37383333333333335,0.30833333333333335,0.0835,0.23433333333333334,0.022352012879771246,0.022352012879771246,0.0,0.33111332514569725,0.33430532203176216,0.12314165100462264,0.21143970181791805,0.019141393109154373,0.019141393109154373,1.0,0.3524733292395153,0.3213193276825478,0.10332082550231132,0.2228865175756257,0.0,0.0,1.0,0.3421626735798376,0.31263274154514786,0.12246221861146571,0.22274236626354896
110,0.05676162682328018,0.0,0.1547954151249854,100,147,0.0,0,1,110,0.3421626735798376,0.38333333333333336,0.31263274154514786,0.30833333333333335,0.12246221861146571,0.07,0.22274236626354896,0.23833333333333334,0.040712218611465664,0.040712218611465664,1.0,0.37333333333333335,0.31633333333333336,0.08175,0.22858333333333333,0.08087660063597843,0.08087660063597843,1.0,0.3803740341903941,0.2950033218794798,0.16512745863688758,0.15949518529323853,0.03566752088900426,0.03566752088900426,1.0,0.37685368376186373,0.3056683276064066,0.1234387293184438,0.19403925931328592,0.0,0.0,1.0,0.3421626735798376,0.31263274154514786,0.12246221861146571,0.22274236626354896
111,0.04912888527813233,0.0,0.1547954151249854,91,146,0.0,0,0,110,0.3421626735798376,0.385,0.31263274154514786,0.31333333333333335,0.12246221861146571,0.07333333333333333,0.22274236626354896,0.22833333333333333,0.040712218611465664,0.040712218611465664,1.0,0.37333333333333335,0.31633333333333336,0.08175,0.22858333333333333,0.08087660063597843,0.08087660063597843,1.0,0.3803740341903941,0.2950033218794798,0.16512745863688758,0.15949518529323853,0.03566752088900426,0.03566752088900426,1.0,0.37685368376186373,0.3056683276064066,0.1234387293184438,0.19403925931328592,0.0,0.0,1.0,0.3421626735798376,0.31263274154514786,0.12246221861146571,0.22274236626354896
112,0.05353791820834793,0.0,0.1547954151249854,97,145,0.0,0,0,110,0.3421626735798376,0.38666666666666666,0.31263274154514786,0.32166666666666666,0.12246221861146571,0.07666666666666666,0.22274236626354896,0.215,0.040712218611465664,0.040712218611465664,1.0,0.37333333333333335,0.31633333333333336,0.08175,0.22858333333333333,0.08087660063597843,0.08087660063597843,1.0,0.3803740341903941,0.2950033218794798,0.16512745863688758,0.15949518529323853,0.03566752088900426,0.03566752088900426,1.0,0.37685368376186373,0.3056683276064066,0.1234387293184438,0.19403925931328592,0.0,0.0,1.0,0.3421626735798376,0.31263274154514786,0.12246221861146571,0.22274236626354896
113,0.07187125154168128,0.0,0.1547954151249854,98,143,0.0,0,0,110,0.3421626735798376,0.4,0.31263274154514786,0.32666666666666666,0.12246221861146571,0.07166666666666667,0.22274236626354896,0.20166666666666666,0.040712218611465664,0.040712218611465664,1.0,0.37333333333333335,0.31633333333333336,0.08175,0.22858333333333333,0.08087660063597843,0.08087660063597843,1.0,0.3803740341903941,0.2950033218794798,0.16512745863688758,0.15949518529323853,0.03566752088900426,0.03566752088900426,1.0,0.37685368376186373,0.3056683276064066,0.1234387293184438,0.19403925931328592,0.0,0.0,1.0,0.3421626735798376,0.31263274154514786,0.12246221861146571,0.22274236626354896
114,0.055094960156613484,0.0,0.1547954151249854,94,144,0.0,0,0,110,0.3421626735798376,0.3933333333333333,0.31263274154514786,0.30833333333333335,0.12246221861146571,0.07166666666666667,0.22274236626354896,0.22666666666666666,0.040712218611465664,0.040712218611465664,1.0,0.37333333333333335,0.31633333333333336,0.08175,0.22858333333333333,0.08087660063597843,0.08087660063597843,1.0,0.3803740341903941,0.2950033218794798,0.16512745863688758,0.15949518529323853,0.03566752088900426,0.03566752088900426,1.0,0.37685368376186373,0.3056683276064066,0.1234387293184438,0.19403925931328592,0.0,0.0,1.0,0.3421626735798376,0.31263274154514786,0.12246221861146571,0.22274236626354896
115,0.04853791820834792,0.0,0.1547954151249854,86,145,0.0,0,0,110,0.3421626735798376,0.37,0.31263274154514786,0.3333333333333333,0.12246221861146571,0.08833333333333333,0.22274236626354896,0.20833333333333334,0.040712218611465664,0.040712218611465664,1.0,0.37333333333333335,0.31633333333333336,0.08175,0.22858333333333333,0.08087660063597843,0.08087660063597843,1.0,0.3803740341903941,0.2950033218794798,0.16512745863688758,0.15949518529323853,0.03566752088900426,0.03566752088900426,1.0,0.37685368376186373,0.3056683276064066,0.1234387293184438,0.19403925931328592,0.0,0.0,1.0,0.3421626735798376,0.31263274154514786,0.12246221861146571,0.22274236626354896
116,0.05687125154168127,0.0,0.1547954151249854,90,146,0.0,0,0,110,0.3421626735798376,0.36833333333333335,0.31263274154514786,0.3433333333333333,0.12246221861146571,0.09333333333333334,0.22274236626354896,0.195,0.040712218611465664,0.040712218611465664,1.0,0.37333333333333335,0.31633333333333336,0.08175,0.22858333333333333,0.08087660063597843,0.08087660063597843,1.0,0.3803740341903941,0.2950033218794798,0.16512745863688758,0.15949518529323853,0.03566752088900426,0.03566752088900426,1.0,0.37685368376186373,0.3056683276064066,0.1234387293184438,0.19403925931328592,0.0,0.0,1.0,0.3421626735798376,0.31263274154514786,0.12246221861146571,0.22274236626354896
117,0.05520458487501461,0.0,0.1547954151249854,103,147,0.0,0,0,110,0.3421626735798376,0.37333333333333335,0.31263274154514786,0.33666666666666667,0.12246221861146571,0.08166666666666667,0.22274236626354896,0.20833333333333334,0.040712218611465664,0.040712218611465664,1.0,0.37333333333333335,0.31633333333333336,0.08175,0.22858333333333333,0.08087660063597843,0.08087660063597843,1.0,0.3803740341903941,0.2950033218794798,0.16512745863688758,0.15949518529323853,0.03566752088900426,0.03566752088900426,1.0,0.37685368376186373,0.3056683276064066,0.1234387293184438,0.19403925931328592,0.0,0.0,1.0,0.3421626735798376,0.31263274154514786,0.12246221861146571,0.22274236626354896
118,0.06187125154168127,0.0,0.1547954151249854,88,144,0.0,0,0,110,0.3421626735798376,0.395,0.31263274154514786,0.32166666666666666,0.12246221861146571,0.08333333333333333,0.22274236626354896,0.2,0.040712218611465664,0.040712218611465664,1.0,0.37333333333333335,0.31633333333333336,0.08175,0.22858333333333333,0.08087660063597843,0.08087660063597843,1.0,0.3803740341903941,0.2950033218794798,0.16512745863688758,0.15949518529323853,0.03566752088900426,0.03566752088900426,1.0,0.37685368376186373,0.3056683276064066,0.1234387293184438,0.19403925931328592,0.0,0.0,1.0,0.3421626735798376,0.31263274154514786,0.12246221861146571,0.22274236626354896
119,0.0511706597534958,0.0,0.1547954151249854,93,143,0.0,0,0,110,0.3421626735798376,0.3933333333333333,0.31263274154514786,0.31166666666666665,0.12246221861146571,0.08,0.22274236626354896,0.215,0.040712218611465664,0.040712218611465664,1.0,0.37333333333333335,0.31633333333333336,0.08175,0.22858333333333333,0.08087660063597843,0.08087660063597843,1.0,0.3803740341903941,0.2950033218794798,0.16512745863688758,0.15949518529323853,0.03566752088900426,0.03566752088900426,1.0,0.37685368376186373,0.3056683276064066,0.1234387293184438,0.19403925931328592,0.0,0.0,1.0,0.3421626735798376,0.31263274154514786,0.12246221861146571,0.22274236626354896
120,0.05520458487501461,0.0,0.1547954151249854,94,143,0.0,0,1,120,0.3421626735798376,0.39,0.31263274154514786,0.32,0.12246221861146571,0.07,0.22274236626354896,0.22,0.04712125154168125,0.04712125154168125,1.0,0.38025,0.32166666666666666,0.07908333333333334,0.219,0.12433257291274166,0.12433257291274166,0.0,0.22970767353034952,0.37725657971314797,0.18217095335620725,0.21086479340029537,0.044993806378064084,0.044993806378064084,0.0,0.30497883676517473,0.3494616231899073,0.1306271433447703,0.2149323967001477,0.0,0.0,1.0,0.3421626735798376,0.31263274154514786,0.12246221861146571,0.22274236626354896
121,0.07853791820834793,0.0,0.1547954151249854,95,143,0.0,0,0,120,0.3421626735798376,0.4,0.31263274154514786,0.3333333333333333,0.12246221861146571,0.058333333333333334,0.22274236626354896,0.20833333333333334,0.04712125154168125,0.04712125154168125,1.0,0.38025,0.32166666666666666,0.07908333333333334,0.219,0.12433257291274166,0.12433257291274166,0.0,0.22970767353034952,0.37725657971314797,0.18217095335620725,0.21086479340029537,0.044993806378064084,0.044993806378064084,0.0,0.30497883676517473,0.3494616231899073,0.1306271433447703,0.2149323967001477,0.0,0.0,1.0,0.3421626735798376,0.31263274154514786,0.12246221861146571,0.22274236626354896
122,0.050204584875014606,0.0,0.1547954151249854,96,145,0.0,0,0,120,0.3421626735798376,0.385,0.31263274154514786,0.32,0.12246221861146571,0.07333333333333333,0.22274236626354896,0.22166666666666668,0.04712125154168125,0.04712125154168125,1.0,0.38025,0.32166666666666666,0.07908333333333334,0.219,0.12433257291274166,0.12433257291274166,0.0,0.22970767353034952,0.37725657971314797,0.18217095335620725,0.21086479340029537,0.044993806378064084,0.044993806378064084,0.0,0.30497883676517473,0.3494616231899073,0.1306271433447703,0.2149323967001477,0.0,0.0,1.0,0.3421626735798376,0.31263274154514786,0.12246221861146571,0.22274236626354896
123,0.08353791820834794,0.0,0.1547954151249854,119,143,0.0,0,0,120,0.3421626735798376,0.39666666666666667,0.31263274154514786,0.3416666666666667,0.12246221861146571,0.058333333333333334,0.22274236626354896,0.20333333333333334,0.04712125154168125,0.04712125154168125,1.0,0.38025,0.32166666666666666,0.07908333333333334,0.219,0.12433257291274166,0.12433257291274166,0.0,0.22970767353034952,0.37725657971314797,0.18217095335620725,0.21086479340029537,0.044993806378064084,0.044993806378064084,0.0,0.30497883676517473,0.3494616231899073,0.1306271433447703,0.2149323967001477,0.0,0.0,1.0,0.3421626735798376,0.31263274154514786,0.12246221861146571,0.22274236626354896
124,0.06853791820834794,0.0,0.1547954151249854,95,146,0.0,0,0,120,0.3421626735798376,0.4083333333333333,0.31263274154514786,0.315,0.12246221861146571,0.06666666666666667,0.22274236626354896,0.21,0.04712125154168125,0.04712125154168125,1.0,0.38025,0.32166666666666666,0.07908333333333334,0.219,0.12433257291274166,0.12433257291274166,0.0,0.22970767353034952,0.37725657971314797,0.18217095335620725,0.21086479340029537,0.044993806378064084,0.044993806378064084,0.0,0.30497883676517473,0.3494616231899073,0.1306271433447703,0.2149323967001477,0.0,0.0,1.0,0.3421626735798376,0.31263274154514786,0.12246221861146571,0.22274236626354896
125,0.06353791820834793,0.0,0.1547954151249854,86,144,0.0,0,0,120,0.3421626735798376,0.38166666666666665,0.31263274154514786,0.33666666666666667,0.12246221861146571,0.06333333333333334,0.22274236626354896,0.21833333333333332,0.04712125154168125,0.04712125154168125,1.0,0.38025,0.32166666666666666,0.07908333333333334,0.219,0.12433257291274166,0.12433257291274166,0.0,0.22970767353034952,0.37725657971314797,0.18217095335620725,0.21086479340029537,0.044993806378064084,0.044993806378064084,0.0,0.30497883676517473,0.3494616231899073,0.1306271433447703,0.2149323967001477,0.0,0.0,1.0,0.3421626735798376,0.31263274154514786,0.12246221861146571,0.22274236626354896
126,0.08020458487501461,0.0,0.1547954151249854,89,142,0.0,0,0,120,0.3421626735798376,0.405,0.31263274154514786,0.33,0.12246221861146571,0.07333333333333333,0.22274236626354896,0.19166666666666668,0.04712125154168125,0.04712125154168125,1.0,0.38025,0.32166666666666666,0.07908333333333334,0.219,0.12433257291274166,0.12433257291274166,0.0,0.22970767353034952,0.37725657971314797,0.18217095335620725,0.21086479340029537,0.044993806378064084,0.044993806378064084,0.0,0.30497883676517473,0.3494616231899073,0.1306271433447703,0.2149323967001477,0.0,0.0,1.0,0.3421626735798376,0.31263274154514786,0.12246221861146571,0.22274236626354896
127,0.07020458487501459,0.0,0.1547954151249854,98,141,0.0,0,0,120,0.3421626735798376,0.40166666666666667,0.31263274154514786,0.3233333333333333,0.12246221861146571,0.06666666666666667,0.22274236626354896,0.20833333333333334,0.04712125154168125,0.04712125154168125,1.0,0.38025,0.32166666666666666,0.07908333333333334,0.219,0.12433257291274166,0.12433257291274166,0.0,0.22970767353034952,0.37725657971314797,0.18217095335620725,0.21086479340029537,0.044993806378064084,0.044993806378064084,0.0,0.30497883676517473,0.3494616231899073,0.1306271433447703,0.2149323967001477,0.0,0.0,1.0,0.3421626735798376,0.31263274154514786,0.12246221861146571,0.22274236626354896
128,0.07353791820834793,0.0,0.1547954151249854,97,141,0.0,0,0,120,0.3421626735798376,0.41,0.31263274154514786,0.31833333333333336,0.12246221861146571,0.06833333333333333,0.22274236626354896,0.20333333333333334,0.04712125154168125,0.04712125154168125,1.0,0.38025,0.32166666666666666,0.07908333333333334,0.219,0.12433257291274166,0.12433257291274166,0.0,0.22970767353034952,0.37725657971314797,0.18217095335620725,0.21086479340029537,0.044993806378064084,0.044993806378064084,0.0,0.30497883676517473,0.3494616231899073,0.1306271433447703,0.2149323967001477,0.0,0.0,1.0,0.3421626735798376,0.31263274154514786,0.12246221861146571,0.22274236626354896
129,0.08187125154168128,0.0,0.1547954151249854,84,144,0.0,0,0,120,0.3421626735798376,0.4166666666666667,0.31263274154514786,0.32,0.12246221861146571,0.06333333333333334,0.22274236626354896,0.2,0.04712125154168125,0.04712125154168125,1.0,0.38025,0.32166666666666666,0.07908333333333334,0.219,0.12433257291274166,0.12433257291274166,0.0,0.22970767353034952,0.37725657971314797,0.18217095335620725,0.21086479340029537,0.044993806378064084,0.044993806378064084,0.0,0.30497883676517473,0.3494616231899073,0.1306271433447703,0.2149323967001477,0.0,0.0,1.0,0.3421626735798376,0.31263274154514786,0.12246221861146571,0.22274236626354896
130,0.06950399308682914,0.0,0.1547954151249854,103,143,0.0,0,1,130,0.3421626735798376,0.4116666666666667,0.31263274154514786,0.30833333333333335,0.12246221861146571,0.07,0.22274236626354896,0.21,0.0629545848750146,0.0629545848750146,1.0,0.39358333333333334,0.32416666666666666,0.07258333333333333,0.20966666666666667,0.11645196659827271,0.11645196659827271,0.0,0.2837459638636347,0.3373743759825231,0.0644269617293958,0.31445269842444634,0.05745509606145466,0.05745509606145466,1.0,0.338664648598484,0.3307705213245949,0.06850514753136457,0.2620596825455565,0.0,0.0,1.0,0.3421626735798376,0.31263274154514786,0.12246221861146571,0.22274236626354896
131,0.06520458487501461,0.0,0.1547954151249854,104,142,0.0,0,0,130,0.3421626735798376,0.39,0.31263274154514786,0.33,0.12246221861146571,0.06333333333333334,0.22274236626354896,0.21666666666666667,0.0629545848750146,0.0629545848750146,1.0,0.39358333333333334,0.32416666666666666,0.07258333333333333,0.20966666666666667,0.11645196659827271,0.11645196659827271,0.0,0.2837459638636347,0.3373743759825231,0.0644269617293958,0.31445269842444634,0.05745509606145466,0.05745509606145466,1.0,0.338664648598484,0.3307705213245949,0.06850514753136457,0.2620596825455565,0.0,0.0,1.0,0.3421626735798376,0.31263274154514786,0.12246221861146571,0.22274236626354896
132,0.07520458487501462,0.0,0.1547954151249854,85,141,0.0,0,0,130,0.3421626735798376,0.4,0.31263274154514786,0.33,0.12246221861146571,0.06833333333333333,0.22274236626354896,0.20166666666666666,0.0629545848750146,0.0629545848750146,1.0,0.39358333333333334,0.32416666666666666,0.07258333333333333,0.20966666666666667,0.11645196659827271,0.11645196659827271,0.0,0.2837459638636347,0.3373743759825231,0.0644269617293958,0.31445269842444634,0.05745509606145466,0.05745509606145466,1.0,0.338664648598484,0.3307705213245949,0.06850514753136457,0.2620596825455565,0.0,0.0,1.0,0.3421626735798376,0.31263274154514786,0.12246221861146571,0.22274236626354896
133,0.06187125154168128,0.0,0.1547954151249854,90,138,0.0,0,0,130,0.3421626735798376,0.38666666666666666,0.31263274154514786,0.33,0.12246221861146571,0.06833333333333333,0.22274236626354896,0.215,0.0629545848750146,0.0629545848750146,1.0,0.39358333333333334,0.32416666666666666,0.07258333333333333,0.20966666666666667,0.11645196659827271,0.11645196659827271,0.0,0.2837459638636347,0.3373743759825231,0.0644269617293958,0.31445269842444634,0.05745509606145466,0.05745509606145466,1.0,0.338664648598484,0.3307705213245949,0.06850514753136457,0.2620596825455565,0.0,0.0,1.0,0.3421626735798376,0.31263274154514786,0.12246221861146571,0.22274236626354896
134,0.05783732642016248,0.0,0.1547954151249854,86,138,0.0,0,0,130,0.3421626735798376,0.4,0.31263274154514786,0.31166666666666665,0.12246221861146571,0.07166666666666667,0.22274236626354896,0.21666666666666667,0.0629545848750146,0.0629545848750146,1.0,0.39358333333333334,0.32416666666666666,0.07258333333333333,0.20966666666666667,0.11645196659827271,0.11645196659827271,0.0,0.2837459638636347,0.3373743759825231,0.0644269617293958,0.31445269842444634,0.05745509606145466,0.05745509606145466,1.0,0.338664648598484,0.3307705213245949,0.06850514753136457,0.2620596825455565,0.0,0.0,1.0,0.3421626735798376,0.31263274154514786,0.12246221861146571,0.22274236626354896
135,0.06020458487501462,0.0,0.1547954151249854,82,138,0.0,0,0,130,0.3421626735798376,0.385,0.31263274154514786,0.33,0.12246221861146571,0.075,0.22274236626354896,0.21,0.0629545848750146,0.0629545848750146,1.0,0.39358333333333334,0.32416666666666666,0.07258333333333333,0.20966666666666667,0.11645196659827271,0.11645196659827271,0.0,0.2837459638636347,0.3373743759825231,0.0644269617293958,0.31445269842444634,0.05745509606145466,0.05745509606145466,1.0,0.338664648598484,0.3307705213245949,0.06850514753136457,0.2620596825455565,0.0,0.0,1.0,0.3421626735798376,0.31263274154514786,0.12246221861146571,0.22274236626354896
136,0.06687125154168128,0.0,0.1547954151249854,72,136,0.0,0,0,130,0.3421626735798376,0.395,0.31263274154514786,0.32666666666666666,0.12246221861146571,0.06666666666666667,0.22274236626354896,0.21166666666666667,0.0629545848750146,0.0629545848750146,1.0,0.39358333333333334,0.32416666666666666,0.07258333333333333,0.20966666666666667,0.11645196659827271,0.11645196659827271,0.0,0.2837459638636347,0.3373743759825231,0.0644269617293958,0.31445269842444634,0.05745509606145466,0.05745509606145466,1.0,0.338664648598484,0.3307705213245949,0.06850514753136457,0.2620596825455565,0.0,0.0,1.0,0.3421626735798376,0.31263274154514786,0.12246221861146571,0.22274236626354896
137,0.06079555194479898,0.0,0.1547954151249854,80,135,0.0,0,0,130,0.3421626735798376,0.38,0.31263274154514786,0.32666666666666666,0.12246221861146571,0.06166666666666667,0.22274236626354896,0.23166666666666666,0.0629545848750146,0.0629545848750146,1.0,0.39358333333333334,0.32416666666666666,0.07258333333333333,0.20966666666666667,0.11645196659827271,0.11645196659827271,0.0,0.2837459638636347,0.3373743759825231,0.0644269617293958,0.31445269842444634,0.05745509606145466,0.05745509606145466,1.0,0.338664648598484,0.3307705213245949,0.06850514753136457,0.2620596825455565,0.0,0.0,1.0,0.3421626735798376,0.31263274154514786,0.12246221861146571,0.22274236626354896
138,0.0802045848750146,0.0,0.1547954151249854,97,136,0.0,0,0,130,0.3421626735798376,0.39166666666666666,0.31263274154514786,0.3433333333333333,0.12246221861146571,0.06333333333333334,0.22274236626354896,0.20166666666666666,0.0629545848750146,0.0629545848750146,1.0,0.39358333333333334,0.32416666666666666,0.07258333333333333,0.20966666666666667,0.11645196659827271,0.11645196659827271,0.0,0.2837459638636347,0.3373743759825231,0.0644269617293958,0.31445269842444634,0.05745509606145466,0.05745509606145466,1.0,0.338664648598484,0.3307705213245949,0.06850514753136457,0.2620596825455565,0.0,0.0,1.0,0.3421626735798376,0.31263274154514786,0.12246221861146571,0.22274236626354896
139,0.05520458487501458,0.0,0.1547954151249854,88,138,0.0,0,0,130,0.3421626735798376,0.3933333333333333,0.31263274154514786,0.31666666666666665,0.12246221861146571,0.07833333333333334,0.22274236626354896,0.21166666666666667,0.0629545848750146,0.0629545848750146,1.0,0.39358333333333334,0.32416666666666666,0.07258333333333333,0.20966666666666667,0.11645196659827271,0.11645196659827271,0.0,0.2837459638636347,0.3373743759825231,0.0644269617293958,0.31445269842444634,0.05745509606145466,0.05745509606145466,1.0,0.338664648598484,0.3307705213245949,0.06850514753136457,0.2620596825455565,0.0,0.0,1.0,0.3421626735798376,0.31263274154514786,0.12246221861146571,0.22274236626354896
140,0.06912888527813231,0.0,0.1547954151249854,105,139,0.0,0,1,140,0.3421626735798376,0.3883333333333333,0.31263274154514786,0.335,0.12246221861146571,0.05333333333333334,0.22274236626354896,0.22333333333333333,0.06787125154168125,0.06787125154168125,1.0,0.3963333333333333,0.3263333333333333,0.06658333333333333,0.21075,0.11205581670468935,0.11205581670468935,1.0,0.39190684654474506,0.3749443852849297,0.05068637635389415,0.1824623918164311,0.08996353412318532,0.08996353412318532,1.0,0.3941200899390392,0.3506388593091315,0.058634854843613735,0.19660619590821554,0.0,0.0,1.0,0.3421626735798376,0.31263274154514786,0.12246221861146571,0.22274236626354896
141,0.0561706597534958,0.0,0.1547954151249854,100,140,0.0,0,0,140,0.3421626735798376,0.3983333333333333,0.31263274154514786,0.31166666666666665,0.12246221861146571,0.07,0.22274236626354896,0.22,0.06787125154168125,0.06787125154168125,1.0,0.3963333333333333,0.3263333333333333,0.06658333333333333,0.21075,0.11205581670468935,0.11205581670468935,1.0,0.39190684654474506,0.3749443852849297,0.05068637635389415,0.1824623918164311,0.08996353412318532,0.08996353412318532,1.0,0.3941200899390392,0.3506388593091315,0.058634854843613735,0.19660619590821554,0.0,0.0,1.0,0.3421626735798376,0.31263274154514786,0.12246221861146571,0.22274236626354896
142,0.061871251541681244,0.0,0.1547954151249854,91,140,0.0,0,0,140,0.3421626735798376,0.3933333333333333,0.31263274154514786,0.3233333333333333,0.12246221861146571,0.06333333333333334,0.22274236626354896,0.22,0.06787125154168125,0.06787125154168125,1.0,0.3963333333333333,0.3263333333333333,0.06658333333333333,0.21075,0.11205581670468935,0.11205581670468935,1.0,0.39190684654474506,0.3749443852849297,0.05068637635389415,0.1824623918164311,0.08996353412318532,0.08996353412318532,1.0,0.3941200899390392,0.3506388593091315,0.058634854843613735,0.19660619590821554,0.0,0.0,1.0,0.3421626735798376,0.31263274154514786,0.12246221861146571,0.22274236626354896
143,0.06353791820834792,0.0,0.1547954151249854,102,139,0.0,0,0,140,0.3421626735798376,0.37666666666666665,0.31263274154514786,0.3416666666666667,0.12246221861146571,0.08166666666666667,0.22274236626354896,0.2,0.06787125154168125,0.06787125154168125,1.0,0.3963333333333333,0.3263333333333333,0.06658333333333333,0.21075,0.11205581670468935,0.11205581670468935,1.0,0.39190684654474506,0.3749443852849297,0.05068637635389415,0.1824623918164311,0.08996353412318532,0.08996353412318532,1.0,0.3941200899390392,0.3506388593091315,0.058634854843613735,0.19660619590821554,0.0,0.0,1.0,0.3421626735798376,0.31263274154514786,0.12246221861146571,0.22274236626354896
144,0.0802045848750146,0.0,0.1547954151249854,88,138,0.0,0,0,140,0.3421626735798376,0.42,0.31263274154514786,0.315,0.12246221861146571,0.058333333333333334,0.22274236626354896,0.20666666666666667,0.06787125154168125,0.06787125154168125,1.0,0.3963333333333333,0.3263333333333333,0.06658333333333333,0.21075,0.11205581670468935,0.11205581670468935,1.0,0.39190684654474506,0.3749443852849297,0.05068637635389415,0.1824623918164311,0.08996353412318532,0.08996353412318532,1.0,0.3941200899390392,0.3506388593091315,0.058634854843613735,0.19660619590821554,0.0,0.0,1.0,0.3421626735798376,0.31263274154514786,0.12246221861146571,0.22274236626354896
145,0.0702045848750146,0.0,0.1547954151249854,89,140,0.0,0,0,140,0.3421626735798376,0.40166666666666667,0.31263274154514786,0.3233333333333333,0.12246221861146571,0.06833333333333333,0.22274236626354896,0.20666666666666667,0.06787125154168125,0.06787125154168125,1.0,0.3963333333333333,0.3263333333333333,0.06658333333333333,0.21075,0.11205581670468935,0.11205581670468935,1.0,0.39190684654474506,0.3749443852849297,0.05068637635389415,0.1824623918164311,0.08996353412318532,0.08996353412318532,1.0,0.3941200899390392,0.3506388593091315,0.058634854843613735,0.19660619590821554,0.0,0.0,1.0,0.3421626735798376,0.31263274154514786,0.12246221861146571,0.22274236626354896
146,0.050094960156613515,0.0,0.1547954151249854,95,137,0.0,0,0,140,0.3421626735798376,0.38,0.31263274154514786,0.31166666666666665,0.12246221861146571,0.07333333333333333,0.22274236626354896,0.235,0.06787125154168125,0.06787125154168125,1.0,0.3963333333333333,0.3263333333333333,0.06658333333333333,0.21075,0.11205581670468935,0.11205581670468935,1.0,0.39190684654474506,0.3749443852849297,0.05068637635389415,0.1824623918164311,0.08996353412318532,0.08996353412318532,1.0,0.3941200899390392,0.3506388593091315,0.058634854843613735,0.19660619590821554,0.0,0.0,1.0,0.3421626735798376,0.31263274154514786,0.12246221861146571,0.22274236626354896
147,0.07020458487501463,0.0,0.1547954151249854,94,136,0.0,0,0,140,0.3421626735798376,0.405,0.31263274154514786,0.32,0.12246221861146571,0.07333333333333333,0.22274236626354896,0.20166666666666666,0.06787125154168125,0.06787125154168125,1.0,0.3963333333333333,0.3263333333333333,0.06658333333333333,0.21075,0.11205581670468935,0.11205581670468935,1.0,0.39190684654474506,0.3749443852849297,0.05068637635389415,0.1824623918164311,0.08996353412318532,0.08996353412318532,1.0,0.3941200899390392,0.3506388593091315,0.058634854843613735,0.19660619590821554,0.0,0.0,1.0,0.3421626735798376,0.31263274154514786,0.12246221861146571,0.22274236626354896
148,0.07520458487501461,0.0,0.1547954151249854,93,136,0.0,0,0,140,0.3421626735798376,0.4066666666666667,0.31263274154514786,0.3233333333333333,0.12246221861146571,0.06,0.22274236626354896,0.21,0.06787125154168125,0.06787125154168125,1.0,0.3963333333333333,0.3263333333333333,0.06658333333333333,0.21075,0.11205581670468935,0.11205581670468935,1.0,0.39190684654474506,0.3749443852849297,0.05068637635389415,0.1824623918164311,0.08996353412318532,0.08996353412318532,1.0,0.3941200899390392,0.3506388593091315,0.058634854843613735,0.19660619590821554,0.0,0.0,1.0,0.3421626735798376,0.31263274154514786,0.12246221861146571,0.22274236626354896
149,0.0702045848750146,0.0,0.1547954151249854,87,139,0.0,0,0,140,0.3421626735798376,0.41,0.31263274154514786,0.315,0.12246221861146571,0.07,0.22274236626354896,0.205,0.06787125154168125,0.06787125154168125,1.0,0.3963333333333333,0.3263333333333333,0.06658333333333333,0.21075,0.11205581670468935,0.11205581670468935,1.0,0.39190684654474506,0.3749443852849297,0.05068637635389415,0.1824623918164311,0.08996353412318532,0.08996353412318532,1.0,0.3941200899390392,0.3506388593091315,0.058634854843613735,0.19660619590821554,0.0,0.0,1.0,0.3421626735798376,0.31263274154514786,0.12246221861146571,0.22274236626354896
150,0.060204584875014615,0.0,0.1547954151249854,90,138,0.0,0,1,150,0.3421626735798376,0.39,0.31263274154514786,0.325,0.12246221861146571,0.07333333333333333,0.22274236626354896,0.21166666666666667,0.06428791820834795,0.06428791820834795,1.0,0.39458333333333334,0.3245,0.06808333333333333,0.21283333333333335,0.08105367909394648,0.08105367909394648,1.0,0.3943304229842046,0.27173107089417076,0.08231021016849623,0.2516282959531283,0.06178265295861333,0.06178265295861333,1.0,0.39445687815876895,0.29811553544708536,0.07519677175091477,0.2322308146432308,0.0,0.0,1.0,0.3421626735798376,0.31263274154514786,0.12246221861146571,0.22274236626354896
151,0.060204584875014615,0.0,0.1547954151249854,92,137,0.0,0,0,150,0.3421626735798376,0.39,0.31263274154514786,0.325,0.12246221861146571,0.07,0.22274236626354896,0.215,0.06428791820834795,0.06428791820834795,1.0,0.39458333333333334,0.3245,0.06808333333333333,0.21283333333333335,0.08105367909394648,0.08105367909394648,1.0,0.3943304229842046,0.27173107089417076,0.08231021016849623,0.2516282959531283,0.06178265295861333,0.06178265295861333,1.0,0.39445687815876895,0.29811553544708536,0.07519677175091477,0.2322308146432308,0.0,0.0,1.0,0.3421626735798376,0.31263274154514786,0.12246221861146571,0.22274236626354896
152,0.052462218611465626,0.0,0.1547954151249854,101,140,0.0,0,0,150,0.3421626735798376,0.38166666666666665,0.31263274154514786,0.3233333333333333,0.12246221861146571,0.07,0.22274236626354896,0.225,0.06428791820834795,0.06428791820834795,1.0,0.39458333333333334,0.3245,0.06808333333333333,0.21283333333333335,0.08105367909394648,0.08105367909394648,1.0,0.3943304229842046,0.27173107089417076,0.08231021016849623,0.2516282959531283,0.06178265295861333,0.06178265295861333,1.0,0.39445687815876895,0.29811553544708536,0.07519677175091477,0.2322308146432308,0.0,0.0,1.0,0.3421626735798376,0.31263274154514786,0.12246221861146571,0.22274236626354896
153,0.0641288852781323,0.0,0.1547954151249854,101,139,0.0,0,0,150,0.3421626735798376,0.3883333333333333,0.31263274154514786,0.33,0.12246221861146571,0.058333333333333334,0.22274236626354896,0.22333333333333333,0.06428791820834795,0.06428791820834795,1.0,0.39458333333333334,0.3245,0.06808333333333333,0.21283333333333335,0.08105367909394648,0.08105367909394648,1.0,0.3943304229842046,0.27173107089417076,0.08231021016849623,0.2516282959531283,0.06178265295861333,0.06178265295861333,1.0,0.39445687815876895,0.29811553544708536,0.07519677175091477,0.2322308146432308,0.0,0.0,1.0,0.3421626735798376,0.31263274154514786,0.12246221861146571,0.22274236626354896
154,0.05283732642016247,0.0,0.1547954151249854,109,140,0.0,0,0,150,0.3421626735798376,0.395,0.31263274154514786,0.31,0.12246221861146571,0.07333333333333333,0.22274236626354896,0.22166666666666668,0.06428791820834795,0.06428791820834795,1.0,0.39458333333333334,0.3245,0.06808333333333333,0.21283333333333335,0.08105367909394648,0.08105367909394648,1.0,0.3943304229842046,0.27173107089417076,0.08231021016849623,0.2516282959531283,0.06178265295861333,0.06178265295861333,1.0,0.39445687815876895,0.29811553544708536,0.07519677175091477,0.2322308146432308,0.0,0.0,1.0,0.3421626735798376,0.31263274154514786,0.12246221861146571,0.22274236626354896
155,0.07676162682328017,0.0,0.1547954151249854,96,139,0.0,0,0,150,0.3421626735798376,0.41833333333333333,0.31263274154514786,0.2966666666666667,0.12246221861146571,0.06166666666666667,0.22274236626354896,0.22333333333333333,0.06428791820834795,0.06428791820834795,1.0,0.39458333333333334,0.3245,0.06808333333333333,0.21283333333333335,0.08105367909394648,0.08105367909394648,1.0,0.3943304229842046,0.27173107089417076,0.08231021016849623,0.2516282959531283,0.06178265295861333,0.06178265295861333,1.0,0.39445687815876895,0.29811553544708536,0.07519677175091477,0.2322308146432308,0.0,0.0,1.0,0.3421626735798376,0.31263274154514786,0.12246221861146571,0.22274236626354896
156,0.04187125154168126,0.0,0.1547954151249854,88,139,0.0,0,0,150,0.3421626735798376,0.35333333333333333,0.31263274154514786,0.3433333333333333,0.12246221861146571,0.08166666666666667,0.22274236626354896,0.22166666666666668,0.06428791820834795,0.06428791820834795,1.0,0.39458333333333334,0.3245,0.06808333333333333,0.21283333333333335,0.08105367909394648,0.08105367909394648,1.0,0.3943304229842046,0.27173107089417076,0.08231021016849623,0.2516282959531283,0.06178265295861333,0.06178265295861333,1.0,0.39445687815876895,0.29811553544708536,0.07519677175091477,0.2322308146432308,0.0,0.0,1.0,0.3421626735798376,0.31263274154514786,0.12246221861146571,0.22274236626354896
157,0.05687125154168124,0.0,0.1547954151249854,88,140,0.0,0,0,150,0.3421626735798376,0.3883333333333333,0.31263274154514786,0.3233333333333333,0.12246221861146571,0.07166666666666667,0.22274236626354896,0.21666666666666667,0.06428791820834795,0.06428791820834795,1.0,0.39458333333333334,0.3245,0.06808333333333333,0.21283333333333335,0.08105367909394648,0.08105367909394648,1.0,0.3943304229842046,0.27173107089417076,0.08231021016849623,0.2516282959531283,0.06178265295861333,0.06178265295861333,1.0,0.39445687815876895,0.29811553544708536,0.07519677175091477,0.2322308146432308,0.0,0.0,1.0,0.3421626735798376,0.31263274154514786,0.12246221861146571,0.22274236626354896
158,0.04842829348994686,0.0,0.1547954151249854,94,140,0.0,0,0,150,0.3421626735798376,0.39,0.31263274154514786,0.30666666666666664,0.12246221861146571,0.08,0.22274236626354896,0.22333333333333333,0.06428791820834795,0.06428791820834795,1.0,0.39458333333333334,0.3245,0.06808333333333333,0.21283333333333335,0.08105367909394648,0.08105367909394648,1.0,0.3943304229842046,0.27173107089417076,0.08231021016849623,0.2516282959531283,0.06178265295861333,0.06178265295861333,1.0,0.39445687815876895,0.29811553544708536,0.07519677175091477,0.2322308146432308,0.0,0.0,1.0,0.3421626735798376,0.31263274154514786,0.12246221861146571,0.22274236626354896
159,0.06509496015661351,0.0,0.1547954151249854,90,142,0.0,0,0,150,0.3421626735798376,0.40166666666666667,0.31263274154514786,0.30833333333333335,0.12246221861146571,0.06166666666666667,0.22274236626354896,0.22833333333333333,0.06428791820834795,0.06428791820834795,1.0,0.39458333333333334,0.3245,0.06808333333333333,0.21283333333333335,0.08105367909394648,0.08105367909394648,1.0,0.3943304229842046,0.27173107089417076,0.08231021016849623,0.2516282959531283,0.06178265295861333,0.06178265295861333,1.0,0.39445687815876895,0.29811553544708536,0.07519677175091477,0.2322308146432308,0.0,0.0,1.0,0.3421626735798376,0.31263274154514786,0.12246221861146571,0.22274236626354896
160,0.07187125154168128,0.0,0.1547954151249854,100,142,0.0,0,1,160,0.3421626735798376,0.39,0.31263274154514786,0.33666666666666667,0.12246221861146571,0.06,0.22274236626354896,0.21333333333333335,0.05978791820834794,0.05978791820834794,1.0,0.3939166666666667,0.32066666666666666,0.069,0.21641666666666667,0.07017189430281476,0.07017189430281476,1.0,0.3600446565577244,0.24246084724233308,0.1589966240652592,0.23849787213468343,0.039532891169484094,0.039532891169484094,1.0,0.37698066161219557,0.28156375695449987,0.1139983120326296,0.22745726940067507,0.0,0.0,1.0,0.3421626735798376,0.31263274154514786,0.12246221861146571,0.22274236626354896
161,0.07020458487501459,0.0,0.1547954151249854,96,141,0.0,0,0,160,0.3421626735798376,0.3983333333333333,0.31263274154514786,0.32666666666666666,0.12246221861146571,0.058333333333333334,0.22274236626354896,0.21666666666666667,0.05978791820834794,0.05978791820834794,1.0,0.3939166666666667,0.32066666666666666,0.069,0.21641666666666667,0.07017189430281476,0.07017189430281476,1.0,0.3600446565577244,0.24246084724233308,0.1589966240652592,0.23849787213468343,0.039532891169484094,0.039532891169484094,1.0,0.37698066161219557,0.28156375695449987,0.1139983120326296,0.22745726940067507,0.0,0.0,1.0,0.3421626735798376,0.31263274154514786,0.12246221861146571,0.22274236626354896
162,0.06676162682328018,0.0,0.1547954151249854,100,141,0.0,0,0,160,0.3421626735798376,0.405,0.31263274154514786,0.31,0.12246221861146571,0.058333333333333334,0.22274236626354896,0.22666666666666666,0.05978791820834794,0.05978791820834794,1.0,0.3939166666666667,0.32066666666666666,0.069,0.21641666666666667,0.07017189430281476,0.07017189430281476,1.0,0.3600446565577244,0.24246084724233308,0.1589966240652592,0.23849787213468343,0.039532891169484094,0.039532891169484094,1.0,0.37698066161219557,0.28156375695449987,0.1139983120326296,0.22745726940067507,0.0,0.0,1.0,0.3421626735798376,0.31263274154514786,0.12246221861146571,0.22274236626354896
163,0.06187125154168127,0.0,0.1547954151249854,78,141,0.0,0,0,160,0.3421626735798376,0.395,0.31263274154514786,0.32166666666666666,0.12246221861146571,0.06666666666666667,0.22274236626354896,0.21666666666666667,0.05978791820834794,0.05978791820834794,1.0,0.3939166666666667,0.32066666666666666,0.069,0.21641666666666667,0.07017189430281476,0.07017189430281476,1.0,0.3600446565577244,0.24246084724233308,0.1589966240652592,0.23849787213468343,0.039532891169484094,0.039532891169484094,1.0,0.37698066161219557,0.28156375695449987,0.1139983120326296,0.22745726940067507,0.0,0.0,1.0,0.3421626735798376,0.31263274154514786,0.12246221861146571,0.22274236626354896
164,0.05746221861146566,0.0,0.1547954151249854,85,140,0.0,0,0,160,0.3421626735798376,0.36833333333333335,0.31263274154514786,0.325,0.12246221861146571,0.065,0.22274236626354896,0.24166666666666667,0.05978791820834794,0.05978791820834794,1.0,0.3939166666666667,0.32066666666666666,0.069,0.21641666666666667,0.07017189430281476,0.07017189430281476,1.0,0.3600446565577244,0.24246084724233308,0.1589966240652592,0.23849787213468343,0.039532891169484094,0.039532891169484094,1.0,0.37698066161219557,0.28156375695449987,0.1139983120326296,0.22745726940067507,0.0,0.0,1.0,0.3421626735798376,0.31263274154514786,0.12246221861146571,0.22274236626354896
165,0.061761626823280166,0.0,0.1547954151249854,100,142,0.0,0,0,160,0.3421626735798376,0.395,0.31263274154514786,0.3016666666666667,0.12246221861146571,0.07166666666666667,0.22274236626354896,0.23166666666666666,0.05978791820834794,0.05978791820834794,1.0,0.3939166666666667,0.32066666666666666,0.069,0.21641666666666667,0.07017189430281476,0.07017189430281476,1.0,0.3600446565577244,0.24246084724233308,0.1589966240652592,0.23849787213468343,0.039532891169484094,0.039532891169484094,1.0,0.37698066161219557,0.28156375695449987,0.1139983120326296,0.22745726940067507,0.0,0.0,1.0,0.3421626735798376,0.31263274154514786,0.12246221861146571,0.22274236626354896
166,0.05009496015661353,0.0,0.1547954151249854,96,144,0.0,0,0,160,0.3421626735798376,0.39,0.31263274154514786,0.31166666666666665,0.12246221861146571,0.07333333333333333,0.22274236626354896,0.225,0.05978791820834794,0.05978791820834794,1.0,0.3939166666666667,0.32066666666666666,0.069,0.21641666666666667,0.07017189430281476,0.07017189430281476,1.0,0.3600446565577244,0.24246084724233308,0.1589966240652592,0.23849787213468343,0.039532891169484094,0.039532891169484094,1.0,0.37698066161219557,0.28156375695449987,0.1139983120326296,0.22745726940067507,0.0,0.0,1.0,0.3421626735798376,0.31263274154514786,0.12246221861146571,0.22274236626354896
167,0.053537918208347926,0.0,0.1547954151249854,85,146,0.0,0,0,160,0.3421626735798376,0.39166666666666666,0.31263274154514786,0.31666666666666665,0.12246221861146571,0.08,0.22274236626354896,0.21166666666666667,0.05978791820834794,0.05978791820834794,1.0,0.3939166666666667,0.32066666666666666,0.069,0.21641666666666667,0.07017189430281476,0.07017189430281476,1.0,0.3600446565577244,0.24246084724233308,0.1589966240652592,0.23849787213468343,0.039532891169484094,0.039532891169484094,1.0,0.37698066161219557,0.28156375695449987,0.1139983120326296,0.22745726940067507,0.0,0.0,1.0,0.3421626735798376,0.31263274154514786,0.12246221861146571,0.22274236626354896
168,0.05176162682328016,0.0,0.1547954151249854,96,144,0.0,0,0,160,0.3421626735798376,0.3933333333333333,0.31263274154514786,0.30833333333333335,0.12246221861146571,0.075,0.22274236626354896,0.22333333333333333,0.05978791820834794,0.05978791820834794,1.0,0.3939166666666667,0.32066666666666666,0.069,0.21641666666666667,0.07017189430281476,0.07017189430281476,1.0,0.3600446565577244,0.24246084724233308,0.1589966240652592,0.23849787213468343,0.039532891169484094,0.039532891169484094,1.0,0.37698066161219557,0.28156375695449987,0.1139983120326296,0.22745726940067507,0.0,0.0,1.0,0.3421626735798376,0.31263274154514786,0.12246221861146571,0.22274236626354896
169,0.061761626823280194,0.0,0.1547954151249854,88,145,0.0,0,0,160,0.3421626735798376,0.395,0.31263274154514786,0.30666666666666664,0.12246221861146571,0.06666666666666667,0.22274236626354896,0.23166666666666666,0.05978791820834794,0.05978791820834794,1.0,0.3939166666666667,0.32066666666666666,0.069,0.21641666666666667,0.07017189430281476,0.07017189430281476,1.0,0.3600446565577244,0.24246084724233308,0.1589966240652592,0.23849787213468343,0.039532891169484094,0.039532891169484094,1.0,0.37698066161219557,0.28156375695449987,0.1139983120326296,0.22745726940067507,0.0,0.0,1.0,0.3421626735798376,0.31263274154514786,0.12246221861146571,0.22274236626354896
170,0.053428293489946856,0.0,0.1547954151249854,97,145,0.0,0,1,170,0.3421626735798376,0.395,0.31263274154514786,0.3,0.12246221861146571,0.08166666666666667,0.22274236626354896,0.22333333333333333,0.05321221861146564,0.05321221861146564,1.0,0.39116666666666666,0.3165833333333333,0.06925,0.223,0.17391179251670147,0.17391179251670147,0.0,0.21153903279982922,0.4014157977873812,0.07917406687477256,0.3078711025380171,0.08906000902066903,0.08906000902066903,0.0,0.30135284973324794,0.3589995655603573,0.07421203343738628,0.26543555126900853,0.0,0.0,1.0,0.3421626735798376,0.31263274154514786,0.12246221861146571,0.22274236626354896
171,0.06842829348994685,0.0,0.1547954151249854,83,144,0.0,0,0,170,0.3421626735798376,0.4,0.31263274154514786,0.2966666666666667,0.12246221861146571,0.07,0.22274236626354896,0.23333333333333334,0.05321221861146564,0.05321221861146564,1.0,0.39116666666666666,0.3165833333333333,0.06925,0.223,0.17391179251670147,0.17391179251670147,0.0,0.21153903279982922,0.4014157977873812,0.07917406687477256,0.3078711025380171,0.08906000902066903,0.08906000902066903,0.0,0.30135284973324794,0.3589995655603573,0.07421203343738628,0.26543555126900853,0.0,0.0,1.0,0.3421626735798376,0.31263274154514786,0.12246221861146571,0.22274236626354896
172,0.05912888527813233,0.0,0.1547954151249854,92,145,0.0,0,0,170,0.3421626735798376,0.39,0.31263274154514786,0.31333333333333335,0.12246221861146571,0.06333333333333334,0.22274236626354896,0.23333333333333334,0.05321221861146564,0.05321221861146564,1.0,0.39116666666666666,0.3165833333333333,0.06925,0.223,0.17391179251670147,0.17391179251670147,0.0,0.21153903279982922,0.4014157977873812,0.07917406687477256,0.3078711025380171,0.08906000902066903,0.08906000902066903,0.0,0.30135284973324794,0.3589995655603573,0.07421203343738628,0.26543555126900853,0.0,0.0,1.0,0.3421626735798376,0.31263274154514786,0.12246221861146571,0.22274236626354896
173,0.07117065975349579,0.0,0.1547954151249854,82,147,0.0,0,0,170,0.3421626735798376,0.41333333333333333,0.31263274154514786,0.2816666666666667,0.12246221861146571,0.08333333333333333,0.22274236626354896,0.22166666666666668,0.05321221861146564,0.05321221861146564,1.0,0.39116666666666666,0.3165833333333333,0.06925,0.223,0.17391179251670147,0.17391179251670147,0.0,0.21153903279982922,0.4014157977873812,0.07917406687477256,0.3078711025380171,0.08906000902066903,0.08906000902066903,0.0,0.30135284973324794,0.3589995655603573,0.07421203343738628,0.26543555126900853,0.0,0.0,1.0,0.3421626735798376,0.31263274154514786,0.12246221861146571,0.22274236626354896
174,0.06353791820834792,0.0,0.1547954151249854,118,149,0.0,0,0,170,0.3421626735798376,0.4033333333333333,0.31263274154514786,0.315,0.12246221861146571,0.06833333333333333,0.22274236626354896,0.21333333333333335,0.05321221861146564,0.05321221861146564,1.0,0.39116666666666666,0.3165833333333333,0.06925,0.223,0.17391179251670147,0.17391179251670147,0.0,0.21153903279982922,0.4014157977873812,0.07917406687477256,0.3078711025380171,0.08906000902066903,0.08906000902066903,0.0,0.30135284973324794,0.3589995655603573,0.07421203343738628,0.26543555126900853,0.0,0.0,1.0,0.3421626735798376,0.31263274154514786,0.12246221861146571,0.22274236626354896
175,0.0711706597534958,0.0,0.1547954151249854,89,150,0.0,0,0,170,0.3421626735798376,0.41333333333333333,0.31263274154514786,0.3,0.12246221861146571,0.07,0.22274236626354896,0.21666666666666667,0.05321221861146564,0.05321221861146564,1.0,0.39116666666666666,0.3165833333333333,0.06925,0.223,0.17391179251670147,0.17391179251670147,0.0,0.21153903279982922,0.4014157977873812,0.07917406687477256,0.3078711025380171,0.08906000902066903,0.08906000902066903,0.0,0.30135284973324794,0.3589995655603573,0.07421203343738628,0.26543555126900853,0.0,0.0,1.0,0.3421626735798376,0.31263274154514786,0.12246221861146571,0.22274236626354896
176,0.06617065975349579,0.0,0.1547954151249854,102,150,0.0,0,0,170,0.3421626735798376,0.4083333333333333,0.31263274154514786,0.3016666666666667,0.12246221861146571,0.07,0.22274236626354896,0.22,0.05321221861146564,0.05321221861146564,1.0,0.39116666666666666,0.3165833333333333,0.06925,0.223,0.17391179251670147,0.17391179251670147,0.0,0.21153903279982922,0.4014157977873812,0.07917406687477256,0.3078711025380171,0.08906000902066903,0.08906000902066903,0.0,0.30135284973324794,0.3589995655603573,0.07421203343738628,0.26543555126900853,0.0,0.0,1.0,0.3421626735798376,0.31263274154514786,0.12246221861146571,0.22274236626354896
177,0.07342829348994682,0.0,0.1547954151249854,99,150,0.0,0,0,170,0.3421626735798376,0.3983333333333333,0.31263274154514786,0.30833333333333335,0.12246221861146571,0.05333333333333334,0.22274236626354896,0.24,0.05321221861146564,0.05321221861146564,1.0,0.39116666666666666,0.3165833333333333,0.06925,0.223,0.17391179251670147,0.17391179251670147,0.0,0.21153903279982922,0.4014157977873812,0.07917406687477256,0.3078711025380171,0.08906000902066903,0.08906000902066903,0.0,0.30135284973324794,0.3589995655603573,0.07421203343738628,0.26543555126900853,0.0,0.0,1.0,0.3421626735798376,0.31263274154514786,0.12246221861146571,0.22274236626354896
178,0.08176162682328017,0.0,0.1547954151249854,107,150,0.0,0,0,170,0.3421626735798376,0.415,0.31263274154514786,0.29,0.12246221861146571,0.06333333333333334,0.22274236626354896,0.23166666666666666,0.05321221861146564,0.05321221861146564,1.0,0.39116666666666666,0.3165833333333333,0.06925,0.223,0.17391179251670147,0.17391179251670147,0.0,0.21153903279982922,0.4014157977873812,0.07917406687477256,0.3078711025380171,0.08906000902066903,0.08906000902066903,0.0,0.30135284973324794,0.3589995655603573,0.07421203343738628,0.26543555126900853,0.0,0.0,1.0,0.3421626735798376,0.31263274154514786,0.12246221861146571,0.22274236626354896
179,0.059503993086829146,0.0,0.1547954151249854,101,149,0.0,0,0,170,0.3421626735798376,0.40166666666666667,0.31263274154514786,0.30666666666666664,0.12246221861146571,0.07166666666666667,0.22274236626354896,0.22,0.05321221861146564,0.05321221861146564,1.0,0.39116666666666666,0.3165833333333333,0.06925,0.223,0.17391179251670147,0.17391179251670147,0.0,0.21153903279982922,0.4014157977873812,0.07917406687477256,0.3078711025380171,0.08906000902066903,0.08906000902066903,0.0,0.30135284973324794,0.3589995655603573,0.07421203343738628,0.26543555126900853,0.0,0.0,1.0,0.3421626735798376,0.31263274154514786,0.12246221861146571,0.22274236626354896
180,0.05853791820834793,0.0,0.1547954151249854,88,147,0.0,0,1,180,0.3421626735798376,0.38666666666666666,0.31263274154514786,0.32666666666666666,0.12246221861146571,0.07166666666666667,0.22274236626354896,0.215,0.057594960156613494,0.057594960156613494,1.0,0.3978333333333333,0.3084166666666667,0.06908333333333333,0.22466666666666665,0.10699040168628801,0.10699040168628801,1.0,0.3835443734557826,0.22852236540866913,0.09958219306165637,0.28835106807389194,0.08229268092145074,0.08229268092145074,1.0,0.39068885339455794,0.2684695160376679,0.08433276319749486,0.2565088673702793,0.0,0.0,1.0,0.3421626735798376,0.31263274154514786,0.12246221861146571,0.22274236626354896
181,0.06950399308682914,0.0,0.1547954151249854,99,148,0.0,0,0,180,0.3421626735798376,0.4116666666666667,0.31263274154514786,0.31,0.12246221861146571,0.06666666666666667,0.22274236626354896,0.21166666666666667,0.057594960156613494,0.057594960156613494,1.0,0.3978333333333333,0.3084166666666667,0.06908333333333333,0.22466666666666665,0.10699040168628801,0.10699040168628801,1.0,0.3835443734557826,0.22852236540866913,0.09958219306165637,0.28835106807389194,0.08229268092145074,0.08229268092145074,1.0,0.39068885339455794,0.2684695160376679,0.08433276319749486,0.2565088673702793,0.0,0.0,1.0,0.3421626735798376,0.31263274154514786,0.12246221861146571,0.22274236626354896
182,0.08283732642016245,0.0,0.1547954151249854,104,149,0.0,0,0,180,0.3421626735798376,0.425,0.31263274154514786,0.3016666666666667,0.12246221861146571,0.058333333333333334,0.22274236626354896,0.215,0.057594960156613494,0.057594960156613494,1.0,0.3978333333333333,0.3084166666666667,0.06908333333333333,0.22466666666666665,0.10699040168628801,0.10699040168628801,1.0,0.3835443734557826,0.22852236540866913,0.09958219306165637,0.28835106807389194,0.08229268092145074,0.08229268092145074,1.0,0.39068885339455794,0.2684695160376679,0.08433276319749486,0.2565088673702793,0.0,0.0,1.0,0.3421626735798376,0.31263274154514786,0.12246221861146571,0.22274236626354896
183,0.07117065975349579,0.0,0.1547954151249854,108,148,0.0,0,0,180,0.3421626735798376,0.41333333333333333,0.31263274154514786,0.30333333333333334,0.12246221861146571,0.07833333333333334,0.22274236626354896,0.205,0.057594960156613494,0.057594960156613494,1.0,0.3978333333333333,0.3084166666666667,0.06908333333333333,0.22466666666666665,0.10699040168628801,0.10699040168628801,1.0,0.3835443734557826,0.22852236540866913,0.09958219306165637,0.28835106807389194,0.08229268092145074,0.08229268092145074,1.0,0.39068885339455794,0.2684695160376679,0.08433276319749486,0.2565088673702793,0.0,0.0,1.0,0.3421626735798376,0.31263274154514786,0.12246221861146571,0.22274236626354896
184,0.07187125154168125,0.0,0.1547954151249854,93,148,0.0,0,0,180,0.3421626735798376,0.4033333333333333,0.31263274154514786,0.3233333333333333,0.12246221861146571,0.06666666666666667,0.22274236626354896,0.20666666666666667,0.057594960156613494,0.057594960156613494,1.0,0.3978333333333333,0.3084166666666667,0.06908333333333333,0.22466666666666665,0.10699040168628801,0.10699040168628801,1.0,0.3835443734557826,0.22852236540866913,0.09958219306165637,0.28835106807389194,0.08229268092145074,0.08229268092145074,1.0,0.39068885339455794,0.2684695160376679,0.08433276319749486,0.2565088673702793,0.0,0.0,1.0,0.3421626735798376,0.31263274154514786,0.12246221861146571,0.22274236626354896
185,0.07187125154168128,0.0,0.1547954151249854,96,148,0.0,0,0,180,0.3421626735798376,0.4116666666666667,0.31263274154514786,0.315,0.12246221861146571,0.06166666666666667,0.22274236626354896,0.21166666666666667,0.057594960156613494,0.057594960156613494,1.0,0.3978333333333333,0.3084166666666667,0.06908333333333333,0.22466666666666665,0.10699040168628801,0.10699040168628801,1.0,0.3835443734557826,0.22852236540866913,0.09958219306165637,0.28835106807389194,0.08229268092145074,0.08229268092145074,1.0,0.39068885339455794,0.2684695160376679,0.08433276319749486,0.2565088673702793,0.0,0.0,1.0,0.3421626735798376,0.31263274154514786,0.12246221861146571,0.22274236626354896
186,0.08450399308682915,0.0,0.1547954151249854,87,148,0.0,0,0,180,0.3421626735798376,0.4266666666666667,0.31263274154514786,0.28833333333333333,0.12246221861146571,0.06666666666666667,0.22274236626354896,0.21833333333333332,0.057594960156613494,0.057594960156613494,1.0,0.3978333333333333,0.3084166666666667,0.06908333333333333,0.22466666666666665,0.10699040168628801,0.10699040168628801,1.0,0.3835443734557826,0.22852236540866913,0.09958219306165637,0.28835106807389194,0.08229268092145074,0.08229268092145074,1.0,0.39068885339455794,0.2684695160376679,0.08433276319749486,0.2565088673702793,0.0,0.0,1.0,0.3421626735798376,0.31263274154514786,0.12246221861146571,0.22274236626354896
187,0.0850949601566135,0.0,0.1547954151249854,105,149,0.0,0,0,180,0.3421626735798376,0.41333333333333333,0.31263274154514786,0.29833333333333334,0.12246221861146571,0.051666666666666666,0.22274236626354896,0.23666666666666666,0.057594960156613494,0.057594960156613494,1.0,0.3978333333333333,0.3084166666666667,0.06908333333333333,0.22466666666666665,0.10699040168628801,0.10699040168628801,1.0,0.3835443734557826,0.22852236540866913,0.09958219306165637,0.28835106807389194,0.08229268092145074,0.08229268092145074,1.0,0.39068885339455794,0.2684695160376679,0.08433276319749486,0.2565088673702793,0.0,0.0,1.0,0.3421626735798376,0.31263274154514786,0.12246221861146571,0.22274236626354896
188,0.06950399308682914,0.0,0.1547954151249854,79,149,0.0,0,0,180,0.3421626735798376,0.4116666666666667,0.31263274154514786,0.3,0.12246221861146571,0.06666666666666667,0.22274236626354896,0.22166666666666668,0.057594960156613494,0.057594960156613494,1.0,0.3978333333333333,0.3084166666666667,0.06908333333333333,0.22466666666666665,0.10699040168628801,0.10699040168628801,1.0,0.3835443734557826,0.22852236540866913,0.09958219306165637,0.28835106807389194,0.08229268092145074,0.08229268092145074,1.0,0.39068885339455794,0.2684695160376679,0.08433276319749486,0.2565088673702793,0.0,0.0,1.0,0.3421626735798376,0.31263274154514786,0.12246221861146571,0.22274236626354896
189,0.07950399308682915,0.0,0.1547954151249854,121,149,0.0,0,0,180,0.3421626735798376,0.4216666666666667,0.31263274154514786,0.31166666666666665,0.12246221861146571,0.05,0.22274236626354896,0.21666666666666667,0.057594960156613494,0.057594960156613494,1.0,0.3978333333333333,0.3084166666666667,0.06908333333333333,0.22466666666666665,0.10699040168628801,0.10699040168628801,1.0,0.3835443734557826,0.22852236540866913,0.09958219306165637,0.28835106807389194,0.08229268092145074,0.08229268092145074,1.0,0.39068885339455794,0.2684695160376679,0.08433276319749486,0.2565088673702793,0.0,0.0,1.0,0.3421626735798376,0.31263274154514786,0.12246221861146571,0.22274236626354896
190,0.0700949601566135,0.0,0.1547954151249854,100,149,0.0,0,1,190,0.3421626735798376,0.4083333333333333,0.31263274154514786,0.30333333333333334,0.12246221861146571,0.06166666666666667,0.22274236626354896,0.22666666666666666,0.06667065975349579,0.06667065975349579,1.0,0.4088333333333333,0.30475,0.06566666666666666,0.22075,0.05338955603942546,0.05338955603942546,0.0,0.336576306655213,0.3372970713900971,0.15118744480594187,0.17493917714874807,0.03893294056433635,0.03893294056433635,1.0,0.3727048199942732,0.3210235356950486,0.10842705573630426,0.19784458857437404,0.0,0.0,1.0,0.3421626735798376,0.31263274154514786,0.12246221861146571,0.22274236626354896
191,0.07687125154168126,0.0,0.1547954151249854,84,152,0.0,0,0,190,0.3421626735798376,0.4083333333333333,0.31263274154514786,0.3233333333333333,0.12246221861146571,0.06,0.22274236626354896,0.20833333333333334,0.06667065975349579,0.06667065975349579,1.0,0.4088333333333333,0.30475,0.06566666666666666,0.22075,0.05338955603942546,0.05338955603942546,0.0,0.336576306655213,0.3372970713900971,0.15118744480594187,0.17493917714874807,0.03893294056433635,0.03893294056433635,1.0,0.3727048199942732,0.3210235356950486,0.10842705573630426,0.19784458857437404,0.0,0.0,1.0,0.3421626735798376,0.31263274154514786,0.12246221861146571,0.22274236626354896
192,0.09283732642016249,0.0,0.1547954151249854,85,152,0.0,0,0,190,0.3421626735798376,0.435,0.31263274154514786,0.285,0.12246221861146571,0.065,0.22274236626354896,0.215,0.06667065975349579,0.06667065975349579,1.0,0.4088333333333333,0.30475,0.06566666666666666,0.22075,0.05338955603942546,0.05338955603942546,0.0,0.336576306655213,0.3372970713900971,0.15118744480594187,0.17493917714874807,0.03893294056433635,0.03893294056433635,1.0,0.3727048199942732,0.3210235356950486,0.10842705573630426,0.19784458857437404,0.0,0.0,1.0,0.3421626735798376,0.31263274154514786,0.12246221861146571,0.22274236626354896
193,0.09342829348994686,0.0,0.1547954151249854,108,151,0.0,0,0,190,0.3421626735798376,0.4216666666666667,0.31263274154514786,0.29333333333333333,0.12246221861146571,0.04833333333333333,0.22274236626354896,0.23666666666666666,0.06667065975349579,0.06667065975349579,1.0,0.4088333333333333,0.30475,0.06566666666666666,0.22075,0.05338955603942546,0.05338955603942546,0.0,0.336576306655213,0.3372970713900971,0.15118744480594187,0.17493917714874807,0.03893294056433635,0.03893294056433635,1.0,0.3727048199942732,0.3210235356950486,0.10842705573630426,0.19784458857437404,0.0,0.0,1.0,0.3421626735798376,0.31263274154514786,0.12246221861146571,0.22274236626354896
194,0.05509496015661352,0.0,0.1547954151249854,107,150,0.0,0,0,190,0.3421626735798376,0.39666666666666667,0.31263274154514786,0.31166666666666665,0.12246221861146571,0.06833333333333333,0.22274236626354896,0.22333333333333333,0.06667065975349579,0.06667065975349579,1.0,0.4088333333333333,0.30475,0.06566666666666666,0.22075,0.05338955603942546,0.05338955603942546,0.0,0.336576306655213,0.3372970713900971,0.15118744480594187,0.17493917714874807,0.03893294056433635,0.03893294056433635,1.0,0.3727048199942732,0.3210235356950486,0.10842705573630426,0.19784458857437404,0.0,0.0,1.0,0.3421626735798376,0.31263274154514786,0.12246221861146571,0.22274236626354896
195,0.07579555194479896,0.0,0.1547954151249854,97,152,0.0,0,0,190,0.3421626735798376,0.4083333333333333,0.31263274154514786,0.31666666666666665,0.12246221861146571,0.04666666666666667,0.22274236626354896,0.22833333333333333,0.06667065975349579,0.06667065975349579,1.0,0.4088333333333333,0.30475,0.06566666666666666,0.22075,0.05338955603942546,0.05338955603942546,0.0,0.336576306655213,0.3372970713900971,0.15118744480594187,0.17493917714874807,0.03893294056433635,0.03893294056433635,1.0,0.3727048199942732,0.3210235356950486,0.10842705573630426,0.19784458857437404,0.0,0.0,1.0,0.3421626735798376,0.31263274154514786,0.12246221861146571,0.22274236626354896
196,0.07079555194479897,0.0,0.1547954151249854,101,153,0.0,0,0,190,0.3421626735798376,0.39166666666666666,0.31263274154514786,0.32666666666666666,0.12246221861146571,0.051666666666666666,0.22274236626354896,0.23,0.06667065975349579,0.06667065975349579,1.0,0.4088333333333333,0.30475,0.06566666666666666,0.22075,0.05338955603942546,0.05338955603942546,0.0,0.336576306655213,0.3372970713900971,0.15118744480594187,0.17493917714874807,0.03893294056433635,0.03893294056433635,1.0,0.3727048199942732,0.3210235356950486,0.10842705573630426,0.19784458857437404,0.0,0.0,1.0,0.3421626735798376,0.31263274154514786,0.12246221861146571,0.22274236626354896
197,0.10342829348994684,0.0,0.1547954151249854,93,155,0.0,0,0,190,0.3421626735798376,0.445,0.31263274154514786,0.275,0.12246221861146571,0.056666666666666664,0.22274236626354896,0.22333333333333333,0.06667065975349579,0.06667065975349579,1.0,0.4088333333333333,0.30475,0.06566666666666666,0.22075,0.05338955603942546,0.05338955603942546,0.0,0.336576306655213,0.3372970713900971,0.15118744480594187,0.17493917714874807,0.03893294056433635,0.03893294056433635,1.0,0.3727048199942732,0.3210235356950486,0.10842705573630426,0.19784458857437404,0.0,0.0,1.0,0.3421626735798376,0.31263274154514786,0.12246221861146571,0.22274236626354896
198,0.09009496015661354,0.0,0.1547954151249854,90,158,0.0,0,0,190,0.3421626735798376,0.4166666666666667,0.31263274154514786,0.285,0.12246221861146571,0.06,0.22274236626354896,0.23833333333333334,0.06667065975349579,0.06667065975349579,1.0,0.4088333333333333,0.30475,0.06566666666666666,0.22075,0.05338955603942546,0.05338955603942546,0.0,0.336576306655213,0.3372970713900971,0.15118744480594187,0.17493917714874807,0.03893294056433635,0.03893294056433635,1.0,0.3727048199942732,0.3210235356950486,0.10842705573630426,0.19784458857437404,0.0,0.0,1.0,0.3421626735798376,0.31263274154514786,0.12246221861146571,0.22274236626354896
199,0.08342829348994685,0.0,0.1547954151249854,90,158,0.0,0,0,190,0.3421626735798376,0.4166666666666667,0.31263274154514786,0.2833333333333333,0.12246221861146571,0.06833333333333333,0.22274236626354896,0.23166666666666666,0.06667065975349579,0.06667065975349579,1.0,0.4088333333333333,0.30475,0.06566666666666666,0.22075,0.05338955603942546,0.05338955603942546,0.0,0.336576306655213,0.3372970713900971,0.15118744480594187,0.17493917714874807,0.03893294056433635,0.03893294056433635,1.0,0.3727048199942732,0.3210235356950486,0.10842705573630426,0.19784458857437404,0.0,0.0,1.0,0.3421626735798376,0.31263274154514786,0.12246221861146571,0.22274236626354896
200,0.09676162682328016,0.0,0.1547954151249854,112,159,0.0,0,1,200,0.3421626735798376,0.435,0.31263274154514786,0.265,0.12246221861146571,0.07333333333333333,0.22274236626354896,0.22666666666666666,0.07392065975349582,0.07392065975349582,1.0,0.41608333333333336,0.301,0.06133333333333333,0.22158333333333333,0.12230742263985032,0.12230742263985032,1.0,0.4370072337859036,0.28174387585778754,0.14992508104524996,0.13132380931105891,0.08438260997978095,0.08438260997978095,1.0,0.4265452835596185,0.29137193792889376,0.10562920718929164,0.17645357132219613,0.0,0.0,1.0,0.3421626735798376,0.31263274154514786,0.12246221861146571,0.22274236626354896
201,0.08676162682328019,0.0,0.1547954151249854,105,161,0.0,0,0,200,0.3421626735798376,0.4066666666666667,0.31263274154514786,0.28833333333333333,0.12246221861146571,0.06,0.22274236626354896,0.245,0.07392065975349582,0.07392065975349582,1.0,0.41608333333333336,0.301,0.06133333333333333,0.22158333333333333,0.12230742263985032,0.12230742263985032,1.0,0.4370072337859036,0.28174387585778754,0.14992508104524996,0.13132380931105891,0.08438260997978095,0.08438260997978095,1.0,0.4265452835596185,0.29137193792889376,0.10562920718929164,0.17645357132219613,0.0,0.0,1.0,0.3421626735798376,0.31263274154514786,0.12246221861146571,0.22274236626354896
202,0.09950399308682911,0.0,0.1547954151249854,99,162,0.0,0,0,200,0.3421626735798376,0.44166666666666665,0.31263274154514786,0.28,0.12246221861146571,0.06833333333333333,0.22274236626354896,0.21,0.07392065975349582,0.07392065975349582,1.0,0.41608333333333336,0.301,0.06133333333333333,0.22158333333333333,0.12230742263985032,0.12230742263985032,1.0,0.4370072337859036,0.28174387585778754,0.14992508104524996,0.13132380931105891,0.08438260997978095,0.08438260997978095,1.0,0.4265452835596185,0.29137193792889376,0.10562920718929164,0.17645357132219613,0.0,0.0,1.0,0.3421626735798376,0.31263274154514786,0.12246221861146571,0.22274236626354896
203,0.09342829348994684,0.0,0.1547954151249854,116,162,0.0,0,0,200,0.3421626735798376,0.4083333333333333,0.31263274154514786,0.2833333333333333,0.12246221861146571,0.058333333333333334,0.22274236626354896,0.25,0.07392065975349582,0.07392065975349582,1.0,0.41608333333333336,0.301,0.06133333333333333,0.22158333333333333,0.12230742263985032,0.12230742263985032,1.0,0.4370072337859036,0.28174387585778754,0.14992508104524996,0.13132380931105891,0.08438260997978095,0.08438260997978095,1.0,0.4265452835596185,0.29137193792889376,0.10562920718929164,0.17645357132219613,0.0,0.0,1.0,0.3421626735798376,0.31263274154514786,0.12246221861146571,0.22274236626354896
204,0.10176162682328016,0.0,0.1547954151249854,93,163,0.0,0,0,200,0.3421626735798376,0.43166666666666664,0.31263274154514786,0.27166666666666667,0.12246221861146571,0.06166666666666667,0.22274236626354896,0.235,0.07392065975349582,0.07392065975349582,1.0,0.41608333333333336,0.301,0.06133333333333333,0.22158333333333333,0.12230742263985032,0.12230742263985032,1.0,0.4370072337859036,0.28174387585778754,0.14992508104524996,0.13132380931105891,0.08438260997978095,0.08438260997978095,1.0,0.4265452835596185,0.29137193792889376,0.10562920718929164,0.17645357132219613,0.0,0.0,1.0,0.3421626735798376,0.31263274154514786,0.12246221861146571,0.22274236626354896
205,0.10117065975349582,0.0,0.1547954151249854,92,163,0.0,0,0,200,0.3421626735798376,0.44333333333333336,0.31263274154514786,0.2816666666666667,0.12246221861146571,0.056666666666666664,0.22274236626354896,0.21833333333333332,0.07392065975349582,0.07392065975349582,1.0,0.41608333333333336,0.301,0.06133333333333333,0.22158333333333333,0.12230742263985032,0.12230742263985032,1.0,0.4370072337859036,0.28174387585778754,0.14992508104524996,0.13132380931105891,0.08438260997978095,0.08438260997978095,1.0,0.4265452835596185,0.29137193792889376,0.10562920718929164,0.17645357132219613,0.0,0.0,1.0,0.3421626735798376,0.31263274154514786,0.12246221861146571,0.22274236626354896
206,0.0661706597534958,0.0,0.1547954151249854,119,164,0.0,0,0,200,0.3421626735798376,0.4083333333333333,0.31263274154514786,0.2833333333333333,0.12246221861146571,0.08833333333333333,0.22274236626354896,0.22,0.07392065975349582,0.07392065975349582,1.0,0.41608333333333336,0.301,0.06133333333333333,0.22158333333333333,0.12230742263985032,0.12230742263985032,1.0,0.4370072337859036,0.28174387585778754,0.14992508104524996,0.13132380931105891,0.08438260997978095,0.08438260997978095,1.0,0.4265452835596185,0.29137193792889376,0.10562920718929164,0.17645357132219613,0.0,0.0,1.0,0.3421626735798376,0.31263274154514786,0.12246221861146571,0.22274236626354896
207,0.09342829348994686,0.0,0.1547954151249854,92,164,0.0,0,0,200,0.3421626735798376,0.4116666666666667,0.31263274154514786,0.26666666666666666,0.12246221861146571,0.075,0.22274236626354896,0.24666666666666667,0.07392065975349582,0.07392065975349582,1.0,0.41608333333333336,0.301,0.06133333333333333,0.22158333333333333,0.12230742263985032,0.12230742263985032,1.0,0.4370072337859036,0.28174387585778754,0.14992508104524996,0.13132380931105891,0.08438260997978095,0.08438260997978095,1.0,0.4265452835596185,0.29137193792889376,0.10562920718929164,0.17645357132219613,0.0,0.0,1.0,0.3421626735798376,0.31263274154514786,0.12246221861146571,0.22274236626354896
208,0.08450399308682915,0.0,0.1547954151249854,101,165,0.0,0,0,200,0.3421626735798376,0.4266666666666667,0.31263274154514786,0.285,0.12246221861146571,0.06833333333333333,0.22274236626354896,0.22,0.07392065975349582,0.07392065975349582,1.0,0.41608333333333336,0.301,0.06133333333333333,0.22158333333333333,0.12230742263985032,0.12230742263985032,1.0,0.4370072337859036,0.28174387585778754,0.14992508104524996,0.13132380931105891,0.08438260997978095,0.08438260997978095,1.0,0.4265452835596185,0.29137193792889376,0.10562920718929164,0.17645357132219613,0.0,0.0,1.0,0.3421626735798376,0.31263274154514786,0.12246221861146571,0.22274236626354896
209,0.07509496015661352,0.0,0.1547954151249854,88,167,0.0,0,0,200,0.3421626735798376,0.415,0.31263274154514786,0.29,0.12246221861146571,0.07,0.22274236626354896,0.225,0.07392065975349582,0.07392065975349582,1.0,0.41608333333333336,0.301,0.06133333333333333,0.22158333333333333,0.12230742263985032,0.12230742263985032,1.0,0.4370072337859036,0.28174387585778754,0.14992508104524996,0.13132380931105891,0.08438260997978095,0.08438260997978095,1.0,0.4265452835596185,0.29137193792889376,0.10562920718929164,0.17645357132219613,0.0,0.0,1.0,0.3421626735798376,0.31263274154514786,0.12246221861146571,0.22274236626354896
210,0.10842829348994684,0.0,0.1547954151249854,119,167,0.0,0,1,210,0.3421626735798376,0.435,0.31263274154514786,0.265,0.12246221861146571,0.06166666666666667,0.22274236626354896,0.23833333333333334,0.0837616268232802,0.0837616268232802,1.0,0.4201666666666667,0.288,0.06333333333333334,0.2285,0.07641999674224692,0.07641999674224692,0.0,0.36526898926889667,0.3659464225983357,0.07769209266195724,0.1910924954708105,0.06489562414196408,0.06489562414196408,1.0,0.39271782796778165,0.32697321129916784,0.07051271299764529,0.20979624773540526,0.0,0.0,1.0,0.3421626735798376,0.31263274154514786,0.12246221861146571,0.22274236626354896
211,0.07176162682328019,0.0,0.1547954151249854,103,167,0.0,0,0,210,0.3421626735798376,0.4066666666666667,0.31263274154514786,0.29833333333333334,0.12246221861146571,0.065,0.22274236626354896,0.23,0.0837616268232802,0.0837616268232802,1.0,0.4201666666666667,0.288,0.06333333333333334,0.2285,0.07641999674224692,0.07641999674224692,0.0,0.36526898926889667,0.3659464225983357,0.07769209266195724,0.1910924954708105,0.06489562414196408,0.06489562414196408,1.0,0.39271782796778165,0.32697321129916784,0.07051271299764529,0.20979624773540526,0.0,0.0,1.0,0.3421626735798376,0.31263274154514786,0.12246221861146571,0.22274236626354896
212,0.08342829348994682,0.0,0.1547954151249854,92,166,0.0,0,0,210,0.3421626735798376,0.425,0.31263274154514786,0.28,0.12246221861146571,0.07166666666666667,0.22274236626354896,0.22333333333333333,0.0837616268232802,0.0837616268232802,1.0,0.4201666666666667,0.288,0.06333333333333334,0.2285,0.07641999674224692,0.07641999674224692,0.0,0.36526898926889667,0.3659464225983357,0.07769209266195724,0.1910924954708105,0.06489562414196408,0.06489562414196408,1.0,0.39271782796778165,0.32697321129916784,0.07051271299764529,0.20979624773540526,0.0,0.0,1.0,0.3421626735798376,0.31263274154514786,0.12246221861146571,0.22274236626354896
213,0.09342829348994686,0.0,0.1547954151249854,96,164,0.0,0,0,210,0.3421626735798376,0.42833333333333334,0.31263274154514786,0.2833333333333333,0.12246221861146571,0.058333333333333334,0.22274236626354896,0.23,0.0837616268232802,0.0837616268232802,1.0,0.4201666666666667,0.288,0.06333333333333334,0.2285,0.07641999674224692,0.07641999674224692,0.0,0.36526898926889667,0.3659464225983357,0.07769209266195724,0.1910924954708105,0.06489562414196408,0.06489562414196408,1.0,0.39271782796778165,0.32697321129916784,0.07051271299764529,0.20979624773540526,0.0,0.0,1.0,0.3421626735798376,0.31263274154514786,0.12246221861146571,0.22274236626354896
214,0.06342829348994683,0.0,0.1547954151249854,99,163,0.0,0,0,210,0.3421626735798376,0.39,0.31263274154514786,0.3016666666666667,0.12246221861146571,0.07,0.22274236626354896,0.23833333333333334,0.0837616268232802,0.0837616268232802,1.0,0.4201666666666667,0.288,0.06333333333333334,0.2285,0.07641999674224692,0.07641999674224692,0.0,0.36526898926889667,0.3659464225983357,0.07769209266195724,0.1910924954708105,0.06489562414196408,0.06489562414196408,1.0,0.39271782796778165,0.32697321129916784,0.07051271299764529,0.20979624773540526,0.0,0.0,1.0,0.3421626735798376,0.31263274154514786,0.12246221861146571,0.22274236626354896
215,0.09176162682328015,0.0,0.1547954151249854,108,162,0.0,0,0,210,0.3421626735798376,0.43,0.31263274154514786,0.28,0.12246221861146571,0.06333333333333334,0.22274236626354896,0.22666666666666666,0.0837616268232802,0.0837616268232802,1.0,0.4201666666666667,0.288,0.06333333333333334,0.2285,0.07641999674224692,0.07641999674224692,0.0,0.36526898926889667,0.3659464225983357,0.07769209266195724,0.1910924954708105,0.06489562414196408,0.06489562414196408,1.0,0.39271782796778165,0.32697321129916784,0.07051271299764529,0.20979624773540526,0.0,0.0,1.0,0.3421626735798376,0.31263274154514786,0.12246221861146571,0.22274236626354896
216,0.0800949601566135,0.0,0.1547954151249854,122,160,0.0,0,0,210,0.3421626735798376,0.39666666666666667,0.31263274154514786,0.26666666666666666,0.12246221861146571,0.08833333333333333,0.22274236626354896,0.24833333333333332,0.0837616268232802,0.0837616268232802,1.0,0.4201666666666667,0.288,0.06333333333333334,0.2285,0.07641999674224692,0.07641999674224692,0.0,0.36526898926889667,0.3659464225983357,0.07769209266195724,0.1910924954708105,0.06489562414196408,0.06489562414196408,1.0,0.39271782796778165,0.32697321129916784,0.07051271299764529,0.20979624773540526,0.0,0.0,1.0,0.3421626735798376,0.31263274154514786,0.12246221861146571,0.22274236626354896
217,0.0750949601566135,0.0,0.1547954151249854,104,163,0.0,0,0,210,0.3421626735798376,0.4166666666666667,0.31263274154514786,0.2866666666666667,0.12246221861146571,0.07333333333333333,0.22274236626354896,0.22333333333333333,0.0837616268232802,0.0837616268232802,1.0,0.4201666666666667,0.288,0.06333333333333334,0.2285,0.07641999674224692,0.07641999674224692,0.0,0.36526898926889667,0.3659464225983357,0.07769209266195724,0.1910924954708105,0.06489562414196408,0.06489562414196408,1.0,0.39271782796778165,0.32697321129916784,0.07051271299764529,0.20979624773540526,0.0,0.0,1.0,0.3421626735798376,0.31263274154514786,0.12246221861146571,0.22274236626354896
218,0.07509496015661352,0.0,0.1547954151249854,99,163,0.0,0,0,210,0.3421626735798376,0.39666666666666667,0.31263274154514786,0.29333333333333333,0.12246221861146571,0.06666666666666667,0.22274236626354896,0.24333333333333335,0.0837616268232802,0.0837616268232802,1.0,0.4201666666666667,0.288,0.06333333333333334,0.2285,0.07641999674224692,0.07641999674224692,0.0,0.36526898926889667,0.3659464225983357,0.07769209266195724,0.1910924954708105,0.06489562414196408,0.06489562414196408,1.0,0.39271782796778165,0.32697321129916784,0.07051271299764529,0.20979624773540526,0.0,0.0,1.0,0.3421626735798376,0.31263274154514786,0.12246221861146571,0.22274236626354896
219,0.06342829348994684,0.0,0.1547954151249854,118,162,0.0,0,0,210,0.3421626735798376,0.4,0.31263274154514786,0.2966666666666667,0.12246221861146571,0.075,0.22274236626354896,0.22833333333333333,0.0837616268232802,0.0837616268232802,1.0,0.4201666666666667,0.288,0.06333333333333334,0.2285,0.07641999674224692,0.07641999674224692,0.0,0.36526898926889667,0.3659464225983357,0.07769209266195724,0.1910924954708105,0.06489562414196408,0.06489562414196408,1.0,0.39271782796778165,0.32697321129916784,0.07051271299764529,0.20979624773540526,0.0,0.0,1.0,0.3421626735798376,0.31263274154514786,0.12246221861146571,0.22274236626354896
220,0.08342829348994683,0.0,0.1547954151249854,82,162,0.0,0,1,220,0.3421626735798376,0.4083333333333333,0.31263274154514786,0.2816666666666667,0.12246221861146571,0.07,0.22274236626354896,0.24,0.08342829348994685,0.08342829348994685,1.0,0.41633333333333333,0.2831666666666667,0.0685,0.232,0.08630500394655491,0.08630500394655491,0.0,0.2688250783541735,0.29966533282425695,0.14009759701357816,0.2914119918079913,0.039380161904362616,0.039380161904362616,1.0,0.34257920584375345,0.29141599974546184,0.10429879850678908,0.2617059959039957,0.0,0.0,1.0,0.3421626735798376,0.31263274154514786,0.12246221861146571,0.22274236626354896
221,0.06342829348994683,0.0,0.1547954151249854,110,160,0.0,0,0,220,0.3421626735798376,0.3933333333333333,0.31263274154514786,0.295,0.12246221861146571,0.07666666666666666,0.22274236626354896,0.235,0.08342829348994685,0.08342829348994685,1.0,0.41633333333333333,0.2831666666666667,0.0685,0.232,0.08630500394655491,0.08630500394655491,0.0,0.2688250783541735,0.29966533282425695,0.14009759701357816,0.2914119918079913,0.039380161904362616,0.039380161904362616,1.0,0.34257920584375345,0.29141599974546184,0.10429879850678908,0.2617059959039957,0.0,0.0,1.0,0.3421626735798376,0.31263274154514786,0.12246221861146571,0.22274236626354896
222,0.08342829348994686,0.0,0.1547954151249854,105,159,0.0,0,0,220,0.3421626735798376,0.405,0.31263274154514786,0.2816666666666667,0.12246221861146571,0.07,0.22274236626354896,0.24333333333333335,0.08342829348994685,0.08342829348994685,1.0,0.41633333333333333,0.2831666666666667,0.0685,0.232,0.08630500394655491,0.08630500394655491,0.0,0.2688250783541735,0.29966533282425695,0.14009759701357816,0.2914119918079913,0.039380161904362616,0.039380161904362616,1.0,0.34257920584375345,0.29141599974546184,0.10429879850678908,0.2617059959039957,0.0,0.0,1.0,0.3421626735798376,0.31263274154514786,0.12246221861146571,0.22274236626354896
223,0.08509496015661351,0.0,0.1547954151249854,99,156,0.0,0,0,220,0.3421626735798376,0.41333333333333333,0.31263274154514786,0.2783333333333333,0.12246221861146571,0.07166666666666667,0.22274236626354896,0.23666666666666666,0.08342829348994685,0.08342829348994685,1.0,0.41633333333333333,0.2831666666666667,0.0685,0.232,0.08630500394655491,0.08630500394655491,0.0,0.2688250783541735,0.29966533282425695,0.14009759701357816,0.2914119918079913,0.039380161904362616,0.039380161904362616,1.0,0.34257920584375345,0.29141599974546184,0.10429879850678908,0.2617059959039957,0.0,0.0,1.0,0.3421626735798376,0.31263274154514786,0.12246221861146571,0.22274236626354896
224,0.08950399308682913,0.0,0.1547954151249854,95,156,0.0,0,0,220,0.3421626735798376,0.43166666666666664,0.31263274154514786,0.285,0.12246221861146571,0.06833333333333333,0.22274236626354896,0.215,0.08342829348994685,0.08342829348994685,1.0,0.41633333333333333,0.2831666666666667,0.0685,0.232,0.08630500394655491,0.08630500394655491,0.0,0.2688250783541735,0.29966533282425695,0.14009759701357816,0.2914119918079913,0.039380161904362616,0.039380161904362616,1.0,0.34257920584375345,0.29141599974546184,0.10429879850678908,0.2617059959039957,0.0,0.0,1.0,0.3421626735798376,0.31263274154514786,0.12246221861146571,0.22274236626354896
225,0.0817616268232802,0.0,0.1547954151249854,96,157,0.0,0,0,220,0.3421626735798376,0.405,0.31263274154514786,0.2783333333333333,0.12246221861146571,0.075,0.22274236626354896,0.24166666666666667,0.08342829348994685,0.08342829348994685,1.0,0.41633333333333333,0.2831666666666667,0.0685,0.232,0.08630500394655491,0.08630500394655491,0.0,0.2688250783541735,0.29966533282425695,0.14009759701357816,0.2914119918079913,0.039380161904362616,0.039380161904362616,1.0,0.34257920584375345,0.29141599974546184,0.10429879850678908,0.2617059959039957,0.0,0.0,1.0,0.3421626735798376,0.31263274154514786,0.12246221861146571,0.22274236626354896
226,0.09342829348994684,0.0,0.1547954151249854,87,157,0.0,0,0,220,0.3421626735798376,0.4033333333333333,0.31263274154514786,0.2783333333333333,0.12246221861146571,0.06333333333333334,0.22274236626354896,0.255,0.08342829348994685,0.08342829348994685,1.0,0.41633333333333333,0.2831666666666667,0.0685,0.232,0.08630500394655491,0.08630500394655491,0.0,0.2688250783541735,0.29966533282425695,0.14009759701357816,0.2914119918079913,0.039380161904362616,0.039380161904362616,1.0,0.34257920584375345,0.29141599974546184,0.10429879850678908,0.2617059959039957,0.0,0.0,1.0,0.3421626735798376,0.31263274154514786,0.12246221861146571,0.22274236626354896
227,0.08509496015661351,0.0,0.1547954151249854,95,156,0.0,0,0,220,0.3421626735798376,0.4116666666666667,0.31263274154514786,0.27666666666666667,0.12246221861146571,0.07333333333333333,0.22274236626354896,0.23833333333333334,0.08342829348994685,0.08342829348994685,1.0,0.41633333333333333,0.2831666666666667,0.0685,0.232,0.08630500394655491,0.08630500394655491,0.0,0.2688250783541735,0.29966533282425695,0.14009759701357816,0.2914119918079913,0.039380161904362616,0.039380161904362616,1.0,0.34257920584375345,0.29141599974546184,0.10429879850678908,0.2617059959039957,0.0,0.0,1.0,0.3421626735798376,0.31263274154514786,0.12246221861146571,0.22274236626354896
228,0.0700949601566135,0.0,0.1547954151249854,94,156,0.0,0,0,220,0.3421626735798376,0.40166666666666667,0.31263274154514786,0.2966666666666667,0.12246221861146571,0.06833333333333333,0.22274236626354896,0.23333333333333334,0.08342829348994685,0.08342829348994685,1.0,0.41633333333333333,0.2831666666666667,0.0685,0.232,0.08630500394655491,0.08630500394655491,0.0,0.2688250783541735,0.29966533282425695,0.14009759701357816,0.2914119918079913,0.039380161904362616,0.039380161904362616,1.0,0.34257920584375345,0.29141599974546184,0.10429879850678908,0.2617059959039957,0.0,0.0,1.0,0.3421626735798376,0.31263274154514786,0.12246221861146571,0.22274236626354896
229,0.06342829348994684,0.0,0.1547954151249854,93,155,0.0,0,0,220,0.3421626735798376,0.38666666666666666,0.31263274154514786,0.3,0.12246221861146571,0.07166666666666667,0.22274236626354896,0.24166666666666667,0.08342829348994685,0.08342829348994685,1.0,0.41633333333333333,0.2831666666666667,0.0685,0.232,0.08630500394655491,0.08630500394655491,0.0,0.2688250783541735,0.29966533282425695,0.14009759701357816,0.2914119918079913,0.039380161904362616,0.039380161904362616,1.0,0.34257920584375345,0.29141599974546184,0.10429879850678908,0.2617059959039957,0.0,0.0,1.0,0.3421626735798376,0.31263274154514786,0.12246221861146571,0.22274236626354896
230,0.09176162682328015,0.0,0.1547954151249854,92,154,0.0,0,1,230,0.3421626735798376,0.415,0.31263274154514786,0.27,0.12246221861146571,0.07333333333333333,0.22274236626354896,0.24166666666666667,0.07901162682328018,0.07901162682328018,1.0,0.40825,0.28541666666666665,0.07066666666666667,0.23566666666666666,0.05028597940298787,0.05028597940298787,1.0,0.3654000117118641,0.2623467621421599,0.14348810994283606,0.22876511620313988,0.05413585744744886,0.05413585744744886,1.0,0.38682500585593205,0.2738817144044133,0.10707738830475136,0.2322158914349033,0.0,0.0,1.0,0.3421626735798376,0.31263274154514786,0.12246221861146571,0.22274236626354896
231,0.08342829348994685,0.0,0.1547954151249854,77,153,0.0,0,0,230,0.3421626735798376,0.4166666666666667,0.31263274154514786,0.2816666666666667,0.12246221861146571,0.07,0.22274236626354896,0.23166666666666666,0.07901162682328018,0.07901162682328018,1.0,0.40825,0.28541666666666665,0.07066666666666667,0.23566666666666666,0.05028597940298787,0.05028597940298787,1.0,0.3654000117118641,0.2623467621421599,0.14348810994283606,0.22876511620313988,0.05413585744744886,0.05413585744744886,1.0,0.38682500585593205,0.2738817144044133,0.10707738830475136,0.2322158914349033,0.0,0.0,1.0,0.3421626735798376,0.31263274154514786,0.12246221861146571,0.22274236626354896
232,0.08176162682328017,0.0,0.1547954151249854,99,153,0.0,0,0,230,0.3421626735798376,0.395,0.31263274154514786,0.2866666666666667,0.12246221861146571,0.06666666666666667,0.22274236626354896,0.25166666666666665,0.07901162682328018,0.07901162682328018,1.0,0.40825,0.28541666666666665,0.07066666666666667,0.23566666666666666,0.05028597940298787,0.05028597940298787,1.0,0.3654000117118641,0.2623467621421599,0.14348810994283606,0.22876511620313988,0.05413585744744886,0.05413585744744886,1.0,0.38682500585593205,0.2738817144044133,0.10707738830475136,0.2322158914349033,0.0,0.0,1.0,0.3421626735798376,0.31263274154514786,0.12246221861146571,0.22274236626354896
233,0.06842829348994685,0.0,0.1547954151249854,117,151,0.0,0,0,230,0.3421626735798376,0.405,0.31263274154514786,0.28833333333333333,0.12246221861146571,0.07833333333333334,0.22274236626354896,0.22833333333333333,0.07901162682328018,0.07901162682328018,1.0,0.40825,0.28541666666666665,0.07066666666666667,0.23566666666666666,0.05028597940298787,0.05028597940298787,1.0,0.3654000117118641,0.2623467621421599,0.14348810994283606,0.22876511620313988,0.05413585744744886,0.05413585744744886,1.0,0.38682500585593205,0.2738817144044133,0.10707738830475136,0.2322158914349033,0.0,0.0,1.0,0.3421626735798376,0.31263274154514786,0.12246221861146571,0.22274236626354896
234,0.061761626823280166,0.0,0.1547954151249854,128,153,0.0,0,0,230,0.3421626735798376,0.4033333333333333,0.31263274154514786,0.31,0.12246221861146571,0.06333333333333334,0.22274236626354896,0.22333333333333333,0.07901162682328018,0.07901162682328018,1.0,0.40825,0.28541666666666665,0.07066666666666667,0.23566666666666666,0.05028597940298787,0.05028597940298787,1.0,0.3654000117118641,0.2623467621421599,0.14348810994283606,0.22876511620313988,0.05413585744744886,0.05413585744744886,1.0,0.38682500585593205,0.2738817144044133,0.10707738830475136,0.2322158914349033,0.0,0.0,1.0,0.3421626735798376,0.31263274154514786,0.12246221861146571,0.22274236626354896
235,0.08676162682328017,0.0,0.1547954151249854,97,155,0.0,0,0,230,0.3421626735798376,0.41833333333333333,0.31263274154514786,0.2916666666666667,0.12246221861146571,0.056666666666666664,0.22274236626354896,0.23333333333333334,0.07901162682328018,0.07901162682328018,1.0,0.40825,0.28541666666666665,0.07066666666666667,0.23566666666666666,0.05028597940298787,0.05028597940298787,1.0,0.3654000117118641,0.2623467621421599,0.14348810994283606,0.22876511620313988,0.05413585744744886,0.05413585744744886,1.0,0.38682500585593205,0.2738817144044133,0.10707738830475136,0.2322158914349033,0.0,0.0,1.0,0.3421626735798376,0.31263274154514786,0.12246221861146571,0.22274236626354896
236,0.05450399308682914,0.0,0.1547954151249854,95,154,0.0,0,0,230,0.3421626735798376,0.39666666666666667,0.31263274154514786,0.305,0.12246221861146571,0.08,0.22274236626354896,0.21833333333333332,0.07901162682328018,0.07901162682328018,1.0,0.40825,0.28541666666666665,0.07066666666666667,0.23566666666666666,0.05028597940298787,0.05028597940298787,1.0,0.3654000117118641,0.2623467621421599,0.14348810994283606,0.22876511620313988,0.05413585744744886,0.05413585744744886,1.0,0.38682500585593205,0.2738817144044133,0.10707738830475136,0.2322158914349033,0.0,0.0,1.0,0.3421626735798376,0.31263274154514786,0.12246221861146571,0.22274236626354896
237,0.08676162682328015,0.0,0.1547954151249854,92,154,0.0,0,0,230,0.3421626735798376,0.425,0.31263274154514786,0.28,0.12246221861146571,0.06833333333333333,0.22274236626354896,0.22666666666666666,0.07901162682328018,0.07901162682328018,1.0,0.40825,0.28541666666666665,0.07066666666666667,0.23566666666666666,0.05028597940298787,0.05028597940298787,1.0,0.3654000117118641,0.2623467621421599,0.14348810994283606,0.22876511620313988,0.05413585744744886,0.05413585744744886,1.0,0.38682500585593205,0.2738817144044133,0.10707738830475136,0.2322158914349033,0.0,0.0,1.0,0.3421626735798376,0.31263274154514786,0.12246221861146571,0.22274236626354896
238,0.07676162682328018,0.0,0.1547954151249854,78,152,0.0,0,0,230,0.3421626735798376,0.40166666666666667,0.31263274154514786,0.2833333333333333,0.12246221861146571,0.075,0.22274236626354896,0.24,0.07901162682328018,0.07901162682328018,1.0,0.40825,0.28541666666666665,0.07066666666666667,0.23566666666666666,0.05028597940298787,0.05028597940298787,1.0,0.3654000117118641,0.2623467621421599,0.14348810994283606,0.22876511620313988,0.05413585744744886,0.05413585744744886,1.0,0.38682500585593205,0.2738817144044133,0.10707738830475136,0.2322158914349033,0.0,0.0,1.0,0.3421626735798376,0.31263274154514786,0.12246221861146571,0.22274236626354896
239,0.0600949601566135,0.0,0.1547954151249854,116,154,0.0,0,0,230,0.3421626735798376,0.39166666666666666,0.31263274154514786,0.2916666666666667,0.12246221861146571,0.08333333333333333,0.22274236626354896,0.23333333333333334,0.07901162682328018,0.07901162682328018,1.0,0.40825,0.28541666666666665,0.07066666666666667,0.23566666666666666,0.05028597940298787,0.05028597940298787,1.0,0.3654000117118641,0.2623467621421599,0.14348810994283606,0.22876511620313988,0.05413585744744886,0.05413585744744886,1.0,0.38682500585593205,0.2738817144044133,0.10707738830475136,0.2322158914349033,0.0,0.0,1.0,0.3421626735798376,0.31263274154514786,0.12246221861146571,0.22274236626354896
