step,attention_error,preference_change,uniform_prior_error,interactions,pool_size,official_exposure_share,official_arrivals,observation_updated,last_observed_at,truth_0,attention_0,truth_1,attention_1,truth_2,attention_2,truth_3,attention_3,error_platform,initial_error_platform,top_accuracy_platform,estimate_platform_0,estimate_platform_1,estimate_platform_2,estimate_platform_3,error_survey,initial_error_survey,top_accuracy_survey,estimate_survey_0,estimate_survey_1,estimate_survey_2,estimate_survey_3,error_fused,initial_error_fused,top_accuracy_fused,estimate_fused_0,estimate_fused_1,estimate_fused_2,estimate_fused_3,error_oracle,initial_error_oracle,top_accuracy_oracle,estimate_oracle_0,estimate_oracle_1,estimate_oracle_2,estimate_oracle_3
0,0.08115715405364546,0.0,0.126236103706033,82,28,0.0,0,1,0,0.2410747513714753,0.26666666666666666,0.36943476124154595,0.425,0.13268914492249173,0.09166666666666666,0.2568013424644871,0.21666666666666667,0.13949048738697878,0.13949048738697878,1.0,0.25,0.5,0.08333333333333333,0.16666666666666666,0.11167479008412064,0.11167479008412064,1.0,0.1821961011186621,0.4182278577754733,0.19557083847268497,0.2040052026331796,0.09644210862670814,0.09644210862670814,1.0,0.21609805055933107,0.4591139288877366,0.13945208590300914,0.18533593464992312,0.0,0.0,1.0,0.2410747513714753,0.36943476124154595,0.13268914492249173,0.2568013424644871
1,0.10449048738697879,0.0,0.126236103706033,109,25,0.0,0,0,0,0.2410747513714753,0.24833333333333332,0.36943476124154595,0.4666666666666667,0.13268914492249173,0.03666666666666667,0.2568013424644871,0.24833333333333332,0.13949048738697878,0.13949048738697878,1.0,0.25,0.5,0.08333333333333333,0.16666666666666666,0.11167479008412064,0.11167479008412064,1.0,0.1821961011186621,0.4182278577754733,0.19557083847268497,0.2040052026331796,0.09644210862670814,0.09644210862670814,1.0,0.21609805055933107,0.4591139288877366,0.13945208590300914,0.18533593464992312,0.0,0.0,1.0,0.2410747513714753,0.36943476124154595,0.13268914492249173,0.2568013424644871
2,0.09889857209178742,0.0,0.126236103706033,127,25,0.0,0,0,0,0.2410747513714753,0.23333333333333334,0.36943476124154595,0.4683333333333333,0.13268914492249173,0.055,0.2568013424644871,0.24333333333333335,0.13949048738697878,0.13949048738697878,1.0,0.25,0.5,0.08333333333333333,0.16666666666666666,0.11167479008412064,0.11167479008412064,1.0,0.1821961011186621,0.4182278577754733,0.19557083847268497,0.2040052026331796,0.09644210862670814,0.09644210862670814,1.0,0.21609805055933107,0.4591139288877366,0.13945208590300914,0.18533593464992312,0.0,0.0,1.0,0.2410747513714753,0.36943476124154595,0.13268914492249173,0.2568013424644871
3,0.0905652387584541,0.0,0.126236103706033,121,27,0.0,0,0,0,0.2410747513714753,0.235,0.36943476124154595,0.46,0.13268914492249173,0.06666666666666667,0.2568013424644871,0.23833333333333334,0.13949048738697878,0.13949048738697878,1.0,0.25,0.5,0.08333333333333333,0.16666666666666666,0.11167479008412064,0.11167479008412064,1.0,0.1821961011186621,0.4182278577754733,0.19557083847268497,0.2040052026331796,0.09644210862670814,0.09644210862670814,1.0,0.21609805055933107,0.4591139288877366,0.13945208590300914,0.18533593464992312,0.0,0.0,1.0,0.2410747513714753,0.36943476124154595,0.13268914492249173,0.2568013424644871
4,0.0805652387584541,0.0,0.126236103706033,120,27,0.0,0,0,0,0.2410747513714753,0.23833333333333334,0.36943476124154595,0.45,0.13268914492249173,0.07666666666666666,0.2568013424644871,0.235,0.13949048738697878,0.13949048738697878,1.0,0.25,0.5,0.08333333333333333,0.16666666666666666,0.11167479008412064,0.11167479008412064,1.0,0.1821961011186621,0.4182278577754733,0.19557083847268497,0.2040052026331796,0.09644210862670814,0.09644210862670814,1.0,0.21609805055933107,0.4591139288877366,0.13945208590300914,0.18533593464992312,0.0,0.0,1.0,0.2410747513714753,0.36943476124154595,0.13268914492249173,0.2568013424644871
5,0.07449048738697879,0.0,0.126236103706033,116,28,0.0,0,0,0,0.2410747513714753,0.245,0.36943476124154595,0.44,0.13268914492249173,0.08166666666666667,0.2568013424644871,0.23333333333333334,0.13949048738697878,0.13949048738697878,1.0,0.25,0.5,0.08333333333333333,0.16666666666666666,0.11167479008412064,0.11167479008412064,1.0,0.1821961011186621,0.4182278577754733,0.19557083847268497,0.2040052026331796,0.09644210862670814,0.09644210862670814,1.0,0.21609805055933107,0.4591139288877366,0.13945208590300914,0.18533593464992312,0.0,0.0,1.0,0.2410747513714753,0.36943476124154595,0.13268914492249173,0.2568013424644871
6,0.07782382072031212,0.0,0.126236103706033,110,28,0.0,0,0,0,0.2410747513714753,0.24666666666666667,0.36943476124154595,0.44166666666666665,0.13268914492249173,0.085,0.2568013424644871,0.22666666666666666,0.13949048738697878,0.13949048738697878,1.0,0.25,0.5,0.08333333333333333,0.16666666666666666,0.11167479008412064,0.11167479008412064,1.0,0.1821961011186621,0.4182278577754733,0.19557083847268497,0.2040052026331796,0.09644210862670814,0.09644210862670814,1.0,0.21609805055933107,0.4591139288877366,0.13945208590300914,0.18533593464992312,0.0,0.0,1.0,0.2410747513714753,0.36943476124154595,0.13268914492249173,0.2568013424644871
7,0.07782382072031213,0.0,0.126236103706033,105,28,0.0,0,0,0,0.2410747513714753,0.24666666666666667,0.36943476124154595,0.44166666666666665,0.13268914492249173,0.08833333333333333,0.2568013424644871,0.22333333333333333,0.13949048738697878,0.13949048738697878,1.0,0.25,0.5,0.08333333333333333,0.16666666666666666,0.11167479008412064,0.11167479008412064,1.0,0.1821961011186621,0.4182278577754733,0.19557083847268497,0.2040052026331796,0.09644210862670814,0.09644210862670814,1.0,0.21609805055933107,0.4591139288877366,0.13945208590300914,0.18533593464992312,0.0,0.0,1.0,0.2410747513714753,0.36943476124154595,0.13268914492249173,0.2568013424644871
8,0.07782382072031213,0.0,0.126236103706033,101,28,0.0,0,0,0,0.2410747513714753,0.24666666666666667,0.36943476124154595,0.44166666666666665,0.13268914492249173,0.08833333333333333,0.2568013424644871,0.22333333333333333,0.13949048738697878,0.13949048738697878,1.0,0.25,0.5,0.08333333333333333,0.16666666666666666,0.11167479008412064,0.11167479008412064,1.0,0.1821961011186621,0.4182278577754733,0.19557083847268497,0.2040052026331796,0.09644210862670814,0.09644210862670814,1.0,0.21609805055933107,0.4591139288877366,0.13945208590300914,0.18533593464992312,0.0,0.0,1.0,0.2410747513714753,0.36943476124154595,0.13268914492249173,0.2568013424644871
9,0.07615715405364545,0.0,0.126236103706033,115,28,0.0,0,0,0,0.2410747513714753,0.245,0.36943476124154595,0.44166666666666665,0.13268914492249173,0.08833333333333333,0.2568013424644871,0.225,0.13949048738697878,0.13949048738697878,1.0,0.25,0.5,0.08333333333333333,0.16666666666666666,0.11167479008412064,0.11167479008412064,1.0,0.1821961011186621,0.4182278577754733,0.19557083847268497,0.2040052026331796,0.09644210862670814,0.09644210862670814,1.0,0.21609805055933107,0.4591139288877366,0.13945208590300914,0.18533593464992312,0.0,0.0,1.0,0.2410747513714753,0.36943476124154595,0.13268914492249173,0.2568013424644871
10,0.07449048738697879,0.0,0.126236103706033,120,28,0.0,0,1,10,0.2410747513714753,0.245,0.36943476124154595,0.44,0.13268914492249173,0.09,0.2568013424644871,0.225,0.14403594193243335,0.14403594193243335,1.0,0.2515151515151515,0.503030303030303,0.07575757575757576,0.1696969696969697,0.09646207465899165,0.09646207465899165,0.0,0.28792149052085275,0.2729726865825543,0.17289287820408292,0.2662129446925101,0.047210303211409566,0.047210303211409566,1.0,0.26971832101800214,0.38800149480642865,0.12432522698082935,0.2179549571947399,0.0,0.0,1.0,0.2410747513714753,0.36943476124154595,0.13268914492249173,0.2568013424644871
11,0.07615715405364545,0.0,0.126236103706033,104,28,0.0,0,0,10,0.2410747513714753,0.245,0.36943476124154595,0.44166666666666665,0.13268914492249173,0.09,0.2568013424644871,0.22333333333333333,0.14403594193243335,0.14403594193243335,1.0,0.2515151515151515,0.503030303030303,0.07575757575757576,0.1696969696969697,0.09646207465899165,0.09646207465899165,0.0,0.28792149052085275,0.2729726865825543,0.17289287820408292,0.2662129446925101,0.047210303211409566,0.047210303211409566,1.0,0.26971832101800214,0.38800149480642865,0.12432522698082935,0.2179549571947399,0.0,0.0,1.0,0.2410747513714753,0.36943476124154595,0.13268914492249173,0.2568013424644871
12,0.07615715405364547,0.0,0.126236103706033,105,28,0.0,0,0,10,0.2410747513714753,0.24666666666666667,0.36943476124154595,0.44,0.13268914492249173,0.09,0.2568013424644871,0.22333333333333333,0.14403594193243335,0.14403594193243335,1.0,0.2515151515151515,0.503030303030303,0.07575757575757576,0.1696969696969697,0.09646207465899165,0.09646207465899165,0.0,0.28792149052085275,0.2729726865825543,0.17289287820408292,0.2662129446925101,0.047210303211409566,0.047210303211409566,1.0,0.26971832101800214,0.38800149480642865,0.12432522698082935,0.2179549571947399,0.0,0.0,1.0,0.2410747513714753,0.36943476124154595,0.13268914492249173,0.2568013424644871
13,0.07615715405364547,0.0,0.126236103706033,127,28,0.0,0,0,10,0.2410747513714753,0.24666666666666667,0.36943476124154595,0.44,0.13268914492249173,0.09,0.2568013424644871,0.22333333333333333,0.14403594193243335,0.14403594193243335,1.0,0.2515151515151515,0.503030303030303,0.07575757575757576,0.1696969696969697,0.09646207465899165,0.09646207465899165,0.0,0.28792149052085275,0.2729726865825543,0.17289287820408292,0.2662129446925101,0.047210303211409566,0.047210303211409566,1.0,0.26971832101800214,0.38800149480642865,0.12432522698082935,0.2179549571947399,0.0,0.0,1.0,0.2410747513714753,0.36943476124154595,0.13268914492249173,0.2568013424644871
14,0.07615715405364545,0.0,0.126236103706033,112,28,0.0,0,0,10,0.2410747513714753,0.245,0.36943476124154595,0.44166666666666665,0.13268914492249173,0.09,0.2568013424644871,0.22333333333333333,0.14403594193243335,0.14403594193243335,1.0,0.2515151515151515,0.503030303030303,0.07575757575757576,0.1696969696969697,0.09646207465899165,0.09646207465899165,0.0,0.28792149052085275,0.2729726865825543,0.17289287820408292,0.2662129446925101,0.047210303211409566,0.047210303211409566,1.0,0.26971832101800214,0.38800149480642865,0.12432522698082935,0.2179549571947399,0.0,0.0,1.0,0.2410747513714753,0.36943476124154595,0.13268914492249173,0.2568013424644871
15,0.07615715405364547,0.0,0.126236103706033,107,28,0.0,0,0,10,0.2410747513714753,0.24666666666666667,0.36943476124154595,0.44,0.13268914492249173,0.09,0.2568013424644871,0.22333333333333333,0.14403594193243335,0.14403594193243335,1.0,0.2515151515151515,0.503030303030303,0.07575757575757576,0.1696969696969697,0.09646207465899165,0.09646207465899165,0.0,0.28792149052085275,0.2729726865825543,0.17289287820408292,0.2662129446925101,0.047210303211409566,0.047210303211409566,1.0,0.26971832101800214,0.38800149480642865,0.12432522698082935,0.2179549571947399,0.0,0.0,1.0,0.2410747513714753,0.36943476124154595,0.13268914492249173,0.2568013424644871
16,0.07615715405364547,0.0,0.126236103706033,110,28,0.0,0,0,10,0.2410747513714753,0.24666666666666667,0.36943476124154595,0.44,0.13268914492249173,0.09,0.2568013424644871,0.22333333333333333,0.14403594193243335,0.14403594193243335,1.0,0.2515151515151515,0.503030303030303,0.07575757575757576,0.1696969696969697,0.09646207465899165,0.09646207465899165,0.0,0.28792149052085275,0.2729726865825543,0.17289287820408292,0.2662129446925101,0.047210303211409566,0.047210303211409566,1.0,0.26971832101800214,0.38800149480642865,0.12432522698082935,0.2179549571947399,0.0,0.0,1.0,0.2410747513714753,0.36943476124154595,0.13268914492249173,0.2568013424644871
17,0.0744904873869788,0.0,0.126236103706033,113,28,0.0,0,0,10,0.2410747513714753,0.24666666666666667,0.36943476124154595,0.43833333333333335,0.13268914492249173,0.09,0.2568013424644871,0.225,0.14403594193243335,0.14403594193243335,1.0,0.2515151515151515,0.503030303030303,0.07575757575757576,0.1696969696969697,0.09646207465899165,0.09646207465899165,0.0,0.28792149052085275,0.2729726865825543,0.17289287820408292,0.2662129446925101,0.047210303211409566,0.047210303211409566,1.0,0.26971832101800214,0.38800149480642865,0.12432522698082935,0.2179549571947399,0.0,0.0,1.0,0.2410747513714753,0.36943476124154595,0.13268914492249173,0.2568013424644871
18,0.07782382072031213,0.0,0.126236103706033,113,28,0.0,0,0,10,0.2410747513714753,0.24833333333333332,0.36943476124154595,0.44,0.13268914492249173,0.08833333333333333,0.2568013424644871,0.22333333333333333,0.14403594193243335,0.14403594193243335,1.0,0.2515151515151515,0.503030303030303,0.07575757575757576,0.1696969696969697,0.09646207465899165,0.09646207465899165,0.0,0.28792149052085275,0.2729726865825543,0.17289287820408292,0.2662129446925101,0.047210303211409566,0.047210303211409566,1.0,0.26971832101800214,0.38800149480642865,0.12432522698082935,0.2179549571947399,0.0,0.0,1.0,0.2410747513714753,0.36943476124154595,0.13268914492249173,0.2568013424644871
19,0.07782382072031213,0.0,0.126236103706033,127,28,0.0,0,0,10,0.2410747513714753,0.24833333333333332,0.36943476124154595,0.44,0.13268914492249173,0.08833333333333333,0.2568013424644871,0.22333333333333333,0.14403594193243335,0.14403594193243335,1.0,0.2515151515151515,0.503030303030303,0.07575757575757576,0.1696969696969697,0.09646207465899165,0.09646207465899165,0.0,0.28792149052085275,0.2729726865825543,0.17289287820408292,0.2662129446925101,0.047210303211409566,0.047210303211409566,1.0,0.26971832101800214,0.38800149480642865,0.12432522698082935,0.2179549571947399,0.0,0.0,1.0,0.2410747513714753,0.36943476124154595,0.13268914492249173,0.2568013424644871
20,0.07615715405364547,0.0,0.126236103706033,94,28,0.0,0,1,20,0.2410747513714753,0.24666666666666667,0.36943476124154595,0.44,0.13268914492249173,0.09,0.2568013424644871,0.22333333333333333,0.14199048738697884,0.14199048738697884,1.0,0.25083333333333335,0.5016666666666667,0.07916666666666666,0.16833333333333333,0.03530953000150572,0.03530953000150572,1.0,0.2571964205493367,0.3732653100055558,0.14804645698212612,0.22149181246298133,0.0809713526644251,0.0809713526644251,1.0,0.25401487694133507,0.4374659883361113,0.1136065618243964,0.19491257289815733,0.0,0.0,1.0,0.2410747513714753,0.36943476124154595,0.13268914492249173,0.2568013424644871
21,0.07782382072031212,0.0,0.126236103706033,126,28,0.0,0,0,20,0.2410747513714753,0.24833333333333332,0.36943476124154595,0.44,0.13268914492249173,0.09,0.2568013424644871,0.22166666666666668,0.14199048738697884,0.14199048738697884,1.0,0.25083333333333335,0.5016666666666667,0.07916666666666666,0.16833333333333333,0.03530953000150572,0.03530953000150572,1.0,0.2571964205493367,0.3732653100055558,0.14804645698212612,0.22149181246298133,0.0809713526644251,0.0809713526644251,1.0,0.25401487694133507,0.4374659883361113,0.1136065618243964,0.19491257289815733,0.0,0.0,1.0,0.2410747513714753,0.36943476124154595,0.13268914492249173,0.2568013424644871
22,0.07782382072031212,0.0,0.126236103706033,120,28,0.0,0,0,20,0.2410747513714753,0.24833333333333332,0.36943476124154595,0.44,0.13268914492249173,0.09,0.2568013424644871,0.22166666666666668,0.14199048738697884,0.14199048738697884,1.0,0.25083333333333335,0.5016666666666667,0.07916666666666666,0.16833333333333333,0.03530953000150572,0.03530953000150572,1.0,0.2571964205493367,0.3732653100055558,0.14804645698212612,0.22149181246298133,0.0809713526644251,0.0809713526644251,1.0,0.25401487694133507,0.4374659883361113,0.1136065618243964,0.19491257289815733,0.0,0.0,1.0,0.2410747513714753,0.36943476124154595,0.13268914492249173,0.2568013424644871
23,0.07782382072031213,0.0,0.126236103706033,107,28,0.0,0,0,20,0.2410747513714753,0.25,0.36943476124154595,0.43833333333333335,0.13268914492249173,0.09,0.2568013424644871,0.22166666666666668,0.14199048738697884,0.14199048738697884,1.0,0.25083333333333335,0.5016666666666667,0.07916666666666666,0.16833333333333333,0.03530953000150572,0.03530953000150572,1.0,0.2571964205493367,0.3732653100055558,0.14804645698212612,0.22149181246298133,0.0809713526644251,0.0809713526644251,1.0,0.25401487694133507,0.4374659883361113,0.1136065618243964,0.19491257289815733,0.0,0.0,1.0,0.2410747513714753,0.36943476124154595,0.13268914492249173,0.2568013424644871
24,0.0778238207203121,0.0,0.126236103706033,118,28,0.0,0,0,20,0.2410747513714753,0.25166666666666665,0.36943476124154595,0.43666666666666665,0.13268914492249173,0.09,0.2568013424644871,0.22166666666666668,0.14199048738697884,0.14199048738697884,1.0,0.25083333333333335,0.5016666666666667,0.07916666666666666,0.16833333333333333,0.03530953000150572,0.03530953000150572,1.0,0.2571964205493367,0.3732653100055558,0.14804645698212612,0.22149181246298133,0.0809713526644251,0.0809713526644251,1.0,0.25401487694133507,0.4374659883361113,0.1136065618243964,0.19491257289815733,0.0,0.0,1.0,0.2410747513714753,0.36943476124154595,0.13268914492249173,0.2568013424644871
25,0.07782382072031213,0.0,0.126236103706033,112,28,0.0,0,0,20,0.2410747513714753,0.25,0.36943476124154595,0.43833333333333335,0.13268914492249173,0.09,0.2568013424644871,0.22166666666666668,0.14199048738697884,0.14199048738697884,1.0,0.25083333333333335,0.5016666666666667,0.07916666666666666,0.16833333333333333,0.03530953000150572,0.03530953000150572,1.0,0.2571964205493367,0.3732653100055558,0.14804645698212612,0.22149181246298133,0.0809713526644251,0.0809713526644251,1.0,0.25401487694133507,0.4374659883361113,0.1136065618243964,0.19491257289815733,0.0,0.0,1.0,0.2410747513714753,0.36943476124154595,0.13268914492249173,0.2568013424644871
26,0.07782382072031213,0.0,0.126236103706033,112,28,0.0,0,0,20,0.2410747513714753,0.25,0.36943476124154595,0.43833333333333335,0.13268914492249173,0.09,0.2568013424644871,0.22166666666666668,0.14199048738697884,0.14199048738697884,1.0,0.25083333333333335,0.5016666666666667,0.07916666666666666,0.16833333333333333,0.03530953000150572,0.03530953000150572,1.0,0.2571964205493367,0.3732653100055558,0.14804645698212612,0.22149181246298133,0.0809713526644251,0.0809713526644251,1.0,0.25401487694133507,0.4374659883361113,0.1136065618243964,0.19491257289815733,0.0,0.0,1.0,0.2410747513714753,0.36943476124154595,0.13268914492249173,0.2568013424644871
27,0.0794904873869788,0.0,0.126236103706033,131,28,0.0,0,0,20,0.2410747513714753,0.25166666666666665,0.36943476124154595,0.43833333333333335,0.13268914492249173,0.09,0.2568013424644871,0.22,0.14199048738697884,0.14199048738697884,1.0,0.25083333333333335,0.5016666666666667,0.07916666666666666,0.16833333333333333,0.03530953000150572,0.03530953000150572,1.0,0.2571964205493367,0.3732653100055558,0.14804645698212612,0.22149181246298133,0.0809713526644251,0.0809713526644251,1.0,0.25401487694133507,0.4374659883361113,0.1136065618243964,0.19491257289815733,0.0,0.0,1.0,0.2410747513714753,0.36943476124154595,0.13268914492249173,0.2568013424644871
28,0.0794904873869788,0.0,0.126236103706033,98,28,0.0,0,0,20,0.2410747513714753,0.25333333333333335,0.36943476124154595,0.43666666666666665,0.13268914492249173,0.09,0.2568013424644871,0.22,0.14199048738697884,0.14199048738697884,1.0,0.25083333333333335,0.5016666666666667,0.07916666666666666,0.16833333333333333,0.03530953000150572,0.03530953000150572,1.0,0.2571964205493367,0.3732653100055558,0.14804645698212612,0.22149181246298133,0.0809713526644251,0.0809713526644251,1.0,0.25401487694133507,0.4374659883361113,0.1136065618243964,0.19491257289815733,0.0,0.0,1.0,0.2410747513714753,0.36943476124154595,0.13268914492249173,0.2568013424644871
29,0.0794904873869788,0.0,0.126236103706033,115,28,0.0,0,0,20,0.2410747513714753,0.25333333333333335,0.36943476124154595,0.43666666666666665,0.13268914492249173,0.09,0.2568013424644871,0.22,0.14199048738697884,0.14199048738697884,1.0,0.25083333333333335,0.5016666666666667,0.07916666666666666,0.16833333333333333,0.03530953000150572,0.03530953000150572,1.0,0.2571964205493367,0.3732653100055558,0.14804645698212612,0.22149181246298133,0.0809713526644251,0.0809713526644251,1.0,0.25401487694133507,0.4374659883361113,0.1136065618243964,0.19491257289815733,0.0,0.0,1.0,0.2410747513714753,0.36943476124154595,0.13268914492249173,0.2568013424644871
30,0.0794904873869788,0.0,0.126236103706033,134,28,0.0,0,1,30,0.2410747513714753,0.25333333333333335,0.36943476124154595,0.43666666666666665,0.13268914492249173,0.09,0.2568013424644871,0.22,0.13949048738697878,0.13949048738697878,1.0,0.25,0.5,0.08333333333333333,0.16666666666666666,0.041617389128404264,0.041617389128404264,1.0,0.2301825765565155,0.33870954692810146,0.1610262362338351,0.27008164028154796,0.04992001222250479,0.04992001222250479,1.0,0.24009128827825776,0.4193547734640507,0.12217978478358421,0.21837415347410732,0.0,0.0,1.0,0.2410747513714753,0.36943476124154595,0.13268914492249173,0.2568013424644871
31,0.0794904873869788,0.0,0.126236103706033,117,28,0.0,0,0,30,0.2410747513714753,0.25333333333333335,0.36943476124154595,0.43666666666666665,0.13268914492249173,0.09,0.2568013424644871,0.22,0.13949048738697878,0.13949048738697878,1.0,0.25,0.5,0.08333333333333333,0.16666666666666666,0.041617389128404264,0.041617389128404264,1.0,0.2301825765565155,0.33870954692810146,0.1610262362338351,0.27008164028154796,0.04992001222250479,0.04992001222250479,1.0,0.24009128827825776,0.4193547734640507,0.12217978478358421,0.21837415347410732,0.0,0.0,1.0,0.2410747513714753,0.36943476124154595,0.13268914492249173,0.2568013424644871
32,0.0794904873869788,0.0,0.126236103706033,98,28,0.0,0,0,30,0.2410747513714753,0.25333333333333335,0.36943476124154595,0.43666666666666665,0.13268914492249173,0.09,0.2568013424644871,0.22,0.13949048738697878,0.13949048738697878,1.0,0.25,0.5,0.08333333333333333,0.16666666666666666,0.041617389128404264,0.041617389128404264,1.0,0.2301825765565155,0.33870954692810146,0.1610262362338351,0.27008164028154796,0.04992001222250479,0.04992001222250479,1.0,0.24009128827825776,0.4193547734640507,0.12217978478358421,0.21837415347410732,0.0,0.0,1.0,0.2410747513714753,0.36943476124154595,0.13268914492249173,0.2568013424644871
33,0.07782382072031213,0.0,0.126236103706033,108,28,0.0,0,0,30,0.2410747513714753,0.255,0.36943476124154595,0.43333333333333335,0.13268914492249173,0.09,0.2568013424644871,0.22166666666666668,0.13949048738697878,0.13949048738697878,1.0,0.25,0.5,0.08333333333333333,0.16666666666666666,0.041617389128404264,0.041617389128404264,1.0,0.2301825765565155,0.33870954692810146,0.1610262362338351,0.27008164028154796,0.04992001222250479,0.04992001222250479,1.0,0.24009128827825776,0.4193547734640507,0.12217978478358421,0.21837415347410732,0.0,0.0,1.0,0.2410747513714753,0.36943476124154595,0.13268914492249173,0.2568013424644871
34,0.07782382072031213,0.0,0.126236103706033,110,28,0.0,0,0,30,0.2410747513714753,0.255,0.36943476124154595,0.43333333333333335,0.13268914492249173,0.09,0.2568013424644871,0.22166666666666668,0.13949048738697878,0.13949048738697878,1.0,0.25,0.5,0.08333333333333333,0.16666666666666666,0.041617389128404264,0.041617389128404264,1.0,0.2301825765565155,0.33870954692810146,0.1610262362338351,0.27008164028154796,0.04992001222250479,0.04992001222250479,1.0,0.24009128827825776,0.4193547734640507,0.12217978478358421,0.21837415347410732,0.0,0.0,1.0,0.2410747513714753,0.36943476124154595,0.13268914492249173,0.2568013424644871
35,0.0778238207203121,0.0,0.126236103706033,102,28,0.0,0,0,30,0.2410747513714753,0.25166666666666665,0.36943476124154595,0.43666666666666665,0.13268914492249173,0.09,0.2568013424644871,0.22166666666666668,0.13949048738697878,0.13949048738697878,1.0,0.25,0.5,0.08333333333333333,0.16666666666666666,0.041617389128404264,0.041617389128404264,1.0,0.2301825765565155,0.33870954692810146,0.1610262362338351,0.27008164028154796,0.04992001222250479,0.04992001222250479,1.0,0.24009128827825776,0.4193547734640507,0.12217978478358421,0.21837415347410732,0.0,0.0,1.0,0.2410747513714753,0.36943476124154595,0.13268914492249173,0.2568013424644871
36,0.07782382072031213,0.0,0.126236103706033,115,28,0.0,0,0,30,0.2410747513714753,0.25333333333333335,0.36943476124154595,0.435,0.13268914492249173,0.09,0.2568013424644871,0.22166666666666668,0.13949048738697878,0.13949048738697878,1.0,0.25,0.5,0.08333333333333333,0.16666666666666666,0.041617389128404264,0.041617389128404264,1.0,0.2301825765565155,0.33870954692810146,0.1610262362338351,0.27008164028154796,0.04992001222250479,0.04992001222250479,1.0,0.24009128827825776,0.4193547734640507,0.12217978478358421,0.21837415347410732,0.0,0.0,1.0,0.2410747513714753,0.36943476124154595,0.13268914492249173,0.2568013424644871
37,0.07782382072031213,0.0,0.126236103706033,118,28,0.0,0,0,30,0.2410747513714753,0.25333333333333335,0.36943476124154595,0.435,0.13268914492249173,0.09,0.2568013424644871,0.22166666666666668,0.13949048738697878,0.13949048738697878,1.0,0.25,0.5,0.08333333333333333,0.16666666666666666,0.041617389128404264,0.041617389128404264,1.0,0.2301825765565155,0.33870954692810146,0.1610262362338351,0.27008164028154796,0.04992001222250479,0.04992001222250479,1.0,0.24009128827825776,0.4193547734640507,0.12217978478358421,0.21837415347410732,0.0,0.0,1.0,0.2410747513714753,0.36943476124154595,0.13268914492249173,0.2568013424644871
38,0.07782382072031213,0.0,0.126236103706033,132,28,0.0,0,0,30,0.2410747513714753,0.25333333333333335,0.36943476124154595,0.435,0.13268914492249173,0.09,0.2568013424644871,0.22166666666666668,0.13949048738697878,0.13949048738697878,1.0,0.25,0.5,0.08333333333333333,0.16666666666666666,0.041617389128404264,0.041617389128404264,1.0,0.2301825765565155,0.33870954692810146,0.1610262362338351,0.27008164028154796,0.04992001222250479,0.04992001222250479,1.0,0.24009128827825776,0.4193547734640507,0.12217978478358421,0.21837415347410732,0.0,0.0,1.0,0.2410747513714753,0.36943476124154595,0.13268914492249173,0.2568013424644871
39,0.07782382072031213,0.0,0.126236103706033,107,28,0.0,0,0,30,0.2410747513714753,0.25333333333333335,0.36943476124154595,0.435,0.13268914492249173,0.09,0.2568013424644871,0.22166666666666668,0.13949048738697878,0.13949048738697878,1.0,0.25,0.5,0.08333333333333333,0.16666666666666666,0.041617389128404264,0.041617389128404264,1.0,0.2301825765565155,0.33870954692810146,0.1610262362338351,0.27008164028154796,0.04992001222250479,0.04992001222250479,1.0,0.24009128827825776,0.4193547734640507,0.12217978478358421,0.21837415347410732,0.0,0.0,1.0,0.2410747513714753,0.36943476124154595,0.13268914492249173,0.2568013424644871
40,0.07782382072031213,0.0,0.126236103706033,114,28,0.0,0,1,40,0.2410747513714753,0.25333333333333335,0.36943476124154595,0.435,0.13268914492249173,0.09,0.2568013424644871,0.22166666666666668,0.13949048738697878,0.13949048738697878,1.0,0.25,0.5,0.08333333333333333,0.16666666666666666,0.14930825201219128,0.14930825201219128,0.0,0.30814644708643985,0.24128780108593326,0.11152785306591313,0.3390378987617138,0.03920761147316535,0.03920761147316535,1.0,0.27907322354321995,0.37064390054296664,0.09743059319962323,0.25285228271419025,0.0,0.0,1.0,0.2410747513714753,0.36943476124154595,0.13268914492249173,0.2568013424644871
41,0.07782382072031213,0.0,0.126236103706033,109,28,0.0,0,0,40,0.2410747513714753,0.25333333333333335,0.36943476124154595,0.435,0.13268914492249173,0.09,0.2568013424644871,0.22166666666666668,0.13949048738697878,0.13949048738697878,1.0,0.25,0.5,0.08333333333333333,0.16666666666666666,0.14930825201219128,0.14930825201219128,0.0,0.30814644708643985,0.24128780108593326,0.11152785306591313,0.3390378987617138,0.03920761147316535,0.03920761147316535,1.0,0.27907322354321995,0.37064390054296664,0.09743059319962323,0.25285228271419025,0.0,0.0,1.0,0.2410747513714753,0.36943476124154595,0.13268914492249173,0.2568013424644871
42,0.07782382072031213,0.0,0.126236103706033,120,28,0.0,0,0,40,0.2410747513714753,0.25333333333333335,0.36943476124154595,0.435,0.13268914492249173,0.09,0.2568013424644871,0.22166666666666668,0.13949048738697878,0.13949048738697878,1.0,0.25,0.5,0.08333333333333333,0.16666666666666666,0.14930825201219128,0.14930825201219128,0.0,0.30814644708643985,0.24128780108593326,0.11152785306591313,0.3390378987617138,0.03920761147316535,0.03920761147316535,1.0,0.27907322354321995,0.37064390054296664,0.09743059319962323,0.25285228271419025,0.0,0.0,1.0,0.2410747513714753,0.36943476124154595,0.13268914492249173,0.2568013424644871
43,0.07782382072031213,0.0,0.126236103706033,115,28,0.0,0,0,40,0.2410747513714753,0.25333333333333335,0.36943476124154595,0.435,0.13268914492249173,0.09,0.2568013424644871,0.22166666666666668,0.13949048738697878,0.13949048738697878,1.0,0.25,0.5,0.08333333333333333,0.16666666666666666,0.14930825201219128,0.14930825201219128,0.0,0.30814644708643985,0.24128780108593326,0.11152785306591313,0.3390378987617138,0.03920761147316535,0.03920761147316535,1.0,0.27907322354321995,0.37064390054296664,0.09743059319962323,0.25285228271419025,0.0,0.0,1.0,0.2410747513714753,0.36943476124154595,0.13268914492249173,0.2568013424644871
44,0.0778238207203121,0.0,0.126236103706033,102,28,0.0,0,0,40,0.2410747513714753,0.25166666666666665,0.36943476124154595,0.43666666666666665,0.13268914492249173,0.09,0.2568013424644871,0.22166666666666668,0.13949048738697878,0.13949048738697878,1.0,0.25,0.5,0.08333333333333333,0.16666666666666666,0.14930825201219128,0.14930825201219128,0.0,0.30814644708643985,0.24128780108593326,0.11152785306591313,0.3390378987617138,0.03920761147316535,0.03920761147316535,1.0,0.27907322354321995,0.37064390054296664,0.09743059319962323,0.25285228271419025,0.0,0.0,1.0,0.2410747513714753,0.36943476124154595,0.13268914492249173,0.2568013424644871
45,0.07782382072031213,0.0,0.126236103706033,113,28,0.0,0,0,40,0.2410747513714753,0.25333333333333335,0.36943476124154595,0.435,0.13268914492249173,0.09,0.2568013424644871,0.22166666666666668,0.13949048738697878,0.13949048738697878,1.0,0.25,0.5,0.08333333333333333,0.16666666666666666,0.14930825201219128,0.14930825201219128,0.0,0.30814644708643985,0.24128780108593326,0.11152785306591313,0.3390378987617138,0.03920761147316535,0.03920761147316535,1.0,0.27907322354321995,0.37064390054296664,0.09743059319962323,0.25285228271419025,0.0,0.0,1.0,0.2410747513714753,0.36943476124154595,0.13268914492249173,0.2568013424644871
46,0.07782382072031213,0.0,0.126236103706033,120,28,0.0,0,0,40,0.2410747513714753,0.25333333333333335,0.36943476124154595,0.435,0.13268914492249173,0.09,0.2568013424644871,0.22166666666666668,0.13949048738697878,0.13949048738697878,1.0,0.25,0.5,0.08333333333333333,0.16666666666666666,0.14930825201219128,0.14930825201219128,0.0,0.30814644708643985,0.24128780108593326,0.11152785306591313,0.3390378987617138,0.03920761147316535,0.03920761147316535,1.0,0.27907322354321995,0.37064390054296664,0.09743059319962323,0.25285228271419025,0.0,0.0,1.0,0.2410747513714753,0.36943476124154595,0.13268914492249173,0.2568013424644871
47,0.07782382072031213,0.0,0.126236103706033,125,28,0.0,0,0,40,0.2410747513714753,0.25333333333333335,0.36943476124154595,0.435,0.13268914492249173,0.09,0.2568013424644871,0.22166666666666668,0.13949048738697878,0.13949048738697878,1.0,0.25,0.5,0.08333333333333333,0.16666666666666666,0.14930825201219128,0.14930825201219128,0.0,0.30814644708643985,0.24128780108593326,0.11152785306591313,0.3390378987617138,0.03920761147316535,0.03920761147316535,1.0,0.27907322354321995,0.37064390054296664,0.09743059319962323,0.25285228271419025,0.0,0.0,1.0,0.2410747513714753,0.36943476124154595,0.13268914492249173,0.2568013424644871
48,0.07782382072031213,0.0,0.126236103706033,118,28,0.0,0,0,40,0.2410747513714753,0.25333333333333335,0.36943476124154595,0.435,0.13268914492249173,0.09,0.2568013424644871,0.22166666666666668,0.13949048738697878,0.13949048738697878,1.0,0.25,0.5,0.08333333333333333,0.16666666666666666,0.14930825201219128,0.14930825201219128,0.0,0.30814644708643985,0.24128780108593326,0.11152785306591313,0.3390378987617138,0.03920761147316535,0.03920761147316535,1.0,0.27907322354321995,0.37064390054296664,0.09743059319962323,0.25285228271419025,0.0,0.0,1.0,0.2410747513714753,0.36943476124154595,0.13268914492249173,0.2568013424644871
49,0.07782382072031213,0.0,0.126236103706033,112,28,0.0,0,0,40,0.2410747513714753,0.25333333333333335,0.36943476124154595,0.435,0.13268914492249173,0.09,0.2568013424644871,0.22166666666666668,0.13949048738697878,0.13949048738697878,1.0,0.25,0.5,0.08333333333333333,0.16666666666666666,0.14930825201219128,0.14930825201219128,0.0,0.30814644708643985,0.24128780108593326,0.11152785306591313,0.3390378987617138,0.03920761147316535,0.03920761147316535,1.0,0.27907322354321995,0.37064390054296664,0.09743059319962323,0.25285228271419025,0.0,0.0,1.0,0.2410747513714753,0.36943476124154595,0.13268914492249173,0.2568013424644871
50,0.07782382072031213,0.0,0.126236103706033,118,28,0.0,0,1,50,0.2410747513714753,0.25333333333333335,0.36943476124154595,0.435,0.13268914492249173,0.09,0.2568013424644871,0.22166666666666668,0.13949048738697878,0.13949048738697878,1.0,0.25,0.5,0.08333333333333333,0.16666666666666666,0.08722165202081389,0.08722165202081389,1.0,0.3217950359797095,0.3759361286541256,0.10282291239436757,0.19944592297179733,0.11335606970389635,0.11335606970389635,1.0,0.28589751798985474,0.4379680643270628,0.09307812286385045,0.183056294819232,0.0,0.0,1.0,0.2410747513714753,0.36943476124154595,0.13268914492249173,0.2568013424644871
51,0.07782382072031213,0.0,0.126236103706033,107,28,0.0,0,0,50,0.2410747513714753,0.25333333333333335,0.36943476124154595,0.435,0.13268914492249173,0.09,0.2568013424644871,0.22166666666666668,0.13949048738697878,0.13949048738697878,1.0,0.25,0.5,0.08333333333333333,0.16666666666666666,0.08722165202081389,0.08722165202081389,1.0,0.3217950359797095,0.3759361286541256,0.10282291239436757,0.19944592297179733,0.11335606970389635,0.11335606970389635,1.0,0.28589751798985474,0.4379680643270628,0.09307812286385045,0.183056294819232,0.0,0.0,1.0,0.2410747513714753,0.36943476124154595,0.13268914492249173,0.2568013424644871
52,0.07782382072031213,0.0,0.126236103706033,118,28,0.0,0,0,50,0.2410747513714753,0.25333333333333335,0.36943476124154595,0.435,0.13268914492249173,0.09,0.2568013424644871,0.22166666666666668,0.13949048738697878,0.13949048738697878,1.0,0.25,0.5,0.08333333333333333,0.16666666666666666,0.08722165202081389,0.08722165202081389,1.0,0.3217950359797095,0.3759361286541256,0.10282291239436757,0.19944592297179733,0.11335606970389635,0.11335606970389635,1.0,0.28589751798985474,0.4379680643270628,0.09307812286385045,0.183056294819232,0.0,0.0,1.0,0.2410747513714753,0.36943476124154595,0.13268914492249173,0.2568013424644871
53,0.07782382072031213,0.0,0.126236103706033,102,28,0.0,0,0,50,0.2410747513714753,0.25333333333333335,0.36943476124154595,0.435,0.13268914492249173,0.09,0.2568013424644871,0.22166666666666668,0.13949048738697878,0.13949048738697878,1.0,0.25,0.5,0.08333333333333333,0.16666666666666666,0.08722165202081389,0.08722165202081389,1.0,0.3217950359797095,0.3759361286541256,0.10282291239436757,0.19944592297179733,0.11335606970389635,0.11335606970389635,1.0,0.28589751798985474,0.4379680643270628,0.09307812286385045,0.183056294819232,0.0,0.0,1.0,0.2410747513714753,0.36943476124154595,0.13268914492249173,0.2568013424644871
54,0.07782382072031213,0.0,0.126236103706033,121,28,0.0,0,0,50,0.2410747513714753,0.25333333333333335,0.36943476124154595,0.435,0.13268914492249173,0.09,0.2568013424644871,0.22166666666666668,0.13949048738697878,0.13949048738697878,1.0,0.25,0.5,0.08333333333333333,0.16666666666666666,0.08722165202081389,0.08722165202081389,1.0,0.3217950359797095,0.3759361286541256,0.10282291239436757,0.19944592297179733,0.11335606970389635,0.11335606970389635,1.0,0.28589751798985474,0.4379680643270628,0.09307812286385045,0.183056294819232,0.0,0.0,1.0,0.2410747513714753,0.36943476124154595,0.13268914492249173,0.2568013424644871
55,0.07782382072031213,0.0,0.126236103706033,116,28,0.0,0,0,50,0.2410747513714753,0.25333333333333335,0.36943476124154595,0.435,0.13268914492249173,0.09,0.2568013424644871,0.22166666666666668,0.13949048738697878,0.13949048738697878,1.0,0.25,0.5,0.08333333333333333,0.16666666666666666,0.08722165202081389,0.08722165202081389,1.0,0.3217950359797095,0.3759361286541256,0.10282291239436757,0.19944592297179733,0.11335606970389635,0.11335606970389635,1.0,0.28589751798985474,0.4379680643270628,0.09307812286385045,0.183056294819232,0.0,0.0,1.0,0.2410747513714753,0.36943476124154595,0.13268914492249173,0.2568013424644871
56,0.07782382072031213,0.0,0.126236103706033,118,28,0.0,0,0,50,0.2410747513714753,0.25333333333333335,0.36943476124154595,0.435,0.13268914492249173,0.09,0.2568013424644871,0.22166666666666668,0.13949048738697878,0.13949048738697878,1.0,0.25,0.5,0.08333333333333333,0.16666666666666666,0.08722165202081389,0.08722165202081389,1.0,0.3217950359797095,0.3759361286541256,0.10282291239436757,0.19944592297179733,0.11335606970389635,0.11335606970389635,1.0,0.28589751798985474,0.4379680643270628,0.09307812286385045,0.183056294819232,0.0,0.0,1.0,0.2410747513714753,0.36943476124154595,0.13268914492249173,0.2568013424644871
57,0.07782382072031213,0.0,0.126236103706033,89,28,0.0,0,0,50,0.2410747513714753,0.25333333333333335,0.36943476124154595,0.435,0.13268914492249173,0.09,0.2568013424644871,0.22166666666666668,0.13949048738697878,0.13949048738697878,1.0,0.25,0.5,0.08333333333333333,0.16666666666666666,0.08722165202081389,0.08722165202081389,1.0,0.3217950359797095,0.3759361286541256,0.10282291239436757,0.19944592297179733,0.11335606970389635,0.11335606970389635,1.0,0.28589751798985474,0.4379680643270628,0.09307812286385045,0.183056294819232,0.0,0.0,1.0,0.2410747513714753,0.36943476124154595,0.13268914492249173,0.2568013424644871
58,0.07782382072031213,0.0,0.126236103706033,106,28,0.0,0,0,50,0.2410747513714753,0.25333333333333335,0.36943476124154595,0.435,0.13268914492249173,0.09,0.2568013424644871,0.22166666666666668,0.13949048738697878,0.13949048738697878,1.0,0.25,0.5,0.08333333333333333,0.16666666666666666,0.08722165202081389,0.08722165202081389,1.0,0.3217950359797095,0.3759361286541256,0.10282291239436757,0.19944592297179733,0.11335606970389635,0.11335606970389635,1.0,0.28589751798985474,0.4379680643270628,0.09307812286385045,0.183056294819232,0.0,0.0,1.0,0.2410747513714753,0.36943476124154595,0.13268914492249173,0.2568013424644871
59,0.0794904873869788,0.0,0.126236103706033,124,28,0.0,0,0,50,0.2410747513714753,0.25333333333333335,0.36943476124154595,0.43666666666666665,0.13268914492249173,0.09,0.2568013424644871,0.22,0.13949048738697878,0.13949048738697878,1.0,0.25,0.5,0.08333333333333333,0.16666666666666666,0.08722165202081389,0.08722165202081389,1.0,0.3217950359797095,0.3759361286541256,0.10282291239436757,0.19944592297179733,0.11335606970389635,0.11335606970389635,1.0,0.28589751798985474,0.4379680643270628,0.09307812286385045,0.183056294819232,0.0,0.0,1.0,0.2410747513714753,0.36943476124154595,0.13268914492249173,0.2568013424644871
60,0.0794904873869788,0.0,0.126236103706033,108,28,0.0,0,1,60,0.2410747513714753,0.25333333333333335,0.36943476124154595,0.43666666666666665,0.13268914492249173,0.09,0.2568013424644871,0.22,0.13949048738697878,0.13949048738697878,1.0,0.25,0.5,0.08333333333333333,0.16666666666666666,0.11093379221111822,0.11093379221111822,0.0,0.2105495170425696,0.3440890025033791,0.07762634577844599,0.36773513467560526,0.0630092982167925,0.0630092982167925,1.0,0.23027475852128482,0.4220445012516896,0.08047983955588967,0.26720090067113594,0.0,0.0,1.0,0.2410747513714753,0.36943476124154595,0.13268914492249173,0.2568013424644871
61,0.07782382072031213,0.0,0.126236103706033,114,28,0.0,0,0,60,0.2410747513714753,0.25333333333333335,0.36943476124154595,0.435,0.13268914492249173,0.09,0.2568013424644871,0.22166666666666668,0.13949048738697878,0.13949048738697878,1.0,0.25,0.5,0.08333333333333333,0.16666666666666666,0.11093379221111822,0.11093379221111822,0.0,0.2105495170425696,0.3440890025033791,0.07762634577844599,0.36773513467560526,0.0630092982167925,0.0630092982167925,1.0,0.23027475852128482,0.4220445012516896,0.08047983955588967,0.26720090067113594,0.0,0.0,1.0,0.2410747513714753,0.36943476124154595,0.13268914492249173,0.2568013424644871
62,0.07782382072031213,0.0,0.126236103706033,110,28,0.0,0,0,60,0.2410747513714753,0.25333333333333335,0.36943476124154595,0.435,0.13268914492249173,0.09,0.2568013424644871,0.22166666666666668,0.13949048738697878,0.13949048738697878,1.0,0.25,0.5,0.08333333333333333,0.16666666666666666,0.11093379221111822,0.11093379221111822,0.0,0.2105495170425696,0.3440890025033791,0.07762634577844599,0.36773513467560526,0.0630092982167925,0.0630092982167925,1.0,0.23027475852128482,0.4220445012516896,0.08047983955588967,0.26720090067113594,0.0,0.0,1.0,0.2410747513714753,0.36943476124154595,0.13268914492249173,0.2568013424644871
63,0.0794904873869788,0.0,0.126236103706033,103,28,0.0,0,0,60,0.2410747513714753,0.25333333333333335,0.36943476124154595,0.43666666666666665,0.13268914492249173,0.09,0.2568013424644871,0.22,0.13949048738697878,0.13949048738697878,1.0,0.25,0.5,0.08333333333333333,0.16666666666666666,0.11093379221111822,0.11093379221111822,0.0,0.2105495170425696,0.3440890025033791,0.07762634577844599,0.36773513467560526,0.0630092982167925,0.0630092982167925,1.0,0.23027475852128482,0.4220445012516896,0.08047983955588967,0.26720090067113594,0.0,0.0,1.0,0.2410747513714753,0.36943476124154595,0.13268914492249173,0.2568013424644871
64,0.0794904873869788,0.0,0.126236103706033,110,28,0.0,0,0,60,0.2410747513714753,0.25333333333333335,0.36943476124154595,0.43666666666666665,0.13268914492249173,0.09,0.2568013424644871,0.22,0.13949048738697878,0.13949048738697878,1.0,0.25,0.5,0.08333333333333333,0.16666666666666666,0.11093379221111822,0.11093379221111822,0.0,0.2105495170425696,0.3440890025033791,0.07762634577844599,0.36773513467560526,0.0630092982167925,0.0630092982167925,1.0,0.23027475852128482,0.4220445012516896,0.08047983955588967,0.26720090067113594,0.0,0.0,1.0,0.2410747513714753,0.36943476124154595,0.13268914492249173,0.2568013424644871
65,0.08115715405364549,0.0,0.126236103706033,115,28,0.0,0,0,60,0.2410747513714753,0.25333333333333335,0.36943476124154595,0.43833333333333335,0.13268914492249173,0.09,0.2568013424644871,0.21833333333333332,0.13949048738697878,0.13949048738697878,1.0,0.25,0.5,0.08333333333333333,0.16666666666666666,0.11093379221111822,0.11093379221111822,0.0,0.2105495170425696,0.3440890025033791,0.07762634577844599,0.36773513467560526,0.0630092982167925,0.0630092982167925,1.0,0.23027475852128482,0.4220445012516896,0.08047983955588967,0.26720090067113594,0.0,0.0,1.0,0.2410747513714753,0.36943476124154595,0.13268914492249173,0.2568013424644871
66,0.0794904873869788,0.0,0.126236103706033,120,28,0.0,0,0,60,0.2410747513714753,0.25333333333333335,0.36943476124154595,0.43666666666666665,0.13268914492249173,0.09,0.2568013424644871,0.22,0.13949048738697878,0.13949048738697878,1.0,0.25,0.5,0.08333333333333333,0.16666666666666666,0.11093379221111822,0.11093379221111822,0.0,0.2105495170425696,0.3440890025033791,0.07762634577844599,0.36773513467560526,0.0630092982167925,0.0630092982167925,1.0,0.23027475852128482,0.4220445012516896,0.08047983955588967,0.26720090067113594,0.0,0.0,1.0,0.2410747513714753,0.36943476124154595,0.13268914492249173,0.2568013424644871
67,0.0794904873869788,0.0,0.126236103706033,115,28,0.0,0,0,60,0.2410747513714753,0.25333333333333335,0.36943476124154595,0.43666666666666665,0.13268914492249173,0.09,0.2568013424644871,0.22,0.13949048738697878,0.13949048738697878,1.0,0.25,0.5,0.08333333333333333,0.16666666666666666,0.11093379221111822,0.11093379221111822,0.0,0.2105495170425696,0.3440890025033791,0.07762634577844599,0.36773513467560526,0.0630092982167925,0.0630092982167925,1.0,0.23027475852128482,0.4220445012516896,0.08047983955588967,0.26720090067113594,0.0,0.0,1.0,0.2410747513714753,0.36943476124154595,0.13268914492249173,0.2568013424644871
68,0.07782382072031213,0.0,0.126236103706033,119,28,0.0,0,0,60,0.2410747513714753,0.25333333333333335,0.36943476124154595,0.435,0.13268914492249173,0.09,0.2568013424644871,0.22166666666666668,0.13949048738697878,0.13949048738697878,1.0,0.25,0.5,0.08333333333333333,0.16666666666666666,0.11093379221111822,0.11093379221111822,0.0,0.2105495170425696,0.3440890025033791,0.07762634577844599,0.36773513467560526,0.0630092982167925,0.0630092982167925,1.0,0.23027475852128482,0.4220445012516896,0.08047983955588967,0.26720090067113594,0.0,0.0,1.0,0.2410747513714753,0.36943476124154595,0.13268914492249173,0.2568013424644871
69,0.07782382072031213,0.0,0.126236103706033,108,28,0.0,0,0,60,0.2410747513714753,0.25333333333333335,0.36943476124154595,0.435,0.13268914492249173,0.09,0.2568013424644871,0.22166666666666668,0.13949048738697878,0.13949048738697878,1.0,0.25,0.5,0.08333333333333333,0.16666666666666666,0.11093379221111822,0.11093379221111822,0.0,0.2105495170425696,0.3440890025033791,0.07762634577844599,0.36773513467560526,0.0630092982167925,0.0630092982167925,1.0,0.23027475852128482,0.4220445012516896,0.08047983955588967,0.26720090067113594,0.0,0.0,1.0,0.2410747513714753,0.36943476124154595,0.13268914492249173,0.2568013424644871
70,0.07782382072031213,0.0,0.126236103706033,111,28,0.0,0,1,70,0.2410747513714753,0.25333333333333335,0.36943476124154595,0.435,0.13268914492249173,0.09,0.2568013424644871,0.22166666666666668,0.13949048738697878,0.13949048738697878,1.0,0.25,0.5,0.08333333333333333,0.16666666666666666,0.07110022321041545,0.07110022321041545,1.0,0.3121749745818907,0.331104325121541,0.12983571052912857,0.22688498976743973,0.08613013723869464,0.08613013723869464,1.0,0.28108748729094535,0.4155521625607705,0.10658452193123094,0.1967758282170532,0.0,0.0,1.0,0.2410747513714753,0.36943476124154595,0.13268914492249173,0.2568013424644871
71,0.07782382072031213,0.0,0.126236103706033,113,28,0.0,0,0,70,0.2410747513714753,0.25333333333333335,0.36943476124154595,0.435,0.13268914492249173,0.09,0.2568013424644871,0.22166666666666668,0.13949048738697878,0.13949048738697878,1.0,0.25,0.5,0.08333333333333333,0.16666666666666666,0.07110022321041545,0.07110022321041545,1.0,0.3121749745818907,0.331104325121541,0.12983571052912857,0.22688498976743973,0.08613013723869464,0.08613013723869464,1.0,0.28108748729094535,0.4155521625607705,0.10658452193123094,0.1967758282170532,0.0,0.0,1.0,0.2410747513714753,0.36943476124154595,0.13268914492249173,0.2568013424644871
72,0.07782382072031213,0.0,0.126236103706033,128,28,0.0,0,0,70,0.2410747513714753,0.25333333333333335,0.36943476124154595,0.435,0.13268914492249173,0.09,0.2568013424644871,0.22166666666666668,0.13949048738697878,0.13949048738697878,1.0,0.25,0.5,0.08333333333333333,0.16666666666666666,0.07110022321041545,0.07110022321041545,1.0,0.3121749745818907,0.331104325121541,0.12983571052912857,0.22688498976743973,0.08613013723869464,0.08613013723869464,1.0,0.28108748729094535,0.4155521625607705,0.10658452193123094,0.1967758282170532,0.0,0.0,1.0,0.2410747513714753,0.36943476124154595,0.13268914492249173,0.2568013424644871
73,0.07782382072031213,0.0,0.126236103706033,108,28,0.0,0,0,70,0.2410747513714753,0.25333333333333335,0.36943476124154595,0.435,0.13268914492249173,0.09,0.2568013424644871,0.22166666666666668,0.13949048738697878,0.13949048738697878,1.0,0.25,0.5,0.08333333333333333,0.16666666666666666,0.07110022321041545,0.07110022321041545,1.0,0.3121749745818907,0.331104325121541,0.12983571052912857,0.22688498976743973,0.08613013723869464,0.08613013723869464,1.0,0.28108748729094535,0.4155521625607705,0.10658452193123094,0.1967758282170532,0.0,0.0,1.0,0.2410747513714753,0.36943476124154595,0.13268914492249173,0.2568013424644871
74,0.07782382072031213,0.0,0.126236103706033,125,28,0.0,0,0,70,0.2410747513714753,0.25333333333333335,0.36943476124154595,0.435,0.13268914492249173,0.09,0.2568013424644871,0.22166666666666668,0.13949048738697878,0.13949048738697878,1.0,0.25,0.5,0.08333333333333333,0.16666666666666666,0.07110022321041545,0.07110022321041545,1.0,0.3121749745818907,0.331104325121541,0.12983571052912857,0.22688498976743973,0.08613013723869464,0.08613013723869464,1.0,0.28108748729094535,0.4155521625607705,0.10658452193123094,0.1967758282170532,0.0,0.0,1.0,0.2410747513714753,0.36943476124154595,0.13268914492249173,0.2568013424644871
75,0.07782382072031213,0.0,0.126236103706033,123,28,0.0,0,0,70,0.2410747513714753,0.25333333333333335,0.36943476124154595,0.435,0.13268914492249173,0.09,0.2568013424644871,0.22166666666666668,0.13949048738697878,0.13949048738697878,1.0,0.25,0.5,0.08333333333333333,0.16666666666666666,0.07110022321041545,0.07110022321041545,1.0,0.3121749745818907,0.331104325121541,0.12983571052912857,0.22688498976743973,0.08613013723869464,0.08613013723869464,1.0,0.28108748729094535,0.4155521625607705,0.10658452193123094,0.1967758282170532,0.0,0.0,1.0,0.2410747513714753,0.36943476124154595,0.13268914492249173,0.2568013424644871
76,0.07782382072031213,0.0,0.126236103706033,103,28,0.0,0,0,70,0.2410747513714753,0.25333333333333335,0.36943476124154595,0.435,0.13268914492249173,0.09,0.2568013424644871,0.22166666666666668,0.13949048738697878,0.13949048738697878,1.0,0.25,0.5,0.08333333333333333,0.16666666666666666,0.07110022321041545,0.07110022321041545,1.0,0.3121749745818907,0.331104325121541,0.12983571052912857,0.22688498976743973,0.08613013723869464,0.08613013723869464,1.0,0.28108748729094535,0.4155521625607705,0.10658452193123094,0.1967758282170532,0.0,0.0,1.0,0.2410747513714753,0.36943476124154595,0.13268914492249173,0.2568013424644871
77,0.07782382072031213,0.0,0.126236103706033,112,28,0.0,0,0,70,0.2410747513714753,0.25333333333333335,0.36943476124154595,0.435,0.13268914492249173,0.09,0.2568013424644871,0.22166666666666668,0.13949048738697878,0.13949048738697878,1.0,0.25,0.5,0.08333333333333333,0.16666666666666666,0.07110022321041545,0.07110022321041545,1.0,0.3121749745818907,0.331104325121541,0.12983571052912857,0.22688498976743973,0.08613013723869464,0.08613013723869464,1.0,0.28108748729094535,0.4155521625607705,0.10658452193123094,0.1967758282170532,0.0,0.0,1.0,0.2410747513714753,0.36943476124154595,0.13268914492249173,0.2568013424644871
78,0.07782382072031213,0.0,0.126236103706033,97,28,0.0,0,0,70,0.2410747513714753,0.25333333333333335,0.36943476124154595,0.435,0.13268914492249173,0.09,0.2568013424644871,0.22166666666666668,0.13949048738697878,0.13949048738697878,1.0,0.25,0.5,0.08333333333333333,0.16666666666666666,0.07110022321041545,0.07110022321041545,1.0,0.3121749745818907,0.331104325121541,0.12983571052912857,0.22688498976743973,0.08613013723869464,0.08613013723869464,1.0,0.28108748729094535,0.4155521625607705,0.10658452193123094,0.1967758282170532,0.0,0.0,1.0,0.2410747513714753,0.36943476124154595,0.13268914492249173,0.2568013424644871
79,0.07782382072031213,0.0,0.126236103706033,115,28,0.0,0,0,70,0.2410747513714753,0.25333333333333335,0.36943476124154595,0.435,0.13268914492249173,0.09,0.2568013424644871,0.22166666666666668,0.13949048738697878,0.13949048738697878,1.0,0.25,0.5,0.08333333333333333,0.16666666666666666,0.07110022321041545,0.07110022321041545,1.0,0.3121749745818907,0.331104325121541,0.12983571052912857,0.22688498976743973,0.08613013723869464,0.08613013723869464,1.0,0.28108748729094535,0.4155521625607705,0.10658452193123094,0.1967758282170532,0.0,0.0,1.0,0.2410747513714753,0.36943476124154595,0.13268914492249173,0.2568013424644871
80,0.07782382072031213,0.0,0.126236103706033,111,28,0.0,0,1,80,0.2410747513714753,0.255,0.36943476124154595,0.43333333333333335,0.13268914492249173,0.09,0.2568013424644871,0.22166666666666668,0.13949048738697878,0.13949048738697878,1.0,0.25,0.5,0.08333333333333333,0.16666666666666666,0.08481038790268804,0.08481038790268804,1.0,0.28373049107637777,0.4017359394427769,0.14254261491904627,0.171990954561799,0.10722370264655615,0.10722370264655615,1.0,0.2668652455381889,0.45086796972138843,0.1129379741261898,0.16932881061423283,0.0,0.0,1.0,0.2410747513714753,0.36943476124154595,0.13268914492249173,0.2568013424644871
81,0.0794904873869788,0.0,0.126236103706033,125,28,0.0,0,0,80,0.2410747513714753,0.25666666666666665,0.36943476124154595,0.43333333333333335,0.13268914492249173,0.09,0.2568013424644871,0.22,0.13949048738697878,0.13949048738697878,1.0,0.25,0.5,0.08333333333333333,0.16666666666666666,0.08481038790268804,0.08481038790268804,1.0,0.28373049107637777,0.4017359394427769,0.14254261491904627,0.171990954561799,0.10722370264655615,0.10722370264655615,1.0,0.2668652455381889,0.45086796972138843,0.1129379741261898,0.16932881061423283,0.0,0.0,1.0,0.2410747513714753,0.36943476124154595,0.13268914492249173,0.2568013424644871
82,0.0794904873869788,0.0,0.126236103706033,129,28,0.0,0,0,80,0.2410747513714753,0.25666666666666665,0.36943476124154595,0.43333333333333335,0.13268914492249173,0.09,0.2568013424644871,0.22,0.13949048738697878,0.13949048738697878,1.0,0.25,0.5,0.08333333333333333,0.16666666666666666,0.08481038790268804,0.08481038790268804,1.0,0.28373049107637777,0.4017359394427769,0.14254261491904627,0.171990954561799,0.10722370264655615,0.10722370264655615,1.0,0.2668652455381889,0.45086796972138843,0.1129379741261898,0.16932881061423283,0.0,0.0,1.0,0.2410747513714753,0.36943476124154595,0.13268914492249173,0.2568013424644871
83,0.07782382072031213,0.0,0.126236103706033,117,28,0.0,0,0,80,0.2410747513714753,0.25333333333333335,0.36943476124154595,0.435,0.13268914492249173,0.09,0.2568013424644871,0.22166666666666668,0.13949048738697878,0.13949048738697878,1.0,0.25,0.5,0.08333333333333333,0.16666666666666666,0.08481038790268804,0.08481038790268804,1.0,0.28373049107637777,0.4017359394427769,0.14254261491904627,0.171990954561799,0.10722370264655615,0.10722370264655615,1.0,0.2668652455381889,0.45086796972138843,0.1129379741261898,0.16932881061423283,0.0,0.0,1.0,0.2410747513714753,0.36943476124154595,0.13268914492249173,0.2568013424644871
84,0.07782382072031213,0.0,0.126236103706033,108,28,0.0,0,0,80,0.2410747513714753,0.255,0.36943476124154595,0.43333333333333335,0.13268914492249173,0.09,0.2568013424644871,0.22166666666666668,0.13949048738697878,0.13949048738697878,1.0,0.25,0.5,0.08333333333333333,0.16666666666666666,0.08481038790268804,0.08481038790268804,1.0,0.28373049107637777,0.4017359394427769,0.14254261491904627,0.171990954561799,0.10722370264655615,0.10722370264655615,1.0,0.2668652455381889,0.45086796972138843,0.1129379741261898,0.16932881061423283,0.0,0.0,1.0,0.2410747513714753,0.36943476124154595,0.13268914492249173,0.2568013424644871
85,0.0794904873869788,0.0,0.126236103706033,116,28,0.0,0,0,80,0.2410747513714753,0.25666666666666665,0.36943476124154595,0.43333333333333335,0.13268914492249173,0.09,0.2568013424644871,0.22,0.13949048738697878,0.13949048738697878,1.0,0.25,0.5,0.08333333333333333,0.16666666666666666,0.08481038790268804,0.08481038790268804,1.0,0.28373049107637777,0.4017359394427769,0.14254261491904627,0.171990954561799,0.10722370264655615,0.10722370264655615,1.0,0.2668652455381889,0.45086796972138843,0.1129379741261898,0.16932881061423283,0.0,0.0,1.0,0.2410747513714753,0.36943476124154595,0.13268914492249173,0.2568013424644871
86,0.0794904873869788,0.0,0.126236103706033,110,28,0.0,0,0,80,0.2410747513714753,0.25666666666666665,0.36943476124154595,0.43333333333333335,0.13268914492249173,0.09,0.2568013424644871,0.22,0.13949048738697878,0.13949048738697878,1.0,0.25,0.5,0.08333333333333333,0.16666666666666666,0.08481038790268804,0.08481038790268804,1.0,0.28373049107637777,0.4017359394427769,0.14254261491904627,0.171990954561799,0.10722370264655615,0.10722370264655615,1.0,0.2668652455381889,0.45086796972138843,0.1129379741261898,0.16932881061423283,0.0,0.0,1.0,0.2410747513714753,0.36943476124154595,0.13268914492249173,0.2568013424644871
87,0.0794904873869788,0.0,0.126236103706033,108,28,0.0,0,0,80,0.2410747513714753,0.25666666666666665,0.36943476124154595,0.43333333333333335,0.13268914492249173,0.09,0.2568013424644871,0.22,0.13949048738697878,0.13949048738697878,1.0,0.25,0.5,0.08333333333333333,0.16666666666666666,0.08481038790268804,0.08481038790268804,1.0,0.28373049107637777,0.4017359394427769,0.14254261491904627,0.171990954561799,0.10722370264655615,0.10722370264655615,1.0,0.2668652455381889,0.45086796972138843,0.1129379741261898,0.16932881061423283,0.0,0.0,1.0,0.2410747513714753,0.36943476124154595,0.13268914492249173,0.2568013424644871
88,0.0794904873869788,0.0,0.126236103706033,112,28,0.0,0,0,80,0.2410747513714753,0.25666666666666665,0.36943476124154595,0.43333333333333335,0.13268914492249173,0.09,0.2568013424644871,0.22,0.13949048738697878,0.13949048738697878,1.0,0.25,0.5,0.08333333333333333,0.16666666666666666,0.08481038790268804,0.08481038790268804,1.0,0.28373049107637777,0.4017359394427769,0.14254261491904627,0.171990954561799,0.10722370264655615,0.10722370264655615,1.0,0.2668652455381889,0.45086796972138843,0.1129379741261898,0.16932881061423283,0.0,0.0,1.0,0.2410747513714753,0.36943476124154595,0.13268914492249173,0.2568013424644871
89,0.0794904873869788,0.0,0.126236103706033,108,28,0.0,0,0,80,0.2410747513714753,0.25666666666666665,0.36943476124154595,0.43333333333333335,0.13268914492249173,0.09,0.2568013424644871,0.22,0.13949048738697878,0.13949048738697878,1.0,0.25,0.5,0.08333333333333333,0.16666666666666666,0.08481038790268804,0.08481038790268804,1.0,0.28373049107637777,0.4017359394427769,0.14254261491904627,0.171990954561799,0.10722370264655615,0.10722370264655615,1.0,0.2668652455381889,0.45086796972138843,0.1129379741261898,0.16932881061423283,0.0,0.0,1.0,0.2410747513714753,0.36943476124154595,0.13268914492249173,0.2568013424644871
90,0.0794904873869788,0.0,0.126236103706033,124,26,0.0,0,1,90,0.2410747513714753,0.25666666666666665,0.36943476124154595,0.43333333333333335,0.13268914492249173,0.09,0.2568013424644871,0.22,0.13949048738697878,0.13949048738697878,1.0,0.25,0.5,0.08333333333333333,0.16666666666666666,0.09895199278912806,0.09895199278912806,0.0,0.19416957015137837,0.3409700900745007,0.1091070045205058,0.3557533352536151,0.055458942291358226,0.055458942291358226,1.0,0.22208478507568918,0.42048504503725037,0.09622016892691956,0.26121000096014085,0.0,0.0,1.0,0.2410747513714753,0.36943476124154595,0.13268914492249173,0.2568013424644871
91,0.0794904873869788,0.0,0.126236103706033,128,26,0.0,0,0,90,0.2410747513714753,0.25666666666666665,0.36943476124154595,0.43333333333333335,0.13268914492249173,0.09,0.2568013424644871,0.22,0.13949048738697878,0.13949048738697878,1.0,0.25,0.5,0.08333333333333333,0.16666666666666666,0.09895199278912806,0.09895199278912806,0.0,0.19416957015137837,0.3409700900745007,0.1091070045205058,0.3557533352536151,0.055458942291358226,0.055458942291358226,1.0,0.22208478507568918,0.42048504503725037,0.09622016892691956,0.26121000096014085,0.0,0.0,1.0,0.2410747513714753,0.36943476124154595,0.13268914492249173,0.2568013424644871
92,0.0794904873869788,0.0,0.126236103706033,117,26,0.0,0,0,90,0.2410747513714753,0.25666666666666665,0.36943476124154595,0.43333333333333335,0.13268914492249173,0.09,0.2568013424644871,0.22,0.13949048738697878,0.13949048738697878,1.0,0.25,0.5,0.08333333333333333,0.16666666666666666,0.09895199278912806,0.09895199278912806,0.0,0.19416957015137837,0.3409700900745007,0.1091070045205058,0.3557533352536151,0.055458942291358226,0.055458942291358226,1.0,0.22208478507568918,0.42048504503725037,0.09622016892691956,0.26121000096014085,0.0,0.0,1.0,0.2410747513714753,0.36943476124154595,0.13268914492249173,0.2568013424644871
93,0.0794904873869788,0.0,0.126236103706033,116,26,0.0,0,0,90,0.2410747513714753,0.25666666666666665,0.36943476124154595,0.43333333333333335,0.13268914492249173,0.09,0.2568013424644871,0.22,0.13949048738697878,0.13949048738697878,1.0,0.25,0.5,0.08333333333333333,0.16666666666666666,0.09895199278912806,0.09895199278912806,0.0,0.19416957015137837,0.3409700900745007,0.1091070045205058,0.3557533352536151,0.055458942291358226,0.055458942291358226,1.0,0.22208478507568918,0.42048504503725037,0.09622016892691956,0.26121000096014085,0.0,0.0,1.0,0.2410747513714753,0.36943476124154595,0.13268914492249173,0.2568013424644871
94,0.0794904873869788,0.0,0.126236103706033,94,26,0.0,0,0,90,0.2410747513714753,0.25666666666666665,0.36943476124154595,0.43333333333333335,0.13268914492249173,0.09,0.2568013424644871,0.22,0.13949048738697878,0.13949048738697878,1.0,0.25,0.5,0.08333333333333333,0.16666666666666666,0.09895199278912806,0.09895199278912806,0.0,0.19416957015137837,0.3409700900745007,0.1091070045205058,0.3557533352536151,0.055458942291358226,0.055458942291358226,1.0,0.22208478507568918,0.42048504503725037,0.09622016892691956,0.26121000096014085,0.0,0.0,1.0,0.2410747513714753,0.36943476124154595,0.13268914492249173,0.2568013424644871
95,0.0794904873869788,0.0,0.126236103706033,112,26,0.0,0,0,90,0.2410747513714753,0.25666666666666665,0.36943476124154595,0.43333333333333335,0.13268914492249173,0.09,0.2568013424644871,0.22,0.13949048738697878,0.13949048738697878,1.0,0.25,0.5,0.08333333333333333,0.16666666666666666,0.09895199278912806,0.09895199278912806,0.0,0.19416957015137837,0.3409700900745007,0.1091070045205058,0.3557533352536151,0.055458942291358226,0.055458942291358226,1.0,0.22208478507568918,0.42048504503725037,0.09622016892691956,0.26121000096014085,0.0,0.0,1.0,0.2410747513714753,0.36943476124154595,0.13268914492249173,0.2568013424644871
96,0.0794904873869788,0.0,0.126236103706033,123,26,0.0,0,0,90,0.2410747513714753,0.25666666666666665,0.36943476124154595,0.43333333333333335,0.13268914492249173,0.09,0.2568013424644871,0.22,0.13949048738697878,0.13949048738697878,1.0,0.25,0.5,0.08333333333333333,0.16666666666666666,0.09895199278912806,0.09895199278912806,0.0,0.19416957015137837,0.3409700900745007,0.1091070045205058,0.3557533352536151,0.055458942291358226,0.055458942291358226,1.0,0.22208478507568918,0.42048504503725037,0.09622016892691956,0.26121000096014085,0.0,0.0,1.0,0.2410747513714753,0.36943476124154595,0.13268914492249173,0.2568013424644871
97,0.0794904873869788,0.0,0.126236103706033,104,26,0.0,0,0,90,0.2410747513714753,0.25666666666666665,0.36943476124154595,0.43333333333333335,0.13268914492249173,0.09,0.2568013424644871,0.22,0.13949048738697878,0.13949048738697878,1.0,0.25,0.5,0.08333333333333333,0.16666666666666666,0.09895199278912806,0.09895199278912806,0.0,0.19416957015137837,0.3409700900745007,0.1091070045205058,0.3557533352536151,0.055458942291358226,0.055458942291358226,1.0,0.22208478507568918,0.42048504503725037,0.09622016892691956,0.26121000096014085,0.0,0.0,1.0,0.2410747513714753,0.36943476124154595,0.13268914492249173,0.2568013424644871
98,0.0794904873869788,0.0,0.126236103706033,111,26,0.0,0,0,90,0.2410747513714753,0.25666666666666665,0.36943476124154595,0.43333333333333335,0.13268914492249173,0.09,0.2568013424644871,0.22,0.13949048738697878,0.13949048738697878,1.0,0.25,0.5,0.08333333333333333,0.16666666666666666,0.09895199278912806,0.09895199278912806,0.0,0.19416957015137837,0.3409700900745007,0.1091070045205058,0.3557533352536151,0.055458942291358226,0.055458942291358226,1.0,0.22208478507568918,0.42048504503725037,0.09622016892691956,0.26121000096014085,0.0,0.0,1.0,0.2410747513714753,0.36943476124154595,0.13268914492249173,0.2568013424644871
99,0.0794904873869788,0.0,0.126236103706033,116,26,0.0,0,0,90,0.2410747513714753,0.25666666666666665,0.36943476124154595,0.43333333333333335,0.13268914492249173,0.09,0.2568013424644871,0.22,0.13949048738697878,0.13949048738697878,1.0,0.25,0.5,0.08333333333333333,0.16666666666666666,0.09895199278912806,0.09895199278912806,0.0,0.19416957015137837,0.3409700900745007,0.1091070045205058,0.3557533352536151,0.055458942291358226,0.055458942291358226,1.0,0.22208478507568918,0.42048504503725037,0.09622016892691956,0.26121000096014085,0.0,0.0,1.0,0.2410747513714753,0.36943476124154595,0.13268914492249173,0.2568013424644871
100,0.4555095126130212,0.0,0.126236103706033,106,7,0.0,0,1,100,0.2410747513714753,0.0,0.36943476124154595,0.155,0.13268914492249173,0.5783333333333334,0.2568013424644871,0.26666666666666666,0.11306523875845409,0.11306523875845409,1.0,0.2375,0.4825,0.10833333333333334,0.17166666666666666,0.051296673067979456,0.051296673067979456,1.0,0.19062376277358314,0.4179126240796806,0.13184346045240444,0.2596201526943319,0.08077155079829437,0.08077155079829437,1.0,0.21406188138679155,0.4502063120398403,0.12008839689286889,0.21564340968049928,0.0,0.0,1.0,0.2410747513714753,0.36943476124154595,0.13268914492249173,0.2568013424644871
101,0.4505095126130212,0.0,0.126236103706033,94,11,0.0,0,0,100,0.2410747513714753,0.0,0.36943476124154595,0.16,0.13268914492249173,0.4266666666666667,0.2568013424644871,0.41333333333333333,0.11306523875845409,0.11306523875845409,1.0,0.2375,0.4825,0.10833333333333334,0.17166666666666666,0.051296673067979456,0.051296673067979456,1.0,0.19062376277358314,0.4179126240796806,0.13184346045240444,0.2596201526943319,0.08077155079829437,0.08077155079829437,1.0,0.21406188138679155,0.4502063120398403,0.12008839689286889,0.21564340968049928,0.0,0.0,1.0,0.2410747513714753,0.36943476124154595,0.13268914492249173,0.2568013424644871
102,0.3805095126130212,0.0,0.126236103706033,103,12,0.0,0,0,100,0.2410747513714753,0.07333333333333333,0.36943476124154595,0.15666666666666668,0.13268914492249173,0.22833333333333333,0.2568013424644871,0.5416666666666666,0.11306523875845409,0.11306523875845409,1.0,0.2375,0.4825,0.10833333333333334,0.17166666666666666,0.051296673067979456,0.051296673067979456,1.0,0.19062376277358314,0.4179126240796806,0.13184346045240444,0.2596201526943319,0.08077155079829437,0.08077155079829437,1.0,0.21406188138679155,0.4502063120398403,0.12008839689286889,0.21564340968049928,0.0,0.0,1.0,0.2410747513714753,0.36943476124154595,0.13268914492249173,0.2568013424644871
103,0.3871761792796879,0.0,0.126236103706033,105,16,0.0,0,0,100,0.2410747513714753,0.08666666666666667,0.36943476124154595,0.13666666666666666,0.13268914492249173,0.2,0.2568013424644871,0.5766666666666667,0.11306523875845409,0.11306523875845409,1.0,0.2375,0.4825,0.10833333333333334,0.17166666666666666,0.051296673067979456,0.051296673067979456,1.0,0.19062376277358314,0.4179126240796806,0.13184346045240444,0.2596201526943319,0.08077155079829437,0.08077155079829437,1.0,0.21406188138679155,0.4502063120398403,0.12008839689286889,0.21564340968049928,0.0,0.0,1.0,0.2410747513714753,0.36943476124154595,0.13268914492249173,0.2568013424644871
104,0.2848653242021796,0.0,0.126236103706033,97,17,0.0,0,0,100,0.2410747513714753,0.135,0.36943476124154595,0.21166666666666667,0.13268914492249173,0.11166666666666666,0.2568013424644871,0.5416666666666666,0.11306523875845409,0.11306523875845409,1.0,0.2375,0.4825,0.10833333333333334,0.17166666666666666,0.051296673067979456,0.051296673067979456,1.0,0.19062376277358314,0.4179126240796806,0.13184346045240444,0.2596201526943319,0.08077155079829437,0.08077155079829437,1.0,0.21406188138679155,0.4502063120398403,0.12008839689286889,0.21564340968049928,0.0,0.0,1.0,0.2410747513714753,0.36943476124154595,0.13268914492249173,0.2568013424644871
105,0.2198653242021796,0.0,0.126236103706033,85,19,0.0,0,0,100,0.2410747513714753,0.2,0.36943476124154595,0.22166666666666668,0.13268914492249173,0.10166666666666667,0.2568013424644871,0.4766666666666667,0.11306523875845409,0.11306523875845409,1.0,0.2375,0.4825,0.10833333333333334,0.17166666666666666,0.051296673067979456,0.051296673067979456,1.0,0.19062376277358314,0.4179126240796806,0.13184346045240444,0.2596201526943319,0.08077155079829437,0.08077155079829437,1.0,0.21406188138679155,0.4502063120398403,0.12008839689286889,0.21564340968049928,0.0,0.0,1.0,0.2410747513714753,0.36943476124154595,0.13268914492249173,0.2568013424644871
106,0.1498653242021796,0.0,0.126236103706033,101,20,0.0,0,0,100,0.2410747513714753,0.22166666666666668,0.36943476124154595,0.27166666666666667,0.13268914492249173,0.1,0.2568013424644871,0.4066666666666667,0.11306523875845409,0.11306523875845409,1.0,0.2375,0.4825,0.10833333333333334,0.17166666666666666,0.051296673067979456,0.051296673067979456,1.0,0.19062376277358314,0.4179126240796806,0.13184346045240444,0.2596201526943319,0.08077155079829437,0.08077155079829437,1.0,0.21406188138679155,0.4502063120398403,0.12008839689286889,0.21564340968049928,0.0,0.0,1.0,0.2410747513714753,0.36943476124154595,0.13268914492249173,0.2568013424644871
107,0.0848653242021796,0.0,0.126236103706033,97,22,0.0,0,0,100,0.2410747513714753,0.21666666666666667,0.36943476124154595,0.34833333333333333,0.13268914492249173,0.09333333333333334,0.2568013424644871,0.3416666666666667,0.11306523875845409,0.11306523875845409,1.0,0.2375,0.4825,0.10833333333333334,0.17166666666666666,0.051296673067979456,0.051296673067979456,1.0,0.19062376277358314,0.4179126240796806,0.13184346045240444,0.2596201526943319,0.08077155079829437,0.08077155079829437,1.0,0.21406188138679155,0.4502063120398403,0.12008839689286889,0.21564340968049928,0.0,0.0,1.0,0.2410747513714753,0.36943476124154595,0.13268914492249173,0.2568013424644871
108,0.083763896293967,0.0,0.126236103706033,86,23,0.0,0,0,100,0.2410747513714753,0.19833333333333333,0.36943476124154595,0.4216666666666667,0.13268914492249173,0.09166666666666666,0.2568013424644871,0.28833333333333333,0.11306523875845409,0.11306523875845409,1.0,0.2375,0.4825,0.10833333333333334,0.17166666666666666,0.051296673067979456,0.051296673067979456,1.0,0.19062376277358314,0.4179126240796806,0.13184346045240444,0.2596201526943319,0.08077155079829437,0.08077155079829437,1.0,0.21406188138679155,0.4502063120398403,0.12008839689286889,0.21564340968049928,0.0,0.0,1.0,0.2410747513714753,0.36943476124154595,0.13268914492249173,0.2568013424644871
109,0.08209722962730034,0.0,0.126236103706033,92,24,0.0,0,0,100,0.2410747513714753,0.20166666666666666,0.36943476124154595,0.4266666666666667,0.13268914492249173,0.09,0.2568013424644871,0.2816666666666667,0.11306523875845409,0.11306523875845409,1.0,0.2375,0.4825,0.10833333333333334,0.17166666666666666,0.051296673067979456,0.051296673067979456,1.0,0.19062376277358314,0.4179126240796806,0.13184346045240444,0.2596201526943319,0.08077155079829437,0.08077155079829437,1.0,0.21406188138679155,0.4502063120398403,0.12008839689286889,0.21564340968049928,0.0,0.0,1.0,0.2410747513714753,0.36943476124154595,0.13268914492249173,0.2568013424644871
110,0.05376389629396701,0.0,0.126236103706033,79,24,0.0,0,1,110,0.2410747513714753,0.23,0.36943476124154595,0.4216666666666667,0.13268914492249173,0.09,0.2568013424644871,0.25833333333333336,0.03440808470480859,0.03440808470480859,1.0,0.20666666666666667,0.37083333333333335,0.13666666666666666,0.28583333333333333,0.07789855252941792,0.07789855252941792,1.0,0.24693709174138223,0.2968048138245623,0.20472535708200268,0.2515327373520528,0.049888559830048945,0.049888559830048945,1.0,0.22680187920402445,0.3338190735789478,0.17069601187433467,0.26868303534269306,0.0,0.0,1.0,0.2410747513714753,0.36943476124154595,0.13268914492249173,0.2568013424644871
111,0.055565238758454094,0.0,0.126236103706033,92,25,0.0,0,0,110,0.2410747513714753,0.23333333333333334,0.36943476124154595,0.425,0.13268914492249173,0.09,0.2568013424644871,0.25166666666666665,0.03440808470480859,0.03440808470480859,1.0,0.20666666666666667,0.37083333333333335,0.13666666666666666,0.28583333333333333,0.07789855252941792,0.07789855252941792,1.0,0.24693709174138223,0.2968048138245623,0.20472535708200268,0.2515327373520528,0.049888559830048945,0.049888559830048945,1.0,0.22680187920402445,0.3338190735789478,0.17069601187433467,0.26868303534269306,0.0,0.0,1.0,0.2410747513714753,0.36943476124154595,0.13268914492249173,0.2568013424644871
112,0.05556523875845409,0.0,0.126236103706033,78,25,0.0,0,0,110,0.2410747513714753,0.23666666666666666,0.36943476124154595,0.425,0.13268914492249173,0.08833333333333333,0.2568013424644871,0.25,0.03440808470480859,0.03440808470480859,1.0,0.20666666666666667,0.37083333333333335,0.13666666666666666,0.28583333333333333,0.07789855252941792,0.07789855252941792,1.0,0.24693709174138223,0.2968048138245623,0.20472535708200268,0.2515327373520528,0.049888559830048945,0.049888559830048945,1.0,0.22680187920402445,0.3338190735789478,0.17069601187433467,0.26868303534269306,0.0,0.0,1.0,0.2410747513714753,0.36943476124154595,0.13268914492249173,0.2568013424644871
113,0.058898572091787435,0.0,0.126236103706033,87,25,0.0,0,0,110,0.2410747513714753,0.24,0.36943476124154595,0.42833333333333334,0.13268914492249173,0.09,0.2568013424644871,0.24166666666666667,0.03440808470480859,0.03440808470480859,1.0,0.20666666666666667,0.37083333333333335,0.13666666666666666,0.28583333333333333,0.07789855252941792,0.07789855252941792,1.0,0.24693709174138223,0.2968048138245623,0.20472535708200268,0.2515327373520528,0.049888559830048945,0.049888559830048945,1.0,0.22680187920402445,0.3338190735789478,0.17069601187433467,0.26868303534269306,0.0,0.0,1.0,0.2410747513714753,0.36943476124154595,0.13268914492249173,0.2568013424644871
114,0.06223190542512075,0.0,0.126236103706033,95,25,0.0,0,0,110,0.2410747513714753,0.23833333333333334,0.36943476124154595,0.43166666666666664,0.13268914492249173,0.09,0.2568013424644871,0.24,0.03440808470480859,0.03440808470480859,1.0,0.20666666666666667,0.37083333333333335,0.13666666666666666,0.28583333333333333,0.07789855252941792,0.07789855252941792,1.0,0.24693709174138223,0.2968048138245623,0.20472535708200268,0.2515327373520528,0.049888559830048945,0.049888559830048945,1.0,0.22680187920402445,0.3338190735789478,0.17069601187433467,0.26868303534269306,0.0,0.0,1.0,0.2410747513714753,0.36943476124154595,0.13268914492249173,0.2568013424644871
115,0.06389857209178743,0.0,0.126236103706033,78,25,0.0,0,0,110,0.2410747513714753,0.23833333333333334,0.36943476124154595,0.43333333333333335,0.13268914492249173,0.09,0.2568013424644871,0.23833333333333334,0.03440808470480859,0.03440808470480859,1.0,0.20666666666666667,0.37083333333333335,0.13666666666666666,0.28583333333333333,0.07789855252941792,0.07789855252941792,1.0,0.24693709174138223,0.2968048138245623,0.20472535708200268,0.2515327373520528,0.049888559830048945,0.049888559830048945,1.0,0.22680187920402445,0.3338190735789478,0.17069601187433467,0.26868303534269306,0.0,0.0,1.0,0.2410747513714753,0.36943476124154595,0.13268914492249173,0.2568013424644871
116,0.06282382072031212,0.0,0.126236103706033,97,25,0.0,0,0,110,0.2410747513714753,0.24166666666666667,0.36943476124154595,0.43166666666666664,0.13268914492249173,0.09,0.2568013424644871,0.23666666666666666,0.03440808470480859,0.03440808470480859,1.0,0.20666666666666667,0.37083333333333335,0.13666666666666666,0.28583333333333333,0.07789855252941792,0.07789855252941792,1.0,0.24693709174138223,0.2968048138245623,0.20472535708200268,0.2515327373520528,0.049888559830048945,0.049888559830048945,1.0,0.22680187920402445,0.3338190735789478,0.17069601187433467,0.26868303534269306,0.0,0.0,1.0,0.2410747513714753,0.36943476124154595,0.13268914492249173,0.2568013424644871
117,0.0644904873869788,0.0,0.126236103706033,89,25,0.0,0,0,110,0.2410747513714753,0.24166666666666667,0.36943476124154595,0.43333333333333335,0.13268914492249173,0.08833333333333333,0.2568013424644871,0.23666666666666666,0.03440808470480859,0.03440808470480859,1.0,0.20666666666666667,0.37083333333333335,0.13666666666666666,0.28583333333333333,0.07789855252941792,0.07789855252941792,1.0,0.24693709174138223,0.2968048138245623,0.20472535708200268,0.2515327373520528,0.049888559830048945,0.049888559830048945,1.0,0.22680187920402445,0.3338190735789478,0.17069601187433467,0.26868303534269306,0.0,0.0,1.0,0.2410747513714753,0.36943476124154595,0.13268914492249173,0.2568013424644871
118,0.06282382072031213,0.0,0.126236103706033,92,25,0.0,0,0,110,0.2410747513714753,0.245,0.36943476124154595,0.42833333333333334,0.13268914492249173,0.09,0.2568013424644871,0.23666666666666666,0.03440808470480859,0.03440808470480859,1.0,0.20666666666666667,0.37083333333333335,0.13666666666666666,0.28583333333333333,0.07789855252941792,0.07789855252941792,1.0,0.24693709174138223,0.2968048138245623,0.20472535708200268,0.2515327373520528,0.049888559830048945,0.049888559830048945,1.0,0.22680187920402445,0.3338190735789478,0.17069601187433467,0.26868303534269306,0.0,0.0,1.0,0.2410747513714753,0.36943476124154595,0.13268914492249173,0.2568013424644871
119,0.0644904873869788,0.0,0.126236103706033,93,25,0.0,0,0,110,0.2410747513714753,0.24333333333333335,0.36943476124154595,0.43166666666666664,0.13268914492249173,0.09,0.2568013424644871,0.235,0.03440808470480859,0.03440808470480859,1.0,0.20666666666666667,0.37083333333333335,0.13666666666666666,0.28583333333333333,0.07789855252941792,0.07789855252941792,1.0,0.24693709174138223,0.2968048138245623,0.20472535708200268,0.2515327373520528,0.049888559830048945,0.049888559830048945,1.0,0.22680187920402445,0.3338190735789478,0.17069601187433467,0.26868303534269306,0.0,0.0,1.0,0.2410747513714753,0.36943476124154595,0.13268914492249173,0.2568013424644871
120,0.06615715405364547,0.0,0.126236103706033,96,25,0.0,0,1,120,0.2410747513714753,0.24333333333333335,0.36943476124154595,0.43333333333333335,0.13268914492249173,0.09,0.2568013424644871,0.23333333333333334,0.03959722962730032,0.03959722962730032,1.0,0.2225,0.37666666666666665,0.11166666666666666,0.2891666666666667,0.05981263504969312,0.05981263504969312,1.0,0.2484645616103348,0.3366207796464275,0.10569049146791705,0.3092241672753207,0.04239407450650662,0.04239407450650662,1.0,0.23548228080516742,0.3566437231565471,0.10867857906729186,0.2991954169709937,0.0,0.0,1.0,0.2410747513714753,0.36943476124154595,0.13268914492249173,0.2568013424644871
121,0.06782382072031214,0.0,0.126236103706033,87,25,0.0,0,0,120,0.2410747513714753,0.24333333333333335,0.36943476124154595,0.435,0.13268914492249173,0.09,0.2568013424644871,0.23166666666666666,0.03959722962730032,0.03959722962730032,1.0,0.2225,0.37666666666666665,0.11166666666666666,0.2891666666666667,0.05981263504969312,0.05981263504969312,1.0,0.2484645616103348,0.3366207796464275,0.10569049146791705,0.3092241672753207,0.04239407450650662,0.04239407450650662,1.0,0.23548228080516742,0.3566437231565471,0.10867857906729186,0.2991954169709937,0.0,0.0,1.0,0.2410747513714753,0.36943476124154595,0.13268914492249173,0.2568013424644871
122,0.06949048738697879,0.0,0.126236103706033,83,25,0.0,0,0,120,0.2410747513714753,0.24333333333333335,0.36943476124154595,0.43666666666666665,0.13268914492249173,0.09,0.2568013424644871,0.23,0.03959722962730032,0.03959722962730032,1.0,0.2225,0.37666666666666665,0.11166666666666666,0.2891666666666667,0.05981263504969312,0.05981263504969312,1.0,0.2484645616103348,0.3366207796464275,0.10569049146791705,0.3092241672753207,0.04239407450650662,0.04239407450650662,1.0,0.23548228080516742,0.3566437231565471,0.10867857906729186,0.2991954169709937,0.0,0.0,1.0,0.2410747513714753,0.36943476124154595,0.13268914492249173,0.2568013424644871
123,0.07282382072031213,0.0,0.126236103706033,96,25,0.0,0,0,120,0.2410747513714753,0.24666666666666667,0.36943476124154595,0.43666666666666665,0.13268914492249173,0.09,0.2568013424644871,0.22666666666666666,0.03959722962730032,0.03959722962730032,1.0,0.2225,0.37666666666666665,0.11166666666666666,0.2891666666666667,0.05981263504969312,0.05981263504969312,1.0,0.2484645616103348,0.3366207796464275,0.10569049146791705,0.3092241672753207,0.04239407450650662,0.04239407450650662,1.0,0.23548228080516742,0.3566437231565471,0.10867857906729186,0.2991954169709937,0.0,0.0,1.0,0.2410747513714753,0.36943476124154595,0.13268914492249173,0.2568013424644871
124,0.07115715405364546,0.0,0.126236103706033,90,25,0.0,0,0,120,0.2410747513714753,0.24666666666666667,0.36943476124154595,0.435,0.13268914492249173,0.09,0.2568013424644871,0.22833333333333333,0.03959722962730032,0.03959722962730032,1.0,0.2225,0.37666666666666665,0.11166666666666666,0.2891666666666667,0.05981263504969312,0.05981263504969312,1.0,0.2484645616103348,0.3366207796464275,0.10569049146791705,0.3092241672753207,0.04239407450650662,0.04239407450650662,1.0,0.23548228080516742,0.3566437231565471,0.10867857906729186,0.2991954169709937,0.0,0.0,1.0,0.2410747513714753,0.36943476124154595,0.13268914492249173,0.2568013424644871
125,0.07449048738697878,0.0,0.126236103706033,103,25,0.0,0,0,120,0.2410747513714753,0.24833333333333332,0.36943476124154595,0.43666666666666665,0.13268914492249173,0.09,0.2568013424644871,0.225,0.03959722962730032,0.03959722962730032,1.0,0.2225,0.37666666666666665,0.11166666666666666,0.2891666666666667,0.05981263504969312,0.05981263504969312,1.0,0.2484645616103348,0.3366207796464275,0.10569049146791705,0.3092241672753207,0.04239407450650662,0.04239407450650662,1.0,0.23548228080516742,0.3566437231565471,0.10867857906729186,0.2991954169709937,0.0,0.0,1.0,0.2410747513714753,0.36943476124154595,0.13268914492249173,0.2568013424644871
126,0.07449048738697878,0.0,0.126236103706033,96,25,0.0,0,0,120,0.2410747513714753,0.24833333333333332,0.36943476124154595,0.43666666666666665,0.13268914492249173,0.09,0.2568013424644871,0.225,0.03959722962730032,0.03959722962730032,1.0,0.2225,0.37666666666666665,0.11166666666666666,0.2891666666666667,0.05981263504969312,0.05981263504969312,1.0,0.2484645616103348,0.3366207796464275,0.10569049146791705,0.3092241672753207,0.04239407450650662,0.04239407450650662,1.0,0.23548228080516742,0.3566437231565471,0.10867857906729186,0.2991954169709937,0.0,0.0,1.0,0.2410747513714753,0.36943476124154595,0.13268914492249173,0.2568013424644871
127,0.07615715405364547,0.0,0.126236103706033,94,25,0.0,0,0,120,0.2410747513714753,0.24833333333333332,0.36943476124154595,0.43833333333333335,0.13268914492249173,0.09,0.2568013424644871,0.22333333333333333,0.03959722962730032,0.03959722962730032,1.0,0.2225,0.37666666666666665,0.11166666666666666,0.2891666666666667,0.05981263504969312,0.05981263504969312,1.0,0.2484645616103348,0.3366207796464275,0.10569049146791705,0.3092241672753207,0.04239407450650662,0.04239407450650662,1.0,0.23548228080516742,0.3566437231565471,0.10867857906729186,0.2991954169709937,0.0,0.0,1.0,0.2410747513714753,0.36943476124154595,0.13268914492249173,0.2568013424644871
128,0.07615715405364545,0.0,0.126236103706033,86,25,0.0,0,0,120,0.2410747513714753,0.25,0.36943476124154595,0.43666666666666665,0.13268914492249173,0.09,0.2568013424644871,0.22333333333333333,0.03959722962730032,0.03959722962730032,1.0,0.2225,0.37666666666666665,0.11166666666666666,0.2891666666666667,0.05981263504969312,0.05981263504969312,1.0,0.2484645616103348,0.3366207796464275,0.10569049146791705,0.3092241672753207,0.04239407450650662,0.04239407450650662,1.0,0.23548228080516742,0.3566437231565471,0.10867857906729186,0.2991954169709937,0.0,0.0,1.0,0.2410747513714753,0.36943476124154595,0.13268914492249173,0.2568013424644871
129,0.07449048738697878,0.0,0.126236103706033,95,25,0.0,0,0,120,0.2410747513714753,0.24833333333333332,0.36943476124154595,0.43666666666666665,0.13268914492249173,0.09,0.2568013424644871,0.225,0.03959722962730032,0.03959722962730032,1.0,0.2225,0.37666666666666665,0.11166666666666666,0.2891666666666667,0.05981263504969312,0.05981263504969312,1.0,0.2484645616103348,0.3366207796464275,0.10569049146791705,0.3092241672753207,0.04239407450650662,0.04239407450650662,1.0,0.23548228080516742,0.3566437231565471,0.10867857906729186,0.2991954169709937,0.0,0.0,1.0,0.2410747513714753,0.36943476124154595,0.13268914492249173,0.2568013424644871
130,0.07615715405364547,0.0,0.126236103706033,92,25,0.0,0,1,130,0.2410747513714753,0.24833333333333332,0.36943476124154595,0.43833333333333335,0.13268914492249173,0.09,0.2568013424644871,0.22333333333333333,0.13115715405364547,0.13115715405364547,1.0,0.25333333333333335,0.48833333333333334,0.08333333333333333,0.175,0.06528731550733587,0.06528731550733587,1.0,0.22474950421829298,0.4077067114185482,0.08372707656833811,0.28381670779482066,0.07858526113439486,0.07858526113439486,1.0,0.23904141877581317,0.44802002237594074,0.08353020495083571,0.22940835389741032,0.0,0.0,1.0,0.2410747513714753,0.36943476124154595,0.13268914492249173,0.2568013424644871
131,0.0794904873869788,0.0,0.126236103706033,97,25,0.0,0,0,130,0.2410747513714753,0.25,0.36943476124154595,0.44,0.13268914492249173,0.09,0.2568013424644871,0.22,0.13115715405364547,0.13115715405364547,1.0,0.25333333333333335,0.48833333333333334,0.08333333333333333,0.175,0.06528731550733587,0.06528731550733587,1.0,0.22474950421829298,0.4077067114185482,0.08372707656833811,0.28381670779482066,0.07858526113439486,0.07858526113439486,1.0,0.23904141877581317,0.44802002237594074,0.08353020495083571,0.22940835389741032,0.0,0.0,1.0,0.2410747513714753,0.36943476124154595,0.13268914492249173,0.2568013424644871
132,0.07782382072031212,0.0,0.126236103706033,89,25,0.0,0,0,130,0.2410747513714753,0.24833333333333332,0.36943476124154595,0.44,0.13268914492249173,0.09,0.2568013424644871,0.22166666666666668,0.13115715405364547,0.13115715405364547,1.0,0.25333333333333335,0.48833333333333334,0.08333333333333333,0.175,0.06528731550733587,0.06528731550733587,1.0,0.22474950421829298,0.4077067114185482,0.08372707656833811,0.28381670779482066,0.07858526113439486,0.07858526113439486,1.0,0.23904141877581317,0.44802002237594074,0.08353020495083571,0.22940835389741032,0.0,0.0,1.0,0.2410747513714753,0.36943476124154595,0.13268914492249173,0.2568013424644871
133,0.07782382072031212,0.0,0.126236103706033,92,25,0.0,0,0,130,0.2410747513714753,0.24833333333333332,0.36943476124154595,0.44,0.13268914492249173,0.09,0.2568013424644871,0.22166666666666668,0.13115715405364547,0.13115715405364547,1.0,0.25333333333333335,0.48833333333333334,0.08333333333333333,0.175,0.06528731550733587,0.06528731550733587,1.0,0.22474950421829298,0.4077067114185482,0.08372707656833811,0.28381670779482066,0.07858526113439486,0.07858526113439486,1.0,0.23904141877581317,0.44802002237594074,0.08353020495083571,0.22940835389741032,0.0,0.0,1.0,0.2410747513714753,0.36943476124154595,0.13268914492249173,0.2568013424644871
134,0.07782382072031213,0.0,0.126236103706033,83,25,0.0,0,0,130,0.2410747513714753,0.25,0.36943476124154595,0.43833333333333335,0.13268914492249173,0.09,0.2568013424644871,0.22166666666666668,0.13115715405364547,0.13115715405364547,1.0,0.25333333333333335,0.48833333333333334,0.08333333333333333,0.175,0.06528731550733587,0.06528731550733587,1.0,0.22474950421829298,0.4077067114185482,0.08372707656833811,0.28381670779482066,0.07858526113439486,0.07858526113439486,1.0,0.23904141877581317,0.44802002237594074,0.08353020495083571,0.22940835389741032,0.0,0.0,1.0,0.2410747513714753,0.36943476124154595,0.13268914492249173,0.2568013424644871
135,0.0794904873869788,0.0,0.126236103706033,85,25,0.0,0,0,130,0.2410747513714753,0.25333333333333335,0.36943476124154595,0.43666666666666665,0.13268914492249173,0.09,0.2568013424644871,0.22,0.13115715405364547,0.13115715405364547,1.0,0.25333333333333335,0.48833333333333334,0.08333333333333333,0.175,0.06528731550733587,0.06528731550733587,1.0,0.22474950421829298,0.4077067114185482,0.08372707656833811,0.28381670779482066,0.07858526113439486,0.07858526113439486,1.0,0.23904141877581317,0.44802002237594074,0.08353020495083571,0.22940835389741032,0.0,0.0,1.0,0.2410747513714753,0.36943476124154595,0.13268914492249173,0.2568013424644871
136,0.07615715405364547,0.0,0.126236103706033,91,25,0.0,0,0,130,0.2410747513714753,0.24833333333333332,0.36943476124154595,0.43833333333333335,0.13268914492249173,0.09,0.2568013424644871,0.22333333333333333,0.13115715405364547,0.13115715405364547,1.0,0.25333333333333335,0.48833333333333334,0.08333333333333333,0.175,0.06528731550733587,0.06528731550733587,1.0,0.22474950421829298,0.4077067114185482,0.08372707656833811,0.28381670779482066,0.07858526113439486,0.07858526113439486,1.0,0.23904141877581317,0.44802002237594074,0.08353020495083571,0.22940835389741032,0.0,0.0,1.0,0.2410747513714753,0.36943476124154595,0.13268914492249173,0.2568013424644871
137,0.0794904873869788,0.0,0.126236103706033,89,25,0.0,0,0,130,0.2410747513714753,0.25166666666666665,0.36943476124154595,0.43833333333333335,0.13268914492249173,0.09,0.2568013424644871,0.22,0.13115715405364547,0.13115715405364547,1.0,0.25333333333333335,0.48833333333333334,0.08333333333333333,0.175,0.06528731550733587,0.06528731550733587,1.0,0.22474950421829298,0.4077067114185482,0.08372707656833811,0.28381670779482066,0.07858526113439486,0.07858526113439486,1.0,0.23904141877581317,0.44802002237594074,0.08353020495083571,0.22940835389741032,0.0,0.0,1.0,0.2410747513714753,0.36943476124154595,0.13268914492249173,0.2568013424644871
138,0.0778238207203121,0.0,0.126236103706033,103,25,0.0,0,0,130,0.2410747513714753,0.25166666666666665,0.36943476124154595,0.43666666666666665,0.13268914492249173,0.09,0.2568013424644871,0.22166666666666668,0.13115715405364547,0.13115715405364547,1.0,0.25333333333333335,0.48833333333333334,0.08333333333333333,0.175,0.06528731550733587,0.06528731550733587,1.0,0.22474950421829298,0.4077067114185482,0.08372707656833811,0.28381670779482066,0.07858526113439486,0.07858526113439486,1.0,0.23904141877581317,0.44802002237594074,0.08353020495083571,0.22940835389741032,0.0,0.0,1.0,0.2410747513714753,0.36943476124154595,0.13268914492249173,0.2568013424644871
139,0.0794904873869788,0.0,0.126236103706033,105,25,0.0,0,0,130,0.2410747513714753,0.25333333333333335,0.36943476124154595,0.43666666666666665,0.13268914492249173,0.09,0.2568013424644871,0.22,0.13115715405364547,0.13115715405364547,1.0,0.25333333333333335,0.48833333333333334,0.08333333333333333,0.175,0.06528731550733587,0.06528731550733587,1.0,0.22474950421829298,0.4077067114185482,0.08372707656833811,0.28381670779482066,0.07858526113439486,0.07858526113439486,1.0,0.23904141877581317,0.44802002237594074,0.08353020495083571,0.22940835389741032,0.0,0.0,1.0,0.2410747513714753,0.36943476124154595,0.13268914492249173,0.2568013424644871
140,0.07782382072031213,0.0,0.126236103706033,95,25,0.0,0,1,140,0.2410747513714753,0.25333333333333335,0.36943476124154595,0.435,0.13268914492249173,0.09,0.2568013424644871,0.22166666666666668,0.13949048738697878,0.13949048738697878,1.0,0.25,0.5,0.08333333333333333,0.16666666666666666,0.04596140831233766,0.04596140831233766,1.0,0.2520286850332608,0.3861937102868802,0.08672773661015402,0.27504986806970494,0.0836016850470493,0.0836016850470493,1.0,0.2510143425166304,0.4430968551434401,0.08503053497174368,0.2208582673681858,0.0,0.0,1.0,0.2410747513714753,0.36943476124154595,0.13268914492249173,0.2568013424644871
141,0.08115715405364549,0.0,0.126236103706033,92,25,0.0,0,0,140,0.2410747513714753,0.25333333333333335,0.36943476124154595,0.43833333333333335,0.13268914492249173,0.09,0.2568013424644871,0.21833333333333332,0.13949048738697878,0.13949048738697878,1.0,0.25,0.5,0.08333333333333333,0.16666666666666666,0.04596140831233766,0.04596140831233766,1.0,0.2520286850332608,0.3861937102868802,0.08672773661015402,0.27504986806970494,0.0836016850470493,0.0836016850470493,1.0,0.2510143425166304,0.4430968551434401,0.08503053497174368,0.2208582673681858,0.0,0.0,1.0,0.2410747513714753,0.36943476124154595,0.13268914492249173,0.2568013424644871
142,0.08115715405364549,0.0,0.126236103706033,84,25,0.0,0,0,140,0.2410747513714753,0.25333333333333335,0.36943476124154595,0.43833333333333335,0.13268914492249173,0.09,0.2568013424644871,0.21833333333333332,0.13949048738697878,0.13949048738697878,1.0,0.25,0.5,0.08333333333333333,0.16666666666666666,0.04596140831233766,0.04596140831233766,1.0,0.2520286850332608,0.3861937102868802,0.08672773661015402,0.27504986806970494,0.0836016850470493,0.0836016850470493,1.0,0.2510143425166304,0.4430968551434401,0.08503053497174368,0.2208582673681858,0.0,0.0,1.0,0.2410747513714753,0.36943476124154595,0.13268914492249173,0.2568013424644871
143,0.08115715405364549,0.0,0.126236103706033,100,25,0.0,0,0,140,0.2410747513714753,0.25333333333333335,0.36943476124154595,0.43833333333333335,0.13268914492249173,0.09,0.2568013424644871,0.21833333333333332,0.13949048738697878,0.13949048738697878,1.0,0.25,0.5,0.08333333333333333,0.16666666666666666,0.04596140831233766,0.04596140831233766,1.0,0.2520286850332608,0.3861937102868802,0.08672773661015402,0.27504986806970494,0.0836016850470493,0.0836016850470493,1.0,0.2510143425166304,0.4430968551434401,0.08503053497174368,0.2208582673681858,0.0,0.0,1.0,0.2410747513714753,0.36943476124154595,0.13268914492249173,0.2568013424644871
144,0.08115715405364549,0.0,0.126236103706033,76,25,0.0,0,0,140,0.2410747513714753,0.25333333333333335,0.36943476124154595,0.43833333333333335,0.13268914492249173,0.09,0.2568013424644871,0.21833333333333332,0.13949048738697878,0.13949048738697878,1.0,0.25,0.5,0.08333333333333333,0.16666666666666666,0.04596140831233766,0.04596140831233766,1.0,0.2520286850332608,0.3861937102868802,0.08672773661015402,0.27504986806970494,0.0836016850470493,0.0836016850470493,1.0,0.2510143425166304,0.4430968551434401,0.08503053497174368,0.2208582673681858,0.0,0.0,1.0,0.2410747513714753,0.36943476124154595,0.13268914492249173,0.2568013424644871
145,0.0778238207203121,0.0,0.126236103706033,101,25,0.0,0,0,140,0.2410747513714753,0.25166666666666665,0.36943476124154595,0.43666666666666665,0.13268914492249173,0.09,0.2568013424644871,0.22166666666666668,0.13949048738697878,0.13949048738697878,1.0,0.25,0.5,0.08333333333333333,0.16666666666666666,0.04596140831233766,0.04596140831233766,1.0,0.2520286850332608,0.3861937102868802,0.08672773661015402,0.27504986806970494,0.0836016850470493,0.0836016850470493,1.0,0.2510143425166304,0.4430968551434401,0.08503053497174368,0.2208582673681858,0.0,0.0,1.0,0.2410747513714753,0.36943476124154595,0.13268914492249173,0.2568013424644871
146,0.08115715405364544,0.0,0.126236103706033,100,25,0.0,0,0,140,0.2410747513714753,0.255,0.36943476124154595,0.43666666666666665,0.13268914492249173,0.08833333333333333,0.2568013424644871,0.22,0.13949048738697878,0.13949048738697878,1.0,0.25,0.5,0.08333333333333333,0.16666666666666666,0.04596140831233766,0.04596140831233766,1.0,0.2520286850332608,0.3861937102868802,0.08672773661015402,0.27504986806970494,0.0836016850470493,0.0836016850470493,1.0,0.2510143425166304,0.4430968551434401,0.08503053497174368,0.2208582673681858,0.0,0.0,1.0,0.2410747513714753,0.36943476124154595,0.13268914492249173,0.2568013424644871
147,0.08282382072031211,0.0,0.126236103706033,81,25,0.0,0,0,140,0.2410747513714753,0.25666666666666665,0.36943476124154595,0.43666666666666665,0.13268914492249173,0.08833333333333333,0.2568013424644871,0.21833333333333332,0.13949048738697878,0.13949048738697878,1.0,0.25,0.5,0.08333333333333333,0.16666666666666666,0.04596140831233766,0.04596140831233766,1.0,0.2520286850332608,0.3861937102868802,0.08672773661015402,0.27504986806970494,0.0836016850470493,0.0836016850470493,1.0,0.2510143425166304,0.4430968551434401,0.08503053497174368,0.2208582673681858,0.0,0.0,1.0,0.2410747513714753,0.36943476124154595,0.13268914492249173,0.2568013424644871
148,0.08282382072031211,0.0,0.126236103706033,86,25,0.0,0,0,140,0.2410747513714753,0.25666666666666665,0.36943476124154595,0.43666666666666665,0.13268914492249173,0.08833333333333333,0.2568013424644871,0.21833333333333332,0.13949048738697878,0.13949048738697878,1.0,0.25,0.5,0.08333333333333333,0.16666666666666666,0.04596140831233766,0.04596140831233766,1.0,0.2520286850332608,0.3861937102868802,0.08672773661015402,0.27504986806970494,0.0836016850470493,0.0836016850470493,1.0,0.2510143425166304,0.4430968551434401,0.08503053497174368,0.2208582673681858,0.0,0.0,1.0,0.2410747513714753,0.36943476124154595,0.13268914492249173,0.2568013424644871
149,0.08115715405364546,0.0,0.126236103706033,92,25,0.0,0,0,140,0.2410747513714753,0.25666666666666665,0.36943476124154595,0.435,0.13268914492249173,0.09,0.2568013424644871,0.21833333333333332,0.13949048738697878,0.13949048738697878,1.0,0.25,0.5,0.08333333333333333,0.16666666666666666,0.04596140831233766,0.04596140831233766,1.0,0.2520286850332608,0.3861937102868802,0.08672773661015402,0.27504986806970494,0.0836016850470493,0.0836016850470493,1.0,0.2510143425166304,0.4430968551434401,0.08503053497174368,0.2208582673681858,0.0,0.0,1.0,0.2410747513714753,0.36943476124154595,0.13268914492249173,0.2568013424644871
150,0.08115715405364546,0.0,0.126236103706033,89,25,0.0,0,1,150,0.2410747513714753,0.25666666666666665,0.36943476124154595,0.435,0.13268914492249173,0.09,0.2568013424644871,0.21833333333333332,0.13949048738697878,0.13949048738697878,1.0,0.25,0.5,0.08333333333333333,0.16666666666666666,0.08581070321576921,0.08581070321576921,1.0,0.15526404815570605,0.40113422709185326,0.1331123603149153,0.3104893644375254,0.08113235230438072,0.08113235230438072,1.0,0.20263202407785302,0.4505671135459266,0.10822284682412431,0.238578015552096,0.0,0.0,1.0,0.2410747513714753,0.36943476124154595,0.13268914492249173,0.2568013424644871
151,0.08115715405364546,0.0,0.126236103706033,102,25,0.0,0,0,150,0.2410747513714753,0.25666666666666665,0.36943476124154595,0.435,0.13268914492249173,0.09,0.2568013424644871,0.21833333333333332,0.13949048738697878,0.13949048738697878,1.0,0.25,0.5,0.08333333333333333,0.16666666666666666,0.08581070321576921,0.08581070321576921,1.0,0.15526404815570605,0.40113422709185326,0.1331123603149153,0.3104893644375254,0.08113235230438072,0.08113235230438072,1.0,0.20263202407785302,0.4505671135459266,0.10822284682412431,0.238578015552096,0.0,0.0,1.0,0.2410747513714753,0.36943476124154595,0.13268914492249173,0.2568013424644871
152,0.08449048738697879,0.0,0.126236103706033,85,25,0.0,0,0,150,0.2410747513714753,0.25833333333333336,0.36943476124154595,0.43666666666666665,0.13268914492249173,0.08833333333333333,0.2568013424644871,0.21666666666666667,0.13949048738697878,0.13949048738697878,1.0,0.25,0.5,0.08333333333333333,0.16666666666666666,0.08581070321576921,0.08581070321576921,1.0,0.15526404815570605,0.40113422709185326,0.1331123603149153,0.3104893644375254,0.08113235230438072,0.08113235230438072,1.0,0.20263202407785302,0.4505671135459266,0.10822284682412431,0.238578015552096,0.0,0.0,1.0,0.2410747513714753,0.36943476124154595,0.13268914492249173,0.2568013424644871
153,0.08115715405364546,0.0,0.126236103706033,101,25,0.0,0,0,150,0.2410747513714753,0.25666666666666665,0.36943476124154595,0.435,0.13268914492249173,0.09,0.2568013424644871,0.21833333333333332,0.13949048738697878,0.13949048738697878,1.0,0.25,0.5,0.08333333333333333,0.16666666666666666,0.08581070321576921,0.08581070321576921,1.0,0.15526404815570605,0.40113422709185326,0.1331123603149153,0.3104893644375254,0.08113235230438072,0.08113235230438072,1.0,0.20263202407785302,0.4505671135459266,0.10822284682412431,0.238578015552096,0.0,0.0,1.0,0.2410747513714753,0.36943476124154595,0.13268914492249173,0.2568013424644871
154,0.08115715405364546,0.0,0.126236103706033,89,25,0.0,0,0,150,0.2410747513714753,0.25666666666666665,0.36943476124154595,0.435,0.13268914492249173,0.09,0.2568013424644871,0.21833333333333332,0.13949048738697878,0.13949048738697878,1.0,0.25,0.5,0.08333333333333333,0.16666666666666666,0.08581070321576921,0.08581070321576921,1.0,0.15526404815570605,0.40113422709185326,0.1331123603149153,0.3104893644375254,0.08113235230438072,0.08113235230438072,1.0,0.20263202407785302,0.4505671135459266,0.10822284682412431,0.238578015552096,0.0,0.0,1.0,0.2410747513714753,0.36943476124154595,0.13268914492249173,0.2568013424644871
155,0.08282382072031211,0.0,0.126236103706033,101,25,0.0,0,0,150,0.2410747513714753,0.25666666666666665,0.36943476124154595,0.43666666666666665,0.13268914492249173,0.09,0.2568013424644871,0.21666666666666667,0.13949048738697878,0.13949048738697878,1.0,0.25,0.5,0.08333333333333333,0.16666666666666666,0.08581070321576921,0.08581070321576921,1.0,0.15526404815570605,0.40113422709185326,0.1331123603149153,0.3104893644375254,0.08113235230438072,0.08113235230438072,1.0,0.20263202407785302,0.4505671135459266,0.10822284682412431,0.238578015552096,0.0,0.0,1.0,0.2410747513714753,0.36943476124154595,0.13268914492249173,0.2568013424644871
156,0.08282382072031214,0.0,0.126236103706033,82,25,0.0,0,0,150,0.2410747513714753,0.255,0.36943476124154595,0.43833333333333335,0.13268914492249173,0.09,0.2568013424644871,0.21666666666666667,0.13949048738697878,0.13949048738697878,1.0,0.25,0.5,0.08333333333333333,0.16666666666666666,0.08581070321576921,0.08581070321576921,1.0,0.15526404815570605,0.40113422709185326,0.1331123603149153,0.3104893644375254,0.08113235230438072,0.08113235230438072,1.0,0.20263202407785302,0.4505671135459266,0.10822284682412431,0.238578015552096,0.0,0.0,1.0,0.2410747513714753,0.36943476124154595,0.13268914492249173,0.2568013424644871
157,0.08282382072031211,0.0,0.126236103706033,89,25,0.0,0,0,150,0.2410747513714753,0.25666666666666665,0.36943476124154595,0.43666666666666665,0.13268914492249173,0.08833333333333333,0.2568013424644871,0.21833333333333332,0.13949048738697878,0.13949048738697878,1.0,0.25,0.5,0.08333333333333333,0.16666666666666666,0.08581070321576921,0.08581070321576921,1.0,0.15526404815570605,0.40113422709185326,0.1331123603149153,0.3104893644375254,0.08113235230438072,0.08113235230438072,1.0,0.20263202407785302,0.4505671135459266,0.10822284682412431,0.238578015552096,0.0,0.0,1.0,0.2410747513714753,0.36943476124154595,0.13268914492249173,0.2568013424644871
158,0.08449048738697879,0.0,0.126236103706033,83,25,0.0,0,0,150,0.2410747513714753,0.25833333333333336,0.36943476124154595,0.43666666666666665,0.13268914492249173,0.08833333333333333,0.2568013424644871,0.21666666666666667,0.13949048738697878,0.13949048738697878,1.0,0.25,0.5,0.08333333333333333,0.16666666666666666,0.08581070321576921,0.08581070321576921,1.0,0.15526404815570605,0.40113422709185326,0.1331123603149153,0.3104893644375254,0.08113235230438072,0.08113235230438072,1.0,0.20263202407785302,0.4505671135459266,0.10822284682412431,0.238578015552096,0.0,0.0,1.0,0.2410747513714753,0.36943476124154595,0.13268914492249173,0.2568013424644871
159,0.08282382072031214,0.0,0.126236103706033,89,25,0.0,0,0,150,0.2410747513714753,0.25833333333333336,0.36943476124154595,0.435,0.13268914492249173,0.08833333333333333,0.2568013424644871,0.21833333333333332,0.13949048738697878,0.13949048738697878,1.0,0.25,0.5,0.08333333333333333,0.16666666666666666,0.08581070321576921,0.08581070321576921,1.0,0.15526404815570605,0.40113422709185326,0.1331123603149153,0.3104893644375254,0.08113235230438072,0.08113235230438072,1.0,0.20263202407785302,0.4505671135459266,0.10822284682412431,0.238578015552096,0.0,0.0,1.0,0.2410747513714753,0.36943476124154595,0.13268914492249173,0.2568013424644871
160,0.08449048738697879,0.0,0.126236103706033,79,25,0.0,0,1,160,0.2410747513714753,0.25833333333333336,0.36943476124154595,0.43666666666666665,0.13268914492249173,0.08833333333333333,0.2568013424644871,0.21666666666666667,0.13949048738697878,0.13949048738697878,1.0,0.25,0.5,0.08333333333333333,0.16666666666666666,0.05748493680144462,0.05748493680144462,1.0,0.2089246820535271,0.3440998937580495,0.16128573872175386,0.28568968546666956,0.05261518563747883,0.05261518563747883,1.0,0.22946234102676355,0.42204994687902475,0.1223095360275436,0.22617817606666812,0.0,0.0,1.0,0.2410747513714753,0.36943476124154595,0.13268914492249173,0.2568013424644871
161,0.08449048738697879,0.0,0.126236103706033,100,25,0.0,0,0,160,0.2410747513714753,0.25833333333333336,0.36943476124154595,0.43666666666666665,0.13268914492249173,0.08833333333333333,0.2568013424644871,0.21666666666666667,0.13949048738697878,0.13949048738697878,1.0,0.25,0.5,0.08333333333333333,0.16666666666666666,0.05748493680144462,0.05748493680144462,1.0,0.2089246820535271,0.3440998937580495,0.16128573872175386,0.28568968546666956,0.05261518563747883,0.05261518563747883,1.0,0.22946234102676355,0.42204994687902475,0.1223095360275436,0.22617817606666812,0.0,0.0,1.0,0.2410747513714753,0.36943476124154595,0.13268914492249173,0.2568013424644871
162,0.08449048738697879,0.0,0.126236103706033,107,25,0.0,0,0,160,0.2410747513714753,0.25833333333333336,0.36943476124154595,0.43666666666666665,0.13268914492249173,0.08833333333333333,0.2568013424644871,0.21666666666666667,0.13949048738697878,0.13949048738697878,1.0,0.25,0.5,0.08333333333333333,0.16666666666666666,0.05748493680144462,0.05748493680144462,1.0,0.2089246820535271,0.3440998937580495,0.16128573872175386,0.28568968546666956,0.05261518563747883,0.05261518563747883,1.0,0.22946234102676355,0.42204994687902475,0.1223095360275436,0.22617817606666812,0.0,0.0,1.0,0.2410747513714753,0.36943476124154595,0.13268914492249173,0.2568013424644871
163,0.08449048738697879,0.0,0.126236103706033,100,25,0.0,0,0,160,0.2410747513714753,0.25833333333333336,0.36943476124154595,0.43666666666666665,0.13268914492249173,0.08833333333333333,0.2568013424644871,0.21666666666666667,0.13949048738697878,0.13949048738697878,1.0,0.25,0.5,0.08333333333333333,0.16666666666666666,0.05748493680144462,0.05748493680144462,1.0,0.2089246820535271,0.3440998937580495,0.16128573872175386,0.28568968546666956,0.05261518563747883,0.05261518563747883,1.0,0.22946234102676355,0.42204994687902475,0.1223095360275436,0.22617817606666812,0.0,0.0,1.0,0.2410747513714753,0.36943476124154595,0.13268914492249173,0.2568013424644871
164,0.08449048738697879,0.0,0.126236103706033,93,25,0.0,0,0,160,0.2410747513714753,0.25833333333333336,0.36943476124154595,0.43666666666666665,0.13268914492249173,0.08833333333333333,0.2568013424644871,0.21666666666666667,0.13949048738697878,0.13949048738697878,1.0,0.25,0.5,0.08333333333333333,0.16666666666666666,0.05748493680144462,0.05748493680144462,1.0,0.2089246820535271,0.3440998937580495,0.16128573872175386,0.28568968546666956,0.05261518563747883,0.05261518563747883,1.0,0.22946234102676355,0.42204994687902475,0.1223095360275436,0.22617817606666812,0.0,0.0,1.0,0.2410747513714753,0.36943476124154595,0.13268914492249173,0.2568013424644871
165,0.08449048738697879,0.0,0.126236103706033,103,25,0.0,0,0,160,0.2410747513714753,0.25666666666666665,0.36943476124154595,0.43833333333333335,0.13268914492249173,0.08833333333333333,0.2568013424644871,0.21666666666666667,0.13949048738697878,0.13949048738697878,1.0,0.25,0.5,0.08333333333333333,0.16666666666666666,0.05748493680144462,0.05748493680144462,1.0,0.2089246820535271,0.3440998937580495,0.16128573872175386,0.28568968546666956,0.05261518563747883,0.05261518563747883,1.0,0.22946234102676355,0.42204994687902475,0.1223095360275436,0.22617817606666812,0.0,0.0,1.0,0.2410747513714753,0.36943476124154595,0.13268914492249173,0.2568013424644871
166,0.08282382072031214,0.0,0.126236103706033,84,25,0.0,0,0,160,0.2410747513714753,0.255,0.36943476124154595,0.43833333333333335,0.13268914492249173,0.09,0.2568013424644871,0.21666666666666667,0.13949048738697878,0.13949048738697878,1.0,0.25,0.5,0.08333333333333333,0.16666666666666666,0.05748493680144462,0.05748493680144462,1.0,0.2089246820535271,0.3440998937580495,0.16128573872175386,0.28568968546666956,0.05261518563747883,0.05261518563747883,1.0,0.22946234102676355,0.42204994687902475,0.1223095360275436,0.22617817606666812,0.0,0.0,1.0,0.2410747513714753,0.36943476124154595,0.13268914492249173,0.2568013424644871
167,0.08282382072031214,0.0,0.126236103706033,94,25,0.0,0,0,160,0.2410747513714753,0.255,0.36943476124154595,0.43833333333333335,0.13268914492249173,0.09,0.2568013424644871,0.21666666666666667,0.13949048738697878,0.13949048738697878,1.0,0.25,0.5,0.08333333333333333,0.16666666666666666,0.05748493680144462,0.05748493680144462,1.0,0.2089246820535271,0.3440998937580495,0.16128573872175386,0.28568968546666956,0.05261518563747883,0.05261518563747883,1.0,0.22946234102676355,0.42204994687902475,0.1223095360275436,0.22617817606666812,0.0,0.0,1.0,0.2410747513714753,0.36943476124154595,0.13268914492249173,0.2568013424644871
168,0.08282382072031211,0.0,0.126236103706033,97,25,0.0,0,0,160,0.2410747513714753,0.25666666666666665,0.36943476124154595,0.43666666666666665,0.13268914492249173,0.08833333333333333,0.2568013424644871,0.21833333333333332,0.13949048738697878,0.13949048738697878,1.0,0.25,0.5,0.08333333333333333,0.16666666666666666,0.05748493680144462,0.05748493680144462,1.0,0.2089246820535271,0.3440998937580495,0.16128573872175386,0.28568968546666956,0.05261518563747883,0.05261518563747883,1.0,0.22946234102676355,0.42204994687902475,0.1223095360275436,0.22617817606666812,0.0,0.0,1.0,0.2410747513714753,0.36943476124154595,0.13268914492249173,0.2568013424644871
169,0.08115715405364546,0.0,0.126236103706033,97,25,0.0,0,0,160,0.2410747513714753,0.255,0.36943476124154595,0.43666666666666665,0.13268914492249173,0.09,0.2568013424644871,0.21833333333333332,0.13949048738697878,0.13949048738697878,1.0,0.25,0.5,0.08333333333333333,0.16666666666666666,0.05748493680144462,0.05748493680144462,1.0,0.2089246820535271,0.3440998937580495,0.16128573872175386,0.28568968546666956,0.05261518563747883,0.05261518563747883,1.0,0.22946234102676355,0.42204994687902475,0.1223095360275436,0.22617817606666812,0.0,0.0,1.0,0.2410747513714753,0.36943476124154595,0.13268914492249173,0.2568013424644871
170,0.08282382072031211,0.0,0.126236103706033,80,25,0.0,0,1,170,0.2410747513714753,0.25666666666666665,0.36943476124154595,0.43666666666666665,0.13268914492249173,0.08833333333333333,0.2568013424644871,0.21833333333333332,0.13949048738697878,0.13949048738697878,1.0,0.25,0.5,0.08333333333333333,0.16666666666666666,0.0517905938035291,0.0517905938035291,1.0,0.24805019430506783,0.32645553876685635,0.17750429579242824,0.24798997113564755,0.051743353922940896,0.051743353922940896,1.0,0.2490250971525339,0.4132277693834282,0.1304188145628808,0.2073283189011571,0.0,0.0,1.0,0.2410747513714753,0.36943476124154595,0.13268914492249173,0.2568013424644871
171,0.08282382072031211,0.0,0.126236103706033,88,25,0.0,0,0,170,0.2410747513714753,0.25666666666666665,0.36943476124154595,0.43666666666666665,0.13268914492249173,0.08833333333333333,0.2568013424644871,0.21833333333333332,0.13949048738697878,0.13949048738697878,1.0,0.25,0.5,0.08333333333333333,0.16666666666666666,0.0517905938035291,0.0517905938035291,1.0,0.24805019430506783,0.32645553876685635,0.17750429579242824,0.24798997113564755,0.051743353922940896,0.051743353922940896,1.0,0.2490250971525339,0.4132277693834282,0.1304188145628808,0.2073283189011571,0.0,0.0,1.0,0.2410747513714753,0.36943476124154595,0.13268914492249173,0.2568013424644871
172,0.08115715405364546,0.0,0.126236103706033,97,25,0.0,0,0,170,0.2410747513714753,0.25666666666666665,0.36943476124154595,0.435,0.13268914492249173,0.09,0.2568013424644871,0.21833333333333332,0.13949048738697878,0.13949048738697878,1.0,0.25,0.5,0.08333333333333333,0.16666666666666666,0.0517905938035291,0.0517905938035291,1.0,0.24805019430506783,0.32645553876685635,0.17750429579242824,0.24798997113564755,0.051743353922940896,0.051743353922940896,1.0,0.2490250971525339,0.4132277693834282,0.1304188145628808,0.2073283189011571,0.0,0.0,1.0,0.2410747513714753,0.36943476124154595,0.13268914492249173,0.2568013424644871
173,0.08282382072031214,0.0,0.126236103706033,107,25,0.0,0,0,170,0.2410747513714753,0.255,0.36943476124154595,0.43833333333333335,0.13268914492249173,0.09,0.2568013424644871,0.21666666666666667,0.13949048738697878,0.13949048738697878,1.0,0.25,0.5,0.08333333333333333,0.16666666666666666,0.0517905938035291,0.0517905938035291,1.0,0.24805019430506783,0.32645553876685635,0.17750429579242824,0.24798997113564755,0.051743353922940896,0.051743353922940896,1.0,0.2490250971525339,0.4132277693834282,0.1304188145628808,0.2073283189011571,0.0,0.0,1.0,0.2410747513714753,0.36943476124154595,0.13268914492249173,0.2568013424644871
174,0.08282382072031214,0.0,0.126236103706033,103,25,0.0,0,0,170,0.2410747513714753,0.255,0.36943476124154595,0.43833333333333335,0.13268914492249173,0.09,0.2568013424644871,0.21666666666666667,0.13949048738697878,0.13949048738697878,1.0,0.25,0.5,0.08333333333333333,0.16666666666666666,0.0517905938035291,0.0517905938035291,1.0,0.24805019430506783,0.32645553876685635,0.17750429579242824,0.24798997113564755,0.051743353922940896,0.051743353922940896,1.0,0.2490250971525339,0.4132277693834282,0.1304188145628808,0.2073283189011571,0.0,0.0,1.0,0.2410747513714753,0.36943476124154595,0.13268914492249173,0.2568013424644871
175,0.08282382072031214,0.0,0.126236103706033,100,25,0.0,0,0,170,0.2410747513714753,0.255,0.36943476124154595,0.43833333333333335,0.13268914492249173,0.09,0.2568013424644871,0.21666666666666667,0.13949048738697878,0.13949048738697878,1.0,0.25,0.5,0.08333333333333333,0.16666666666666666,0.0517905938035291,0.0517905938035291,1.0,0.24805019430506783,0.32645553876685635,0.17750429579242824,0.24798997113564755,0.051743353922940896,0.051743353922940896,1.0,0.2490250971525339,0.4132277693834282,0.1304188145628808,0.2073283189011571,0.0,0.0,1.0,0.2410747513714753,0.36943476124154595,0.13268914492249173,0.2568013424644871
176,0.08282382072031214,0.0,0.126236103706033,106,25,0.0,0,0,170,0.2410747513714753,0.255,0.36943476124154595,0.43833333333333335,0.13268914492249173,0.09,0.2568013424644871,0.21666666666666667,0.13949048738697878,0.13949048738697878,1.0,0.25,0.5,0.08333333333333333,0.16666666666666666,0.0517905938035291,0.0517905938035291,1.0,0.24805019430506783,0.32645553876685635,0.17750429579242824,0.24798997113564755,0.051743353922940896,0.051743353922940896,1.0,0.2490250971525339,0.4132277693834282,0.1304188145628808,0.2073283189011571,0.0,0.0,1.0,0.2410747513714753,0.36943476124154595,0.13268914492249173,0.2568013424644871
177,0.08449048738697879,0.0,0.126236103706033,90,25,0.0,0,0,170,0.2410747513714753,0.255,0.36943476124154595,0.44,0.13268914492249173,0.08833333333333333,0.2568013424644871,0.21666666666666667,0.13949048738697878,0.13949048738697878,1.0,0.25,0.5,0.08333333333333333,0.16666666666666666,0.0517905938035291,0.0517905938035291,1.0,0.24805019430506783,0.32645553876685635,0.17750429579242824,0.24798997113564755,0.051743353922940896,0.051743353922940896,1.0,0.2490250971525339,0.4132277693834282,0.1304188145628808,0.2073283189011571,0.0,0.0,1.0,0.2410747513714753,0.36943476124154595,0.13268914492249173,0.2568013424644871
178,0.08449048738697879,0.0,0.126236103706033,83,25,0.0,0,0,170,0.2410747513714753,0.255,0.36943476124154595,0.44,0.13268914492249173,0.08833333333333333,0.2568013424644871,0.21666666666666667,0.13949048738697878,0.13949048738697878,1.0,0.25,0.5,0.08333333333333333,0.16666666666666666,0.0517905938035291,0.0517905938035291,1.0,0.24805019430506783,0.32645553876685635,0.17750429579242824,0.24798997113564755,0.051743353922940896,0.051743353922940896,1.0,0.2490250971525339,0.4132277693834282,0.1304188145628808,0.2073283189011571,0.0,0.0,1.0,0.2410747513714753,0.36943476124154595,0.13268914492249173,0.2568013424644871
179,0.08449048738697879,0.0,0.126236103706033,90,25,0.0,0,0,170,0.2410747513714753,0.255,0.36943476124154595,0.44,0.13268914492249173,0.08833333333333333,0.2568013424644871,0.21666666666666667,0.13949048738697878,0.13949048738697878,1.0,0.25,0.5,0.08333333333333333,0.16666666666666666,0.0517905938035291,0.0517905938035291,1.0,0.24805019430506783,0.32645553876685635,0.17750429579242824,0.24798997113564755,0.051743353922940896,0.051743353922940896,1.0,0.2490250971525339,0.4132277693834282,0.1304188145628808,0.2073283189011571,0.0,0.0,1.0,0.2410747513714753,0.36943476124154595,0.13268914492249173,0.2568013424644871
180,0.08449048738697879,0.0,0.126236103706033,92,25,0.0,0,1,180,0.2410747513714753,0.255,0.36943476124154595,0.44,0.13268914492249173,0.08833333333333333,0.2568013424644871,0.21666666666666667,0.13949048738697878,0.13949048738697878,1.0,0.25,0.5,0.08333333333333333,0.16666666666666666,0.1280213838964262,0.1280213838964262,1.0,0.2208136828517521,0.4290961479573314,0.2010491421031324,0.14904102708778402,0.10461540553286096,0.10461540553286096,1.0,0.23540684142587603,0.4645480739786657,0.14219123771823286,0.15785384687722534,0.0,0.0,1.0,0.2410747513714753,0.36943476124154595,0.13268914492249173,0.2568013424644871
181,0.08449048738697879,0.0,0.126236103706033,86,25,0.0,0,0,180,0.2410747513714753,0.255,0.36943476124154595,0.44,0.13268914492249173,0.08833333333333333,0.2568013424644871,0.21666666666666667,0.13949048738697878,0.13949048738697878,1.0,0.25,0.5,0.08333333333333333,0.16666666666666666,0.1280213838964262,0.1280213838964262,1.0,0.2208136828517521,0.4290961479573314,0.2010491421031324,0.14904102708778402,0.10461540553286096,0.10461540553286096,1.0,0.23540684142587603,0.4645480739786657,0.14219123771823286,0.15785384687722534,0.0,0.0,1.0,0.2410747513714753,0.36943476124154595,0.13268914492249173,0.2568013424644871
182,0.08449048738697879,0.0,0.126236103706033,89,25,0.0,0,0,180,0.2410747513714753,0.255,0.36943476124154595,0.44,0.13268914492249173,0.08833333333333333,0.2568013424644871,0.21666666666666667,0.13949048738697878,0.13949048738697878,1.0,0.25,0.5,0.08333333333333333,0.16666666666666666,0.1280213838964262,0.1280213838964262,1.0,0.2208136828517521,0.4290961479573314,0.2010491421031324,0.14904102708778402,0.10461540553286096,0.10461540553286096,1.0,0.23540684142587603,0.4645480739786657,0.14219123771823286,0.15785384687722534,0.0,0.0,1.0,0.2410747513714753,0.36943476124154595,0.13268914492249173,0.2568013424644871
183,0.08449048738697879,0.0,0.126236103706033,101,25,0.0,0,0,180,0.2410747513714753,0.255,0.36943476124154595,0.44,0.13268914492249173,0.08833333333333333,0.2568013424644871,0.21666666666666667,0.13949048738697878,0.13949048738697878,1.0,0.25,0.5,0.08333333333333333,0.16666666666666666,0.1280213838964262,0.1280213838964262,1.0,0.2208136828517521,0.4290961479573314,0.2010491421031324,0.14904102708778402,0.10461540553286096,0.10461540553286096,1.0,0.23540684142587603,0.4645480739786657,0.14219123771823286,0.15785384687722534,0.0,0.0,1.0,0.2410747513714753,0.36943476124154595,0.13268914492249173,0.2568013424644871
184,0.08449048738697879,0.0,0.126236103706033,91,25,0.0,0,0,180,0.2410747513714753,0.25666666666666665,0.36943476124154595,0.43833333333333335,0.13268914492249173,0.08833333333333333,0.2568013424644871,0.21666666666666667,0.13949048738697878,0.13949048738697878,1.0,0.25,0.5,0.08333333333333333,0.16666666666666666,0.1280213838964262,0.1280213838964262,1.0,0.2208136828517521,0.4290961479573314,0.2010491421031324,0.14904102708778402,0.10461540553286096,0.10461540553286096,1.0,0.23540684142587603,0.4645480739786657,0.14219123771823286,0.15785384687722534,0.0,0.0,1.0,0.2410747513714753,0.36943476124154595,0.13268914492249173,0.2568013424644871
185,0.08449048738697879,0.0,0.126236103706033,85,25,0.0,0,0,180,0.2410747513714753,0.25666666666666665,0.36943476124154595,0.43833333333333335,0.13268914492249173,0.08833333333333333,0.2568013424644871,0.21666666666666667,0.13949048738697878,0.13949048738697878,1.0,0.25,0.5,0.08333333333333333,0.16666666666666666,0.1280213838964262,0.1280213838964262,1.0,0.2208136828517521,0.4290961479573314,0.2010491421031324,0.14904102708778402,0.10461540553286096,0.10461540553286096,1.0,0.23540684142587603,0.4645480739786657,0.14219123771823286,0.15785384687722534,0.0,0.0,1.0,0.2410747513714753,0.36943476124154595,0.13268914492249173,0.2568013424644871
186,0.08449048738697879,0.0,0.126236103706033,97,25,0.0,0,0,180,0.2410747513714753,0.25833333333333336,0.36943476124154595,0.43666666666666665,0.13268914492249173,0.08833333333333333,0.2568013424644871,0.21666666666666667,0.13949048738697878,0.13949048738697878,1.0,0.25,0.5,0.08333333333333333,0.16666666666666666,0.1280213838964262,0.1280213838964262,1.0,0.2208136828517521,0.4290961479573314,0.2010491421031324,0.14904102708778402,0.10461540553286096,0.10461540553286096,1.0,0.23540684142587603,0.4645480739786657,0.14219123771823286,0.15785384687722534,0.0,0.0,1.0,0.2410747513714753,0.36943476124154595,0.13268914492249173,0.2568013424644871
187,0.08449048738697879,0.0,0.126236103706033,98,25,0.0,0,0,180,0.2410747513714753,0.25833333333333336,0.36943476124154595,0.43666666666666665,0.13268914492249173,0.08833333333333333,0.2568013424644871,0.21666666666666667,0.13949048738697878,0.13949048738697878,1.0,0.25,0.5,0.08333333333333333,0.16666666666666666,0.1280213838964262,0.1280213838964262,1.0,0.2208136828517521,0.4290961479573314,0.2010491421031324,0.14904102708778402,0.10461540553286096,0.10461540553286096,1.0,0.23540684142587603,0.4645480739786657,0.14219123771823286,0.15785384687722534,0.0,0.0,1.0,0.2410747513714753,0.36943476124154595,0.13268914492249173,0.2568013424644871
188,0.08449048738697879,0.0,0.126236103706033,104,25,0.0,0,0,180,0.2410747513714753,0.25666666666666665,0.36943476124154595,0.43833333333333335,0.13268914492249173,0.08833333333333333,0.2568013424644871,0.21666666666666667,0.13949048738697878,0.13949048738697878,1.0,0.25,0.5,0.08333333333333333,0.16666666666666666,0.1280213838964262,0.1280213838964262,1.0,0.2208136828517521,0.4290961479573314,0.2010491421031324,0.14904102708778402,0.10461540553286096,0.10461540553286096,1.0,0.23540684142587603,0.4645480739786657,0.14219123771823286,0.15785384687722534,0.0,0.0,1.0,0.2410747513714753,0.36943476124154595,0.13268914492249173,0.2568013424644871
189,0.08449048738697879,0.0,0.126236103706033,83,25,0.0,0,0,180,0.2410747513714753,0.25666666666666665,0.36943476124154595,0.43833333333333335,0.13268914492249173,0.08833333333333333,0.2568013424644871,0.21666666666666667,0.13949048738697878,0.13949048738697878,1.0,0.25,0.5,0.08333333333333333,0.16666666666666666,0.1280213838964262,0.1280213838964262,1.0,0.2208136828517521,0.4290961479573314,0.2010491421031324,0.14904102708778402,0.10461540553286096,0.10461540553286096,1.0,0.23540684142587603,0.4645480739786657,0.14219123771823286,0.15785384687722534,0.0,0.0,1.0,0.2410747513714753,0.36943476124154595,0.13268914492249173,0.2568013424644871
190,0.08449048738697879,0.0,0.126236103706033,102,25,0.0,0,1,190,0.2410747513714753,0.25666666666666665,0.36943476124154595,0.43833333333333335,0.13268914492249173,0.08833333333333333,0.2568013424644871,0.21666666666666667,0.13949048738697878,0.13949048738697878,1.0,0.25,0.5,0.08333333333333333,0.16666666666666666,0.15349026866663523,0.15349026866663523,0.0,0.3945650200381105,0.33438238555821026,0.07509198218674927,0.19596061221693004,0.12896419018513916,0.12896419018513916,1.0,0.3222825100190553,0.4171911927791051,0.0792126577600413,0.18131363944179835,0.0,0.0,1.0,0.2410747513714753,0.36943476124154595,0.13268914492249173,0.2568013424644871
191,0.08449048738697879,0.0,0.126236103706033,86,25,0.0,0,0,190,0.2410747513714753,0.25666666666666665,0.36943476124154595,0.43833333333333335,0.13268914492249173,0.08833333333333333,0.2568013424644871,0.21666666666666667,0.13949048738697878,0.13949048738697878,1.0,0.25,0.5,0.08333333333333333,0.16666666666666666,0.15349026866663523,0.15349026866663523,0.0,0.3945650200381105,0.33438238555821026,0.07509198218674927,0.19596061221693004,0.12896419018513916,0.12896419018513916,1.0,0.3222825100190553,0.4171911927791051,0.0792126577600413,0.18131363944179835,0.0,0.0,1.0,0.2410747513714753,0.36943476124154595,0.13268914492249173,0.2568013424644871
192,0.08449048738697879,0.0,0.126236103706033,91,25,0.0,0,0,190,0.2410747513714753,0.25666666666666665,0.36943476124154595,0.43833333333333335,0.13268914492249173,0.08833333333333333,0.2568013424644871,0.21666666666666667,0.13949048738697878,0.13949048738697878,1.0,0.25,0.5,0.08333333333333333,0.16666666666666666,0.15349026866663523,0.15349026866663523,0.0,0.3945650200381105,0.33438238555821026,0.07509198218674927,0.19596061221693004,0.12896419018513916,0.12896419018513916,1.0,0.3222825100190553,0.4171911927791051,0.0792126577600413,0.18131363944179835,0.0,0.0,1.0,0.2410747513714753,0.36943476124154595,0.13268914492249173,0.2568013424644871
193,0.08282382072031214,0.0,0.126236103706033,74,24,0.0,0,0,190,0.2410747513714753,0.255,0.36943476124154595,0.43833333333333335,0.13268914492249173,0.09,0.2568013424644871,0.21666666666666667,0.13949048738697878,0.13949048738697878,1.0,0.25,0.5,0.08333333333333333,0.16666666666666666,0.15349026866663523,0.15349026866663523,0.0,0.3945650200381105,0.33438238555821026,0.07509198218674927,0.19596061221693004,0.12896419018513916,0.12896419018513916,1.0,0.3222825100190553,0.4171911927791051,0.0792126577600413,0.18131363944179835,0.0,0.0,1.0,0.2410747513714753,0.36943476124154595,0.13268914492249173,0.2568013424644871
194,0.08282382072031214,0.0,0.126236103706033,82,24,0.0,0,0,190,0.2410747513714753,0.255,0.36943476124154595,0.43833333333333335,0.13268914492249173,0.09,0.2568013424644871,0.21666666666666667,0.13949048738697878,0.13949048738697878,1.0,0.25,0.5,0.08333333333333333,0.16666666666666666,0.15349026866663523,0.15349026866663523,0.0,0.3945650200381105,0.33438238555821026,0.07509198218674927,0.19596061221693004,0.12896419018513916,0.12896419018513916,1.0,0.3222825100190553,0.4171911927791051,0.0792126577600413,0.18131363944179835,0.0,0.0,1.0,0.2410747513714753,0.36943476124154595,0.13268914492249173,0.2568013424644871
195,0.08282382072031214,0.0,0.126236103706033,88,24,0.0,0,0,190,0.2410747513714753,0.255,0.36943476124154595,0.43833333333333335,0.13268914492249173,0.09,0.2568013424644871,0.21666666666666667,0.13949048738697878,0.13949048738697878,1.0,0.25,0.5,0.08333333333333333,0.16666666666666666,0.15349026866663523,0.15349026866663523,0.0,0.3945650200381105,0.33438238555821026,0.07509198218674927,0.19596061221693004,0.12896419018513916,0.12896419018513916,1.0,0.3222825100190553,0.4171911927791051,0.0792126577600413,0.18131363944179835,0.0,0.0,1.0,0.2410747513714753,0.36943476124154595,0.13268914492249173,0.2568013424644871
196,0.08282382072031214,0.0,0.126236103706033,94,24,0.0,0,0,190,0.2410747513714753,0.255,0.36943476124154595,0.43833333333333335,0.13268914492249173,0.09,0.2568013424644871,0.21666666666666667,0.13949048738697878,0.13949048738697878,1.0,0.25,0.5,0.08333333333333333,0.16666666666666666,0.15349026866663523,0.15349026866663523,0.0,0.3945650200381105,0.33438238555821026,0.07509198218674927,0.19596061221693004,0.12896419018513916,0.12896419018513916,1.0,0.3222825100190553,0.4171911927791051,0.0792126577600413,0.18131363944179835,0.0,0.0,1.0,0.2410747513714753,0.36943476124154595,0.13268914492249173,0.2568013424644871
197,0.08282382072031211,0.0,0.126236103706033,101,24,0.0,0,0,190,0.2410747513714753,0.25666666666666665,0.36943476124154595,0.43666666666666665,0.13268914492249173,0.09,0.2568013424644871,0.21666666666666667,0.13949048738697878,0.13949048738697878,1.0,0.25,0.5,0.08333333333333333,0.16666666666666666,0.15349026866663523,0.15349026866663523,0.0,0.3945650200381105,0.33438238555821026,0.07509198218674927,0.19596061221693004,0.12896419018513916,0.12896419018513916,1.0,0.3222825100190553,0.4171911927791051,0.0792126577600413,0.18131363944179835,0.0,0.0,1.0,0.2410747513714753,0.36943476124154595,0.13268914492249173,0.2568013424644871
198,0.08282382072031214,0.0,0.126236103706033,81,24,0.0,0,0,190,0.2410747513714753,0.255,0.36943476124154595,0.43833333333333335,0.13268914492249173,0.09,0.2568013424644871,0.21666666666666667,0.13949048738697878,0.13949048738697878,1.0,0.25,0.5,0.08333333333333333,0.16666666666666666,0.15349026866663523,0.15349026866663523,0.0,0.3945650200381105,0.33438238555821026,0.07509198218674927,0.19596061221693004,0.12896419018513916,0.12896419018513916,1.0,0.3222825100190553,0.4171911927791051,0.0792126577600413,0.18131363944179835,0.0,0.0,1.0,0.2410747513714753,0.36943476124154595,0.13268914492249173,0.2568013424644871
199,0.08282382072031211,0.0,0.126236103706033,80,24,0.0,0,0,190,0.2410747513714753,0.25666666666666665,0.36943476124154595,0.43666666666666665,0.13268914492249173,0.09,0.2568013424644871,0.21666666666666667,0.13949048738697878,0.13949048738697878,1.0,0.25,0.5,0.08333333333333333,0.16666666666666666,0.15349026866663523,0.15349026866663523,0.0,0.3945650200381105,0.33438238555821026,0.07509198218674927,0.19596061221693004,0.12896419018513916,0.12896419018513916,1.0,0.3222825100190553,0.4171911927791051,0.0792126577600413,0.18131363944179835,0.0,0.0,1.0,0.2410747513714753,0.36943476124154595,0.13268914492249173,0.2568013424644871
200,0.11949048738697877,0.0,0.126236103706033,100,20,0.0,0,1,200,0.2410747513714753,0.2833333333333333,0.36943476124154595,0.44666666666666666,0.13268914492249173,0.08833333333333333,0.2568013424644871,0.18166666666666667,0.14115715405364546,0.14115715405364546,1.0,0.25416666666666665,0.4975,0.0825,0.16583333333333333,0.11489875296754891,0.11489875296754891,0.0,0.35597350433902414,0.348674209939215,0.1175648288183838,0.17778745690337702,0.11764767785943173,0.11764767785943173,1.0,0.3050700855028454,0.4230871049696075,0.1000324144091919,0.17181039511835516,0.0,0.0,1.0,0.2410747513714753,0.36943476124154595,0.13268914492249173,0.2568013424644871
201,0.19115715405364544,0.0,0.126236103706033,83,19,0.0,0,0,200,0.2410747513714753,0.30666666666666664,0.36943476124154595,0.495,0.13268914492249173,0.07666666666666666,0.2568013424644871,0.12166666666666667,0.14115715405364546,0.14115715405364546,1.0,0.25416666666666665,0.4975,0.0825,0.16583333333333333,0.11489875296754891,0.11489875296754891,0.0,0.35597350433902414,0.348674209939215,0.1175648288183838,0.17778745690337702,0.11764767785943173,0.11764767785943173,1.0,0.3050700855028454,0.4230871049696075,0.1000324144091919,0.17181039511835516,0.0,0.0,1.0,0.2410747513714753,0.36943476124154595,0.13268914492249173,0.2568013424644871
202,0.18782382072031215,0.0,0.126236103706033,89,16,0.0,0,0,200,0.2410747513714753,0.28833333333333333,0.36943476124154595,0.51,0.13268914492249173,0.0,0.2568013424644871,0.20166666666666666,0.14115715405364546,0.14115715405364546,1.0,0.25416666666666665,0.4975,0.0825,0.16583333333333333,0.11489875296754891,0.11489875296754891,0.0,0.35597350433902414,0.348674209939215,0.1175648288183838,0.17778745690337702,0.11764767785943173,0.11764767785943173,1.0,0.3050700855028454,0.4230871049696075,0.1000324144091919,0.17181039511835516,0.0,0.0,1.0,0.2410747513714753,0.36943476124154595,0.13268914492249173,0.2568013424644871
203,0.18615715405364547,0.0,0.126236103706033,72,19,0.0,0,0,200,0.2410747513714753,0.2866666666666667,0.36943476124154595,0.51,0.13268914492249173,0.03333333333333333,0.2568013424644871,0.17,0.14115715405364546,0.14115715405364546,1.0,0.25416666666666665,0.4975,0.0825,0.16583333333333333,0.11489875296754891,0.11489875296754891,0.0,0.35597350433902414,0.348674209939215,0.1175648288183838,0.17778745690337702,0.11764767785943173,0.11764767785943173,1.0,0.3050700855028454,0.4230871049696075,0.1000324144091919,0.17181039511835516,0.0,0.0,1.0,0.2410747513714753,0.36943476124154595,0.13268914492249173,0.2568013424644871
204,0.12615715405364547,0.0,0.126236103706033,88,20,0.0,0,0,200,0.2410747513714753,0.30833333333333335,0.36943476124154595,0.42833333333333334,0.13268914492249173,0.05333333333333334,0.2568013424644871,0.21,0.14115715405364546,0.14115715405364546,1.0,0.25416666666666665,0.4975,0.0825,0.16583333333333333,0.11489875296754891,0.11489875296754891,0.0,0.35597350433902414,0.348674209939215,0.1175648288183838,0.17778745690337702,0.11764767785943173,0.11764767785943173,1.0,0.3050700855028454,0.4230871049696075,0.1000324144091919,0.17181039511835516,0.0,0.0,1.0,0.2410747513714753,0.36943476124154595,0.13268914492249173,0.2568013424644871
205,0.12389857209178744,0.0,0.126236103706033,80,20,0.0,0,0,200,0.2410747513714753,0.235,0.36943476124154595,0.49333333333333335,0.13268914492249173,0.06833333333333333,0.2568013424644871,0.20333333333333334,0.14115715405364546,0.14115715405364546,1.0,0.25416666666666665,0.4975,0.0825,0.16583333333333333,0.11489875296754891,0.11489875296754891,0.0,0.35597350433902414,0.348674209939215,0.1175648288183838,0.17778745690337702,0.11764767785943173,0.11764767785943173,1.0,0.3050700855028454,0.4230871049696075,0.1000324144091919,0.17181039511835516,0.0,0.0,1.0,0.2410747513714753,0.36943476124154595,0.13268914492249173,0.2568013424644871
206,0.08115715405364547,0.0,0.126236103706033,81,20,0.0,0,0,200,0.2410747513714753,0.24166666666666667,0.36943476124154595,0.45,0.13268914492249173,0.08333333333333333,0.2568013424644871,0.225,0.14115715405364546,0.14115715405364546,1.0,0.25416666666666665,0.4975,0.0825,0.16583333333333333,0.11489875296754891,0.11489875296754891,0.0,0.35597350433902414,0.348674209939215,0.1175648288183838,0.17778745690337702,0.11764767785943173,0.11764767785943173,1.0,0.3050700855028454,0.4230871049696075,0.1000324144091919,0.17181039511835516,0.0,0.0,1.0,0.2410747513714753,0.36943476124154595,0.13268914492249173,0.2568013424644871
207,0.0744904873869788,0.0,0.126236103706033,78,21,0.0,0,0,200,0.2410747513714753,0.25666666666666665,0.36943476124154595,0.42833333333333334,0.13268914492249173,0.058333333333333334,0.2568013424644871,0.25666666666666665,0.14115715405364546,0.14115715405364546,1.0,0.25416666666666665,0.4975,0.0825,0.16583333333333333,0.11489875296754891,0.11489875296754891,0.0,0.35597350433902414,0.348674209939215,0.1175648288183838,0.17778745690337702,0.11764767785943173,0.11764767785943173,1.0,0.3050700855028454,0.4230871049696075,0.1000324144091919,0.17181039511835516,0.0,0.0,1.0,0.2410747513714753,0.36943476124154595,0.13268914492249173,0.2568013424644871
208,0.06435581158915837,0.0,0.126236103706033,83,23,0.0,0,0,200,0.2410747513714753,0.27166666666666667,0.36943476124154595,0.39,0.13268914492249173,0.06833333333333333,0.2568013424644871,0.27,0.14115715405364546,0.14115715405364546,1.0,0.25416666666666665,0.4975,0.0825,0.16583333333333333,0.11489875296754891,0.11489875296754891,0.0,0.35597350433902414,0.348674209939215,0.1175648288183838,0.17778745690337702,0.11764767785943173,0.11764767785943173,1.0,0.3050700855028454,0.4230871049696075,0.1000324144091919,0.17181039511835516,0.0,0.0,1.0,0.2410747513714753,0.36943476124154595,0.13268914492249173,0.2568013424644871
209,0.05449048738697881,0.0,0.126236103706033,65,24,0.0,0,0,200,0.2410747513714753,0.265,0.36943476124154595,0.4,0.13268914492249173,0.08,0.2568013424644871,0.255,0.14115715405364546,0.14115715405364546,1.0,0.25416666666666665,0.4975,0.0825,0.16583333333333333,0.11489875296754891,0.11489875296754891,0.0,0.35597350433902414,0.348674209939215,0.1175648288183838,0.17778745690337702,0.11764767785943173,0.11764767785943173,1.0,0.3050700855028454,0.4230871049696075,0.1000324144091919,0.17181039511835516,0.0,0.0,1.0,0.2410747513714753,0.36943476124154595,0.13268914492249173,0.2568013424644871
210,0.08209722962730032,0.0,0.126236103706033,61,24,0.0,0,1,210,0.2410747513714753,0.21166666666666667,0.36943476124154595,0.43666666666666665,0.13268914492249173,0.08,0.2568013424644871,0.27166666666666667,0.15115715405364544,0.15115715405364544,1.0,0.295,0.4666666666666667,0.06916666666666667,0.16916666666666666,0.07624567812851205,0.07624567812851205,0.0,0.2543592846224417,0.317828278808925,0.10804994922660062,0.3197624873420328,0.05641760243599544,0.05641760243599544,1.0,0.27467964231122083,0.3922474727377958,0.08860830794663364,0.2444645770043497,0.0,0.0,1.0,0.2410747513714753,0.36943476124154595,0.13268914492249173,0.2568013424644871
211,0.057231905425120765,0.0,0.126236103706033,80,24,0.0,0,0,210,0.2410747513714753,0.23666666666666666,0.36943476124154595,0.4266666666666667,0.13268914492249173,0.08333333333333333,0.2568013424644871,0.25333333333333335,0.15115715405364544,0.15115715405364544,1.0,0.295,0.4666666666666667,0.06916666666666667,0.16916666666666666,0.07624567812851205,0.07624567812851205,0.0,0.2543592846224417,0.317828278808925,0.10804994922660062,0.3197624873420328,0.05641760243599544,0.05641760243599544,1.0,0.27467964231122083,0.3922474727377958,0.08860830794663364,0.2444645770043497,0.0,0.0,1.0,0.2410747513714753,0.36943476124154595,0.13268914492249173,0.2568013424644871
212,0.05615715405364547,0.0,0.126236103706033,66,25,0.0,0,0,210,0.2410747513714753,0.245,0.36943476124154595,0.4216666666666667,0.13268914492249173,0.085,0.2568013424644871,0.24833333333333332,0.15115715405364544,0.15115715405364544,1.0,0.295,0.4666666666666667,0.06916666666666667,0.16916666666666666,0.07624567812851205,0.07624567812851205,0.0,0.2543592846224417,0.317828278808925,0.10804994922660062,0.3197624873420328,0.05641760243599544,0.05641760243599544,1.0,0.27467964231122083,0.3922474727377958,0.08860830794663364,0.2444645770043497,0.0,0.0,1.0,0.2410747513714753,0.36943476124154595,0.13268914492249173,0.2568013424644871
213,0.059490487386978784,0.0,0.126236103706033,66,25,0.0,0,0,210,0.2410747513714753,0.245,0.36943476124154595,0.425,0.13268914492249173,0.08333333333333333,0.2568013424644871,0.24666666666666667,0.15115715405364544,0.15115715405364544,1.0,0.295,0.4666666666666667,0.06916666666666667,0.16916666666666666,0.07624567812851205,0.07624567812851205,0.0,0.2543592846224417,0.317828278808925,0.10804994922660062,0.3197624873420328,0.05641760243599544,0.05641760243599544,1.0,0.27467964231122083,0.3922474727377958,0.08860830794663364,0.2444645770043497,0.0,0.0,1.0,0.2410747513714753,0.36943476124154595,0.13268914492249173,0.2568013424644871
214,0.059490487386978784,0.0,0.126236103706033,64,25,0.0,0,0,210,0.2410747513714753,0.245,0.36943476124154595,0.425,0.13268914492249173,0.08333333333333333,0.2568013424644871,0.24666666666666667,0.15115715405364544,0.15115715405364544,1.0,0.295,0.4666666666666667,0.06916666666666667,0.16916666666666666,0.07624567812851205,0.07624567812851205,0.0,0.2543592846224417,0.317828278808925,0.10804994922660062,0.3197624873420328,0.05641760243599544,0.05641760243599544,1.0,0.27467964231122083,0.3922474727377958,0.08860830794663364,0.2444645770043497,0.0,0.0,1.0,0.2410747513714753,0.36943476124154595,0.13268914492249173,0.2568013424644871
215,0.059490487386978805,0.0,0.126236103706033,63,25,0.0,0,0,210,0.2410747513714753,0.24666666666666667,0.36943476124154595,0.42333333333333334,0.13268914492249173,0.08166666666666667,0.2568013424644871,0.24833333333333332,0.15115715405364544,0.15115715405364544,1.0,0.295,0.4666666666666667,0.06916666666666667,0.16916666666666666,0.07624567812851205,0.07624567812851205,0.0,0.2543592846224417,0.317828278808925,0.10804994922660062,0.3197624873420328,0.05641760243599544,0.05641760243599544,1.0,0.27467964231122083,0.3922474727377958,0.08860830794663364,0.2444645770043497,0.0,0.0,1.0,0.2410747513714753,0.36943476124154595,0.13268914492249173,0.2568013424644871
216,0.061157154053645434,0.0,0.126236103706033,73,25,0.0,0,0,210,0.2410747513714753,0.25166666666666665,0.36943476124154595,0.42,0.13268914492249173,0.085,0.2568013424644871,0.24333333333333335,0.15115715405364544,0.15115715405364544,1.0,0.295,0.4666666666666667,0.06916666666666667,0.16916666666666666,0.07624567812851205,0.07624567812851205,0.0,0.2543592846224417,0.317828278808925,0.10804994922660062,0.3197624873420328,0.05641760243599544,0.05641760243599544,1.0,0.27467964231122083,0.3922474727377958,0.08860830794663364,0.2444645770043497,0.0,0.0,1.0,0.2410747513714753,0.36943476124154595,0.13268914492249173,0.2568013424644871
217,0.06282382072031212,0.0,0.126236103706033,80,25,0.0,0,0,210,0.2410747513714753,0.255,0.36943476124154595,0.41833333333333333,0.13268914492249173,0.085,0.2568013424644871,0.24166666666666667,0.15115715405364544,0.15115715405364544,1.0,0.295,0.4666666666666667,0.06916666666666667,0.16916666666666666,0.07624567812851205,0.07624567812851205,0.0,0.2543592846224417,0.317828278808925,0.10804994922660062,0.3197624873420328,0.05641760243599544,0.05641760243599544,1.0,0.27467964231122083,0.3922474727377958,0.08860830794663364,0.2444645770043497,0.0,0.0,1.0,0.2410747513714753,0.36943476124154595,0.13268914492249173,0.2568013424644871
218,0.06449048738697878,0.0,0.126236103706033,88,25,0.0,0,0,210,0.2410747513714753,0.25666666666666665,0.36943476124154595,0.41833333333333333,0.13268914492249173,0.08666666666666667,0.2568013424644871,0.23833333333333334,0.15115715405364544,0.15115715405364544,1.0,0.295,0.4666666666666667,0.06916666666666667,0.16916666666666666,0.07624567812851205,0.07624567812851205,0.0,0.2543592846224417,0.317828278808925,0.10804994922660062,0.3197624873420328,0.05641760243599544,0.05641760243599544,1.0,0.27467964231122083,0.3922474727377958,0.08860830794663364,0.2444645770043497,0.0,0.0,1.0,0.2410747513714753,0.36943476124154595,0.13268914492249173,0.2568013424644871
219,0.06282382072031212,0.0,0.126236103706033,77,25,0.0,0,0,210,0.2410747513714753,0.25333333333333335,0.36943476124154595,0.42,0.13268914492249173,0.08833333333333333,0.2568013424644871,0.23833333333333334,0.15115715405364544,0.15115715405364544,1.0,0.295,0.4666666666666667,0.06916666666666667,0.16916666666666666,0.07624567812851205,0.07624567812851205,0.0,0.2543592846224417,0.317828278808925,0.10804994922660062,0.3197624873420328,0.05641760243599544,0.05641760243599544,1.0,0.27467964231122083,0.3922474727377958,0.08860830794663364,0.2444645770043497,0.0,0.0,1.0,0.2410747513714753,0.36943476124154595,0.13268914492249173,0.2568013424644871
220,0.06449048738697882,0.0,0.126236103706033,74,25,0.0,0,1,220,0.2410747513714753,0.25333333333333335,0.36943476124154595,0.4216666666666667,0.13268914492249173,0.08833333333333333,0.2568013424644871,0.23666666666666666,0.13865715405364543,0.13865715405364543,1.0,0.2925,0.45666666666666667,0.07,0.18083333333333335,0.11713421705989893,0.11713421705989893,1.0,0.18353685918051457,0.4865689783014448,0.0810366550411295,0.24885750747691104,0.10218306124250984,0.10218306124250984,1.0,0.23801842959025726,0.4716178224840557,0.07551832752056475,0.2148454204051222,0.0,0.0,1.0,0.2410747513714753,0.36943476124154595,0.13268914492249173,0.2568013424644871
221,0.06615715405364547,0.0,0.126236103706033,68,25,0.0,0,0,220,0.2410747513714753,0.25333333333333335,0.36943476124154595,0.42333333333333334,0.13268914492249173,0.08833333333333333,0.2568013424644871,0.235,0.13865715405364543,0.13865715405364543,1.0,0.2925,0.45666666666666667,0.07,0.18083333333333335,0.11713421705989893,0.11713421705989893,1.0,0.18353685918051457,0.4865689783014448,0.0810366550411295,0.24885750747691104,0.10218306124250984,0.10218306124250984,1.0,0.23801842959025726,0.4716178224840557,0.07551832752056475,0.2148454204051222,0.0,0.0,1.0,0.2410747513714753,0.36943476124154595,0.13268914492249173,0.2568013424644871
222,0.06782382072031214,0.0,0.126236103706033,85,25,0.0,0,0,220,0.2410747513714753,0.25333333333333335,0.36943476124154595,0.425,0.13268914492249173,0.09,0.2568013424644871,0.23166666666666666,0.13865715405364543,0.13865715405364543,1.0,0.2925,0.45666666666666667,0.07,0.18083333333333335,0.11713421705989893,0.11713421705989893,1.0,0.18353685918051457,0.4865689783014448,0.0810366550411295,0.24885750747691104,0.10218306124250984,0.10218306124250984,1.0,0.23801842959025726,0.4716178224840557,0.07551832752056475,0.2148454204051222,0.0,0.0,1.0,0.2410747513714753,0.36943476124154595,0.13268914492249173,0.2568013424644871
223,0.06615715405364547,0.0,0.126236103706033,73,25,0.0,0,0,220,0.2410747513714753,0.25333333333333335,0.36943476124154595,0.42333333333333334,0.13268914492249173,0.09,0.2568013424644871,0.23333333333333334,0.13865715405364543,0.13865715405364543,1.0,0.2925,0.45666666666666667,0.07,0.18083333333333335,0.11713421705989893,0.11713421705989893,1.0,0.18353685918051457,0.4865689783014448,0.0810366550411295,0.24885750747691104,0.10218306124250984,0.10218306124250984,1.0,0.23801842959025726,0.4716178224840557,0.07551832752056475,0.2148454204051222,0.0,0.0,1.0,0.2410747513714753,0.36943476124154595,0.13268914492249173,0.2568013424644871
224,0.07115715405364548,0.0,0.126236103706033,74,25,0.0,0,0,220,0.2410747513714753,0.25333333333333335,0.36943476124154595,0.42833333333333334,0.13268914492249173,0.09,0.2568013424644871,0.22833333333333333,0.13865715405364543,0.13865715405364543,1.0,0.2925,0.45666666666666667,0.07,0.18083333333333335,0.11713421705989893,0.11713421705989893,1.0,0.18353685918051457,0.4865689783014448,0.0810366550411295,0.24885750747691104,0.10218306124250984,0.10218306124250984,1.0,0.23801842959025726,0.4716178224840557,0.07551832752056475,0.2148454204051222,0.0,0.0,1.0,0.2410747513714753,0.36943476124154595,0.13268914492249173,0.2568013424644871
225,0.07115715405364548,0.0,0.126236103706033,55,25,0.0,0,0,220,0.2410747513714753,0.25333333333333335,0.36943476124154595,0.42833333333333334,0.13268914492249173,0.09,0.2568013424644871,0.22833333333333333,0.13865715405364543,0.13865715405364543,1.0,0.2925,0.45666666666666667,0.07,0.18083333333333335,0.11713421705989893,0.11713421705989893,1.0,0.18353685918051457,0.4865689783014448,0.0810366550411295,0.24885750747691104,0.10218306124250984,0.10218306124250984,1.0,0.23801842959025726,0.4716178224840557,0.07551832752056475,0.2148454204051222,0.0,0.0,1.0,0.2410747513714753,0.36943476124154595,0.13268914492249173,0.2568013424644871
226,0.07115715405364548,0.0,0.126236103706033,69,25,0.0,0,0,220,0.2410747513714753,0.25333333333333335,0.36943476124154595,0.42833333333333334,0.13268914492249173,0.09,0.2568013424644871,0.22833333333333333,0.13865715405364543,0.13865715405364543,1.0,0.2925,0.45666666666666667,0.07,0.18083333333333335,0.11713421705989893,0.11713421705989893,1.0,0.18353685918051457,0.4865689783014448,0.0810366550411295,0.24885750747691104,0.10218306124250984,0.10218306124250984,1.0,0.23801842959025726,0.4716178224840557,0.07551832752056475,0.2148454204051222,0.0,0.0,1.0,0.2410747513714753,0.36943476124154595,0.13268914492249173,0.2568013424644871
227,0.07115715405364545,0.0,0.126236103706033,87,25,0.0,0,0,220,0.2410747513714753,0.25166666666666665,0.36943476124154595,0.43,0.13268914492249173,0.09,0.2568013424644871,0.22833333333333333,0.13865715405364543,0.13865715405364543,1.0,0.2925,0.45666666666666667,0.07,0.18083333333333335,0.11713421705989893,0.11713421705989893,1.0,0.18353685918051457,0.4865689783014448,0.0810366550411295,0.24885750747691104,0.10218306124250984,0.10218306124250984,1.0,0.23801842959025726,0.4716178224840557,0.07551832752056475,0.2148454204051222,0.0,0.0,1.0,0.2410747513714753,0.36943476124154595,0.13268914492249173,0.2568013424644871
228,0.07115715405364545,0.0,0.126236103706033,78,25,0.0,0,0,220,0.2410747513714753,0.25166666666666665,0.36943476124154595,0.43,0.13268914492249173,0.09,0.2568013424644871,0.22833333333333333,0.13865715405364543,0.13865715405364543,1.0,0.2925,0.45666666666666667,0.07,0.18083333333333335,0.11713421705989893,0.11713421705989893,1.0,0.18353685918051457,0.4865689783014448,0.0810366550411295,0.24885750747691104,0.10218306124250984,0.10218306124250984,1.0,0.23801842959025726,0.4716178224840557,0.07551832752056475,0.2148454204051222,0.0,0.0,1.0,0.2410747513714753,0.36943476124154595,0.13268914492249173,0.2568013424644871
229,0.07115715405364548,0.0,0.126236103706033,68,25,0.0,0,0,220,0.2410747513714753,0.25333333333333335,0.36943476124154595,0.42833333333333334,0.13268914492249173,0.09,0.2568013424644871,0.22833333333333333,0.13865715405364543,0.13865715405364543,1.0,0.2925,0.45666666666666667,0.07,0.18083333333333335,0.11713421705989893,0.11713421705989893,1.0,0.18353685918051457,0.4865689783014448,0.0810366550411295,0.24885750747691104,0.10218306124250984,0.10218306124250984,1.0,0.23801842959025726,0.4716178224840557,0.07551832752056475,0.2148454204051222,0.0,0.0,1.0,0.2410747513714753,0.36943476124154595,0.13268914492249173,0.2568013424644871
230,0.07282382072031214,0.0,0.126236103706033,82,25,0.0,0,1,230,0.2410747513714753,0.25333333333333335,0.36943476124154595,0.43,0.13268914492249173,0.09,0.2568013424644871,0.22666666666666666,0.12865715405364544,0.12865715405364544,1.0,0.25166666666666665,0.4875,0.08333333333333333,0.1775,0.04147738894236855,0.04147738894236855,1.0,0.2539085076907069,0.38700582496678243,0.14376171382039218,0.21532395352211853,0.07953098704905677,0.07953098704905677,1.0,0.25278758717868677,0.4372529124833912,0.11354752357686276,0.19641197676105926,0.0,0.0,1.0,0.2410747513714753,0.36943476124154595,0.13268914492249173,0.2568013424644871
231,0.07449048738697879,0.0,0.126236103706033,73,25,0.0,0,0,230,0.2410747513714753,0.255,0.36943476124154595,0.43,0.13268914492249173,0.09,0.2568013424644871,0.225,0.12865715405364544,0.12865715405364544,1.0,0.25166666666666665,0.4875,0.08333333333333333,0.1775,0.04147738894236855,0.04147738894236855,1.0,0.2539085076907069,0.38700582496678243,0.14376171382039218,0.21532395352211853,0.07953098704905677,0.07953098704905677,1.0,0.25278758717868677,0.4372529124833912,0.11354752357686276,0.19641197676105926,0.0,0.0,1.0,0.2410747513714753,0.36943476124154595,0.13268914492249173,0.2568013424644871
232,0.07615715405364545,0.0,0.126236103706033,76,25,0.0,0,0,230,0.2410747513714753,0.25666666666666665,0.36943476124154595,0.43,0.13268914492249173,0.09,0.2568013424644871,0.22333333333333333,0.12865715405364544,0.12865715405364544,1.0,0.25166666666666665,0.4875,0.08333333333333333,0.1775,0.04147738894236855,0.04147738894236855,1.0,0.2539085076907069,0.38700582496678243,0.14376171382039218,0.21532395352211853,0.07953098704905677,0.07953098704905677,1.0,0.25278758717868677,0.4372529124833912,0.11354752357686276,0.19641197676105926,0.0,0.0,1.0,0.2410747513714753,0.36943476124154595,0.13268914492249173,0.2568013424644871
233,0.07782382072031213,0.0,0.126236103706033,88,25,0.0,0,0,230,0.2410747513714753,0.25833333333333336,0.36943476124154595,0.43,0.13268914492249173,0.09,0.2568013424644871,0.22166666666666668,0.12865715405364544,0.12865715405364544,1.0,0.25166666666666665,0.4875,0.08333333333333333,0.1775,0.04147738894236855,0.04147738894236855,1.0,0.2539085076907069,0.38700582496678243,0.14376171382039218,0.21532395352211853,0.07953098704905677,0.07953098704905677,1.0,0.25278758717868677,0.4372529124833912,0.11354752357686276,0.19641197676105926,0.0,0.0,1.0,0.2410747513714753,0.36943476124154595,0.13268914492249173,0.2568013424644871
234,0.07615715405364545,0.0,0.126236103706033,83,25,0.0,0,0,230,0.2410747513714753,0.25666666666666665,0.36943476124154595,0.43,0.13268914492249173,0.09,0.2568013424644871,0.22333333333333333,0.12865715405364544,0.12865715405364544,1.0,0.25166666666666665,0.4875,0.08333333333333333,0.1775,0.04147738894236855,0.04147738894236855,1.0,0.2539085076907069,0.38700582496678243,0.14376171382039218,0.21532395352211853,0.07953098704905677,0.07953098704905677,1.0,0.25278758717868677,0.4372529124833912,0.11354752357686276,0.19641197676105926,0.0,0.0,1.0,0.2410747513714753,0.36943476124154595,0.13268914492249173,0.2568013424644871
235,0.07615715405364545,0.0,0.126236103706033,66,25,0.0,0,0,230,0.2410747513714753,0.25666666666666665,0.36943476124154595,0.43,0.13268914492249173,0.09,0.2568013424644871,0.22333333333333333,0.12865715405364544,0.12865715405364544,1.0,0.25166666666666665,0.4875,0.08333333333333333,0.1775,0.04147738894236855,0.04147738894236855,1.0,0.2539085076907069,0.38700582496678243,0.14376171382039218,0.21532395352211853,0.07953098704905677,0.07953098704905677,1.0,0.25278758717868677,0.4372529124833912,0.11354752357686276,0.19641197676105926,0.0,0.0,1.0,0.2410747513714753,0.36943476124154595,0.13268914492249173,0.2568013424644871
236,0.07615715405364545,0.0,0.126236103706033,69,25,0.0,0,0,230,0.2410747513714753,0.25666666666666665,0.36943476124154595,0.43,0.13268914492249173,0.09,0.2568013424644871,0.22333333333333333,0.12865715405364544,0.12865715405364544,1.0,0.25166666666666665,0.4875,0.08333333333333333,0.1775,0.04147738894236855,0.04147738894236855,1.0,0.2539085076907069,0.38700582496678243,0.14376171382039218,0.21532395352211853,0.07953098704905677,0.07953098704905677,1.0,0.25278758717868677,0.4372529124833912,0.11354752357686276,0.19641197676105926,0.0,0.0,1.0,0.2410747513714753,0.36943476124154595,0.13268914492249173,0.2568013424644871
237,0.07615715405364545,0.0,0.126236103706033,73,25,0.0,0,0,230,0.2410747513714753,0.25666666666666665,0.36943476124154595,0.43,0.13268914492249173,0.09,0.2568013424644871,0.22333333333333333,0.12865715405364544,0.12865715405364544,1.0,0.25166666666666665,0.4875,0.08333333333333333,0.1775,0.04147738894236855,0.04147738894236855,1.0,0.2539085076907069,0.38700582496678243,0.14376171382039218,0.21532395352211853,0.07953098704905677,0.07953098704905677,1.0,0.25278758717868677,0.4372529124833912,0.11354752357686276,0.19641197676105926,0.0,0.0,1.0,0.2410747513714753,0.36943476124154595,0.13268914492249173,0.2568013424644871
238,0.07615715405364548,0.0,0.126236103706033,71,25,0.0,0,0,230,0.2410747513714753,0.25833333333333336,0.36943476124154595,0.42833333333333334,0.13268914492249173,0.09,0.2568013424644871,0.22333333333333333,0.12865715405364544,0.12865715405364544,1.0,0.25166666666666665,0.4875,0.08333333333333333,0.1775,0.04147738894236855,0.04147738894236855,1.0,0.2539085076907069,0.38700582496678243,0.14376171382039218,0.21532395352211853,0.07953098704905677,0.07953098704905677,1.0,0.25278758717868677,0.4372529124833912,0.11354752357686276,0.19641197676105926,0.0,0.0,1.0,0.2410747513714753,0.36943476124154595,0.13268914492249173,0.2568013424644871
239,0.07615715405364545,0.0,0.126236103706033,74,25,0.0,0,0,230,0.2410747513714753,0.25666666666666665,0.36943476124154595,0.43,0.13268914492249173,0.09,0.2568013424644871,0.22333333333333333,0.12865715405364544,0.12865715405364544,1.0,0.25166666666666665,0.4875,0.08333333333333333,0.1775,0.04147738894236855,0.04147738894236855,1.0,0.2539085076907069,0.38700582496678243,0.14376171382039218,0.21532395352211853,0.07953098704905677,0.07953098704905677,1.0,0.25278758717868677,0.4372529124833912,0.11354752357686276,0.19641197676105926,0.0,0.0,1.0,0.2410747513714753,0.36943476124154595,0.13268914492249173,0.2568013424644871
