step,attention_error,preference_change,uniform_prior_error,interactions,pool_size,official_exposure_share,official_arrivals,observation_updated,last_observed_at,truth_0,attention_0,truth_1,attention_1,truth_2,attention_2,truth_3,attention_3,error_platform,initial_error_platform,top_accuracy_platform,estimate_platform_0,estimate_platform_1,estimate_platform_2,estimate_platform_3,error_survey,initial_error_survey,top_accuracy_survey,estimate_survey_0,estimate_survey_1,estimate_survey_2,estimate_survey_3,error_fused,initial_error_fused,top_accuracy_fused,estimate_fused_0,estimate_fused_1,estimate_fused_2,estimate_fused_3,error_oracle,initial_error_oracle,top_accuracy_oracle,estimate_oracle_0,estimate_oracle_1,estimate_oracle_2,estimate_oracle_3
0,0.07159462239093331,0.0,0.15098305172788193,73,28,0.0,0,1,0,0.14038127697814337,0.10666666666666667,0.29591100745214854,0.2633333333333333,0.20863567129397462,0.20333333333333334,0.3550720442757333,0.4266666666666667,0.19545332125387674,0.19545332125387674,0.0,0.06666666666666667,0.3333333333333333,0.36666666666666664,0.23333333333333334,0.11118500219434772,0.11118500219434772,1.0,0.15712822626722342,0.23544273830694837,0.15791893824482714,0.44951009718100104,0.053657131161772204,0.053657131161772204,1.0,0.11189744646694505,0.2843880358201408,0.2622928024557469,0.3414217152571672,0.0,0.0,1.0,0.14038127697814337,0.29591100745214854,0.20863567129397462,0.3550720442757333
1,0.07159462239093331,0.0,0.15098305172788193,87,26,0.0,0,0,0,0.14038127697814337,0.10666666666666667,0.29591100745214854,0.2633333333333333,0.20863567129397462,0.20333333333333334,0.3550720442757333,0.4266666666666667,0.19545332125387674,0.19545332125387674,0.0,0.06666666666666667,0.3333333333333333,0.36666666666666664,0.23333333333333334,0.11118500219434772,0.11118500219434772,1.0,0.15712822626722342,0.23544273830694837,0.15791893824482714,0.44951009718100104,0.053657131161772204,0.053657131161772204,1.0,0.11189744646694505,0.2843880358201408,0.2622928024557469,0.3414217152571672,0.0,0.0,1.0,0.14038127697814337,0.29591100745214854,0.20863567129397462,0.3550720442757333
2,0.04901694827211808,0.0,0.15098305172788193,95,30,0.0,0,0,0,0.14038127697814337,0.11666666666666667,0.29591100745214854,0.325,0.20863567129397462,0.18333333333333332,0.3550720442757333,0.375,0.19545332125387674,0.19545332125387674,0.0,0.06666666666666667,0.3333333333333333,0.36666666666666664,0.23333333333333334,0.11118500219434772,0.11118500219434772,1.0,0.15712822626722342,0.23544273830694837,0.15791893824482714,0.44951009718100104,0.053657131161772204,0.053657131161772204,1.0,0.11189744646694505,0.2843880358201408,0.2622928024557469,0.3414217152571672,0.0,0.0,1.0,0.14038127697814337,0.29591100745214854,0.20863567129397462,0.3550720442757333
3,0.04901694827211808,0.0,0.15098305172788193,95,34,0.0,0,0,0,0.14038127697814337,0.11666666666666667,0.29591100745214854,0.325,0.20863567129397462,0.18333333333333332,0.3550720442757333,0.375,0.19545332125387674,0.19545332125387674,0.0,0.06666666666666667,0.3333333333333333,0.36666666666666664,0.23333333333333334,0.11118500219434772,0.11118500219434772,1.0,0.15712822626722342,0.23544273830694837,0.15791893824482714,0.44951009718100104,0.053657131161772204,0.053657131161772204,1.0,0.11189744646694505,0.2843880358201408,0.2622928024557469,0.3414217152571672,0.0,0.0,1.0,0.14038127697814337,0.29591100745214854,0.20863567129397462,0.3550720442757333
4,0.04901694827211808,0.0,0.15098305172788193,81,36,0.0,0,0,0,0.14038127697814337,0.11666666666666667,0.29591100745214854,0.325,0.20863567129397462,0.18333333333333332,0.3550720442757333,0.375,0.19545332125387674,0.19545332125387674,0.0,0.06666666666666667,0.3333333333333333,0.36666666666666664,0.23333333333333334,0.11118500219434772,0.11118500219434772,1.0,0.15712822626722342,0.23544273830694837,0.15791893824482714,0.44951009718100104,0.053657131161772204,0.053657131161772204,1.0,0.11189744646694505,0.2843880358201408,0.2622928024557469,0.3414217152571672,0.0,0.0,1.0,0.14038127697814337,0.29591100745214854,0.20863567129397462,0.3550720442757333
5,0.04901694827211808,0.0,0.15098305172788193,85,39,0.0,0,0,0,0.14038127697814337,0.11666666666666667,0.29591100745214854,0.325,0.20863567129397462,0.18333333333333332,0.3550720442757333,0.375,0.19545332125387674,0.19545332125387674,0.0,0.06666666666666667,0.3333333333333333,0.36666666666666664,0.23333333333333334,0.11118500219434772,0.11118500219434772,1.0,0.15712822626722342,0.23544273830694837,0.15791893824482714,0.44951009718100104,0.053657131161772204,0.053657131161772204,1.0,0.11189744646694505,0.2843880358201408,0.2622928024557469,0.3414217152571672,0.0,0.0,1.0,0.14038127697814337,0.29591100745214854,0.20863567129397462,0.3550720442757333
6,0.04901694827211808,0.0,0.15098305172788193,97,43,0.0,0,0,0,0.14038127697814337,0.11666666666666667,0.29591100745214854,0.325,0.20863567129397462,0.18333333333333332,0.3550720442757333,0.375,0.19545332125387674,0.19545332125387674,0.0,0.06666666666666667,0.3333333333333333,0.36666666666666664,0.23333333333333334,0.11118500219434772,0.11118500219434772,1.0,0.15712822626722342,0.23544273830694837,0.15791893824482714,0.44951009718100104,0.053657131161772204,0.053657131161772204,1.0,0.11189744646694505,0.2843880358201408,0.2622928024557469,0.3414217152571672,0.0,0.0,1.0,0.14038127697814337,0.29591100745214854,0.20863567129397462,0.3550720442757333
7,0.04901694827211808,0.0,0.15098305172788193,97,47,0.0,0,0,0,0.14038127697814337,0.11666666666666667,0.29591100745214854,0.325,0.20863567129397462,0.18333333333333332,0.3550720442757333,0.375,0.19545332125387674,0.19545332125387674,0.0,0.06666666666666667,0.3333333333333333,0.36666666666666664,0.23333333333333334,0.11118500219434772,0.11118500219434772,1.0,0.15712822626722342,0.23544273830694837,0.15791893824482714,0.44951009718100104,0.053657131161772204,0.053657131161772204,1.0,0.11189744646694505,0.2843880358201408,0.2622928024557469,0.3414217152571672,0.0,0.0,1.0,0.14038127697814337,0.29591100745214854,0.20863567129397462,0.3550720442757333
8,0.04901694827211808,0.0,0.15098305172788193,107,50,0.0,0,0,0,0.14038127697814337,0.11666666666666667,0.29591100745214854,0.325,0.20863567129397462,0.18333333333333332,0.3550720442757333,0.375,0.19545332125387674,0.19545332125387674,0.0,0.06666666666666667,0.3333333333333333,0.36666666666666664,0.23333333333333334,0.11118500219434772,0.11118500219434772,1.0,0.15712822626722342,0.23544273830694837,0.15791893824482714,0.44951009718100104,0.053657131161772204,0.053657131161772204,1.0,0.11189744646694505,0.2843880358201408,0.2622928024557469,0.3414217152571672,0.0,0.0,1.0,0.14038127697814337,0.29591100745214854,0.20863567129397462,0.3550720442757333
9,0.04901694827211808,0.0,0.15098305172788193,107,53,0.0,0,0,0,0.14038127697814337,0.11666666666666667,0.29591100745214854,0.325,0.20863567129397462,0.18333333333333332,0.3550720442757333,0.375,0.19545332125387674,0.19545332125387674,0.0,0.06666666666666667,0.3333333333333333,0.36666666666666664,0.23333333333333334,0.11118500219434772,0.11118500219434772,1.0,0.15712822626722342,0.23544273830694837,0.15791893824482714,0.44951009718100104,0.053657131161772204,0.053657131161772204,1.0,0.11189744646694505,0.2843880358201408,0.2622928024557469,0.3414217152571672,0.0,0.0,1.0,0.14038127697814337,0.29591100745214854,0.20863567129397462,0.3550720442757333
10,0.04901694827211808,0.0,0.15098305172788193,111,56,0.0,0,1,10,0.14038127697814337,0.11666666666666667,0.29591100745214854,0.325,0.20863567129397462,0.18333333333333332,0.3550720442757333,0.375,0.23636241216296766,0.23636241216296766,0.0,0.0803030303030303,0.4015151515151515,0.3393939393939394,0.1787878787878788,0.08035337923358365,0.08035337923358365,1.0,0.08900746641406683,0.2669314387826415,0.24028104270295658,0.403780052100335,0.11951410745122128,0.11951410745122128,0.0,0.08465524835854857,0.3342232951488965,0.289837491048448,0.2912839654441069,0.0,0.0,1.0,0.14038127697814337,0.29591100745214854,0.20863567129397462,0.3550720442757333
11,0.04901694827211808,0.0,0.15098305172788193,113,60,0.0,0,0,10,0.14038127697814337,0.11666666666666667,0.29591100745214854,0.325,0.20863567129397462,0.18333333333333332,0.3550720442757333,0.375,0.23636241216296766,0.23636241216296766,0.0,0.0803030303030303,0.4015151515151515,0.3393939393939394,0.1787878787878788,0.08035337923358365,0.08035337923358365,1.0,0.08900746641406683,0.2669314387826415,0.24028104270295658,0.403780052100335,0.11951410745122128,0.11951410745122128,0.0,0.08465524835854857,0.3342232951488965,0.289837491048448,0.2912839654441069,0.0,0.0,1.0,0.14038127697814337,0.29591100745214854,0.20863567129397462,0.3550720442757333
12,0.04901694827211808,0.0,0.15098305172788193,105,63,0.0,0,0,10,0.14038127697814337,0.11666666666666667,0.29591100745214854,0.325,0.20863567129397462,0.18333333333333332,0.3550720442757333,0.375,0.23636241216296766,0.23636241216296766,0.0,0.0803030303030303,0.4015151515151515,0.3393939393939394,0.1787878787878788,0.08035337923358365,0.08035337923358365,1.0,0.08900746641406683,0.2669314387826415,0.24028104270295658,0.403780052100335,0.11951410745122128,0.11951410745122128,0.0,0.08465524835854857,0.3342232951488965,0.289837491048448,0.2912839654441069,0.0,0.0,1.0,0.14038127697814337,0.29591100745214854,0.20863567129397462,0.3550720442757333
13,0.04901694827211808,0.0,0.15098305172788193,102,66,0.0,0,0,10,0.14038127697814337,0.11666666666666667,0.29591100745214854,0.325,0.20863567129397462,0.18333333333333332,0.3550720442757333,0.375,0.23636241216296766,0.23636241216296766,0.0,0.0803030303030303,0.4015151515151515,0.3393939393939394,0.1787878787878788,0.08035337923358365,0.08035337923358365,1.0,0.08900746641406683,0.2669314387826415,0.24028104270295658,0.403780052100335,0.11951410745122128,0.11951410745122128,0.0,0.08465524835854857,0.3342232951488965,0.289837491048448,0.2912839654441069,0.0,0.0,1.0,0.14038127697814337,0.29591100745214854,0.20863567129397462,0.3550720442757333
14,0.04901694827211808,0.0,0.15098305172788193,89,69,0.0,0,0,10,0.14038127697814337,0.11666666666666667,0.29591100745214854,0.325,0.20863567129397462,0.18333333333333332,0.3550720442757333,0.375,0.23636241216296766,0.23636241216296766,0.0,0.0803030303030303,0.4015151515151515,0.3393939393939394,0.1787878787878788,0.08035337923358365,0.08035337923358365,1.0,0.08900746641406683,0.2669314387826415,0.24028104270295658,0.403780052100335,0.11951410745122128,0.11951410745122128,0.0,0.08465524835854857,0.3342232951488965,0.289837491048448,0.2912839654441069,0.0,0.0,1.0,0.14038127697814337,0.29591100745214854,0.20863567129397462,0.3550720442757333
15,0.04901694827211808,0.0,0.15098305172788193,111,72,0.0,0,0,10,0.14038127697814337,0.11666666666666667,0.29591100745214854,0.325,0.20863567129397462,0.18333333333333332,0.3550720442757333,0.375,0.23636241216296766,0.23636241216296766,0.0,0.0803030303030303,0.4015151515151515,0.3393939393939394,0.1787878787878788,0.08035337923358365,0.08035337923358365,1.0,0.08900746641406683,0.2669314387826415,0.24028104270295658,0.403780052100335,0.11951410745122128,0.11951410745122128,0.0,0.08465524835854857,0.3342232951488965,0.289837491048448,0.2912839654441069,0.0,0.0,1.0,0.14038127697814337,0.29591100745214854,0.20863567129397462,0.3550720442757333
16,0.04901694827211808,0.0,0.15098305172788193,104,75,0.0,0,0,10,0.14038127697814337,0.11666666666666667,0.29591100745214854,0.325,0.20863567129397462,0.18333333333333332,0.3550720442757333,0.375,0.23636241216296766,0.23636241216296766,0.0,0.0803030303030303,0.4015151515151515,0.3393939393939394,0.1787878787878788,0.08035337923358365,0.08035337923358365,1.0,0.08900746641406683,0.2669314387826415,0.24028104270295658,0.403780052100335,0.11951410745122128,0.11951410745122128,0.0,0.08465524835854857,0.3342232951488965,0.289837491048448,0.2912839654441069,0.0,0.0,1.0,0.14038127697814337,0.29591100745214854,0.20863567129397462,0.3550720442757333
17,0.04901694827211808,0.0,0.15098305172788193,94,77,0.0,0,0,10,0.14038127697814337,0.11666666666666667,0.29591100745214854,0.325,0.20863567129397462,0.18333333333333332,0.3550720442757333,0.375,0.23636241216296766,0.23636241216296766,0.0,0.0803030303030303,0.4015151515151515,0.3393939393939394,0.1787878787878788,0.08035337923358365,0.08035337923358365,1.0,0.08900746641406683,0.2669314387826415,0.24028104270295658,0.403780052100335,0.11951410745122128,0.11951410745122128,0.0,0.08465524835854857,0.3342232951488965,0.289837491048448,0.2912839654441069,0.0,0.0,1.0,0.14038127697814337,0.29591100745214854,0.20863567129397462,0.3550720442757333
18,0.04901694827211808,0.0,0.15098305172788193,88,78,0.0,0,0,10,0.14038127697814337,0.11666666666666667,0.29591100745214854,0.325,0.20863567129397462,0.18333333333333332,0.3550720442757333,0.375,0.23636241216296766,0.23636241216296766,0.0,0.0803030303030303,0.4015151515151515,0.3393939393939394,0.1787878787878788,0.08035337923358365,0.08035337923358365,1.0,0.08900746641406683,0.2669314387826415,0.24028104270295658,0.403780052100335,0.11951410745122128,0.11951410745122128,0.0,0.08465524835854857,0.3342232951488965,0.289837491048448,0.2912839654441069,0.0,0.0,1.0,0.14038127697814337,0.29591100745214854,0.20863567129397462,0.3550720442757333
19,0.04901694827211808,0.0,0.15098305172788193,93,79,0.0,0,0,10,0.14038127697814337,0.11666666666666667,0.29591100745214854,0.325,0.20863567129397462,0.18333333333333332,0.3550720442757333,0.375,0.23636241216296766,0.23636241216296766,0.0,0.0803030303030303,0.4015151515151515,0.3393939393939394,0.1787878787878788,0.08035337923358365,0.08035337923358365,1.0,0.08900746641406683,0.2669314387826415,0.24028104270295658,0.403780052100335,0.11951410745122128,0.11951410745122128,0.0,0.08465524835854857,0.3342232951488965,0.289837491048448,0.2912839654441069,0.0,0.0,1.0,0.14038127697814337,0.29591100745214854,0.20863567129397462,0.3550720442757333
20,0.04901694827211808,0.0,0.15098305172788193,103,81,0.0,0,1,20,0.14038127697814337,0.11666666666666667,0.29591100745214854,0.325,0.20863567129397462,0.18333333333333332,0.3550720442757333,0.375,0.24295332125387675,0.24295332125387675,0.0,0.0825,0.4125,0.335,0.17,0.07874068541765633,0.07874068541765633,1.0,0.1135822260324414,0.3240515102362981,0.15669403682202032,0.40567222690924015,0.10957609478303597,0.10957609478303597,0.0,0.0980411130162207,0.36827575511814903,0.24584701841101017,0.28783611345462007,0.0,0.0,1.0,0.14038127697814337,0.29591100745214854,0.20863567129397462,0.3550720442757333
21,0.04901694827211808,0.0,0.15098305172788193,105,83,0.0,0,0,20,0.14038127697814337,0.11666666666666667,0.29591100745214854,0.325,0.20863567129397462,0.18333333333333332,0.3550720442757333,0.375,0.24295332125387675,0.24295332125387675,0.0,0.0825,0.4125,0.335,0.17,0.07874068541765633,0.07874068541765633,1.0,0.1135822260324414,0.3240515102362981,0.15669403682202032,0.40567222690924015,0.10957609478303597,0.10957609478303597,0.0,0.0980411130162207,0.36827575511814903,0.24584701841101017,0.28783611345462007,0.0,0.0,1.0,0.14038127697814337,0.29591100745214854,0.20863567129397462,0.3550720442757333
22,0.04901694827211808,0.0,0.15098305172788193,95,86,0.0,0,0,20,0.14038127697814337,0.11666666666666667,0.29591100745214854,0.325,0.20863567129397462,0.18333333333333332,0.3550720442757333,0.375,0.24295332125387675,0.24295332125387675,0.0,0.0825,0.4125,0.335,0.17,0.07874068541765633,0.07874068541765633,1.0,0.1135822260324414,0.3240515102362981,0.15669403682202032,0.40567222690924015,0.10957609478303597,0.10957609478303597,0.0,0.0980411130162207,0.36827575511814903,0.24584701841101017,0.28783611345462007,0.0,0.0,1.0,0.14038127697814337,0.29591100745214854,0.20863567129397462,0.3550720442757333
23,0.04901694827211808,0.0,0.15098305172788193,122,88,0.0,0,0,20,0.14038127697814337,0.11666666666666667,0.29591100745214854,0.325,0.20863567129397462,0.18333333333333332,0.3550720442757333,0.375,0.24295332125387675,0.24295332125387675,0.0,0.0825,0.4125,0.335,0.17,0.07874068541765633,0.07874068541765633,1.0,0.1135822260324414,0.3240515102362981,0.15669403682202032,0.40567222690924015,0.10957609478303597,0.10957609478303597,0.0,0.0980411130162207,0.36827575511814903,0.24584701841101017,0.28783611345462007,0.0,0.0,1.0,0.14038127697814337,0.29591100745214854,0.20863567129397462,0.3550720442757333
24,0.04901694827211808,0.0,0.15098305172788193,105,92,0.0,0,0,20,0.14038127697814337,0.11666666666666667,0.29591100745214854,0.325,0.20863567129397462,0.18333333333333332,0.3550720442757333,0.375,0.24295332125387675,0.24295332125387675,0.0,0.0825,0.4125,0.335,0.17,0.07874068541765633,0.07874068541765633,1.0,0.1135822260324414,0.3240515102362981,0.15669403682202032,0.40567222690924015,0.10957609478303597,0.10957609478303597,0.0,0.0980411130162207,0.36827575511814903,0.24584701841101017,0.28783611345462007,0.0,0.0,1.0,0.14038127697814337,0.29591100745214854,0.20863567129397462,0.3550720442757333
25,0.04901694827211808,0.0,0.15098305172788193,100,94,0.0,0,0,20,0.14038127697814337,0.11666666666666667,0.29591100745214854,0.325,0.20863567129397462,0.18333333333333332,0.3550720442757333,0.375,0.24295332125387675,0.24295332125387675,0.0,0.0825,0.4125,0.335,0.17,0.07874068541765633,0.07874068541765633,1.0,0.1135822260324414,0.3240515102362981,0.15669403682202032,0.40567222690924015,0.10957609478303597,0.10957609478303597,0.0,0.0980411130162207,0.36827575511814903,0.24584701841101017,0.28783611345462007,0.0,0.0,1.0,0.14038127697814337,0.29591100745214854,0.20863567129397462,0.3550720442757333
26,0.04901694827211808,0.0,0.15098305172788193,123,96,0.0,0,0,20,0.14038127697814337,0.11666666666666667,0.29591100745214854,0.325,0.20863567129397462,0.18333333333333332,0.3550720442757333,0.375,0.24295332125387675,0.24295332125387675,0.0,0.0825,0.4125,0.335,0.17,0.07874068541765633,0.07874068541765633,1.0,0.1135822260324414,0.3240515102362981,0.15669403682202032,0.40567222690924015,0.10957609478303597,0.10957609478303597,0.0,0.0980411130162207,0.36827575511814903,0.24584701841101017,0.28783611345462007,0.0,0.0,1.0,0.14038127697814337,0.29591100745214854,0.20863567129397462,0.3550720442757333
27,0.04901694827211808,0.0,0.15098305172788193,93,99,0.0,0,0,20,0.14038127697814337,0.11666666666666667,0.29591100745214854,0.325,0.20863567129397462,0.18333333333333332,0.3550720442757333,0.375,0.24295332125387675,0.24295332125387675,0.0,0.0825,0.4125,0.335,0.17,0.07874068541765633,0.07874068541765633,1.0,0.1135822260324414,0.3240515102362981,0.15669403682202032,0.40567222690924015,0.10957609478303597,0.10957609478303597,0.0,0.0980411130162207,0.36827575511814903,0.24584701841101017,0.28783611345462007,0.0,0.0,1.0,0.14038127697814337,0.29591100745214854,0.20863567129397462,0.3550720442757333
28,0.04901694827211808,0.0,0.15098305172788193,99,102,0.0,0,0,20,0.14038127697814337,0.11666666666666667,0.29591100745214854,0.325,0.20863567129397462,0.18333333333333332,0.3550720442757333,0.375,0.24295332125387675,0.24295332125387675,0.0,0.0825,0.4125,0.335,0.17,0.07874068541765633,0.07874068541765633,1.0,0.1135822260324414,0.3240515102362981,0.15669403682202032,0.40567222690924015,0.10957609478303597,0.10957609478303597,0.0,0.0980411130162207,0.36827575511814903,0.24584701841101017,0.28783611345462007,0.0,0.0,1.0,0.14038127697814337,0.29591100745214854,0.20863567129397462,0.3550720442757333
29,0.04901694827211808,0.0,0.15098305172788193,94,102,0.0,0,0,20,0.14038127697814337,0.11666666666666667,0.29591100745214854,0.325,0.20863567129397462,0.18333333333333332,0.3550720442757333,0.375,0.24295332125387675,0.24295332125387675,0.0,0.0825,0.4125,0.335,0.17,0.07874068541765633,0.07874068541765633,1.0,0.1135822260324414,0.3240515102362981,0.15669403682202032,0.40567222690924015,0.10957609478303597,0.10957609478303597,0.0,0.0980411130162207,0.36827575511814903,0.24584701841101017,0.28783611345462007,0.0,0.0,1.0,0.14038127697814337,0.29591100745214854,0.20863567129397462,0.3550720442757333
30,0.04901694827211808,0.0,0.15098305172788193,113,104,0.0,0,1,30,0.14038127697814337,0.11666666666666667,0.29591100745214854,0.325,0.20863567129397462,0.18333333333333332,0.3550720442757333,0.375,0.24545332125387676,0.24545332125387676,0.0,0.08333333333333333,0.4166666666666667,0.3333333333333333,0.16666666666666666,0.14440951640261968,0.14440951640261968,0.0,0.1373317243806836,0.35553598884491816,0.29342020630382476,0.21371208047057344,0.19493141882824822,0.19493141882824822,0.0,0.11033252885700848,0.3861013277557924,0.31337676981857904,0.19018937356862003,0.0,0.0,1.0,0.14038127697814337,0.29591100745214854,0.20863567129397462,0.3550720442757333
31,0.04901694827211808,0.0,0.15098305172788193,109,106,0.0,0,0,30,0.14038127697814337,0.11666666666666667,0.29591100745214854,0.325,0.20863567129397462,0.18333333333333332,0.3550720442757333,0.375,0.24545332125387676,0.24545332125387676,0.0,0.08333333333333333,0.4166666666666667,0.3333333333333333,0.16666666666666666,0.14440951640261968,0.14440951640261968,0.0,0.1373317243806836,0.35553598884491816,0.29342020630382476,0.21371208047057344,0.19493141882824822,0.19493141882824822,0.0,0.11033252885700848,0.3861013277557924,0.31337676981857904,0.19018937356862003,0.0,0.0,1.0,0.14038127697814337,0.29591100745214854,0.20863567129397462,0.3550720442757333
32,0.04901694827211808,0.0,0.15098305172788193,98,108,0.0,0,0,30,0.14038127697814337,0.11666666666666667,0.29591100745214854,0.325,0.20863567129397462,0.18333333333333332,0.3550720442757333,0.375,0.24545332125387676,0.24545332125387676,0.0,0.08333333333333333,0.4166666666666667,0.3333333333333333,0.16666666666666666,0.14440951640261968,0.14440951640261968,0.0,0.1373317243806836,0.35553598884491816,0.29342020630382476,0.21371208047057344,0.19493141882824822,0.19493141882824822,0.0,0.11033252885700848,0.3861013277557924,0.31337676981857904,0.19018937356862003,0.0,0.0,1.0,0.14038127697814337,0.29591100745214854,0.20863567129397462,0.3550720442757333
33,0.04901694827211808,0.0,0.15098305172788193,100,112,0.0,0,0,30,0.14038127697814337,0.11666666666666667,0.29591100745214854,0.325,0.20863567129397462,0.18333333333333332,0.3550720442757333,0.375,0.24545332125387676,0.24545332125387676,0.0,0.08333333333333333,0.4166666666666667,0.3333333333333333,0.16666666666666666,0.14440951640261968,0.14440951640261968,0.0,0.1373317243806836,0.35553598884491816,0.29342020630382476,0.21371208047057344,0.19493141882824822,0.19493141882824822,0.0,0.11033252885700848,0.3861013277557924,0.31337676981857904,0.19018937356862003,0.0,0.0,1.0,0.14038127697814337,0.29591100745214854,0.20863567129397462,0.3550720442757333
34,0.04901694827211808,0.0,0.15098305172788193,100,114,0.0,0,0,30,0.14038127697814337,0.11666666666666667,0.29591100745214854,0.325,0.20863567129397462,0.18333333333333332,0.3550720442757333,0.375,0.24545332125387676,0.24545332125387676,0.0,0.08333333333333333,0.4166666666666667,0.3333333333333333,0.16666666666666666,0.14440951640261968,0.14440951640261968,0.0,0.1373317243806836,0.35553598884491816,0.29342020630382476,0.21371208047057344,0.19493141882824822,0.19493141882824822,0.0,0.11033252885700848,0.3861013277557924,0.31337676981857904,0.19018937356862003,0.0,0.0,1.0,0.14038127697814337,0.29591100745214854,0.20863567129397462,0.3550720442757333
35,0.04901694827211808,0.0,0.15098305172788193,103,117,0.0,0,0,30,0.14038127697814337,0.11666666666666667,0.29591100745214854,0.325,0.20863567129397462,0.18333333333333332,0.3550720442757333,0.375,0.24545332125387676,0.24545332125387676,0.0,0.08333333333333333,0.4166666666666667,0.3333333333333333,0.16666666666666666,0.14440951640261968,0.14440951640261968,0.0,0.1373317243806836,0.35553598884491816,0.29342020630382476,0.21371208047057344,0.19493141882824822,0.19493141882824822,0.0,0.11033252885700848,0.3861013277557924,0.31337676981857904,0.19018937356862003,0.0,0.0,1.0,0.14038127697814337,0.29591100745214854,0.20863567129397462,0.3550720442757333
36,0.04901694827211808,0.0,0.15098305172788193,109,119,0.0,0,0,30,0.14038127697814337,0.11666666666666667,0.29591100745214854,0.325,0.20863567129397462,0.18333333333333332,0.3550720442757333,0.375,0.24545332125387676,0.24545332125387676,0.0,0.08333333333333333,0.4166666666666667,0.3333333333333333,0.16666666666666666,0.14440951640261968,0.14440951640261968,0.0,0.1373317243806836,0.35553598884491816,0.29342020630382476,0.21371208047057344,0.19493141882824822,0.19493141882824822,0.0,0.11033252885700848,0.3861013277557924,0.31337676981857904,0.19018937356862003,0.0,0.0,1.0,0.14038127697814337,0.29591100745214854,0.20863567129397462,0.3550720442757333
37,0.04901694827211808,0.0,0.15098305172788193,95,123,0.0,0,0,30,0.14038127697814337,0.11666666666666667,0.29591100745214854,0.325,0.20863567129397462,0.18333333333333332,0.3550720442757333,0.375,0.24545332125387676,0.24545332125387676,0.0,0.08333333333333333,0.4166666666666667,0.3333333333333333,0.16666666666666666,0.14440951640261968,0.14440951640261968,0.0,0.1373317243806836,0.35553598884491816,0.29342020630382476,0.21371208047057344,0.19493141882824822,0.19493141882824822,0.0,0.11033252885700848,0.3861013277557924,0.31337676981857904,0.19018937356862003,0.0,0.0,1.0,0.14038127697814337,0.29591100745214854,0.20863567129397462,0.3550720442757333
38,0.04901694827211808,0.0,0.15098305172788193,111,124,0.0,0,0,30,0.14038127697814337,0.11666666666666667,0.29591100745214854,0.325,0.20863567129397462,0.18333333333333332,0.3550720442757333,0.375,0.24545332125387676,0.24545332125387676,0.0,0.08333333333333333,0.4166666666666667,0.3333333333333333,0.16666666666666666,0.14440951640261968,0.14440951640261968,0.0,0.1373317243806836,0.35553598884491816,0.29342020630382476,0.21371208047057344,0.19493141882824822,0.19493141882824822,0.0,0.11033252885700848,0.3861013277557924,0.31337676981857904,0.19018937356862003,0.0,0.0,1.0,0.14038127697814337,0.29591100745214854,0.20863567129397462,0.3550720442757333
39,0.04901694827211808,0.0,0.15098305172788193,105,124,0.0,0,0,30,0.14038127697814337,0.11666666666666667,0.29591100745214854,0.325,0.20863567129397462,0.18333333333333332,0.3550720442757333,0.375,0.24545332125387676,0.24545332125387676,0.0,0.08333333333333333,0.4166666666666667,0.3333333333333333,0.16666666666666666,0.14440951640261968,0.14440951640261968,0.0,0.1373317243806836,0.35553598884491816,0.29342020630382476,0.21371208047057344,0.19493141882824822,0.19493141882824822,0.0,0.11033252885700848,0.3861013277557924,0.31337676981857904,0.19018937356862003,0.0,0.0,1.0,0.14038127697814337,0.29591100745214854,0.20863567129397462,0.3550720442757333
40,0.04901694827211808,0.0,0.15098305172788193,112,127,0.0,0,1,40,0.14038127697814337,0.11666666666666667,0.29591100745214854,0.325,0.20863567129397462,0.18333333333333332,0.3550720442757333,0.375,0.24545332125387676,0.24545332125387676,0.0,0.08333333333333333,0.4166666666666667,0.3333333333333333,0.16666666666666666,0.06760662819646668,0.06760662819646668,0.0,0.12414061786858867,0.32618400089824345,0.24596930604434644,0.30370607518882137,0.15652997472517172,0.15652997472517172,0.0,0.103736975600961,0.37142533378245507,0.2896513196888399,0.23518637092774403,0.0,0.0,1.0,0.14038127697814337,0.29591100745214854,0.20863567129397462,0.3550720442757333
41,0.04901694827211808,0.0,0.15098305172788193,101,129,0.0,0,0,40,0.14038127697814337,0.11666666666666667,0.29591100745214854,0.325,0.20863567129397462,0.18333333333333332,0.3550720442757333,0.375,0.24545332125387676,0.24545332125387676,0.0,0.08333333333333333,0.4166666666666667,0.3333333333333333,0.16666666666666666,0.06760662819646668,0.06760662819646668,0.0,0.12414061786858867,0.32618400089824345,0.24596930604434644,0.30370607518882137,0.15652997472517172,0.15652997472517172,0.0,0.103736975600961,0.37142533378245507,0.2896513196888399,0.23518637092774403,0.0,0.0,1.0,0.14038127697814337,0.29591100745214854,0.20863567129397462,0.3550720442757333
42,0.04901694827211808,0.0,0.15098305172788193,88,132,0.0,0,0,40,0.14038127697814337,0.11666666666666667,0.29591100745214854,0.325,0.20863567129397462,0.18333333333333332,0.3550720442757333,0.375,0.24545332125387676,0.24545332125387676,0.0,0.08333333333333333,0.4166666666666667,0.3333333333333333,0.16666666666666666,0.06760662819646668,0.06760662819646668,0.0,0.12414061786858867,0.32618400089824345,0.24596930604434644,0.30370607518882137,0.15652997472517172,0.15652997472517172,0.0,0.103736975600961,0.37142533378245507,0.2896513196888399,0.23518637092774403,0.0,0.0,1.0,0.14038127697814337,0.29591100745214854,0.20863567129397462,0.3550720442757333
43,0.04901694827211808,0.0,0.15098305172788193,98,133,0.0,0,0,40,0.14038127697814337,0.11666666666666667,0.29591100745214854,0.325,0.20863567129397462,0.18333333333333332,0.3550720442757333,0.375,0.24545332125387676,0.24545332125387676,0.0,0.08333333333333333,0.4166666666666667,0.3333333333333333,0.16666666666666666,0.06760662819646668,0.06760662819646668,0.0,0.12414061786858867,0.32618400089824345,0.24596930604434644,0.30370607518882137,0.15652997472517172,0.15652997472517172,0.0,0.103736975600961,0.37142533378245507,0.2896513196888399,0.23518637092774403,0.0,0.0,1.0,0.14038127697814337,0.29591100745214854,0.20863567129397462,0.3550720442757333
44,0.04901694827211808,0.0,0.15098305172788193,112,136,0.0,0,0,40,0.14038127697814337,0.11666666666666667,0.29591100745214854,0.325,0.20863567129397462,0.18333333333333332,0.3550720442757333,0.375,0.24545332125387676,0.24545332125387676,0.0,0.08333333333333333,0.4166666666666667,0.3333333333333333,0.16666666666666666,0.06760662819646668,0.06760662819646668,0.0,0.12414061786858867,0.32618400089824345,0.24596930604434644,0.30370607518882137,0.15652997472517172,0.15652997472517172,0.0,0.103736975600961,0.37142533378245507,0.2896513196888399,0.23518637092774403,0.0,0.0,1.0,0.14038127697814337,0.29591100745214854,0.20863567129397462,0.3550720442757333
45,0.04901694827211808,0.0,0.15098305172788193,109,138,0.0,0,0,40,0.14038127697814337,0.11666666666666667,0.29591100745214854,0.325,0.20863567129397462,0.18333333333333332,0.3550720442757333,0.375,0.24545332125387676,0.24545332125387676,0.0,0.08333333333333333,0.4166666666666667,0.3333333333333333,0.16666666666666666,0.06760662819646668,0.06760662819646668,0.0,0.12414061786858867,0.32618400089824345,0.24596930604434644,0.30370607518882137,0.15652997472517172,0.15652997472517172,0.0,0.103736975600961,0.37142533378245507,0.2896513196888399,0.23518637092774403,0.0,0.0,1.0,0.14038127697814337,0.29591100745214854,0.20863567129397462,0.3550720442757333
46,0.04901694827211808,0.0,0.15098305172788193,92,138,0.0,0,0,40,0.14038127697814337,0.11666666666666667,0.29591100745214854,0.325,0.20863567129397462,0.18333333333333332,0.3550720442757333,0.375,0.24545332125387676,0.24545332125387676,0.0,0.08333333333333333,0.4166666666666667,0.3333333333333333,0.16666666666666666,0.06760662819646668,0.06760662819646668,0.0,0.12414061786858867,0.32618400089824345,0.24596930604434644,0.30370607518882137,0.15652997472517172,0.15652997472517172,0.0,0.103736975600961,0.37142533378245507,0.2896513196888399,0.23518637092774403,0.0,0.0,1.0,0.14038127697814337,0.29591100745214854,0.20863567129397462,0.3550720442757333
47,0.04901694827211808,0.0,0.15098305172788193,105,140,0.0,0,0,40,0.14038127697814337,0.11666666666666667,0.29591100745214854,0.325,0.20863567129397462,0.18333333333333332,0.3550720442757333,0.375,0.24545332125387676,0.24545332125387676,0.0,0.08333333333333333,0.4166666666666667,0.3333333333333333,0.16666666666666666,0.06760662819646668,0.06760662819646668,0.0,0.12414061786858867,0.32618400089824345,0.24596930604434644,0.30370607518882137,0.15652997472517172,0.15652997472517172,0.0,0.103736975600961,0.37142533378245507,0.2896513196888399,0.23518637092774403,0.0,0.0,1.0,0.14038127697814337,0.29591100745214854,0.20863567129397462,0.3550720442757333
48,0.04901694827211808,0.0,0.15098305172788193,94,142,0.0,0,0,40,0.14038127697814337,0.11666666666666667,0.29591100745214854,0.325,0.20863567129397462,0.18333333333333332,0.3550720442757333,0.375,0.24545332125387676,0.24545332125387676,0.0,0.08333333333333333,0.4166666666666667,0.3333333333333333,0.16666666666666666,0.06760662819646668,0.06760662819646668,0.0,0.12414061786858867,0.32618400089824345,0.24596930604434644,0.30370607518882137,0.15652997472517172,0.15652997472517172,0.0,0.103736975600961,0.37142533378245507,0.2896513196888399,0.23518637092774403,0.0,0.0,1.0,0.14038127697814337,0.29591100745214854,0.20863567129397462,0.3550720442757333
49,0.04901694827211808,0.0,0.15098305172788193,117,143,0.0,0,0,40,0.14038127697814337,0.11666666666666667,0.29591100745214854,0.325,0.20863567129397462,0.18333333333333332,0.3550720442757333,0.375,0.24545332125387676,0.24545332125387676,0.0,0.08333333333333333,0.4166666666666667,0.3333333333333333,0.16666666666666666,0.06760662819646668,0.06760662819646668,0.0,0.12414061786858867,0.32618400089824345,0.24596930604434644,0.30370607518882137,0.15652997472517172,0.15652997472517172,0.0,0.103736975600961,0.37142533378245507,0.2896513196888399,0.23518637092774403,0.0,0.0,1.0,0.14038127697814337,0.29591100745214854,0.20863567129397462,0.3550720442757333
50,0.04901694827211808,0.0,0.15098305172788193,98,144,0.0,0,1,50,0.14038127697814337,0.11666666666666667,0.29591100745214854,0.325,0.20863567129397462,0.18333333333333332,0.3550720442757333,0.375,0.24545332125387676,0.24545332125387676,0.0,0.08333333333333333,0.4166666666666667,0.3333333333333333,0.16666666666666666,0.08554315708629377,0.08554315708629377,1.0,0.12835927459552718,0.2624020200353072,0.2941788283802685,0.31505987698889715,0.14874374546166463,0.14874374546166463,0.0,0.10584630396443026,0.339534343350987,0.3137560808568009,0.2408632718277819,0.0,0.0,1.0,0.14038127697814337,0.29591100745214854,0.20863567129397462,0.3550720442757333
51,0.04901694827211808,0.0,0.15098305172788193,95,146,0.0,0,0,50,0.14038127697814337,0.11666666666666667,0.29591100745214854,0.325,0.20863567129397462,0.18333333333333332,0.3550720442757333,0.375,0.24545332125387676,0.24545332125387676,0.0,0.08333333333333333,0.4166666666666667,0.3333333333333333,0.16666666666666666,0.08554315708629377,0.08554315708629377,1.0,0.12835927459552718,0.2624020200353072,0.2941788283802685,0.31505987698889715,0.14874374546166463,0.14874374546166463,0.0,0.10584630396443026,0.339534343350987,0.3137560808568009,0.2408632718277819,0.0,0.0,1.0,0.14038127697814337,0.29591100745214854,0.20863567129397462,0.3550720442757333
52,0.04901694827211808,0.0,0.15098305172788193,101,148,0.0,0,0,50,0.14038127697814337,0.11666666666666667,0.29591100745214854,0.325,0.20863567129397462,0.18333333333333332,0.3550720442757333,0.375,0.24545332125387676,0.24545332125387676,0.0,0.08333333333333333,0.4166666666666667,0.3333333333333333,0.16666666666666666,0.08554315708629377,0.08554315708629377,1.0,0.12835927459552718,0.2624020200353072,0.2941788283802685,0.31505987698889715,0.14874374546166463,0.14874374546166463,0.0,0.10584630396443026,0.339534343350987,0.3137560808568009,0.2408632718277819,0.0,0.0,1.0,0.14038127697814337,0.29591100745214854,0.20863567129397462,0.3550720442757333
53,0.04901694827211808,0.0,0.15098305172788193,111,150,0.0,0,0,50,0.14038127697814337,0.11666666666666667,0.29591100745214854,0.325,0.20863567129397462,0.18333333333333332,0.3550720442757333,0.375,0.24545332125387676,0.24545332125387676,0.0,0.08333333333333333,0.4166666666666667,0.3333333333333333,0.16666666666666666,0.08554315708629377,0.08554315708629377,1.0,0.12835927459552718,0.2624020200353072,0.2941788283802685,0.31505987698889715,0.14874374546166463,0.14874374546166463,0.0,0.10584630396443026,0.339534343350987,0.3137560808568009,0.2408632718277819,0.0,0.0,1.0,0.14038127697814337,0.29591100745214854,0.20863567129397462,0.3550720442757333
54,0.04901694827211808,0.0,0.15098305172788193,109,152,0.0,0,0,50,0.14038127697814337,0.11666666666666667,0.29591100745214854,0.325,0.20863567129397462,0.18333333333333332,0.3550720442757333,0.375,0.24545332125387676,0.24545332125387676,0.0,0.08333333333333333,0.4166666666666667,0.3333333333333333,0.16666666666666666,0.08554315708629377,0.08554315708629377,1.0,0.12835927459552718,0.2624020200353072,0.2941788283802685,0.31505987698889715,0.14874374546166463,0.14874374546166463,0.0,0.10584630396443026,0.339534343350987,0.3137560808568009,0.2408632718277819,0.0,0.0,1.0,0.14038127697814337,0.29591100745214854,0.20863567129397462,0.3550720442757333
55,0.04901694827211808,0.0,0.15098305172788193,108,154,0.0,0,0,50,0.14038127697814337,0.11666666666666667,0.29591100745214854,0.325,0.20863567129397462,0.18333333333333332,0.3550720442757333,0.375,0.24545332125387676,0.24545332125387676,0.0,0.08333333333333333,0.4166666666666667,0.3333333333333333,0.16666666666666666,0.08554315708629377,0.08554315708629377,1.0,0.12835927459552718,0.2624020200353072,0.2941788283802685,0.31505987698889715,0.14874374546166463,0.14874374546166463,0.0,0.10584630396443026,0.339534343350987,0.3137560808568009,0.2408632718277819,0.0,0.0,1.0,0.14038127697814337,0.29591100745214854,0.20863567129397462,0.3550720442757333
56,0.04901694827211808,0.0,0.15098305172788193,96,156,0.0,0,0,50,0.14038127697814337,0.11666666666666667,0.29591100745214854,0.325,0.20863567129397462,0.18333333333333332,0.3550720442757333,0.375,0.24545332125387676,0.24545332125387676,0.0,0.08333333333333333,0.4166666666666667,0.3333333333333333,0.16666666666666666,0.08554315708629377,0.08554315708629377,1.0,0.12835927459552718,0.2624020200353072,0.2941788283802685,0.31505987698889715,0.14874374546166463,0.14874374546166463,0.0,0.10584630396443026,0.339534343350987,0.3137560808568009,0.2408632718277819,0.0,0.0,1.0,0.14038127697814337,0.29591100745214854,0.20863567129397462,0.3550720442757333
57,0.04901694827211808,0.0,0.15098305172788193,107,158,0.0,0,0,50,0.14038127697814337,0.11666666666666667,0.29591100745214854,0.325,0.20863567129397462,0.18333333333333332,0.3550720442757333,0.375,0.24545332125387676,0.24545332125387676,0.0,0.08333333333333333,0.4166666666666667,0.3333333333333333,0.16666666666666666,0.08554315708629377,0.08554315708629377,1.0,0.12835927459552718,0.2624020200353072,0.2941788283802685,0.31505987698889715,0.14874374546166463,0.14874374546166463,0.0,0.10584630396443026,0.339534343350987,0.3137560808568009,0.2408632718277819,0.0,0.0,1.0,0.14038127697814337,0.29591100745214854,0.20863567129397462,0.3550720442757333
58,0.04901694827211808,0.0,0.15098305172788193,117,161,0.0,0,0,50,0.14038127697814337,0.11666666666666667,0.29591100745214854,0.325,0.20863567129397462,0.18333333333333332,0.3550720442757333,0.375,0.24545332125387676,0.24545332125387676,0.0,0.08333333333333333,0.4166666666666667,0.3333333333333333,0.16666666666666666,0.08554315708629377,0.08554315708629377,1.0,0.12835927459552718,0.2624020200353072,0.2941788283802685,0.31505987698889715,0.14874374546166463,0.14874374546166463,0.0,0.10584630396443026,0.339534343350987,0.3137560808568009,0.2408632718277819,0.0,0.0,1.0,0.14038127697814337,0.29591100745214854,0.20863567129397462,0.3550720442757333
59,0.04901694827211808,0.0,0.15098305172788193,111,162,0.0,0,0,50,0.14038127697814337,0.11666666666666667,0.29591100745214854,0.325,0.20863567129397462,0.18333333333333332,0.3550720442757333,0.375,0.24545332125387676,0.24545332125387676,0.0,0.08333333333333333,0.4166666666666667,0.3333333333333333,0.16666666666666666,0.08554315708629377,0.08554315708629377,1.0,0.12835927459552718,0.2624020200353072,0.2941788283802685,0.31505987698889715,0.14874374546166463,0.14874374546166463,0.0,0.10584630396443026,0.339534343350987,0.3137560808568009,0.2408632718277819,0.0,0.0,1.0,0.14038127697814337,0.29591100745214854,0.20863567129397462,0.3550720442757333
60,0.04901694827211808,0.0,0.15098305172788193,109,164,0.0,0,1,60,0.14038127697814337,0.11666666666666667,0.29591100745214854,0.325,0.20863567129397462,0.18333333333333332,0.3550720442757333,0.375,0.24545332125387676,0.24545332125387676,0.0,0.08333333333333333,0.4166666666666667,0.3333333333333333,0.16666666666666666,0.026119400789403835,0.026119400789403835,1.0,0.142521243845483,0.31310606820572895,0.21542004446245847,0.3289526434863295,0.1347163775879705,0.1347163775879705,0.0,0.11292728858940818,0.36488636743619784,0.2743766888978959,0.2478096550764981,0.0,0.0,1.0,0.14038127697814337,0.29591100745214854,0.20863567129397462,0.3550720442757333
61,0.04901694827211808,0.0,0.15098305172788193,116,167,0.0,0,0,60,0.14038127697814337,0.11666666666666667,0.29591100745214854,0.325,0.20863567129397462,0.18333333333333332,0.3550720442757333,0.375,0.24545332125387676,0.24545332125387676,0.0,0.08333333333333333,0.4166666666666667,0.3333333333333333,0.16666666666666666,0.026119400789403835,0.026119400789403835,1.0,0.142521243845483,0.31310606820572895,0.21542004446245847,0.3289526434863295,0.1347163775879705,0.1347163775879705,0.0,0.11292728858940818,0.36488636743619784,0.2743766888978959,0.2478096550764981,0.0,0.0,1.0,0.14038127697814337,0.29591100745214854,0.20863567129397462,0.3550720442757333
62,0.04901694827211808,0.0,0.15098305172788193,104,168,0.0,0,0,60,0.14038127697814337,0.11666666666666667,0.29591100745214854,0.325,0.20863567129397462,0.18333333333333332,0.3550720442757333,0.375,0.24545332125387676,0.24545332125387676,0.0,0.08333333333333333,0.4166666666666667,0.3333333333333333,0.16666666666666666,0.026119400789403835,0.026119400789403835,1.0,0.142521243845483,0.31310606820572895,0.21542004446245847,0.3289526434863295,0.1347163775879705,0.1347163775879705,0.0,0.11292728858940818,0.36488636743619784,0.2743766888978959,0.2478096550764981,0.0,0.0,1.0,0.14038127697814337,0.29591100745214854,0.20863567129397462,0.3550720442757333
63,0.04901694827211808,0.0,0.15098305172788193,106,170,0.0,0,0,60,0.14038127697814337,0.11666666666666667,0.29591100745214854,0.325,0.20863567129397462,0.18333333333333332,0.3550720442757333,0.375,0.24545332125387676,0.24545332125387676,0.0,0.08333333333333333,0.4166666666666667,0.3333333333333333,0.16666666666666666,0.026119400789403835,0.026119400789403835,1.0,0.142521243845483,0.31310606820572895,0.21542004446245847,0.3289526434863295,0.1347163775879705,0.1347163775879705,0.0,0.11292728858940818,0.36488636743619784,0.2743766888978959,0.2478096550764981,0.0,0.0,1.0,0.14038127697814337,0.29591100745214854,0.20863567129397462,0.3550720442757333
64,0.04901694827211808,0.0,0.15098305172788193,110,170,0.0,0,0,60,0.14038127697814337,0.11666666666666667,0.29591100745214854,0.325,0.20863567129397462,0.18333333333333332,0.3550720442757333,0.375,0.24545332125387676,0.24545332125387676,0.0,0.08333333333333333,0.4166666666666667,0.3333333333333333,0.16666666666666666,0.026119400789403835,0.026119400789403835,1.0,0.142521243845483,0.31310606820572895,0.21542004446245847,0.3289526434863295,0.1347163775879705,0.1347163775879705,0.0,0.11292728858940818,0.36488636743619784,0.2743766888978959,0.2478096550764981,0.0,0.0,1.0,0.14038127697814337,0.29591100745214854,0.20863567129397462,0.3550720442757333
65,0.04901694827211808,0.0,0.15098305172788193,97,173,0.0,0,0,60,0.14038127697814337,0.11666666666666667,0.29591100745214854,0.325,0.20863567129397462,0.18333333333333332,0.3550720442757333,0.375,0.24545332125387676,0.24545332125387676,0.0,0.08333333333333333,0.4166666666666667,0.3333333333333333,0.16666666666666666,0.026119400789403835,0.026119400789403835,1.0,0.142521243845483,0.31310606820572895,0.21542004446245847,0.3289526434863295,0.1347163775879705,0.1347163775879705,0.0,0.11292728858940818,0.36488636743619784,0.2743766888978959,0.2478096550764981,0.0,0.0,1.0,0.14038127697814337,0.29591100745214854,0.20863567129397462,0.3550720442757333
66,0.04901694827211808,0.0,0.15098305172788193,93,174,0.0,0,0,60,0.14038127697814337,0.11666666666666667,0.29591100745214854,0.325,0.20863567129397462,0.18333333333333332,0.3550720442757333,0.375,0.24545332125387676,0.24545332125387676,0.0,0.08333333333333333,0.4166666666666667,0.3333333333333333,0.16666666666666666,0.026119400789403835,0.026119400789403835,1.0,0.142521243845483,0.31310606820572895,0.21542004446245847,0.3289526434863295,0.1347163775879705,0.1347163775879705,0.0,0.11292728858940818,0.36488636743619784,0.2743766888978959,0.2478096550764981,0.0,0.0,1.0,0.14038127697814337,0.29591100745214854,0.20863567129397462,0.3550720442757333
67,0.04901694827211808,0.0,0.15098305172788193,114,175,0.0,0,0,60,0.14038127697814337,0.11666666666666667,0.29591100745214854,0.325,0.20863567129397462,0.18333333333333332,0.3550720442757333,0.375,0.24545332125387676,0.24545332125387676,0.0,0.08333333333333333,0.4166666666666667,0.3333333333333333,0.16666666666666666,0.026119400789403835,0.026119400789403835,1.0,0.142521243845483,0.31310606820572895,0.21542004446245847,0.3289526434863295,0.1347163775879705,0.1347163775879705,0.0,0.11292728858940818,0.36488636743619784,0.2743766888978959,0.2478096550764981,0.0,0.0,1.0,0.14038127697814337,0.29591100745214854,0.20863567129397462,0.3550720442757333
68,0.04901694827211808,0.0,0.15098305172788193,107,177,0.0,0,0,60,0.14038127697814337,0.11666666666666667,0.29591100745214854,0.325,0.20863567129397462,0.18333333333333332,0.3550720442757333,0.375,0.24545332125387676,0.24545332125387676,0.0,0.08333333333333333,0.4166666666666667,0.3333333333333333,0.16666666666666666,0.026119400789403835,0.026119400789403835,1.0,0.142521243845483,0.31310606820572895,0.21542004446245847,0.3289526434863295,0.1347163775879705,0.1347163775879705,0.0,0.11292728858940818,0.36488636743619784,0.2743766888978959,0.2478096550764981,0.0,0.0,1.0,0.14038127697814337,0.29591100745214854,0.20863567129397462,0.3550720442757333
69,0.04901694827211808,0.0,0.15098305172788193,102,177,0.0,0,0,60,0.14038127697814337,0.11666666666666667,0.29591100745214854,0.325,0.20863567129397462,0.18333333333333332,0.3550720442757333,0.375,0.24545332125387676,0.24545332125387676,0.0,0.08333333333333333,0.4166666666666667,0.3333333333333333,0.16666666666666666,0.026119400789403835,0.026119400789403835,1.0,0.142521243845483,0.31310606820572895,0.21542004446245847,0.3289526434863295,0.1347163775879705,0.1347163775879705,0.0,0.11292728858940818,0.36488636743619784,0.2743766888978959,0.2478096550764981,0.0,0.0,1.0,0.14038127697814337,0.29591100745214854,0.20863567129397462,0.3550720442757333
70,0.04901694827211808,0.0,0.15098305172788193,90,179,0.0,0,1,70,0.14038127697814337,0.11666666666666667,0.29591100745214854,0.325,0.20863567129397462,0.18333333333333332,0.3550720442757333,0.375,0.24545332125387676,0.24545332125387676,0.0,0.08333333333333333,0.4166666666666667,0.3333333333333333,0.16666666666666666,0.08151618273376057,0.08151618273376057,1.0,0.19052751602876647,0.28167967605046673,0.24000561497711217,0.2877871929436546,0.13129596676766625,0.13129596676766625,0.0,0.1369304246810499,0.34917317135856674,0.28666947415522276,0.22722692980516063,0.0,0.0,1.0,0.14038127697814337,0.29591100745214854,0.20863567129397462,0.3550720442757333
71,0.04901694827211808,0.0,0.15098305172788193,106,180,0.0,0,0,70,0.14038127697814337,0.11666666666666667,0.29591100745214854,0.325,0.20863567129397462,0.18333333333333332,0.3550720442757333,0.375,0.24545332125387676,0.24545332125387676,0.0,0.08333333333333333,0.4166666666666667,0.3333333333333333,0.16666666666666666,0.08151618273376057,0.08151618273376057,1.0,0.19052751602876647,0.28167967605046673,0.24000561497711217,0.2877871929436546,0.13129596676766625,0.13129596676766625,0.0,0.1369304246810499,0.34917317135856674,0.28666947415522276,0.22722692980516063,0.0,0.0,1.0,0.14038127697814337,0.29591100745214854,0.20863567129397462,0.3550720442757333
72,0.04901694827211808,0.0,0.15098305172788193,100,181,0.0,0,0,70,0.14038127697814337,0.11666666666666667,0.29591100745214854,0.325,0.20863567129397462,0.18333333333333332,0.3550720442757333,0.375,0.24545332125387676,0.24545332125387676,0.0,0.08333333333333333,0.4166666666666667,0.3333333333333333,0.16666666666666666,0.08151618273376057,0.08151618273376057,1.0,0.19052751602876647,0.28167967605046673,0.24000561497711217,0.2877871929436546,0.13129596676766625,0.13129596676766625,0.0,0.1369304246810499,0.34917317135856674,0.28666947415522276,0.22722692980516063,0.0,0.0,1.0,0.14038127697814337,0.29591100745214854,0.20863567129397462,0.3550720442757333
73,0.04901694827211808,0.0,0.15098305172788193,103,182,0.0,0,0,70,0.14038127697814337,0.11666666666666667,0.29591100745214854,0.325,0.20863567129397462,0.18333333333333332,0.3550720442757333,0.375,0.24545332125387676,0.24545332125387676,0.0,0.08333333333333333,0.4166666666666667,0.3333333333333333,0.16666666666666666,0.08151618273376057,0.08151618273376057,1.0,0.19052751602876647,0.28167967605046673,0.24000561497711217,0.2877871929436546,0.13129596676766625,0.13129596676766625,0.0,0.1369304246810499,0.34917317135856674,0.28666947415522276,0.22722692980516063,0.0,0.0,1.0,0.14038127697814337,0.29591100745214854,0.20863567129397462,0.3550720442757333
74,0.04901694827211808,0.0,0.15098305172788193,116,184,0.0,0,0,70,0.14038127697814337,0.11666666666666667,0.29591100745214854,0.325,0.20863567129397462,0.18333333333333332,0.3550720442757333,0.375,0.24545332125387676,0.24545332125387676,0.0,0.08333333333333333,0.4166666666666667,0.3333333333333333,0.16666666666666666,0.08151618273376057,0.08151618273376057,1.0,0.19052751602876647,0.28167967605046673,0.24000561497711217,0.2877871929436546,0.13129596676766625,0.13129596676766625,0.0,0.1369304246810499,0.34917317135856674,0.28666947415522276,0.22722692980516063,0.0,0.0,1.0,0.14038127697814337,0.29591100745214854,0.20863567129397462,0.3550720442757333
75,0.04901694827211808,0.0,0.15098305172788193,101,187,0.0,0,0,70,0.14038127697814337,0.11666666666666667,0.29591100745214854,0.325,0.20863567129397462,0.18333333333333332,0.3550720442757333,0.375,0.24545332125387676,0.24545332125387676,0.0,0.08333333333333333,0.4166666666666667,0.3333333333333333,0.16666666666666666,0.08151618273376057,0.08151618273376057,1.0,0.19052751602876647,0.28167967605046673,0.24000561497711217,0.2877871929436546,0.13129596676766625,0.13129596676766625,0.0,0.1369304246810499,0.34917317135856674,0.28666947415522276,0.22722692980516063,0.0,0.0,1.0,0.14038127697814337,0.29591100745214854,0.20863567129397462,0.3550720442757333
76,0.04901694827211808,0.0,0.15098305172788193,89,189,0.0,0,0,70,0.14038127697814337,0.11666666666666667,0.29591100745214854,0.325,0.20863567129397462,0.18333333333333332,0.3550720442757333,0.375,0.24545332125387676,0.24545332125387676,0.0,0.08333333333333333,0.4166666666666667,0.3333333333333333,0.16666666666666666,0.08151618273376057,0.08151618273376057,1.0,0.19052751602876647,0.28167967605046673,0.24000561497711217,0.2877871929436546,0.13129596676766625,0.13129596676766625,0.0,0.1369304246810499,0.34917317135856674,0.28666947415522276,0.22722692980516063,0.0,0.0,1.0,0.14038127697814337,0.29591100745214854,0.20863567129397462,0.3550720442757333
77,0.04901694827211808,0.0,0.15098305172788193,92,191,0.0,0,0,70,0.14038127697814337,0.11666666666666667,0.29591100745214854,0.325,0.20863567129397462,0.18333333333333332,0.3550720442757333,0.375,0.24545332125387676,0.24545332125387676,0.0,0.08333333333333333,0.4166666666666667,0.3333333333333333,0.16666666666666666,0.08151618273376057,0.08151618273376057,1.0,0.19052751602876647,0.28167967605046673,0.24000561497711217,0.2877871929436546,0.13129596676766625,0.13129596676766625,0.0,0.1369304246810499,0.34917317135856674,0.28666947415522276,0.22722692980516063,0.0,0.0,1.0,0.14038127697814337,0.29591100745214854,0.20863567129397462,0.3550720442757333
78,0.04901694827211808,0.0,0.15098305172788193,102,192,0.0,0,0,70,0.14038127697814337,0.11666666666666667,0.29591100745214854,0.325,0.20863567129397462,0.18333333333333332,0.3550720442757333,0.375,0.24545332125387676,0.24545332125387676,0.0,0.08333333333333333,0.4166666666666667,0.3333333333333333,0.16666666666666666,0.08151618273376057,0.08151618273376057,1.0,0.19052751602876647,0.28167967605046673,0.24000561497711217,0.2877871929436546,0.13129596676766625,0.13129596676766625,0.0,0.1369304246810499,0.34917317135856674,0.28666947415522276,0.22722692980516063,0.0,0.0,1.0,0.14038127697814337,0.29591100745214854,0.20863567129397462,0.3550720442757333
79,0.04901694827211808,0.0,0.15098305172788193,103,195,0.0,0,0,70,0.14038127697814337,0.11666666666666667,0.29591100745214854,0.325,0.20863567129397462,0.18333333333333332,0.3550720442757333,0.375,0.24545332125387676,0.24545332125387676,0.0,0.08333333333333333,0.4166666666666667,0.3333333333333333,0.16666666666666666,0.08151618273376057,0.08151618273376057,1.0,0.19052751602876647,0.28167967605046673,0.24000561497711217,0.2877871929436546,0.13129596676766625,0.13129596676766625,0.0,0.1369304246810499,0.34917317135856674,0.28666947415522276,0.22722692980516063,0.0,0.0,1.0,0.14038127697814337,0.29591100745214854,0.20863567129397462,0.3550720442757333
80,0.04901694827211808,0.0,0.15098305172788193,100,196,0.0,0,1,80,0.14038127697814337,0.11666666666666667,0.29591100745214854,0.325,0.20863567129397462,0.18333333333333332,0.3550720442757333,0.375,0.24545332125387676,0.24545332125387676,0.0,0.08333333333333333,0.4166666666666667,0.3333333333333333,0.16666666666666666,0.09582231212958733,0.09582231212958733,0.0,0.13815682135227242,0.2798946263388762,0.304457983423562,0.27749056888528933,0.1626296261350959,0.1626296261350959,0.0,0.11074507734280287,0.34828064650277146,0.3188956583784477,0.22207861777597798,0.0,0.0,1.0,0.14038127697814337,0.29591100745214854,0.20863567129397462,0.3550720442757333
81,0.04901694827211808,0.0,0.15098305172788193,94,198,0.0,0,0,80,0.14038127697814337,0.11666666666666667,0.29591100745214854,0.325,0.20863567129397462,0.18333333333333332,0.3550720442757333,0.375,0.24545332125387676,0.24545332125387676,0.0,0.08333333333333333,0.4166666666666667,0.3333333333333333,0.16666666666666666,0.09582231212958733,0.09582231212958733,0.0,0.13815682135227242,0.2798946263388762,0.304457983423562,0.27749056888528933,0.1626296261350959,0.1626296261350959,0.0,0.11074507734280287,0.34828064650277146,0.3188956583784477,0.22207861777597798,0.0,0.0,1.0,0.14038127697814337,0.29591100745214854,0.20863567129397462,0.3550720442757333
82,0.04901694827211808,0.0,0.15098305172788193,84,200,0.0,0,0,80,0.14038127697814337,0.11666666666666667,0.29591100745214854,0.325,0.20863567129397462,0.18333333333333332,0.3550720442757333,0.375,0.24545332125387676,0.24545332125387676,0.0,0.08333333333333333,0.4166666666666667,0.3333333333333333,0.16666666666666666,0.09582231212958733,0.09582231212958733,0.0,0.13815682135227242,0.2798946263388762,0.304457983423562,0.27749056888528933,0.1626296261350959,0.1626296261350959,0.0,0.11074507734280287,0.34828064650277146,0.3188956583784477,0.22207861777597798,0.0,0.0,1.0,0.14038127697814337,0.29591100745214854,0.20863567129397462,0.3550720442757333
83,0.04901694827211808,0.0,0.15098305172788193,107,200,0.0,0,0,80,0.14038127697814337,0.11666666666666667,0.29591100745214854,0.325,0.20863567129397462,0.18333333333333332,0.3550720442757333,0.375,0.24545332125387676,0.24545332125387676,0.0,0.08333333333333333,0.4166666666666667,0.3333333333333333,0.16666666666666666,0.09582231212958733,0.09582231212958733,0.0,0.13815682135227242,0.2798946263388762,0.304457983423562,0.27749056888528933,0.1626296261350959,0.1626296261350959,0.0,0.11074507734280287,0.34828064650277146,0.3188956583784477,0.22207861777597798,0.0,0.0,1.0,0.14038127697814337,0.29591100745214854,0.20863567129397462,0.3550720442757333
84,0.04901694827211808,0.0,0.15098305172788193,115,202,0.0,0,0,80,0.14038127697814337,0.11666666666666667,0.29591100745214854,0.325,0.20863567129397462,0.18333333333333332,0.3550720442757333,0.375,0.24545332125387676,0.24545332125387676,0.0,0.08333333333333333,0.4166666666666667,0.3333333333333333,0.16666666666666666,0.09582231212958733,0.09582231212958733,0.0,0.13815682135227242,0.2798946263388762,0.304457983423562,0.27749056888528933,0.1626296261350959,0.1626296261350959,0.0,0.11074507734280287,0.34828064650277146,0.3188956583784477,0.22207861777597798,0.0,0.0,1.0,0.14038127697814337,0.29591100745214854,0.20863567129397462,0.3550720442757333
85,0.04901694827211808,0.0,0.15098305172788193,98,205,0.0,0,0,80,0.14038127697814337,0.11666666666666667,0.29591100745214854,0.325,0.20863567129397462,0.18333333333333332,0.3550720442757333,0.375,0.24545332125387676,0.24545332125387676,0.0,0.08333333333333333,0.4166666666666667,0.3333333333333333,0.16666666666666666,0.09582231212958733,0.09582231212958733,0.0,0.13815682135227242,0.2798946263388762,0.304457983423562,0.27749056888528933,0.1626296261350959,0.1626296261350959,0.0,0.11074507734280287,0.34828064650277146,0.3188956583784477,0.22207861777597798,0.0,0.0,1.0,0.14038127697814337,0.29591100745214854,0.20863567129397462,0.3550720442757333
86,0.04901694827211808,0.0,0.15098305172788193,110,206,0.0,0,0,80,0.14038127697814337,0.11666666666666667,0.29591100745214854,0.325,0.20863567129397462,0.18333333333333332,0.3550720442757333,0.375,0.24545332125387676,0.24545332125387676,0.0,0.08333333333333333,0.4166666666666667,0.3333333333333333,0.16666666666666666,0.09582231212958733,0.09582231212958733,0.0,0.13815682135227242,0.2798946263388762,0.304457983423562,0.27749056888528933,0.1626296261350959,0.1626296261350959,0.0,0.11074507734280287,0.34828064650277146,0.3188956583784477,0.22207861777597798,0.0,0.0,1.0,0.14038127697814337,0.29591100745214854,0.20863567129397462,0.3550720442757333
87,0.04901694827211808,0.0,0.15098305172788193,104,207,0.0,0,0,80,0.14038127697814337,0.11666666666666667,0.29591100745214854,0.325,0.20863567129397462,0.18333333333333332,0.3550720442757333,0.375,0.24545332125387676,0.24545332125387676,0.0,0.08333333333333333,0.4166666666666667,0.3333333333333333,0.16666666666666666,0.09582231212958733,0.09582231212958733,0.0,0.13815682135227242,0.2798946263388762,0.304457983423562,0.27749056888528933,0.1626296261350959,0.1626296261350959,0.0,0.11074507734280287,0.34828064650277146,0.3188956583784477,0.22207861777597798,0.0,0.0,1.0,0.14038127697814337,0.29591100745214854,0.20863567129397462,0.3550720442757333
88,0.04901694827211808,0.0,0.15098305172788193,102,208,0.0,0,0,80,0.14038127697814337,0.11666666666666667,0.29591100745214854,0.325,0.20863567129397462,0.18333333333333332,0.3550720442757333,0.375,0.24545332125387676,0.24545332125387676,0.0,0.08333333333333333,0.4166666666666667,0.3333333333333333,0.16666666666666666,0.09582231212958733,0.09582231212958733,0.0,0.13815682135227242,0.2798946263388762,0.304457983423562,0.27749056888528933,0.1626296261350959,0.1626296261350959,0.0,0.11074507734280287,0.34828064650277146,0.3188956583784477,0.22207861777597798,0.0,0.0,1.0,0.14038127697814337,0.29591100745214854,0.20863567129397462,0.3550720442757333
89,0.04901694827211808,0.0,0.15098305172788193,91,209,0.0,0,0,80,0.14038127697814337,0.11666666666666667,0.29591100745214854,0.325,0.20863567129397462,0.18333333333333332,0.3550720442757333,0.375,0.24545332125387676,0.24545332125387676,0.0,0.08333333333333333,0.4166666666666667,0.3333333333333333,0.16666666666666666,0.09582231212958733,0.09582231212958733,0.0,0.13815682135227242,0.2798946263388762,0.304457983423562,0.27749056888528933,0.1626296261350959,0.1626296261350959,0.0,0.11074507734280287,0.34828064650277146,0.3188956583784477,0.22207861777597798,0.0,0.0,1.0,0.14038127697814337,0.29591100745214854,0.20863567129397462,0.3550720442757333
90,0.04901694827211808,0.0,0.15098305172788193,121,209,0.0,0,1,90,0.14038127697814337,0.11666666666666667,0.29591100745214854,0.325,0.20863567129397462,0.18333333333333332,0.3550720442757333,0.375,0.24545332125387676,0.24545332125387676,0.0,0.08333333333333333,0.4166666666666667,0.3333333333333333,0.16666666666666666,0.0787099146090108,0.0787099146090108,1.0,0.062146562731242784,0.36239219315962784,0.2081604709318645,0.3673007731772649,0.1557296532996229,0.1557296532996229,0.0,0.07273994803228806,0.38952942991314726,0.2707469021325989,0.2669837199219658,0.0,0.0,1.0,0.14038127697814337,0.29591100745214854,0.20863567129397462,0.3550720442757333
91,0.04901694827211808,0.0,0.15098305172788193,99,210,0.0,0,0,90,0.14038127697814337,0.11666666666666667,0.29591100745214854,0.325,0.20863567129397462,0.18333333333333332,0.3550720442757333,0.375,0.24545332125387676,0.24545332125387676,0.0,0.08333333333333333,0.4166666666666667,0.3333333333333333,0.16666666666666666,0.0787099146090108,0.0787099146090108,1.0,0.062146562731242784,0.36239219315962784,0.2081604709318645,0.3673007731772649,0.1557296532996229,0.1557296532996229,0.0,0.07273994803228806,0.38952942991314726,0.2707469021325989,0.2669837199219658,0.0,0.0,1.0,0.14038127697814337,0.29591100745214854,0.20863567129397462,0.3550720442757333
92,0.04901694827211808,0.0,0.15098305172788193,115,211,0.0,0,0,90,0.14038127697814337,0.11666666666666667,0.29591100745214854,0.325,0.20863567129397462,0.18333333333333332,0.3550720442757333,0.375,0.24545332125387676,0.24545332125387676,0.0,0.08333333333333333,0.4166666666666667,0.3333333333333333,0.16666666666666666,0.0787099146090108,0.0787099146090108,1.0,0.062146562731242784,0.36239219315962784,0.2081604709318645,0.3673007731772649,0.1557296532996229,0.1557296532996229,0.0,0.07273994803228806,0.38952942991314726,0.2707469021325989,0.2669837199219658,0.0,0.0,1.0,0.14038127697814337,0.29591100745214854,0.20863567129397462,0.3550720442757333
93,0.04901694827211808,0.0,0.15098305172788193,113,211,0.0,0,0,90,0.14038127697814337,0.11666666666666667,0.29591100745214854,0.325,0.20863567129397462,0.18333333333333332,0.3550720442757333,0.375,0.24545332125387676,0.24545332125387676,0.0,0.08333333333333333,0.4166666666666667,0.3333333333333333,0.16666666666666666,0.0787099146090108,0.0787099146090108,1.0,0.062146562731242784,0.36239219315962784,0.2081604709318645,0.3673007731772649,0.1557296532996229,0.1557296532996229,0.0,0.07273994803228806,0.38952942991314726,0.2707469021325989,0.2669837199219658,0.0,0.0,1.0,0.14038127697814337,0.29591100745214854,0.20863567129397462,0.3550720442757333
94,0.04901694827211808,0.0,0.15098305172788193,102,212,0.0,0,0,90,0.14038127697814337,0.11666666666666667,0.29591100745214854,0.325,0.20863567129397462,0.18333333333333332,0.3550720442757333,0.375,0.24545332125387676,0.24545332125387676,0.0,0.08333333333333333,0.4166666666666667,0.3333333333333333,0.16666666666666666,0.0787099146090108,0.0787099146090108,1.0,0.062146562731242784,0.36239219315962784,0.2081604709318645,0.3673007731772649,0.1557296532996229,0.1557296532996229,0.0,0.07273994803228806,0.38952942991314726,0.2707469021325989,0.2669837199219658,0.0,0.0,1.0,0.14038127697814337,0.29591100745214854,0.20863567129397462,0.3550720442757333
95,0.04901694827211808,0.0,0.15098305172788193,108,213,0.0,0,0,90,0.14038127697814337,0.11666666666666667,0.29591100745214854,0.325,0.20863567129397462,0.18333333333333332,0.3550720442757333,0.375,0.24545332125387676,0.24545332125387676,0.0,0.08333333333333333,0.4166666666666667,0.3333333333333333,0.16666666666666666,0.0787099146090108,0.0787099146090108,1.0,0.062146562731242784,0.36239219315962784,0.2081604709318645,0.3673007731772649,0.1557296532996229,0.1557296532996229,0.0,0.07273994803228806,0.38952942991314726,0.2707469021325989,0.2669837199219658,0.0,0.0,1.0,0.14038127697814337,0.29591100745214854,0.20863567129397462,0.3550720442757333
96,0.04901694827211808,0.0,0.15098305172788193,109,214,0.0,0,0,90,0.14038127697814337,0.11666666666666667,0.29591100745214854,0.325,0.20863567129397462,0.18333333333333332,0.3550720442757333,0.375,0.24545332125387676,0.24545332125387676,0.0,0.08333333333333333,0.4166666666666667,0.3333333333333333,0.16666666666666666,0.0787099146090108,0.0787099146090108,1.0,0.062146562731242784,0.36239219315962784,0.2081604709318645,0.3673007731772649,0.1557296532996229,0.1557296532996229,0.0,0.07273994803228806,0.38952942991314726,0.2707469021325989,0.2669837199219658,0.0,0.0,1.0,0.14038127697814337,0.29591100745214854,0.20863567129397462,0.3550720442757333
97,0.04901694827211808,0.0,0.15098305172788193,106,215,0.0,0,0,90,0.14038127697814337,0.11666666666666667,0.29591100745214854,0.325,0.20863567129397462,0.18333333333333332,0.3550720442757333,0.375,0.24545332125387676,0.24545332125387676,0.0,0.08333333333333333,0.4166666666666667,0.3333333333333333,0.16666666666666666,0.0787099146090108,0.0787099146090108,1.0,0.062146562731242784,0.36239219315962784,0.2081604709318645,0.3673007731772649,0.1557296532996229,0.1557296532996229,0.0,0.07273994803228806,0.38952942991314726,0.2707469021325989,0.2669837199219658,0.0,0.0,1.0,0.14038127697814337,0.29591100745214854,0.20863567129397462,0.3550720442757333
98,0.04901694827211808,0.0,0.15098305172788193,105,217,0.0,0,0,90,0.14038127697814337,0.11666666666666667,0.29591100745214854,0.325,0.20863567129397462,0.18333333333333332,0.3550720442757333,0.375,0.24545332125387676,0.24545332125387676,0.0,0.08333333333333333,0.4166666666666667,0.3333333333333333,0.16666666666666666,0.0787099146090108,0.0787099146090108,1.0,0.062146562731242784,0.36239219315962784,0.2081604709318645,0.3673007731772649,0.1557296532996229,0.1557296532996229,0.0,0.07273994803228806,0.38952942991314726,0.2707469021325989,0.2669837199219658,0.0,0.0,1.0,0.14038127697814337,0.29591100745214854,0.20863567129397462,0.3550720442757333
99,0.04901694827211808,0.0,0.15098305172788193,99,219,0.0,0,0,90,0.14038127697814337,0.11666666666666667,0.29591100745214854,0.325,0.20863567129397462,0.18333333333333332,0.3550720442757333,0.375,0.24545332125387676,0.24545332125387676,0.0,0.08333333333333333,0.4166666666666667,0.3333333333333333,0.16666666666666666,0.0787099146090108,0.0787099146090108,1.0,0.062146562731242784,0.36239219315962784,0.2081604709318645,0.3673007731772649,0.1557296532996229,0.1557296532996229,0.0,0.07273994803228806,0.38952942991314726,0.2707469021325989,0.2669837199219658,0.0,0.0,1.0,0.14038127697814337,0.29591100745214854,0.20863567129397462,0.3550720442757333
100,0.04901694827211808,0.0,0.15098305172788193,115,198,0.0,0,1,100,0.14038127697814337,0.11666666666666667,0.29591100745214854,0.325,0.20863567129397462,0.18333333333333332,0.3550720442757333,0.375,0.24545332125387676,0.24545332125387676,0.0,0.08333333333333333,0.4166666666666667,0.3333333333333333,0.16666666666666666,0.10379873367851937,0.10379873367851937,1.0,0.19314645409120482,0.2626541531337395,0.25966922785943264,0.28453016491562305,0.1316150117504628,0.1316150117504628,0.0,0.13823989371226908,0.3396604099002031,0.296501280596383,0.22559841579114487,0.0,0.0,1.0,0.14038127697814337,0.29591100745214854,0.20863567129397462,0.3550720442757333
101,0.04901694827211808,0.0,0.15098305172788193,100,196,0.0,0,0,100,0.14038127697814337,0.11666666666666667,0.29591100745214854,0.325,0.20863567129397462,0.18333333333333332,0.3550720442757333,0.375,0.24545332125387676,0.24545332125387676,0.0,0.08333333333333333,0.4166666666666667,0.3333333333333333,0.16666666666666666,0.10379873367851937,0.10379873367851937,1.0,0.19314645409120482,0.2626541531337395,0.25966922785943264,0.28453016491562305,0.1316150117504628,0.1316150117504628,0.0,0.13823989371226908,0.3396604099002031,0.296501280596383,0.22559841579114487,0.0,0.0,1.0,0.14038127697814337,0.29591100745214854,0.20863567129397462,0.3550720442757333
102,0.04901694827211808,0.0,0.15098305172788193,110,195,0.0,0,0,100,0.14038127697814337,0.11666666666666667,0.29591100745214854,0.325,0.20863567129397462,0.18333333333333332,0.3550720442757333,0.375,0.24545332125387676,0.24545332125387676,0.0,0.08333333333333333,0.4166666666666667,0.3333333333333333,0.16666666666666666,0.10379873367851937,0.10379873367851937,1.0,0.19314645409120482,0.2626541531337395,0.25966922785943264,0.28453016491562305,0.1316150117504628,0.1316150117504628,0.0,0.13823989371226908,0.3396604099002031,0.296501280596383,0.22559841579114487,0.0,0.0,1.0,0.14038127697814337,0.29591100745214854,0.20863567129397462,0.3550720442757333
103,0.04901694827211808,0.0,0.15098305172788193,129,193,0.0,0,0,100,0.14038127697814337,0.11666666666666667,0.29591100745214854,0.325,0.20863567129397462,0.18333333333333332,0.3550720442757333,0.375,0.24545332125387676,0.24545332125387676,0.0,0.08333333333333333,0.4166666666666667,0.3333333333333333,0.16666666666666666,0.10379873367851937,0.10379873367851937,1.0,0.19314645409120482,0.2626541531337395,0.25966922785943264,0.28453016491562305,0.1316150117504628,0.1316150117504628,0.0,0.13823989371226908,0.3396604099002031,0.296501280596383,0.22559841579114487,0.0,0.0,1.0,0.14038127697814337,0.29591100745214854,0.20863567129397462,0.3550720442757333
104,0.04901694827211808,0.0,0.15098305172788193,103,190,0.0,0,0,100,0.14038127697814337,0.11666666666666667,0.29591100745214854,0.325,0.20863567129397462,0.18333333333333332,0.3550720442757333,0.375,0.24545332125387676,0.24545332125387676,0.0,0.08333333333333333,0.4166666666666667,0.3333333333333333,0.16666666666666666,0.10379873367851937,0.10379873367851937,1.0,0.19314645409120482,0.2626541531337395,0.25966922785943264,0.28453016491562305,0.1316150117504628,0.1316150117504628,0.0,0.13823989371226908,0.3396604099002031,0.296501280596383,0.22559841579114487,0.0,0.0,1.0,0.14038127697814337,0.29591100745214854,0.20863567129397462,0.3550720442757333
105,0.04901694827211808,0.0,0.15098305172788193,96,188,0.0,0,0,100,0.14038127697814337,0.11666666666666667,0.29591100745214854,0.325,0.20863567129397462,0.18333333333333332,0.3550720442757333,0.375,0.24545332125387676,0.24545332125387676,0.0,0.08333333333333333,0.4166666666666667,0.3333333333333333,0.16666666666666666,0.10379873367851937,0.10379873367851937,1.0,0.19314645409120482,0.2626541531337395,0.25966922785943264,0.28453016491562305,0.1316150117504628,0.1316150117504628,0.0,0.13823989371226908,0.3396604099002031,0.296501280596383,0.22559841579114487,0.0,0.0,1.0,0.14038127697814337,0.29591100745214854,0.20863567129397462,0.3550720442757333
106,0.04901694827211808,0.0,0.15098305172788193,109,187,0.0,0,0,100,0.14038127697814337,0.11666666666666667,0.29591100745214854,0.325,0.20863567129397462,0.18333333333333332,0.3550720442757333,0.375,0.24545332125387676,0.24545332125387676,0.0,0.08333333333333333,0.4166666666666667,0.3333333333333333,0.16666666666666666,0.10379873367851937,0.10379873367851937,1.0,0.19314645409120482,0.2626541531337395,0.25966922785943264,0.28453016491562305,0.1316150117504628,0.1316150117504628,0.0,0.13823989371226908,0.3396604099002031,0.296501280596383,0.22559841579114487,0.0,0.0,1.0,0.14038127697814337,0.29591100745214854,0.20863567129397462,0.3550720442757333
107,0.04901694827211808,0.0,0.15098305172788193,105,185,0.0,0,0,100,0.14038127697814337,0.11666666666666667,0.29591100745214854,0.325,0.20863567129397462,0.18333333333333332,0.3550720442757333,0.375,0.24545332125387676,0.24545332125387676,0.0,0.08333333333333333,0.4166666666666667,0.3333333333333333,0.16666666666666666,0.10379873367851937,0.10379873367851937,1.0,0.19314645409120482,0.2626541531337395,0.25966922785943264,0.28453016491562305,0.1316150117504628,0.1316150117504628,0.0,0.13823989371226908,0.3396604099002031,0.296501280596383,0.22559841579114487,0.0,0.0,1.0,0.14038127697814337,0.29591100745214854,0.20863567129397462,0.3550720442757333
108,0.04901694827211808,0.0,0.15098305172788193,107,184,0.0,0,0,100,0.14038127697814337,0.11666666666666667,0.29591100745214854,0.325,0.20863567129397462,0.18333333333333332,0.3550720442757333,0.375,0.24545332125387676,0.24545332125387676,0.0,0.08333333333333333,0.4166666666666667,0.3333333333333333,0.16666666666666666,0.10379873367851937,0.10379873367851937,1.0,0.19314645409120482,0.2626541531337395,0.25966922785943264,0.28453016491562305,0.1316150117504628,0.1316150117504628,0.0,0.13823989371226908,0.3396604099002031,0.296501280596383,0.22559841579114487,0.0,0.0,1.0,0.14038127697814337,0.29591100745214854,0.20863567129397462,0.3550720442757333
109,0.04901694827211808,0.0,0.15098305172788193,93,182,0.0,0,0,100,0.14038127697814337,0.11666666666666667,0.29591100745214854,0.325,0.20863567129397462,0.18333333333333332,0.3550720442757333,0.375,0.24545332125387676,0.24545332125387676,0.0,0.08333333333333333,0.4166666666666667,0.3333333333333333,0.16666666666666666,0.10379873367851937,0.10379873367851937,1.0,0.19314645409120482,0.2626541531337395,0.25966922785943264,0.28453016491562305,0.1316150117504628,0.1316150117504628,0.0,0.13823989371226908,0.3396604099002031,0.296501280596383,0.22559841579114487,0.0,0.0,1.0,0.14038127697814337,0.29591100745214854,0.20863567129397462,0.3550720442757333
110,0.04901694827211808,0.0,0.15098305172788193,108,181,0.0,0,1,110,0.14038127697814337,0.11666666666666667,0.29591100745214854,0.325,0.20863567129397462,0.18333333333333332,0.3550720442757333,0.375,0.24545332125387676,0.24545332125387676,0.0,0.08333333333333333,0.4166666666666667,0.3333333333333333,0.16666666666666666,0.052330974428908356,0.052330974428908356,1.0,0.1889864022795794,0.29676512123027504,0.15630469686506637,0.35794377962507923,0.09698823030154745,0.09698823030154745,0.0,0.13615986780645636,0.35671589394847086,0.24481901509919984,0.26230522314587296,0.0,0.0,1.0,0.14038127697814337,0.29591100745214854,0.20863567129397462,0.3550720442757333
111,0.04901694827211808,0.0,0.15098305172788193,116,179,0.0,0,0,110,0.14038127697814337,0.11666666666666667,0.29591100745214854,0.325,0.20863567129397462,0.18333333333333332,0.3550720442757333,0.375,0.24545332125387676,0.24545332125387676,0.0,0.08333333333333333,0.4166666666666667,0.3333333333333333,0.16666666666666666,0.052330974428908356,0.052330974428908356,1.0,0.1889864022795794,0.29676512123027504,0.15630469686506637,0.35794377962507923,0.09698823030154745,0.09698823030154745,0.0,0.13615986780645636,0.35671589394847086,0.24481901509919984,0.26230522314587296,0.0,0.0,1.0,0.14038127697814337,0.29591100745214854,0.20863567129397462,0.3550720442757333
112,0.04901694827211808,0.0,0.15098305172788193,109,176,0.0,0,0,110,0.14038127697814337,0.11666666666666667,0.29591100745214854,0.325,0.20863567129397462,0.18333333333333332,0.3550720442757333,0.375,0.24545332125387676,0.24545332125387676,0.0,0.08333333333333333,0.4166666666666667,0.3333333333333333,0.16666666666666666,0.052330974428908356,0.052330974428908356,1.0,0.1889864022795794,0.29676512123027504,0.15630469686506637,0.35794377962507923,0.09698823030154745,0.09698823030154745,0.0,0.13615986780645636,0.35671589394847086,0.24481901509919984,0.26230522314587296,0.0,0.0,1.0,0.14038127697814337,0.29591100745214854,0.20863567129397462,0.3550720442757333
113,0.04901694827211808,0.0,0.15098305172788193,108,174,0.0,0,0,110,0.14038127697814337,0.11666666666666667,0.29591100745214854,0.325,0.20863567129397462,0.18333333333333332,0.3550720442757333,0.375,0.24545332125387676,0.24545332125387676,0.0,0.08333333333333333,0.4166666666666667,0.3333333333333333,0.16666666666666666,0.052330974428908356,0.052330974428908356,1.0,0.1889864022795794,0.29676512123027504,0.15630469686506637,0.35794377962507923,0.09698823030154745,0.09698823030154745,0.0,0.13615986780645636,0.35671589394847086,0.24481901509919984,0.26230522314587296,0.0,0.0,1.0,0.14038127697814337,0.29591100745214854,0.20863567129397462,0.3550720442757333
114,0.04901694827211808,0.0,0.15098305172788193,119,173,0.0,0,0,110,0.14038127697814337,0.11666666666666667,0.29591100745214854,0.325,0.20863567129397462,0.18333333333333332,0.3550720442757333,0.375,0.24545332125387676,0.24545332125387676,0.0,0.08333333333333333,0.4166666666666667,0.3333333333333333,0.16666666666666666,0.052330974428908356,0.052330974428908356,1.0,0.1889864022795794,0.29676512123027504,0.15630469686506637,0.35794377962507923,0.09698823030154745,0.09698823030154745,0.0,0.13615986780645636,0.35671589394847086,0.24481901509919984,0.26230522314587296,0.0,0.0,1.0,0.14038127697814337,0.29591100745214854,0.20863567129397462,0.3550720442757333
115,0.04901694827211808,0.0,0.15098305172788193,90,170,0.0,0,0,110,0.14038127697814337,0.11666666666666667,0.29591100745214854,0.325,0.20863567129397462,0.18333333333333332,0.3550720442757333,0.375,0.24545332125387676,0.24545332125387676,0.0,0.08333333333333333,0.4166666666666667,0.3333333333333333,0.16666666666666666,0.052330974428908356,0.052330974428908356,1.0,0.1889864022795794,0.29676512123027504,0.15630469686506637,0.35794377962507923,0.09698823030154745,0.09698823030154745,0.0,0.13615986780645636,0.35671589394847086,0.24481901509919984,0.26230522314587296,0.0,0.0,1.0,0.14038127697814337,0.29591100745214854,0.20863567129397462,0.3550720442757333
116,0.04901694827211808,0.0,0.15098305172788193,89,169,0.0,0,0,110,0.14038127697814337,0.11666666666666667,0.29591100745214854,0.325,0.20863567129397462,0.18333333333333332,0.3550720442757333,0.375,0.24545332125387676,0.24545332125387676,0.0,0.08333333333333333,0.4166666666666667,0.3333333333333333,0.16666666666666666,0.052330974428908356,0.052330974428908356,1.0,0.1889864022795794,0.29676512123027504,0.15630469686506637,0.35794377962507923,0.09698823030154745,0.09698823030154745,0.0,0.13615986780645636,0.35671589394847086,0.24481901509919984,0.26230522314587296,0.0,0.0,1.0,0.14038127697814337,0.29591100745214854,0.20863567129397462,0.3550720442757333
117,0.04901694827211808,0.0,0.15098305172788193,99,169,0.0,0,0,110,0.14038127697814337,0.11666666666666667,0.29591100745214854,0.325,0.20863567129397462,0.18333333333333332,0.3550720442757333,0.375,0.24545332125387676,0.24545332125387676,0.0,0.08333333333333333,0.4166666666666667,0.3333333333333333,0.16666666666666666,0.052330974428908356,0.052330974428908356,1.0,0.1889864022795794,0.29676512123027504,0.15630469686506637,0.35794377962507923,0.09698823030154745,0.09698823030154745,0.0,0.13615986780645636,0.35671589394847086,0.24481901509919984,0.26230522314587296,0.0,0.0,1.0,0.14038127697814337,0.29591100745214854,0.20863567129397462,0.3550720442757333
118,0.04901694827211808,0.0,0.15098305172788193,92,169,0.0,0,0,110,0.14038127697814337,0.11666666666666667,0.29591100745214854,0.325,0.20863567129397462,0.18333333333333332,0.3550720442757333,0.375,0.24545332125387676,0.24545332125387676,0.0,0.08333333333333333,0.4166666666666667,0.3333333333333333,0.16666666666666666,0.052330974428908356,0.052330974428908356,1.0,0.1889864022795794,0.29676512123027504,0.15630469686506637,0.35794377962507923,0.09698823030154745,0.09698823030154745,0.0,0.13615986780645636,0.35671589394847086,0.24481901509919984,0.26230522314587296,0.0,0.0,1.0,0.14038127697814337,0.29591100745214854,0.20863567129397462,0.3550720442757333
119,0.04901694827211808,0.0,0.15098305172788193,118,168,0.0,0,0,110,0.14038127697814337,0.11666666666666667,0.29591100745214854,0.325,0.20863567129397462,0.18333333333333332,0.3550720442757333,0.375,0.24545332125387676,0.24545332125387676,0.0,0.08333333333333333,0.4166666666666667,0.3333333333333333,0.16666666666666666,0.052330974428908356,0.052330974428908356,1.0,0.1889864022795794,0.29676512123027504,0.15630469686506637,0.35794377962507923,0.09698823030154745,0.09698823030154745,0.0,0.13615986780645636,0.35671589394847086,0.24481901509919984,0.26230522314587296,0.0,0.0,1.0,0.14038127697814337,0.29591100745214854,0.20863567129397462,0.3550720442757333
120,0.04901694827211808,0.0,0.15098305172788193,97,166,0.0,0,1,120,0.14038127697814337,0.11666666666666667,0.29591100745214854,0.325,0.20863567129397462,0.18333333333333332,0.3550720442757333,0.375,0.24545332125387676,0.24545332125387676,0.0,0.08333333333333333,0.4166666666666667,0.3333333333333333,0.16666666666666666,0.06223923724815986,0.06223923724815986,1.0,0.14016120428430265,0.28655914452338843,0.15596836966841574,0.4173112815238933,0.09171707834977881,0.09171707834977881,0.0,0.111747268808818,0.35161290559502756,0.2446508515008745,0.29198897409527996,0.0,0.0,1.0,0.14038127697814337,0.29591100745214854,0.20863567129397462,0.3550720442757333
121,0.04901694827211808,0.0,0.15098305172788193,100,165,0.0,0,0,120,0.14038127697814337,0.11666666666666667,0.29591100745214854,0.325,0.20863567129397462,0.18333333333333332,0.3550720442757333,0.375,0.24545332125387676,0.24545332125387676,0.0,0.08333333333333333,0.4166666666666667,0.3333333333333333,0.16666666666666666,0.06223923724815986,0.06223923724815986,1.0,0.14016120428430265,0.28655914452338843,0.15596836966841574,0.4173112815238933,0.09171707834977881,0.09171707834977881,0.0,0.111747268808818,0.35161290559502756,0.2446508515008745,0.29198897409527996,0.0,0.0,1.0,0.14038127697814337,0.29591100745214854,0.20863567129397462,0.3550720442757333
122,0.04901694827211808,0.0,0.15098305172788193,108,166,0.0,0,0,120,0.14038127697814337,0.11666666666666667,0.29591100745214854,0.325,0.20863567129397462,0.18333333333333332,0.3550720442757333,0.375,0.24545332125387676,0.24545332125387676,0.0,0.08333333333333333,0.4166666666666667,0.3333333333333333,0.16666666666666666,0.06223923724815986,0.06223923724815986,1.0,0.14016120428430265,0.28655914452338843,0.15596836966841574,0.4173112815238933,0.09171707834977881,0.09171707834977881,0.0,0.111747268808818,0.35161290559502756,0.2446508515008745,0.29198897409527996,0.0,0.0,1.0,0.14038127697814337,0.29591100745214854,0.20863567129397462,0.3550720442757333
123,0.04901694827211808,0.0,0.15098305172788193,135,162,0.0,0,0,120,0.14038127697814337,0.11666666666666667,0.29591100745214854,0.325,0.20863567129397462,0.18333333333333332,0.3550720442757333,0.375,0.24545332125387676,0.24545332125387676,0.0,0.08333333333333333,0.4166666666666667,0.3333333333333333,0.16666666666666666,0.06223923724815986,0.06223923724815986,1.0,0.14016120428430265,0.28655914452338843,0.15596836966841574,0.4173112815238933,0.09171707834977881,0.09171707834977881,0.0,0.111747268808818,0.35161290559502756,0.2446508515008745,0.29198897409527996,0.0,0.0,1.0,0.14038127697814337,0.29591100745214854,0.20863567129397462,0.3550720442757333
124,0.04901694827211808,0.0,0.15098305172788193,101,161,0.0,0,0,120,0.14038127697814337,0.11666666666666667,0.29591100745214854,0.325,0.20863567129397462,0.18333333333333332,0.3550720442757333,0.375,0.24545332125387676,0.24545332125387676,0.0,0.08333333333333333,0.4166666666666667,0.3333333333333333,0.16666666666666666,0.06223923724815986,0.06223923724815986,1.0,0.14016120428430265,0.28655914452338843,0.15596836966841574,0.4173112815238933,0.09171707834977881,0.09171707834977881,0.0,0.111747268808818,0.35161290559502756,0.2446508515008745,0.29198897409527996,0.0,0.0,1.0,0.14038127697814337,0.29591100745214854,0.20863567129397462,0.3550720442757333
125,0.04901694827211808,0.0,0.15098305172788193,113,161,0.0,0,0,120,0.14038127697814337,0.11666666666666667,0.29591100745214854,0.325,0.20863567129397462,0.18333333333333332,0.3550720442757333,0.375,0.24545332125387676,0.24545332125387676,0.0,0.08333333333333333,0.4166666666666667,0.3333333333333333,0.16666666666666666,0.06223923724815986,0.06223923724815986,1.0,0.14016120428430265,0.28655914452338843,0.15596836966841574,0.4173112815238933,0.09171707834977881,0.09171707834977881,0.0,0.111747268808818,0.35161290559502756,0.2446508515008745,0.29198897409527996,0.0,0.0,1.0,0.14038127697814337,0.29591100745214854,0.20863567129397462,0.3550720442757333
126,0.04901694827211808,0.0,0.15098305172788193,102,161,0.0,0,0,120,0.14038127697814337,0.11666666666666667,0.29591100745214854,0.325,0.20863567129397462,0.18333333333333332,0.3550720442757333,0.375,0.24545332125387676,0.24545332125387676,0.0,0.08333333333333333,0.4166666666666667,0.3333333333333333,0.16666666666666666,0.06223923724815986,0.06223923724815986,1.0,0.14016120428430265,0.28655914452338843,0.15596836966841574,0.4173112815238933,0.09171707834977881,0.09171707834977881,0.0,0.111747268808818,0.35161290559502756,0.2446508515008745,0.29198897409527996,0.0,0.0,1.0,0.14038127697814337,0.29591100745214854,0.20863567129397462,0.3550720442757333
127,0.04901694827211808,0.0,0.15098305172788193,116,160,0.0,0,0,120,0.14038127697814337,0.11666666666666667,0.29591100745214854,0.325,0.20863567129397462,0.18333333333333332,0.3550720442757333,0.375,0.24545332125387676,0.24545332125387676,0.0,0.08333333333333333,0.4166666666666667,0.3333333333333333,0.16666666666666666,0.06223923724815986,0.06223923724815986,1.0,0.14016120428430265,0.28655914452338843,0.15596836966841574,0.4173112815238933,0.09171707834977881,0.09171707834977881,0.0,0.111747268808818,0.35161290559502756,0.2446508515008745,0.29198897409527996,0.0,0.0,1.0,0.14038127697814337,0.29591100745214854,0.20863567129397462,0.3550720442757333
128,0.04901694827211808,0.0,0.15098305172788193,109,161,0.0,0,0,120,0.14038127697814337,0.11666666666666667,0.29591100745214854,0.325,0.20863567129397462,0.18333333333333332,0.3550720442757333,0.375,0.24545332125387676,0.24545332125387676,0.0,0.08333333333333333,0.4166666666666667,0.3333333333333333,0.16666666666666666,0.06223923724815986,0.06223923724815986,1.0,0.14016120428430265,0.28655914452338843,0.15596836966841574,0.4173112815238933,0.09171707834977881,0.09171707834977881,0.0,0.111747268808818,0.35161290559502756,0.2446508515008745,0.29198897409527996,0.0,0.0,1.0,0.14038127697814337,0.29591100745214854,0.20863567129397462,0.3550720442757333
129,0.04901694827211808,0.0,0.15098305172788193,97,161,0.0,0,0,120,0.14038127697814337,0.11666666666666667,0.29591100745214854,0.325,0.20863567129397462,0.18333333333333332,0.3550720442757333,0.375,0.24545332125387676,0.24545332125387676,0.0,0.08333333333333333,0.4166666666666667,0.3333333333333333,0.16666666666666666,0.06223923724815986,0.06223923724815986,1.0,0.14016120428430265,0.28655914452338843,0.15596836966841574,0.4173112815238933,0.09171707834977881,0.09171707834977881,0.0,0.111747268808818,0.35161290559502756,0.2446508515008745,0.29198897409527996,0.0,0.0,1.0,0.14038127697814337,0.29591100745214854,0.20863567129397462,0.3550720442757333
130,0.04901694827211808,0.0,0.15098305172788193,110,161,0.0,0,1,130,0.14038127697814337,0.11666666666666667,0.29591100745214854,0.325,0.20863567129397462,0.18333333333333332,0.3550720442757333,0.375,0.24545332125387676,0.24545332125387676,0.0,0.08333333333333333,0.4166666666666667,0.3333333333333333,0.16666666666666666,0.03774429779812814,0.03774429779812814,1.0,0.17812557477627156,0.2682031467496882,0.2077445968595946,0.34592668161444556,0.10842719305851818,0.10842719305851818,0.0,0.13072945405480244,0.34243490670817744,0.27053896509646397,0.2562966741405561,0.0,0.0,1.0,0.14038127697814337,0.29591100745214854,0.20863567129397462,0.3550720442757333
131,0.04901694827211808,0.0,0.15098305172788193,92,160,0.0,0,0,130,0.14038127697814337,0.11666666666666667,0.29591100745214854,0.325,0.20863567129397462,0.18333333333333332,0.3550720442757333,0.375,0.24545332125387676,0.24545332125387676,0.0,0.08333333333333333,0.4166666666666667,0.3333333333333333,0.16666666666666666,0.03774429779812814,0.03774429779812814,1.0,0.17812557477627156,0.2682031467496882,0.2077445968595946,0.34592668161444556,0.10842719305851818,0.10842719305851818,0.0,0.13072945405480244,0.34243490670817744,0.27053896509646397,0.2562966741405561,0.0,0.0,1.0,0.14038127697814337,0.29591100745214854,0.20863567129397462,0.3550720442757333
132,0.04901694827211808,0.0,0.15098305172788193,113,156,0.0,0,0,130,0.14038127697814337,0.11666666666666667,0.29591100745214854,0.325,0.20863567129397462,0.18333333333333332,0.3550720442757333,0.375,0.24545332125387676,0.24545332125387676,0.0,0.08333333333333333,0.4166666666666667,0.3333333333333333,0.16666666666666666,0.03774429779812814,0.03774429779812814,1.0,0.17812557477627156,0.2682031467496882,0.2077445968595946,0.34592668161444556,0.10842719305851818,0.10842719305851818,0.0,0.13072945405480244,0.34243490670817744,0.27053896509646397,0.2562966741405561,0.0,0.0,1.0,0.14038127697814337,0.29591100745214854,0.20863567129397462,0.3550720442757333
133,0.04901694827211808,0.0,0.15098305172788193,107,155,0.0,0,0,130,0.14038127697814337,0.11666666666666667,0.29591100745214854,0.325,0.20863567129397462,0.18333333333333332,0.3550720442757333,0.375,0.24545332125387676,0.24545332125387676,0.0,0.08333333333333333,0.4166666666666667,0.3333333333333333,0.16666666666666666,0.03774429779812814,0.03774429779812814,1.0,0.17812557477627156,0.2682031467496882,0.2077445968595946,0.34592668161444556,0.10842719305851818,0.10842719305851818,0.0,0.13072945405480244,0.34243490670817744,0.27053896509646397,0.2562966741405561,0.0,0.0,1.0,0.14038127697814337,0.29591100745214854,0.20863567129397462,0.3550720442757333
134,0.04901694827211808,0.0,0.15098305172788193,113,155,0.0,0,0,130,0.14038127697814337,0.11666666666666667,0.29591100745214854,0.325,0.20863567129397462,0.18333333333333332,0.3550720442757333,0.375,0.24545332125387676,0.24545332125387676,0.0,0.08333333333333333,0.4166666666666667,0.3333333333333333,0.16666666666666666,0.03774429779812814,0.03774429779812814,1.0,0.17812557477627156,0.2682031467496882,0.2077445968595946,0.34592668161444556,0.10842719305851818,0.10842719305851818,0.0,0.13072945405480244,0.34243490670817744,0.27053896509646397,0.2562966741405561,0.0,0.0,1.0,0.14038127697814337,0.29591100745214854,0.20863567129397462,0.3550720442757333
135,0.04901694827211808,0.0,0.15098305172788193,108,156,0.0,0,0,130,0.14038127697814337,0.11666666666666667,0.29591100745214854,0.325,0.20863567129397462,0.18333333333333332,0.3550720442757333,0.375,0.24545332125387676,0.24545332125387676,0.0,0.08333333333333333,0.4166666666666667,0.3333333333333333,0.16666666666666666,0.03774429779812814,0.03774429779812814,1.0,0.17812557477627156,0.2682031467496882,0.2077445968595946,0.34592668161444556,0.10842719305851818,0.10842719305851818,0.0,0.13072945405480244,0.34243490670817744,0.27053896509646397,0.2562966741405561,0.0,0.0,1.0,0.14038127697814337,0.29591100745214854,0.20863567129397462,0.3550720442757333
136,0.04901694827211808,0.0,0.15098305172788193,116,153,0.0,0,0,130,0.14038127697814337,0.11666666666666667,0.29591100745214854,0.325,0.20863567129397462,0.18333333333333332,0.3550720442757333,0.375,0.24545332125387676,0.24545332125387676,0.0,0.08333333333333333,0.4166666666666667,0.3333333333333333,0.16666666666666666,0.03774429779812814,0.03774429779812814,1.0,0.17812557477627156,0.2682031467496882,0.2077445968595946,0.34592668161444556,0.10842719305851818,0.10842719305851818,0.0,0.13072945405480244,0.34243490670817744,0.27053896509646397,0.2562966741405561,0.0,0.0,1.0,0.14038127697814337,0.29591100745214854,0.20863567129397462,0.3550720442757333
137,0.04901694827211808,0.0,0.15098305172788193,115,152,0.0,0,0,130,0.14038127697814337,0.11666666666666667,0.29591100745214854,0.325,0.20863567129397462,0.18333333333333332,0.3550720442757333,0.375,0.24545332125387676,0.24545332125387676,0.0,0.08333333333333333,0.4166666666666667,0.3333333333333333,0.16666666666666666,0.03774429779812814,0.03774429779812814,1.0,0.17812557477627156,0.2682031467496882,0.2077445968595946,0.34592668161444556,0.10842719305851818,0.10842719305851818,0.0,0.13072945405480244,0.34243490670817744,0.27053896509646397,0.2562966741405561,0.0,0.0,1.0,0.14038127697814337,0.29591100745214854,0.20863567129397462,0.3550720442757333
138,0.04901694827211808,0.0,0.15098305172788193,112,153,0.0,0,0,130,0.14038127697814337,0.11666666666666667,0.29591100745214854,0.325,0.20863567129397462,0.18333333333333332,0.3550720442757333,0.375,0.24545332125387676,0.24545332125387676,0.0,0.08333333333333333,0.4166666666666667,0.3333333333333333,0.16666666666666666,0.03774429779812814,0.03774429779812814,1.0,0.17812557477627156,0.2682031467496882,0.2077445968595946,0.34592668161444556,0.10842719305851818,0.10842719305851818,0.0,0.13072945405480244,0.34243490670817744,0.27053896509646397,0.2562966741405561,0.0,0.0,1.0,0.14038127697814337,0.29591100745214854,0.20863567129397462,0.3550720442757333
139,0.04901694827211808,0.0,0.15098305172788193,97,151,0.0,0,0,130,0.14038127697814337,0.11666666666666667,0.29591100745214854,0.325,0.20863567129397462,0.18333333333333332,0.3550720442757333,0.375,0.24545332125387676,0.24545332125387676,0.0,0.08333333333333333,0.4166666666666667,0.3333333333333333,0.16666666666666666,0.03774429779812814,0.03774429779812814,1.0,0.17812557477627156,0.2682031467496882,0.2077445968595946,0.34592668161444556,0.10842719305851818,0.10842719305851818,0.0,0.13072945405480244,0.34243490670817744,0.27053896509646397,0.2562966741405561,0.0,0.0,1.0,0.14038127697814337,0.29591100745214854,0.20863567129397462,0.3550720442757333
140,0.04901694827211808,0.0,0.15098305172788193,117,149,0.0,0,1,140,0.14038127697814337,0.11666666666666667,0.29591100745214854,0.325,0.20863567129397462,0.18333333333333332,0.3550720442757333,0.375,0.24545332125387676,0.24545332125387676,0.0,0.08333333333333333,0.4166666666666667,0.3333333333333333,0.16666666666666666,0.021741673195063788,0.021741673195063788,1.0,0.15478572516831726,0.2965786452551092,0.2153052584959039,0.33333037108066954,0.12639527312938334,0.12639527312938334,0.0,0.1190595292508253,0.35662265596088794,0.2743192959146186,0.24999851887366809,0.0,0.0,1.0,0.14038127697814337,0.29591100745214854,0.20863567129397462,0.3550720442757333
141,0.04901694827211808,0.0,0.15098305172788193,106,147,0.0,0,0,140,0.14038127697814337,0.11666666666666667,0.29591100745214854,0.325,0.20863567129397462,0.18333333333333332,0.3550720442757333,0.375,0.24545332125387676,0.24545332125387676,0.0,0.08333333333333333,0.4166666666666667,0.3333333333333333,0.16666666666666666,0.021741673195063788,0.021741673195063788,1.0,0.15478572516831726,0.2965786452551092,0.2153052584959039,0.33333037108066954,0.12639527312938334,0.12639527312938334,0.0,0.1190595292508253,0.35662265596088794,0.2743192959146186,0.24999851887366809,0.0,0.0,1.0,0.14038127697814337,0.29591100745214854,0.20863567129397462,0.3550720442757333
142,0.04901694827211808,0.0,0.15098305172788193,88,148,0.0,0,0,140,0.14038127697814337,0.11666666666666667,0.29591100745214854,0.325,0.20863567129397462,0.18333333333333332,0.3550720442757333,0.375,0.24545332125387676,0.24545332125387676,0.0,0.08333333333333333,0.4166666666666667,0.3333333333333333,0.16666666666666666,0.021741673195063788,0.021741673195063788,1.0,0.15478572516831726,0.2965786452551092,0.2153052584959039,0.33333037108066954,0.12639527312938334,0.12639527312938334,0.0,0.1190595292508253,0.35662265596088794,0.2743192959146186,0.24999851887366809,0.0,0.0,1.0,0.14038127697814337,0.29591100745214854,0.20863567129397462,0.3550720442757333
143,0.04901694827211808,0.0,0.15098305172788193,102,147,0.0,0,0,140,0.14038127697814337,0.11666666666666667,0.29591100745214854,0.325,0.20863567129397462,0.18333333333333332,0.3550720442757333,0.375,0.24545332125387676,0.24545332125387676,0.0,0.08333333333333333,0.4166666666666667,0.3333333333333333,0.16666666666666666,0.021741673195063788,0.021741673195063788,1.0,0.15478572516831726,0.2965786452551092,0.2153052584959039,0.33333037108066954,0.12639527312938334,0.12639527312938334,0.0,0.1190595292508253,0.35662265596088794,0.2743192959146186,0.24999851887366809,0.0,0.0,1.0,0.14038127697814337,0.29591100745214854,0.20863567129397462,0.3550720442757333
144,0.04901694827211808,0.0,0.15098305172788193,114,147,0.0,0,0,140,0.14038127697814337,0.11666666666666667,0.29591100745214854,0.325,0.20863567129397462,0.18333333333333332,0.3550720442757333,0.375,0.24545332125387676,0.24545332125387676,0.0,0.08333333333333333,0.4166666666666667,0.3333333333333333,0.16666666666666666,0.021741673195063788,0.021741673195063788,1.0,0.15478572516831726,0.2965786452551092,0.2153052584959039,0.33333037108066954,0.12639527312938334,0.12639527312938334,0.0,0.1190595292508253,0.35662265596088794,0.2743192959146186,0.24999851887366809,0.0,0.0,1.0,0.14038127697814337,0.29591100745214854,0.20863567129397462,0.3550720442757333
145,0.04901694827211808,0.0,0.15098305172788193,122,148,0.0,0,0,140,0.14038127697814337,0.11666666666666667,0.29591100745214854,0.325,0.20863567129397462,0.18333333333333332,0.3550720442757333,0.375,0.24545332125387676,0.24545332125387676,0.0,0.08333333333333333,0.4166666666666667,0.3333333333333333,0.16666666666666666,0.021741673195063788,0.021741673195063788,1.0,0.15478572516831726,0.2965786452551092,0.2153052584959039,0.33333037108066954,0.12639527312938334,0.12639527312938334,0.0,0.1190595292508253,0.35662265596088794,0.2743192959146186,0.24999851887366809,0.0,0.0,1.0,0.14038127697814337,0.29591100745214854,0.20863567129397462,0.3550720442757333
146,0.04901694827211808,0.0,0.15098305172788193,105,147,0.0,0,0,140,0.14038127697814337,0.11666666666666667,0.29591100745214854,0.325,0.20863567129397462,0.18333333333333332,0.3550720442757333,0.375,0.24545332125387676,0.24545332125387676,0.0,0.08333333333333333,0.4166666666666667,0.3333333333333333,0.16666666666666666,0.021741673195063788,0.021741673195063788,1.0,0.15478572516831726,0.2965786452551092,0.2153052584959039,0.33333037108066954,0.12639527312938334,0.12639527312938334,0.0,0.1190595292508253,0.35662265596088794,0.2743192959146186,0.24999851887366809,0.0,0.0,1.0,0.14038127697814337,0.29591100745214854,0.20863567129397462,0.3550720442757333
147,0.04901694827211808,0.0,0.15098305172788193,106,146,0.0,0,0,140,0.14038127697814337,0.11666666666666667,0.29591100745214854,0.325,0.20863567129397462,0.18333333333333332,0.3550720442757333,0.375,0.24545332125387676,0.24545332125387676,0.0,0.08333333333333333,0.4166666666666667,0.3333333333333333,0.16666666666666666,0.021741673195063788,0.021741673195063788,1.0,0.15478572516831726,0.2965786452551092,0.2153052584959039,0.33333037108066954,0.12639527312938334,0.12639527312938334,0.0,0.1190595292508253,0.35662265596088794,0.2743192959146186,0.24999851887366809,0.0,0.0,1.0,0.14038127697814337,0.29591100745214854,0.20863567129397462,0.3550720442757333
148,0.04901694827211808,0.0,0.15098305172788193,111,146,0.0,0,0,140,0.14038127697814337,0.11666666666666667,0.29591100745214854,0.325,0.20863567129397462,0.18333333333333332,0.3550720442757333,0.375,0.24545332125387676,0.24545332125387676,0.0,0.08333333333333333,0.4166666666666667,0.3333333333333333,0.16666666666666666,0.021741673195063788,0.021741673195063788,1.0,0.15478572516831726,0.2965786452551092,0.2153052584959039,0.33333037108066954,0.12639527312938334,0.12639527312938334,0.0,0.1190595292508253,0.35662265596088794,0.2743192959146186,0.24999851887366809,0.0,0.0,1.0,0.14038127697814337,0.29591100745214854,0.20863567129397462,0.3550720442757333
149,0.04901694827211808,0.0,0.15098305172788193,128,147,0.0,0,0,140,0.14038127697814337,0.11666666666666667,0.29591100745214854,0.325,0.20863567129397462,0.18333333333333332,0.3550720442757333,0.375,0.24545332125387676,0.24545332125387676,0.0,0.08333333333333333,0.4166666666666667,0.3333333333333333,0.16666666666666666,0.021741673195063788,0.021741673195063788,1.0,0.15478572516831726,0.2965786452551092,0.2153052584959039,0.33333037108066954,0.12639527312938334,0.12639527312938334,0.0,0.1190595292508253,0.35662265596088794,0.2743192959146186,0.24999851887366809,0.0,0.0,1.0,0.14038127697814337,0.29591100745214854,0.20863567129397462,0.3550720442757333
150,0.04901694827211808,0.0,0.15098305172788193,111,149,0.0,0,1,150,0.14038127697814337,0.11666666666666667,0.29591100745214854,0.325,0.20863567129397462,0.18333333333333332,0.3550720442757333,0.375,0.24545332125387676,0.24545332125387676,0.0,0.08333333333333333,0.4166666666666667,0.3333333333333333,0.16666666666666666,0.07148192094811659,0.07148192094811659,1.0,0.0934163853501303,0.30392595487241797,0.27210264482182184,0.33055501495562983,0.15846762110099666,0.15846762110099666,0.0,0.08837485934173181,0.3602963107695423,0.3027179890775776,0.24861084081114826,0.0,0.0,1.0,0.14038127697814337,0.29591100745214854,0.20863567129397462,0.3550720442757333
151,0.04901694827211808,0.0,0.15098305172788193,110,150,0.0,0,0,150,0.14038127697814337,0.11666666666666667,0.29591100745214854,0.325,0.20863567129397462,0.18333333333333332,0.3550720442757333,0.375,0.24545332125387676,0.24545332125387676,0.0,0.08333333333333333,0.4166666666666667,0.3333333333333333,0.16666666666666666,0.07148192094811659,0.07148192094811659,1.0,0.0934163853501303,0.30392595487241797,0.27210264482182184,0.33055501495562983,0.15846762110099666,0.15846762110099666,0.0,0.08837485934173181,0.3602963107695423,0.3027179890775776,0.24861084081114826,0.0,0.0,1.0,0.14038127697814337,0.29591100745214854,0.20863567129397462,0.3550720442757333
152,0.04901694827211808,0.0,0.15098305172788193,101,149,0.0,0,0,150,0.14038127697814337,0.11666666666666667,0.29591100745214854,0.325,0.20863567129397462,0.18333333333333332,0.3550720442757333,0.375,0.24545332125387676,0.24545332125387676,0.0,0.08333333333333333,0.4166666666666667,0.3333333333333333,0.16666666666666666,0.07148192094811659,0.07148192094811659,1.0,0.0934163853501303,0.30392595487241797,0.27210264482182184,0.33055501495562983,0.15846762110099666,0.15846762110099666,0.0,0.08837485934173181,0.3602963107695423,0.3027179890775776,0.24861084081114826,0.0,0.0,1.0,0.14038127697814337,0.29591100745214854,0.20863567129397462,0.3550720442757333
153,0.04901694827211808,0.0,0.15098305172788193,112,149,0.0,0,0,150,0.14038127697814337,0.11666666666666667,0.29591100745214854,0.325,0.20863567129397462,0.18333333333333332,0.3550720442757333,0.375,0.24545332125387676,0.24545332125387676,0.0,0.08333333333333333,0.4166666666666667,0.3333333333333333,0.16666666666666666,0.07148192094811659,0.07148192094811659,1.0,0.0934163853501303,0.30392595487241797,0.27210264482182184,0.33055501495562983,0.15846762110099666,0.15846762110099666,0.0,0.08837485934173181,0.3602963107695423,0.3027179890775776,0.24861084081114826,0.0,0.0,1.0,0.14038127697814337,0.29591100745214854,0.20863567129397462,0.3550720442757333
154,0.04901694827211808,0.0,0.15098305172788193,115,147,0.0,0,0,150,0.14038127697814337,0.11666666666666667,0.29591100745214854,0.325,0.20863567129397462,0.18333333333333332,0.3550720442757333,0.375,0.24545332125387676,0.24545332125387676,0.0,0.08333333333333333,0.4166666666666667,0.3333333333333333,0.16666666666666666,0.07148192094811659,0.07148192094811659,1.0,0.0934163853501303,0.30392595487241797,0.27210264482182184,0.33055501495562983,0.15846762110099666,0.15846762110099666,0.0,0.08837485934173181,0.3602963107695423,0.3027179890775776,0.24861084081114826,0.0,0.0,1.0,0.14038127697814337,0.29591100745214854,0.20863567129397462,0.3550720442757333
155,0.04901694827211808,0.0,0.15098305172788193,102,147,0.0,0,0,150,0.14038127697814337,0.11666666666666667,0.29591100745214854,0.325,0.20863567129397462,0.18333333333333332,0.3550720442757333,0.375,0.24545332125387676,0.24545332125387676,0.0,0.08333333333333333,0.4166666666666667,0.3333333333333333,0.16666666666666666,0.07148192094811659,0.07148192094811659,1.0,0.0934163853501303,0.30392595487241797,0.27210264482182184,0.33055501495562983,0.15846762110099666,0.15846762110099666,0.0,0.08837485934173181,0.3602963107695423,0.3027179890775776,0.24861084081114826,0.0,0.0,1.0,0.14038127697814337,0.29591100745214854,0.20863567129397462,0.3550720442757333
156,0.04901694827211808,0.0,0.15098305172788193,123,146,0.0,0,0,150,0.14038127697814337,0.11666666666666667,0.29591100745214854,0.325,0.20863567129397462,0.18333333333333332,0.3550720442757333,0.375,0.24545332125387676,0.24545332125387676,0.0,0.08333333333333333,0.4166666666666667,0.3333333333333333,0.16666666666666666,0.07148192094811659,0.07148192094811659,1.0,0.0934163853501303,0.30392595487241797,0.27210264482182184,0.33055501495562983,0.15846762110099666,0.15846762110099666,0.0,0.08837485934173181,0.3602963107695423,0.3027179890775776,0.24861084081114826,0.0,0.0,1.0,0.14038127697814337,0.29591100745214854,0.20863567129397462,0.3550720442757333
157,0.04901694827211808,0.0,0.15098305172788193,110,145,0.0,0,0,150,0.14038127697814337,0.11666666666666667,0.29591100745214854,0.325,0.20863567129397462,0.18333333333333332,0.3550720442757333,0.375,0.24545332125387676,0.24545332125387676,0.0,0.08333333333333333,0.4166666666666667,0.3333333333333333,0.16666666666666666,0.07148192094811659,0.07148192094811659,1.0,0.0934163853501303,0.30392595487241797,0.27210264482182184,0.33055501495562983,0.15846762110099666,0.15846762110099666,0.0,0.08837485934173181,0.3602963107695423,0.3027179890775776,0.24861084081114826,0.0,0.0,1.0,0.14038127697814337,0.29591100745214854,0.20863567129397462,0.3550720442757333
158,0.04901694827211808,0.0,0.15098305172788193,116,145,0.0,0,0,150,0.14038127697814337,0.11666666666666667,0.29591100745214854,0.325,0.20863567129397462,0.18333333333333332,0.3550720442757333,0.375,0.24545332125387676,0.24545332125387676,0.0,0.08333333333333333,0.4166666666666667,0.3333333333333333,0.16666666666666666,0.07148192094811659,0.07148192094811659,1.0,0.0934163853501303,0.30392595487241797,0.27210264482182184,0.33055501495562983,0.15846762110099666,0.15846762110099666,0.0,0.08837485934173181,0.3602963107695423,0.3027179890775776,0.24861084081114826,0.0,0.0,1.0,0.14038127697814337,0.29591100745214854,0.20863567129397462,0.3550720442757333
159,0.04901694827211808,0.0,0.15098305172788193,115,144,0.0,0,0,150,0.14038127697814337,0.11666666666666667,0.29591100745214854,0.325,0.20863567129397462,0.18333333333333332,0.3550720442757333,0.375,0.24545332125387676,0.24545332125387676,0.0,0.08333333333333333,0.4166666666666667,0.3333333333333333,0.16666666666666666,0.07148192094811659,0.07148192094811659,1.0,0.0934163853501303,0.30392595487241797,0.27210264482182184,0.33055501495562983,0.15846762110099666,0.15846762110099666,0.0,0.08837485934173181,0.3602963107695423,0.3027179890775776,0.24861084081114826,0.0,0.0,1.0,0.14038127697814337,0.29591100745214854,0.20863567129397462,0.3550720442757333
160,0.04901694827211808,0.0,0.15098305172788193,98,144,0.0,0,1,160,0.14038127697814337,0.11666666666666667,0.29591100745214854,0.325,0.20863567129397462,0.18333333333333332,0.3550720442757333,0.375,0.24545332125387676,0.24545332125387676,0.0,0.08333333333333333,0.4166666666666667,0.3333333333333333,0.16666666666666666,0.062318517226226125,0.062318517226226125,1.0,0.12146077583201631,0.2901080453557865,0.1710406173102377,0.4173905615019595,0.10102765258688888,0.10102765258688888,0.0,0.10239705458267481,0.3533873560112266,0.2521869753217855,0.2920286140843131,0.0,0.0,1.0,0.14038127697814337,0.29591100745214854,0.20863567129397462,0.3550720442757333
161,0.04901694827211808,0.0,0.15098305172788193,119,143,0.0,0,0,160,0.14038127697814337,0.11666666666666667,0.29591100745214854,0.325,0.20863567129397462,0.18333333333333332,0.3550720442757333,0.375,0.24545332125387676,0.24545332125387676,0.0,0.08333333333333333,0.4166666666666667,0.3333333333333333,0.16666666666666666,0.062318517226226125,0.062318517226226125,1.0,0.12146077583201631,0.2901080453557865,0.1710406173102377,0.4173905615019595,0.10102765258688888,0.10102765258688888,0.0,0.10239705458267481,0.3533873560112266,0.2521869753217855,0.2920286140843131,0.0,0.0,1.0,0.14038127697814337,0.29591100745214854,0.20863567129397462,0.3550720442757333
162,0.04901694827211808,0.0,0.15098305172788193,124,142,0.0,0,0,160,0.14038127697814337,0.11666666666666667,0.29591100745214854,0.325,0.20863567129397462,0.18333333333333332,0.3550720442757333,0.375,0.24545332125387676,0.24545332125387676,0.0,0.08333333333333333,0.4166666666666667,0.3333333333333333,0.16666666666666666,0.062318517226226125,0.062318517226226125,1.0,0.12146077583201631,0.2901080453557865,0.1710406173102377,0.4173905615019595,0.10102765258688888,0.10102765258688888,0.0,0.10239705458267481,0.3533873560112266,0.2521869753217855,0.2920286140843131,0.0,0.0,1.0,0.14038127697814337,0.29591100745214854,0.20863567129397462,0.3550720442757333
163,0.04901694827211808,0.0,0.15098305172788193,114,145,0.0,0,0,160,0.14038127697814337,0.11666666666666667,0.29591100745214854,0.325,0.20863567129397462,0.18333333333333332,0.3550720442757333,0.375,0.24545332125387676,0.24545332125387676,0.0,0.08333333333333333,0.4166666666666667,0.3333333333333333,0.16666666666666666,0.062318517226226125,0.062318517226226125,1.0,0.12146077583201631,0.2901080453557865,0.1710406173102377,0.4173905615019595,0.10102765258688888,0.10102765258688888,0.0,0.10239705458267481,0.3533873560112266,0.2521869753217855,0.2920286140843131,0.0,0.0,1.0,0.14038127697814337,0.29591100745214854,0.20863567129397462,0.3550720442757333
164,0.04901694827211808,0.0,0.15098305172788193,123,143,0.0,0,0,160,0.14038127697814337,0.11666666666666667,0.29591100745214854,0.325,0.20863567129397462,0.18333333333333332,0.3550720442757333,0.375,0.24545332125387676,0.24545332125387676,0.0,0.08333333333333333,0.4166666666666667,0.3333333333333333,0.16666666666666666,0.062318517226226125,0.062318517226226125,1.0,0.12146077583201631,0.2901080453557865,0.1710406173102377,0.4173905615019595,0.10102765258688888,0.10102765258688888,0.0,0.10239705458267481,0.3533873560112266,0.2521869753217855,0.2920286140843131,0.0,0.0,1.0,0.14038127697814337,0.29591100745214854,0.20863567129397462,0.3550720442757333
165,0.04901694827211808,0.0,0.15098305172788193,108,145,0.0,0,0,160,0.14038127697814337,0.11666666666666667,0.29591100745214854,0.325,0.20863567129397462,0.18333333333333332,0.3550720442757333,0.375,0.24545332125387676,0.24545332125387676,0.0,0.08333333333333333,0.4166666666666667,0.3333333333333333,0.16666666666666666,0.062318517226226125,0.062318517226226125,1.0,0.12146077583201631,0.2901080453557865,0.1710406173102377,0.4173905615019595,0.10102765258688888,0.10102765258688888,0.0,0.10239705458267481,0.3533873560112266,0.2521869753217855,0.2920286140843131,0.0,0.0,1.0,0.14038127697814337,0.29591100745214854,0.20863567129397462,0.3550720442757333
166,0.04901694827211808,0.0,0.15098305172788193,107,146,0.0,0,0,160,0.14038127697814337,0.11666666666666667,0.29591100745214854,0.325,0.20863567129397462,0.18333333333333332,0.3550720442757333,0.375,0.24545332125387676,0.24545332125387676,0.0,0.08333333333333333,0.4166666666666667,0.3333333333333333,0.16666666666666666,0.062318517226226125,0.062318517226226125,1.0,0.12146077583201631,0.2901080453557865,0.1710406173102377,0.4173905615019595,0.10102765258688888,0.10102765258688888,0.0,0.10239705458267481,0.3533873560112266,0.2521869753217855,0.2920286140843131,0.0,0.0,1.0,0.14038127697814337,0.29591100745214854,0.20863567129397462,0.3550720442757333
167,0.04901694827211808,0.0,0.15098305172788193,112,146,0.0,0,0,160,0.14038127697814337,0.11666666666666667,0.29591100745214854,0.325,0.20863567129397462,0.18333333333333332,0.3550720442757333,0.375,0.24545332125387676,0.24545332125387676,0.0,0.08333333333333333,0.4166666666666667,0.3333333333333333,0.16666666666666666,0.062318517226226125,0.062318517226226125,1.0,0.12146077583201631,0.2901080453557865,0.1710406173102377,0.4173905615019595,0.10102765258688888,0.10102765258688888,0.0,0.10239705458267481,0.3533873560112266,0.2521869753217855,0.2920286140843131,0.0,0.0,1.0,0.14038127697814337,0.29591100745214854,0.20863567129397462,0.3550720442757333
168,0.04901694827211808,0.0,0.15098305172788193,98,148,0.0,0,0,160,0.14038127697814337,0.11666666666666667,0.29591100745214854,0.325,0.20863567129397462,0.18333333333333332,0.3550720442757333,0.375,0.24545332125387676,0.24545332125387676,0.0,0.08333333333333333,0.4166666666666667,0.3333333333333333,0.16666666666666666,0.062318517226226125,0.062318517226226125,1.0,0.12146077583201631,0.2901080453557865,0.1710406173102377,0.4173905615019595,0.10102765258688888,0.10102765258688888,0.0,0.10239705458267481,0.3533873560112266,0.2521869753217855,0.2920286140843131,0.0,0.0,1.0,0.14038127697814337,0.29591100745214854,0.20863567129397462,0.3550720442757333
169,0.04901694827211808,0.0,0.15098305172788193,123,148,0.0,0,0,160,0.14038127697814337,0.11666666666666667,0.29591100745214854,0.325,0.20863567129397462,0.18333333333333332,0.3550720442757333,0.375,0.24545332125387676,0.24545332125387676,0.0,0.08333333333333333,0.4166666666666667,0.3333333333333333,0.16666666666666666,0.062318517226226125,0.062318517226226125,1.0,0.12146077583201631,0.2901080453557865,0.1710406173102377,0.4173905615019595,0.10102765258688888,0.10102765258688888,0.0,0.10239705458267481,0.3533873560112266,0.2521869753217855,0.2920286140843131,0.0,0.0,1.0,0.14038127697814337,0.29591100745214854,0.20863567129397462,0.3550720442757333
170,0.04901694827211808,0.0,0.15098305172788193,102,151,0.0,0,1,170,0.14038127697814337,0.11666666666666667,0.29591100745214854,0.325,0.20863567129397462,0.18333333333333332,0.3550720442757333,0.375,0.24545332125387676,0.24545332125387676,0.0,0.08333333333333333,0.4166666666666667,0.3333333333333333,0.16666666666666666,0.1392782456035691,0.1392782456035691,1.0,0.20472419653334942,0.15663276184857952,0.25436808093213853,0.38427496068593253,0.08886252379395923,0.08886252379395923,0.0,0.14402876493334138,0.2866497142576231,0.2938507071327359,0.2754708136762996,0.0,0.0,1.0,0.14038127697814337,0.29591100745214854,0.20863567129397462,0.3550720442757333
171,0.04901694827211808,0.0,0.15098305172788193,109,152,0.0,0,0,170,0.14038127697814337,0.11666666666666667,0.29591100745214854,0.325,0.20863567129397462,0.18333333333333332,0.3550720442757333,0.375,0.24545332125387676,0.24545332125387676,0.0,0.08333333333333333,0.4166666666666667,0.3333333333333333,0.16666666666666666,0.1392782456035691,0.1392782456035691,1.0,0.20472419653334942,0.15663276184857952,0.25436808093213853,0.38427496068593253,0.08886252379395923,0.08886252379395923,0.0,0.14402876493334138,0.2866497142576231,0.2938507071327359,0.2754708136762996,0.0,0.0,1.0,0.14038127697814337,0.29591100745214854,0.20863567129397462,0.3550720442757333
172,0.04901694827211808,0.0,0.15098305172788193,105,152,0.0,0,0,170,0.14038127697814337,0.11666666666666667,0.29591100745214854,0.325,0.20863567129397462,0.18333333333333332,0.3550720442757333,0.375,0.24545332125387676,0.24545332125387676,0.0,0.08333333333333333,0.4166666666666667,0.3333333333333333,0.16666666666666666,0.1392782456035691,0.1392782456035691,1.0,0.20472419653334942,0.15663276184857952,0.25436808093213853,0.38427496068593253,0.08886252379395923,0.08886252379395923,0.0,0.14402876493334138,0.2866497142576231,0.2938507071327359,0.2754708136762996,0.0,0.0,1.0,0.14038127697814337,0.29591100745214854,0.20863567129397462,0.3550720442757333
173,0.04901694827211808,0.0,0.15098305172788193,110,150,0.0,0,0,170,0.14038127697814337,0.11666666666666667,0.29591100745214854,0.325,0.20863567129397462,0.18333333333333332,0.3550720442757333,0.375,0.24545332125387676,0.24545332125387676,0.0,0.08333333333333333,0.4166666666666667,0.3333333333333333,0.16666666666666666,0.1392782456035691,0.1392782456035691,1.0,0.20472419653334942,0.15663276184857952,0.25436808093213853,0.38427496068593253,0.08886252379395923,0.08886252379395923,0.0,0.14402876493334138,0.2866497142576231,0.2938507071327359,0.2754708136762996,0.0,0.0,1.0,0.14038127697814337,0.29591100745214854,0.20863567129397462,0.3550720442757333
174,0.04901694827211808,0.0,0.15098305172788193,111,149,0.0,0,0,170,0.14038127697814337,0.11666666666666667,0.29591100745214854,0.325,0.20863567129397462,0.18333333333333332,0.3550720442757333,0.375,0.24545332125387676,0.24545332125387676,0.0,0.08333333333333333,0.4166666666666667,0.3333333333333333,0.16666666666666666,0.1392782456035691,0.1392782456035691,1.0,0.20472419653334942,0.15663276184857952,0.25436808093213853,0.38427496068593253,0.08886252379395923,0.08886252379395923,0.0,0.14402876493334138,0.2866497142576231,0.2938507071327359,0.2754708136762996,0.0,0.0,1.0,0.14038127697814337,0.29591100745214854,0.20863567129397462,0.3550720442757333
175,0.04901694827211808,0.0,0.15098305172788193,102,148,0.0,0,0,170,0.14038127697814337,0.11666666666666667,0.29591100745214854,0.325,0.20863567129397462,0.18333333333333332,0.3550720442757333,0.375,0.24545332125387676,0.24545332125387676,0.0,0.08333333333333333,0.4166666666666667,0.3333333333333333,0.16666666666666666,0.1392782456035691,0.1392782456035691,1.0,0.20472419653334942,0.15663276184857952,0.25436808093213853,0.38427496068593253,0.08886252379395923,0.08886252379395923,0.0,0.14402876493334138,0.2866497142576231,0.2938507071327359,0.2754708136762996,0.0,0.0,1.0,0.14038127697814337,0.29591100745214854,0.20863567129397462,0.3550720442757333
176,0.04901694827211808,0.0,0.15098305172788193,101,149,0.0,0,0,170,0.14038127697814337,0.11666666666666667,0.29591100745214854,0.325,0.20863567129397462,0.18333333333333332,0.3550720442757333,0.375,0.24545332125387676,0.24545332125387676,0.0,0.08333333333333333,0.4166666666666667,0.3333333333333333,0.16666666666666666,0.1392782456035691,0.1392782456035691,1.0,0.20472419653334942,0.15663276184857952,0.25436808093213853,0.38427496068593253,0.08886252379395923,0.08886252379395923,0.0,0.14402876493334138,0.2866497142576231,0.2938507071327359,0.2754708136762996,0.0,0.0,1.0,0.14038127697814337,0.29591100745214854,0.20863567129397462,0.3550720442757333
177,0.04901694827211808,0.0,0.15098305172788193,108,150,0.0,0,0,170,0.14038127697814337,0.11666666666666667,0.29591100745214854,0.325,0.20863567129397462,0.18333333333333332,0.3550720442757333,0.375,0.24545332125387676,0.24545332125387676,0.0,0.08333333333333333,0.4166666666666667,0.3333333333333333,0.16666666666666666,0.1392782456035691,0.1392782456035691,1.0,0.20472419653334942,0.15663276184857952,0.25436808093213853,0.38427496068593253,0.08886252379395923,0.08886252379395923,0.0,0.14402876493334138,0.2866497142576231,0.2938507071327359,0.2754708136762996,0.0,0.0,1.0,0.14038127697814337,0.29591100745214854,0.20863567129397462,0.3550720442757333
178,0.04901694827211808,0.0,0.15098305172788193,100,150,0.0,0,0,170,0.14038127697814337,0.11666666666666667,0.29591100745214854,0.325,0.20863567129397462,0.18333333333333332,0.3550720442757333,0.375,0.24545332125387676,0.24545332125387676,0.0,0.08333333333333333,0.4166666666666667,0.3333333333333333,0.16666666666666666,0.1392782456035691,0.1392782456035691,1.0,0.20472419653334942,0.15663276184857952,0.25436808093213853,0.38427496068593253,0.08886252379395923,0.08886252379395923,0.0,0.14402876493334138,0.2866497142576231,0.2938507071327359,0.2754708136762996,0.0,0.0,1.0,0.14038127697814337,0.29591100745214854,0.20863567129397462,0.3550720442757333
179,0.04901694827211808,0.0,0.15098305172788193,97,152,0.0,0,0,170,0.14038127697814337,0.11666666666666667,0.29591100745214854,0.325,0.20863567129397462,0.18333333333333332,0.3550720442757333,0.375,0.24545332125387676,0.24545332125387676,0.0,0.08333333333333333,0.4166666666666667,0.3333333333333333,0.16666666666666666,0.1392782456035691,0.1392782456035691,1.0,0.20472419653334942,0.15663276184857952,0.25436808093213853,0.38427496068593253,0.08886252379395923,0.08886252379395923,0.0,0.14402876493334138,0.2866497142576231,0.2938507071327359,0.2754708136762996,0.0,0.0,1.0,0.14038127697814337,0.29591100745214854,0.20863567129397462,0.3550720442757333
180,0.04901694827211808,0.0,0.15098305172788193,97,152,0.0,0,1,180,0.14038127697814337,0.11666666666666667,0.29591100745214854,0.325,0.20863567129397462,0.18333333333333332,0.3550720442757333,0.375,0.24545332125387676,0.24545332125387676,0.0,0.08333333333333333,0.4166666666666667,0.3333333333333333,0.16666666666666666,0.11898387821083362,0.11898387821083362,1.0,0.14876953779197324,0.176927129241315,0.27872912455743865,0.3955742084092731,0.09828144815325357,0.09828144815325357,0.0,0.1160514355626533,0.29679689795399083,0.306031228945386,0.2811204375379699,0.0,0.0,1.0,0.14038127697814337,0.29591100745214854,0.20863567129397462,0.3550720442757333
181,0.04901694827211808,0.0,0.15098305172788193,94,151,0.0,0,0,180,0.14038127697814337,0.11666666666666667,0.29591100745214854,0.325,0.20863567129397462,0.18333333333333332,0.3550720442757333,0.375,0.24545332125387676,0.24545332125387676,0.0,0.08333333333333333,0.4166666666666667,0.3333333333333333,0.16666666666666666,0.11898387821083362,0.11898387821083362,1.0,0.14876953779197324,0.176927129241315,0.27872912455743865,0.3955742084092731,0.09828144815325357,0.09828144815325357,0.0,0.1160514355626533,0.29679689795399083,0.306031228945386,0.2811204375379699,0.0,0.0,1.0,0.14038127697814337,0.29591100745214854,0.20863567129397462,0.3550720442757333
182,0.04901694827211808,0.0,0.15098305172788193,120,152,0.0,0,0,180,0.14038127697814337,0.11666666666666667,0.29591100745214854,0.325,0.20863567129397462,0.18333333333333332,0.3550720442757333,0.375,0.24545332125387676,0.24545332125387676,0.0,0.08333333333333333,0.4166666666666667,0.3333333333333333,0.16666666666666666,0.11898387821083362,0.11898387821083362,1.0,0.14876953779197324,0.176927129241315,0.27872912455743865,0.3955742084092731,0.09828144815325357,0.09828144815325357,0.0,0.1160514355626533,0.29679689795399083,0.306031228945386,0.2811204375379699,0.0,0.0,1.0,0.14038127697814337,0.29591100745214854,0.20863567129397462,0.3550720442757333
183,0.04901694827211808,0.0,0.15098305172788193,100,152,0.0,0,0,180,0.14038127697814337,0.11666666666666667,0.29591100745214854,0.325,0.20863567129397462,0.18333333333333332,0.3550720442757333,0.375,0.24545332125387676,0.24545332125387676,0.0,0.08333333333333333,0.4166666666666667,0.3333333333333333,0.16666666666666666,0.11898387821083362,0.11898387821083362,1.0,0.14876953779197324,0.176927129241315,0.27872912455743865,0.3955742084092731,0.09828144815325357,0.09828144815325357,0.0,0.1160514355626533,0.29679689795399083,0.306031228945386,0.2811204375379699,0.0,0.0,1.0,0.14038127697814337,0.29591100745214854,0.20863567129397462,0.3550720442757333
184,0.04901694827211808,0.0,0.15098305172788193,119,151,0.0,0,0,180,0.14038127697814337,0.11666666666666667,0.29591100745214854,0.325,0.20863567129397462,0.18333333333333332,0.3550720442757333,0.375,0.24545332125387676,0.24545332125387676,0.0,0.08333333333333333,0.4166666666666667,0.3333333333333333,0.16666666666666666,0.11898387821083362,0.11898387821083362,1.0,0.14876953779197324,0.176927129241315,0.27872912455743865,0.3955742084092731,0.09828144815325357,0.09828144815325357,0.0,0.1160514355626533,0.29679689795399083,0.306031228945386,0.2811204375379699,0.0,0.0,1.0,0.14038127697814337,0.29591100745214854,0.20863567129397462,0.3550720442757333
185,0.04901694827211808,0.0,0.15098305172788193,118,152,0.0,0,0,180,0.14038127697814337,0.11666666666666667,0.29591100745214854,0.325,0.20863567129397462,0.18333333333333332,0.3550720442757333,0.375,0.24545332125387676,0.24545332125387676,0.0,0.08333333333333333,0.4166666666666667,0.3333333333333333,0.16666666666666666,0.11898387821083362,0.11898387821083362,1.0,0.14876953779197324,0.176927129241315,0.27872912455743865,0.3955742084092731,0.09828144815325357,0.09828144815325357,0.0,0.1160514355626533,0.29679689795399083,0.306031228945386,0.2811204375379699,0.0,0.0,1.0,0.14038127697814337,0.29591100745214854,0.20863567129397462,0.3550720442757333
186,0.04901694827211808,0.0,0.15098305172788193,102,154,0.0,0,0,180,0.14038127697814337,0.11666666666666667,0.29591100745214854,0.325,0.20863567129397462,0.18333333333333332,0.3550720442757333,0.375,0.24545332125387676,0.24545332125387676,0.0,0.08333333333333333,0.4166666666666667,0.3333333333333333,0.16666666666666666,0.11898387821083362,0.11898387821083362,1.0,0.14876953779197324,0.176927129241315,0.27872912455743865,0.3955742084092731,0.09828144815325357,0.09828144815325357,0.0,0.1160514355626533,0.29679689795399083,0.306031228945386,0.2811204375379699,0.0,0.0,1.0,0.14038127697814337,0.29591100745214854,0.20863567129397462,0.3550720442757333
187,0.04901694827211808,0.0,0.15098305172788193,90,154,0.0,0,0,180,0.14038127697814337,0.11666666666666667,0.29591100745214854,0.325,0.20863567129397462,0.18333333333333332,0.3550720442757333,0.375,0.24545332125387676,0.24545332125387676,0.0,0.08333333333333333,0.4166666666666667,0.3333333333333333,0.16666666666666666,0.11898387821083362,0.11898387821083362,1.0,0.14876953779197324,0.176927129241315,0.27872912455743865,0.3955742084092731,0.09828144815325357,0.09828144815325357,0.0,0.1160514355626533,0.29679689795399083,0.306031228945386,0.2811204375379699,0.0,0.0,1.0,0.14038127697814337,0.29591100745214854,0.20863567129397462,0.3550720442757333
188,0.04901694827211808,0.0,0.15098305172788193,106,155,0.0,0,0,180,0.14038127697814337,0.11666666666666667,0.29591100745214854,0.325,0.20863567129397462,0.18333333333333332,0.3550720442757333,0.375,0.24545332125387676,0.24545332125387676,0.0,0.08333333333333333,0.4166666666666667,0.3333333333333333,0.16666666666666666,0.11898387821083362,0.11898387821083362,1.0,0.14876953779197324,0.176927129241315,0.27872912455743865,0.3955742084092731,0.09828144815325357,0.09828144815325357,0.0,0.1160514355626533,0.29679689795399083,0.306031228945386,0.2811204375379699,0.0,0.0,1.0,0.14038127697814337,0.29591100745214854,0.20863567129397462,0.3550720442757333
189,0.04901694827211808,0.0,0.15098305172788193,97,157,0.0,0,0,180,0.14038127697814337,0.11666666666666667,0.29591100745214854,0.325,0.20863567129397462,0.18333333333333332,0.3550720442757333,0.375,0.24545332125387676,0.24545332125387676,0.0,0.08333333333333333,0.4166666666666667,0.3333333333333333,0.16666666666666666,0.11898387821083362,0.11898387821083362,1.0,0.14876953779197324,0.176927129241315,0.27872912455743865,0.3955742084092731,0.09828144815325357,0.09828144815325357,0.0,0.1160514355626533,0.29679689795399083,0.306031228945386,0.2811204375379699,0.0,0.0,1.0,0.14038127697814337,0.29591100745214854,0.20863567129397462,0.3550720442757333
190,0.04901694827211808,0.0,0.15098305172788193,111,159,0.0,0,1,190,0.14038127697814337,0.11666666666666667,0.29591100745214854,0.325,0.20863567129397462,0.18333333333333332,0.3550720442757333,0.375,0.24545332125387676,0.24545332125387676,0.0,0.08333333333333333,0.4166666666666667,0.3333333333333333,0.16666666666666666,0.010204718735254609,0.010204718735254609,1.0,0.14700796457069668,0.2962188124274339,0.1984309525587201,0.3583422704431493,0.11777820374695375,0.11777820374695375,0.0,0.11517064895201501,0.3564427395470503,0.2658821429460267,0.262504468554908,0.0,0.0,1.0,0.14038127697814337,0.29591100745214854,0.20863567129397462,0.3550720442757333
191,0.04901694827211808,0.0,0.15098305172788193,103,158,0.0,0,0,190,0.14038127697814337,0.11666666666666667,0.29591100745214854,0.325,0.20863567129397462,0.18333333333333332,0.3550720442757333,0.375,0.24545332125387676,0.24545332125387676,0.0,0.08333333333333333,0.4166666666666667,0.3333333333333333,0.16666666666666666,0.010204718735254609,0.010204718735254609,1.0,0.14700796457069668,0.2962188124274339,0.1984309525587201,0.3583422704431493,0.11777820374695375,0.11777820374695375,0.0,0.11517064895201501,0.3564427395470503,0.2658821429460267,0.262504468554908,0.0,0.0,1.0,0.14038127697814337,0.29591100745214854,0.20863567129397462,0.3550720442757333
192,0.04901694827211808,0.0,0.15098305172788193,105,158,0.0,0,0,190,0.14038127697814337,0.11666666666666667,0.29591100745214854,0.325,0.20863567129397462,0.18333333333333332,0.3550720442757333,0.375,0.24545332125387676,0.24545332125387676,0.0,0.08333333333333333,0.4166666666666667,0.3333333333333333,0.16666666666666666,0.010204718735254609,0.010204718735254609,1.0,0.14700796457069668,0.2962188124274339,0.1984309525587201,0.3583422704431493,0.11777820374695375,0.11777820374695375,0.0,0.11517064895201501,0.3564427395470503,0.2658821429460267,0.262504468554908,0.0,0.0,1.0,0.14038127697814337,0.29591100745214854,0.20863567129397462,0.3550720442757333
193,0.04901694827211808,0.0,0.15098305172788193,97,159,0.0,0,0,190,0.14038127697814337,0.11666666666666667,0.29591100745214854,0.325,0.20863567129397462,0.18333333333333332,0.3550720442757333,0.375,0.24545332125387676,0.24545332125387676,0.0,0.08333333333333333,0.4166666666666667,0.3333333333333333,0.16666666666666666,0.010204718735254609,0.010204718735254609,1.0,0.14700796457069668,0.2962188124274339,0.1984309525587201,0.3583422704431493,0.11777820374695375,0.11777820374695375,0.0,0.11517064895201501,0.3564427395470503,0.2658821429460267,0.262504468554908,0.0,0.0,1.0,0.14038127697814337,0.29591100745214854,0.20863567129397462,0.3550720442757333
194,0.04901694827211808,0.0,0.15098305172788193,110,159,0.0,0,0,190,0.14038127697814337,0.11666666666666667,0.29591100745214854,0.325,0.20863567129397462,0.18333333333333332,0.3550720442757333,0.375,0.24545332125387676,0.24545332125387676,0.0,0.08333333333333333,0.4166666666666667,0.3333333333333333,0.16666666666666666,0.010204718735254609,0.010204718735254609,1.0,0.14700796457069668,0.2962188124274339,0.1984309525587201,0.3583422704431493,0.11777820374695375,0.11777820374695375,0.0,0.11517064895201501,0.3564427395470503,0.2658821429460267,0.262504468554908,0.0,0.0,1.0,0.14038127697814337,0.29591100745214854,0.20863567129397462,0.3550720442757333
195,0.04901694827211808,0.0,0.15098305172788193,100,160,0.0,0,0,190,0.14038127697814337,0.11666666666666667,0.29591100745214854,0.325,0.20863567129397462,0.18333333333333332,0.3550720442757333,0.375,0.24545332125387676,0.24545332125387676,0.0,0.08333333333333333,0.4166666666666667,0.3333333333333333,0.16666666666666666,0.010204718735254609,0.010204718735254609,1.0,0.14700796457069668,0.2962188124274339,0.1984309525587201,0.3583422704431493,0.11777820374695375,0.11777820374695375,0.0,0.11517064895201501,0.3564427395470503,0.2658821429460267,0.262504468554908,0.0,0.0,1.0,0.14038127697814337,0.29591100745214854,0.20863567129397462,0.3550720442757333
196,0.04901694827211808,0.0,0.15098305172788193,105,160,0.0,0,0,190,0.14038127697814337,0.11666666666666667,0.29591100745214854,0.325,0.20863567129397462,0.18333333333333332,0.3550720442757333,0.375,0.24545332125387676,0.24545332125387676,0.0,0.08333333333333333,0.4166666666666667,0.3333333333333333,0.16666666666666666,0.010204718735254609,0.010204718735254609,1.0,0.14700796457069668,0.2962188124274339,0.1984309525587201,0.3583422704431493,0.11777820374695375,0.11777820374695375,0.0,0.11517064895201501,0.3564427395470503,0.2658821429460267,0.262504468554908,0.0,0.0,1.0,0.14038127697814337,0.29591100745214854,0.20863567129397462,0.3550720442757333
197,0.04901694827211808,0.0,0.15098305172788193,89,159,0.0,0,0,190,0.14038127697814337,0.11666666666666667,0.29591100745214854,0.325,0.20863567129397462,0.18333333333333332,0.3550720442757333,0.375,0.24545332125387676,0.24545332125387676,0.0,0.08333333333333333,0.4166666666666667,0.3333333333333333,0.16666666666666666,0.010204718735254609,0.010204718735254609,1.0,0.14700796457069668,0.2962188124274339,0.1984309525587201,0.3583422704431493,0.11777820374695375,0.11777820374695375,0.0,0.11517064895201501,0.3564427395470503,0.2658821429460267,0.262504468554908,0.0,0.0,1.0,0.14038127697814337,0.29591100745214854,0.20863567129397462,0.3550720442757333
198,0.04901694827211808,0.0,0.15098305172788193,98,159,0.0,0,0,190,0.14038127697814337,0.11666666666666667,0.29591100745214854,0.325,0.20863567129397462,0.18333333333333332,0.3550720442757333,0.375,0.24545332125387676,0.24545332125387676,0.0,0.08333333333333333,0.4166666666666667,0.3333333333333333,0.16666666666666666,0.010204718735254609,0.010204718735254609,1.0,0.14700796457069668,0.2962188124274339,0.1984309525587201,0.3583422704431493,0.11777820374695375,0.11777820374695375,0.0,0.11517064895201501,0.3564427395470503,0.2658821429460267,0.262504468554908,0.0,0.0,1.0,0.14038127697814337,0.29591100745214854,0.20863567129397462,0.3550720442757333
199,0.04901694827211808,0.0,0.15098305172788193,113,159,0.0,0,0,190,0.14038127697814337,0.11666666666666667,0.29591100745214854,0.325,0.20863567129397462,0.18333333333333332,0.3550720442757333,0.375,0.24545332125387676,0.24545332125387676,0.0,0.08333333333333333,0.4166666666666667,0.3333333333333333,0.16666666666666666,0.010204718735254609,0.010204718735254609,1.0,0.14700796457069668,0.2962188124274339,0.1984309525587201,0.3583422704431493,0.11777820374695375,0.11777820374695375,0.0,0.11517064895201501,0.3564427395470503,0.2658821429460267,0.262504468554908,0.0,0.0,1.0,0.14038127697814337,0.29591100745214854,0.20863567129397462,0.3550720442757333
200,0.04901694827211808,0.0,0.15098305172788193,92,159,0.0,0,1,200,0.14038127697814337,0.11666666666666667,0.29591100745214854,0.325,0.20863567129397462,0.18333333333333332,0.3550720442757333,0.375,0.24545332125387676,0.24545332125387676,0.0,0.08333333333333333,0.4166666666666667,0.3333333333333333,0.16666666666666666,0.030528722912971457,0.030528722912971457,1.0,0.14719496729443446,0.319626040048829,0.18735259529846912,0.3458263973582674,0.12394263892752579,0.12394263892752579,0.0,0.1152641503138839,0.3681463533577478,0.2603429643159012,0.25624653201246705,0.0,0.0,1.0,0.14038127697814337,0.29591100745214854,0.20863567129397462,0.3550720442757333
201,0.04901694827211808,0.0,0.15098305172788193,95,156,0.0,0,0,200,0.14038127697814337,0.11666666666666667,0.29591100745214854,0.325,0.20863567129397462,0.18333333333333332,0.3550720442757333,0.375,0.24545332125387676,0.24545332125387676,0.0,0.08333333333333333,0.4166666666666667,0.3333333333333333,0.16666666666666666,0.030528722912971457,0.030528722912971457,1.0,0.14719496729443446,0.319626040048829,0.18735259529846912,0.3458263973582674,0.12394263892752579,0.12394263892752579,0.0,0.1152641503138839,0.3681463533577478,0.2603429643159012,0.25624653201246705,0.0,0.0,1.0,0.14038127697814337,0.29591100745214854,0.20863567129397462,0.3550720442757333
202,0.04901694827211808,0.0,0.15098305172788193,110,156,0.0,0,0,200,0.14038127697814337,0.11666666666666667,0.29591100745214854,0.325,0.20863567129397462,0.18333333333333332,0.3550720442757333,0.375,0.24545332125387676,0.24545332125387676,0.0,0.08333333333333333,0.4166666666666667,0.3333333333333333,0.16666666666666666,0.030528722912971457,0.030528722912971457,1.0,0.14719496729443446,0.319626040048829,0.18735259529846912,0.3458263973582674,0.12394263892752579,0.12394263892752579,0.0,0.1152641503138839,0.3681463533577478,0.2603429643159012,0.25624653201246705,0.0,0.0,1.0,0.14038127697814337,0.29591100745214854,0.20863567129397462,0.3550720442757333
203,0.04901694827211808,0.0,0.15098305172788193,102,157,0.0,0,0,200,0.14038127697814337,0.11666666666666667,0.29591100745214854,0.325,0.20863567129397462,0.18333333333333332,0.3550720442757333,0.375,0.24545332125387676,0.24545332125387676,0.0,0.08333333333333333,0.4166666666666667,0.3333333333333333,0.16666666666666666,0.030528722912971457,0.030528722912971457,1.0,0.14719496729443446,0.319626040048829,0.18735259529846912,0.3458263973582674,0.12394263892752579,0.12394263892752579,0.0,0.1152641503138839,0.3681463533577478,0.2603429643159012,0.25624653201246705,0.0,0.0,1.0,0.14038127697814337,0.29591100745214854,0.20863567129397462,0.3550720442757333
204,0.04901694827211808,0.0,0.15098305172788193,91,156,0.0,0,0,200,0.14038127697814337,0.11666666666666667,0.29591100745214854,0.325,0.20863567129397462,0.18333333333333332,0.3550720442757333,0.375,0.24545332125387676,0.24545332125387676,0.0,0.08333333333333333,0.4166666666666667,0.3333333333333333,0.16666666666666666,0.030528722912971457,0.030528722912971457,1.0,0.14719496729443446,0.319626040048829,0.18735259529846912,0.3458263973582674,0.12394263892752579,0.12394263892752579,0.0,0.1152641503138839,0.3681463533577478,0.2603429643159012,0.25624653201246705,0.0,0.0,1.0,0.14038127697814337,0.29591100745214854,0.20863567129397462,0.3550720442757333
205,0.04901694827211808,0.0,0.15098305172788193,111,154,0.0,0,0,200,0.14038127697814337,0.11666666666666667,0.29591100745214854,0.325,0.20863567129397462,0.18333333333333332,0.3550720442757333,0.375,0.24545332125387676,0.24545332125387676,0.0,0.08333333333333333,0.4166666666666667,0.3333333333333333,0.16666666666666666,0.030528722912971457,0.030528722912971457,1.0,0.14719496729443446,0.319626040048829,0.18735259529846912,0.3458263973582674,0.12394263892752579,0.12394263892752579,0.0,0.1152641503138839,0.3681463533577478,0.2603429643159012,0.25624653201246705,0.0,0.0,1.0,0.14038127697814337,0.29591100745214854,0.20863567129397462,0.3550720442757333
206,0.04901694827211808,0.0,0.15098305172788193,100,154,0.0,0,0,200,0.14038127697814337,0.11666666666666667,0.29591100745214854,0.325,0.20863567129397462,0.18333333333333332,0.3550720442757333,0.375,0.24545332125387676,0.24545332125387676,0.0,0.08333333333333333,0.4166666666666667,0.3333333333333333,0.16666666666666666,0.030528722912971457,0.030528722912971457,1.0,0.14719496729443446,0.319626040048829,0.18735259529846912,0.3458263973582674,0.12394263892752579,0.12394263892752579,0.0,0.1152641503138839,0.3681463533577478,0.2603429643159012,0.25624653201246705,0.0,0.0,1.0,0.14038127697814337,0.29591100745214854,0.20863567129397462,0.3550720442757333
207,0.04901694827211808,0.0,0.15098305172788193,98,155,0.0,0,0,200,0.14038127697814337,0.11666666666666667,0.29591100745214854,0.325,0.20863567129397462,0.18333333333333332,0.3550720442757333,0.375,0.24545332125387676,0.24545332125387676,0.0,0.08333333333333333,0.4166666666666667,0.3333333333333333,0.16666666666666666,0.030528722912971457,0.030528722912971457,1.0,0.14719496729443446,0.319626040048829,0.18735259529846912,0.3458263973582674,0.12394263892752579,0.12394263892752579,0.0,0.1152641503138839,0.3681463533577478,0.2603429643159012,0.25624653201246705,0.0,0.0,1.0,0.14038127697814337,0.29591100745214854,0.20863567129397462,0.3550720442757333
208,0.04901694827211808,0.0,0.15098305172788193,105,154,0.0,0,0,200,0.14038127697814337,0.11666666666666667,0.29591100745214854,0.325,0.20863567129397462,0.18333333333333332,0.3550720442757333,0.375,0.24545332125387676,0.24545332125387676,0.0,0.08333333333333333,0.4166666666666667,0.3333333333333333,0.16666666666666666,0.030528722912971457,0.030528722912971457,1.0,0.14719496729443446,0.319626040048829,0.18735259529846912,0.3458263973582674,0.12394263892752579,0.12394263892752579,0.0,0.1152641503138839,0.3681463533577478,0.2603429643159012,0.25624653201246705,0.0,0.0,1.0,0.14038127697814337,0.29591100745214854,0.20863567129397462,0.3550720442757333
209,0.04901694827211808,0.0,0.15098305172788193,102,153,0.0,0,0,200,0.14038127697814337,0.11666666666666667,0.29591100745214854,0.325,0.20863567129397462,0.18333333333333332,0.3550720442757333,0.375,0.24545332125387676,0.24545332125387676,0.0,0.08333333333333333,0.4166666666666667,0.3333333333333333,0.16666666666666666,0.030528722912971457,0.030528722912971457,1.0,0.14719496729443446,0.319626040048829,0.18735259529846912,0.3458263973582674,0.12394263892752579,0.12394263892752579,0.0,0.1152641503138839,0.3681463533577478,0.2603429643159012,0.25624653201246705,0.0,0.0,1.0,0.14038127697814337,0.29591100745214854,0.20863567129397462,0.3550720442757333
210,0.04901694827211808,0.0,0.15098305172788193,115,152,0.0,0,1,210,0.14038127697814337,0.11666666666666667,0.29591100745214854,0.325,0.20863567129397462,0.18333333333333332,0.3550720442757333,0.375,0.24545332125387676,0.24545332125387676,0.0,0.08333333333333333,0.4166666666666667,0.3333333333333333,0.16666666666666666,0.12267270239885103,0.12267270239885103,1.0,0.05024545993065919,0.37393852947211087,0.1760987859426079,0.3997172246546221,0.14547197896123615,0.14547197896123615,0.0,0.06678939663199626,0.3953025980693888,0.2547160596379706,0.2831919456606444,0.0,0.0,1.0,0.14038127697814337,0.29591100745214854,0.20863567129397462,0.3550720442757333
211,0.04901694827211808,0.0,0.15098305172788193,108,156,0.0,0,0,210,0.14038127697814337,0.11666666666666667,0.29591100745214854,0.325,0.20863567129397462,0.18333333333333332,0.3550720442757333,0.375,0.24545332125387676,0.24545332125387676,0.0,0.08333333333333333,0.4166666666666667,0.3333333333333333,0.16666666666666666,0.12267270239885103,0.12267270239885103,1.0,0.05024545993065919,0.37393852947211087,0.1760987859426079,0.3997172246546221,0.14547197896123615,0.14547197896123615,0.0,0.06678939663199626,0.3953025980693888,0.2547160596379706,0.2831919456606444,0.0,0.0,1.0,0.14038127697814337,0.29591100745214854,0.20863567129397462,0.3550720442757333
212,0.04901694827211808,0.0,0.15098305172788193,105,156,0.0,0,0,210,0.14038127697814337,0.11666666666666667,0.29591100745214854,0.325,0.20863567129397462,0.18333333333333332,0.3550720442757333,0.375,0.24545332125387676,0.24545332125387676,0.0,0.08333333333333333,0.4166666666666667,0.3333333333333333,0.16666666666666666,0.12267270239885103,0.12267270239885103,1.0,0.05024545993065919,0.37393852947211087,0.1760987859426079,0.3997172246546221,0.14547197896123615,0.14547197896123615,0.0,0.06678939663199626,0.3953025980693888,0.2547160596379706,0.2831919456606444,0.0,0.0,1.0,0.14038127697814337,0.29591100745214854,0.20863567129397462,0.3550720442757333
213,0.04901694827211808,0.0,0.15098305172788193,108,156,0.0,0,0,210,0.14038127697814337,0.11666666666666667,0.29591100745214854,0.325,0.20863567129397462,0.18333333333333332,0.3550720442757333,0.375,0.24545332125387676,0.24545332125387676,0.0,0.08333333333333333,0.4166666666666667,0.3333333333333333,0.16666666666666666,0.12267270239885103,0.12267270239885103,1.0,0.05024545993065919,0.37393852947211087,0.1760987859426079,0.3997172246546221,0.14547197896123615,0.14547197896123615,0.0,0.06678939663199626,0.3953025980693888,0.2547160596379706,0.2831919456606444,0.0,0.0,1.0,0.14038127697814337,0.29591100745214854,0.20863567129397462,0.3550720442757333
214,0.04901694827211808,0.0,0.15098305172788193,131,158,0.0,0,0,210,0.14038127697814337,0.11666666666666667,0.29591100745214854,0.325,0.20863567129397462,0.18333333333333332,0.3550720442757333,0.375,0.24545332125387676,0.24545332125387676,0.0,0.08333333333333333,0.4166666666666667,0.3333333333333333,0.16666666666666666,0.12267270239885103,0.12267270239885103,1.0,0.05024545993065919,0.37393852947211087,0.1760987859426079,0.3997172246546221,0.14547197896123615,0.14547197896123615,0.0,0.06678939663199626,0.3953025980693888,0.2547160596379706,0.2831919456606444,0.0,0.0,1.0,0.14038127697814337,0.29591100745214854,0.20863567129397462,0.3550720442757333
215,0.04901694827211808,0.0,0.15098305172788193,112,160,0.0,0,0,210,0.14038127697814337,0.11666666666666667,0.29591100745214854,0.325,0.20863567129397462,0.18333333333333332,0.3550720442757333,0.375,0.24545332125387676,0.24545332125387676,0.0,0.08333333333333333,0.4166666666666667,0.3333333333333333,0.16666666666666666,0.12267270239885103,0.12267270239885103,1.0,0.05024545993065919,0.37393852947211087,0.1760987859426079,0.3997172246546221,0.14547197896123615,0.14547197896123615,0.0,0.06678939663199626,0.3953025980693888,0.2547160596379706,0.2831919456606444,0.0,0.0,1.0,0.14038127697814337,0.29591100745214854,0.20863567129397462,0.3550720442757333
216,0.04901694827211808,0.0,0.15098305172788193,104,161,0.0,0,0,210,0.14038127697814337,0.11666666666666667,0.29591100745214854,0.325,0.20863567129397462,0.18333333333333332,0.3550720442757333,0.375,0.24545332125387676,0.24545332125387676,0.0,0.08333333333333333,0.4166666666666667,0.3333333333333333,0.16666666666666666,0.12267270239885103,0.12267270239885103,1.0,0.05024545993065919,0.37393852947211087,0.1760987859426079,0.3997172246546221,0.14547197896123615,0.14547197896123615,0.0,0.06678939663199626,0.3953025980693888,0.2547160596379706,0.2831919456606444,0.0,0.0,1.0,0.14038127697814337,0.29591100745214854,0.20863567129397462,0.3550720442757333
217,0.04901694827211808,0.0,0.15098305172788193,105,164,0.0,0,0,210,0.14038127697814337,0.11666666666666667,0.29591100745214854,0.325,0.20863567129397462,0.18333333333333332,0.3550720442757333,0.375,0.24545332125387676,0.24545332125387676,0.0,0.08333333333333333,0.4166666666666667,0.3333333333333333,0.16666666666666666,0.12267270239885103,0.12267270239885103,1.0,0.05024545993065919,0.37393852947211087,0.1760987859426079,0.3997172246546221,0.14547197896123615,0.14547197896123615,0.0,0.06678939663199626,0.3953025980693888,0.2547160596379706,0.2831919456606444,0.0,0.0,1.0,0.14038127697814337,0.29591100745214854,0.20863567129397462,0.3550720442757333
218,0.04901694827211808,0.0,0.15098305172788193,112,163,0.0,0,0,210,0.14038127697814337,0.11666666666666667,0.29591100745214854,0.325,0.20863567129397462,0.18333333333333332,0.3550720442757333,0.375,0.24545332125387676,0.24545332125387676,0.0,0.08333333333333333,0.4166666666666667,0.3333333333333333,0.16666666666666666,0.12267270239885103,0.12267270239885103,1.0,0.05024545993065919,0.37393852947211087,0.1760987859426079,0.3997172246546221,0.14547197896123615,0.14547197896123615,0.0,0.06678939663199626,0.3953025980693888,0.2547160596379706,0.2831919456606444,0.0,0.0,1.0,0.14038127697814337,0.29591100745214854,0.20863567129397462,0.3550720442757333
219,0.04901694827211808,0.0,0.15098305172788193,106,164,0.0,0,0,210,0.14038127697814337,0.11666666666666667,0.29591100745214854,0.325,0.20863567129397462,0.18333333333333332,0.3550720442757333,0.375,0.24545332125387676,0.24545332125387676,0.0,0.08333333333333333,0.4166666666666667,0.3333333333333333,0.16666666666666666,0.12267270239885103,0.12267270239885103,1.0,0.05024545993065919,0.37393852947211087,0.1760987859426079,0.3997172246546221,0.14547197896123615,0.14547197896123615,0.0,0.06678939663199626,0.3953025980693888,0.2547160596379706,0.2831919456606444,0.0,0.0,1.0,0.14038127697814337,0.29591100745214854,0.20863567129397462,0.3550720442757333
220,0.04901694827211808,0.0,0.15098305172788193,101,163,0.0,0,1,220,0.14038127697814337,0.11666666666666667,0.29591100745214854,0.325,0.20863567129397462,0.18333333333333332,0.3550720442757333,0.375,0.24545332125387676,0.24545332125387676,0.0,0.08333333333333333,0.4166666666666667,0.3333333333333333,0.16666666666666666,0.0406294371980714,0.0406294371980714,1.0,0.10467018411791584,0.2909926631143048,0.23942453706768566,0.36491261570009376,0.13566192134487198,0.13566192134487198,0.0,0.09400175872562458,0.35382966489048573,0.2863789352005095,0.2657896411833802,0.0,0.0,1.0,0.14038127697814337,0.29591100745214854,0.20863567129397462,0.3550720442757333
221,0.04901694827211808,0.0,0.15098305172788193,118,161,0.0,0,0,220,0.14038127697814337,0.11666666666666667,0.29591100745214854,0.325,0.20863567129397462,0.18333333333333332,0.3550720442757333,0.375,0.24545332125387676,0.24545332125387676,0.0,0.08333333333333333,0.4166666666666667,0.3333333333333333,0.16666666666666666,0.0406294371980714,0.0406294371980714,1.0,0.10467018411791584,0.2909926631143048,0.23942453706768566,0.36491261570009376,0.13566192134487198,0.13566192134487198,0.0,0.09400175872562458,0.35382966489048573,0.2863789352005095,0.2657896411833802,0.0,0.0,1.0,0.14038127697814337,0.29591100745214854,0.20863567129397462,0.3550720442757333
222,0.04901694827211808,0.0,0.15098305172788193,117,164,0.0,0,0,220,0.14038127697814337,0.11666666666666667,0.29591100745214854,0.325,0.20863567129397462,0.18333333333333332,0.3550720442757333,0.375,0.24545332125387676,0.24545332125387676,0.0,0.08333333333333333,0.4166666666666667,0.3333333333333333,0.16666666666666666,0.0406294371980714,0.0406294371980714,1.0,0.10467018411791584,0.2909926631143048,0.23942453706768566,0.36491261570009376,0.13566192134487198,0.13566192134487198,0.0,0.09400175872562458,0.35382966489048573,0.2863789352005095,0.2657896411833802,0.0,0.0,1.0,0.14038127697814337,0.29591100745214854,0.20863567129397462,0.3550720442757333
223,0.04901694827211808,0.0,0.15098305172788193,114,166,0.0,0,0,220,0.14038127697814337,0.11666666666666667,0.29591100745214854,0.325,0.20863567129397462,0.18333333333333332,0.3550720442757333,0.375,0.24545332125387676,0.24545332125387676,0.0,0.08333333333333333,0.4166666666666667,0.3333333333333333,0.16666666666666666,0.0406294371980714,0.0406294371980714,1.0,0.10467018411791584,0.2909926631143048,0.23942453706768566,0.36491261570009376,0.13566192134487198,0.13566192134487198,0.0,0.09400175872562458,0.35382966489048573,0.2863789352005095,0.2657896411833802,0.0,0.0,1.0,0.14038127697814337,0.29591100745214854,0.20863567129397462,0.3550720442757333
224,0.04901694827211808,0.0,0.15098305172788193,106,166,0.0,0,0,220,0.14038127697814337,0.11666666666666667,0.29591100745214854,0.325,0.20863567129397462,0.18333333333333332,0.3550720442757333,0.375,0.24545332125387676,0.24545332125387676,0.0,0.08333333333333333,0.4166666666666667,0.3333333333333333,0.16666666666666666,0.0406294371980714,0.0406294371980714,1.0,0.10467018411791584,0.2909926631143048,0.23942453706768566,0.36491261570009376,0.13566192134487198,0.13566192134487198,0.0,0.09400175872562458,0.35382966489048573,0.2863789352005095,0.2657896411833802,0.0,0.0,1.0,0.14038127697814337,0.29591100745214854,0.20863567129397462,0.3550720442757333
225,0.04901694827211808,0.0,0.15098305172788193,103,167,0.0,0,0,220,0.14038127697814337,0.11666666666666667,0.29591100745214854,0.325,0.20863567129397462,0.18333333333333332,0.3550720442757333,0.375,0.24545332125387676,0.24545332125387676,0.0,0.08333333333333333,0.4166666666666667,0.3333333333333333,0.16666666666666666,0.0406294371980714,0.0406294371980714,1.0,0.10467018411791584,0.2909926631143048,0.23942453706768566,0.36491261570009376,0.13566192134487198,0.13566192134487198,0.0,0.09400175872562458,0.35382966489048573,0.2863789352005095,0.2657896411833802,0.0,0.0,1.0,0.14038127697814337,0.29591100745214854,0.20863567129397462,0.3550720442757333
226,0.04901694827211808,0.0,0.15098305172788193,108,166,0.0,0,0,220,0.14038127697814337,0.11666666666666667,0.29591100745214854,0.325,0.20863567129397462,0.18333333333333332,0.3550720442757333,0.375,0.24545332125387676,0.24545332125387676,0.0,0.08333333333333333,0.4166666666666667,0.3333333333333333,0.16666666666666666,0.0406294371980714,0.0406294371980714,1.0,0.10467018411791584,0.2909926631143048,0.23942453706768566,0.36491261570009376,0.13566192134487198,0.13566192134487198,0.0,0.09400175872562458,0.35382966489048573,0.2863789352005095,0.2657896411833802,0.0,0.0,1.0,0.14038127697814337,0.29591100745214854,0.20863567129397462,0.3550720442757333
227,0.04901694827211808,0.0,0.15098305172788193,108,169,0.0,0,0,220,0.14038127697814337,0.11666666666666667,0.29591100745214854,0.325,0.20863567129397462,0.18333333333333332,0.3550720442757333,0.375,0.24545332125387676,0.24545332125387676,0.0,0.08333333333333333,0.4166666666666667,0.3333333333333333,0.16666666666666666,0.0406294371980714,0.0406294371980714,1.0,0.10467018411791584,0.2909926631143048,0.23942453706768566,0.36491261570009376,0.13566192134487198,0.13566192134487198,0.0,0.09400175872562458,0.35382966489048573,0.2863789352005095,0.2657896411833802,0.0,0.0,1.0,0.14038127697814337,0.29591100745214854,0.20863567129397462,0.3550720442757333
228,0.04901694827211808,0.0,0.15098305172788193,108,167,0.0,0,0,220,0.14038127697814337,0.11666666666666667,0.29591100745214854,0.325,0.20863567129397462,0.18333333333333332,0.3550720442757333,0.375,0.24545332125387676,0.24545332125387676,0.0,0.08333333333333333,0.4166666666666667,0.3333333333333333,0.16666666666666666,0.0406294371980714,0.0406294371980714,1.0,0.10467018411791584,0.2909926631143048,0.23942453706768566,0.36491261570009376,0.13566192134487198,0.13566192134487198,0.0,0.09400175872562458,0.35382966489048573,0.2863789352005095,0.2657896411833802,0.0,0.0,1.0,0.14038127697814337,0.29591100745214854,0.20863567129397462,0.3550720442757333
229,0.04901694827211808,0.0,0.15098305172788193,90,166,0.0,0,0,220,0.14038127697814337,0.11666666666666667,0.29591100745214854,0.325,0.20863567129397462,0.18333333333333332,0.3550720442757333,0.375,0.24545332125387676,0.24545332125387676,0.0,0.08333333333333333,0.4166666666666667,0.3333333333333333,0.16666666666666666,0.0406294371980714,0.0406294371980714,1.0,0.10467018411791584,0.2909926631143048,0.23942453706768566,0.36491261570009376,0.13566192134487198,0.13566192134487198,0.0,0.09400175872562458,0.35382966489048573,0.2863789352005095,0.2657896411833802,0.0,0.0,1.0,0.14038127697814337,0.29591100745214854,0.20863567129397462,0.3550720442757333
230,0.04901694827211808,0.0,0.15098305172788193,106,168,0.0,0,1,230,0.14038127697814337,0.11666666666666667,0.29591100745214854,0.325,0.20863567129397462,0.18333333333333332,0.3550720442757333,0.375,0.24545332125387676,0.24545332125387676,0.0,0.08333333333333333,0.4166666666666667,0.3333333333333333,0.16666666666666666,0.10969925885706974,0.10969925885706974,1.0,0.21777188590999852,0.1862117485950789,0.22511168627459363,0.370904679220329,0.08628637133223556,0.08628637133223556,0.0,0.15055260962166592,0.3014392076308728,0.27922250980396346,0.2687856729434978,0.0,0.0,1.0,0.14038127697814337,0.29591100745214854,0.20863567129397462,0.3550720442757333
231,0.04901694827211808,0.0,0.15098305172788193,118,169,0.0,0,0,230,0.14038127697814337,0.11666666666666667,0.29591100745214854,0.325,0.20863567129397462,0.18333333333333332,0.3550720442757333,0.375,0.24545332125387676,0.24545332125387676,0.0,0.08333333333333333,0.4166666666666667,0.3333333333333333,0.16666666666666666,0.10969925885706974,0.10969925885706974,1.0,0.21777188590999852,0.1862117485950789,0.22511168627459363,0.370904679220329,0.08628637133223556,0.08628637133223556,0.0,0.15055260962166592,0.3014392076308728,0.27922250980396346,0.2687856729434978,0.0,0.0,1.0,0.14038127697814337,0.29591100745214854,0.20863567129397462,0.3550720442757333
232,0.04901694827211808,0.0,0.15098305172788193,108,171,0.0,0,0,230,0.14038127697814337,0.11666666666666667,0.29591100745214854,0.325,0.20863567129397462,0.18333333333333332,0.3550720442757333,0.375,0.24545332125387676,0.24545332125387676,0.0,0.08333333333333333,0.4166666666666667,0.3333333333333333,0.16666666666666666,0.10969925885706974,0.10969925885706974,1.0,0.21777188590999852,0.1862117485950789,0.22511168627459363,0.370904679220329,0.08628637133223556,0.08628637133223556,0.0,0.15055260962166592,0.3014392076308728,0.27922250980396346,0.2687856729434978,0.0,0.0,1.0,0.14038127697814337,0.29591100745214854,0.20863567129397462,0.3550720442757333
233,0.04901694827211808,0.0,0.15098305172788193,109,170,0.0,0,0,230,0.14038127697814337,0.11666666666666667,0.29591100745214854,0.325,0.20863567129397462,0.18333333333333332,0.3550720442757333,0.375,0.24545332125387676,0.24545332125387676,0.0,0.08333333333333333,0.4166666666666667,0.3333333333333333,0.16666666666666666,0.10969925885706974,0.10969925885706974,1.0,0.21777188590999852,0.1862117485950789,0.22511168627459363,0.370904679220329,0.08628637133223556,0.08628637133223556,0.0,0.15055260962166592,0.3014392076308728,0.27922250980396346,0.2687856729434978,0.0,0.0,1.0,0.14038127697814337,0.29591100745214854,0.20863567129397462,0.3550720442757333
234,0.04901694827211808,0.0,0.15098305172788193,115,168,0.0,0,0,230,0.14038127697814337,0.11666666666666667,0.29591100745214854,0.325,0.20863567129397462,0.18333333333333332,0.3550720442757333,0.375,0.24545332125387676,0.24545332125387676,0.0,0.08333333333333333,0.4166666666666667,0.3333333333333333,0.16666666666666666,0.10969925885706974,0.10969925885706974,1.0,0.21777188590999852,0.1862117485950789,0.22511168627459363,0.370904679220329,0.08628637133223556,0.08628637133223556,0.0,0.15055260962166592,0.3014392076308728,0.27922250980396346,0.2687856729434978,0.0,0.0,1.0,0.14038127697814337,0.29591100745214854,0.20863567129397462,0.3550720442757333
235,0.04901694827211808,0.0,0.15098305172788193,100,168,0.0,0,0,230,0.14038127697814337,0.11666666666666667,0.29591100745214854,0.325,0.20863567129397462,0.18333333333333332,0.3550720442757333,0.375,0.24545332125387676,0.24545332125387676,0.0,0.08333333333333333,0.4166666666666667,0.3333333333333333,0.16666666666666666,0.10969925885706974,0.10969925885706974,1.0,0.21777188590999852,0.1862117485950789,0.22511168627459363,0.370904679220329,0.08628637133223556,0.08628637133223556,0.0,0.15055260962166592,0.3014392076308728,0.27922250980396346,0.2687856729434978,0.0,0.0,1.0,0.14038127697814337,0.29591100745214854,0.20863567129397462,0.3550720442757333
236,0.04901694827211808,0.0,0.15098305172788193,127,169,0.0,0,0,230,0.14038127697814337,0.11666666666666667,0.29591100745214854,0.325,0.20863567129397462,0.18333333333333332,0.3550720442757333,0.375,0.24545332125387676,0.24545332125387676,0.0,0.08333333333333333,0.4166666666666667,0.3333333333333333,0.16666666666666666,0.10969925885706974,0.10969925885706974,1.0,0.21777188590999852,0.1862117485950789,0.22511168627459363,0.370904679220329,0.08628637133223556,0.08628637133223556,0.0,0.15055260962166592,0.3014392076308728,0.27922250980396346,0.2687856729434978,0.0,0.0,1.0,0.14038127697814337,0.29591100745214854,0.20863567129397462,0.3550720442757333
237,0.04901694827211808,0.0,0.15098305172788193,101,169,0.0,0,0,230,0.14038127697814337,0.11666666666666667,0.29591100745214854,0.325,0.20863567129397462,0.18333333333333332,0.3550720442757333,0.375,0.24545332125387676,0.24545332125387676,0.0,0.08333333333333333,0.4166666666666667,0.3333333333333333,0.16666666666666666,0.10969925885706974,0.10969925885706974,1.0,0.21777188590999852,0.1862117485950789,0.22511168627459363,0.370904679220329,0.08628637133223556,0.08628637133223556,0.0,0.15055260962166592,0.3014392076308728,0.27922250980396346,0.2687856729434978,0.0,0.0,1.0,0.14038127697814337,0.29591100745214854,0.20863567129397462,0.3550720442757333
238,0.04901694827211808,0.0,0.15098305172788193,120,169,0.0,0,0,230,0.14038127697814337,0.11666666666666667,0.29591100745214854,0.325,0.20863567129397462,0.18333333333333332,0.3550720442757333,0.375,0.24545332125387676,0.24545332125387676,0.0,0.08333333333333333,0.4166666666666667,0.3333333333333333,0.16666666666666666,0.10969925885706974,0.10969925885706974,1.0,0.21777188590999852,0.1862117485950789,0.22511168627459363,0.370904679220329,0.08628637133223556,0.08628637133223556,0.0,0.15055260962166592,0.3014392076308728,0.27922250980396346,0.2687856729434978,0.0,0.0,1.0,0.14038127697814337,0.29591100745214854,0.20863567129397462,0.3550720442757333
239,0.04901694827211808,0.0,0.15098305172788193,104,170,0.0,0,0,230,0.14038127697814337,0.11666666666666667,0.29591100745214854,0.325,0.20863567129397462,0.18333333333333332,0.3550720442757333,0.375,0.24545332125387676,0.24545332125387676,0.0,0.08333333333333333,0.4166666666666667,0.3333333333333333,0.16666666666666666,0.10969925885706974,0.10969925885706974,1.0,0.21777188590999852,0.1862117485950789,0.22511168627459363,0.370904679220329,0.08628637133223556,0.08628637133223556,0.0,0.15055260962166592,0.3014392076308728,0.27922250980396346,0.2687856729434978,0.0,0.0,1.0,0.14038127697814337,0.29591100745214854,0.20863567129397462,0.3550720442757333
