step,attention_error,preference_change,uniform_prior_error,interactions,pool_size,official_exposure_share,official_arrivals,observation_updated,last_observed_at,truth_0,attention_0,truth_1,attention_1,truth_2,attention_2,truth_3,attention_3,error_platform,initial_error_platform,top_accuracy_platform,estimate_platform_0,estimate_platform_1,estimate_platform_2,estimate_platform_3,error_survey,initial_error_survey,top_accuracy_survey,estimate_survey_0,estimate_survey_1,estimate_survey_2,estimate_survey_3,error_fused,initial_error_fused,top_accuracy_fused,estimate_fused_0,estimate_fused_1,estimate_fused_2,estimate_fused_3,error_oracle,initial_error_oracle,top_accuracy_oracle,estimate_oracle_0,estimate_oracle_1,estimate_oracle_2,estimate_oracle_3
0,0.04367318644232544,0.0,0.18424888056067512,91,28,0.0,0,1,0,0.32299348022434127,0.36666666666666664,0.32258046170509397,0.2916666666666667,0.28867493863123994,0.2833333333333333,0.06575111943932495,0.058333333333333334,0.07299348022434118,0.07299348022434118,0.0,0.25,0.3333333333333333,0.3333333333333333,0.08333333333333333,0.08037531100093456,0.08037531100093456,0.0,0.2880885674155019,0.3254006094683661,0.3662301018689023,0.020280721247229693,0.0678932886656337,0.0678932886656337,0.0,0.2690442837077509,0.3293669714008497,0.3497817176011178,0.05180702729028151,0.0,0.0,1.0,0.32299348022434127,0.32258046170509397,0.28867493863123994,0.06575111943932495
1,0.1910927247372315,0.0,0.18424888056067512,95,31,0.0,0,0,0,0.32299348022434127,0.41333333333333333,0.32258046170509397,0.42333333333333334,0.28867493863123994,0.13833333333333334,0.06575111943932495,0.025,0.07299348022434118,0.07299348022434118,0.0,0.25,0.3333333333333333,0.3333333333333333,0.08333333333333333,0.08037531100093456,0.08037531100093456,0.0,0.2880885674155019,0.3254006094683661,0.3662301018689023,0.020280721247229693,0.0678932886656337,0.0678932886656337,0.0,0.2690442837077509,0.3293669714008497,0.3497817176011178,0.05180702729028151,0.0,0.0,1.0,0.32299348022434127,0.32258046170509397,0.28867493863123994,0.06575111943932495
2,0.17942605807056483,0.0,0.18424888056067512,104,31,0.0,0,0,0,0.32299348022434127,0.385,0.32258046170509397,0.44,0.28867493863123994,0.15166666666666667,0.06575111943932495,0.023333333333333334,0.07299348022434118,0.07299348022434118,0.0,0.25,0.3333333333333333,0.3333333333333333,0.08333333333333333,0.08037531100093456,0.08037531100093456,0.0,0.2880885674155019,0.3254006094683661,0.3662301018689023,0.020280721247229693,0.0678932886656337,0.0678932886656337,0.0,0.2690442837077509,0.3293669714008497,0.3497817176011178,0.05180702729028151,0.0,0.0,1.0,0.32299348022434127,0.32258046170509397,0.28867493863123994,0.06575111943932495
3,0.19275939140389814,0.0,0.18424888056067512,107,31,0.0,0,0,0,0.32299348022434127,0.38,0.32258046170509397,0.4583333333333333,0.28867493863123994,0.14166666666666666,0.06575111943932495,0.02,0.07299348022434118,0.07299348022434118,0.0,0.25,0.3333333333333333,0.3333333333333333,0.08333333333333333,0.08037531100093456,0.08037531100093456,0.0,0.2880885674155019,0.3254006094683661,0.3662301018689023,0.020280721247229693,0.0678932886656337,0.0678932886656337,0.0,0.2690442837077509,0.3293669714008497,0.3497817176011178,0.05180702729028151,0.0,0.0,1.0,0.32299348022434127,0.32258046170509397,0.28867493863123994,0.06575111943932495
4,0.1877593914038982,0.0,0.18424888056067512,125,31,0.0,0,0,0,0.32299348022434127,0.37333333333333335,0.32258046170509397,0.46,0.28867493863123994,0.14666666666666667,0.06575111943932495,0.02,0.07299348022434118,0.07299348022434118,0.0,0.25,0.3333333333333333,0.3333333333333333,0.08333333333333333,0.08037531100093456,0.08037531100093456,0.0,0.2880885674155019,0.3254006094683661,0.3662301018689023,0.020280721247229693,0.0678932886656337,0.0678932886656337,0.0,0.2690442837077509,0.3293669714008497,0.3497817176011178,0.05180702729028151,0.0,0.0,1.0,0.32299348022434127,0.32258046170509397,0.28867493863123994,0.06575111943932495
5,0.18275939140389819,0.0,0.18424888056067512,95,31,0.0,0,0,0,0.32299348022434127,0.37833333333333335,0.32258046170509397,0.45,0.28867493863123994,0.15166666666666667,0.06575111943932495,0.02,0.07299348022434118,0.07299348022434118,0.0,0.25,0.3333333333333333,0.3333333333333333,0.08333333333333333,0.08037531100093456,0.08037531100093456,0.0,0.2880885674155019,0.3254006094683661,0.3662301018689023,0.020280721247229693,0.0678932886656337,0.0678932886656337,0.0,0.2690442837077509,0.3293669714008497,0.3497817176011178,0.05180702729028151,0.0,0.0,1.0,0.32299348022434127,0.32258046170509397,0.28867493863123994,0.06575111943932495
6,0.17442605807056483,0.0,0.18424888056067512,98,31,0.0,0,0,0,0.32299348022434127,0.36666666666666664,0.32258046170509397,0.4533333333333333,0.28867493863123994,0.16,0.06575111943932495,0.02,0.07299348022434118,0.07299348022434118,0.0,0.25,0.3333333333333333,0.3333333333333333,0.08333333333333333,0.08037531100093456,0.08037531100093456,0.0,0.2880885674155019,0.3254006094683661,0.3662301018689023,0.020280721247229693,0.0678932886656337,0.0678932886656337,0.0,0.2690442837077509,0.3293669714008497,0.3497817176011178,0.05180702729028151,0.0,0.0,1.0,0.32299348022434127,0.32258046170509397,0.28867493863123994,0.06575111943932495
7,0.17942605807056483,0.0,0.18424888056067512,108,31,0.0,0,0,0,0.32299348022434127,0.37333333333333335,0.32258046170509397,0.45166666666666666,0.28867493863123994,0.155,0.06575111943932495,0.02,0.07299348022434118,0.07299348022434118,0.0,0.25,0.3333333333333333,0.3333333333333333,0.08333333333333333,0.08037531100093456,0.08037531100093456,0.0,0.2880885674155019,0.3254006094683661,0.3662301018689023,0.020280721247229693,0.0678932886656337,0.0678932886656337,0.0,0.2690442837077509,0.3293669714008497,0.3497817176011178,0.05180702729028151,0.0,0.0,1.0,0.32299348022434127,0.32258046170509397,0.28867493863123994,0.06575111943932495
8,0.17442605807056483,0.0,0.18424888056067512,112,31,0.0,0,0,0,0.32299348022434127,0.38,0.32258046170509397,0.44,0.28867493863123994,0.16,0.06575111943932495,0.02,0.07299348022434118,0.07299348022434118,0.0,0.25,0.3333333333333333,0.3333333333333333,0.08333333333333333,0.08037531100093456,0.08037531100093456,0.0,0.2880885674155019,0.3254006094683661,0.3662301018689023,0.020280721247229693,0.0678932886656337,0.0678932886656337,0.0,0.2690442837077509,0.3293669714008497,0.3497817176011178,0.05180702729028151,0.0,0.0,1.0,0.32299348022434127,0.32258046170509397,0.28867493863123994,0.06575111943932495
9,0.16775939140389817,0.0,0.18424888056067512,101,31,0.0,0,0,0,0.32299348022434127,0.38166666666666665,0.32258046170509397,0.43166666666666664,0.28867493863123994,0.16666666666666666,0.06575111943932495,0.02,0.07299348022434118,0.07299348022434118,0.0,0.25,0.3333333333333333,0.3333333333333333,0.08333333333333333,0.08037531100093456,0.08037531100093456,0.0,0.2880885674155019,0.3254006094683661,0.3662301018689023,0.020280721247229693,0.0678932886656337,0.0678932886656337,0.0,0.2690442837077509,0.3293669714008497,0.3497817176011178,0.05180702729028151,0.0,0.0,1.0,0.32299348022434127,0.32258046170509397,0.28867493863123994,0.06575111943932495
10,0.16942605807056482,0.0,0.18424888056067512,119,31,0.0,0,1,10,0.32299348022434127,0.38166666666666665,0.32258046170509397,0.43333333333333335,0.28867493863123994,0.165,0.06575111943932495,0.02,0.11226802314339093,0.11226802314339093,0.0,0.296969696969697,0.4348484848484849,0.2606060606060606,0.007575757575757576,0.07438379784473487,0.07438379784473487,0.0,0.2584795800189234,0.3504194863200334,0.33521971186103533,0.05588122180000788,0.07929147148147322,0.07929147148147322,0.0,0.27772463849431017,0.3926339855842591,0.29791288623354795,0.03172848968788273,0.0,0.0,1.0,0.32299348022434127,0.32258046170509397,0.28867493863123994,0.06575111943932495
11,0.16775939140389817,0.0,0.18424888056067512,105,31,0.0,0,0,10,0.32299348022434127,0.38,0.32258046170509397,0.43333333333333335,0.28867493863123994,0.16666666666666666,0.06575111943932495,0.02,0.11226802314339093,0.11226802314339093,0.0,0.296969696969697,0.4348484848484849,0.2606060606060606,0.007575757575757576,0.07438379784473487,0.07438379784473487,0.0,0.2584795800189234,0.3504194863200334,0.33521971186103533,0.05588122180000788,0.07929147148147322,0.07929147148147322,0.0,0.27772463849431017,0.3926339855842591,0.29791288623354795,0.03172848968788273,0.0,0.0,1.0,0.32299348022434127,0.32258046170509397,0.28867493863123994,0.06575111943932495
12,0.16775939140389817,0.0,0.18424888056067512,118,31,0.0,0,0,10,0.32299348022434127,0.385,0.32258046170509397,0.42833333333333334,0.28867493863123994,0.16666666666666666,0.06575111943932495,0.02,0.11226802314339093,0.11226802314339093,0.0,0.296969696969697,0.4348484848484849,0.2606060606060606,0.007575757575757576,0.07438379784473487,0.07438379784473487,0.0,0.2584795800189234,0.3504194863200334,0.33521971186103533,0.05588122180000788,0.07929147148147322,0.07929147148147322,0.0,0.27772463849431017,0.3926339855842591,0.29791288623354795,0.03172848968788273,0.0,0.0,1.0,0.32299348022434127,0.32258046170509397,0.28867493863123994,0.06575111943932495
13,0.1594260580705648,0.0,0.18424888056067512,116,31,0.0,0,0,10,0.32299348022434127,0.38,0.32258046170509397,0.425,0.28867493863123994,0.175,0.06575111943932495,0.02,0.11226802314339093,0.11226802314339093,0.0,0.296969696969697,0.4348484848484849,0.2606060606060606,0.007575757575757576,0.07438379784473487,0.07438379784473487,0.0,0.2584795800189234,0.3504194863200334,0.33521971186103533,0.05588122180000788,0.07929147148147322,0.07929147148147322,0.0,0.27772463849431017,0.3926339855842591,0.29791288623354795,0.03172848968788273,0.0,0.0,1.0,0.32299348022434127,0.32258046170509397,0.28867493863123994,0.06575111943932495
14,0.15775939140389816,0.0,0.18424888056067512,106,31,0.0,0,0,10,0.32299348022434127,0.38,0.32258046170509397,0.42333333333333334,0.28867493863123994,0.17666666666666667,0.06575111943932495,0.02,0.11226802314339093,0.11226802314339093,0.0,0.296969696969697,0.4348484848484849,0.2606060606060606,0.007575757575757576,0.07438379784473487,0.07438379784473487,0.0,0.2584795800189234,0.3504194863200334,0.33521971186103533,0.05588122180000788,0.07929147148147322,0.07929147148147322,0.0,0.27772463849431017,0.3926339855842591,0.29791288623354795,0.03172848968788273,0.0,0.0,1.0,0.32299348022434127,0.32258046170509397,0.28867493863123994,0.06575111943932495
15,0.15609272473723151,0.0,0.18424888056067512,112,31,0.0,0,0,10,0.32299348022434127,0.37833333333333335,0.32258046170509397,0.42333333333333334,0.28867493863123994,0.17833333333333334,0.06575111943932495,0.02,0.11226802314339093,0.11226802314339093,0.0,0.296969696969697,0.4348484848484849,0.2606060606060606,0.007575757575757576,0.07438379784473487,0.07438379784473487,0.0,0.2584795800189234,0.3504194863200334,0.33521971186103533,0.05588122180000788,0.07929147148147322,0.07929147148147322,0.0,0.27772463849431017,0.3926339855842591,0.29791288623354795,0.03172848968788273,0.0,0.0,1.0,0.32299348022434127,0.32258046170509397,0.28867493863123994,0.06575111943932495
16,0.15275939140389816,0.0,0.18424888056067512,113,31,0.0,0,0,10,0.32299348022434127,0.38333333333333336,0.32258046170509397,0.415,0.28867493863123994,0.18166666666666667,0.06575111943932495,0.02,0.11226802314339093,0.11226802314339093,0.0,0.296969696969697,0.4348484848484849,0.2606060606060606,0.007575757575757576,0.07438379784473487,0.07438379784473487,0.0,0.2584795800189234,0.3504194863200334,0.33521971186103533,0.05588122180000788,0.07929147148147322,0.07929147148147322,0.0,0.27772463849431017,0.3926339855842591,0.29791288623354795,0.03172848968788273,0.0,0.0,1.0,0.32299348022434127,0.32258046170509397,0.28867493863123994,0.06575111943932495
17,0.15275939140389816,0.0,0.18424888056067512,116,31,0.0,0,0,10,0.32299348022434127,0.37833333333333335,0.32258046170509397,0.42,0.28867493863123994,0.18166666666666667,0.06575111943932495,0.02,0.11226802314339093,0.11226802314339093,0.0,0.296969696969697,0.4348484848484849,0.2606060606060606,0.007575757575757576,0.07438379784473487,0.07438379784473487,0.0,0.2584795800189234,0.3504194863200334,0.33521971186103533,0.05588122180000788,0.07929147148147322,0.07929147148147322,0.0,0.27772463849431017,0.3926339855842591,0.29791288623354795,0.03172848968788273,0.0,0.0,1.0,0.32299348022434127,0.32258046170509397,0.28867493863123994,0.06575111943932495
18,0.15275939140389816,0.0,0.18424888056067512,119,31,0.0,0,0,10,0.32299348022434127,0.37333333333333335,0.32258046170509397,0.425,0.28867493863123994,0.18166666666666667,0.06575111943932495,0.02,0.11226802314339093,0.11226802314339093,0.0,0.296969696969697,0.4348484848484849,0.2606060606060606,0.007575757575757576,0.07438379784473487,0.07438379784473487,0.0,0.2584795800189234,0.3504194863200334,0.33521971186103533,0.05588122180000788,0.07929147148147322,0.07929147148147322,0.0,0.27772463849431017,0.3926339855842591,0.29791288623354795,0.03172848968788273,0.0,0.0,1.0,0.32299348022434127,0.32258046170509397,0.28867493863123994,0.06575111943932495
19,0.1510927247372315,0.0,0.18424888056067512,122,31,0.0,0,0,10,0.32299348022434127,0.37666666666666665,0.32258046170509397,0.42,0.28867493863123994,0.18333333333333332,0.06575111943932495,0.02,0.11226802314339093,0.11226802314339093,0.0,0.296969696969697,0.4348484848484849,0.2606060606060606,0.007575757575757576,0.07438379784473487,0.07438379784473487,0.0,0.2584795800189234,0.3504194863200334,0.33521971186103533,0.05588122180000788,0.07929147148147322,0.07929147148147322,0.0,0.27772463849431017,0.3926339855842591,0.29791288623354795,0.03172848968788273,0.0,0.0,1.0,0.32299348022434127,0.32258046170509397,0.28867493863123994,0.06575111943932495
20,0.14942605807056486,0.0,0.18424888056067512,117,31,0.0,0,1,20,0.32299348022434127,0.37833333333333335,0.32258046170509397,0.4166666666666667,0.28867493863123994,0.185,0.06575111943932495,0.02,0.10575287162823943,0.10575287162823943,0.0,0.30583333333333335,0.42833333333333334,0.2658333333333333,0.0,0.07961180323007,0.07961180323007,1.0,0.38073042720148353,0.25820069368236004,0.31054979488416756,0.050519084231988774,0.04097495184581999,0.04097495184581999,1.0,0.34328188026740847,0.3432670135078467,0.28819156410875046,0.025259542115994387,0.0,0.0,1.0,0.32299348022434127,0.32258046170509397,0.28867493863123994,0.06575111943932495
21,0.14609272473723148,0.0,0.18424888056067512,102,31,0.0,0,0,20,0.32299348022434127,0.37666666666666665,0.32258046170509397,0.415,0.28867493863123994,0.18833333333333332,0.06575111943932495,0.02,0.10575287162823943,0.10575287162823943,0.0,0.30583333333333335,0.42833333333333334,0.2658333333333333,0.0,0.07961180323007,0.07961180323007,1.0,0.38073042720148353,0.25820069368236004,0.31054979488416756,0.050519084231988774,0.04097495184581999,0.04097495184581999,1.0,0.34328188026740847,0.3432670135078467,0.28819156410875046,0.025259542115994387,0.0,0.0,1.0,0.32299348022434127,0.32258046170509397,0.28867493863123994,0.06575111943932495
22,0.14775939140389815,0.0,0.18424888056067512,124,31,0.0,0,0,20,0.32299348022434127,0.38,0.32258046170509397,0.41333333333333333,0.28867493863123994,0.18666666666666668,0.06575111943932495,0.02,0.10575287162823943,0.10575287162823943,0.0,0.30583333333333335,0.42833333333333334,0.2658333333333333,0.0,0.07961180323007,0.07961180323007,1.0,0.38073042720148353,0.25820069368236004,0.31054979488416756,0.050519084231988774,0.04097495184581999,0.04097495184581999,1.0,0.34328188026740847,0.3432670135078467,0.28819156410875046,0.025259542115994387,0.0,0.0,1.0,0.32299348022434127,0.32258046170509397,0.28867493863123994,0.06575111943932495
23,0.1460927247372315,0.0,0.18424888056067512,128,31,0.0,0,0,20,0.32299348022434127,0.37833333333333335,0.32258046170509397,0.41333333333333333,0.28867493863123994,0.18833333333333332,0.06575111943932495,0.02,0.10575287162823943,0.10575287162823943,0.0,0.30583333333333335,0.42833333333333334,0.2658333333333333,0.0,0.07961180323007,0.07961180323007,1.0,0.38073042720148353,0.25820069368236004,0.31054979488416756,0.050519084231988774,0.04097495184581999,0.04097495184581999,1.0,0.34328188026740847,0.3432670135078467,0.28819156410875046,0.025259542115994387,0.0,0.0,1.0,0.32299348022434127,0.32258046170509397,0.28867493863123994,0.06575111943932495
24,0.14442605807056486,0.0,0.18424888056067512,93,31,0.0,0,0,20,0.32299348022434127,0.37833333333333335,0.32258046170509397,0.4116666666666667,0.28867493863123994,0.19,0.06575111943932495,0.02,0.10575287162823943,0.10575287162823943,0.0,0.30583333333333335,0.42833333333333334,0.2658333333333333,0.0,0.07961180323007,0.07961180323007,1.0,0.38073042720148353,0.25820069368236004,0.31054979488416756,0.050519084231988774,0.04097495184581999,0.04097495184581999,1.0,0.34328188026740847,0.3432670135078467,0.28819156410875046,0.025259542115994387,0.0,0.0,1.0,0.32299348022434127,0.32258046170509397,0.28867493863123994,0.06575111943932495
25,0.1444260580705648,0.0,0.18424888056067512,96,31,0.0,0,0,20,0.32299348022434127,0.375,0.32258046170509397,0.415,0.28867493863123994,0.19,0.06575111943932495,0.02,0.10575287162823943,0.10575287162823943,0.0,0.30583333333333335,0.42833333333333334,0.2658333333333333,0.0,0.07961180323007,0.07961180323007,1.0,0.38073042720148353,0.25820069368236004,0.31054979488416756,0.050519084231988774,0.04097495184581999,0.04097495184581999,1.0,0.34328188026740847,0.3432670135078467,0.28819156410875046,0.025259542115994387,0.0,0.0,1.0,0.32299348022434127,0.32258046170509397,0.28867493863123994,0.06575111943932495
26,0.1444260580705648,0.0,0.18424888056067512,120,31,0.0,0,0,20,0.32299348022434127,0.37666666666666665,0.32258046170509397,0.41333333333333333,0.28867493863123994,0.19,0.06575111943932495,0.02,0.10575287162823943,0.10575287162823943,0.0,0.30583333333333335,0.42833333333333334,0.2658333333333333,0.0,0.07961180323007,0.07961180323007,1.0,0.38073042720148353,0.25820069368236004,0.31054979488416756,0.050519084231988774,0.04097495184581999,0.04097495184581999,1.0,0.34328188026740847,0.3432670135078467,0.28819156410875046,0.025259542115994387,0.0,0.0,1.0,0.32299348022434127,0.32258046170509397,0.28867493863123994,0.06575111943932495
27,0.14109272473723147,0.0,0.18424888056067512,99,31,0.0,0,0,20,0.32299348022434127,0.37666666666666665,0.32258046170509397,0.41,0.28867493863123994,0.19333333333333333,0.06575111943932495,0.02,0.10575287162823943,0.10575287162823943,0.0,0.30583333333333335,0.42833333333333334,0.2658333333333333,0.0,0.07961180323007,0.07961180323007,1.0,0.38073042720148353,0.25820069368236004,0.31054979488416756,0.050519084231988774,0.04097495184581999,0.04097495184581999,1.0,0.34328188026740847,0.3432670135078467,0.28819156410875046,0.025259542115994387,0.0,0.0,1.0,0.32299348022434127,0.32258046170509397,0.28867493863123994,0.06575111943932495
28,0.1410927247372315,0.0,0.18424888056067512,109,31,0.0,0,0,20,0.32299348022434127,0.38,0.32258046170509397,0.4066666666666667,0.28867493863123994,0.19333333333333333,0.06575111943932495,0.02,0.10575287162823943,0.10575287162823943,0.0,0.30583333333333335,0.42833333333333334,0.2658333333333333,0.0,0.07961180323007,0.07961180323007,1.0,0.38073042720148353,0.25820069368236004,0.31054979488416756,0.050519084231988774,0.04097495184581999,0.04097495184581999,1.0,0.34328188026740847,0.3432670135078467,0.28819156410875046,0.025259542115994387,0.0,0.0,1.0,0.32299348022434127,0.32258046170509397,0.28867493863123994,0.06575111943932495
29,0.1444260580705648,0.0,0.18424888056067512,102,31,0.0,0,0,20,0.32299348022434127,0.38,0.32258046170509397,0.41,0.28867493863123994,0.19,0.06575111943932495,0.02,0.10575287162823943,0.10575287162823943,0.0,0.30583333333333335,0.42833333333333334,0.2658333333333333,0.0,0.07961180323007,0.07961180323007,1.0,0.38073042720148353,0.25820069368236004,0.31054979488416756,0.050519084231988774,0.04097495184581999,0.04097495184581999,1.0,0.34328188026740847,0.3432670135078467,0.28819156410875046,0.025259542115994387,0.0,0.0,1.0,0.32299348022434127,0.32258046170509397,0.28867493863123994,0.06575111943932495
30,0.1410927247372315,0.0,0.18424888056067512,119,31,0.0,0,1,30,0.32299348022434127,0.38,0.32258046170509397,0.4066666666666667,0.28867493863123994,0.19333333333333333,0.06575111943932495,0.02,0.0879112663303328,0.0879112663303328,0.0,0.30083333333333334,0.40166666666666667,0.2975,0.0,0.10061017310588741,0.10061017310588741,0.0,0.2223833071184538,0.34097872888314756,0.35570079916554437,0.08093716483285428,0.08666769702134546,0.08666769702134546,0.0,0.2616083202258936,0.3713226977749071,0.3266003995827722,0.04046858241642714,0.0,0.0,1.0,0.32299348022434127,0.32258046170509397,0.28867493863123994,0.06575111943932495
31,0.13775939140389815,0.0,0.18424888056067512,118,31,0.0,0,0,30,0.32299348022434127,0.38166666666666665,0.32258046170509397,0.40166666666666667,0.28867493863123994,0.19666666666666666,0.06575111943932495,0.02,0.0879112663303328,0.0879112663303328,0.0,0.30083333333333334,0.40166666666666667,0.2975,0.0,0.10061017310588741,0.10061017310588741,0.0,0.2223833071184538,0.34097872888314756,0.35570079916554437,0.08093716483285428,0.08666769702134546,0.08666769702134546,0.0,0.2616083202258936,0.3713226977749071,0.3266003995827722,0.04046858241642714,0.0,0.0,1.0,0.32299348022434127,0.32258046170509397,0.28867493863123994,0.06575111943932495
32,0.1360927247372315,0.0,0.18424888056067512,128,31,0.0,0,0,30,0.32299348022434127,0.385,0.32258046170509397,0.39666666666666667,0.28867493863123994,0.19833333333333333,0.06575111943932495,0.02,0.0879112663303328,0.0879112663303328,0.0,0.30083333333333334,0.40166666666666667,0.2975,0.0,0.10061017310588741,0.10061017310588741,0.0,0.2223833071184538,0.34097872888314756,0.35570079916554437,0.08093716483285428,0.08666769702134546,0.08666769702134546,0.0,0.2616083202258936,0.3713226977749071,0.3266003995827722,0.04046858241642714,0.0,0.0,1.0,0.32299348022434127,0.32258046170509397,0.28867493863123994,0.06575111943932495
33,0.13442605807056485,0.0,0.18424888056067512,114,31,0.0,0,0,30,0.32299348022434127,0.385,0.32258046170509397,0.395,0.28867493863123994,0.2,0.06575111943932495,0.02,0.0879112663303328,0.0879112663303328,0.0,0.30083333333333334,0.40166666666666667,0.2975,0.0,0.10061017310588741,0.10061017310588741,0.0,0.2223833071184538,0.34097872888314756,0.35570079916554437,0.08093716483285428,0.08666769702134546,0.08666769702134546,0.0,0.2616083202258936,0.3713226977749071,0.3266003995827722,0.04046858241642714,0.0,0.0,1.0,0.32299348022434127,0.32258046170509397,0.28867493863123994,0.06575111943932495
34,0.13275939140389814,0.0,0.18424888056067512,106,31,0.0,0,0,30,0.32299348022434127,0.38666666666666666,0.32258046170509397,0.39166666666666666,0.28867493863123994,0.20166666666666666,0.06575111943932495,0.02,0.0879112663303328,0.0879112663303328,0.0,0.30083333333333334,0.40166666666666667,0.2975,0.0,0.10061017310588741,0.10061017310588741,0.0,0.2223833071184538,0.34097872888314756,0.35570079916554437,0.08093716483285428,0.08666769702134546,0.08666769702134546,0.0,0.2616083202258936,0.3713226977749071,0.3266003995827722,0.04046858241642714,0.0,0.0,1.0,0.32299348022434127,0.32258046170509397,0.28867493863123994,0.06575111943932495
35,0.1310927247372315,0.0,0.18424888056067512,123,31,0.0,0,0,30,0.32299348022434127,0.39,0.32258046170509397,0.38666666666666666,0.28867493863123994,0.20333333333333334,0.06575111943932495,0.02,0.0879112663303328,0.0879112663303328,0.0,0.30083333333333334,0.40166666666666667,0.2975,0.0,0.10061017310588741,0.10061017310588741,0.0,0.2223833071184538,0.34097872888314756,0.35570079916554437,0.08093716483285428,0.08666769702134546,0.08666769702134546,0.0,0.2616083202258936,0.3713226977749071,0.3266003995827722,0.04046858241642714,0.0,0.0,1.0,0.32299348022434127,0.32258046170509397,0.28867493863123994,0.06575111943932495
36,0.12942605807056484,0.0,0.18424888056067512,106,31,0.0,0,0,30,0.32299348022434127,0.385,0.32258046170509397,0.39,0.28867493863123994,0.205,0.06575111943932495,0.02,0.0879112663303328,0.0879112663303328,0.0,0.30083333333333334,0.40166666666666667,0.2975,0.0,0.10061017310588741,0.10061017310588741,0.0,0.2223833071184538,0.34097872888314756,0.35570079916554437,0.08093716483285428,0.08666769702134546,0.08666769702134546,0.0,0.2616083202258936,0.3713226977749071,0.3266003995827722,0.04046858241642714,0.0,0.0,1.0,0.32299348022434127,0.32258046170509397,0.28867493863123994,0.06575111943932495
37,0.1327593914038982,0.0,0.18424888056067512,117,31,0.0,0,0,30,0.32299348022434127,0.38333333333333336,0.32258046170509397,0.395,0.28867493863123994,0.20166666666666666,0.06575111943932495,0.02,0.0879112663303328,0.0879112663303328,0.0,0.30083333333333334,0.40166666666666667,0.2975,0.0,0.10061017310588741,0.10061017310588741,0.0,0.2223833071184538,0.34097872888314756,0.35570079916554437,0.08093716483285428,0.08666769702134546,0.08666769702134546,0.0,0.2616083202258936,0.3713226977749071,0.3266003995827722,0.04046858241642714,0.0,0.0,1.0,0.32299348022434127,0.32258046170509397,0.28867493863123994,0.06575111943932495
38,0.1310927247372315,0.0,0.18424888056067512,130,31,0.0,0,0,30,0.32299348022434127,0.385,0.32258046170509397,0.39166666666666666,0.28867493863123994,0.20333333333333334,0.06575111943932495,0.02,0.0879112663303328,0.0879112663303328,0.0,0.30083333333333334,0.40166666666666667,0.2975,0.0,0.10061017310588741,0.10061017310588741,0.0,0.2223833071184538,0.34097872888314756,0.35570079916554437,0.08093716483285428,0.08666769702134546,0.08666769702134546,0.0,0.2616083202258936,0.3713226977749071,0.3266003995827722,0.04046858241642714,0.0,0.0,1.0,0.32299348022434127,0.32258046170509397,0.28867493863123994,0.06575111943932495
39,0.1310927247372315,0.0,0.18424888056067512,122,31,0.0,0,0,30,0.32299348022434127,0.38333333333333336,0.32258046170509397,0.3933333333333333,0.28867493863123994,0.20333333333333334,0.06575111943932495,0.02,0.0879112663303328,0.0879112663303328,0.0,0.30083333333333334,0.40166666666666667,0.2975,0.0,0.10061017310588741,0.10061017310588741,0.0,0.2223833071184538,0.34097872888314756,0.35570079916554437,0.08093716483285428,0.08666769702134546,0.08666769702134546,0.0,0.2616083202258936,0.3713226977749071,0.3266003995827722,0.04046858241642714,0.0,0.0,1.0,0.32299348022434127,0.32258046170509397,0.28867493863123994,0.06575111943932495
40,0.1310927247372315,0.0,0.18424888056067512,117,31,0.0,0,1,40,0.32299348022434127,0.38333333333333336,0.32258046170509397,0.3933333333333333,0.28867493863123994,0.20333333333333334,0.06575111943932495,0.02,0.09291126633033281,0.09291126633033281,0.0,0.29583333333333334,0.3875,0.31666666666666665,0.0,0.06444371700019891,0.06444371700019891,0.0,0.2650544623798011,0.33167222325447715,0.3440268940820556,0.05924642028366613,0.07867749166526589,0.07867749166526589,0.0,0.2804438978565672,0.3595861116272386,0.33034678037436116,0.029623210141833067,0.0,0.0,1.0,0.32299348022434127,0.32258046170509397,0.28867493863123994,0.06575111943932495
41,0.12942605807056481,0.0,0.18424888056067512,122,31,0.0,0,0,40,0.32299348022434127,0.38666666666666666,0.32258046170509397,0.3883333333333333,0.28867493863123994,0.205,0.06575111943932495,0.02,0.09291126633033281,0.09291126633033281,0.0,0.29583333333333334,0.3875,0.31666666666666665,0.0,0.06444371700019891,0.06444371700019891,0.0,0.2650544623798011,0.33167222325447715,0.3440268940820556,0.05924642028366613,0.07867749166526589,0.07867749166526589,0.0,0.2804438978565672,0.3595861116272386,0.33034678037436116,0.029623210141833067,0.0,0.0,1.0,0.32299348022434127,0.32258046170509397,0.28867493863123994,0.06575111943932495
42,0.12942605807056481,0.0,0.18424888056067512,117,31,0.0,0,0,40,0.32299348022434127,0.38666666666666666,0.32258046170509397,0.3883333333333333,0.28867493863123994,0.205,0.06575111943932495,0.02,0.09291126633033281,0.09291126633033281,0.0,0.29583333333333334,0.3875,0.31666666666666665,0.0,0.06444371700019891,0.06444371700019891,0.0,0.2650544623798011,0.33167222325447715,0.3440268940820556,0.05924642028366613,0.07867749166526589,0.07867749166526589,0.0,0.2804438978565672,0.3595861116272386,0.33034678037436116,0.029623210141833067,0.0,0.0,1.0,0.32299348022434127,0.32258046170509397,0.28867493863123994,0.06575111943932495
43,0.1277593914038982,0.0,0.18424888056067512,112,31,0.0,0,0,40,0.32299348022434127,0.38333333333333336,0.32258046170509397,0.39,0.28867493863123994,0.20666666666666667,0.06575111943932495,0.02,0.09291126633033281,0.09291126633033281,0.0,0.29583333333333334,0.3875,0.31666666666666665,0.0,0.06444371700019891,0.06444371700019891,0.0,0.2650544623798011,0.33167222325447715,0.3440268940820556,0.05924642028366613,0.07867749166526589,0.07867749166526589,0.0,0.2804438978565672,0.3595861116272386,0.33034678037436116,0.029623210141833067,0.0,0.0,1.0,0.32299348022434127,0.32258046170509397,0.28867493863123994,0.06575111943932495
44,0.1260927247372315,0.0,0.18424888056067512,100,31,0.0,0,0,40,0.32299348022434127,0.38166666666666665,0.32258046170509397,0.39,0.28867493863123994,0.20833333333333334,0.06575111943932495,0.02,0.09291126633033281,0.09291126633033281,0.0,0.29583333333333334,0.3875,0.31666666666666665,0.0,0.06444371700019891,0.06444371700019891,0.0,0.2650544623798011,0.33167222325447715,0.3440268940820556,0.05924642028366613,0.07867749166526589,0.07867749166526589,0.0,0.2804438978565672,0.3595861116272386,0.33034678037436116,0.029623210141833067,0.0,0.0,1.0,0.32299348022434127,0.32258046170509397,0.28867493863123994,0.06575111943932495
45,0.12442605807056484,0.0,0.18424888056067512,110,31,0.0,0,0,40,0.32299348022434127,0.38,0.32258046170509397,0.39,0.28867493863123994,0.21,0.06575111943932495,0.02,0.09291126633033281,0.09291126633033281,0.0,0.29583333333333334,0.3875,0.31666666666666665,0.0,0.06444371700019891,0.06444371700019891,0.0,0.2650544623798011,0.33167222325447715,0.3440268940820556,0.05924642028366613,0.07867749166526589,0.07867749166526589,0.0,0.2804438978565672,0.3595861116272386,0.33034678037436116,0.029623210141833067,0.0,0.0,1.0,0.32299348022434127,0.32258046170509397,0.28867493863123994,0.06575111943932495
46,0.12442605807056484,0.0,0.18424888056067512,119,31,0.0,0,0,40,0.32299348022434127,0.38333333333333336,0.32258046170509397,0.38666666666666666,0.28867493863123994,0.21,0.06575111943932495,0.02,0.09291126633033281,0.09291126633033281,0.0,0.29583333333333334,0.3875,0.31666666666666665,0.0,0.06444371700019891,0.06444371700019891,0.0,0.2650544623798011,0.33167222325447715,0.3440268940820556,0.05924642028366613,0.07867749166526589,0.07867749166526589,0.0,0.2804438978565672,0.3595861116272386,0.33034678037436116,0.029623210141833067,0.0,0.0,1.0,0.32299348022434127,0.32258046170509397,0.28867493863123994,0.06575111943932495
47,0.1260927247372315,0.0,0.18424888056067512,117,31,0.0,0,0,40,0.32299348022434127,0.38,0.32258046170509397,0.39166666666666666,0.28867493863123994,0.20833333333333334,0.06575111943932495,0.02,0.09291126633033281,0.09291126633033281,0.0,0.29583333333333334,0.3875,0.31666666666666665,0.0,0.06444371700019891,0.06444371700019891,0.0,0.2650544623798011,0.33167222325447715,0.3440268940820556,0.05924642028366613,0.07867749166526589,0.07867749166526589,0.0,0.2804438978565672,0.3595861116272386,0.33034678037436116,0.029623210141833067,0.0,0.0,1.0,0.32299348022434127,0.32258046170509397,0.28867493863123994,0.06575111943932495
48,0.12442605807056484,0.0,0.18424888056067512,115,31,0.0,0,0,40,0.32299348022434127,0.38,0.32258046170509397,0.39,0.28867493863123994,0.21,0.06575111943932495,0.02,0.09291126633033281,0.09291126633033281,0.0,0.29583333333333334,0.3875,0.31666666666666665,0.0,0.06444371700019891,0.06444371700019891,0.0,0.2650544623798011,0.33167222325447715,0.3440268940820556,0.05924642028366613,0.07867749166526589,0.07867749166526589,0.0,0.2804438978565672,0.3595861116272386,0.33034678037436116,0.029623210141833067,0.0,0.0,1.0,0.32299348022434127,0.32258046170509397,0.28867493863123994,0.06575111943932495
49,0.12442605807056484,0.0,0.18424888056067512,116,31,0.0,0,0,40,0.32299348022434127,0.38,0.32258046170509397,0.39,0.28867493863123994,0.21,0.06575111943932495,0.02,0.09291126633033281,0.09291126633033281,0.0,0.29583333333333334,0.3875,0.31666666666666665,0.0,0.06444371700019891,0.06444371700019891,0.0,0.2650544623798011,0.33167222325447715,0.3440268940820556,0.05924642028366613,0.07867749166526589,0.07867749166526589,0.0,0.2804438978565672,0.3595861116272386,0.33034678037436116,0.029623210141833067,0.0,0.0,1.0,0.32299348022434127,0.32258046170509397,0.28867493863123994,0.06575111943932495
50,0.1260927247372315,0.0,0.18424888056067512,98,31,0.0,0,1,50,0.32299348022434127,0.38166666666666665,0.32258046170509397,0.39,0.28867493863123994,0.20833333333333334,0.06575111943932495,0.02,0.08874459966366616,0.08874459966366616,0.0,0.3,0.3775,0.3225,0.0,0.05989540799435668,0.05989540799435668,1.0,0.3452732324096579,0.26979123623824264,0.3262905944402799,0.058644936911819524,0.0367855150029274,0.0367855150029274,0.0,0.322636616204829,0.3236456181191213,0.32439529722013993,0.029322468455909762,0.0,0.0,1.0,0.32299348022434127,0.32258046170509397,0.28867493863123994,0.06575111943932495
51,0.12775939140389814,0.0,0.18424888056067512,106,31,0.0,0,0,50,0.32299348022434127,0.38166666666666665,0.32258046170509397,0.39166666666666666,0.28867493863123994,0.20666666666666667,0.06575111943932495,0.02,0.08874459966366616,0.08874459966366616,0.0,0.3,0.3775,0.3225,0.0,0.05989540799435668,0.05989540799435668,1.0,0.3452732324096579,0.26979123623824264,0.3262905944402799,0.058644936911819524,0.0367855150029274,0.0367855150029274,0.0,0.322636616204829,0.3236456181191213,0.32439529722013993,0.029322468455909762,0.0,0.0,1.0,0.32299348022434127,0.32258046170509397,0.28867493863123994,0.06575111943932495
52,0.1260927247372315,0.0,0.18424888056067512,107,31,0.0,0,0,50,0.32299348022434127,0.38333333333333336,0.32258046170509397,0.3883333333333333,0.28867493863123994,0.20833333333333334,0.06575111943932495,0.02,0.08874459966366616,0.08874459966366616,0.0,0.3,0.3775,0.3225,0.0,0.05989540799435668,0.05989540799435668,1.0,0.3452732324096579,0.26979123623824264,0.3262905944402799,0.058644936911819524,0.0367855150029274,0.0367855150029274,0.0,0.322636616204829,0.3236456181191213,0.32439529722013993,0.029322468455909762,0.0,0.0,1.0,0.32299348022434127,0.32258046170509397,0.28867493863123994,0.06575111943932495
53,0.1260927247372315,0.0,0.18424888056067512,124,31,0.0,0,0,50,0.32299348022434127,0.385,0.32258046170509397,0.38666666666666666,0.28867493863123994,0.20833333333333334,0.06575111943932495,0.02,0.08874459966366616,0.08874459966366616,0.0,0.3,0.3775,0.3225,0.0,0.05989540799435668,0.05989540799435668,1.0,0.3452732324096579,0.26979123623824264,0.3262905944402799,0.058644936911819524,0.0367855150029274,0.0367855150029274,0.0,0.322636616204829,0.3236456181191213,0.32439529722013993,0.029322468455909762,0.0,0.0,1.0,0.32299348022434127,0.32258046170509397,0.28867493863123994,0.06575111943932495
54,0.1260927247372315,0.0,0.18424888056067512,119,31,0.0,0,0,50,0.32299348022434127,0.38666666666666666,0.32258046170509397,0.385,0.28867493863123994,0.20833333333333334,0.06575111943932495,0.02,0.08874459966366616,0.08874459966366616,0.0,0.3,0.3775,0.3225,0.0,0.05989540799435668,0.05989540799435668,1.0,0.3452732324096579,0.26979123623824264,0.3262905944402799,0.058644936911819524,0.0367855150029274,0.0367855150029274,0.0,0.322636616204829,0.3236456181191213,0.32439529722013993,0.029322468455909762,0.0,0.0,1.0,0.32299348022434127,0.32258046170509397,0.28867493863123994,0.06575111943932495
55,0.12442605807056484,0.0,0.18424888056067512,111,31,0.0,0,0,50,0.32299348022434127,0.38666666666666666,0.32258046170509397,0.38333333333333336,0.28867493863123994,0.21,0.06575111943932495,0.02,0.08874459966366616,0.08874459966366616,0.0,0.3,0.3775,0.3225,0.0,0.05989540799435668,0.05989540799435668,1.0,0.3452732324096579,0.26979123623824264,0.3262905944402799,0.058644936911819524,0.0367855150029274,0.0367855150029274,0.0,0.322636616204829,0.3236456181191213,0.32439529722013993,0.029322468455909762,0.0,0.0,1.0,0.32299348022434127,0.32258046170509397,0.28867493863123994,0.06575111943932495
56,0.1260927247372315,0.0,0.18424888056067512,115,31,0.0,0,0,50,0.32299348022434127,0.3883333333333333,0.32258046170509397,0.38333333333333336,0.28867493863123994,0.20833333333333334,0.06575111943932495,0.02,0.08874459966366616,0.08874459966366616,0.0,0.3,0.3775,0.3225,0.0,0.05989540799435668,0.05989540799435668,1.0,0.3452732324096579,0.26979123623824264,0.3262905944402799,0.058644936911819524,0.0367855150029274,0.0367855150029274,0.0,0.322636616204829,0.3236456181191213,0.32439529722013993,0.029322468455909762,0.0,0.0,1.0,0.32299348022434127,0.32258046170509397,0.28867493863123994,0.06575111943932495
57,0.12275939140389815,0.0,0.18424888056067512,125,31,0.0,0,0,50,0.32299348022434127,0.3883333333333333,0.32258046170509397,0.38,0.28867493863123994,0.21166666666666667,0.06575111943932495,0.02,0.08874459966366616,0.08874459966366616,0.0,0.3,0.3775,0.3225,0.0,0.05989540799435668,0.05989540799435668,1.0,0.3452732324096579,0.26979123623824264,0.3262905944402799,0.058644936911819524,0.0367855150029274,0.0367855150029274,0.0,0.322636616204829,0.3236456181191213,0.32439529722013993,0.029322468455909762,0.0,0.0,1.0,0.32299348022434127,0.32258046170509397,0.28867493863123994,0.06575111943932495
58,0.12109272473723148,0.0,0.18424888056067512,103,31,0.0,0,0,50,0.32299348022434127,0.385,0.32258046170509397,0.38166666666666665,0.28867493863123994,0.21333333333333335,0.06575111943932495,0.02,0.08874459966366616,0.08874459966366616,0.0,0.3,0.3775,0.3225,0.0,0.05989540799435668,0.05989540799435668,1.0,0.3452732324096579,0.26979123623824264,0.3262905944402799,0.058644936911819524,0.0367855150029274,0.0367855150029274,0.0,0.322636616204829,0.3236456181191213,0.32439529722013993,0.029322468455909762,0.0,0.0,1.0,0.32299348022434127,0.32258046170509397,0.28867493863123994,0.06575111943932495
59,0.12109272473723148,0.0,0.18424888056067512,99,31,0.0,0,0,50,0.32299348022434127,0.385,0.32258046170509397,0.38166666666666665,0.28867493863123994,0.21333333333333335,0.06575111943932495,0.02,0.08874459966366616,0.08874459966366616,0.0,0.3,0.3775,0.3225,0.0,0.05989540799435668,0.05989540799435668,1.0,0.3452732324096579,0.26979123623824264,0.3262905944402799,0.058644936911819524,0.0367855150029274,0.0367855150029274,0.0,0.322636616204829,0.3236456181191213,0.32439529722013993,0.029322468455909762,0.0,0.0,1.0,0.32299348022434127,0.32258046170509397,0.28867493863123994,0.06575111943932495
60,0.12109272473723148,0.0,0.18424888056067512,125,31,0.0,0,1,60,0.32299348022434127,0.38666666666666666,0.32258046170509397,0.38,0.28867493863123994,0.21333333333333335,0.06575111943932495,0.02,0.08874459966366613,0.08874459966366613,0.0,0.3,0.36916666666666664,0.3308333333333333,0.0,0.13515296237074084,0.13515296237074084,0.0,0.3287680007958097,0.20744065003061288,0.41805338043051227,0.04573796874306516,0.08576841825068293,0.08576841825068293,0.0,0.3143840003979048,0.28830365834863975,0.37444335688192276,0.02286898437153258,0.0,0.0,1.0,0.32299348022434127,0.32258046170509397,0.28867493863123994,0.06575111943932495
61,0.11942605807056483,0.0,0.18424888056067512,91,31,0.0,0,0,60,0.32299348022434127,0.385,0.32258046170509397,0.38,0.28867493863123994,0.215,0.06575111943932495,0.02,0.08874459966366613,0.08874459966366613,0.0,0.3,0.36916666666666664,0.3308333333333333,0.0,0.13515296237074084,0.13515296237074084,0.0,0.3287680007958097,0.20744065003061288,0.41805338043051227,0.04573796874306516,0.08576841825068293,0.08576841825068293,0.0,0.3143840003979048,0.28830365834863975,0.37444335688192276,0.02286898437153258,0.0,0.0,1.0,0.32299348022434127,0.32258046170509397,0.28867493863123994,0.06575111943932495
62,0.11942605807056483,0.0,0.18424888056067512,99,31,0.0,0,0,60,0.32299348022434127,0.38166666666666665,0.32258046170509397,0.38333333333333336,0.28867493863123994,0.215,0.06575111943932495,0.02,0.08874459966366613,0.08874459966366613,0.0,0.3,0.36916666666666664,0.3308333333333333,0.0,0.13515296237074084,0.13515296237074084,0.0,0.3287680007958097,0.20744065003061288,0.41805338043051227,0.04573796874306516,0.08576841825068293,0.08576841825068293,0.0,0.3143840003979048,0.28830365834863975,0.37444335688192276,0.02286898437153258,0.0,0.0,1.0,0.32299348022434127,0.32258046170509397,0.28867493863123994,0.06575111943932495
63,0.11942605807056483,0.0,0.18424888056067512,125,31,0.0,0,0,60,0.32299348022434127,0.38,0.32258046170509397,0.385,0.28867493863123994,0.215,0.06575111943932495,0.02,0.08874459966366613,0.08874459966366613,0.0,0.3,0.36916666666666664,0.3308333333333333,0.0,0.13515296237074084,0.13515296237074084,0.0,0.3287680007958097,0.20744065003061288,0.41805338043051227,0.04573796874306516,0.08576841825068293,0.08576841825068293,0.0,0.3143840003979048,0.28830365834863975,0.37444335688192276,0.02286898437153258,0.0,0.0,1.0,0.32299348022434127,0.32258046170509397,0.28867493863123994,0.06575111943932495
64,0.11942605807056483,0.0,0.18424888056067512,100,31,0.0,0,0,60,0.32299348022434127,0.37833333333333335,0.32258046170509397,0.38666666666666666,0.28867493863123994,0.215,0.06575111943932495,0.02,0.08874459966366613,0.08874459966366613,0.0,0.3,0.36916666666666664,0.3308333333333333,0.0,0.13515296237074084,0.13515296237074084,0.0,0.3287680007958097,0.20744065003061288,0.41805338043051227,0.04573796874306516,0.08576841825068293,0.08576841825068293,0.0,0.3143840003979048,0.28830365834863975,0.37444335688192276,0.02286898437153258,0.0,0.0,1.0,0.32299348022434127,0.32258046170509397,0.28867493863123994,0.06575111943932495
65,0.11775939140389817,0.0,0.18424888056067512,120,31,0.0,0,0,60,0.32299348022434127,0.38,0.32258046170509397,0.38333333333333336,0.28867493863123994,0.21666666666666667,0.06575111943932495,0.02,0.08874459966366613,0.08874459966366613,0.0,0.3,0.36916666666666664,0.3308333333333333,0.0,0.13515296237074084,0.13515296237074084,0.0,0.3287680007958097,0.20744065003061288,0.41805338043051227,0.04573796874306516,0.08576841825068293,0.08576841825068293,0.0,0.3143840003979048,0.28830365834863975,0.37444335688192276,0.02286898437153258,0.0,0.0,1.0,0.32299348022434127,0.32258046170509397,0.28867493863123994,0.06575111943932495
66,0.11775939140389817,0.0,0.18424888056067512,113,31,0.0,0,0,60,0.32299348022434127,0.37833333333333335,0.32258046170509397,0.385,0.28867493863123994,0.21666666666666667,0.06575111943932495,0.02,0.08874459966366613,0.08874459966366613,0.0,0.3,0.36916666666666664,0.3308333333333333,0.0,0.13515296237074084,0.13515296237074084,0.0,0.3287680007958097,0.20744065003061288,0.41805338043051227,0.04573796874306516,0.08576841825068293,0.08576841825068293,0.0,0.3143840003979048,0.28830365834863975,0.37444335688192276,0.02286898437153258,0.0,0.0,1.0,0.32299348022434127,0.32258046170509397,0.28867493863123994,0.06575111943932495
67,0.11942605807056483,0.0,0.18424888056067512,116,31,0.0,0,0,60,0.32299348022434127,0.38333333333333336,0.32258046170509397,0.38166666666666665,0.28867493863123994,0.215,0.06575111943932495,0.02,0.08874459966366613,0.08874459966366613,0.0,0.3,0.36916666666666664,0.3308333333333333,0.0,0.13515296237074084,0.13515296237074084,0.0,0.3287680007958097,0.20744065003061288,0.41805338043051227,0.04573796874306516,0.08576841825068293,0.08576841825068293,0.0,0.3143840003979048,0.28830365834863975,0.37444335688192276,0.02286898437153258,0.0,0.0,1.0,0.32299348022434127,0.32258046170509397,0.28867493863123994,0.06575111943932495
68,0.11942605807056483,0.0,0.18424888056067512,100,31,0.0,0,0,60,0.32299348022434127,0.38333333333333336,0.32258046170509397,0.38166666666666665,0.28867493863123994,0.215,0.06575111943932495,0.02,0.08874459966366613,0.08874459966366613,0.0,0.3,0.36916666666666664,0.3308333333333333,0.0,0.13515296237074084,0.13515296237074084,0.0,0.3287680007958097,0.20744065003061288,0.41805338043051227,0.04573796874306516,0.08576841825068293,0.08576841825068293,0.0,0.3143840003979048,0.28830365834863975,0.37444335688192276,0.02286898437153258,0.0,0.0,1.0,0.32299348022434127,0.32258046170509397,0.28867493863123994,0.06575111943932495
69,0.11942605807056483,0.0,0.18424888056067512,125,31,0.0,0,0,60,0.32299348022434127,0.38333333333333336,0.32258046170509397,0.38166666666666665,0.28867493863123994,0.215,0.06575111943932495,0.02,0.08874459966366613,0.08874459966366613,0.0,0.3,0.36916666666666664,0.3308333333333333,0.0,0.13515296237074084,0.13515296237074084,0.0,0.3287680007958097,0.20744065003061288,0.41805338043051227,0.04573796874306516,0.08576841825068293,0.08576841825068293,0.0,0.3143840003979048,0.28830365834863975,0.37444335688192276,0.02286898437153258,0.0,0.0,1.0,0.32299348022434127,0.32258046170509397,0.28867493863123994,0.06575111943932495
70,0.11942605807056483,0.0,0.18424888056067512,123,31,0.0,0,1,70,0.32299348022434127,0.38333333333333336,0.32258046170509397,0.38166666666666665,0.28867493863123994,0.215,0.06575111943932495,0.02,0.08874459966366613,0.08874459966366613,0.0,0.3,0.36666666666666664,0.3333333333333333,0.0,0.018236038208445,0.018236038208445,0.0,0.3102183135498695,0.3171195901711206,0.29026713506956714,0.08239496120944265,0.04243796228401002,0.04243796228401002,0.0,0.3051091567749348,0.34189312841889363,0.3118002342014502,0.04119748060472132,0.0,0.0,1.0,0.32299348022434127,0.32258046170509397,0.28867493863123994,0.06575111943932495
71,0.11775939140389817,0.0,0.18424888056067512,110,31,0.0,0,0,70,0.32299348022434127,0.38333333333333336,0.32258046170509397,0.38,0.28867493863123994,0.21666666666666667,0.06575111943932495,0.02,0.08874459966366613,0.08874459966366613,0.0,0.3,0.36666666666666664,0.3333333333333333,0.0,0.018236038208445,0.018236038208445,0.0,0.3102183135498695,0.3171195901711206,0.29026713506956714,0.08239496120944265,0.04243796228401002,0.04243796228401002,0.0,0.3051091567749348,0.34189312841889363,0.3118002342014502,0.04119748060472132,0.0,0.0,1.0,0.32299348022434127,0.32258046170509397,0.28867493863123994,0.06575111943932495
72,0.11942605807056483,0.0,0.18424888056067512,109,31,0.0,0,0,70,0.32299348022434127,0.38333333333333336,0.32258046170509397,0.38166666666666665,0.28867493863123994,0.215,0.06575111943932495,0.02,0.08874459966366613,0.08874459966366613,0.0,0.3,0.36666666666666664,0.3333333333333333,0.0,0.018236038208445,0.018236038208445,0.0,0.3102183135498695,0.3171195901711206,0.29026713506956714,0.08239496120944265,0.04243796228401002,0.04243796228401002,0.0,0.3051091567749348,0.34189312841889363,0.3118002342014502,0.04119748060472132,0.0,0.0,1.0,0.32299348022434127,0.32258046170509397,0.28867493863123994,0.06575111943932495
73,0.12275939140389815,0.0,0.18424888056067512,110,31,0.0,0,0,70,0.32299348022434127,0.38666666666666666,0.32258046170509397,0.38166666666666665,0.28867493863123994,0.21166666666666667,0.06575111943932495,0.02,0.08874459966366613,0.08874459966366613,0.0,0.3,0.36666666666666664,0.3333333333333333,0.0,0.018236038208445,0.018236038208445,0.0,0.3102183135498695,0.3171195901711206,0.29026713506956714,0.08239496120944265,0.04243796228401002,0.04243796228401002,0.0,0.3051091567749348,0.34189312841889363,0.3118002342014502,0.04119748060472132,0.0,0.0,1.0,0.32299348022434127,0.32258046170509397,0.28867493863123994,0.06575111943932495
74,0.12275939140389815,0.0,0.18424888056067512,117,31,0.0,0,0,70,0.32299348022434127,0.3883333333333333,0.32258046170509397,0.38,0.28867493863123994,0.21166666666666667,0.06575111943932495,0.02,0.08874459966366613,0.08874459966366613,0.0,0.3,0.36666666666666664,0.3333333333333333,0.0,0.018236038208445,0.018236038208445,0.0,0.3102183135498695,0.3171195901711206,0.29026713506956714,0.08239496120944265,0.04243796228401002,0.04243796228401002,0.0,0.3051091567749348,0.34189312841889363,0.3118002342014502,0.04119748060472132,0.0,0.0,1.0,0.32299348022434127,0.32258046170509397,0.28867493863123994,0.06575111943932495
75,0.12275939140389815,0.0,0.18424888056067512,102,31,0.0,0,0,70,0.32299348022434127,0.38666666666666666,0.32258046170509397,0.38166666666666665,0.28867493863123994,0.21166666666666667,0.06575111943932495,0.02,0.08874459966366613,0.08874459966366613,0.0,0.3,0.36666666666666664,0.3333333333333333,0.0,0.018236038208445,0.018236038208445,0.0,0.3102183135498695,0.3171195901711206,0.29026713506956714,0.08239496120944265,0.04243796228401002,0.04243796228401002,0.0,0.3051091567749348,0.34189312841889363,0.3118002342014502,0.04119748060472132,0.0,0.0,1.0,0.32299348022434127,0.32258046170509397,0.28867493863123994,0.06575111943932495
76,0.12275939140389817,0.0,0.18424888056067512,101,31,0.0,0,0,70,0.32299348022434127,0.39,0.32258046170509397,0.37833333333333335,0.28867493863123994,0.21166666666666667,0.06575111943932495,0.02,0.08874459966366613,0.08874459966366613,0.0,0.3,0.36666666666666664,0.3333333333333333,0.0,0.018236038208445,0.018236038208445,0.0,0.3102183135498695,0.3171195901711206,0.29026713506956714,0.08239496120944265,0.04243796228401002,0.04243796228401002,0.0,0.3051091567749348,0.34189312841889363,0.3118002342014502,0.04119748060472132,0.0,0.0,1.0,0.32299348022434127,0.32258046170509397,0.28867493863123994,0.06575111943932495
77,0.12275939140389817,0.0,0.18424888056067512,103,31,0.0,0,0,70,0.32299348022434127,0.39,0.32258046170509397,0.37833333333333335,0.28867493863123994,0.21166666666666667,0.06575111943932495,0.02,0.08874459966366613,0.08874459966366613,0.0,0.3,0.36666666666666664,0.3333333333333333,0.0,0.018236038208445,0.018236038208445,0.0,0.3102183135498695,0.3171195901711206,0.29026713506956714,0.08239496120944265,0.04243796228401002,0.04243796228401002,0.0,0.3051091567749348,0.34189312841889363,0.3118002342014502,0.04119748060472132,0.0,0.0,1.0,0.32299348022434127,0.32258046170509397,0.28867493863123994,0.06575111943932495
78,0.12275939140389817,0.0,0.18424888056067512,107,31,0.0,0,0,70,0.32299348022434127,0.39,0.32258046170509397,0.37833333333333335,0.28867493863123994,0.21166666666666667,0.06575111943932495,0.02,0.08874459966366613,0.08874459966366613,0.0,0.3,0.36666666666666664,0.3333333333333333,0.0,0.018236038208445,0.018236038208445,0.0,0.3102183135498695,0.3171195901711206,0.29026713506956714,0.08239496120944265,0.04243796228401002,0.04243796228401002,0.0,0.3051091567749348,0.34189312841889363,0.3118002342014502,0.04119748060472132,0.0,0.0,1.0,0.32299348022434127,0.32258046170509397,0.28867493863123994,0.06575111943932495
79,0.12275939140389815,0.0,0.18424888056067512,107,31,0.0,0,0,70,0.32299348022434127,0.39166666666666666,0.32258046170509397,0.37666666666666665,0.28867493863123994,0.21166666666666667,0.06575111943932495,0.02,0.08874459966366613,0.08874459966366613,0.0,0.3,0.36666666666666664,0.3333333333333333,0.0,0.018236038208445,0.018236038208445,0.0,0.3102183135498695,0.3171195901711206,0.29026713506956714,0.08239496120944265,0.04243796228401002,0.04243796228401002,0.0,0.3051091567749348,0.34189312841889363,0.3118002342014502,0.04119748060472132,0.0,0.0,1.0,0.32299348022434127,0.32258046170509397,0.28867493863123994,0.06575111943932495
80,0.12275939140389815,0.0,0.18424888056067512,121,31,0.0,0,1,80,0.32299348022434127,0.39166666666666666,0.32258046170509397,0.37666666666666665,0.28867493863123994,0.21166666666666667,0.06575111943932495,0.02,0.08874459966366613,0.08874459966366613,0.0,0.3,0.36666666666666664,0.3333333333333333,0.0,0.13785445177706185,0.13785445177706185,0.0,0.3786269102678475,0.4048014834386495,0.19637735672077317,0.02019424957272985,0.07947358825714669,0.07947358825714669,0.0,0.33931345513392375,0.3857340750526581,0.2648553450270532,0.010097124786364925,0.0,0.0,1.0,0.32299348022434127,0.32258046170509397,0.28867493863123994,0.06575111943932495
81,0.12275939140389817,0.0,0.18424888056067512,106,31,0.0,0,0,80,0.32299348022434127,0.39,0.32258046170509397,0.37833333333333335,0.28867493863123994,0.21166666666666667,0.06575111943932495,0.02,0.08874459966366613,0.08874459966366613,0.0,0.3,0.36666666666666664,0.3333333333333333,0.0,0.13785445177706185,0.13785445177706185,0.0,0.3786269102678475,0.4048014834386495,0.19637735672077317,0.02019424957272985,0.07947358825714669,0.07947358825714669,0.0,0.33931345513392375,0.3857340750526581,0.2648553450270532,0.010097124786364925,0.0,0.0,1.0,0.32299348022434127,0.32258046170509397,0.28867493863123994,0.06575111943932495
82,0.12275939140389817,0.0,0.18424888056067512,123,31,0.0,0,0,80,0.32299348022434127,0.385,0.32258046170509397,0.38333333333333336,0.28867493863123994,0.21166666666666667,0.06575111943932495,0.02,0.08874459966366613,0.08874459966366613,0.0,0.3,0.36666666666666664,0.3333333333333333,0.0,0.13785445177706185,0.13785445177706185,0.0,0.3786269102678475,0.4048014834386495,0.19637735672077317,0.02019424957272985,0.07947358825714669,0.07947358825714669,0.0,0.33931345513392375,0.3857340750526581,0.2648553450270532,0.010097124786364925,0.0,0.0,1.0,0.32299348022434127,0.32258046170509397,0.28867493863123994,0.06575111943932495
83,0.12275939140389817,0.0,0.18424888056067512,122,31,0.0,0,0,80,0.32299348022434127,0.38333333333333336,0.32258046170509397,0.385,0.28867493863123994,0.21166666666666667,0.06575111943932495,0.02,0.08874459966366613,0.08874459966366613,0.0,0.3,0.36666666666666664,0.3333333333333333,0.0,0.13785445177706185,0.13785445177706185,0.0,0.3786269102678475,0.4048014834386495,0.19637735672077317,0.02019424957272985,0.07947358825714669,0.07947358825714669,0.0,0.33931345513392375,0.3857340750526581,0.2648553450270532,0.010097124786364925,0.0,0.0,1.0,0.32299348022434127,0.32258046170509397,0.28867493863123994,0.06575111943932495
84,0.12275939140389815,0.0,0.18424888056067512,113,31,0.0,0,0,80,0.32299348022434127,0.38166666666666665,0.32258046170509397,0.38666666666666666,0.28867493863123994,0.21166666666666667,0.06575111943932495,0.02,0.08874459966366613,0.08874459966366613,0.0,0.3,0.36666666666666664,0.3333333333333333,0.0,0.13785445177706185,0.13785445177706185,0.0,0.3786269102678475,0.4048014834386495,0.19637735672077317,0.02019424957272985,0.07947358825714669,0.07947358825714669,0.0,0.33931345513392375,0.3857340750526581,0.2648553450270532,0.010097124786364925,0.0,0.0,1.0,0.32299348022434127,0.32258046170509397,0.28867493863123994,0.06575111943932495
85,0.12275939140389815,0.0,0.18424888056067512,116,31,0.0,0,0,80,0.32299348022434127,0.38166666666666665,0.32258046170509397,0.38666666666666666,0.28867493863123994,0.21166666666666667,0.06575111943932495,0.02,0.08874459966366613,0.08874459966366613,0.0,0.3,0.36666666666666664,0.3333333333333333,0.0,0.13785445177706185,0.13785445177706185,0.0,0.3786269102678475,0.4048014834386495,0.19637735672077317,0.02019424957272985,0.07947358825714669,0.07947358825714669,0.0,0.33931345513392375,0.3857340750526581,0.2648553450270532,0.010097124786364925,0.0,0.0,1.0,0.32299348022434127,0.32258046170509397,0.28867493863123994,0.06575111943932495
86,0.12275939140389815,0.0,0.18424888056067512,99,31,0.0,0,0,80,0.32299348022434127,0.38166666666666665,0.32258046170509397,0.38666666666666666,0.28867493863123994,0.21166666666666667,0.06575111943932495,0.02,0.08874459966366613,0.08874459966366613,0.0,0.3,0.36666666666666664,0.3333333333333333,0.0,0.13785445177706185,0.13785445177706185,0.0,0.3786269102678475,0.4048014834386495,0.19637735672077317,0.02019424957272985,0.07947358825714669,0.07947358825714669,0.0,0.33931345513392375,0.3857340750526581,0.2648553450270532,0.010097124786364925,0.0,0.0,1.0,0.32299348022434127,0.32258046170509397,0.28867493863123994,0.06575111943932495
87,0.12442605807056481,0.0,0.18424888056067512,125,31,0.0,0,0,80,0.32299348022434127,0.38166666666666665,0.32258046170509397,0.3883333333333333,0.28867493863123994,0.21,0.06575111943932495,0.02,0.08874459966366613,0.08874459966366613,0.0,0.3,0.36666666666666664,0.3333333333333333,0.0,0.13785445177706185,0.13785445177706185,0.0,0.3786269102678475,0.4048014834386495,0.19637735672077317,0.02019424957272985,0.07947358825714669,0.07947358825714669,0.0,0.33931345513392375,0.3857340750526581,0.2648553450270532,0.010097124786364925,0.0,0.0,1.0,0.32299348022434127,0.32258046170509397,0.28867493863123994,0.06575111943932495
88,0.1260927247372315,0.0,0.18424888056067512,105,31,0.0,0,0,80,0.32299348022434127,0.38333333333333336,0.32258046170509397,0.3883333333333333,0.28867493863123994,0.20833333333333334,0.06575111943932495,0.02,0.08874459966366613,0.08874459966366613,0.0,0.3,0.36666666666666664,0.3333333333333333,0.0,0.13785445177706185,0.13785445177706185,0.0,0.3786269102678475,0.4048014834386495,0.19637735672077317,0.02019424957272985,0.07947358825714669,0.07947358825714669,0.0,0.33931345513392375,0.3857340750526581,0.2648553450270532,0.010097124786364925,0.0,0.0,1.0,0.32299348022434127,0.32258046170509397,0.28867493863123994,0.06575111943932495
89,0.12442605807056484,0.0,0.18424888056067512,112,31,0.0,0,0,80,0.32299348022434127,0.38333333333333336,0.32258046170509397,0.38666666666666666,0.28867493863123994,0.21,0.06575111943932495,0.02,0.08874459966366613,0.08874459966366613,0.0,0.3,0.36666666666666664,0.3333333333333333,0.0,0.13785445177706185,0.13785445177706185,0.0,0.3786269102678475,0.4048014834386495,0.19637735672077317,0.02019424957272985,0.07947358825714669,0.07947358825714669,0.0,0.33931345513392375,0.3857340750526581,0.2648553450270532,0.010097124786364925,0.0,0.0,1.0,0.32299348022434127,0.32258046170509397,0.28867493863123994,0.06575111943932495
90,0.1260927247372315,0.0,0.18424888056067512,118,25,0.0,0,1,90,0.32299348022434127,0.38333333333333336,0.32258046170509397,0.3883333333333333,0.28867493863123994,0.20833333333333334,0.06575111943932495,0.02,0.08874459966366613,0.08874459966366613,0.0,0.3,0.36666666666666664,0.3333333333333333,0.0,0.12579879173572966,0.12579879173572966,1.0,0.39814562676579807,0.3732271068993667,0.21345233889905538,0.015174927435779764,0.07344575823648056,0.07344575823648056,0.0,0.349072813382899,0.3699468867830167,0.27339283611619436,0.007587463717889882,0.0,0.0,1.0,0.32299348022434127,0.32258046170509397,0.28867493863123994,0.06575111943932495
91,0.12442605807056481,0.0,0.18424888056067512,116,25,0.0,0,0,90,0.32299348022434127,0.38166666666666665,0.32258046170509397,0.3883333333333333,0.28867493863123994,0.21,0.06575111943932495,0.02,0.08874459966366613,0.08874459966366613,0.0,0.3,0.36666666666666664,0.3333333333333333,0.0,0.12579879173572966,0.12579879173572966,1.0,0.39814562676579807,0.3732271068993667,0.21345233889905538,0.015174927435779764,0.07344575823648056,0.07344575823648056,0.0,0.349072813382899,0.3699468867830167,0.27339283611619436,0.007587463717889882,0.0,0.0,1.0,0.32299348022434127,0.32258046170509397,0.28867493863123994,0.06575111943932495
92,0.12442605807056484,0.0,0.18424888056067512,111,25,0.0,0,0,90,0.32299348022434127,0.38333333333333336,0.32258046170509397,0.38666666666666666,0.28867493863123994,0.21,0.06575111943932495,0.02,0.08874459966366613,0.08874459966366613,0.0,0.3,0.36666666666666664,0.3333333333333333,0.0,0.12579879173572966,0.12579879173572966,1.0,0.39814562676579807,0.3732271068993667,0.21345233889905538,0.015174927435779764,0.07344575823648056,0.07344575823648056,0.0,0.349072813382899,0.3699468867830167,0.27339283611619436,0.007587463717889882,0.0,0.0,1.0,0.32299348022434127,0.32258046170509397,0.28867493863123994,0.06575111943932495
93,0.1260927247372315,0.0,0.18424888056067512,122,25,0.0,0,0,90,0.32299348022434127,0.385,0.32258046170509397,0.38666666666666666,0.28867493863123994,0.20833333333333334,0.06575111943932495,0.02,0.08874459966366613,0.08874459966366613,0.0,0.3,0.36666666666666664,0.3333333333333333,0.0,0.12579879173572966,0.12579879173572966,1.0,0.39814562676579807,0.3732271068993667,0.21345233889905538,0.015174927435779764,0.07344575823648056,0.07344575823648056,0.0,0.349072813382899,0.3699468867830167,0.27339283611619436,0.007587463717889882,0.0,0.0,1.0,0.32299348022434127,0.32258046170509397,0.28867493863123994,0.06575111943932495
94,0.12442605807056481,0.0,0.18424888056067512,118,25,0.0,0,0,90,0.32299348022434127,0.38166666666666665,0.32258046170509397,0.3883333333333333,0.28867493863123994,0.21,0.06575111943932495,0.02,0.08874459966366613,0.08874459966366613,0.0,0.3,0.36666666666666664,0.3333333333333333,0.0,0.12579879173572966,0.12579879173572966,1.0,0.39814562676579807,0.3732271068993667,0.21345233889905538,0.015174927435779764,0.07344575823648056,0.07344575823648056,0.0,0.349072813382899,0.3699468867830167,0.27339283611619436,0.007587463717889882,0.0,0.0,1.0,0.32299348022434127,0.32258046170509397,0.28867493863123994,0.06575111943932495
95,0.12442605807056481,0.0,0.18424888056067512,108,25,0.0,0,0,90,0.32299348022434127,0.38166666666666665,0.32258046170509397,0.3883333333333333,0.28867493863123994,0.21,0.06575111943932495,0.02,0.08874459966366613,0.08874459966366613,0.0,0.3,0.36666666666666664,0.3333333333333333,0.0,0.12579879173572966,0.12579879173572966,1.0,0.39814562676579807,0.3732271068993667,0.21345233889905538,0.015174927435779764,0.07344575823648056,0.07344575823648056,0.0,0.349072813382899,0.3699468867830167,0.27339283611619436,0.007587463717889882,0.0,0.0,1.0,0.32299348022434127,0.32258046170509397,0.28867493863123994,0.06575111943932495
96,0.1260927247372315,0.0,0.18424888056067512,104,25,0.0,0,0,90,0.32299348022434127,0.385,0.32258046170509397,0.38666666666666666,0.28867493863123994,0.20833333333333334,0.06575111943932495,0.02,0.08874459966366613,0.08874459966366613,0.0,0.3,0.36666666666666664,0.3333333333333333,0.0,0.12579879173572966,0.12579879173572966,1.0,0.39814562676579807,0.3732271068993667,0.21345233889905538,0.015174927435779764,0.07344575823648056,0.07344575823648056,0.0,0.349072813382899,0.3699468867830167,0.27339283611619436,0.007587463717889882,0.0,0.0,1.0,0.32299348022434127,0.32258046170509397,0.28867493863123994,0.06575111943932495
97,0.1260927247372315,0.0,0.18424888056067512,116,25,0.0,0,0,90,0.32299348022434127,0.385,0.32258046170509397,0.38666666666666666,0.28867493863123994,0.20833333333333334,0.06575111943932495,0.02,0.08874459966366613,0.08874459966366613,0.0,0.3,0.36666666666666664,0.3333333333333333,0.0,0.12579879173572966,0.12579879173572966,1.0,0.39814562676579807,0.3732271068993667,0.21345233889905538,0.015174927435779764,0.07344575823648056,0.07344575823648056,0.0,0.349072813382899,0.3699468867830167,0.27339283611619436,0.007587463717889882,0.0,0.0,1.0,0.32299348022434127,0.32258046170509397,0.28867493863123994,0.06575111943932495
98,0.1260927247372315,0.0,0.18424888056067512,106,25,0.0,0,0,90,0.32299348022434127,0.385,0.32258046170509397,0.38666666666666666,0.28867493863123994,0.20833333333333334,0.06575111943932495,0.02,0.08874459966366613,0.08874459966366613,0.0,0.3,0.36666666666666664,0.3333333333333333,0.0,0.12579879173572966,0.12579879173572966,1.0,0.39814562676579807,0.3732271068993667,0.21345233889905538,0.015174927435779764,0.07344575823648056,0.07344575823648056,0.0,0.349072813382899,0.3699468867830167,0.27339283611619436,0.007587463717889882,0.0,0.0,1.0,0.32299348022434127,0.32258046170509397,0.28867493863123994,0.06575111943932495
99,0.1260927247372315,0.0,0.18424888056067512,118,25,0.0,0,0,90,0.32299348022434127,0.385,0.32258046170509397,0.38666666666666666,0.28867493863123994,0.20833333333333334,0.06575111943932495,0.02,0.08874459966366613,0.08874459966366613,0.0,0.3,0.36666666666666664,0.3333333333333333,0.0,0.12579879173572966,0.12579879173572966,1.0,0.39814562676579807,0.3732271068993667,0.21345233889905538,0.015174927435779764,0.07344575823648056,0.07344575823648056,0.0,0.349072813382899,0.3699468867830167,0.27339283611619436,0.007587463717889882,0.0,0.0,1.0,0.32299348022434127,0.32258046170509397,0.28867493863123994,0.06575111943932495
100,0.1770065197756588,0.0,0.18424888056067512,82,4,0.0,0,1,100,0.32299348022434127,0.5,0.32258046170509397,0.25,0.28867493863123994,0.25,0.06575111943932495,0.0,0.08066379158285808,0.08066379158285808,0.0,0.30808080808080807,0.36195286195286197,0.32996632996632996,0.0,0.09800853041063867,0.09800853041063867,0.0,0.31904898496791756,0.2873110780817737,0.38668346904187856,0.006956467908430211,0.07170146918508824,0.07170146918508824,0.0,0.3135648965243628,0.3246319700173178,0.3583248995041043,0.0034782339542151056,0.0,0.0,1.0,0.32299348022434127,0.32258046170509397,0.28867493863123994,0.06575111943932495
101,0.15033985310899212,0.0,0.18424888056067512,83,8,0.0,0,0,100,0.32299348022434127,0.47333333333333333,0.32258046170509397,0.25833333333333336,0.28867493863123994,0.25666666666666665,0.06575111943932495,0.011666666666666667,0.08066379158285808,0.08066379158285808,0.0,0.30808080808080807,0.36195286195286197,0.32996632996632996,0.0,0.09800853041063867,0.09800853041063867,0.0,0.31904898496791756,0.2873110780817737,0.38668346904187856,0.006956467908430211,0.07170146918508824,0.07170146918508824,0.0,0.3135648965243628,0.3246319700173178,0.3583248995041043,0.0034782339542151056,0.0,0.0,1.0,0.32299348022434127,0.32258046170509397,0.28867493863123994,0.06575111943932495
102,0.1620065197756588,0.0,0.18424888056067512,77,12,0.0,0,0,100,0.32299348022434127,0.485,0.32258046170509397,0.26666666666666666,0.28867493863123994,0.24,0.06575111943932495,0.008333333333333333,0.08066379158285808,0.08066379158285808,0.0,0.30808080808080807,0.36195286195286197,0.32996632996632996,0.0,0.09800853041063867,0.09800853041063867,0.0,0.31904898496791756,0.2873110780817737,0.38668346904187856,0.006956467908430211,0.07170146918508824,0.07170146918508824,0.0,0.3135648965243628,0.3246319700173178,0.3583248995041043,0.0034782339542151056,0.0,0.0,1.0,0.32299348022434127,0.32258046170509397,0.28867493863123994,0.06575111943932495
103,0.17200651977565878,0.0,0.18424888056067512,100,12,0.0,0,0,100,0.32299348022434127,0.495,0.32258046170509397,0.26166666666666666,0.28867493863123994,0.23666666666666666,0.06575111943932495,0.006666666666666667,0.08066379158285808,0.08066379158285808,0.0,0.30808080808080807,0.36195286195286197,0.32996632996632996,0.0,0.09800853041063867,0.09800853041063867,0.0,0.31904898496791756,0.2873110780817737,0.38668346904187856,0.006956467908430211,0.07170146918508824,0.07170146918508824,0.0,0.3135648965243628,0.3246319700173178,0.3583248995041043,0.0034782339542151056,0.0,0.0,1.0,0.32299348022434127,0.32258046170509397,0.28867493863123994,0.06575111943932495
104,0.17200651977565878,0.0,0.18424888056067512,88,14,0.0,0,0,100,0.32299348022434127,0.495,0.32258046170509397,0.2733333333333333,0.28867493863123994,0.21666666666666667,0.06575111943932495,0.015,0.08066379158285808,0.08066379158285808,0.0,0.30808080808080807,0.36195286195286197,0.32996632996632996,0.0,0.09800853041063867,0.09800853041063867,0.0,0.31904898496791756,0.2873110780817737,0.38668346904187856,0.006956467908430211,0.07170146918508824,0.07170146918508824,0.0,0.3135648965243628,0.3246319700173178,0.3583248995041043,0.0034782339542151056,0.0,0.0,1.0,0.32299348022434127,0.32258046170509397,0.28867493863123994,0.06575111943932495
105,0.16867318644232543,0.0,0.18424888056067512,82,14,0.0,0,0,100,0.32299348022434127,0.49166666666666664,0.32258046170509397,0.27,0.28867493863123994,0.22333333333333333,0.06575111943932495,0.015,0.08066379158285808,0.08066379158285808,0.0,0.30808080808080807,0.36195286195286197,0.32996632996632996,0.0,0.09800853041063867,0.09800853041063867,0.0,0.31904898496791756,0.2873110780817737,0.38668346904187856,0.006956467908430211,0.07170146918508824,0.07170146918508824,0.0,0.3135648965243628,0.3246319700173178,0.3583248995041043,0.0034782339542151056,0.0,0.0,1.0,0.32299348022434127,0.32258046170509397,0.28867493863123994,0.06575111943932495
106,0.17867318644232547,0.0,0.18424888056067512,77,14,0.0,0,0,100,0.32299348022434127,0.5016666666666667,0.32258046170509397,0.25333333333333335,0.28867493863123994,0.22833333333333333,0.06575111943932495,0.016666666666666666,0.08066379158285808,0.08066379158285808,0.0,0.30808080808080807,0.36195286195286197,0.32996632996632996,0.0,0.09800853041063867,0.09800853041063867,0.0,0.31904898496791756,0.2873110780817737,0.38668346904187856,0.006956467908430211,0.07170146918508824,0.07170146918508824,0.0,0.3135648965243628,0.3246319700173178,0.3583248995041043,0.0034782339542151056,0.0,0.0,1.0,0.32299348022434127,0.32258046170509397,0.28867493863123994,0.06575111943932495
107,0.17533985310899214,0.0,0.18424888056067512,92,14,0.0,0,0,100,0.32299348022434127,0.49833333333333335,0.32258046170509397,0.26166666666666666,0.28867493863123994,0.22166666666666668,0.06575111943932495,0.018333333333333333,0.08066379158285808,0.08066379158285808,0.0,0.30808080808080807,0.36195286195286197,0.32996632996632996,0.0,0.09800853041063867,0.09800853041063867,0.0,0.31904898496791756,0.2873110780817737,0.38668346904187856,0.006956467908430211,0.07170146918508824,0.07170146918508824,0.0,0.3135648965243628,0.3246319700173178,0.3583248995041043,0.0034782339542151056,0.0,0.0,1.0,0.32299348022434127,0.32258046170509397,0.28867493863123994,0.06575111943932495
108,0.1836731864423255,0.0,0.18424888056067512,84,14,0.0,0,0,100,0.32299348022434127,0.5066666666666667,0.32258046170509397,0.24166666666666667,0.28867493863123994,0.23,0.06575111943932495,0.021666666666666667,0.08066379158285808,0.08066379158285808,0.0,0.30808080808080807,0.36195286195286197,0.32996632996632996,0.0,0.09800853041063867,0.09800853041063867,0.0,0.31904898496791756,0.2873110780817737,0.38668346904187856,0.006956467908430211,0.07170146918508824,0.07170146918508824,0.0,0.3135648965243628,0.3246319700173178,0.3583248995041043,0.0034782339542151056,0.0,0.0,1.0,0.32299348022434127,0.32258046170509397,0.28867493863123994,0.06575111943932495
109,0.19033985310899215,0.0,0.18424888056067512,99,15,0.0,0,0,100,0.32299348022434127,0.5133333333333333,0.32258046170509397,0.235,0.28867493863123994,0.23166666666666666,0.06575111943932495,0.02,0.08066379158285808,0.08066379158285808,0.0,0.30808080808080807,0.36195286195286197,0.32996632996632996,0.0,0.09800853041063867,0.09800853041063867,0.0,0.31904898496791756,0.2873110780817737,0.38668346904187856,0.006956467908430211,0.07170146918508824,0.07170146918508824,0.0,0.3135648965243628,0.3246319700173178,0.3583248995041043,0.0034782339542151056,0.0,0.0,1.0,0.32299348022434127,0.32258046170509397,0.28867493863123994,0.06575111943932495
110,0.19867318644232543,0.0,0.18424888056067512,101,15,0.0,0,1,110,0.32299348022434127,0.5216666666666666,0.32258046170509397,0.235,0.28867493863123994,0.22166666666666668,0.06575111943932495,0.021666666666666667,0.08104692381606284,0.08104692381606284,1.0,0.40404040404040403,0.30387205387205385,0.2878787878787879,0.004208754208754209,0.0922280536498725,0.0922280536498725,0.0,0.3534193060625281,0.3843826895167796,0.1966930866243559,0.06550491779633648,0.07728328481644763,0.07728328481644763,1.0,0.37872985505146606,0.34412737169441676,0.24228593725157188,0.03485683600254534,0.0,0.0,1.0,0.32299348022434127,0.32258046170509397,0.28867493863123994,0.06575111943932495
111,0.21033985310899211,0.0,0.18424888056067512,105,15,0.0,0,0,110,0.32299348022434127,0.5333333333333333,0.32258046170509397,0.23333333333333334,0.28867493863123994,0.21333333333333335,0.06575111943932495,0.02,0.08104692381606284,0.08104692381606284,1.0,0.40404040404040403,0.30387205387205385,0.2878787878787879,0.004208754208754209,0.0922280536498725,0.0922280536498725,0.0,0.3534193060625281,0.3843826895167796,0.1966930866243559,0.06550491779633648,0.07728328481644763,0.07728328481644763,1.0,0.37872985505146606,0.34412737169441676,0.24228593725157188,0.03485683600254534,0.0,0.0,1.0,0.32299348022434127,0.32258046170509397,0.28867493863123994,0.06575111943932495
112,0.22533985310899213,0.0,0.18424888056067512,80,15,0.0,0,0,110,0.32299348022434127,0.5483333333333333,0.32258046170509397,0.24166666666666667,0.28867493863123994,0.19,0.06575111943932495,0.02,0.08104692381606284,0.08104692381606284,1.0,0.40404040404040403,0.30387205387205385,0.2878787878787879,0.004208754208754209,0.0922280536498725,0.0922280536498725,0.0,0.3534193060625281,0.3843826895167796,0.1966930866243559,0.06550491779633648,0.07728328481644763,0.07728328481644763,1.0,0.37872985505146606,0.34412737169441676,0.24228593725157188,0.03485683600254534,0.0,0.0,1.0,0.32299348022434127,0.32258046170509397,0.28867493863123994,0.06575111943932495
113,0.23033985310899213,0.0,0.18424888056067512,99,16,0.0,0,0,110,0.32299348022434127,0.5533333333333333,0.32258046170509397,0.24166666666666667,0.28867493863123994,0.18333333333333332,0.06575111943932495,0.021666666666666667,0.08104692381606284,0.08104692381606284,1.0,0.40404040404040403,0.30387205387205385,0.2878787878787879,0.004208754208754209,0.0922280536498725,0.0922280536498725,0.0,0.3534193060625281,0.3843826895167796,0.1966930866243559,0.06550491779633648,0.07728328481644763,0.07728328481644763,1.0,0.37872985505146606,0.34412737169441676,0.24228593725157188,0.03485683600254534,0.0,0.0,1.0,0.32299348022434127,0.32258046170509397,0.28867493863123994,0.06575111943932495
114,0.22867318644232545,0.0,0.18424888056067512,86,17,0.0,0,0,110,0.32299348022434127,0.5516666666666666,0.32258046170509397,0.23666666666666666,0.28867493863123994,0.18833333333333332,0.06575111943932495,0.023333333333333334,0.08104692381606284,0.08104692381606284,1.0,0.40404040404040403,0.30387205387205385,0.2878787878787879,0.004208754208754209,0.0922280536498725,0.0922280536498725,0.0,0.3534193060625281,0.3843826895167796,0.1966930866243559,0.06550491779633648,0.07728328481644763,0.07728328481644763,1.0,0.37872985505146606,0.34412737169441676,0.24228593725157188,0.03485683600254534,0.0,0.0,1.0,0.32299348022434127,0.32258046170509397,0.28867493863123994,0.06575111943932495
115,0.23867318644232546,0.0,0.18424888056067512,87,18,0.0,0,0,110,0.32299348022434127,0.5616666666666666,0.32258046170509397,0.23666666666666666,0.28867493863123994,0.18,0.06575111943932495,0.021666666666666667,0.08104692381606284,0.08104692381606284,1.0,0.40404040404040403,0.30387205387205385,0.2878787878787879,0.004208754208754209,0.0922280536498725,0.0922280536498725,0.0,0.3534193060625281,0.3843826895167796,0.1966930866243559,0.06550491779633648,0.07728328481644763,0.07728328481644763,1.0,0.37872985505146606,0.34412737169441676,0.24228593725157188,0.03485683600254534,0.0,0.0,1.0,0.32299348022434127,0.32258046170509397,0.28867493863123994,0.06575111943932495
116,0.24367318644232544,0.0,0.18424888056067512,100,18,0.0,0,0,110,0.32299348022434127,0.5666666666666667,0.32258046170509397,0.23833333333333334,0.28867493863123994,0.175,0.06575111943932495,0.02,0.08104692381606284,0.08104692381606284,1.0,0.40404040404040403,0.30387205387205385,0.2878787878787879,0.004208754208754209,0.0922280536498725,0.0922280536498725,0.0,0.3534193060625281,0.3843826895167796,0.1966930866243559,0.06550491779633648,0.07728328481644763,0.07728328481644763,1.0,0.37872985505146606,0.34412737169441676,0.24228593725157188,0.03485683600254534,0.0,0.0,1.0,0.32299348022434127,0.32258046170509397,0.28867493863123994,0.06575111943932495
117,0.23867318644232546,0.0,0.18424888056067512,91,18,0.0,0,0,110,0.32299348022434127,0.5616666666666666,0.32258046170509397,0.24,0.28867493863123994,0.175,0.06575111943932495,0.023333333333333334,0.08104692381606284,0.08104692381606284,1.0,0.40404040404040403,0.30387205387205385,0.2878787878787879,0.004208754208754209,0.0922280536498725,0.0922280536498725,0.0,0.3534193060625281,0.3843826895167796,0.1966930866243559,0.06550491779633648,0.07728328481644763,0.07728328481644763,1.0,0.37872985505146606,0.34412737169441676,0.24228593725157188,0.03485683600254534,0.0,0.0,1.0,0.32299348022434127,0.32258046170509397,0.28867493863123994,0.06575111943932495
118,0.24200651977565876,0.0,0.18424888056067512,104,18,0.0,0,0,110,0.32299348022434127,0.565,0.32258046170509397,0.23833333333333334,0.28867493863123994,0.17333333333333334,0.06575111943932495,0.023333333333333334,0.08104692381606284,0.08104692381606284,1.0,0.40404040404040403,0.30387205387205385,0.2878787878787879,0.004208754208754209,0.0922280536498725,0.0922280536498725,0.0,0.3534193060625281,0.3843826895167796,0.1966930866243559,0.06550491779633648,0.07728328481644763,0.07728328481644763,1.0,0.37872985505146606,0.34412737169441676,0.24228593725157188,0.03485683600254534,0.0,0.0,1.0,0.32299348022434127,0.32258046170509397,0.28867493863123994,0.06575111943932495
119,0.25033985310899215,0.0,0.18424888056067512,106,18,0.0,0,0,110,0.32299348022434127,0.5733333333333334,0.32258046170509397,0.23166666666666666,0.28867493863123994,0.17333333333333334,0.06575111943932495,0.021666666666666667,0.08104692381606284,0.08104692381606284,1.0,0.40404040404040403,0.30387205387205385,0.2878787878787879,0.004208754208754209,0.0922280536498725,0.0922280536498725,0.0,0.3534193060625281,0.3843826895167796,0.1966930866243559,0.06550491779633648,0.07728328481644763,0.07728328481644763,1.0,0.37872985505146606,0.34412737169441676,0.24228593725157188,0.03485683600254534,0.0,0.0,1.0,0.32299348022434127,0.32258046170509397,0.28867493863123994,0.06575111943932495
120,0.25700651977565875,0.0,0.18424888056067512,98,18,0.0,0,1,120,0.32299348022434127,0.58,0.32258046170509397,0.225,0.28867493863123994,0.17333333333333334,0.06575111943932495,0.021666666666666667,0.18450651977565874,0.18450651977565874,1.0,0.5075,0.24416666666666667,0.23583333333333334,0.0125,0.11401057960373642,0.11401057960373642,0.0,0.3074311897933965,0.22613499706643136,0.4026855182349763,0.0637482949051958,0.11505660182527189,0.11505660182527189,1.0,0.4074655948966982,0.235150831866549,0.3192594257841548,0.0381241474525979,0.0,0.0,1.0,0.32299348022434127,0.32258046170509397,0.28867493863123994,0.06575111943932495
121,0.25033985310899215,0.0,0.18424888056067512,103,18,0.0,0,0,120,0.32299348022434127,0.5733333333333334,0.32258046170509397,0.23,0.28867493863123994,0.175,0.06575111943932495,0.021666666666666667,0.18450651977565874,0.18450651977565874,1.0,0.5075,0.24416666666666667,0.23583333333333334,0.0125,0.11401057960373642,0.11401057960373642,0.0,0.3074311897933965,0.22613499706643136,0.4026855182349763,0.0637482949051958,0.11505660182527189,0.11505660182527189,1.0,0.4074655948966982,0.235150831866549,0.3192594257841548,0.0381241474525979,0.0,0.0,1.0,0.32299348022434127,0.32258046170509397,0.28867493863123994,0.06575111943932495
122,0.2586731864423254,0.0,0.18424888056067512,88,18,0.0,0,0,120,0.32299348022434127,0.5816666666666667,0.32258046170509397,0.23,0.28867493863123994,0.17,0.06575111943932495,0.018333333333333333,0.18450651977565874,0.18450651977565874,1.0,0.5075,0.24416666666666667,0.23583333333333334,0.0125,0.11401057960373642,0.11401057960373642,0.0,0.3074311897933965,0.22613499706643136,0.4026855182349763,0.0637482949051958,0.11505660182527189,0.11505660182527189,1.0,0.4074655948966982,0.235150831866549,0.3192594257841548,0.0381241474525979,0.0,0.0,1.0,0.32299348022434127,0.32258046170509397,0.28867493863123994,0.06575111943932495
123,0.25367318644232545,0.0,0.18424888056067512,100,18,0.0,0,0,120,0.32299348022434127,0.5766666666666667,0.32258046170509397,0.22333333333333333,0.28867493863123994,0.18166666666666667,0.06575111943932495,0.018333333333333333,0.18450651977565874,0.18450651977565874,1.0,0.5075,0.24416666666666667,0.23583333333333334,0.0125,0.11401057960373642,0.11401057960373642,0.0,0.3074311897933965,0.22613499706643136,0.4026855182349763,0.0637482949051958,0.11505660182527189,0.11505660182527189,1.0,0.4074655948966982,0.235150831866549,0.3192594257841548,0.0381241474525979,0.0,0.0,1.0,0.32299348022434127,0.32258046170509397,0.28867493863123994,0.06575111943932495
124,0.24700651977565877,0.0,0.18424888056067512,118,18,0.0,0,0,120,0.32299348022434127,0.57,0.32258046170509397,0.22,0.28867493863123994,0.19166666666666668,0.06575111943932495,0.018333333333333333,0.18450651977565874,0.18450651977565874,1.0,0.5075,0.24416666666666667,0.23583333333333334,0.0125,0.11401057960373642,0.11401057960373642,0.0,0.3074311897933965,0.22613499706643136,0.4026855182349763,0.0637482949051958,0.11505660182527189,0.11505660182527189,1.0,0.4074655948966982,0.235150831866549,0.3192594257841548,0.0381241474525979,0.0,0.0,1.0,0.32299348022434127,0.32258046170509397,0.28867493863123994,0.06575111943932495
125,0.2420065197756588,0.0,0.18424888056067512,105,18,0.0,0,0,120,0.32299348022434127,0.565,0.32258046170509397,0.21833333333333332,0.28867493863123994,0.19666666666666666,0.06575111943932495,0.02,0.18450651977565874,0.18450651977565874,1.0,0.5075,0.24416666666666667,0.23583333333333334,0.0125,0.11401057960373642,0.11401057960373642,0.0,0.3074311897933965,0.22613499706643136,0.4026855182349763,0.0637482949051958,0.11505660182527189,0.11505660182527189,1.0,0.4074655948966982,0.235150831866549,0.3192594257841548,0.0381241474525979,0.0,0.0,1.0,0.32299348022434127,0.32258046170509397,0.28867493863123994,0.06575111943932495
126,0.24367318644232544,0.0,0.18424888056067512,103,18,0.0,0,0,120,0.32299348022434127,0.5666666666666667,0.32258046170509397,0.21666666666666667,0.28867493863123994,0.19666666666666666,0.06575111943932495,0.02,0.18450651977565874,0.18450651977565874,1.0,0.5075,0.24416666666666667,0.23583333333333334,0.0125,0.11401057960373642,0.11401057960373642,0.0,0.3074311897933965,0.22613499706643136,0.4026855182349763,0.0637482949051958,0.11505660182527189,0.11505660182527189,1.0,0.4074655948966982,0.235150831866549,0.3192594257841548,0.0381241474525979,0.0,0.0,1.0,0.32299348022434127,0.32258046170509397,0.28867493863123994,0.06575111943932495
127,0.2420065197756588,0.0,0.18424888056067512,105,18,0.0,0,0,120,0.32299348022434127,0.565,0.32258046170509397,0.21333333333333335,0.28867493863123994,0.205,0.06575111943932495,0.016666666666666666,0.18450651977565874,0.18450651977565874,1.0,0.5075,0.24416666666666667,0.23583333333333334,0.0125,0.11401057960373642,0.11401057960373642,0.0,0.3074311897933965,0.22613499706643136,0.4026855182349763,0.0637482949051958,0.11505660182527189,0.11505660182527189,1.0,0.4074655948966982,0.235150831866549,0.3192594257841548,0.0381241474525979,0.0,0.0,1.0,0.32299348022434127,0.32258046170509397,0.28867493863123994,0.06575111943932495
128,0.23867318644232544,0.0,0.18424888056067512,99,18,0.0,0,0,120,0.32299348022434127,0.5616666666666666,0.32258046170509397,0.215,0.28867493863123994,0.20666666666666667,0.06575111943932495,0.016666666666666666,0.18450651977565874,0.18450651977565874,1.0,0.5075,0.24416666666666667,0.23583333333333334,0.0125,0.11401057960373642,0.11401057960373642,0.0,0.3074311897933965,0.22613499706643136,0.4026855182349763,0.0637482949051958,0.11505660182527189,0.11505660182527189,1.0,0.4074655948966982,0.235150831866549,0.3192594257841548,0.0381241474525979,0.0,0.0,1.0,0.32299348022434127,0.32258046170509397,0.28867493863123994,0.06575111943932495
129,0.2420065197756588,0.0,0.18424888056067512,89,18,0.0,0,0,120,0.32299348022434127,0.565,0.32258046170509397,0.21333333333333335,0.28867493863123994,0.205,0.06575111943932495,0.016666666666666666,0.18450651977565874,0.18450651977565874,1.0,0.5075,0.24416666666666667,0.23583333333333334,0.0125,0.11401057960373642,0.11401057960373642,0.0,0.3074311897933965,0.22613499706643136,0.4026855182349763,0.0637482949051958,0.11505660182527189,0.11505660182527189,1.0,0.4074655948966982,0.235150831866549,0.3192594257841548,0.0381241474525979,0.0,0.0,1.0,0.32299348022434127,0.32258046170509397,0.28867493863123994,0.06575111943932495
130,0.24033985310899214,0.0,0.18424888056067512,96,18,0.0,0,1,130,0.32299348022434127,0.5633333333333334,0.32258046170509397,0.21333333333333335,0.28867493863123994,0.20666666666666667,0.06575111943932495,0.016666666666666666,0.21867318644232545,0.21867318644232545,1.0,0.5416666666666666,0.21416666666666667,0.235,0.009166666666666667,0.024057735939480414,0.024057735939480414,1.0,0.34110374707125435,0.32644005331782977,0.2646172026917594,0.06783899691915637,0.11839172664461933,0.11839172664461933,1.0,0.4413852068689605,0.2703033599922482,0.2498086013458797,0.03850283179291152,0.0,0.0,1.0,0.32299348022434127,0.32258046170509397,0.28867493863123994,0.06575111943932495
131,0.23867318644232544,0.0,0.18424888056067512,94,18,0.0,0,0,130,0.32299348022434127,0.5616666666666666,0.32258046170509397,0.21666666666666667,0.28867493863123994,0.205,0.06575111943932495,0.016666666666666666,0.21867318644232545,0.21867318644232545,1.0,0.5416666666666666,0.21416666666666667,0.235,0.009166666666666667,0.024057735939480414,0.024057735939480414,1.0,0.34110374707125435,0.32644005331782977,0.2646172026917594,0.06783899691915637,0.11839172664461933,0.11839172664461933,1.0,0.4413852068689605,0.2703033599922482,0.2498086013458797,0.03850283179291152,0.0,0.0,1.0,0.32299348022434127,0.32258046170509397,0.28867493863123994,0.06575111943932495
132,0.2370065197756588,0.0,0.18424888056067512,89,18,0.0,0,0,130,0.32299348022434127,0.56,0.32258046170509397,0.215,0.28867493863123994,0.20666666666666667,0.06575111943932495,0.018333333333333333,0.21867318644232545,0.21867318644232545,1.0,0.5416666666666666,0.21416666666666667,0.235,0.009166666666666667,0.024057735939480414,0.024057735939480414,1.0,0.34110374707125435,0.32644005331782977,0.2646172026917594,0.06783899691915637,0.11839172664461933,0.11839172664461933,1.0,0.4413852068689605,0.2703033599922482,0.2498086013458797,0.03850283179291152,0.0,0.0,1.0,0.32299348022434127,0.32258046170509397,0.28867493863123994,0.06575111943932495
133,0.23200651977565884,0.0,0.18424888056067512,88,18,0.0,0,0,130,0.32299348022434127,0.555,0.32258046170509397,0.21833333333333332,0.28867493863123994,0.21,0.06575111943932495,0.016666666666666666,0.21867318644232545,0.21867318644232545,1.0,0.5416666666666666,0.21416666666666667,0.235,0.009166666666666667,0.024057735939480414,0.024057735939480414,1.0,0.34110374707125435,0.32644005331782977,0.2646172026917594,0.06783899691915637,0.11839172664461933,0.11839172664461933,1.0,0.4413852068689605,0.2703033599922482,0.2498086013458797,0.03850283179291152,0.0,0.0,1.0,0.32299348022434127,0.32258046170509397,0.28867493863123994,0.06575111943932495
134,0.2320065197756588,0.0,0.18424888056067512,97,18,0.0,0,0,130,0.32299348022434127,0.555,0.32258046170509397,0.21666666666666667,0.28867493863123994,0.21166666666666667,0.06575111943932495,0.016666666666666666,0.21867318644232545,0.21867318644232545,1.0,0.5416666666666666,0.21416666666666667,0.235,0.009166666666666667,0.024057735939480414,0.024057735939480414,1.0,0.34110374707125435,0.32644005331782977,0.2646172026917594,0.06783899691915637,0.11839172664461933,0.11839172664461933,1.0,0.4413852068689605,0.2703033599922482,0.2498086013458797,0.03850283179291152,0.0,0.0,1.0,0.32299348022434127,0.32258046170509397,0.28867493863123994,0.06575111943932495
135,0.23033985310899213,0.0,0.18424888056067512,92,18,0.0,0,0,130,0.32299348022434127,0.5533333333333333,0.32258046170509397,0.21666666666666667,0.28867493863123994,0.21333333333333335,0.06575111943932495,0.016666666666666666,0.21867318644232545,0.21867318644232545,1.0,0.5416666666666666,0.21416666666666667,0.235,0.009166666666666667,0.024057735939480414,0.024057735939480414,1.0,0.34110374707125435,0.32644005331782977,0.2646172026917594,0.06783899691915637,0.11839172664461933,0.11839172664461933,1.0,0.4413852068689605,0.2703033599922482,0.2498086013458797,0.03850283179291152,0.0,0.0,1.0,0.32299348022434127,0.32258046170509397,0.28867493863123994,0.06575111943932495
136,0.2320065197756588,0.0,0.18424888056067512,100,18,0.0,0,0,130,0.32299348022434127,0.555,0.32258046170509397,0.21166666666666667,0.28867493863123994,0.21666666666666667,0.06575111943932495,0.016666666666666666,0.21867318644232545,0.21867318644232545,1.0,0.5416666666666666,0.21416666666666667,0.235,0.009166666666666667,0.024057735939480414,0.024057735939480414,1.0,0.34110374707125435,0.32644005331782977,0.2646172026917594,0.06783899691915637,0.11839172664461933,0.11839172664461933,1.0,0.4413852068689605,0.2703033599922482,0.2498086013458797,0.03850283179291152,0.0,0.0,1.0,0.32299348022434127,0.32258046170509397,0.28867493863123994,0.06575111943932495
137,0.22867318644232543,0.0,0.18424888056067512,105,18,0.0,0,0,130,0.32299348022434127,0.5516666666666666,0.32258046170509397,0.215,0.28867493863123994,0.21666666666666667,0.06575111943932495,0.016666666666666666,0.21867318644232545,0.21867318644232545,1.0,0.5416666666666666,0.21416666666666667,0.235,0.009166666666666667,0.024057735939480414,0.024057735939480414,1.0,0.34110374707125435,0.32644005331782977,0.2646172026917594,0.06783899691915637,0.11839172664461933,0.11839172664461933,1.0,0.4413852068689605,0.2703033599922482,0.2498086013458797,0.03850283179291152,0.0,0.0,1.0,0.32299348022434127,0.32258046170509397,0.28867493863123994,0.06575111943932495
138,0.22867318644232545,0.0,0.18424888056067512,98,18,0.0,0,0,130,0.32299348022434127,0.5516666666666666,0.32258046170509397,0.21333333333333335,0.28867493863123994,0.21833333333333332,0.06575111943932495,0.016666666666666666,0.21867318644232545,0.21867318644232545,1.0,0.5416666666666666,0.21416666666666667,0.235,0.009166666666666667,0.024057735939480414,0.024057735939480414,1.0,0.34110374707125435,0.32644005331782977,0.2646172026917594,0.06783899691915637,0.11839172664461933,0.11839172664461933,1.0,0.4413852068689605,0.2703033599922482,0.2498086013458797,0.03850283179291152,0.0,0.0,1.0,0.32299348022434127,0.32258046170509397,0.28867493863123994,0.06575111943932495
139,0.22867318644232545,0.0,0.18424888056067512,99,18,0.0,0,0,130,0.32299348022434127,0.5516666666666666,0.32258046170509397,0.21333333333333335,0.28867493863123994,0.21833333333333332,0.06575111943932495,0.016666666666666666,0.21867318644232545,0.21867318644232545,1.0,0.5416666666666666,0.21416666666666667,0.235,0.009166666666666667,0.024057735939480414,0.024057735939480414,1.0,0.34110374707125435,0.32644005331782977,0.2646172026917594,0.06783899691915637,0.11839172664461933,0.11839172664461933,1.0,0.4413852068689605,0.2703033599922482,0.2498086013458797,0.03850283179291152,0.0,0.0,1.0,0.32299348022434127,0.32258046170509397,0.28867493863123994,0.06575111943932495
140,0.22867318644232543,0.0,0.18424888056067512,100,18,0.0,0,1,140,0.32299348022434127,0.5516666666666666,0.32258046170509397,0.215,0.28867493863123994,0.21666666666666667,0.06575111943932495,0.016666666666666666,0.23200651977565884,0.23200651977565884,1.0,0.555,0.1875,0.25666666666666665,0.0008333333333333334,0.16592801974812738,0.16592801974812738,0.0,0.3392531355090635,0.1911603089016494,0.43834330309464503,0.03124325249464204,0.18296313377960646,0.18296313377960646,1.0,0.44712656775453175,0.18933015445082468,0.34750498488065584,0.016038292913987687,0.0,0.0,1.0,0.32299348022434127,0.32258046170509397,0.28867493863123994,0.06575111943932495
141,0.2270065197756588,0.0,0.18424888056067512,112,18,0.0,0,0,140,0.32299348022434127,0.55,0.32258046170509397,0.215,0.28867493863123994,0.21833333333333332,0.06575111943932495,0.016666666666666666,0.23200651977565884,0.23200651977565884,1.0,0.555,0.1875,0.25666666666666665,0.0008333333333333334,0.16592801974812738,0.16592801974812738,0.0,0.3392531355090635,0.1911603089016494,0.43834330309464503,0.03124325249464204,0.18296313377960646,0.18296313377960646,1.0,0.44712656775453175,0.18933015445082468,0.34750498488065584,0.016038292913987687,0.0,0.0,1.0,0.32299348022434127,0.32258046170509397,0.28867493863123994,0.06575111943932495
142,0.2270065197756588,0.0,0.18424888056067512,88,18,0.0,0,0,140,0.32299348022434127,0.55,0.32258046170509397,0.215,0.28867493863123994,0.21833333333333332,0.06575111943932495,0.016666666666666666,0.23200651977565884,0.23200651977565884,1.0,0.555,0.1875,0.25666666666666665,0.0008333333333333334,0.16592801974812738,0.16592801974812738,0.0,0.3392531355090635,0.1911603089016494,0.43834330309464503,0.03124325249464204,0.18296313377960646,0.18296313377960646,1.0,0.44712656775453175,0.18933015445082468,0.34750498488065584,0.016038292913987687,0.0,0.0,1.0,0.32299348022434127,0.32258046170509397,0.28867493863123994,0.06575111943932495
143,0.22367318644232545,0.0,0.18424888056067512,86,18,0.0,0,0,140,0.32299348022434127,0.5466666666666666,0.32258046170509397,0.21666666666666667,0.28867493863123994,0.21833333333333332,0.06575111943932495,0.018333333333333333,0.23200651977565884,0.23200651977565884,1.0,0.555,0.1875,0.25666666666666665,0.0008333333333333334,0.16592801974812738,0.16592801974812738,0.0,0.3392531355090635,0.1911603089016494,0.43834330309464503,0.03124325249464204,0.18296313377960646,0.18296313377960646,1.0,0.44712656775453175,0.18933015445082468,0.34750498488065584,0.016038292913987687,0.0,0.0,1.0,0.32299348022434127,0.32258046170509397,0.28867493863123994,0.06575111943932495
144,0.2220065197756588,0.0,0.18424888056067512,105,18,0.0,0,0,140,0.32299348022434127,0.545,0.32258046170509397,0.21666666666666667,0.28867493863123994,0.22,0.06575111943932495,0.018333333333333333,0.23200651977565884,0.23200651977565884,1.0,0.555,0.1875,0.25666666666666665,0.0008333333333333334,0.16592801974812738,0.16592801974812738,0.0,0.3392531355090635,0.1911603089016494,0.43834330309464503,0.03124325249464204,0.18296313377960646,0.18296313377960646,1.0,0.44712656775453175,0.18933015445082468,0.34750498488065584,0.016038292913987687,0.0,0.0,1.0,0.32299348022434127,0.32258046170509397,0.28867493863123994,0.06575111943932495
145,0.22033985310899215,0.0,0.18424888056067512,108,18,0.0,0,0,140,0.32299348022434127,0.5433333333333333,0.32258046170509397,0.21833333333333332,0.28867493863123994,0.22,0.06575111943932495,0.018333333333333333,0.23200651977565884,0.23200651977565884,1.0,0.555,0.1875,0.25666666666666665,0.0008333333333333334,0.16592801974812738,0.16592801974812738,0.0,0.3392531355090635,0.1911603089016494,0.43834330309464503,0.03124325249464204,0.18296313377960646,0.18296313377960646,1.0,0.44712656775453175,0.18933015445082468,0.34750498488065584,0.016038292913987687,0.0,0.0,1.0,0.32299348022434127,0.32258046170509397,0.28867493863123994,0.06575111943932495
146,0.2170065197756588,0.0,0.18424888056067512,92,18,0.0,0,0,140,0.32299348022434127,0.54,0.32258046170509397,0.22166666666666668,0.28867493863123994,0.22,0.06575111943932495,0.018333333333333333,0.23200651977565884,0.23200651977565884,1.0,0.555,0.1875,0.25666666666666665,0.0008333333333333334,0.16592801974812738,0.16592801974812738,0.0,0.3392531355090635,0.1911603089016494,0.43834330309464503,0.03124325249464204,0.18296313377960646,0.18296313377960646,1.0,0.44712656775453175,0.18933015445082468,0.34750498488065584,0.016038292913987687,0.0,0.0,1.0,0.32299348022434127,0.32258046170509397,0.28867493863123994,0.06575111943932495
147,0.21533985310899212,0.0,0.18424888056067512,92,18,0.0,0,0,140,0.32299348022434127,0.5383333333333333,0.32258046170509397,0.22166666666666668,0.28867493863123994,0.22166666666666668,0.06575111943932495,0.018333333333333333,0.23200651977565884,0.23200651977565884,1.0,0.555,0.1875,0.25666666666666665,0.0008333333333333334,0.16592801974812738,0.16592801974812738,0.0,0.3392531355090635,0.1911603089016494,0.43834330309464503,0.03124325249464204,0.18296313377960646,0.18296313377960646,1.0,0.44712656775453175,0.18933015445082468,0.34750498488065584,0.016038292913987687,0.0,0.0,1.0,0.32299348022434127,0.32258046170509397,0.28867493863123994,0.06575111943932495
148,0.2170065197756588,0.0,0.18424888056067512,92,18,0.0,0,0,140,0.32299348022434127,0.54,0.32258046170509397,0.22166666666666668,0.28867493863123994,0.22,0.06575111943932495,0.018333333333333333,0.23200651977565884,0.23200651977565884,1.0,0.555,0.1875,0.25666666666666665,0.0008333333333333334,0.16592801974812738,0.16592801974812738,0.0,0.3392531355090635,0.1911603089016494,0.43834330309464503,0.03124325249464204,0.18296313377960646,0.18296313377960646,1.0,0.44712656775453175,0.18933015445082468,0.34750498488065584,0.016038292913987687,0.0,0.0,1.0,0.32299348022434127,0.32258046170509397,0.28867493863123994,0.06575111943932495
149,0.21867318644232545,0.0,0.18424888056067512,105,18,0.0,0,0,140,0.32299348022434127,0.5416666666666666,0.32258046170509397,0.21833333333333332,0.28867493863123994,0.22166666666666668,0.06575111943932495,0.018333333333333333,0.23200651977565884,0.23200651977565884,1.0,0.555,0.1875,0.25666666666666665,0.0008333333333333334,0.16592801974812738,0.16592801974812738,0.0,0.3392531355090635,0.1911603089016494,0.43834330309464503,0.03124325249464204,0.18296313377960646,0.18296313377960646,1.0,0.44712656775453175,0.18933015445082468,0.34750498488065584,0.016038292913987687,0.0,0.0,1.0,0.32299348022434127,0.32258046170509397,0.28867493863123994,0.06575111943932495
150,0.22033985310899212,0.0,0.18424888056067512,98,18,0.0,0,1,150,0.32299348022434127,0.5433333333333333,0.32258046170509397,0.215,0.28867493863123994,0.22333333333333333,0.06575111943932495,0.018333333333333333,0.22533985310899213,0.22533985310899213,1.0,0.5483333333333333,0.18583333333333332,0.2658333333333333,0.0,0.12059712139551348,0.12059712139551348,1.0,0.3869932825775793,0.242724982556505,0.34527225767351527,0.025009477192400344,0.1615476846032995,0.1615476846032995,1.0,0.4676633079554563,0.21427915794491914,0.3055527955034243,0.012504738596200172,0.0,0.0,1.0,0.32299348022434127,0.32258046170509397,0.28867493863123994,0.06575111943932495
151,0.21200651977565882,0.0,0.18424888056067512,93,18,0.0,0,0,150,0.32299348022434127,0.535,0.32258046170509397,0.22333333333333333,0.28867493863123994,0.22333333333333333,0.06575111943932495,0.018333333333333333,0.22533985310899213,0.22533985310899213,1.0,0.5483333333333333,0.18583333333333332,0.2658333333333333,0.0,0.12059712139551348,0.12059712139551348,1.0,0.3869932825775793,0.242724982556505,0.34527225767351527,0.025009477192400344,0.1615476846032995,0.1615476846032995,1.0,0.4676633079554563,0.21427915794491914,0.3055527955034243,0.012504738596200172,0.0,0.0,1.0,0.32299348022434127,0.32258046170509397,0.28867493863123994,0.06575111943932495
152,0.21867318644232545,0.0,0.18424888056067512,101,18,0.0,0,0,150,0.32299348022434127,0.5416666666666666,0.32258046170509397,0.22,0.28867493863123994,0.22,0.06575111943932495,0.018333333333333333,0.22533985310899213,0.22533985310899213,1.0,0.5483333333333333,0.18583333333333332,0.2658333333333333,0.0,0.12059712139551348,0.12059712139551348,1.0,0.3869932825775793,0.242724982556505,0.34527225767351527,0.025009477192400344,0.1615476846032995,0.1615476846032995,1.0,0.4676633079554563,0.21427915794491914,0.3055527955034243,0.012504738596200172,0.0,0.0,1.0,0.32299348022434127,0.32258046170509397,0.28867493863123994,0.06575111943932495
153,0.21533985310899212,0.0,0.18424888056067512,81,18,0.0,0,0,150,0.32299348022434127,0.5383333333333333,0.32258046170509397,0.22166666666666668,0.28867493863123994,0.22166666666666668,0.06575111943932495,0.018333333333333333,0.22533985310899213,0.22533985310899213,1.0,0.5483333333333333,0.18583333333333332,0.2658333333333333,0.0,0.12059712139551348,0.12059712139551348,1.0,0.3869932825775793,0.242724982556505,0.34527225767351527,0.025009477192400344,0.1615476846032995,0.1615476846032995,1.0,0.4676633079554563,0.21427915794491914,0.3055527955034243,0.012504738596200172,0.0,0.0,1.0,0.32299348022434127,0.32258046170509397,0.28867493863123994,0.06575111943932495
154,0.21867318644232545,0.0,0.18424888056067512,95,18,0.0,0,0,150,0.32299348022434127,0.5416666666666666,0.32258046170509397,0.22,0.28867493863123994,0.22,0.06575111943932495,0.018333333333333333,0.22533985310899213,0.22533985310899213,1.0,0.5483333333333333,0.18583333333333332,0.2658333333333333,0.0,0.12059712139551348,0.12059712139551348,1.0,0.3869932825775793,0.242724982556505,0.34527225767351527,0.025009477192400344,0.1615476846032995,0.1615476846032995,1.0,0.4676633079554563,0.21427915794491914,0.3055527955034243,0.012504738596200172,0.0,0.0,1.0,0.32299348022434127,0.32258046170509397,0.28867493863123994,0.06575111943932495
155,0.22200651977565883,0.0,0.18424888056067512,106,18,0.0,0,0,150,0.32299348022434127,0.545,0.32258046170509397,0.21833333333333332,0.28867493863123994,0.21833333333333332,0.06575111943932495,0.018333333333333333,0.22533985310899213,0.22533985310899213,1.0,0.5483333333333333,0.18583333333333332,0.2658333333333333,0.0,0.12059712139551348,0.12059712139551348,1.0,0.3869932825775793,0.242724982556505,0.34527225767351527,0.025009477192400344,0.1615476846032995,0.1615476846032995,1.0,0.4676633079554563,0.21427915794491914,0.3055527955034243,0.012504738596200172,0.0,0.0,1.0,0.32299348022434127,0.32258046170509397,0.28867493863123994,0.06575111943932495
156,0.22700651977565883,0.0,0.18424888056067512,93,18,0.0,0,0,150,0.32299348022434127,0.55,0.32258046170509397,0.21333333333333335,0.28867493863123994,0.21833333333333332,0.06575111943932495,0.018333333333333333,0.22533985310899213,0.22533985310899213,1.0,0.5483333333333333,0.18583333333333332,0.2658333333333333,0.0,0.12059712139551348,0.12059712139551348,1.0,0.3869932825775793,0.242724982556505,0.34527225767351527,0.025009477192400344,0.1615476846032995,0.1615476846032995,1.0,0.4676633079554563,0.21427915794491914,0.3055527955034243,0.012504738596200172,0.0,0.0,1.0,0.32299348022434127,0.32258046170509397,0.28867493863123994,0.06575111943932495
157,0.22867318644232545,0.0,0.18424888056067512,106,18,0.0,0,0,150,0.32299348022434127,0.5516666666666666,0.32258046170509397,0.21166666666666667,0.28867493863123994,0.21833333333333332,0.06575111943932495,0.018333333333333333,0.22533985310899213,0.22533985310899213,1.0,0.5483333333333333,0.18583333333333332,0.2658333333333333,0.0,0.12059712139551348,0.12059712139551348,1.0,0.3869932825775793,0.242724982556505,0.34527225767351527,0.025009477192400344,0.1615476846032995,0.1615476846032995,1.0,0.4676633079554563,0.21427915794491914,0.3055527955034243,0.012504738596200172,0.0,0.0,1.0,0.32299348022434127,0.32258046170509397,0.28867493863123994,0.06575111943932495
158,0.22700651977565883,0.0,0.18424888056067512,105,18,0.0,0,0,150,0.32299348022434127,0.55,0.32258046170509397,0.21333333333333335,0.28867493863123994,0.21833333333333332,0.06575111943932495,0.018333333333333333,0.22533985310899213,0.22533985310899213,1.0,0.5483333333333333,0.18583333333333332,0.2658333333333333,0.0,0.12059712139551348,0.12059712139551348,1.0,0.3869932825775793,0.242724982556505,0.34527225767351527,0.025009477192400344,0.1615476846032995,0.1615476846032995,1.0,0.4676633079554563,0.21427915794491914,0.3055527955034243,0.012504738596200172,0.0,0.0,1.0,0.32299348022434127,0.32258046170509397,0.28867493863123994,0.06575111943932495
159,0.23367318644232546,0.0,0.18424888056067512,108,18,0.0,0,0,150,0.32299348022434127,0.5566666666666666,0.32258046170509397,0.20833333333333334,0.28867493863123994,0.21833333333333332,0.06575111943932495,0.016666666666666666,0.22533985310899213,0.22533985310899213,1.0,0.5483333333333333,0.18583333333333332,0.2658333333333333,0.0,0.12059712139551348,0.12059712139551348,1.0,0.3869932825775793,0.242724982556505,0.34527225767351527,0.025009477192400344,0.1615476846032995,0.1615476846032995,1.0,0.4676633079554563,0.21427915794491914,0.3055527955034243,0.012504738596200172,0.0,0.0,1.0,0.32299348022434127,0.32258046170509397,0.28867493863123994,0.06575111943932495
160,0.2320065197756588,0.0,0.18424888056067512,108,18,0.0,0,1,160,0.32299348022434127,0.555,0.32258046170509397,0.21,0.28867493863123994,0.21833333333333332,0.06575111943932495,0.016666666666666666,0.22367318644232542,0.22367318644232542,1.0,0.5466666666666666,0.18666666666666668,0.26666666666666666,0.0,0.10551743951528361,0.10551743951528361,0.0,0.29439895815513784,0.33526630497288684,0.2117520211851597,0.15858271568681565,0.11107957059064388,0.11107957059064388,1.0,0.42053281241090223,0.2609664858197768,0.2392093439259132,0.07929135784340782,0.0,0.0,1.0,0.32299348022434127,0.32258046170509397,0.28867493863123994,0.06575111943932495
161,0.23367318644232543,0.0,0.18424888056067512,99,18,0.0,0,0,160,0.32299348022434127,0.5566666666666666,0.32258046170509397,0.21,0.28867493863123994,0.21666666666666667,0.06575111943932495,0.016666666666666666,0.22367318644232542,0.22367318644232542,1.0,0.5466666666666666,0.18666666666666668,0.26666666666666666,0.0,0.10551743951528361,0.10551743951528361,0.0,0.29439895815513784,0.33526630497288684,0.2117520211851597,0.15858271568681565,0.11107957059064388,0.11107957059064388,1.0,0.42053281241090223,0.2609664858197768,0.2392093439259132,0.07929135784340782,0.0,0.0,1.0,0.32299348022434127,0.32258046170509397,0.28867493863123994,0.06575111943932495
162,0.23533985310899214,0.0,0.18424888056067512,86,18,0.0,0,0,160,0.32299348022434127,0.5583333333333333,0.32258046170509397,0.20666666666666667,0.28867493863123994,0.21833333333333332,0.06575111943932495,0.016666666666666666,0.22367318644232542,0.22367318644232542,1.0,0.5466666666666666,0.18666666666666668,0.26666666666666666,0.0,0.10551743951528361,0.10551743951528361,0.0,0.29439895815513784,0.33526630497288684,0.2117520211851597,0.15858271568681565,0.11107957059064388,0.11107957059064388,1.0,0.42053281241090223,0.2609664858197768,0.2392093439259132,0.07929135784340782,0.0,0.0,1.0,0.32299348022434127,0.32258046170509397,0.28867493863123994,0.06575111943932495
163,0.2320065197756588,0.0,0.18424888056067512,108,18,0.0,0,0,160,0.32299348022434127,0.555,0.32258046170509397,0.20666666666666667,0.28867493863123994,0.22,0.06575111943932495,0.018333333333333333,0.22367318644232542,0.22367318644232542,1.0,0.5466666666666666,0.18666666666666668,0.26666666666666666,0.0,0.10551743951528361,0.10551743951528361,0.0,0.29439895815513784,0.33526630497288684,0.2117520211851597,0.15858271568681565,0.11107957059064388,0.11107957059064388,1.0,0.42053281241090223,0.2609664858197768,0.2392093439259132,0.07929135784340782,0.0,0.0,1.0,0.32299348022434127,0.32258046170509397,0.28867493863123994,0.06575111943932495
164,0.2320065197756588,0.0,0.18424888056067512,92,18,0.0,0,0,160,0.32299348022434127,0.555,0.32258046170509397,0.20666666666666667,0.28867493863123994,0.22,0.06575111943932495,0.018333333333333333,0.22367318644232542,0.22367318644232542,1.0,0.5466666666666666,0.18666666666666668,0.26666666666666666,0.0,0.10551743951528361,0.10551743951528361,0.0,0.29439895815513784,0.33526630497288684,0.2117520211851597,0.15858271568681565,0.11107957059064388,0.11107957059064388,1.0,0.42053281241090223,0.2609664858197768,0.2392093439259132,0.07929135784340782,0.0,0.0,1.0,0.32299348022434127,0.32258046170509397,0.28867493863123994,0.06575111943932495
165,0.2320065197756588,0.0,0.18424888056067512,107,18,0.0,0,0,160,0.32299348022434127,0.555,0.32258046170509397,0.20666666666666667,0.28867493863123994,0.22,0.06575111943932495,0.018333333333333333,0.22367318644232542,0.22367318644232542,1.0,0.5466666666666666,0.18666666666666668,0.26666666666666666,0.0,0.10551743951528361,0.10551743951528361,0.0,0.29439895815513784,0.33526630497288684,0.2117520211851597,0.15858271568681565,0.11107957059064388,0.11107957059064388,1.0,0.42053281241090223,0.2609664858197768,0.2392093439259132,0.07929135784340782,0.0,0.0,1.0,0.32299348022434127,0.32258046170509397,0.28867493863123994,0.06575111943932495
166,0.2320065197756588,0.0,0.18424888056067512,116,18,0.0,0,0,160,0.32299348022434127,0.555,0.32258046170509397,0.20666666666666667,0.28867493863123994,0.22,0.06575111943932495,0.018333333333333333,0.22367318644232542,0.22367318644232542,1.0,0.5466666666666666,0.18666666666666668,0.26666666666666666,0.0,0.10551743951528361,0.10551743951528361,0.0,0.29439895815513784,0.33526630497288684,0.2117520211851597,0.15858271568681565,0.11107957059064388,0.11107957059064388,1.0,0.42053281241090223,0.2609664858197768,0.2392093439259132,0.07929135784340782,0.0,0.0,1.0,0.32299348022434127,0.32258046170509397,0.28867493863123994,0.06575111943932495
167,0.2320065197756588,0.0,0.18424888056067512,99,18,0.0,0,0,160,0.32299348022434127,0.555,0.32258046170509397,0.20666666666666667,0.28867493863123994,0.22,0.06575111943932495,0.018333333333333333,0.22367318644232542,0.22367318644232542,1.0,0.5466666666666666,0.18666666666666668,0.26666666666666666,0.0,0.10551743951528361,0.10551743951528361,0.0,0.29439895815513784,0.33526630497288684,0.2117520211851597,0.15858271568681565,0.11107957059064388,0.11107957059064388,1.0,0.42053281241090223,0.2609664858197768,0.2392093439259132,0.07929135784340782,0.0,0.0,1.0,0.32299348022434127,0.32258046170509397,0.28867493863123994,0.06575111943932495
168,0.2320065197756588,0.0,0.18424888056067512,114,18,0.0,0,0,160,0.32299348022434127,0.555,0.32258046170509397,0.20666666666666667,0.28867493863123994,0.22,0.06575111943932495,0.018333333333333333,0.22367318644232542,0.22367318644232542,1.0,0.5466666666666666,0.18666666666666668,0.26666666666666666,0.0,0.10551743951528361,0.10551743951528361,0.0,0.29439895815513784,0.33526630497288684,0.2117520211851597,0.15858271568681565,0.11107957059064388,0.11107957059064388,1.0,0.42053281241090223,0.2609664858197768,0.2392093439259132,0.07929135784340782,0.0,0.0,1.0,0.32299348022434127,0.32258046170509397,0.28867493863123994,0.06575111943932495
169,0.23033985310899213,0.0,0.18424888056067512,103,18,0.0,0,0,160,0.32299348022434127,0.5533333333333333,0.32258046170509397,0.20666666666666667,0.28867493863123994,0.22166666666666668,0.06575111943932495,0.018333333333333333,0.22367318644232542,0.22367318644232542,1.0,0.5466666666666666,0.18666666666666668,0.26666666666666666,0.0,0.10551743951528361,0.10551743951528361,0.0,0.29439895815513784,0.33526630497288684,0.2117520211851597,0.15858271568681565,0.11107957059064388,0.11107957059064388,1.0,0.42053281241090223,0.2609664858197768,0.2392093439259132,0.07929135784340782,0.0,0.0,1.0,0.32299348022434127,0.32258046170509397,0.28867493863123994,0.06575111943932495
170,0.2320065197756588,0.0,0.18424888056067512,100,18,0.0,0,1,170,0.32299348022434127,0.555,0.32258046170509397,0.205,0.28867493863123994,0.22166666666666668,0.06575111943932495,0.018333333333333333,0.22617318644232548,0.22617318644232548,1.0,0.5491666666666667,0.18416666666666667,0.26666666666666666,0.0,0.11391133884992288,0.11391133884992288,0.0,0.23938703500527317,0.36465926192606,0.25837004500038513,0.13758365806828174,0.07432408020644461,0.07432408020644461,1.0,0.3942768508359699,0.27441296429636336,0.2625183558335259,0.06879182903414087,0.0,0.0,1.0,0.32299348022434127,0.32258046170509397,0.28867493863123994,0.06575111943932495
171,0.23367318644232546,0.0,0.18424888056067512,105,18,0.0,0,0,170,0.32299348022434127,0.5566666666666666,0.32258046170509397,0.205,0.28867493863123994,0.22,0.06575111943932495,0.018333333333333333,0.22617318644232548,0.22617318644232548,1.0,0.5491666666666667,0.18416666666666667,0.26666666666666666,0.0,0.11391133884992288,0.11391133884992288,0.0,0.23938703500527317,0.36465926192606,0.25837004500038513,0.13758365806828174,0.07432408020644461,0.07432408020644461,1.0,0.3942768508359699,0.27441296429636336,0.2625183558335259,0.06879182903414087,0.0,0.0,1.0,0.32299348022434127,0.32258046170509397,0.28867493863123994,0.06575111943932495
172,0.23033985310899213,0.0,0.18424888056067512,86,18,0.0,0,0,170,0.32299348022434127,0.5533333333333333,0.32258046170509397,0.205,0.28867493863123994,0.22333333333333333,0.06575111943932495,0.018333333333333333,0.22617318644232548,0.22617318644232548,1.0,0.5491666666666667,0.18416666666666667,0.26666666666666666,0.0,0.11391133884992288,0.11391133884992288,0.0,0.23938703500527317,0.36465926192606,0.25837004500038513,0.13758365806828174,0.07432408020644461,0.07432408020644461,1.0,0.3942768508359699,0.27441296429636336,0.2625183558335259,0.06879182903414087,0.0,0.0,1.0,0.32299348022434127,0.32258046170509397,0.28867493863123994,0.06575111943932495
173,0.2320065197756588,0.0,0.18424888056067512,92,18,0.0,0,0,170,0.32299348022434127,0.555,0.32258046170509397,0.205,0.28867493863123994,0.22166666666666668,0.06575111943932495,0.018333333333333333,0.22617318644232548,0.22617318644232548,1.0,0.5491666666666667,0.18416666666666667,0.26666666666666666,0.0,0.11391133884992288,0.11391133884992288,0.0,0.23938703500527317,0.36465926192606,0.25837004500038513,0.13758365806828174,0.07432408020644461,0.07432408020644461,1.0,0.3942768508359699,0.27441296429636336,0.2625183558335259,0.06879182903414087,0.0,0.0,1.0,0.32299348022434127,0.32258046170509397,0.28867493863123994,0.06575111943932495
174,0.23367318644232546,0.0,0.18424888056067512,117,18,0.0,0,0,170,0.32299348022434127,0.5566666666666666,0.32258046170509397,0.20333333333333334,0.28867493863123994,0.22166666666666668,0.06575111943932495,0.018333333333333333,0.22617318644232548,0.22617318644232548,1.0,0.5491666666666667,0.18416666666666667,0.26666666666666666,0.0,0.11391133884992288,0.11391133884992288,0.0,0.23938703500527317,0.36465926192606,0.25837004500038513,0.13758365806828174,0.07432408020644461,0.07432408020644461,1.0,0.3942768508359699,0.27441296429636336,0.2625183558335259,0.06879182903414087,0.0,0.0,1.0,0.32299348022434127,0.32258046170509397,0.28867493863123994,0.06575111943932495
175,0.23033985310899213,0.0,0.18424888056067512,83,18,0.0,0,0,170,0.32299348022434127,0.5533333333333333,0.32258046170509397,0.20666666666666667,0.28867493863123994,0.22166666666666668,0.06575111943932495,0.018333333333333333,0.22617318644232548,0.22617318644232548,1.0,0.5491666666666667,0.18416666666666667,0.26666666666666666,0.0,0.11391133884992288,0.11391133884992288,0.0,0.23938703500527317,0.36465926192606,0.25837004500038513,0.13758365806828174,0.07432408020644461,0.07432408020644461,1.0,0.3942768508359699,0.27441296429636336,0.2625183558335259,0.06879182903414087,0.0,0.0,1.0,0.32299348022434127,0.32258046170509397,0.28867493863123994,0.06575111943932495
176,0.2320065197756588,0.0,0.18424888056067512,86,18,0.0,0,0,170,0.32299348022434127,0.555,0.32258046170509397,0.20666666666666667,0.28867493863123994,0.22,0.06575111943932495,0.018333333333333333,0.22617318644232548,0.22617318644232548,1.0,0.5491666666666667,0.18416666666666667,0.26666666666666666,0.0,0.11391133884992288,0.11391133884992288,0.0,0.23938703500527317,0.36465926192606,0.25837004500038513,0.13758365806828174,0.07432408020644461,0.07432408020644461,1.0,0.3942768508359699,0.27441296429636336,0.2625183558335259,0.06879182903414087,0.0,0.0,1.0,0.32299348022434127,0.32258046170509397,0.28867493863123994,0.06575111943932495
177,0.2320065197756588,0.0,0.18424888056067512,89,18,0.0,0,0,170,0.32299348022434127,0.555,0.32258046170509397,0.20666666666666667,0.28867493863123994,0.22,0.06575111943932495,0.018333333333333333,0.22617318644232548,0.22617318644232548,1.0,0.5491666666666667,0.18416666666666667,0.26666666666666666,0.0,0.11391133884992288,0.11391133884992288,0.0,0.23938703500527317,0.36465926192606,0.25837004500038513,0.13758365806828174,0.07432408020644461,0.07432408020644461,1.0,0.3942768508359699,0.27441296429636336,0.2625183558335259,0.06879182903414087,0.0,0.0,1.0,0.32299348022434127,0.32258046170509397,0.28867493863123994,0.06575111943932495
178,0.2320065197756588,0.0,0.18424888056067512,99,18,0.0,0,0,170,0.32299348022434127,0.555,0.32258046170509397,0.20666666666666667,0.28867493863123994,0.22,0.06575111943932495,0.018333333333333333,0.22617318644232548,0.22617318644232548,1.0,0.5491666666666667,0.18416666666666667,0.26666666666666666,0.0,0.11391133884992288,0.11391133884992288,0.0,0.23938703500527317,0.36465926192606,0.25837004500038513,0.13758365806828174,0.07432408020644461,0.07432408020644461,1.0,0.3942768508359699,0.27441296429636336,0.2625183558335259,0.06879182903414087,0.0,0.0,1.0,0.32299348022434127,0.32258046170509397,0.28867493863123994,0.06575111943932495
179,0.23367318644232546,0.0,0.18424888056067512,104,18,0.0,0,0,170,0.32299348022434127,0.5566666666666666,0.32258046170509397,0.20666666666666667,0.28867493863123994,0.21833333333333332,0.06575111943932495,0.018333333333333333,0.22617318644232548,0.22617318644232548,1.0,0.5491666666666667,0.18416666666666667,0.26666666666666666,0.0,0.11391133884992288,0.11391133884992288,0.0,0.23938703500527317,0.36465926192606,0.25837004500038513,0.13758365806828174,0.07432408020644461,0.07432408020644461,1.0,0.3942768508359699,0.27441296429636336,0.2625183558335259,0.06879182903414087,0.0,0.0,1.0,0.32299348022434127,0.32258046170509397,0.28867493863123994,0.06575111943932495
180,0.2320065197756588,0.0,0.18424888056067512,100,18,0.0,0,1,180,0.32299348022434127,0.555,0.32258046170509397,0.20666666666666667,0.28867493863123994,0.22,0.06575111943932495,0.018333333333333333,0.2220065197756588,0.2220065197756588,1.0,0.545,0.18583333333333332,0.26916666666666667,0.0,0.17317328002863333,0.17317328002863333,0.0,0.2635614461140265,0.24585960367926019,0.4618482186598732,0.028730731546840107,0.15811974686470204,0.15811974686470204,1.0,0.40428072305701324,0.21584646850629674,0.36550744266326995,0.014365365773420053,0.0,0.0,1.0,0.32299348022434127,0.32258046170509397,0.28867493863123994,0.06575111943932495
181,0.2320065197756588,0.0,0.18424888056067512,105,18,0.0,0,0,180,0.32299348022434127,0.555,0.32258046170509397,0.20666666666666667,0.28867493863123994,0.22,0.06575111943932495,0.018333333333333333,0.2220065197756588,0.2220065197756588,1.0,0.545,0.18583333333333332,0.26916666666666667,0.0,0.17317328002863333,0.17317328002863333,0.0,0.2635614461140265,0.24585960367926019,0.4618482186598732,0.028730731546840107,0.15811974686470204,0.15811974686470204,1.0,0.40428072305701324,0.21584646850629674,0.36550744266326995,0.014365365773420053,0.0,0.0,1.0,0.32299348022434127,0.32258046170509397,0.28867493863123994,0.06575111943932495
182,0.23533985310899216,0.0,0.18424888056067512,103,18,0.0,0,0,180,0.32299348022434127,0.5583333333333333,0.32258046170509397,0.20333333333333334,0.28867493863123994,0.22,0.06575111943932495,0.018333333333333333,0.2220065197756588,0.2220065197756588,1.0,0.545,0.18583333333333332,0.26916666666666667,0.0,0.17317328002863333,0.17317328002863333,0.0,0.2635614461140265,0.24585960367926019,0.4618482186598732,0.028730731546840107,0.15811974686470204,0.15811974686470204,1.0,0.40428072305701324,0.21584646850629674,0.36550744266326995,0.014365365773420053,0.0,0.0,1.0,0.32299348022434127,0.32258046170509397,0.28867493863123994,0.06575111943932495
183,0.23533985310899214,0.0,0.18424888056067512,99,18,0.0,0,0,180,0.32299348022434127,0.5583333333333333,0.32258046170509397,0.20166666666666666,0.28867493863123994,0.22166666666666668,0.06575111943932495,0.018333333333333333,0.2220065197756588,0.2220065197756588,1.0,0.545,0.18583333333333332,0.26916666666666667,0.0,0.17317328002863333,0.17317328002863333,0.0,0.2635614461140265,0.24585960367926019,0.4618482186598732,0.028730731546840107,0.15811974686470204,0.15811974686470204,1.0,0.40428072305701324,0.21584646850629674,0.36550744266326995,0.014365365773420053,0.0,0.0,1.0,0.32299348022434127,0.32258046170509397,0.28867493863123994,0.06575111943932495
184,0.2320065197756588,0.0,0.18424888056067512,106,18,0.0,0,0,180,0.32299348022434127,0.555,0.32258046170509397,0.205,0.28867493863123994,0.22166666666666668,0.06575111943932495,0.018333333333333333,0.2220065197756588,0.2220065197756588,1.0,0.545,0.18583333333333332,0.26916666666666667,0.0,0.17317328002863333,0.17317328002863333,0.0,0.2635614461140265,0.24585960367926019,0.4618482186598732,0.028730731546840107,0.15811974686470204,0.15811974686470204,1.0,0.40428072305701324,0.21584646850629674,0.36550744266326995,0.014365365773420053,0.0,0.0,1.0,0.32299348022434127,0.32258046170509397,0.28867493863123994,0.06575111943932495
185,0.23533985310899214,0.0,0.18424888056067512,93,18,0.0,0,0,180,0.32299348022434127,0.5583333333333333,0.32258046170509397,0.20166666666666666,0.28867493863123994,0.22166666666666668,0.06575111943932495,0.018333333333333333,0.2220065197756588,0.2220065197756588,1.0,0.545,0.18583333333333332,0.26916666666666667,0.0,0.17317328002863333,0.17317328002863333,0.0,0.2635614461140265,0.24585960367926019,0.4618482186598732,0.028730731546840107,0.15811974686470204,0.15811974686470204,1.0,0.40428072305701324,0.21584646850629674,0.36550744266326995,0.014365365773420053,0.0,0.0,1.0,0.32299348022434127,0.32258046170509397,0.28867493863123994,0.06575111943932495
186,0.24033985310899214,0.0,0.18424888056067512,111,18,0.0,0,0,180,0.32299348022434127,0.5633333333333334,0.32258046170509397,0.19666666666666666,0.28867493863123994,0.22166666666666668,0.06575111943932495,0.018333333333333333,0.2220065197756588,0.2220065197756588,1.0,0.545,0.18583333333333332,0.26916666666666667,0.0,0.17317328002863333,0.17317328002863333,0.0,0.2635614461140265,0.24585960367926019,0.4618482186598732,0.028730731546840107,0.15811974686470204,0.15811974686470204,1.0,0.40428072305701324,0.21584646850629674,0.36550744266326995,0.014365365773420053,0.0,0.0,1.0,0.32299348022434127,0.32258046170509397,0.28867493863123994,0.06575111943932495
187,0.24033985310899214,0.0,0.18424888056067512,103,18,0.0,0,0,180,0.32299348022434127,0.5633333333333334,0.32258046170509397,0.19666666666666666,0.28867493863123994,0.22,0.06575111943932495,0.02,0.2220065197756588,0.2220065197756588,1.0,0.545,0.18583333333333332,0.26916666666666667,0.0,0.17317328002863333,0.17317328002863333,0.0,0.2635614461140265,0.24585960367926019,0.4618482186598732,0.028730731546840107,0.15811974686470204,0.15811974686470204,1.0,0.40428072305701324,0.21584646850629674,0.36550744266326995,0.014365365773420053,0.0,0.0,1.0,0.32299348022434127,0.32258046170509397,0.28867493863123994,0.06575111943932495
188,0.2386731864423255,0.0,0.18424888056067512,97,18,0.0,0,0,180,0.32299348022434127,0.5616666666666666,0.32258046170509397,0.19833333333333333,0.28867493863123994,0.22,0.06575111943932495,0.02,0.2220065197756588,0.2220065197756588,1.0,0.545,0.18583333333333332,0.26916666666666667,0.0,0.17317328002863333,0.17317328002863333,0.0,0.2635614461140265,0.24585960367926019,0.4618482186598732,0.028730731546840107,0.15811974686470204,0.15811974686470204,1.0,0.40428072305701324,0.21584646850629674,0.36550744266326995,0.014365365773420053,0.0,0.0,1.0,0.32299348022434127,0.32258046170509397,0.28867493863123994,0.06575111943932495
189,0.2420065197756588,0.0,0.18424888056067512,92,18,0.0,0,0,180,0.32299348022434127,0.565,0.32258046170509397,0.19833333333333333,0.28867493863123994,0.22,0.06575111943932495,0.016666666666666666,0.2220065197756588,0.2220065197756588,1.0,0.545,0.18583333333333332,0.26916666666666667,0.0,0.17317328002863333,0.17317328002863333,0.0,0.2635614461140265,0.24585960367926019,0.4618482186598732,0.028730731546840107,0.15811974686470204,0.15811974686470204,1.0,0.40428072305701324,0.21584646850629674,0.36550744266326995,0.014365365773420053,0.0,0.0,1.0,0.32299348022434127,0.32258046170509397,0.28867493863123994,0.06575111943932495
190,0.23867318644232544,0.0,0.18424888056067512,100,18,0.0,0,1,190,0.32299348022434127,0.5616666666666666,0.32258046170509397,0.20166666666666666,0.28867493863123994,0.22,0.06575111943932495,0.016666666666666666,0.21367318644232544,0.21367318644232544,1.0,0.5366666666666666,0.17916666666666667,0.2841666666666667,0.0,0.13820154316365665,0.13820154316365665,1.0,0.4339562711390492,0.3125917522012382,0.16046210497143906,0.09298987168827366,0.16231798867851668,0.16231798867851668,1.0,0.4853114689028579,0.24587920943395242,0.22231438581905288,0.04649493584413683,0.0,0.0,1.0,0.32299348022434127,0.32258046170509397,0.28867493863123994,0.06575111943932495
191,0.23867318644232546,0.0,0.18424888056067512,96,18,0.0,0,0,190,0.32299348022434127,0.5616666666666666,0.32258046170509397,0.20333333333333334,0.28867493863123994,0.21833333333333332,0.06575111943932495,0.016666666666666666,0.21367318644232544,0.21367318644232544,1.0,0.5366666666666666,0.17916666666666667,0.2841666666666667,0.0,0.13820154316365665,0.13820154316365665,1.0,0.4339562711390492,0.3125917522012382,0.16046210497143906,0.09298987168827366,0.16231798867851668,0.16231798867851668,1.0,0.4853114689028579,0.24587920943395242,0.22231438581905288,0.04649493584413683,0.0,0.0,1.0,0.32299348022434127,0.32258046170509397,0.28867493863123994,0.06575111943932495
192,0.23867318644232546,0.0,0.18424888056067512,100,18,0.0,0,0,190,0.32299348022434127,0.5616666666666666,0.32258046170509397,0.20333333333333334,0.28867493863123994,0.21833333333333332,0.06575111943932495,0.016666666666666666,0.21367318644232544,0.21367318644232544,1.0,0.5366666666666666,0.17916666666666667,0.2841666666666667,0.0,0.13820154316365665,0.13820154316365665,1.0,0.4339562711390492,0.3125917522012382,0.16046210497143906,0.09298987168827366,0.16231798867851668,0.16231798867851668,1.0,0.4853114689028579,0.24587920943395242,0.22231438581905288,0.04649493584413683,0.0,0.0,1.0,0.32299348022434127,0.32258046170509397,0.28867493863123994,0.06575111943932495
193,0.23367318644232546,0.0,0.18424888056067512,107,18,0.0,0,0,190,0.32299348022434127,0.5566666666666666,0.32258046170509397,0.20833333333333334,0.28867493863123994,0.21833333333333332,0.06575111943932495,0.016666666666666666,0.21367318644232544,0.21367318644232544,1.0,0.5366666666666666,0.17916666666666667,0.2841666666666667,0.0,0.13820154316365665,0.13820154316365665,1.0,0.4339562711390492,0.3125917522012382,0.16046210497143906,0.09298987168827366,0.16231798867851668,0.16231798867851668,1.0,0.4853114689028579,0.24587920943395242,0.22231438581905288,0.04649493584413683,0.0,0.0,1.0,0.32299348022434127,0.32258046170509397,0.28867493863123994,0.06575111943932495
194,0.2370065197756588,0.0,0.18424888056067512,93,18,0.0,0,0,190,0.32299348022434127,0.56,0.32258046170509397,0.205,0.28867493863123994,0.21833333333333332,0.06575111943932495,0.016666666666666666,0.21367318644232544,0.21367318644232544,1.0,0.5366666666666666,0.17916666666666667,0.2841666666666667,0.0,0.13820154316365665,0.13820154316365665,1.0,0.4339562711390492,0.3125917522012382,0.16046210497143906,0.09298987168827366,0.16231798867851668,0.16231798867851668,1.0,0.4853114689028579,0.24587920943395242,0.22231438581905288,0.04649493584413683,0.0,0.0,1.0,0.32299348022434127,0.32258046170509397,0.28867493863123994,0.06575111943932495
195,0.2370065197756588,0.0,0.18424888056067512,87,18,0.0,0,0,190,0.32299348022434127,0.56,0.32258046170509397,0.20666666666666667,0.28867493863123994,0.21666666666666667,0.06575111943932495,0.016666666666666666,0.21367318644232544,0.21367318644232544,1.0,0.5366666666666666,0.17916666666666667,0.2841666666666667,0.0,0.13820154316365665,0.13820154316365665,1.0,0.4339562711390492,0.3125917522012382,0.16046210497143906,0.09298987168827366,0.16231798867851668,0.16231798867851668,1.0,0.4853114689028579,0.24587920943395242,0.22231438581905288,0.04649493584413683,0.0,0.0,1.0,0.32299348022434127,0.32258046170509397,0.28867493863123994,0.06575111943932495
196,0.24033985310899214,0.0,0.18424888056067512,85,18,0.0,0,0,190,0.32299348022434127,0.5633333333333334,0.32258046170509397,0.2,0.28867493863123994,0.22,0.06575111943932495,0.016666666666666666,0.21367318644232544,0.21367318644232544,1.0,0.5366666666666666,0.17916666666666667,0.2841666666666667,0.0,0.13820154316365665,0.13820154316365665,1.0,0.4339562711390492,0.3125917522012382,0.16046210497143906,0.09298987168827366,0.16231798867851668,0.16231798867851668,1.0,0.4853114689028579,0.24587920943395242,0.22231438581905288,0.04649493584413683,0.0,0.0,1.0,0.32299348022434127,0.32258046170509397,0.28867493863123994,0.06575111943932495
197,0.23200651977565884,0.0,0.18424888056067512,110,18,0.0,0,0,190,0.32299348022434127,0.555,0.32258046170509397,0.20833333333333334,0.28867493863123994,0.22,0.06575111943932495,0.016666666666666666,0.21367318644232544,0.21367318644232544,1.0,0.5366666666666666,0.17916666666666667,0.2841666666666667,0.0,0.13820154316365665,0.13820154316365665,1.0,0.4339562711390492,0.3125917522012382,0.16046210497143906,0.09298987168827366,0.16231798867851668,0.16231798867851668,1.0,0.4853114689028579,0.24587920943395242,0.22231438581905288,0.04649493584413683,0.0,0.0,1.0,0.32299348022434127,0.32258046170509397,0.28867493863123994,0.06575111943932495
198,0.23200651977565884,0.0,0.18424888056067512,101,18,0.0,0,0,190,0.32299348022434127,0.555,0.32258046170509397,0.20833333333333334,0.28867493863123994,0.22,0.06575111943932495,0.016666666666666666,0.21367318644232544,0.21367318644232544,1.0,0.5366666666666666,0.17916666666666667,0.2841666666666667,0.0,0.13820154316365665,0.13820154316365665,1.0,0.4339562711390492,0.3125917522012382,0.16046210497143906,0.09298987168827366,0.16231798867851668,0.16231798867851668,1.0,0.4853114689028579,0.24587920943395242,0.22231438581905288,0.04649493584413683,0.0,0.0,1.0,0.32299348022434127,0.32258046170509397,0.28867493863123994,0.06575111943932495
199,0.23533985310899214,0.0,0.18424888056067512,112,18,0.0,0,0,190,0.32299348022434127,0.5583333333333333,0.32258046170509397,0.20833333333333334,0.28867493863123994,0.21666666666666667,0.06575111943932495,0.016666666666666666,0.21367318644232544,0.21367318644232544,1.0,0.5366666666666666,0.17916666666666667,0.2841666666666667,0.0,0.13820154316365665,0.13820154316365665,1.0,0.4339562711390492,0.3125917522012382,0.16046210497143906,0.09298987168827366,0.16231798867851668,0.16231798867851668,1.0,0.4853114689028579,0.24587920943395242,0.22231438581905288,0.04649493584413683,0.0,0.0,1.0,0.32299348022434127,0.32258046170509397,0.28867493863123994,0.06575111943932495
200,0.13999824781108555,0.0,0.18424888056067512,84,14,0.0,0,1,200,0.32299348022434127,0.43833333333333335,0.32258046170509397,0.21833333333333332,0.28867493863123994,0.31333333333333335,0.06575111943932495,0.03,0.20833158114441888,0.20833158114441888,1.0,0.5258333333333334,0.17833333333333334,0.2941666666666667,0.0016666666666666668,0.012718513007868297,0.012718513007868297,0.0,0.32329382656148087,0.326744639081287,0.29692892792577563,0.05303260643145666,0.10844295838804707,0.10844295838804707,1.0,0.4245635799474071,0.2525389862073102,0.29554779729622116,0.02734963654906166,0.0,0.0,1.0,0.32299348022434127,0.32258046170509397,0.28867493863123994,0.06575111943932495
201,0.15700651977565877,0.0,0.18424888056067512,75,10,0.0,0,0,200,0.32299348022434127,0.48,0.32258046170509397,0.26,0.28867493863123994,0.195,0.06575111943932495,0.065,0.20833158114441888,0.20833158114441888,1.0,0.5258333333333334,0.17833333333333334,0.2941666666666667,0.0016666666666666668,0.012718513007868297,0.012718513007868297,0.0,0.32329382656148087,0.326744639081287,0.29692892792577563,0.05303260643145666,0.10844295838804707,0.10844295838804707,1.0,0.4245635799474071,0.2525389862073102,0.29554779729622116,0.02734963654906166,0.0,0.0,1.0,0.32299348022434127,0.32258046170509397,0.28867493863123994,0.06575111943932495
202,0.18533985310899212,0.0,0.18424888056067512,74,12,0.0,0,0,200,0.32299348022434127,0.5083333333333333,0.32258046170509397,0.265,0.28867493863123994,0.185,0.06575111943932495,0.041666666666666664,0.20833158114441888,0.20833158114441888,1.0,0.5258333333333334,0.17833333333333334,0.2941666666666667,0.0016666666666666668,0.012718513007868297,0.012718513007868297,0.0,0.32329382656148087,0.326744639081287,0.29692892792577563,0.05303260643145666,0.10844295838804707,0.10844295838804707,1.0,0.4245635799474071,0.2525389862073102,0.29554779729622116,0.02734963654906166,0.0,0.0,1.0,0.32299348022434127,0.32258046170509397,0.28867493863123994,0.06575111943932495
203,0.12275939140389817,0.0,0.18424888056067512,88,11,0.0,0,0,200,0.32299348022434127,0.3416666666666667,0.32258046170509397,0.4266666666666667,0.28867493863123994,0.19833333333333333,0.06575111943932495,0.03333333333333333,0.20833158114441888,0.20833158114441888,1.0,0.5258333333333334,0.17833333333333334,0.2941666666666667,0.0016666666666666668,0.012718513007868297,0.012718513007868297,0.0,0.32329382656148087,0.326744639081287,0.29692892792577563,0.05303260643145666,0.10844295838804707,0.10844295838804707,1.0,0.4245635799474071,0.2525389862073102,0.29554779729622116,0.02734963654906166,0.0,0.0,1.0,0.32299348022434127,0.32258046170509397,0.28867493863123994,0.06575111943932495
204,0.1274195382949061,0.0,0.18424888056067512,100,13,0.0,0,0,200,0.32299348022434127,0.31333333333333335,0.32258046170509397,0.45,0.28867493863123994,0.21,0.06575111943932495,0.02666666666666667,0.20833158114441888,0.20833158114441888,1.0,0.5258333333333334,0.17833333333333334,0.2941666666666667,0.0016666666666666668,0.012718513007868297,0.012718513007868297,0.0,0.32329382656148087,0.326744639081287,0.29692892792577563,0.05303260643145666,0.10844295838804707,0.10844295838804707,1.0,0.4245635799474071,0.2525389862073102,0.29554779729622116,0.02734963654906166,0.0,0.0,1.0,0.32299348022434127,0.32258046170509397,0.28867493863123994,0.06575111943932495
205,0.1024195382949061,0.0,0.18424888056067512,96,15,0.0,0,0,200,0.32299348022434127,0.305,0.32258046170509397,0.425,0.28867493863123994,0.24833333333333332,0.06575111943932495,0.021666666666666667,0.20833158114441888,0.20833158114441888,1.0,0.5258333333333334,0.17833333333333334,0.2941666666666667,0.0016666666666666668,0.012718513007868297,0.012718513007868297,0.0,0.32329382656148087,0.326744639081287,0.29692892792577563,0.05303260643145666,0.10844295838804707,0.10844295838804707,1.0,0.4245635799474071,0.2525389862073102,0.29554779729622116,0.02734963654906166,0.0,0.0,1.0,0.32299348022434127,0.32258046170509397,0.28867493863123994,0.06575111943932495
206,0.06275939140389813,0.0,0.18424888056067512,98,17,0.0,0,0,200,0.32299348022434127,0.3416666666666667,0.32258046170509397,0.36666666666666664,0.28867493863123994,0.27,0.06575111943932495,0.021666666666666667,0.20833158114441888,0.20833158114441888,1.0,0.5258333333333334,0.17833333333333334,0.2941666666666667,0.0016666666666666668,0.012718513007868297,0.012718513007868297,0.0,0.32329382656148087,0.326744639081287,0.29692892792577563,0.05303260643145666,0.10844295838804707,0.10844295838804707,1.0,0.4245635799474071,0.2525389862073102,0.29554779729622116,0.02734963654906166,0.0,0.0,1.0,0.32299348022434127,0.32258046170509397,0.28867493863123994,0.06575111943932495
207,0.0710927247372315,0.0,0.18424888056067512,94,19,0.0,0,0,200,0.32299348022434127,0.34833333333333333,0.32258046170509397,0.36833333333333335,0.28867493863123994,0.26166666666666666,0.06575111943932495,0.021666666666666667,0.20833158114441888,0.20833158114441888,1.0,0.5258333333333334,0.17833333333333334,0.2941666666666667,0.0016666666666666668,0.012718513007868297,0.012718513007868297,0.0,0.32329382656148087,0.326744639081287,0.29692892792577563,0.05303260643145666,0.10844295838804707,0.10844295838804707,1.0,0.4245635799474071,0.2525389862073102,0.29554779729622116,0.02734963654906166,0.0,0.0,1.0,0.32299348022434127,0.32258046170509397,0.28867493863123994,0.06575111943932495
208,0.1554112663303328,0.0,0.18424888056067512,79,18,0.0,0,0,200,0.32299348022434127,0.21166666666666667,0.32258046170509397,0.42833333333333334,0.28867493863123994,0.3383333333333333,0.06575111943932495,0.021666666666666667,0.20833158114441888,0.20833158114441888,1.0,0.5258333333333334,0.17833333333333334,0.2941666666666667,0.0016666666666666668,0.012718513007868297,0.012718513007868297,0.0,0.32329382656148087,0.326744639081287,0.29692892792577563,0.05303260643145666,0.10844295838804707,0.10844295838804707,1.0,0.4245635799474071,0.2525389862073102,0.29554779729622116,0.02734963654906166,0.0,0.0,1.0,0.32299348022434127,0.32258046170509397,0.28867493863123994,0.06575111943932495
209,0.16541126633033285,0.0,0.18424888056067512,99,18,0.0,0,0,200,0.32299348022434127,0.205,0.32258046170509397,0.43833333333333335,0.28867493863123994,0.3383333333333333,0.06575111943932495,0.018333333333333333,0.20833158114441888,0.20833158114441888,1.0,0.5258333333333334,0.17833333333333334,0.2941666666666667,0.0016666666666666668,0.012718513007868297,0.012718513007868297,0.0,0.32329382656148087,0.326744639081287,0.29692892792577563,0.05303260643145666,0.10844295838804707,0.10844295838804707,1.0,0.4245635799474071,0.2525389862073102,0.29554779729622116,0.02734963654906166,0.0,0.0,1.0,0.32299348022434127,0.32258046170509397,0.28867493863123994,0.06575111943932495
210,0.15874459966366616,0.0,0.18424888056067512,90,18,0.0,0,1,210,0.32299348022434127,0.215,0.32258046170509397,0.44,0.28867493863123994,0.33,0.06575111943932495,0.015,0.09416491447775216,0.09416491447775216,1.0,0.41,0.275,0.29583333333333334,0.019166666666666665,0.07770992616295974,0.07770992616295974,0.0,0.2723909838066178,0.3561513288781429,0.2615675088860036,0.10989017842923572,0.01820201167896767,0.01820201167896767,1.0,0.3411954919033089,0.3155756644390715,0.2787004211096685,0.06452842254795119,0.0,0.0,1.0,0.32299348022434127,0.32258046170509397,0.28867493863123994,0.06575111943932495
211,0.16207793299699946,0.0,0.18424888056067512,99,18,0.0,0,0,210,0.32299348022434127,0.21166666666666667,0.32258046170509397,0.44166666666666665,0.28867493863123994,0.33166666666666667,0.06575111943932495,0.015,0.09416491447775216,0.09416491447775216,1.0,0.41,0.275,0.29583333333333334,0.019166666666666665,0.07770992616295974,0.07770992616295974,0.0,0.2723909838066178,0.3561513288781429,0.2615675088860036,0.10989017842923572,0.01820201167896767,0.01820201167896767,1.0,0.3411954919033089,0.3155756644390715,0.2787004211096685,0.06452842254795119,0.0,0.0,1.0,0.32299348022434127,0.32258046170509397,0.28867493863123994,0.06575111943932495
212,0.1070779329969995,0.0,0.18424888056067512,85,17,0.0,0,0,210,0.32299348022434127,0.2633333333333333,0.32258046170509397,0.34833333333333333,0.28867493863123994,0.37,0.06575111943932495,0.018333333333333333,0.09416491447775216,0.09416491447775216,1.0,0.41,0.275,0.29583333333333334,0.019166666666666665,0.07770992616295974,0.07770992616295974,0.0,0.2723909838066178,0.3561513288781429,0.2615675088860036,0.10989017842923572,0.01820201167896767,0.01820201167896767,1.0,0.3411954919033089,0.3155756644390715,0.2787004211096685,0.06452842254795119,0.0,0.0,1.0,0.32299348022434127,0.32258046170509397,0.28867493863123994,0.06575111943932495
213,0.09775939140389817,0.0,0.18424888056067512,104,16,0.0,0,0,210,0.32299348022434127,0.35333333333333333,0.32258046170509397,0.39,0.28867493863123994,0.23166666666666666,0.06575111943932495,0.025,0.09416491447775216,0.09416491447775216,1.0,0.41,0.275,0.29583333333333334,0.019166666666666665,0.07770992616295974,0.07770992616295974,0.0,0.2723909838066178,0.3561513288781429,0.2615675088860036,0.10989017842923572,0.01820201167896767,0.01820201167896767,1.0,0.3411954919033089,0.3155756644390715,0.2787004211096685,0.06452842254795119,0.0,0.0,1.0,0.32299348022434127,0.32258046170509397,0.28867493863123994,0.06575111943932495
214,0.10942605807056482,0.0,0.18424888056067512,72,17,0.0,0,0,210,0.32299348022434127,0.355,0.32258046170509397,0.4,0.28867493863123994,0.23,0.06575111943932495,0.015,0.09416491447775216,0.09416491447775216,1.0,0.41,0.275,0.29583333333333334,0.019166666666666665,0.07770992616295974,0.07770992616295974,0.0,0.2723909838066178,0.3561513288781429,0.2615675088860036,0.10989017842923572,0.01820201167896767,0.01820201167896767,1.0,0.3411954919033089,0.3155756644390715,0.2787004211096685,0.06452842254795119,0.0,0.0,1.0,0.32299348022434127,0.32258046170509397,0.28867493863123994,0.06575111943932495
215,0.10442605807056482,0.0,0.18424888056067512,98,17,0.0,0,0,210,0.32299348022434127,0.345,0.32258046170509397,0.405,0.28867493863123994,0.23333333333333334,0.06575111943932495,0.016666666666666666,0.09416491447775216,0.09416491447775216,1.0,0.41,0.275,0.29583333333333334,0.019166666666666665,0.07770992616295974,0.07770992616295974,0.0,0.2723909838066178,0.3561513288781429,0.2615675088860036,0.10989017842923572,0.01820201167896767,0.01820201167896767,1.0,0.3411954919033089,0.3155756644390715,0.2787004211096685,0.06452842254795119,0.0,0.0,1.0,0.32299348022434127,0.32258046170509397,0.28867493863123994,0.06575111943932495
216,0.10109272473723149,0.0,0.18424888056067512,99,18,0.0,0,0,210,0.32299348022434127,0.3233333333333333,0.32258046170509397,0.42333333333333334,0.28867493863123994,0.235,0.06575111943932495,0.018333333333333333,0.09416491447775216,0.09416491447775216,1.0,0.41,0.275,0.29583333333333334,0.019166666666666665,0.07770992616295974,0.07770992616295974,0.0,0.2723909838066178,0.3561513288781429,0.2615675088860036,0.10989017842923572,0.01820201167896767,0.01820201167896767,1.0,0.3411954919033089,0.3155756644390715,0.2787004211096685,0.06452842254795119,0.0,0.0,1.0,0.32299348022434127,0.32258046170509397,0.28867493863123994,0.06575111943932495
217,0.09775939140389817,0.0,0.18424888056067512,79,18,0.0,0,0,210,0.32299348022434127,0.34,0.32258046170509397,0.4033333333333333,0.28867493863123994,0.23833333333333334,0.06575111943932495,0.018333333333333333,0.09416491447775216,0.09416491447775216,1.0,0.41,0.275,0.29583333333333334,0.019166666666666665,0.07770992616295974,0.07770992616295974,0.0,0.2723909838066178,0.3561513288781429,0.2615675088860036,0.10989017842923572,0.01820201167896767,0.01820201167896767,1.0,0.3411954919033089,0.3155756644390715,0.2787004211096685,0.06452842254795119,0.0,0.0,1.0,0.32299348022434127,0.32258046170509397,0.28867493863123994,0.06575111943932495
218,0.09775939140389817,0.0,0.18424888056067512,71,18,0.0,0,0,210,0.32299348022434127,0.33,0.32258046170509397,0.41333333333333333,0.28867493863123994,0.23666666666666666,0.06575111943932495,0.02,0.09416491447775216,0.09416491447775216,1.0,0.41,0.275,0.29583333333333334,0.019166666666666665,0.07770992616295974,0.07770992616295974,0.0,0.2723909838066178,0.3561513288781429,0.2615675088860036,0.10989017842923572,0.01820201167896767,0.01820201167896767,1.0,0.3411954919033089,0.3155756644390715,0.2787004211096685,0.06452842254795119,0.0,0.0,1.0,0.32299348022434127,0.32258046170509397,0.28867493863123994,0.06575111943932495
219,0.10275939140389817,0.0,0.18424888056067512,85,18,0.0,0,0,210,0.32299348022434127,0.325,0.32258046170509397,0.42333333333333334,0.28867493863123994,0.23166666666666666,0.06575111943932495,0.02,0.09416491447775216,0.09416491447775216,1.0,0.41,0.275,0.29583333333333334,0.019166666666666665,0.07770992616295974,0.07770992616295974,0.0,0.2723909838066178,0.3561513288781429,0.2615675088860036,0.10989017842923572,0.01820201167896767,0.01820201167896767,1.0,0.3411954919033089,0.3155756644390715,0.2787004211096685,0.06452842254795119,0.0,0.0,1.0,0.32299348022434127,0.32258046170509397,0.28867493863123994,0.06575111943932495
220,0.10775939140389815,0.0,0.18424888056067512,82,18,0.0,0,1,220,0.32299348022434127,0.3233333333333333,0.32258046170509397,0.43,0.28867493863123994,0.22666666666666666,0.06575111943932495,0.02,0.09124459966366612,0.09124459966366612,0.0,0.28,0.3933333333333333,0.30916666666666665,0.0175,0.13708598159246757,0.13708598159246757,0.0,0.250572188006205,0.2579157723307626,0.33451233738365466,0.1569997022793778,0.05770738622123867,0.05770738622123867,0.0,0.26528609400310255,0.32562455283204794,0.32183950202516065,0.08724985113968889,0.0,0.0,1.0,0.32299348022434127,0.32258046170509397,0.28867493863123994,0.06575111943932495
221,0.11241953829490609,0.0,0.18424888056067512,65,19,0.0,0,0,220,0.32299348022434127,0.315,0.32258046170509397,0.435,0.28867493863123994,0.22833333333333333,0.06575111943932495,0.021666666666666667,0.09124459966366612,0.09124459966366612,0.0,0.28,0.3933333333333333,0.30916666666666665,0.0175,0.13708598159246757,0.13708598159246757,0.0,0.250572188006205,0.2579157723307626,0.33451233738365466,0.1569997022793778,0.05770738622123867,0.05770738622123867,0.0,0.26528609400310255,0.32562455283204794,0.32183950202516065,0.08724985113968889,0.0,0.0,1.0,0.32299348022434127,0.32258046170509397,0.28867493863123994,0.06575111943932495
222,0.11241953829490611,0.0,0.18424888056067512,97,19,0.0,0,0,220,0.32299348022434127,0.31666666666666665,0.32258046170509397,0.435,0.28867493863123994,0.22666666666666666,0.06575111943932495,0.021666666666666667,0.09124459966366612,0.09124459966366612,0.0,0.28,0.3933333333333333,0.30916666666666665,0.0175,0.13708598159246757,0.13708598159246757,0.0,0.250572188006205,0.2579157723307626,0.33451233738365466,0.1569997022793778,0.05770738622123867,0.05770738622123867,0.0,0.26528609400310255,0.32562455283204794,0.32183950202516065,0.08724985113968889,0.0,0.0,1.0,0.32299348022434127,0.32258046170509397,0.28867493863123994,0.06575111943932495
223,0.12241953829490611,0.0,0.18424888056067512,94,19,0.0,0,0,220,0.32299348022434127,0.30666666666666664,0.32258046170509397,0.445,0.28867493863123994,0.225,0.06575111943932495,0.023333333333333334,0.09124459966366612,0.09124459966366612,0.0,0.28,0.3933333333333333,0.30916666666666665,0.0175,0.13708598159246757,0.13708598159246757,0.0,0.250572188006205,0.2579157723307626,0.33451233738365466,0.1569997022793778,0.05770738622123867,0.05770738622123867,0.0,0.26528609400310255,0.32562455283204794,0.32183950202516065,0.08724985113968889,0.0,0.0,1.0,0.32299348022434127,0.32258046170509397,0.28867493863123994,0.06575111943932495
224,0.1274195382949061,0.0,0.18424888056067512,88,19,0.0,0,0,220,0.32299348022434127,0.3,0.32258046170509397,0.45,0.28867493863123994,0.22666666666666666,0.06575111943932495,0.023333333333333334,0.09124459966366612,0.09124459966366612,0.0,0.28,0.3933333333333333,0.30916666666666665,0.0175,0.13708598159246757,0.13708598159246757,0.0,0.250572188006205,0.2579157723307626,0.33451233738365466,0.1569997022793778,0.05770738622123867,0.05770738622123867,0.0,0.26528609400310255,0.32562455283204794,0.32183950202516065,0.08724985113968889,0.0,0.0,1.0,0.32299348022434127,0.32258046170509397,0.28867493863123994,0.06575111943932495
225,0.1274195382949061,0.0,0.18424888056067512,112,19,0.0,0,0,220,0.32299348022434127,0.30333333333333334,0.32258046170509397,0.45,0.28867493863123994,0.225,0.06575111943932495,0.021666666666666667,0.09124459966366612,0.09124459966366612,0.0,0.28,0.3933333333333333,0.30916666666666665,0.0175,0.13708598159246757,0.13708598159246757,0.0,0.250572188006205,0.2579157723307626,0.33451233738365466,0.1569997022793778,0.05770738622123867,0.05770738622123867,0.0,0.26528609400310255,0.32562455283204794,0.32183950202516065,0.08724985113968889,0.0,0.0,1.0,0.32299348022434127,0.32258046170509397,0.28867493863123994,0.06575111943932495
226,0.1307528716282394,0.0,0.18424888056067512,93,19,0.0,0,0,220,0.32299348022434127,0.30833333333333335,0.32258046170509397,0.4533333333333333,0.28867493863123994,0.22,0.06575111943932495,0.018333333333333333,0.09124459966366612,0.09124459966366612,0.0,0.28,0.3933333333333333,0.30916666666666665,0.0175,0.13708598159246757,0.13708598159246757,0.0,0.250572188006205,0.2579157723307626,0.33451233738365466,0.1569997022793778,0.05770738622123867,0.05770738622123867,0.0,0.26528609400310255,0.32562455283204794,0.32183950202516065,0.08724985113968889,0.0,0.0,1.0,0.32299348022434127,0.32258046170509397,0.28867493863123994,0.06575111943932495
227,0.1307528716282394,0.0,0.18424888056067512,93,19,0.0,0,0,220,0.32299348022434127,0.30833333333333335,0.32258046170509397,0.4533333333333333,0.28867493863123994,0.22,0.06575111943932495,0.018333333333333333,0.09124459966366612,0.09124459966366612,0.0,0.28,0.3933333333333333,0.30916666666666665,0.0175,0.13708598159246757,0.13708598159246757,0.0,0.250572188006205,0.2579157723307626,0.33451233738365466,0.1569997022793778,0.05770738622123867,0.05770738622123867,0.0,0.26528609400310255,0.32562455283204794,0.32183950202516065,0.08724985113968889,0.0,0.0,1.0,0.32299348022434127,0.32258046170509397,0.28867493863123994,0.06575111943932495
228,0.14408620496157276,0.0,0.18424888056067512,80,19,0.0,0,0,220,0.32299348022434127,0.3,0.32258046170509397,0.4666666666666667,0.28867493863123994,0.21666666666666667,0.06575111943932495,0.016666666666666666,0.09124459966366612,0.09124459966366612,0.0,0.28,0.3933333333333333,0.30916666666666665,0.0175,0.13708598159246757,0.13708598159246757,0.0,0.250572188006205,0.2579157723307626,0.33451233738365466,0.1569997022793778,0.05770738622123867,0.05770738622123867,0.0,0.26528609400310255,0.32562455283204794,0.32183950202516065,0.08724985113968889,0.0,0.0,1.0,0.32299348022434127,0.32258046170509397,0.28867493863123994,0.06575111943932495
229,0.1357528716282394,0.0,0.18424888056067512,82,19,0.0,0,0,220,0.32299348022434127,0.30833333333333335,0.32258046170509397,0.4583333333333333,0.28867493863123994,0.21833333333333332,0.06575111943932495,0.015,0.09124459966366612,0.09124459966366612,0.0,0.28,0.3933333333333333,0.30916666666666665,0.0175,0.13708598159246757,0.13708598159246757,0.0,0.250572188006205,0.2579157723307626,0.33451233738365466,0.1569997022793778,0.05770738622123867,0.05770738622123867,0.0,0.26528609400310255,0.32562455283204794,0.32183950202516065,0.08724985113968889,0.0,0.0,1.0,0.32299348022434127,0.32258046170509397,0.28867493863123994,0.06575111943932495
230,0.13908620496157276,0.0,0.18424888056067512,96,19,0.0,0,1,230,0.32299348022434127,0.30833333333333335,0.32258046170509397,0.46166666666666667,0.28867493863123994,0.215,0.06575111943932495,0.015,0.13291126633033284,0.13291126633033284,0.0,0.25166666666666665,0.44583333333333336,0.29833333333333334,0.004166666666666667,0.07991583213260207,0.07991583213260207,0.0,0.3572098460572506,0.36511898518472674,0.20875910649863785,0.06891206225938491,0.0828956975539361,0.0828956975539361,0.0,0.30443825636195865,0.40547615925903,0.2535462199159856,0.03653936446302579,0.0,0.0,1.0,0.32299348022434127,0.32258046170509397,0.28867493863123994,0.06575111943932495
231,0.13908620496157276,0.0,0.18424888056067512,84,19,0.0,0,0,230,0.32299348022434127,0.30833333333333335,0.32258046170509397,0.46166666666666667,0.28867493863123994,0.215,0.06575111943932495,0.015,0.13291126633033284,0.13291126633033284,0.0,0.25166666666666665,0.44583333333333336,0.29833333333333334,0.004166666666666667,0.07991583213260207,0.07991583213260207,0.0,0.3572098460572506,0.36511898518472674,0.20875910649863785,0.06891206225938491,0.0828956975539361,0.0828956975539361,0.0,0.30443825636195865,0.40547615925903,0.2535462199159856,0.03653936446302579,0.0,0.0,1.0,0.32299348022434127,0.32258046170509397,0.28867493863123994,0.06575111943932495
232,0.1424195382949061,0.0,0.18424888056067512,84,19,0.0,0,0,230,0.32299348022434127,0.30666666666666664,0.32258046170509397,0.465,0.28867493863123994,0.21333333333333335,0.06575111943932495,0.015,0.13291126633033284,0.13291126633033284,0.0,0.25166666666666665,0.44583333333333336,0.29833333333333334,0.004166666666666667,0.07991583213260207,0.07991583213260207,0.0,0.3572098460572506,0.36511898518472674,0.20875910649863785,0.06891206225938491,0.0828956975539361,0.0828956975539361,0.0,0.30443825636195865,0.40547615925903,0.2535462199159856,0.03653936446302579,0.0,0.0,1.0,0.32299348022434127,0.32258046170509397,0.28867493863123994,0.06575111943932495
233,0.1424195382949061,0.0,0.18424888056067512,77,19,0.0,0,0,230,0.32299348022434127,0.30333333333333334,0.32258046170509397,0.465,0.28867493863123994,0.21666666666666667,0.06575111943932495,0.015,0.13291126633033284,0.13291126633033284,0.0,0.25166666666666665,0.44583333333333336,0.29833333333333334,0.004166666666666667,0.07991583213260207,0.07991583213260207,0.0,0.3572098460572506,0.36511898518472674,0.20875910649863785,0.06891206225938491,0.0828956975539361,0.0828956975539361,0.0,0.30443825636195865,0.40547615925903,0.2535462199159856,0.03653936446302579,0.0,0.0,1.0,0.32299348022434127,0.32258046170509397,0.28867493863123994,0.06575111943932495
234,0.1424195382949061,0.0,0.18424888056067512,83,19,0.0,0,0,230,0.32299348022434127,0.30333333333333334,0.32258046170509397,0.465,0.28867493863123994,0.21666666666666667,0.06575111943932495,0.015,0.13291126633033284,0.13291126633033284,0.0,0.25166666666666665,0.44583333333333336,0.29833333333333334,0.004166666666666667,0.07991583213260207,0.07991583213260207,0.0,0.3572098460572506,0.36511898518472674,0.20875910649863785,0.06891206225938491,0.0828956975539361,0.0828956975539361,0.0,0.30443825636195865,0.40547615925903,0.2535462199159856,0.03653936446302579,0.0,0.0,1.0,0.32299348022434127,0.32258046170509397,0.28867493863123994,0.06575111943932495
235,0.1474195382949061,0.0,0.18424888056067512,90,19,0.0,0,0,230,0.32299348022434127,0.3,0.32258046170509397,0.47,0.28867493863123994,0.215,0.06575111943932495,0.015,0.13291126633033284,0.13291126633033284,0.0,0.25166666666666665,0.44583333333333336,0.29833333333333334,0.004166666666666667,0.07991583213260207,0.07991583213260207,0.0,0.3572098460572506,0.36511898518472674,0.20875910649863785,0.06891206225938491,0.0828956975539361,0.0828956975539361,0.0,0.30443825636195865,0.40547615925903,0.2535462199159856,0.03653936446302579,0.0,0.0,1.0,0.32299348022434127,0.32258046170509397,0.28867493863123994,0.06575111943932495
236,0.15408620496157277,0.0,0.18424888056067512,98,19,0.0,0,0,230,0.32299348022434127,0.2916666666666667,0.32258046170509397,0.4766666666666667,0.28867493863123994,0.21666666666666667,0.06575111943932495,0.015,0.13291126633033284,0.13291126633033284,0.0,0.25166666666666665,0.44583333333333336,0.29833333333333334,0.004166666666666667,0.07991583213260207,0.07991583213260207,0.0,0.3572098460572506,0.36511898518472674,0.20875910649863785,0.06891206225938491,0.0828956975539361,0.0828956975539361,0.0,0.30443825636195865,0.40547615925903,0.2535462199159856,0.03653936446302579,0.0,0.0,1.0,0.32299348022434127,0.32258046170509397,0.28867493863123994,0.06575111943932495
237,0.15908620496157277,0.0,0.18424888056067512,105,19,0.0,0,0,230,0.32299348022434127,0.29,0.32258046170509397,0.4816666666666667,0.28867493863123994,0.21333333333333335,0.06575111943932495,0.015,0.13291126633033284,0.13291126633033284,0.0,0.25166666666666665,0.44583333333333336,0.29833333333333334,0.004166666666666667,0.07991583213260207,0.07991583213260207,0.0,0.3572098460572506,0.36511898518472674,0.20875910649863785,0.06891206225938491,0.0828956975539361,0.0828956975539361,0.0,0.30443825636195865,0.40547615925903,0.2535462199159856,0.03653936446302579,0.0,0.0,1.0,0.32299348022434127,0.32258046170509397,0.28867493863123994,0.06575111943932495
238,0.15908620496157277,0.0,0.18424888056067512,85,19,0.0,0,0,230,0.32299348022434127,0.29,0.32258046170509397,0.4816666666666667,0.28867493863123994,0.21333333333333335,0.06575111943932495,0.015,0.13291126633033284,0.13291126633033284,0.0,0.25166666666666665,0.44583333333333336,0.29833333333333334,0.004166666666666667,0.07991583213260207,0.07991583213260207,0.0,0.3572098460572506,0.36511898518472674,0.20875910649863785,0.06891206225938491,0.0828956975539361,0.0828956975539361,0.0,0.30443825636195865,0.40547615925903,0.2535462199159856,0.03653936446302579,0.0,0.0,1.0,0.32299348022434127,0.32258046170509397,0.28867493863123994,0.06575111943932495
239,0.15908620496157277,0.0,0.18424888056067512,84,19,0.0,0,0,230,0.32299348022434127,0.28833333333333333,0.32258046170509397,0.4816666666666667,0.28867493863123994,0.215,0.06575111943932495,0.015,0.13291126633033284,0.13291126633033284,0.0,0.25166666666666665,0.44583333333333336,0.29833333333333334,0.004166666666666667,0.07991583213260207,0.07991583213260207,0.0,0.3572098460572506,0.36511898518472674,0.20875910649863785,0.06891206225938491,0.0828956975539361,0.0828956975539361,0.0,0.30443825636195865,0.40547615925903,0.2535462199159856,0.03653936446302579,0.0,0.0,1.0,0.32299348022434127,0.32258046170509397,0.28867493863123994,0.06575111943932495
