step,attention_error,preference_change,uniform_prior_error,interactions,pool_size,official_exposure_share,official_arrivals,observation_updated,last_observed_at,truth_0,attention_0,truth_1,attention_1,truth_2,attention_2,truth_3,attention_3,error_platform,initial_error_platform,top_accuracy_platform,estimate_platform_0,estimate_platform_1,estimate_platform_2,estimate_platform_3,error_survey,initial_error_survey,top_accuracy_survey,estimate_survey_0,estimate_survey_1,estimate_survey_2,estimate_survey_3,error_fused,initial_error_fused,top_accuracy_fused,estimate_fused_0,estimate_fused_1,estimate_fused_2,estimate_fused_3,error_oracle,initial_error_oracle,top_accuracy_oracle,estimate_oracle_0,estimate_oracle_1,estimate_oracle_2,estimate_oracle_3
0,0.07159462239093331,0.0,0.15098305172788193,73,28,0.0,0,1,0,0.14038127697814337,0.10666666666666667,0.29591100745214854,0.2633333333333333,0.20863567129397462,0.20333333333333334,0.3550720442757333,0.4266666666666667,0.19545332125387674,0.19545332125387674,0.0,0.06666666666666667,0.3333333333333333,0.36666666666666664,0.23333333333333334,0.11118500219434772,0.11118500219434772,1.0,0.15712822626722342,0.23544273830694837,0.15791893824482714,0.44951009718100104,0.053657131161772204,0.053657131161772204,1.0,0.11189744646694505,0.2843880358201408,0.2622928024557469,0.3414217152571672,0.0,0.0,1.0,0.14038127697814337,0.29591100745214854,0.20863567129397462,0.3550720442757333
1,0.3223502816054514,0.0,0.15098305172788193,117,26,0.0,0,0,0,0.14038127697814337,0.006666666666666667,0.29591100745214854,0.4166666666666667,0.20863567129397462,0.02,0.3550720442757333,0.5566666666666666,0.19545332125387674,0.19545332125387674,0.0,0.06666666666666667,0.3333333333333333,0.36666666666666664,0.23333333333333334,0.11118500219434772,0.11118500219434772,1.0,0.15712822626722342,0.23544273830694837,0.15791893824482714,0.44951009718100104,0.053657131161772204,0.053657131161772204,1.0,0.11189744646694505,0.2843880358201408,0.2622928024557469,0.3414217152571672,0.0,0.0,1.0,0.14038127697814337,0.29591100745214854,0.20863567129397462,0.3550720442757333
2,0.34401694827211804,0.0,0.15098305172788193,128,26,0.0,0,0,0,0.14038127697814337,0.0,0.29591100745214854,0.36,0.20863567129397462,0.005,0.3550720442757333,0.635,0.19545332125387674,0.19545332125387674,0.0,0.06666666666666667,0.3333333333333333,0.36666666666666664,0.23333333333333334,0.11118500219434772,0.11118500219434772,1.0,0.15712822626722342,0.23544273830694837,0.15791893824482714,0.44951009718100104,0.053657131161772204,0.053657131161772204,1.0,0.11189744646694505,0.2843880358201408,0.2622928024557469,0.3414217152571672,0.0,0.0,1.0,0.14038127697814337,0.29591100745214854,0.20863567129397462,0.3550720442757333
3,0.34901694827211804,0.0,0.15098305172788193,148,26,0.0,0,0,0,0.14038127697814337,0.0,0.29591100745214854,0.3416666666666667,0.20863567129397462,0.0,0.3550720442757333,0.6583333333333333,0.19545332125387674,0.19545332125387674,0.0,0.06666666666666667,0.3333333333333333,0.36666666666666664,0.23333333333333334,0.11118500219434772,0.11118500219434772,1.0,0.15712822626722342,0.23544273830694837,0.15791893824482714,0.44951009718100104,0.053657131161772204,0.053657131161772204,1.0,0.11189744646694505,0.2843880358201408,0.2622928024557469,0.3414217152571672,0.0,0.0,1.0,0.14038127697814337,0.29591100745214854,0.20863567129397462,0.3550720442757333
4,0.3490169482721181,0.0,0.15098305172788193,118,26,0.0,0,0,0,0.14038127697814337,0.0,0.29591100745214854,0.36833333333333335,0.20863567129397462,0.0,0.3550720442757333,0.6316666666666667,0.19545332125387674,0.19545332125387674,0.0,0.06666666666666667,0.3333333333333333,0.36666666666666664,0.23333333333333334,0.11118500219434772,0.11118500219434772,1.0,0.15712822626722342,0.23544273830694837,0.15791893824482714,0.44951009718100104,0.053657131161772204,0.053657131161772204,1.0,0.11189744646694505,0.2843880358201408,0.2622928024557469,0.3414217152571672,0.0,0.0,1.0,0.14038127697814337,0.29591100745214854,0.20863567129397462,0.3550720442757333
5,0.34901694827211804,0.0,0.15098305172788193,122,26,0.0,0,0,0,0.14038127697814337,0.0,0.29591100745214854,0.36666666666666664,0.20863567129397462,0.0,0.3550720442757333,0.6333333333333333,0.19545332125387674,0.19545332125387674,0.0,0.06666666666666667,0.3333333333333333,0.36666666666666664,0.23333333333333334,0.11118500219434772,0.11118500219434772,1.0,0.15712822626722342,0.23544273830694837,0.15791893824482714,0.44951009718100104,0.053657131161772204,0.053657131161772204,1.0,0.11189744646694505,0.2843880358201408,0.2622928024557469,0.3414217152571672,0.0,0.0,1.0,0.14038127697814337,0.29591100745214854,0.20863567129397462,0.3550720442757333
6,0.34901694827211804,0.0,0.15098305172788193,117,26,0.0,0,0,0,0.14038127697814337,0.0,0.29591100745214854,0.37,0.20863567129397462,0.0,0.3550720442757333,0.63,0.19545332125387674,0.19545332125387674,0.0,0.06666666666666667,0.3333333333333333,0.36666666666666664,0.23333333333333334,0.11118500219434772,0.11118500219434772,1.0,0.15712822626722342,0.23544273830694837,0.15791893824482714,0.44951009718100104,0.053657131161772204,0.053657131161772204,1.0,0.11189744646694505,0.2843880358201408,0.2622928024557469,0.3414217152571672,0.0,0.0,1.0,0.14038127697814337,0.29591100745214854,0.20863567129397462,0.3550720442757333
7,0.3490169482721181,0.0,0.15098305172788193,112,26,0.0,0,0,0,0.14038127697814337,0.0,0.29591100745214854,0.37833333333333335,0.20863567129397462,0.0,0.3550720442757333,0.6216666666666667,0.19545332125387674,0.19545332125387674,0.0,0.06666666666666667,0.3333333333333333,0.36666666666666664,0.23333333333333334,0.11118500219434772,0.11118500219434772,1.0,0.15712822626722342,0.23544273830694837,0.15791893824482714,0.44951009718100104,0.053657131161772204,0.053657131161772204,1.0,0.11189744646694505,0.2843880358201408,0.2622928024557469,0.3414217152571672,0.0,0.0,1.0,0.14038127697814337,0.29591100745214854,0.20863567129397462,0.3550720442757333
8,0.3490169482721181,0.0,0.15098305172788193,132,26,0.0,0,0,0,0.14038127697814337,0.0,0.29591100745214854,0.37333333333333335,0.20863567129397462,0.0,0.3550720442757333,0.6266666666666667,0.19545332125387674,0.19545332125387674,0.0,0.06666666666666667,0.3333333333333333,0.36666666666666664,0.23333333333333334,0.11118500219434772,0.11118500219434772,1.0,0.15712822626722342,0.23544273830694837,0.15791893824482714,0.44951009718100104,0.053657131161772204,0.053657131161772204,1.0,0.11189744646694505,0.2843880358201408,0.2622928024557469,0.3414217152571672,0.0,0.0,1.0,0.14038127697814337,0.29591100745214854,0.20863567129397462,0.3550720442757333
9,0.3490169482721181,0.0,0.15098305172788193,128,26,0.0,0,0,0,0.14038127697814337,0.0,0.29591100745214854,0.37833333333333335,0.20863567129397462,0.0,0.3550720442757333,0.6216666666666667,0.19545332125387674,0.19545332125387674,0.0,0.06666666666666667,0.3333333333333333,0.36666666666666664,0.23333333333333334,0.11118500219434772,0.11118500219434772,1.0,0.15712822626722342,0.23544273830694837,0.15791893824482714,0.44951009718100104,0.053657131161772204,0.053657131161772204,1.0,0.11189744646694505,0.2843880358201408,0.2622928024557469,0.3414217152571672,0.0,0.0,1.0,0.14038127697814337,0.29591100745214854,0.20863567129397462,0.3550720442757333
10,0.3490169482721181,0.0,0.15098305172788193,133,26,0.0,0,1,10,0.14038127697814337,0.0,0.29591100745214854,0.38333333333333336,0.20863567129397462,0.0,0.3550720442757333,0.6166666666666667,0.3065927058478757,0.3065927058478757,1.0,0.006060606060606061,0.38333333333333336,0.03636363636363636,0.5742424242424242,0.08035337923358365,0.08035337923358365,1.0,0.08900746641406683,0.2669314387826415,0.24028104270295658,0.403780052100335,0.16316057250148513,0.16316057250148513,1.0,0.047534036237336444,0.32513238605798744,0.13832233953329648,0.4890112381713796,0.0,0.0,1.0,0.14038127697814337,0.29591100745214854,0.20863567129397462,0.3550720442757333
11,0.3490169482721181,0.0,0.15098305172788193,138,26,0.0,0,0,10,0.14038127697814337,0.0,0.29591100745214854,0.38333333333333336,0.20863567129397462,0.0,0.3550720442757333,0.6166666666666667,0.3065927058478757,0.3065927058478757,1.0,0.006060606060606061,0.38333333333333336,0.03636363636363636,0.5742424242424242,0.08035337923358365,0.08035337923358365,1.0,0.08900746641406683,0.2669314387826415,0.24028104270295658,0.403780052100335,0.16316057250148513,0.16316057250148513,1.0,0.047534036237336444,0.32513238605798744,0.13832233953329648,0.4890112381713796,0.0,0.0,1.0,0.14038127697814337,0.29591100745214854,0.20863567129397462,0.3550720442757333
12,0.34901694827211804,0.0,0.15098305172788193,130,26,0.0,0,0,10,0.14038127697814337,0.0,0.29591100745214854,0.39,0.20863567129397462,0.0,0.3550720442757333,0.61,0.3065927058478757,0.3065927058478757,1.0,0.006060606060606061,0.38333333333333336,0.03636363636363636,0.5742424242424242,0.08035337923358365,0.08035337923358365,1.0,0.08900746641406683,0.2669314387826415,0.24028104270295658,0.403780052100335,0.16316057250148513,0.16316057250148513,1.0,0.047534036237336444,0.32513238605798744,0.13832233953329648,0.4890112381713796,0.0,0.0,1.0,0.14038127697814337,0.29591100745214854,0.20863567129397462,0.3550720442757333
13,0.34901694827211804,0.0,0.15098305172788193,119,26,0.0,0,0,10,0.14038127697814337,0.0,0.29591100745214854,0.395,0.20863567129397462,0.0,0.3550720442757333,0.605,0.3065927058478757,0.3065927058478757,1.0,0.006060606060606061,0.38333333333333336,0.03636363636363636,0.5742424242424242,0.08035337923358365,0.08035337923358365,1.0,0.08900746641406683,0.2669314387826415,0.24028104270295658,0.403780052100335,0.16316057250148513,0.16316057250148513,1.0,0.047534036237336444,0.32513238605798744,0.13832233953329648,0.4890112381713796,0.0,0.0,1.0,0.14038127697814337,0.29591100745214854,0.20863567129397462,0.3550720442757333
14,0.34901694827211804,0.0,0.15098305172788193,117,26,0.0,0,0,10,0.14038127697814337,0.0,0.29591100745214854,0.395,0.20863567129397462,0.0,0.3550720442757333,0.605,0.3065927058478757,0.3065927058478757,1.0,0.006060606060606061,0.38333333333333336,0.03636363636363636,0.5742424242424242,0.08035337923358365,0.08035337923358365,1.0,0.08900746641406683,0.2669314387826415,0.24028104270295658,0.403780052100335,0.16316057250148513,0.16316057250148513,1.0,0.047534036237336444,0.32513238605798744,0.13832233953329648,0.4890112381713796,0.0,0.0,1.0,0.14038127697814337,0.29591100745214854,0.20863567129397462,0.3550720442757333
15,0.3490169482721181,0.0,0.15098305172788193,138,26,0.0,0,0,10,0.14038127697814337,0.0,0.29591100745214854,0.39666666666666667,0.20863567129397462,0.0,0.3550720442757333,0.6033333333333334,0.3065927058478757,0.3065927058478757,1.0,0.006060606060606061,0.38333333333333336,0.03636363636363636,0.5742424242424242,0.08035337923358365,0.08035337923358365,1.0,0.08900746641406683,0.2669314387826415,0.24028104270295658,0.403780052100335,0.16316057250148513,0.16316057250148513,1.0,0.047534036237336444,0.32513238605798744,0.13832233953329648,0.4890112381713796,0.0,0.0,1.0,0.14038127697814337,0.29591100745214854,0.20863567129397462,0.3550720442757333
16,0.34901694827211804,0.0,0.15098305172788193,112,26,0.0,0,0,10,0.14038127697814337,0.0,0.29591100745214854,0.4,0.20863567129397462,0.0,0.3550720442757333,0.6,0.3065927058478757,0.3065927058478757,1.0,0.006060606060606061,0.38333333333333336,0.03636363636363636,0.5742424242424242,0.08035337923358365,0.08035337923358365,1.0,0.08900746641406683,0.2669314387826415,0.24028104270295658,0.403780052100335,0.16316057250148513,0.16316057250148513,1.0,0.047534036237336444,0.32513238605798744,0.13832233953329648,0.4890112381713796,0.0,0.0,1.0,0.14038127697814337,0.29591100745214854,0.20863567129397462,0.3550720442757333
17,0.34901694827211804,0.0,0.15098305172788193,122,26,0.0,0,0,10,0.14038127697814337,0.0,0.29591100745214854,0.4,0.20863567129397462,0.0,0.3550720442757333,0.6,0.3065927058478757,0.3065927058478757,1.0,0.006060606060606061,0.38333333333333336,0.03636363636363636,0.5742424242424242,0.08035337923358365,0.08035337923358365,1.0,0.08900746641406683,0.2669314387826415,0.24028104270295658,0.403780052100335,0.16316057250148513,0.16316057250148513,1.0,0.047534036237336444,0.32513238605798744,0.13832233953329648,0.4890112381713796,0.0,0.0,1.0,0.14038127697814337,0.29591100745214854,0.20863567129397462,0.3550720442757333
18,0.34901694827211804,0.0,0.15098305172788193,106,26,0.0,0,0,10,0.14038127697814337,0.0,0.29591100745214854,0.4,0.20863567129397462,0.0,0.3550720442757333,0.6,0.3065927058478757,0.3065927058478757,1.0,0.006060606060606061,0.38333333333333336,0.03636363636363636,0.5742424242424242,0.08035337923358365,0.08035337923358365,1.0,0.08900746641406683,0.2669314387826415,0.24028104270295658,0.403780052100335,0.16316057250148513,0.16316057250148513,1.0,0.047534036237336444,0.32513238605798744,0.13832233953329648,0.4890112381713796,0.0,0.0,1.0,0.14038127697814337,0.29591100745214854,0.20863567129397462,0.3550720442757333
19,0.34901694827211804,0.0,0.15098305172788193,120,26,0.0,0,0,10,0.14038127697814337,0.0,0.29591100745214854,0.4,0.20863567129397462,0.0,0.3550720442757333,0.6,0.3065927058478757,0.3065927058478757,1.0,0.006060606060606061,0.38333333333333336,0.03636363636363636,0.5742424242424242,0.08035337923358365,0.08035337923358365,1.0,0.08900746641406683,0.2669314387826415,0.24028104270295658,0.403780052100335,0.16316057250148513,0.16316057250148513,1.0,0.047534036237336444,0.32513238605798744,0.13832233953329648,0.4890112381713796,0.0,0.0,1.0,0.14038127697814337,0.29591100745214854,0.20863567129397462,0.3550720442757333
20,0.34901694827211804,0.0,0.15098305172788193,140,26,0.0,0,1,20,0.14038127697814337,0.0,0.29591100745214854,0.4,0.20863567129397462,0.0,0.3550720442757333,0.6,0.34735028160545145,0.34735028160545145,1.0,0.0,0.3925,0.0016666666666666668,0.6058333333333333,0.07874068541765633,0.07874068541765633,1.0,0.1135822260324414,0.3240515102362981,0.15669403682202032,0.40567222690924015,0.21304548351155386,0.21304548351155386,1.0,0.0567911130162207,0.358275755118149,0.0791803517443435,0.5057527801212868,0.0,0.0,1.0,0.14038127697814337,0.29591100745214854,0.20863567129397462,0.3550720442757333
21,0.34901694827211804,0.0,0.15098305172788193,135,26,0.0,0,0,20,0.14038127697814337,0.0,0.29591100745214854,0.4,0.20863567129397462,0.0,0.3550720442757333,0.6,0.34735028160545145,0.34735028160545145,1.0,0.0,0.3925,0.0016666666666666668,0.6058333333333333,0.07874068541765633,0.07874068541765633,1.0,0.1135822260324414,0.3240515102362981,0.15669403682202032,0.40567222690924015,0.21304548351155386,0.21304548351155386,1.0,0.0567911130162207,0.358275755118149,0.0791803517443435,0.5057527801212868,0.0,0.0,1.0,0.14038127697814337,0.29591100745214854,0.20863567129397462,0.3550720442757333
22,0.34901694827211804,0.0,0.15098305172788193,113,26,0.0,0,0,20,0.14038127697814337,0.0,0.29591100745214854,0.4,0.20863567129397462,0.0,0.3550720442757333,0.6,0.34735028160545145,0.34735028160545145,1.0,0.0,0.3925,0.0016666666666666668,0.6058333333333333,0.07874068541765633,0.07874068541765633,1.0,0.1135822260324414,0.3240515102362981,0.15669403682202032,0.40567222690924015,0.21304548351155386,0.21304548351155386,1.0,0.0567911130162207,0.358275755118149,0.0791803517443435,0.5057527801212868,0.0,0.0,1.0,0.14038127697814337,0.29591100745214854,0.20863567129397462,0.3550720442757333
23,0.34901694827211804,0.0,0.15098305172788193,140,26,0.0,0,0,20,0.14038127697814337,0.0,0.29591100745214854,0.4,0.20863567129397462,0.0,0.3550720442757333,0.6,0.34735028160545145,0.34735028160545145,1.0,0.0,0.3925,0.0016666666666666668,0.6058333333333333,0.07874068541765633,0.07874068541765633,1.0,0.1135822260324414,0.3240515102362981,0.15669403682202032,0.40567222690924015,0.21304548351155386,0.21304548351155386,1.0,0.0567911130162207,0.358275755118149,0.0791803517443435,0.5057527801212868,0.0,0.0,1.0,0.14038127697814337,0.29591100745214854,0.20863567129397462,0.3550720442757333
24,0.34901694827211804,0.0,0.15098305172788193,134,26,0.0,0,0,20,0.14038127697814337,0.0,0.29591100745214854,0.4,0.20863567129397462,0.0,0.3550720442757333,0.6,0.34735028160545145,0.34735028160545145,1.0,0.0,0.3925,0.0016666666666666668,0.6058333333333333,0.07874068541765633,0.07874068541765633,1.0,0.1135822260324414,0.3240515102362981,0.15669403682202032,0.40567222690924015,0.21304548351155386,0.21304548351155386,1.0,0.0567911130162207,0.358275755118149,0.0791803517443435,0.5057527801212868,0.0,0.0,1.0,0.14038127697814337,0.29591100745214854,0.20863567129397462,0.3550720442757333
25,0.34901694827211804,0.0,0.15098305172788193,127,26,0.0,0,0,20,0.14038127697814337,0.0,0.29591100745214854,0.4,0.20863567129397462,0.0,0.3550720442757333,0.6,0.34735028160545145,0.34735028160545145,1.0,0.0,0.3925,0.0016666666666666668,0.6058333333333333,0.07874068541765633,0.07874068541765633,1.0,0.1135822260324414,0.3240515102362981,0.15669403682202032,0.40567222690924015,0.21304548351155386,0.21304548351155386,1.0,0.0567911130162207,0.358275755118149,0.0791803517443435,0.5057527801212868,0.0,0.0,1.0,0.14038127697814337,0.29591100745214854,0.20863567129397462,0.3550720442757333
26,0.34901694827211804,0.0,0.15098305172788193,128,26,0.0,0,0,20,0.14038127697814337,0.0,0.29591100745214854,0.4,0.20863567129397462,0.0,0.3550720442757333,0.6,0.34735028160545145,0.34735028160545145,1.0,0.0,0.3925,0.0016666666666666668,0.6058333333333333,0.07874068541765633,0.07874068541765633,1.0,0.1135822260324414,0.3240515102362981,0.15669403682202032,0.40567222690924015,0.21304548351155386,0.21304548351155386,1.0,0.0567911130162207,0.358275755118149,0.0791803517443435,0.5057527801212868,0.0,0.0,1.0,0.14038127697814337,0.29591100745214854,0.20863567129397462,0.3550720442757333
27,0.34901694827211804,0.0,0.15098305172788193,133,26,0.0,0,0,20,0.14038127697814337,0.0,0.29591100745214854,0.4,0.20863567129397462,0.0,0.3550720442757333,0.6,0.34735028160545145,0.34735028160545145,1.0,0.0,0.3925,0.0016666666666666668,0.6058333333333333,0.07874068541765633,0.07874068541765633,1.0,0.1135822260324414,0.3240515102362981,0.15669403682202032,0.40567222690924015,0.21304548351155386,0.21304548351155386,1.0,0.0567911130162207,0.358275755118149,0.0791803517443435,0.5057527801212868,0.0,0.0,1.0,0.14038127697814337,0.29591100745214854,0.20863567129397462,0.3550720442757333
28,0.34901694827211804,0.0,0.15098305172788193,127,26,0.0,0,0,20,0.14038127697814337,0.0,0.29591100745214854,0.4,0.20863567129397462,0.0,0.3550720442757333,0.6,0.34735028160545145,0.34735028160545145,1.0,0.0,0.3925,0.0016666666666666668,0.6058333333333333,0.07874068541765633,0.07874068541765633,1.0,0.1135822260324414,0.3240515102362981,0.15669403682202032,0.40567222690924015,0.21304548351155386,0.21304548351155386,1.0,0.0567911130162207,0.358275755118149,0.0791803517443435,0.5057527801212868,0.0,0.0,1.0,0.14038127697814337,0.29591100745214854,0.20863567129397462,0.3550720442757333
29,0.34901694827211804,0.0,0.15098305172788193,117,26,0.0,0,0,20,0.14038127697814337,0.0,0.29591100745214854,0.4,0.20863567129397462,0.0,0.3550720442757333,0.6,0.34735028160545145,0.34735028160545145,1.0,0.0,0.3925,0.0016666666666666668,0.6058333333333333,0.07874068541765633,0.07874068541765633,1.0,0.1135822260324414,0.3240515102362981,0.15669403682202032,0.40567222690924015,0.21304548351155386,0.21304548351155386,1.0,0.0567911130162207,0.358275755118149,0.0791803517443435,0.5057527801212868,0.0,0.0,1.0,0.14038127697814337,0.29591100745214854,0.20863567129397462,0.3550720442757333
30,0.34901694827211804,0.0,0.15098305172788193,116,26,0.0,0,1,30,0.14038127697814337,0.0,0.29591100745214854,0.4,0.20863567129397462,0.0,0.3550720442757333,0.6,0.34901694827211804,0.34901694827211804,1.0,0.0,0.3983333333333333,0.0,0.6016666666666667,0.14440951640261968,0.14440951640261968,0.0,0.1373317243806836,0.35553598884491816,0.29342020630382476,0.21371208047057344,0.1336409829298639,0.1336409829298639,1.0,0.0686658621903418,0.37693466108912577,0.14671010315191238,0.40768937356862006,0.0,0.0,1.0,0.14038127697814337,0.29591100745214854,0.20863567129397462,0.3550720442757333
31,0.34901694827211804,0.0,0.15098305172788193,127,26,0.0,0,0,30,0.14038127697814337,0.0,0.29591100745214854,0.4,0.20863567129397462,0.0,0.3550720442757333,0.6,0.34901694827211804,0.34901694827211804,1.0,0.0,0.3983333333333333,0.0,0.6016666666666667,0.14440951640261968,0.14440951640261968,0.0,0.1373317243806836,0.35553598884491816,0.29342020630382476,0.21371208047057344,0.1336409829298639,0.1336409829298639,1.0,0.0686658621903418,0.37693466108912577,0.14671010315191238,0.40768937356862006,0.0,0.0,1.0,0.14038127697814337,0.29591100745214854,0.20863567129397462,0.3550720442757333
32,0.34901694827211804,0.0,0.15098305172788193,116,26,0.0,0,0,30,0.14038127697814337,0.0,0.29591100745214854,0.4,0.20863567129397462,0.0,0.3550720442757333,0.6,0.34901694827211804,0.34901694827211804,1.0,0.0,0.3983333333333333,0.0,0.6016666666666667,0.14440951640261968,0.14440951640261968,0.0,0.1373317243806836,0.35553598884491816,0.29342020630382476,0.21371208047057344,0.1336409829298639,0.1336409829298639,1.0,0.0686658621903418,0.37693466108912577,0.14671010315191238,0.40768937356862006,0.0,0.0,1.0,0.14038127697814337,0.29591100745214854,0.20863567129397462,0.3550720442757333
33,0.34901694827211804,0.0,0.15098305172788193,124,26,0.0,0,0,30,0.14038127697814337,0.0,0.29591100745214854,0.4,0.20863567129397462,0.0,0.3550720442757333,0.6,0.34901694827211804,0.34901694827211804,1.0,0.0,0.3983333333333333,0.0,0.6016666666666667,0.14440951640261968,0.14440951640261968,0.0,0.1373317243806836,0.35553598884491816,0.29342020630382476,0.21371208047057344,0.1336409829298639,0.1336409829298639,1.0,0.0686658621903418,0.37693466108912577,0.14671010315191238,0.40768937356862006,0.0,0.0,1.0,0.14038127697814337,0.29591100745214854,0.20863567129397462,0.3550720442757333
34,0.34901694827211804,0.0,0.15098305172788193,120,26,0.0,0,0,30,0.14038127697814337,0.0,0.29591100745214854,0.4,0.20863567129397462,0.0,0.3550720442757333,0.6,0.34901694827211804,0.34901694827211804,1.0,0.0,0.3983333333333333,0.0,0.6016666666666667,0.14440951640261968,0.14440951640261968,0.0,0.1373317243806836,0.35553598884491816,0.29342020630382476,0.21371208047057344,0.1336409829298639,0.1336409829298639,1.0,0.0686658621903418,0.37693466108912577,0.14671010315191238,0.40768937356862006,0.0,0.0,1.0,0.14038127697814337,0.29591100745214854,0.20863567129397462,0.3550720442757333
35,0.34901694827211804,0.0,0.15098305172788193,135,26,0.0,0,0,30,0.14038127697814337,0.0,0.29591100745214854,0.4,0.20863567129397462,0.0,0.3550720442757333,0.6,0.34901694827211804,0.34901694827211804,1.0,0.0,0.3983333333333333,0.0,0.6016666666666667,0.14440951640261968,0.14440951640261968,0.0,0.1373317243806836,0.35553598884491816,0.29342020630382476,0.21371208047057344,0.1336409829298639,0.1336409829298639,1.0,0.0686658621903418,0.37693466108912577,0.14671010315191238,0.40768937356862006,0.0,0.0,1.0,0.14038127697814337,0.29591100745214854,0.20863567129397462,0.3550720442757333
36,0.34901694827211804,0.0,0.15098305172788193,129,26,0.0,0,0,30,0.14038127697814337,0.0,0.29591100745214854,0.4,0.20863567129397462,0.0,0.3550720442757333,0.6,0.34901694827211804,0.34901694827211804,1.0,0.0,0.3983333333333333,0.0,0.6016666666666667,0.14440951640261968,0.14440951640261968,0.0,0.1373317243806836,0.35553598884491816,0.29342020630382476,0.21371208047057344,0.1336409829298639,0.1336409829298639,1.0,0.0686658621903418,0.37693466108912577,0.14671010315191238,0.40768937356862006,0.0,0.0,1.0,0.14038127697814337,0.29591100745214854,0.20863567129397462,0.3550720442757333
37,0.34901694827211804,0.0,0.15098305172788193,128,26,0.0,0,0,30,0.14038127697814337,0.0,0.29591100745214854,0.4,0.20863567129397462,0.0,0.3550720442757333,0.6,0.34901694827211804,0.34901694827211804,1.0,0.0,0.3983333333333333,0.0,0.6016666666666667,0.14440951640261968,0.14440951640261968,0.0,0.1373317243806836,0.35553598884491816,0.29342020630382476,0.21371208047057344,0.1336409829298639,0.1336409829298639,1.0,0.0686658621903418,0.37693466108912577,0.14671010315191238,0.40768937356862006,0.0,0.0,1.0,0.14038127697814337,0.29591100745214854,0.20863567129397462,0.3550720442757333
38,0.34901694827211804,0.0,0.15098305172788193,131,26,0.0,0,0,30,0.14038127697814337,0.0,0.29591100745214854,0.4,0.20863567129397462,0.0,0.3550720442757333,0.6,0.34901694827211804,0.34901694827211804,1.0,0.0,0.3983333333333333,0.0,0.6016666666666667,0.14440951640261968,0.14440951640261968,0.0,0.1373317243806836,0.35553598884491816,0.29342020630382476,0.21371208047057344,0.1336409829298639,0.1336409829298639,1.0,0.0686658621903418,0.37693466108912577,0.14671010315191238,0.40768937356862006,0.0,0.0,1.0,0.14038127697814337,0.29591100745214854,0.20863567129397462,0.3550720442757333
39,0.34901694827211804,0.0,0.15098305172788193,123,26,0.0,0,0,30,0.14038127697814337,0.0,0.29591100745214854,0.4,0.20863567129397462,0.0,0.3550720442757333,0.6,0.34901694827211804,0.34901694827211804,1.0,0.0,0.3983333333333333,0.0,0.6016666666666667,0.14440951640261968,0.14440951640261968,0.0,0.1373317243806836,0.35553598884491816,0.29342020630382476,0.21371208047057344,0.1336409829298639,0.1336409829298639,1.0,0.0686658621903418,0.37693466108912577,0.14671010315191238,0.40768937356862006,0.0,0.0,1.0,0.14038127697814337,0.29591100745214854,0.20863567129397462,0.3550720442757333
40,0.34901694827211804,0.0,0.15098305172788193,133,26,0.0,0,1,40,0.14038127697814337,0.0,0.29591100745214854,0.4,0.20863567129397462,0.0,0.3550720442757333,0.6,0.34901694827211804,0.34901694827211804,1.0,0.0,0.4,0.0,0.6,0.06760662819646668,0.06760662819646668,0.0,0.12414061786858867,0.32618400089824345,0.24596930604434644,0.30370607518882137,0.16396198631565048,0.16396198631565048,1.0,0.062070308934294334,0.3630920004491217,0.12298465302217322,0.45185303759441064,0.0,0.0,1.0,0.14038127697814337,0.29591100745214854,0.20863567129397462,0.3550720442757333
41,0.34901694827211804,0.0,0.15098305172788193,121,26,0.0,0,0,40,0.14038127697814337,0.0,0.29591100745214854,0.4,0.20863567129397462,0.0,0.3550720442757333,0.6,0.34901694827211804,0.34901694827211804,1.0,0.0,0.4,0.0,0.6,0.06760662819646668,0.06760662819646668,0.0,0.12414061786858867,0.32618400089824345,0.24596930604434644,0.30370607518882137,0.16396198631565048,0.16396198631565048,1.0,0.062070308934294334,0.3630920004491217,0.12298465302217322,0.45185303759441064,0.0,0.0,1.0,0.14038127697814337,0.29591100745214854,0.20863567129397462,0.3550720442757333
42,0.34901694827211804,0.0,0.15098305172788193,114,26,0.0,0,0,40,0.14038127697814337,0.0,0.29591100745214854,0.4,0.20863567129397462,0.0,0.3550720442757333,0.6,0.34901694827211804,0.34901694827211804,1.0,0.0,0.4,0.0,0.6,0.06760662819646668,0.06760662819646668,0.0,0.12414061786858867,0.32618400089824345,0.24596930604434644,0.30370607518882137,0.16396198631565048,0.16396198631565048,1.0,0.062070308934294334,0.3630920004491217,0.12298465302217322,0.45185303759441064,0.0,0.0,1.0,0.14038127697814337,0.29591100745214854,0.20863567129397462,0.3550720442757333
43,0.34901694827211804,0.0,0.15098305172788193,130,26,0.0,0,0,40,0.14038127697814337,0.0,0.29591100745214854,0.4,0.20863567129397462,0.0,0.3550720442757333,0.6,0.34901694827211804,0.34901694827211804,1.0,0.0,0.4,0.0,0.6,0.06760662819646668,0.06760662819646668,0.0,0.12414061786858867,0.32618400089824345,0.24596930604434644,0.30370607518882137,0.16396198631565048,0.16396198631565048,1.0,0.062070308934294334,0.3630920004491217,0.12298465302217322,0.45185303759441064,0.0,0.0,1.0,0.14038127697814337,0.29591100745214854,0.20863567129397462,0.3550720442757333
44,0.34901694827211804,0.0,0.15098305172788193,137,26,0.0,0,0,40,0.14038127697814337,0.0,0.29591100745214854,0.4,0.20863567129397462,0.0,0.3550720442757333,0.6,0.34901694827211804,0.34901694827211804,1.0,0.0,0.4,0.0,0.6,0.06760662819646668,0.06760662819646668,0.0,0.12414061786858867,0.32618400089824345,0.24596930604434644,0.30370607518882137,0.16396198631565048,0.16396198631565048,1.0,0.062070308934294334,0.3630920004491217,0.12298465302217322,0.45185303759441064,0.0,0.0,1.0,0.14038127697814337,0.29591100745214854,0.20863567129397462,0.3550720442757333
45,0.34901694827211804,0.0,0.15098305172788193,127,26,0.0,0,0,40,0.14038127697814337,0.0,0.29591100745214854,0.4,0.20863567129397462,0.0,0.3550720442757333,0.6,0.34901694827211804,0.34901694827211804,1.0,0.0,0.4,0.0,0.6,0.06760662819646668,0.06760662819646668,0.0,0.12414061786858867,0.32618400089824345,0.24596930604434644,0.30370607518882137,0.16396198631565048,0.16396198631565048,1.0,0.062070308934294334,0.3630920004491217,0.12298465302217322,0.45185303759441064,0.0,0.0,1.0,0.14038127697814337,0.29591100745214854,0.20863567129397462,0.3550720442757333
46,0.34901694827211804,0.0,0.15098305172788193,122,26,0.0,0,0,40,0.14038127697814337,0.0,0.29591100745214854,0.4,0.20863567129397462,0.0,0.3550720442757333,0.6,0.34901694827211804,0.34901694827211804,1.0,0.0,0.4,0.0,0.6,0.06760662819646668,0.06760662819646668,0.0,0.12414061786858867,0.32618400089824345,0.24596930604434644,0.30370607518882137,0.16396198631565048,0.16396198631565048,1.0,0.062070308934294334,0.3630920004491217,0.12298465302217322,0.45185303759441064,0.0,0.0,1.0,0.14038127697814337,0.29591100745214854,0.20863567129397462,0.3550720442757333
47,0.34901694827211804,0.0,0.15098305172788193,129,26,0.0,0,0,40,0.14038127697814337,0.0,0.29591100745214854,0.4,0.20863567129397462,0.0,0.3550720442757333,0.6,0.34901694827211804,0.34901694827211804,1.0,0.0,0.4,0.0,0.6,0.06760662819646668,0.06760662819646668,0.0,0.12414061786858867,0.32618400089824345,0.24596930604434644,0.30370607518882137,0.16396198631565048,0.16396198631565048,1.0,0.062070308934294334,0.3630920004491217,0.12298465302217322,0.45185303759441064,0.0,0.0,1.0,0.14038127697814337,0.29591100745214854,0.20863567129397462,0.3550720442757333
48,0.34901694827211804,0.0,0.15098305172788193,117,26,0.0,0,0,40,0.14038127697814337,0.0,0.29591100745214854,0.4,0.20863567129397462,0.0,0.3550720442757333,0.6,0.34901694827211804,0.34901694827211804,1.0,0.0,0.4,0.0,0.6,0.06760662819646668,0.06760662819646668,0.0,0.12414061786858867,0.32618400089824345,0.24596930604434644,0.30370607518882137,0.16396198631565048,0.16396198631565048,1.0,0.062070308934294334,0.3630920004491217,0.12298465302217322,0.45185303759441064,0.0,0.0,1.0,0.14038127697814337,0.29591100745214854,0.20863567129397462,0.3550720442757333
49,0.34901694827211804,0.0,0.15098305172788193,130,26,0.0,0,0,40,0.14038127697814337,0.0,0.29591100745214854,0.4,0.20863567129397462,0.0,0.3550720442757333,0.6,0.34901694827211804,0.34901694827211804,1.0,0.0,0.4,0.0,0.6,0.06760662819646668,0.06760662819646668,0.0,0.12414061786858867,0.32618400089824345,0.24596930604434644,0.30370607518882137,0.16396198631565048,0.16396198631565048,1.0,0.062070308934294334,0.3630920004491217,0.12298465302217322,0.45185303759441064,0.0,0.0,1.0,0.14038127697814337,0.29591100745214854,0.20863567129397462,0.3550720442757333
50,0.34901694827211804,0.0,0.15098305172788193,118,26,0.0,0,1,50,0.14038127697814337,0.0,0.29591100745214854,0.4,0.20863567129397462,0.0,0.3550720442757333,0.6,0.34901694827211804,0.34901694827211804,1.0,0.0,0.4,0.0,0.6,0.08554315708629377,0.08554315708629377,1.0,0.12835927459552718,0.2624020200353072,0.2941788283802685,0.31505987698889715,0.13774789678422025,0.13774789678422025,1.0,0.06417963729776359,0.3312010100176536,0.14708941419013424,0.45752993849444856,0.0,0.0,1.0,0.14038127697814337,0.29591100745214854,0.20863567129397462,0.3550720442757333
51,0.34901694827211804,0.0,0.15098305172788193,123,26,0.0,0,0,50,0.14038127697814337,0.0,0.29591100745214854,0.4,0.20863567129397462,0.0,0.3550720442757333,0.6,0.34901694827211804,0.34901694827211804,1.0,0.0,0.4,0.0,0.6,0.08554315708629377,0.08554315708629377,1.0,0.12835927459552718,0.2624020200353072,0.2941788283802685,0.31505987698889715,0.13774789678422025,0.13774789678422025,1.0,0.06417963729776359,0.3312010100176536,0.14708941419013424,0.45752993849444856,0.0,0.0,1.0,0.14038127697814337,0.29591100745214854,0.20863567129397462,0.3550720442757333
52,0.34901694827211804,0.0,0.15098305172788193,121,26,0.0,0,0,50,0.14038127697814337,0.0,0.29591100745214854,0.4,0.20863567129397462,0.0,0.3550720442757333,0.6,0.34901694827211804,0.34901694827211804,1.0,0.0,0.4,0.0,0.6,0.08554315708629377,0.08554315708629377,1.0,0.12835927459552718,0.2624020200353072,0.2941788283802685,0.31505987698889715,0.13774789678422025,0.13774789678422025,1.0,0.06417963729776359,0.3312010100176536,0.14708941419013424,0.45752993849444856,0.0,0.0,1.0,0.14038127697814337,0.29591100745214854,0.20863567129397462,0.3550720442757333
53,0.34901694827211804,0.0,0.15098305172788193,128,26,0.0,0,0,50,0.14038127697814337,0.0,0.29591100745214854,0.4,0.20863567129397462,0.0,0.3550720442757333,0.6,0.34901694827211804,0.34901694827211804,1.0,0.0,0.4,0.0,0.6,0.08554315708629377,0.08554315708629377,1.0,0.12835927459552718,0.2624020200353072,0.2941788283802685,0.31505987698889715,0.13774789678422025,0.13774789678422025,1.0,0.06417963729776359,0.3312010100176536,0.14708941419013424,0.45752993849444856,0.0,0.0,1.0,0.14038127697814337,0.29591100745214854,0.20863567129397462,0.3550720442757333
54,0.34901694827211804,0.0,0.15098305172788193,137,26,0.0,0,0,50,0.14038127697814337,0.0,0.29591100745214854,0.4,0.20863567129397462,0.0,0.3550720442757333,0.6,0.34901694827211804,0.34901694827211804,1.0,0.0,0.4,0.0,0.6,0.08554315708629377,0.08554315708629377,1.0,0.12835927459552718,0.2624020200353072,0.2941788283802685,0.31505987698889715,0.13774789678422025,0.13774789678422025,1.0,0.06417963729776359,0.3312010100176536,0.14708941419013424,0.45752993849444856,0.0,0.0,1.0,0.14038127697814337,0.29591100745214854,0.20863567129397462,0.3550720442757333
55,0.34901694827211804,0.0,0.15098305172788193,124,26,0.0,0,0,50,0.14038127697814337,0.0,0.29591100745214854,0.4,0.20863567129397462,0.0,0.3550720442757333,0.6,0.34901694827211804,0.34901694827211804,1.0,0.0,0.4,0.0,0.6,0.08554315708629377,0.08554315708629377,1.0,0.12835927459552718,0.2624020200353072,0.2941788283802685,0.31505987698889715,0.13774789678422025,0.13774789678422025,1.0,0.06417963729776359,0.3312010100176536,0.14708941419013424,0.45752993849444856,0.0,0.0,1.0,0.14038127697814337,0.29591100745214854,0.20863567129397462,0.3550720442757333
56,0.34901694827211804,0.0,0.15098305172788193,122,26,0.0,0,0,50,0.14038127697814337,0.0,0.29591100745214854,0.4,0.20863567129397462,0.0,0.3550720442757333,0.6,0.34901694827211804,0.34901694827211804,1.0,0.0,0.4,0.0,0.6,0.08554315708629377,0.08554315708629377,1.0,0.12835927459552718,0.2624020200353072,0.2941788283802685,0.31505987698889715,0.13774789678422025,0.13774789678422025,1.0,0.06417963729776359,0.3312010100176536,0.14708941419013424,0.45752993849444856,0.0,0.0,1.0,0.14038127697814337,0.29591100745214854,0.20863567129397462,0.3550720442757333
57,0.34901694827211804,0.0,0.15098305172788193,127,26,0.0,0,0,50,0.14038127697814337,0.0,0.29591100745214854,0.4,0.20863567129397462,0.0,0.3550720442757333,0.6,0.34901694827211804,0.34901694827211804,1.0,0.0,0.4,0.0,0.6,0.08554315708629377,0.08554315708629377,1.0,0.12835927459552718,0.2624020200353072,0.2941788283802685,0.31505987698889715,0.13774789678422025,0.13774789678422025,1.0,0.06417963729776359,0.3312010100176536,0.14708941419013424,0.45752993849444856,0.0,0.0,1.0,0.14038127697814337,0.29591100745214854,0.20863567129397462,0.3550720442757333
58,0.34901694827211804,0.0,0.15098305172788193,137,26,0.0,0,0,50,0.14038127697814337,0.0,0.29591100745214854,0.4,0.20863567129397462,0.0,0.3550720442757333,0.6,0.34901694827211804,0.34901694827211804,1.0,0.0,0.4,0.0,0.6,0.08554315708629377,0.08554315708629377,1.0,0.12835927459552718,0.2624020200353072,0.2941788283802685,0.31505987698889715,0.13774789678422025,0.13774789678422025,1.0,0.06417963729776359,0.3312010100176536,0.14708941419013424,0.45752993849444856,0.0,0.0,1.0,0.14038127697814337,0.29591100745214854,0.20863567129397462,0.3550720442757333
59,0.34901694827211804,0.0,0.15098305172788193,141,26,0.0,0,0,50,0.14038127697814337,0.0,0.29591100745214854,0.4,0.20863567129397462,0.0,0.3550720442757333,0.6,0.34901694827211804,0.34901694827211804,1.0,0.0,0.4,0.0,0.6,0.08554315708629377,0.08554315708629377,1.0,0.12835927459552718,0.2624020200353072,0.2941788283802685,0.31505987698889715,0.13774789678422025,0.13774789678422025,1.0,0.06417963729776359,0.3312010100176536,0.14708941419013424,0.45752993849444856,0.0,0.0,1.0,0.14038127697814337,0.29591100745214854,0.20863567129397462,0.3550720442757333
60,0.34901694827211804,0.0,0.15098305172788193,141,26,0.0,0,1,60,0.14038127697814337,0.0,0.29591100745214854,0.4,0.20863567129397462,0.0,0.3550720442757333,0.6,0.34901694827211804,0.34901694827211804,1.0,0.0,0.4,0.0,0.6,0.026119400789403835,0.026119400789403835,1.0,0.142521243845483,0.31310606820572895,0.21542004446245847,0.3289526434863295,0.17004630411814733,0.17004630411814733,1.0,0.0712606219227415,0.3565530341028645,0.10771002223122923,0.4644763217431648,0.0,0.0,1.0,0.14038127697814337,0.29591100745214854,0.20863567129397462,0.3550720442757333
61,0.34901694827211804,0.0,0.15098305172788193,141,26,0.0,0,0,60,0.14038127697814337,0.0,0.29591100745214854,0.4,0.20863567129397462,0.0,0.3550720442757333,0.6,0.34901694827211804,0.34901694827211804,1.0,0.0,0.4,0.0,0.6,0.026119400789403835,0.026119400789403835,1.0,0.142521243845483,0.31310606820572895,0.21542004446245847,0.3289526434863295,0.17004630411814733,0.17004630411814733,1.0,0.0712606219227415,0.3565530341028645,0.10771002223122923,0.4644763217431648,0.0,0.0,1.0,0.14038127697814337,0.29591100745214854,0.20863567129397462,0.3550720442757333
62,0.34901694827211804,0.0,0.15098305172788193,128,26,0.0,0,0,60,0.14038127697814337,0.0,0.29591100745214854,0.4,0.20863567129397462,0.0,0.3550720442757333,0.6,0.34901694827211804,0.34901694827211804,1.0,0.0,0.4,0.0,0.6,0.026119400789403835,0.026119400789403835,1.0,0.142521243845483,0.31310606820572895,0.21542004446245847,0.3289526434863295,0.17004630411814733,0.17004630411814733,1.0,0.0712606219227415,0.3565530341028645,0.10771002223122923,0.4644763217431648,0.0,0.0,1.0,0.14038127697814337,0.29591100745214854,0.20863567129397462,0.3550720442757333
63,0.34901694827211804,0.0,0.15098305172788193,131,26,0.0,0,0,60,0.14038127697814337,0.0,0.29591100745214854,0.4,0.20863567129397462,0.0,0.3550720442757333,0.6,0.34901694827211804,0.34901694827211804,1.0,0.0,0.4,0.0,0.6,0.026119400789403835,0.026119400789403835,1.0,0.142521243845483,0.31310606820572895,0.21542004446245847,0.3289526434863295,0.17004630411814733,0.17004630411814733,1.0,0.0712606219227415,0.3565530341028645,0.10771002223122923,0.4644763217431648,0.0,0.0,1.0,0.14038127697814337,0.29591100745214854,0.20863567129397462,0.3550720442757333
64,0.34901694827211804,0.0,0.15098305172788193,133,26,0.0,0,0,60,0.14038127697814337,0.0,0.29591100745214854,0.4,0.20863567129397462,0.0,0.3550720442757333,0.6,0.34901694827211804,0.34901694827211804,1.0,0.0,0.4,0.0,0.6,0.026119400789403835,0.026119400789403835,1.0,0.142521243845483,0.31310606820572895,0.21542004446245847,0.3289526434863295,0.17004630411814733,0.17004630411814733,1.0,0.0712606219227415,0.3565530341028645,0.10771002223122923,0.4644763217431648,0.0,0.0,1.0,0.14038127697814337,0.29591100745214854,0.20863567129397462,0.3550720442757333
65,0.34901694827211804,0.0,0.15098305172788193,125,26,0.0,0,0,60,0.14038127697814337,0.0,0.29591100745214854,0.4,0.20863567129397462,0.0,0.3550720442757333,0.6,0.34901694827211804,0.34901694827211804,1.0,0.0,0.4,0.0,0.6,0.026119400789403835,0.026119400789403835,1.0,0.142521243845483,0.31310606820572895,0.21542004446245847,0.3289526434863295,0.17004630411814733,0.17004630411814733,1.0,0.0712606219227415,0.3565530341028645,0.10771002223122923,0.4644763217431648,0.0,0.0,1.0,0.14038127697814337,0.29591100745214854,0.20863567129397462,0.3550720442757333
66,0.34901694827211804,0.0,0.15098305172788193,115,26,0.0,0,0,60,0.14038127697814337,0.0,0.29591100745214854,0.4,0.20863567129397462,0.0,0.3550720442757333,0.6,0.34901694827211804,0.34901694827211804,1.0,0.0,0.4,0.0,0.6,0.026119400789403835,0.026119400789403835,1.0,0.142521243845483,0.31310606820572895,0.21542004446245847,0.3289526434863295,0.17004630411814733,0.17004630411814733,1.0,0.0712606219227415,0.3565530341028645,0.10771002223122923,0.4644763217431648,0.0,0.0,1.0,0.14038127697814337,0.29591100745214854,0.20863567129397462,0.3550720442757333
67,0.34901694827211804,0.0,0.15098305172788193,142,26,0.0,0,0,60,0.14038127697814337,0.0,0.29591100745214854,0.4,0.20863567129397462,0.0,0.3550720442757333,0.6,0.34901694827211804,0.34901694827211804,1.0,0.0,0.4,0.0,0.6,0.026119400789403835,0.026119400789403835,1.0,0.142521243845483,0.31310606820572895,0.21542004446245847,0.3289526434863295,0.17004630411814733,0.17004630411814733,1.0,0.0712606219227415,0.3565530341028645,0.10771002223122923,0.4644763217431648,0.0,0.0,1.0,0.14038127697814337,0.29591100745214854,0.20863567129397462,0.3550720442757333
68,0.34901694827211804,0.0,0.15098305172788193,124,26,0.0,0,0,60,0.14038127697814337,0.0,0.29591100745214854,0.4,0.20863567129397462,0.0,0.3550720442757333,0.6,0.34901694827211804,0.34901694827211804,1.0,0.0,0.4,0.0,0.6,0.026119400789403835,0.026119400789403835,1.0,0.142521243845483,0.31310606820572895,0.21542004446245847,0.3289526434863295,0.17004630411814733,0.17004630411814733,1.0,0.0712606219227415,0.3565530341028645,0.10771002223122923,0.4644763217431648,0.0,0.0,1.0,0.14038127697814337,0.29591100745214854,0.20863567129397462,0.3550720442757333
69,0.34901694827211804,0.0,0.15098305172788193,116,26,0.0,0,0,60,0.14038127697814337,0.0,0.29591100745214854,0.4,0.20863567129397462,0.0,0.3550720442757333,0.6,0.34901694827211804,0.34901694827211804,1.0,0.0,0.4,0.0,0.6,0.026119400789403835,0.026119400789403835,1.0,0.142521243845483,0.31310606820572895,0.21542004446245847,0.3289526434863295,0.17004630411814733,0.17004630411814733,1.0,0.0712606219227415,0.3565530341028645,0.10771002223122923,0.4644763217431648,0.0,0.0,1.0,0.14038127697814337,0.29591100745214854,0.20863567129397462,0.3550720442757333
70,0.34901694827211804,0.0,0.15098305172788193,118,26,0.0,0,1,70,0.14038127697814337,0.0,0.29591100745214854,0.4,0.20863567129397462,0.0,0.3550720442757333,0.6,0.34901694827211804,0.34901694827211804,1.0,0.0,0.4,0.0,0.6,0.08151618273376057,0.08151618273376057,1.0,0.19052751602876647,0.28167967605046673,0.24000561497711217,0.2877871929436546,0.13375038276917875,0.13375038276917875,1.0,0.09526375801438323,0.3408398380252334,0.12000280748855609,0.4438935964718273,0.0,0.0,1.0,0.14038127697814337,0.29591100745214854,0.20863567129397462,0.3550720442757333
71,0.34901694827211804,0.0,0.15098305172788193,123,26,0.0,0,0,70,0.14038127697814337,0.0,0.29591100745214854,0.4,0.20863567129397462,0.0,0.3550720442757333,0.6,0.34901694827211804,0.34901694827211804,1.0,0.0,0.4,0.0,0.6,0.08151618273376057,0.08151618273376057,1.0,0.19052751602876647,0.28167967605046673,0.24000561497711217,0.2877871929436546,0.13375038276917875,0.13375038276917875,1.0,0.09526375801438323,0.3408398380252334,0.12000280748855609,0.4438935964718273,0.0,0.0,1.0,0.14038127697814337,0.29591100745214854,0.20863567129397462,0.3550720442757333
72,0.34901694827211804,0.0,0.15098305172788193,125,26,0.0,0,0,70,0.14038127697814337,0.0,0.29591100745214854,0.4,0.20863567129397462,0.0,0.3550720442757333,0.6,0.34901694827211804,0.34901694827211804,1.0,0.0,0.4,0.0,0.6,0.08151618273376057,0.08151618273376057,1.0,0.19052751602876647,0.28167967605046673,0.24000561497711217,0.2877871929436546,0.13375038276917875,0.13375038276917875,1.0,0.09526375801438323,0.3408398380252334,0.12000280748855609,0.4438935964718273,0.0,0.0,1.0,0.14038127697814337,0.29591100745214854,0.20863567129397462,0.3550720442757333
73,0.34901694827211804,0.0,0.15098305172788193,133,26,0.0,0,0,70,0.14038127697814337,0.0,0.29591100745214854,0.4,0.20863567129397462,0.0,0.3550720442757333,0.6,0.34901694827211804,0.34901694827211804,1.0,0.0,0.4,0.0,0.6,0.08151618273376057,0.08151618273376057,1.0,0.19052751602876647,0.28167967605046673,0.24000561497711217,0.2877871929436546,0.13375038276917875,0.13375038276917875,1.0,0.09526375801438323,0.3408398380252334,0.12000280748855609,0.4438935964718273,0.0,0.0,1.0,0.14038127697814337,0.29591100745214854,0.20863567129397462,0.3550720442757333
74,0.34901694827211804,0.0,0.15098305172788193,145,26,0.0,0,0,70,0.14038127697814337,0.0,0.29591100745214854,0.4,0.20863567129397462,0.0,0.3550720442757333,0.6,0.34901694827211804,0.34901694827211804,1.0,0.0,0.4,0.0,0.6,0.08151618273376057,0.08151618273376057,1.0,0.19052751602876647,0.28167967605046673,0.24000561497711217,0.2877871929436546,0.13375038276917875,0.13375038276917875,1.0,0.09526375801438323,0.3408398380252334,0.12000280748855609,0.4438935964718273,0.0,0.0,1.0,0.14038127697814337,0.29591100745214854,0.20863567129397462,0.3550720442757333
75,0.34901694827211804,0.0,0.15098305172788193,131,26,0.0,0,0,70,0.14038127697814337,0.0,0.29591100745214854,0.4,0.20863567129397462,0.0,0.3550720442757333,0.6,0.34901694827211804,0.34901694827211804,1.0,0.0,0.4,0.0,0.6,0.08151618273376057,0.08151618273376057,1.0,0.19052751602876647,0.28167967605046673,0.24000561497711217,0.2877871929436546,0.13375038276917875,0.13375038276917875,1.0,0.09526375801438323,0.3408398380252334,0.12000280748855609,0.4438935964718273,0.0,0.0,1.0,0.14038127697814337,0.29591100745214854,0.20863567129397462,0.3550720442757333
76,0.34901694827211804,0.0,0.15098305172788193,115,26,0.0,0,0,70,0.14038127697814337,0.0,0.29591100745214854,0.4,0.20863567129397462,0.0,0.3550720442757333,0.6,0.34901694827211804,0.34901694827211804,1.0,0.0,0.4,0.0,0.6,0.08151618273376057,0.08151618273376057,1.0,0.19052751602876647,0.28167967605046673,0.24000561497711217,0.2877871929436546,0.13375038276917875,0.13375038276917875,1.0,0.09526375801438323,0.3408398380252334,0.12000280748855609,0.4438935964718273,0.0,0.0,1.0,0.14038127697814337,0.29591100745214854,0.20863567129397462,0.3550720442757333
77,0.34901694827211804,0.0,0.15098305172788193,123,26,0.0,0,0,70,0.14038127697814337,0.0,0.29591100745214854,0.4,0.20863567129397462,0.0,0.3550720442757333,0.6,0.34901694827211804,0.34901694827211804,1.0,0.0,0.4,0.0,0.6,0.08151618273376057,0.08151618273376057,1.0,0.19052751602876647,0.28167967605046673,0.24000561497711217,0.2877871929436546,0.13375038276917875,0.13375038276917875,1.0,0.09526375801438323,0.3408398380252334,0.12000280748855609,0.4438935964718273,0.0,0.0,1.0,0.14038127697814337,0.29591100745214854,0.20863567129397462,0.3550720442757333
78,0.34901694827211804,0.0,0.15098305172788193,118,26,0.0,0,0,70,0.14038127697814337,0.0,0.29591100745214854,0.4,0.20863567129397462,0.0,0.3550720442757333,0.6,0.34901694827211804,0.34901694827211804,1.0,0.0,0.4,0.0,0.6,0.08151618273376057,0.08151618273376057,1.0,0.19052751602876647,0.28167967605046673,0.24000561497711217,0.2877871929436546,0.13375038276917875,0.13375038276917875,1.0,0.09526375801438323,0.3408398380252334,0.12000280748855609,0.4438935964718273,0.0,0.0,1.0,0.14038127697814337,0.29591100745214854,0.20863567129397462,0.3550720442757333
79,0.34901694827211804,0.0,0.15098305172788193,124,26,0.0,0,0,70,0.14038127697814337,0.0,0.29591100745214854,0.4,0.20863567129397462,0.0,0.3550720442757333,0.6,0.34901694827211804,0.34901694827211804,1.0,0.0,0.4,0.0,0.6,0.08151618273376057,0.08151618273376057,1.0,0.19052751602876647,0.28167967605046673,0.24000561497711217,0.2877871929436546,0.13375038276917875,0.13375038276917875,1.0,0.09526375801438323,0.3408398380252334,0.12000280748855609,0.4438935964718273,0.0,0.0,1.0,0.14038127697814337,0.29591100745214854,0.20863567129397462,0.3550720442757333
80,0.34901694827211804,0.0,0.15098305172788193,114,26,0.0,0,1,80,0.14038127697814337,0.0,0.29591100745214854,0.4,0.20863567129397462,0.0,0.3550720442757333,0.6,0.34901694827211804,0.34901694827211804,1.0,0.0,0.4,0.0,0.6,0.09582231212958733,0.09582231212958733,0.0,0.13815682135227242,0.2798946263388762,0.304457983423562,0.27749056888528933,0.12770954588420086,0.12770954588420086,1.0,0.06907841067613621,0.3399473131694381,0.152228991711781,0.43874528444264466,0.0,0.0,1.0,0.14038127697814337,0.29591100745214854,0.20863567129397462,0.3550720442757333
81,0.34901694827211804,0.0,0.15098305172788193,129,26,0.0,0,0,80,0.14038127697814337,0.0,0.29591100745214854,0.4,0.20863567129397462,0.0,0.3550720442757333,0.6,0.34901694827211804,0.34901694827211804,1.0,0.0,0.4,0.0,0.6,0.09582231212958733,0.09582231212958733,0.0,0.13815682135227242,0.2798946263388762,0.304457983423562,0.27749056888528933,0.12770954588420086,0.12770954588420086,1.0,0.06907841067613621,0.3399473131694381,0.152228991711781,0.43874528444264466,0.0,0.0,1.0,0.14038127697814337,0.29591100745214854,0.20863567129397462,0.3550720442757333
82,0.34901694827211804,0.0,0.15098305172788193,106,26,0.0,0,0,80,0.14038127697814337,0.0,0.29591100745214854,0.4,0.20863567129397462,0.0,0.3550720442757333,0.6,0.34901694827211804,0.34901694827211804,1.0,0.0,0.4,0.0,0.6,0.09582231212958733,0.09582231212958733,0.0,0.13815682135227242,0.2798946263388762,0.304457983423562,0.27749056888528933,0.12770954588420086,0.12770954588420086,1.0,0.06907841067613621,0.3399473131694381,0.152228991711781,0.43874528444264466,0.0,0.0,1.0,0.14038127697814337,0.29591100745214854,0.20863567129397462,0.3550720442757333
83,0.34901694827211804,0.0,0.15098305172788193,141,26,0.0,0,0,80,0.14038127697814337,0.0,0.29591100745214854,0.4,0.20863567129397462,0.0,0.3550720442757333,0.6,0.34901694827211804,0.34901694827211804,1.0,0.0,0.4,0.0,0.6,0.09582231212958733,0.09582231212958733,0.0,0.13815682135227242,0.2798946263388762,0.304457983423562,0.27749056888528933,0.12770954588420086,0.12770954588420086,1.0,0.06907841067613621,0.3399473131694381,0.152228991711781,0.43874528444264466,0.0,0.0,1.0,0.14038127697814337,0.29591100745214854,0.20863567129397462,0.3550720442757333
84,0.34901694827211804,0.0,0.15098305172788193,130,26,0.0,0,0,80,0.14038127697814337,0.0,0.29591100745214854,0.4,0.20863567129397462,0.0,0.3550720442757333,0.6,0.34901694827211804,0.34901694827211804,1.0,0.0,0.4,0.0,0.6,0.09582231212958733,0.09582231212958733,0.0,0.13815682135227242,0.2798946263388762,0.304457983423562,0.27749056888528933,0.12770954588420086,0.12770954588420086,1.0,0.06907841067613621,0.3399473131694381,0.152228991711781,0.43874528444264466,0.0,0.0,1.0,0.14038127697814337,0.29591100745214854,0.20863567129397462,0.3550720442757333
85,0.34901694827211804,0.0,0.15098305172788193,124,26,0.0,0,0,80,0.14038127697814337,0.0,0.29591100745214854,0.4,0.20863567129397462,0.0,0.3550720442757333,0.6,0.34901694827211804,0.34901694827211804,1.0,0.0,0.4,0.0,0.6,0.09582231212958733,0.09582231212958733,0.0,0.13815682135227242,0.2798946263388762,0.304457983423562,0.27749056888528933,0.12770954588420086,0.12770954588420086,1.0,0.06907841067613621,0.3399473131694381,0.152228991711781,0.43874528444264466,0.0,0.0,1.0,0.14038127697814337,0.29591100745214854,0.20863567129397462,0.3550720442757333
86,0.34901694827211804,0.0,0.15098305172788193,136,26,0.0,0,0,80,0.14038127697814337,0.0,0.29591100745214854,0.4,0.20863567129397462,0.0,0.3550720442757333,0.6,0.34901694827211804,0.34901694827211804,1.0,0.0,0.4,0.0,0.6,0.09582231212958733,0.09582231212958733,0.0,0.13815682135227242,0.2798946263388762,0.304457983423562,0.27749056888528933,0.12770954588420086,0.12770954588420086,1.0,0.06907841067613621,0.3399473131694381,0.152228991711781,0.43874528444264466,0.0,0.0,1.0,0.14038127697814337,0.29591100745214854,0.20863567129397462,0.3550720442757333
87,0.34901694827211804,0.0,0.15098305172788193,125,26,0.0,0,0,80,0.14038127697814337,0.0,0.29591100745214854,0.4,0.20863567129397462,0.0,0.3550720442757333,0.6,0.34901694827211804,0.34901694827211804,1.0,0.0,0.4,0.0,0.6,0.09582231212958733,0.09582231212958733,0.0,0.13815682135227242,0.2798946263388762,0.304457983423562,0.27749056888528933,0.12770954588420086,0.12770954588420086,1.0,0.06907841067613621,0.3399473131694381,0.152228991711781,0.43874528444264466,0.0,0.0,1.0,0.14038127697814337,0.29591100745214854,0.20863567129397462,0.3550720442757333
88,0.34901694827211804,0.0,0.15098305172788193,120,26,0.0,0,0,80,0.14038127697814337,0.0,0.29591100745214854,0.4,0.20863567129397462,0.0,0.3550720442757333,0.6,0.34901694827211804,0.34901694827211804,1.0,0.0,0.4,0.0,0.6,0.09582231212958733,0.09582231212958733,0.0,0.13815682135227242,0.2798946263388762,0.304457983423562,0.27749056888528933,0.12770954588420086,0.12770954588420086,1.0,0.06907841067613621,0.3399473131694381,0.152228991711781,0.43874528444264466,0.0,0.0,1.0,0.14038127697814337,0.29591100745214854,0.20863567129397462,0.3550720442757333
89,0.34901694827211804,0.0,0.15098305172788193,109,26,0.0,0,0,80,0.14038127697814337,0.0,0.29591100745214854,0.4,0.20863567129397462,0.0,0.3550720442757333,0.6,0.34901694827211804,0.34901694827211804,1.0,0.0,0.4,0.0,0.6,0.09582231212958733,0.09582231212958733,0.0,0.13815682135227242,0.2798946263388762,0.304457983423562,0.27749056888528933,0.12770954588420086,0.12770954588420086,1.0,0.06907841067613621,0.3399473131694381,0.152228991711781,0.43874528444264466,0.0,0.0,1.0,0.14038127697814337,0.29591100745214854,0.20863567129397462,0.3550720442757333
90,0.34901694827211804,0.0,0.15098305172788193,141,22,0.0,0,1,90,0.14038127697814337,0.0,0.29591100745214854,0.4,0.20863567129397462,0.0,0.3550720442757333,0.6,0.34901694827211804,0.34901694827211804,1.0,0.0,0.4,0.0,0.6,0.0787099146090108,0.0787099146090108,1.0,0.062146562731242784,0.36239219315962784,0.2081604709318645,0.3673007731772649,0.21386343144056444,0.21386343144056444,1.0,0.031073281365621392,0.3811960965798139,0.10408023546593224,0.48365038658863246,0.0,0.0,1.0,0.14038127697814337,0.29591100745214854,0.20863567129397462,0.3550720442757333
91,0.34901694827211804,0.0,0.15098305172788193,115,22,0.0,0,0,90,0.14038127697814337,0.0,0.29591100745214854,0.4,0.20863567129397462,0.0,0.3550720442757333,0.6,0.34901694827211804,0.34901694827211804,1.0,0.0,0.4,0.0,0.6,0.0787099146090108,0.0787099146090108,1.0,0.062146562731242784,0.36239219315962784,0.2081604709318645,0.3673007731772649,0.21386343144056444,0.21386343144056444,1.0,0.031073281365621392,0.3811960965798139,0.10408023546593224,0.48365038658863246,0.0,0.0,1.0,0.14038127697814337,0.29591100745214854,0.20863567129397462,0.3550720442757333
92,0.34901694827211804,0.0,0.15098305172788193,129,22,0.0,0,0,90,0.14038127697814337,0.0,0.29591100745214854,0.4,0.20863567129397462,0.0,0.3550720442757333,0.6,0.34901694827211804,0.34901694827211804,1.0,0.0,0.4,0.0,0.6,0.0787099146090108,0.0787099146090108,1.0,0.062146562731242784,0.36239219315962784,0.2081604709318645,0.3673007731772649,0.21386343144056444,0.21386343144056444,1.0,0.031073281365621392,0.3811960965798139,0.10408023546593224,0.48365038658863246,0.0,0.0,1.0,0.14038127697814337,0.29591100745214854,0.20863567129397462,0.3550720442757333
93,0.34901694827211804,0.0,0.15098305172788193,135,22,0.0,0,0,90,0.14038127697814337,0.0,0.29591100745214854,0.4,0.20863567129397462,0.0,0.3550720442757333,0.6,0.34901694827211804,0.34901694827211804,1.0,0.0,0.4,0.0,0.6,0.0787099146090108,0.0787099146090108,1.0,0.062146562731242784,0.36239219315962784,0.2081604709318645,0.3673007731772649,0.21386343144056444,0.21386343144056444,1.0,0.031073281365621392,0.3811960965798139,0.10408023546593224,0.48365038658863246,0.0,0.0,1.0,0.14038127697814337,0.29591100745214854,0.20863567129397462,0.3550720442757333
94,0.34901694827211804,0.0,0.15098305172788193,121,22,0.0,0,0,90,0.14038127697814337,0.0,0.29591100745214854,0.4,0.20863567129397462,0.0,0.3550720442757333,0.6,0.34901694827211804,0.34901694827211804,1.0,0.0,0.4,0.0,0.6,0.0787099146090108,0.0787099146090108,1.0,0.062146562731242784,0.36239219315962784,0.2081604709318645,0.3673007731772649,0.21386343144056444,0.21386343144056444,1.0,0.031073281365621392,0.3811960965798139,0.10408023546593224,0.48365038658863246,0.0,0.0,1.0,0.14038127697814337,0.29591100745214854,0.20863567129397462,0.3550720442757333
95,0.34901694827211804,0.0,0.15098305172788193,132,22,0.0,0,0,90,0.14038127697814337,0.0,0.29591100745214854,0.4,0.20863567129397462,0.0,0.3550720442757333,0.6,0.34901694827211804,0.34901694827211804,1.0,0.0,0.4,0.0,0.6,0.0787099146090108,0.0787099146090108,1.0,0.062146562731242784,0.36239219315962784,0.2081604709318645,0.3673007731772649,0.21386343144056444,0.21386343144056444,1.0,0.031073281365621392,0.3811960965798139,0.10408023546593224,0.48365038658863246,0.0,0.0,1.0,0.14038127697814337,0.29591100745214854,0.20863567129397462,0.3550720442757333
96,0.34901694827211804,0.0,0.15098305172788193,135,22,0.0,0,0,90,0.14038127697814337,0.0,0.29591100745214854,0.4,0.20863567129397462,0.0,0.3550720442757333,0.6,0.34901694827211804,0.34901694827211804,1.0,0.0,0.4,0.0,0.6,0.0787099146090108,0.0787099146090108,1.0,0.062146562731242784,0.36239219315962784,0.2081604709318645,0.3673007731772649,0.21386343144056444,0.21386343144056444,1.0,0.031073281365621392,0.3811960965798139,0.10408023546593224,0.48365038658863246,0.0,0.0,1.0,0.14038127697814337,0.29591100745214854,0.20863567129397462,0.3550720442757333
97,0.34901694827211804,0.0,0.15098305172788193,131,22,0.0,0,0,90,0.14038127697814337,0.0,0.29591100745214854,0.4,0.20863567129397462,0.0,0.3550720442757333,0.6,0.34901694827211804,0.34901694827211804,1.0,0.0,0.4,0.0,0.6,0.0787099146090108,0.0787099146090108,1.0,0.062146562731242784,0.36239219315962784,0.2081604709318645,0.3673007731772649,0.21386343144056444,0.21386343144056444,1.0,0.031073281365621392,0.3811960965798139,0.10408023546593224,0.48365038658863246,0.0,0.0,1.0,0.14038127697814337,0.29591100745214854,0.20863567129397462,0.3550720442757333
98,0.34901694827211804,0.0,0.15098305172788193,122,22,0.0,0,0,90,0.14038127697814337,0.0,0.29591100745214854,0.4,0.20863567129397462,0.0,0.3550720442757333,0.6,0.34901694827211804,0.34901694827211804,1.0,0.0,0.4,0.0,0.6,0.0787099146090108,0.0787099146090108,1.0,0.062146562731242784,0.36239219315962784,0.2081604709318645,0.3673007731772649,0.21386343144056444,0.21386343144056444,1.0,0.031073281365621392,0.3811960965798139,0.10408023546593224,0.48365038658863246,0.0,0.0,1.0,0.14038127697814337,0.29591100745214854,0.20863567129397462,0.3550720442757333
99,0.34901694827211804,0.0,0.15098305172788193,106,22,0.0,0,0,90,0.14038127697814337,0.0,0.29591100745214854,0.4,0.20863567129397462,0.0,0.3550720442757333,0.6,0.34901694827211804,0.34901694827211804,1.0,0.0,0.4,0.0,0.6,0.0787099146090108,0.0787099146090108,1.0,0.062146562731242784,0.36239219315962784,0.2081604709318645,0.3673007731772649,0.21386343144056444,0.21386343144056444,1.0,0.031073281365621392,0.3811960965798139,0.10408023546593224,0.48365038658863246,0.0,0.0,1.0,0.14038127697814337,0.29591100745214854,0.20863567129397462,0.3550720442757333
100,0.313707715569708,0.0,0.15098305172788193,90,4,0.0,0,1,100,0.14038127697814337,0.25,0.29591100745214854,0.5,0.20863567129397462,0.0,0.3550720442757333,0.25,0.338915938171108,0.338915938171108,1.0,0.010101010101010102,0.40404040404040403,0.0,0.5858585858585859,0.10379873367851937,0.10379873367851937,1.0,0.19314645409120482,0.2626541531337395,0.25966922785943264,0.28453016491562305,0.11755860224629433,0.11755860224629433,1.0,0.10162373209610746,0.3333472785870718,0.12983461392971632,0.4351943753871045,0.0,0.0,1.0,0.14038127697814337,0.29591100745214854,0.20863567129397462,0.3550720442757333
101,0.20037438223637466,0.0,0.15098305172788193,110,8,0.0,0,0,100,0.14038127697814337,0.23666666666666666,0.29591100745214854,0.4,0.20863567129397462,0.05333333333333334,0.3550720442757333,0.31,0.338915938171108,0.338915938171108,1.0,0.010101010101010102,0.40404040404040403,0.0,0.5858585858585859,0.10379873367851937,0.10379873367851937,1.0,0.19314645409120482,0.2626541531337395,0.25966922785943264,0.28453016491562305,0.11755860224629433,0.11755860224629433,1.0,0.10162373209610746,0.3333472785870718,0.12983461392971632,0.4351943753871045,0.0,0.0,1.0,0.14038127697814337,0.29591100745214854,0.20863567129397462,0.3550720442757333
102,0.2053023379606414,0.0,0.15098305172788193,114,12,0.0,0,0,100,0.14038127697814337,0.2,0.29591100745214854,0.4,0.20863567129397462,0.0033333333333333335,0.3550720442757333,0.39666666666666667,0.338915938171108,0.338915938171108,1.0,0.010101010101010102,0.40404040404040403,0.0,0.5858585858585859,0.10379873367851937,0.10379873367851937,1.0,0.19314645409120482,0.2626541531337395,0.25966922785943264,0.28453016491562305,0.11755860224629433,0.11755860224629433,1.0,0.10162373209610746,0.3333472785870718,0.12983461392971632,0.4351943753871045,0.0,0.0,1.0,0.14038127697814337,0.29591100745214854,0.20863567129397462,0.3550720442757333
103,0.20863567129397473,0.0,0.15098305172788193,151,12,0.0,0,0,100,0.14038127697814337,0.2,0.29591100745214854,0.4,0.20863567129397462,0.0,0.3550720442757333,0.4,0.338915938171108,0.338915938171108,1.0,0.010101010101010102,0.40404040404040403,0.0,0.5858585858585859,0.10379873367851937,0.10379873367851937,1.0,0.19314645409120482,0.2626541531337395,0.25966922785943264,0.28453016491562305,0.11755860224629433,0.11755860224629433,1.0,0.10162373209610746,0.3333472785870718,0.12983461392971632,0.4351943753871045,0.0,0.0,1.0,0.14038127697814337,0.29591100745214854,0.20863567129397462,0.3550720442757333
104,0.20863567129397473,0.0,0.15098305172788193,130,12,0.0,0,0,100,0.14038127697814337,0.2,0.29591100745214854,0.4,0.20863567129397462,0.0,0.3550720442757333,0.4,0.338915938171108,0.338915938171108,1.0,0.010101010101010102,0.40404040404040403,0.0,0.5858585858585859,0.10379873367851937,0.10379873367851937,1.0,0.19314645409120482,0.2626541531337395,0.25966922785943264,0.28453016491562305,0.11755860224629433,0.11755860224629433,1.0,0.10162373209610746,0.3333472785870718,0.12983461392971632,0.4351943753871045,0.0,0.0,1.0,0.14038127697814337,0.29591100745214854,0.20863567129397462,0.3550720442757333
105,0.20863567129397473,0.0,0.15098305172788193,116,12,0.0,0,0,100,0.14038127697814337,0.2,0.29591100745214854,0.4,0.20863567129397462,0.0,0.3550720442757333,0.4,0.338915938171108,0.338915938171108,1.0,0.010101010101010102,0.40404040404040403,0.0,0.5858585858585859,0.10379873367851937,0.10379873367851937,1.0,0.19314645409120482,0.2626541531337395,0.25966922785943264,0.28453016491562305,0.11755860224629433,0.11755860224629433,1.0,0.10162373209610746,0.3333472785870718,0.12983461392971632,0.4351943753871045,0.0,0.0,1.0,0.14038127697814337,0.29591100745214854,0.20863567129397462,0.3550720442757333
106,0.20863567129397473,0.0,0.15098305172788193,130,12,0.0,0,0,100,0.14038127697814337,0.2,0.29591100745214854,0.4,0.20863567129397462,0.0,0.3550720442757333,0.4,0.338915938171108,0.338915938171108,1.0,0.010101010101010102,0.40404040404040403,0.0,0.5858585858585859,0.10379873367851937,0.10379873367851937,1.0,0.19314645409120482,0.2626541531337395,0.25966922785943264,0.28453016491562305,0.11755860224629433,0.11755860224629433,1.0,0.10162373209610746,0.3333472785870718,0.12983461392971632,0.4351943753871045,0.0,0.0,1.0,0.14038127697814337,0.29591100745214854,0.20863567129397462,0.3550720442757333
107,0.20863567129397473,0.0,0.15098305172788193,104,12,0.0,0,0,100,0.14038127697814337,0.2,0.29591100745214854,0.4,0.20863567129397462,0.0,0.3550720442757333,0.4,0.338915938171108,0.338915938171108,1.0,0.010101010101010102,0.40404040404040403,0.0,0.5858585858585859,0.10379873367851937,0.10379873367851937,1.0,0.19314645409120482,0.2626541531337395,0.25966922785943264,0.28453016491562305,0.11755860224629433,0.11755860224629433,1.0,0.10162373209610746,0.3333472785870718,0.12983461392971632,0.4351943753871045,0.0,0.0,1.0,0.14038127697814337,0.29591100745214854,0.20863567129397462,0.3550720442757333
108,0.20863567129397473,0.0,0.15098305172788193,126,12,0.0,0,0,100,0.14038127697814337,0.2,0.29591100745214854,0.4,0.20863567129397462,0.0,0.3550720442757333,0.4,0.338915938171108,0.338915938171108,1.0,0.010101010101010102,0.40404040404040403,0.0,0.5858585858585859,0.10379873367851937,0.10379873367851937,1.0,0.19314645409120482,0.2626541531337395,0.25966922785943264,0.28453016491562305,0.11755860224629433,0.11755860224629433,1.0,0.10162373209610746,0.3333472785870718,0.12983461392971632,0.4351943753871045,0.0,0.0,1.0,0.14038127697814337,0.29591100745214854,0.20863567129397462,0.3550720442757333
109,0.20863567129397473,0.0,0.15098305172788193,113,12,0.0,0,0,100,0.14038127697814337,0.2,0.29591100745214854,0.4,0.20863567129397462,0.0,0.3550720442757333,0.4,0.338915938171108,0.338915938171108,1.0,0.010101010101010102,0.40404040404040403,0.0,0.5858585858585859,0.10379873367851937,0.10379873367851937,1.0,0.19314645409120482,0.2626541531337395,0.25966922785943264,0.28453016491562305,0.11755860224629433,0.11755860224629433,1.0,0.10162373209610746,0.3333472785870718,0.12983461392971632,0.4351943753871045,0.0,0.0,1.0,0.14038127697814337,0.29591100745214854,0.20863567129397462,0.3550720442757333
110,0.20863567129397473,0.0,0.15098305172788193,122,12,0.0,0,1,110,0.14038127697814337,0.2,0.29591100745214854,0.4,0.20863567129397462,0.0,0.3550720442757333,0.4,0.23117183042700024,0.23117183042700024,1.0,0.11195286195286196,0.40404040404040403,0.005892255892255892,0.4781144781144781,0.052330974428908356,0.052330974428908356,1.0,0.1889864022795794,0.29676512123027504,0.15630469686506637,0.35794377962507923,0.12753719491531357,0.12753719491531357,1.0,0.1504696321162207,0.35040276263533954,0.08109847637866113,0.41802912886977867,0.0,0.0,1.0,0.14038127697814337,0.29591100745214854,0.20863567129397462,0.3550720442757333
111,0.20863567129397473,0.0,0.15098305172788193,117,12,0.0,0,0,110,0.14038127697814337,0.2,0.29591100745214854,0.4,0.20863567129397462,0.0,0.3550720442757333,0.4,0.23117183042700024,0.23117183042700024,1.0,0.11195286195286196,0.40404040404040403,0.005892255892255892,0.4781144781144781,0.052330974428908356,0.052330974428908356,1.0,0.1889864022795794,0.29676512123027504,0.15630469686506637,0.35794377962507923,0.12753719491531357,0.12753719491531357,1.0,0.1504696321162207,0.35040276263533954,0.08109847637866113,0.41802912886977867,0.0,0.0,1.0,0.14038127697814337,0.29591100745214854,0.20863567129397462,0.3550720442757333
112,0.20863567129397473,0.0,0.15098305172788193,136,12,0.0,0,0,110,0.14038127697814337,0.2,0.29591100745214854,0.4,0.20863567129397462,0.0,0.3550720442757333,0.4,0.23117183042700024,0.23117183042700024,1.0,0.11195286195286196,0.40404040404040403,0.005892255892255892,0.4781144781144781,0.052330974428908356,0.052330974428908356,1.0,0.1889864022795794,0.29676512123027504,0.15630469686506637,0.35794377962507923,0.12753719491531357,0.12753719491531357,1.0,0.1504696321162207,0.35040276263533954,0.08109847637866113,0.41802912886977867,0.0,0.0,1.0,0.14038127697814337,0.29591100745214854,0.20863567129397462,0.3550720442757333
113,0.20863567129397473,0.0,0.15098305172788193,117,12,0.0,0,0,110,0.14038127697814337,0.2,0.29591100745214854,0.4,0.20863567129397462,0.0,0.3550720442757333,0.4,0.23117183042700024,0.23117183042700024,1.0,0.11195286195286196,0.40404040404040403,0.005892255892255892,0.4781144781144781,0.052330974428908356,0.052330974428908356,1.0,0.1889864022795794,0.29676512123027504,0.15630469686506637,0.35794377962507923,0.12753719491531357,0.12753719491531357,1.0,0.1504696321162207,0.35040276263533954,0.08109847637866113,0.41802912886977867,0.0,0.0,1.0,0.14038127697814337,0.29591100745214854,0.20863567129397462,0.3550720442757333
114,0.20863567129397473,0.0,0.15098305172788193,142,12,0.0,0,0,110,0.14038127697814337,0.2,0.29591100745214854,0.4,0.20863567129397462,0.0,0.3550720442757333,0.4,0.23117183042700024,0.23117183042700024,1.0,0.11195286195286196,0.40404040404040403,0.005892255892255892,0.4781144781144781,0.052330974428908356,0.052330974428908356,1.0,0.1889864022795794,0.29676512123027504,0.15630469686506637,0.35794377962507923,0.12753719491531357,0.12753719491531357,1.0,0.1504696321162207,0.35040276263533954,0.08109847637866113,0.41802912886977867,0.0,0.0,1.0,0.14038127697814337,0.29591100745214854,0.20863567129397462,0.3550720442757333
115,0.20863567129397473,0.0,0.15098305172788193,118,12,0.0,0,0,110,0.14038127697814337,0.2,0.29591100745214854,0.4,0.20863567129397462,0.0,0.3550720442757333,0.4,0.23117183042700024,0.23117183042700024,1.0,0.11195286195286196,0.40404040404040403,0.005892255892255892,0.4781144781144781,0.052330974428908356,0.052330974428908356,1.0,0.1889864022795794,0.29676512123027504,0.15630469686506637,0.35794377962507923,0.12753719491531357,0.12753719491531357,1.0,0.1504696321162207,0.35040276263533954,0.08109847637866113,0.41802912886977867,0.0,0.0,1.0,0.14038127697814337,0.29591100745214854,0.20863567129397462,0.3550720442757333
116,0.20863567129397473,0.0,0.15098305172788193,111,12,0.0,0,0,110,0.14038127697814337,0.2,0.29591100745214854,0.4,0.20863567129397462,0.0,0.3550720442757333,0.4,0.23117183042700024,0.23117183042700024,1.0,0.11195286195286196,0.40404040404040403,0.005892255892255892,0.4781144781144781,0.052330974428908356,0.052330974428908356,1.0,0.1889864022795794,0.29676512123027504,0.15630469686506637,0.35794377962507923,0.12753719491531357,0.12753719491531357,1.0,0.1504696321162207,0.35040276263533954,0.08109847637866113,0.41802912886977867,0.0,0.0,1.0,0.14038127697814337,0.29591100745214854,0.20863567129397462,0.3550720442757333
117,0.20863567129397473,0.0,0.15098305172788193,126,12,0.0,0,0,110,0.14038127697814337,0.2,0.29591100745214854,0.4,0.20863567129397462,0.0,0.3550720442757333,0.4,0.23117183042700024,0.23117183042700024,1.0,0.11195286195286196,0.40404040404040403,0.005892255892255892,0.4781144781144781,0.052330974428908356,0.052330974428908356,1.0,0.1889864022795794,0.29676512123027504,0.15630469686506637,0.35794377962507923,0.12753719491531357,0.12753719491531357,1.0,0.1504696321162207,0.35040276263533954,0.08109847637866113,0.41802912886977867,0.0,0.0,1.0,0.14038127697814337,0.29591100745214854,0.20863567129397462,0.3550720442757333
118,0.20863567129397473,0.0,0.15098305172788193,124,12,0.0,0,0,110,0.14038127697814337,0.2,0.29591100745214854,0.4,0.20863567129397462,0.0,0.3550720442757333,0.4,0.23117183042700024,0.23117183042700024,1.0,0.11195286195286196,0.40404040404040403,0.005892255892255892,0.4781144781144781,0.052330974428908356,0.052330974428908356,1.0,0.1889864022795794,0.29676512123027504,0.15630469686506637,0.35794377962507923,0.12753719491531357,0.12753719491531357,1.0,0.1504696321162207,0.35040276263533954,0.08109847637866113,0.41802912886977867,0.0,0.0,1.0,0.14038127697814337,0.29591100745214854,0.20863567129397462,0.3550720442757333
119,0.20863567129397473,0.0,0.15098305172788193,119,12,0.0,0,0,110,0.14038127697814337,0.2,0.29591100745214854,0.4,0.20863567129397462,0.0,0.3550720442757333,0.4,0.23117183042700024,0.23117183042700024,1.0,0.11195286195286196,0.40404040404040403,0.005892255892255892,0.4781144781144781,0.052330974428908356,0.052330974428908356,1.0,0.1889864022795794,0.29676512123027504,0.15630469686506637,0.35794377962507923,0.12753719491531357,0.12753719491531357,1.0,0.1504696321162207,0.35040276263533954,0.08109847637866113,0.41802912886977867,0.0,0.0,1.0,0.14038127697814337,0.29591100745214854,0.20863567129397462,0.3550720442757333
120,0.20863567129397473,0.0,0.15098305172788193,124,12,0.0,0,1,120,0.14038127697814337,0.2,0.29591100745214854,0.4,0.20863567129397462,0.0,0.3550720442757333,0.4,0.20280233796064137,0.20280233796064137,0.0,0.20083333333333334,0.4,0.005833333333333334,0.3933333333333333,0.06223923724815986,0.06223923724815986,1.0,0.14016120428430265,0.28655914452338843,0.15596836966841574,0.4173112815238933,0.1277348197931002,0.1277348197931002,1.0,0.170497268808818,0.34327957226169425,0.08090085150087453,0.4053223074286133,0.0,0.0,1.0,0.14038127697814337,0.29591100745214854,0.20863567129397462,0.3550720442757333
121,0.20863567129397473,0.0,0.15098305172788193,117,12,0.0,0,0,120,0.14038127697814337,0.2,0.29591100745214854,0.4,0.20863567129397462,0.0,0.3550720442757333,0.4,0.20280233796064137,0.20280233796064137,0.0,0.20083333333333334,0.4,0.005833333333333334,0.3933333333333333,0.06223923724815986,0.06223923724815986,1.0,0.14016120428430265,0.28655914452338843,0.15596836966841574,0.4173112815238933,0.1277348197931002,0.1277348197931002,1.0,0.170497268808818,0.34327957226169425,0.08090085150087453,0.4053223074286133,0.0,0.0,1.0,0.14038127697814337,0.29591100745214854,0.20863567129397462,0.3550720442757333
122,0.20863567129397473,0.0,0.15098305172788193,119,12,0.0,0,0,120,0.14038127697814337,0.2,0.29591100745214854,0.4,0.20863567129397462,0.0,0.3550720442757333,0.4,0.20280233796064137,0.20280233796064137,0.0,0.20083333333333334,0.4,0.005833333333333334,0.3933333333333333,0.06223923724815986,0.06223923724815986,1.0,0.14016120428430265,0.28655914452338843,0.15596836966841574,0.4173112815238933,0.1277348197931002,0.1277348197931002,1.0,0.170497268808818,0.34327957226169425,0.08090085150087453,0.4053223074286133,0.0,0.0,1.0,0.14038127697814337,0.29591100745214854,0.20863567129397462,0.3550720442757333
123,0.20863567129397473,0.0,0.15098305172788193,118,12,0.0,0,0,120,0.14038127697814337,0.2,0.29591100745214854,0.4,0.20863567129397462,0.0,0.3550720442757333,0.4,0.20280233796064137,0.20280233796064137,0.0,0.20083333333333334,0.4,0.005833333333333334,0.3933333333333333,0.06223923724815986,0.06223923724815986,1.0,0.14016120428430265,0.28655914452338843,0.15596836966841574,0.4173112815238933,0.1277348197931002,0.1277348197931002,1.0,0.170497268808818,0.34327957226169425,0.08090085150087453,0.4053223074286133,0.0,0.0,1.0,0.14038127697814337,0.29591100745214854,0.20863567129397462,0.3550720442757333
124,0.20863567129397473,0.0,0.15098305172788193,139,12,0.0,0,0,120,0.14038127697814337,0.2,0.29591100745214854,0.4,0.20863567129397462,0.0,0.3550720442757333,0.4,0.20280233796064137,0.20280233796064137,0.0,0.20083333333333334,0.4,0.005833333333333334,0.3933333333333333,0.06223923724815986,0.06223923724815986,1.0,0.14016120428430265,0.28655914452338843,0.15596836966841574,0.4173112815238933,0.1277348197931002,0.1277348197931002,1.0,0.170497268808818,0.34327957226169425,0.08090085150087453,0.4053223074286133,0.0,0.0,1.0,0.14038127697814337,0.29591100745214854,0.20863567129397462,0.3550720442757333
125,0.20863567129397473,0.0,0.15098305172788193,125,12,0.0,0,0,120,0.14038127697814337,0.2,0.29591100745214854,0.4,0.20863567129397462,0.0,0.3550720442757333,0.4,0.20280233796064137,0.20280233796064137,0.0,0.20083333333333334,0.4,0.005833333333333334,0.3933333333333333,0.06223923724815986,0.06223923724815986,1.0,0.14016120428430265,0.28655914452338843,0.15596836966841574,0.4173112815238933,0.1277348197931002,0.1277348197931002,1.0,0.170497268808818,0.34327957226169425,0.08090085150087453,0.4053223074286133,0.0,0.0,1.0,0.14038127697814337,0.29591100745214854,0.20863567129397462,0.3550720442757333
126,0.20863567129397473,0.0,0.15098305172788193,113,12,0.0,0,0,120,0.14038127697814337,0.2,0.29591100745214854,0.4,0.20863567129397462,0.0,0.3550720442757333,0.4,0.20280233796064137,0.20280233796064137,0.0,0.20083333333333334,0.4,0.005833333333333334,0.3933333333333333,0.06223923724815986,0.06223923724815986,1.0,0.14016120428430265,0.28655914452338843,0.15596836966841574,0.4173112815238933,0.1277348197931002,0.1277348197931002,1.0,0.170497268808818,0.34327957226169425,0.08090085150087453,0.4053223074286133,0.0,0.0,1.0,0.14038127697814337,0.29591100745214854,0.20863567129397462,0.3550720442757333
127,0.20863567129397473,0.0,0.15098305172788193,128,12,0.0,0,0,120,0.14038127697814337,0.2,0.29591100745214854,0.4,0.20863567129397462,0.0,0.3550720442757333,0.4,0.20280233796064137,0.20280233796064137,0.0,0.20083333333333334,0.4,0.005833333333333334,0.3933333333333333,0.06223923724815986,0.06223923724815986,1.0,0.14016120428430265,0.28655914452338843,0.15596836966841574,0.4173112815238933,0.1277348197931002,0.1277348197931002,1.0,0.170497268808818,0.34327957226169425,0.08090085150087453,0.4053223074286133,0.0,0.0,1.0,0.14038127697814337,0.29591100745214854,0.20863567129397462,0.3550720442757333
128,0.20863567129397473,0.0,0.15098305172788193,132,12,0.0,0,0,120,0.14038127697814337,0.2,0.29591100745214854,0.4,0.20863567129397462,0.0,0.3550720442757333,0.4,0.20280233796064137,0.20280233796064137,0.0,0.20083333333333334,0.4,0.005833333333333334,0.3933333333333333,0.06223923724815986,0.06223923724815986,1.0,0.14016120428430265,0.28655914452338843,0.15596836966841574,0.4173112815238933,0.1277348197931002,0.1277348197931002,1.0,0.170497268808818,0.34327957226169425,0.08090085150087453,0.4053223074286133,0.0,0.0,1.0,0.14038127697814337,0.29591100745214854,0.20863567129397462,0.3550720442757333
129,0.20863567129397473,0.0,0.15098305172788193,113,12,0.0,0,0,120,0.14038127697814337,0.2,0.29591100745214854,0.4,0.20863567129397462,0.0,0.3550720442757333,0.4,0.20280233796064137,0.20280233796064137,0.0,0.20083333333333334,0.4,0.005833333333333334,0.3933333333333333,0.06223923724815986,0.06223923724815986,1.0,0.14016120428430265,0.28655914452338843,0.15596836966841574,0.4173112815238933,0.1277348197931002,0.1277348197931002,1.0,0.170497268808818,0.34327957226169425,0.08090085150087453,0.4053223074286133,0.0,0.0,1.0,0.14038127697814337,0.29591100745214854,0.20863567129397462,0.3550720442757333
130,0.20863567129397473,0.0,0.15098305172788193,131,12,0.0,0,1,130,0.14038127697814337,0.2,0.29591100745214854,0.4,0.20863567129397462,0.0,0.3550720442757333,0.4,0.20863567129397473,0.20863567129397473,0.5,0.2,0.4,0.0,0.4,0.03774429779812814,0.03774429779812814,1.0,0.17812557477627156,0.2682031467496882,0.2077445968595946,0.34592668161444556,0.10476337286417742,0.10476337286417742,1.0,0.18906278738813578,0.33410157337484414,0.1038722984297973,0.3729633408072228,0.0,0.0,1.0,0.14038127697814337,0.29591100745214854,0.20863567129397462,0.3550720442757333
131,0.20863567129397473,0.0,0.15098305172788193,126,12,0.0,0,0,130,0.14038127697814337,0.2,0.29591100745214854,0.4,0.20863567129397462,0.0,0.3550720442757333,0.4,0.20863567129397473,0.20863567129397473,0.5,0.2,0.4,0.0,0.4,0.03774429779812814,0.03774429779812814,1.0,0.17812557477627156,0.2682031467496882,0.2077445968595946,0.34592668161444556,0.10476337286417742,0.10476337286417742,1.0,0.18906278738813578,0.33410157337484414,0.1038722984297973,0.3729633408072228,0.0,0.0,1.0,0.14038127697814337,0.29591100745214854,0.20863567129397462,0.3550720442757333
132,0.20863567129397473,0.0,0.15098305172788193,101,12,0.0,0,0,130,0.14038127697814337,0.2,0.29591100745214854,0.4,0.20863567129397462,0.0,0.3550720442757333,0.4,0.20863567129397473,0.20863567129397473,0.5,0.2,0.4,0.0,0.4,0.03774429779812814,0.03774429779812814,1.0,0.17812557477627156,0.2682031467496882,0.2077445968595946,0.34592668161444556,0.10476337286417742,0.10476337286417742,1.0,0.18906278738813578,0.33410157337484414,0.1038722984297973,0.3729633408072228,0.0,0.0,1.0,0.14038127697814337,0.29591100745214854,0.20863567129397462,0.3550720442757333
133,0.20863567129397473,0.0,0.15098305172788193,127,12,0.0,0,0,130,0.14038127697814337,0.2,0.29591100745214854,0.4,0.20863567129397462,0.0,0.3550720442757333,0.4,0.20863567129397473,0.20863567129397473,0.5,0.2,0.4,0.0,0.4,0.03774429779812814,0.03774429779812814,1.0,0.17812557477627156,0.2682031467496882,0.2077445968595946,0.34592668161444556,0.10476337286417742,0.10476337286417742,1.0,0.18906278738813578,0.33410157337484414,0.1038722984297973,0.3729633408072228,0.0,0.0,1.0,0.14038127697814337,0.29591100745214854,0.20863567129397462,0.3550720442757333
134,0.20863567129397473,0.0,0.15098305172788193,139,12,0.0,0,0,130,0.14038127697814337,0.2,0.29591100745214854,0.4,0.20863567129397462,0.0,0.3550720442757333,0.4,0.20863567129397473,0.20863567129397473,0.5,0.2,0.4,0.0,0.4,0.03774429779812814,0.03774429779812814,1.0,0.17812557477627156,0.2682031467496882,0.2077445968595946,0.34592668161444556,0.10476337286417742,0.10476337286417742,1.0,0.18906278738813578,0.33410157337484414,0.1038722984297973,0.3729633408072228,0.0,0.0,1.0,0.14038127697814337,0.29591100745214854,0.20863567129397462,0.3550720442757333
135,0.20863567129397473,0.0,0.15098305172788193,115,12,0.0,0,0,130,0.14038127697814337,0.2,0.29591100745214854,0.4,0.20863567129397462,0.0,0.3550720442757333,0.4,0.20863567129397473,0.20863567129397473,0.5,0.2,0.4,0.0,0.4,0.03774429779812814,0.03774429779812814,1.0,0.17812557477627156,0.2682031467496882,0.2077445968595946,0.34592668161444556,0.10476337286417742,0.10476337286417742,1.0,0.18906278738813578,0.33410157337484414,0.1038722984297973,0.3729633408072228,0.0,0.0,1.0,0.14038127697814337,0.29591100745214854,0.20863567129397462,0.3550720442757333
136,0.20863567129397473,0.0,0.15098305172788193,123,12,0.0,0,0,130,0.14038127697814337,0.2,0.29591100745214854,0.4,0.20863567129397462,0.0,0.3550720442757333,0.4,0.20863567129397473,0.20863567129397473,0.5,0.2,0.4,0.0,0.4,0.03774429779812814,0.03774429779812814,1.0,0.17812557477627156,0.2682031467496882,0.2077445968595946,0.34592668161444556,0.10476337286417742,0.10476337286417742,1.0,0.18906278738813578,0.33410157337484414,0.1038722984297973,0.3729633408072228,0.0,0.0,1.0,0.14038127697814337,0.29591100745214854,0.20863567129397462,0.3550720442757333
137,0.20863567129397473,0.0,0.15098305172788193,149,12,0.0,0,0,130,0.14038127697814337,0.2,0.29591100745214854,0.4,0.20863567129397462,0.0,0.3550720442757333,0.4,0.20863567129397473,0.20863567129397473,0.5,0.2,0.4,0.0,0.4,0.03774429779812814,0.03774429779812814,1.0,0.17812557477627156,0.2682031467496882,0.2077445968595946,0.34592668161444556,0.10476337286417742,0.10476337286417742,1.0,0.18906278738813578,0.33410157337484414,0.1038722984297973,0.3729633408072228,0.0,0.0,1.0,0.14038127697814337,0.29591100745214854,0.20863567129397462,0.3550720442757333
138,0.20863567129397473,0.0,0.15098305172788193,129,12,0.0,0,0,130,0.14038127697814337,0.2,0.29591100745214854,0.4,0.20863567129397462,0.0,0.3550720442757333,0.4,0.20863567129397473,0.20863567129397473,0.5,0.2,0.4,0.0,0.4,0.03774429779812814,0.03774429779812814,1.0,0.17812557477627156,0.2682031467496882,0.2077445968595946,0.34592668161444556,0.10476337286417742,0.10476337286417742,1.0,0.18906278738813578,0.33410157337484414,0.1038722984297973,0.3729633408072228,0.0,0.0,1.0,0.14038127697814337,0.29591100745214854,0.20863567129397462,0.3550720442757333
139,0.20863567129397473,0.0,0.15098305172788193,103,12,0.0,0,0,130,0.14038127697814337,0.2,0.29591100745214854,0.4,0.20863567129397462,0.0,0.3550720442757333,0.4,0.20863567129397473,0.20863567129397473,0.5,0.2,0.4,0.0,0.4,0.03774429779812814,0.03774429779812814,1.0,0.17812557477627156,0.2682031467496882,0.2077445968595946,0.34592668161444556,0.10476337286417742,0.10476337286417742,1.0,0.18906278738813578,0.33410157337484414,0.1038722984297973,0.3729633408072228,0.0,0.0,1.0,0.14038127697814337,0.29591100745214854,0.20863567129397462,0.3550720442757333
140,0.20863567129397473,0.0,0.15098305172788193,130,12,0.0,0,1,140,0.14038127697814337,0.2,0.29591100745214854,0.4,0.20863567129397462,0.0,0.3550720442757333,0.4,0.20863567129397473,0.20863567129397473,0.5,0.2,0.4,0.0,0.4,0.021741673195063788,0.021741673195063788,1.0,0.15478572516831726,0.2965786452551092,0.2153052584959039,0.33333037108066954,0.10098304204602276,0.10098304204602276,1.0,0.17739286258415865,0.34828932262755463,0.10765262924795195,0.3666651855403348,0.0,0.0,1.0,0.14038127697814337,0.29591100745214854,0.20863567129397462,0.3550720442757333
141,0.20863567129397473,0.0,0.15098305172788193,123,12,0.0,0,0,140,0.14038127697814337,0.2,0.29591100745214854,0.4,0.20863567129397462,0.0,0.3550720442757333,0.4,0.20863567129397473,0.20863567129397473,0.5,0.2,0.4,0.0,0.4,0.021741673195063788,0.021741673195063788,1.0,0.15478572516831726,0.2965786452551092,0.2153052584959039,0.33333037108066954,0.10098304204602276,0.10098304204602276,1.0,0.17739286258415865,0.34828932262755463,0.10765262924795195,0.3666651855403348,0.0,0.0,1.0,0.14038127697814337,0.29591100745214854,0.20863567129397462,0.3550720442757333
142,0.20863567129397473,0.0,0.15098305172788193,112,12,0.0,0,0,140,0.14038127697814337,0.2,0.29591100745214854,0.4,0.20863567129397462,0.0,0.3550720442757333,0.4,0.20863567129397473,0.20863567129397473,0.5,0.2,0.4,0.0,0.4,0.021741673195063788,0.021741673195063788,1.0,0.15478572516831726,0.2965786452551092,0.2153052584959039,0.33333037108066954,0.10098304204602276,0.10098304204602276,1.0,0.17739286258415865,0.34828932262755463,0.10765262924795195,0.3666651855403348,0.0,0.0,1.0,0.14038127697814337,0.29591100745214854,0.20863567129397462,0.3550720442757333
143,0.20863567129397473,0.0,0.15098305172788193,110,12,0.0,0,0,140,0.14038127697814337,0.2,0.29591100745214854,0.4,0.20863567129397462,0.0,0.3550720442757333,0.4,0.20863567129397473,0.20863567129397473,0.5,0.2,0.4,0.0,0.4,0.021741673195063788,0.021741673195063788,1.0,0.15478572516831726,0.2965786452551092,0.2153052584959039,0.33333037108066954,0.10098304204602276,0.10098304204602276,1.0,0.17739286258415865,0.34828932262755463,0.10765262924795195,0.3666651855403348,0.0,0.0,1.0,0.14038127697814337,0.29591100745214854,0.20863567129397462,0.3550720442757333
144,0.20863567129397473,0.0,0.15098305172788193,125,12,0.0,0,0,140,0.14038127697814337,0.2,0.29591100745214854,0.4,0.20863567129397462,0.0,0.3550720442757333,0.4,0.20863567129397473,0.20863567129397473,0.5,0.2,0.4,0.0,0.4,0.021741673195063788,0.021741673195063788,1.0,0.15478572516831726,0.2965786452551092,0.2153052584959039,0.33333037108066954,0.10098304204602276,0.10098304204602276,1.0,0.17739286258415865,0.34828932262755463,0.10765262924795195,0.3666651855403348,0.0,0.0,1.0,0.14038127697814337,0.29591100745214854,0.20863567129397462,0.3550720442757333
145,0.20863567129397473,0.0,0.15098305172788193,124,12,0.0,0,0,140,0.14038127697814337,0.2,0.29591100745214854,0.4,0.20863567129397462,0.0,0.3550720442757333,0.4,0.20863567129397473,0.20863567129397473,0.5,0.2,0.4,0.0,0.4,0.021741673195063788,0.021741673195063788,1.0,0.15478572516831726,0.2965786452551092,0.2153052584959039,0.33333037108066954,0.10098304204602276,0.10098304204602276,1.0,0.17739286258415865,0.34828932262755463,0.10765262924795195,0.3666651855403348,0.0,0.0,1.0,0.14038127697814337,0.29591100745214854,0.20863567129397462,0.3550720442757333
146,0.20863567129397473,0.0,0.15098305172788193,127,12,0.0,0,0,140,0.14038127697814337,0.2,0.29591100745214854,0.4,0.20863567129397462,0.0,0.3550720442757333,0.4,0.20863567129397473,0.20863567129397473,0.5,0.2,0.4,0.0,0.4,0.021741673195063788,0.021741673195063788,1.0,0.15478572516831726,0.2965786452551092,0.2153052584959039,0.33333037108066954,0.10098304204602276,0.10098304204602276,1.0,0.17739286258415865,0.34828932262755463,0.10765262924795195,0.3666651855403348,0.0,0.0,1.0,0.14038127697814337,0.29591100745214854,0.20863567129397462,0.3550720442757333
147,0.20863567129397473,0.0,0.15098305172788193,126,12,0.0,0,0,140,0.14038127697814337,0.2,0.29591100745214854,0.4,0.20863567129397462,0.0,0.3550720442757333,0.4,0.20863567129397473,0.20863567129397473,0.5,0.2,0.4,0.0,0.4,0.021741673195063788,0.021741673195063788,1.0,0.15478572516831726,0.2965786452551092,0.2153052584959039,0.33333037108066954,0.10098304204602276,0.10098304204602276,1.0,0.17739286258415865,0.34828932262755463,0.10765262924795195,0.3666651855403348,0.0,0.0,1.0,0.14038127697814337,0.29591100745214854,0.20863567129397462,0.3550720442757333
148,0.20863567129397473,0.0,0.15098305172788193,113,12,0.0,0,0,140,0.14038127697814337,0.2,0.29591100745214854,0.4,0.20863567129397462,0.0,0.3550720442757333,0.4,0.20863567129397473,0.20863567129397473,0.5,0.2,0.4,0.0,0.4,0.021741673195063788,0.021741673195063788,1.0,0.15478572516831726,0.2965786452551092,0.2153052584959039,0.33333037108066954,0.10098304204602276,0.10098304204602276,1.0,0.17739286258415865,0.34828932262755463,0.10765262924795195,0.3666651855403348,0.0,0.0,1.0,0.14038127697814337,0.29591100745214854,0.20863567129397462,0.3550720442757333
149,0.20863567129397473,0.0,0.15098305172788193,148,12,0.0,0,0,140,0.14038127697814337,0.2,0.29591100745214854,0.4,0.20863567129397462,0.0,0.3550720442757333,0.4,0.20863567129397473,0.20863567129397473,0.5,0.2,0.4,0.0,0.4,0.021741673195063788,0.021741673195063788,1.0,0.15478572516831726,0.2965786452551092,0.2153052584959039,0.33333037108066954,0.10098304204602276,0.10098304204602276,1.0,0.17739286258415865,0.34828932262755463,0.10765262924795195,0.3666651855403348,0.0,0.0,1.0,0.14038127697814337,0.29591100745214854,0.20863567129397462,0.3550720442757333
150,0.20863567129397473,0.0,0.15098305172788193,122,12,0.0,0,1,150,0.14038127697814337,0.2,0.29591100745214854,0.4,0.20863567129397462,0.0,0.3550720442757333,0.4,0.20863567129397473,0.20863567129397473,0.5,0.2,0.4,0.0,0.4,0.07148192094811659,0.07148192094811659,1.0,0.0934163853501303,0.30392595487241797,0.27210264482182184,0.33055501495562983,0.07258434888306378,0.07258434888306378,1.0,0.14670819267506516,0.35196297743620897,0.13605132241091092,0.36527750747781496,0.0,0.0,1.0,0.14038127697814337,0.29591100745214854,0.20863567129397462,0.3550720442757333
151,0.20863567129397473,0.0,0.15098305172788193,125,12,0.0,0,0,150,0.14038127697814337,0.2,0.29591100745214854,0.4,0.20863567129397462,0.0,0.3550720442757333,0.4,0.20863567129397473,0.20863567129397473,0.5,0.2,0.4,0.0,0.4,0.07148192094811659,0.07148192094811659,1.0,0.0934163853501303,0.30392595487241797,0.27210264482182184,0.33055501495562983,0.07258434888306378,0.07258434888306378,1.0,0.14670819267506516,0.35196297743620897,0.13605132241091092,0.36527750747781496,0.0,0.0,1.0,0.14038127697814337,0.29591100745214854,0.20863567129397462,0.3550720442757333
152,0.20863567129397473,0.0,0.15098305172788193,111,12,0.0,0,0,150,0.14038127697814337,0.2,0.29591100745214854,0.4,0.20863567129397462,0.0,0.3550720442757333,0.4,0.20863567129397473,0.20863567129397473,0.5,0.2,0.4,0.0,0.4,0.07148192094811659,0.07148192094811659,1.0,0.0934163853501303,0.30392595487241797,0.27210264482182184,0.33055501495562983,0.07258434888306378,0.07258434888306378,1.0,0.14670819267506516,0.35196297743620897,0.13605132241091092,0.36527750747781496,0.0,0.0,1.0,0.14038127697814337,0.29591100745214854,0.20863567129397462,0.3550720442757333
153,0.20863567129397473,0.0,0.15098305172788193,129,12,0.0,0,0,150,0.14038127697814337,0.2,0.29591100745214854,0.4,0.20863567129397462,0.0,0.3550720442757333,0.4,0.20863567129397473,0.20863567129397473,0.5,0.2,0.4,0.0,0.4,0.07148192094811659,0.07148192094811659,1.0,0.0934163853501303,0.30392595487241797,0.27210264482182184,0.33055501495562983,0.07258434888306378,0.07258434888306378,1.0,0.14670819267506516,0.35196297743620897,0.13605132241091092,0.36527750747781496,0.0,0.0,1.0,0.14038127697814337,0.29591100745214854,0.20863567129397462,0.3550720442757333
154,0.20863567129397473,0.0,0.15098305172788193,112,12,0.0,0,0,150,0.14038127697814337,0.2,0.29591100745214854,0.4,0.20863567129397462,0.0,0.3550720442757333,0.4,0.20863567129397473,0.20863567129397473,0.5,0.2,0.4,0.0,0.4,0.07148192094811659,0.07148192094811659,1.0,0.0934163853501303,0.30392595487241797,0.27210264482182184,0.33055501495562983,0.07258434888306378,0.07258434888306378,1.0,0.14670819267506516,0.35196297743620897,0.13605132241091092,0.36527750747781496,0.0,0.0,1.0,0.14038127697814337,0.29591100745214854,0.20863567129397462,0.3550720442757333
155,0.20863567129397473,0.0,0.15098305172788193,120,12,0.0,0,0,150,0.14038127697814337,0.2,0.29591100745214854,0.4,0.20863567129397462,0.0,0.3550720442757333,0.4,0.20863567129397473,0.20863567129397473,0.5,0.2,0.4,0.0,0.4,0.07148192094811659,0.07148192094811659,1.0,0.0934163853501303,0.30392595487241797,0.27210264482182184,0.33055501495562983,0.07258434888306378,0.07258434888306378,1.0,0.14670819267506516,0.35196297743620897,0.13605132241091092,0.36527750747781496,0.0,0.0,1.0,0.14038127697814337,0.29591100745214854,0.20863567129397462,0.3550720442757333
156,0.20863567129397473,0.0,0.15098305172788193,122,12,0.0,0,0,150,0.14038127697814337,0.2,0.29591100745214854,0.4,0.20863567129397462,0.0,0.3550720442757333,0.4,0.20863567129397473,0.20863567129397473,0.5,0.2,0.4,0.0,0.4,0.07148192094811659,0.07148192094811659,1.0,0.0934163853501303,0.30392595487241797,0.27210264482182184,0.33055501495562983,0.07258434888306378,0.07258434888306378,1.0,0.14670819267506516,0.35196297743620897,0.13605132241091092,0.36527750747781496,0.0,0.0,1.0,0.14038127697814337,0.29591100745214854,0.20863567129397462,0.3550720442757333
157,0.20863567129397473,0.0,0.15098305172788193,126,12,0.0,0,0,150,0.14038127697814337,0.2,0.29591100745214854,0.4,0.20863567129397462,0.0,0.3550720442757333,0.4,0.20863567129397473,0.20863567129397473,0.5,0.2,0.4,0.0,0.4,0.07148192094811659,0.07148192094811659,1.0,0.0934163853501303,0.30392595487241797,0.27210264482182184,0.33055501495562983,0.07258434888306378,0.07258434888306378,1.0,0.14670819267506516,0.35196297743620897,0.13605132241091092,0.36527750747781496,0.0,0.0,1.0,0.14038127697814337,0.29591100745214854,0.20863567129397462,0.3550720442757333
158,0.20863567129397473,0.0,0.15098305172788193,123,12,0.0,0,0,150,0.14038127697814337,0.2,0.29591100745214854,0.4,0.20863567129397462,0.0,0.3550720442757333,0.4,0.20863567129397473,0.20863567129397473,0.5,0.2,0.4,0.0,0.4,0.07148192094811659,0.07148192094811659,1.0,0.0934163853501303,0.30392595487241797,0.27210264482182184,0.33055501495562983,0.07258434888306378,0.07258434888306378,1.0,0.14670819267506516,0.35196297743620897,0.13605132241091092,0.36527750747781496,0.0,0.0,1.0,0.14038127697814337,0.29591100745214854,0.20863567129397462,0.3550720442757333
159,0.20863567129397473,0.0,0.15098305172788193,118,12,0.0,0,0,150,0.14038127697814337,0.2,0.29591100745214854,0.4,0.20863567129397462,0.0,0.3550720442757333,0.4,0.20863567129397473,0.20863567129397473,0.5,0.2,0.4,0.0,0.4,0.07148192094811659,0.07148192094811659,1.0,0.0934163853501303,0.30392595487241797,0.27210264482182184,0.33055501495562983,0.07258434888306378,0.07258434888306378,1.0,0.14670819267506516,0.35196297743620897,0.13605132241091092,0.36527750747781496,0.0,0.0,1.0,0.14038127697814337,0.29591100745214854,0.20863567129397462,0.3550720442757333
160,0.20863567129397473,0.0,0.15098305172788193,123,12,0.0,0,1,160,0.14038127697814337,0.2,0.29591100745214854,0.4,0.20863567129397462,0.0,0.3550720442757333,0.4,0.20863567129397473,0.20863567129397473,0.5,0.2,0.4,0.0,0.4,0.062318517226226125,0.062318517226226125,1.0,0.12146077583201631,0.2901080453557865,0.1710406173102377,0.4173905615019595,0.12311536263885586,0.12311536263885586,1.0,0.16073038791600816,0.34505402267789326,0.08552030865511885,0.4086952807509798,0.0,0.0,1.0,0.14038127697814337,0.29591100745214854,0.20863567129397462,0.3550720442757333
161,0.20863567129397473,0.0,0.15098305172788193,117,12,0.0,0,0,160,0.14038127697814337,0.2,0.29591100745214854,0.4,0.20863567129397462,0.0,0.3550720442757333,0.4,0.20863567129397473,0.20863567129397473,0.5,0.2,0.4,0.0,0.4,0.062318517226226125,0.062318517226226125,1.0,0.12146077583201631,0.2901080453557865,0.1710406173102377,0.4173905615019595,0.12311536263885586,0.12311536263885586,1.0,0.16073038791600816,0.34505402267789326,0.08552030865511885,0.4086952807509798,0.0,0.0,1.0,0.14038127697814337,0.29591100745214854,0.20863567129397462,0.3550720442757333
162,0.20863567129397473,0.0,0.15098305172788193,128,12,0.0,0,0,160,0.14038127697814337,0.2,0.29591100745214854,0.4,0.20863567129397462,0.0,0.3550720442757333,0.4,0.20863567129397473,0.20863567129397473,0.5,0.2,0.4,0.0,0.4,0.062318517226226125,0.062318517226226125,1.0,0.12146077583201631,0.2901080453557865,0.1710406173102377,0.4173905615019595,0.12311536263885586,0.12311536263885586,1.0,0.16073038791600816,0.34505402267789326,0.08552030865511885,0.4086952807509798,0.0,0.0,1.0,0.14038127697814337,0.29591100745214854,0.20863567129397462,0.3550720442757333
163,0.20863567129397473,0.0,0.15098305172788193,128,12,0.0,0,0,160,0.14038127697814337,0.2,0.29591100745214854,0.4,0.20863567129397462,0.0,0.3550720442757333,0.4,0.20863567129397473,0.20863567129397473,0.5,0.2,0.4,0.0,0.4,0.062318517226226125,0.062318517226226125,1.0,0.12146077583201631,0.2901080453557865,0.1710406173102377,0.4173905615019595,0.12311536263885586,0.12311536263885586,1.0,0.16073038791600816,0.34505402267789326,0.08552030865511885,0.4086952807509798,0.0,0.0,1.0,0.14038127697814337,0.29591100745214854,0.20863567129397462,0.3550720442757333
164,0.20863567129397473,0.0,0.15098305172788193,123,12,0.0,0,0,160,0.14038127697814337,0.2,0.29591100745214854,0.4,0.20863567129397462,0.0,0.3550720442757333,0.4,0.20863567129397473,0.20863567129397473,0.5,0.2,0.4,0.0,0.4,0.062318517226226125,0.062318517226226125,1.0,0.12146077583201631,0.2901080453557865,0.1710406173102377,0.4173905615019595,0.12311536263885586,0.12311536263885586,1.0,0.16073038791600816,0.34505402267789326,0.08552030865511885,0.4086952807509798,0.0,0.0,1.0,0.14038127697814337,0.29591100745214854,0.20863567129397462,0.3550720442757333
165,0.20863567129397473,0.0,0.15098305172788193,143,12,0.0,0,0,160,0.14038127697814337,0.2,0.29591100745214854,0.4,0.20863567129397462,0.0,0.3550720442757333,0.4,0.20863567129397473,0.20863567129397473,0.5,0.2,0.4,0.0,0.4,0.062318517226226125,0.062318517226226125,1.0,0.12146077583201631,0.2901080453557865,0.1710406173102377,0.4173905615019595,0.12311536263885586,0.12311536263885586,1.0,0.16073038791600816,0.34505402267789326,0.08552030865511885,0.4086952807509798,0.0,0.0,1.0,0.14038127697814337,0.29591100745214854,0.20863567129397462,0.3550720442757333
166,0.20863567129397473,0.0,0.15098305172788193,122,12,0.0,0,0,160,0.14038127697814337,0.2,0.29591100745214854,0.4,0.20863567129397462,0.0,0.3550720442757333,0.4,0.20863567129397473,0.20863567129397473,0.5,0.2,0.4,0.0,0.4,0.062318517226226125,0.062318517226226125,1.0,0.12146077583201631,0.2901080453557865,0.1710406173102377,0.4173905615019595,0.12311536263885586,0.12311536263885586,1.0,0.16073038791600816,0.34505402267789326,0.08552030865511885,0.4086952807509798,0.0,0.0,1.0,0.14038127697814337,0.29591100745214854,0.20863567129397462,0.3550720442757333
167,0.20863567129397473,0.0,0.15098305172788193,115,12,0.0,0,0,160,0.14038127697814337,0.2,0.29591100745214854,0.4,0.20863567129397462,0.0,0.3550720442757333,0.4,0.20863567129397473,0.20863567129397473,0.5,0.2,0.4,0.0,0.4,0.062318517226226125,0.062318517226226125,1.0,0.12146077583201631,0.2901080453557865,0.1710406173102377,0.4173905615019595,0.12311536263885586,0.12311536263885586,1.0,0.16073038791600816,0.34505402267789326,0.08552030865511885,0.4086952807509798,0.0,0.0,1.0,0.14038127697814337,0.29591100745214854,0.20863567129397462,0.3550720442757333
168,0.20863567129397473,0.0,0.15098305172788193,116,12,0.0,0,0,160,0.14038127697814337,0.2,0.29591100745214854,0.4,0.20863567129397462,0.0,0.3550720442757333,0.4,0.20863567129397473,0.20863567129397473,0.5,0.2,0.4,0.0,0.4,0.062318517226226125,0.062318517226226125,1.0,0.12146077583201631,0.2901080453557865,0.1710406173102377,0.4173905615019595,0.12311536263885586,0.12311536263885586,1.0,0.16073038791600816,0.34505402267789326,0.08552030865511885,0.4086952807509798,0.0,0.0,1.0,0.14038127697814337,0.29591100745214854,0.20863567129397462,0.3550720442757333
169,0.20863567129397473,0.0,0.15098305172788193,127,12,0.0,0,0,160,0.14038127697814337,0.2,0.29591100745214854,0.4,0.20863567129397462,0.0,0.3550720442757333,0.4,0.20863567129397473,0.20863567129397473,0.5,0.2,0.4,0.0,0.4,0.062318517226226125,0.062318517226226125,1.0,0.12146077583201631,0.2901080453557865,0.1710406173102377,0.4173905615019595,0.12311536263885586,0.12311536263885586,1.0,0.16073038791600816,0.34505402267789326,0.08552030865511885,0.4086952807509798,0.0,0.0,1.0,0.14038127697814337,0.29591100745214854,0.20863567129397462,0.3550720442757333
170,0.20863567129397473,0.0,0.15098305172788193,146,12,0.0,0,1,170,0.14038127697814337,0.2,0.29591100745214854,0.4,0.20863567129397462,0.0,0.3550720442757333,0.4,0.20863567129397473,0.20863567129397473,0.5,0.2,0.4,0.0,0.4,0.1392782456035691,0.1392782456035691,1.0,0.20472419653334942,0.15663276184857952,0.25436808093213853,0.38427496068593253,0.09904625735576421,0.09904625735576421,1.0,0.20236209826667473,0.2783163809242898,0.12718404046606926,0.39213748034296625,0.0,0.0,1.0,0.14038127697814337,0.29591100745214854,0.20863567129397462,0.3550720442757333
171,0.20863567129397473,0.0,0.15098305172788193,127,12,0.0,0,0,170,0.14038127697814337,0.2,0.29591100745214854,0.4,0.20863567129397462,0.0,0.3550720442757333,0.4,0.20863567129397473,0.20863567129397473,0.5,0.2,0.4,0.0,0.4,0.1392782456035691,0.1392782456035691,1.0,0.20472419653334942,0.15663276184857952,0.25436808093213853,0.38427496068593253,0.09904625735576421,0.09904625735576421,1.0,0.20236209826667473,0.2783163809242898,0.12718404046606926,0.39213748034296625,0.0,0.0,1.0,0.14038127697814337,0.29591100745214854,0.20863567129397462,0.3550720442757333
172,0.20863567129397473,0.0,0.15098305172788193,116,12,0.0,0,0,170,0.14038127697814337,0.2,0.29591100745214854,0.4,0.20863567129397462,0.0,0.3550720442757333,0.4,0.20863567129397473,0.20863567129397473,0.5,0.2,0.4,0.0,0.4,0.1392782456035691,0.1392782456035691,1.0,0.20472419653334942,0.15663276184857952,0.25436808093213853,0.38427496068593253,0.09904625735576421,0.09904625735576421,1.0,0.20236209826667473,0.2783163809242898,0.12718404046606926,0.39213748034296625,0.0,0.0,1.0,0.14038127697814337,0.29591100745214854,0.20863567129397462,0.3550720442757333
173,0.20863567129397473,0.0,0.15098305172788193,132,12,0.0,0,0,170,0.14038127697814337,0.2,0.29591100745214854,0.4,0.20863567129397462,0.0,0.3550720442757333,0.4,0.20863567129397473,0.20863567129397473,0.5,0.2,0.4,0.0,0.4,0.1392782456035691,0.1392782456035691,1.0,0.20472419653334942,0.15663276184857952,0.25436808093213853,0.38427496068593253,0.09904625735576421,0.09904625735576421,1.0,0.20236209826667473,0.2783163809242898,0.12718404046606926,0.39213748034296625,0.0,0.0,1.0,0.14038127697814337,0.29591100745214854,0.20863567129397462,0.3550720442757333
174,0.20863567129397473,0.0,0.15098305172788193,121,12,0.0,0,0,170,0.14038127697814337,0.2,0.29591100745214854,0.4,0.20863567129397462,0.0,0.3550720442757333,0.4,0.20863567129397473,0.20863567129397473,0.5,0.2,0.4,0.0,0.4,0.1392782456035691,0.1392782456035691,1.0,0.20472419653334942,0.15663276184857952,0.25436808093213853,0.38427496068593253,0.09904625735576421,0.09904625735576421,1.0,0.20236209826667473,0.2783163809242898,0.12718404046606926,0.39213748034296625,0.0,0.0,1.0,0.14038127697814337,0.29591100745214854,0.20863567129397462,0.3550720442757333
175,0.20863567129397473,0.0,0.15098305172788193,115,12,0.0,0,0,170,0.14038127697814337,0.2,0.29591100745214854,0.4,0.20863567129397462,0.0,0.3550720442757333,0.4,0.20863567129397473,0.20863567129397473,0.5,0.2,0.4,0.0,0.4,0.1392782456035691,0.1392782456035691,1.0,0.20472419653334942,0.15663276184857952,0.25436808093213853,0.38427496068593253,0.09904625735576421,0.09904625735576421,1.0,0.20236209826667473,0.2783163809242898,0.12718404046606926,0.39213748034296625,0.0,0.0,1.0,0.14038127697814337,0.29591100745214854,0.20863567129397462,0.3550720442757333
176,0.20863567129397473,0.0,0.15098305172788193,120,12,0.0,0,0,170,0.14038127697814337,0.2,0.29591100745214854,0.4,0.20863567129397462,0.0,0.3550720442757333,0.4,0.20863567129397473,0.20863567129397473,0.5,0.2,0.4,0.0,0.4,0.1392782456035691,0.1392782456035691,1.0,0.20472419653334942,0.15663276184857952,0.25436808093213853,0.38427496068593253,0.09904625735576421,0.09904625735576421,1.0,0.20236209826667473,0.2783163809242898,0.12718404046606926,0.39213748034296625,0.0,0.0,1.0,0.14038127697814337,0.29591100745214854,0.20863567129397462,0.3550720442757333
177,0.20863567129397473,0.0,0.15098305172788193,123,12,0.0,0,0,170,0.14038127697814337,0.2,0.29591100745214854,0.4,0.20863567129397462,0.0,0.3550720442757333,0.4,0.20863567129397473,0.20863567129397473,0.5,0.2,0.4,0.0,0.4,0.1392782456035691,0.1392782456035691,1.0,0.20472419653334942,0.15663276184857952,0.25436808093213853,0.38427496068593253,0.09904625735576421,0.09904625735576421,1.0,0.20236209826667473,0.2783163809242898,0.12718404046606926,0.39213748034296625,0.0,0.0,1.0,0.14038127697814337,0.29591100745214854,0.20863567129397462,0.3550720442757333
178,0.20863567129397473,0.0,0.15098305172788193,124,12,0.0,0,0,170,0.14038127697814337,0.2,0.29591100745214854,0.4,0.20863567129397462,0.0,0.3550720442757333,0.4,0.20863567129397473,0.20863567129397473,0.5,0.2,0.4,0.0,0.4,0.1392782456035691,0.1392782456035691,1.0,0.20472419653334942,0.15663276184857952,0.25436808093213853,0.38427496068593253,0.09904625735576421,0.09904625735576421,1.0,0.20236209826667473,0.2783163809242898,0.12718404046606926,0.39213748034296625,0.0,0.0,1.0,0.14038127697814337,0.29591100745214854,0.20863567129397462,0.3550720442757333
179,0.20863567129397473,0.0,0.15098305172788193,108,12,0.0,0,0,170,0.14038127697814337,0.2,0.29591100745214854,0.4,0.20863567129397462,0.0,0.3550720442757333,0.4,0.20863567129397473,0.20863567129397473,0.5,0.2,0.4,0.0,0.4,0.1392782456035691,0.1392782456035691,1.0,0.20472419653334942,0.15663276184857952,0.25436808093213853,0.38427496068593253,0.09904625735576421,0.09904625735576421,1.0,0.20236209826667473,0.2783163809242898,0.12718404046606926,0.39213748034296625,0.0,0.0,1.0,0.14038127697814337,0.29591100745214854,0.20863567129397462,0.3550720442757333
180,0.20863567129397473,0.0,0.15098305172788193,117,12,0.0,0,1,180,0.14038127697814337,0.2,0.29591100745214854,0.4,0.20863567129397462,0.0,0.3550720442757333,0.4,0.20863567129397473,0.20863567129397473,0.5,0.2,0.4,0.0,0.4,0.11898387821083362,0.11898387821083362,1.0,0.14876953779197324,0.176927129241315,0.27872912455743865,0.3955742084092731,0.07671855184674643,0.07671855184674643,1.0,0.17438476889598664,0.28846356462065753,0.13936456227871932,0.3977871042046366,0.0,0.0,1.0,0.14038127697814337,0.29591100745214854,0.20863567129397462,0.3550720442757333
181,0.20863567129397473,0.0,0.15098305172788193,113,12,0.0,0,0,180,0.14038127697814337,0.2,0.29591100745214854,0.4,0.20863567129397462,0.0,0.3550720442757333,0.4,0.20863567129397473,0.20863567129397473,0.5,0.2,0.4,0.0,0.4,0.11898387821083362,0.11898387821083362,1.0,0.14876953779197324,0.176927129241315,0.27872912455743865,0.3955742084092731,0.07671855184674643,0.07671855184674643,1.0,0.17438476889598664,0.28846356462065753,0.13936456227871932,0.3977871042046366,0.0,0.0,1.0,0.14038127697814337,0.29591100745214854,0.20863567129397462,0.3550720442757333
182,0.20863567129397473,0.0,0.15098305172788193,128,12,0.0,0,0,180,0.14038127697814337,0.2,0.29591100745214854,0.4,0.20863567129397462,0.0,0.3550720442757333,0.4,0.20863567129397473,0.20863567129397473,0.5,0.2,0.4,0.0,0.4,0.11898387821083362,0.11898387821083362,1.0,0.14876953779197324,0.176927129241315,0.27872912455743865,0.3955742084092731,0.07671855184674643,0.07671855184674643,1.0,0.17438476889598664,0.28846356462065753,0.13936456227871932,0.3977871042046366,0.0,0.0,1.0,0.14038127697814337,0.29591100745214854,0.20863567129397462,0.3550720442757333
183,0.20863567129397473,0.0,0.15098305172788193,124,12,0.0,0,0,180,0.14038127697814337,0.2,0.29591100745214854,0.4,0.20863567129397462,0.0,0.3550720442757333,0.4,0.20863567129397473,0.20863567129397473,0.5,0.2,0.4,0.0,0.4,0.11898387821083362,0.11898387821083362,1.0,0.14876953779197324,0.176927129241315,0.27872912455743865,0.3955742084092731,0.07671855184674643,0.07671855184674643,1.0,0.17438476889598664,0.28846356462065753,0.13936456227871932,0.3977871042046366,0.0,0.0,1.0,0.14038127697814337,0.29591100745214854,0.20863567129397462,0.3550720442757333
184,0.20863567129397473,0.0,0.15098305172788193,111,12,0.0,0,0,180,0.14038127697814337,0.2,0.29591100745214854,0.4,0.20863567129397462,0.0,0.3550720442757333,0.4,0.20863567129397473,0.20863567129397473,0.5,0.2,0.4,0.0,0.4,0.11898387821083362,0.11898387821083362,1.0,0.14876953779197324,0.176927129241315,0.27872912455743865,0.3955742084092731,0.07671855184674643,0.07671855184674643,1.0,0.17438476889598664,0.28846356462065753,0.13936456227871932,0.3977871042046366,0.0,0.0,1.0,0.14038127697814337,0.29591100745214854,0.20863567129397462,0.3550720442757333
185,0.20863567129397473,0.0,0.15098305172788193,126,12,0.0,0,0,180,0.14038127697814337,0.2,0.29591100745214854,0.4,0.20863567129397462,0.0,0.3550720442757333,0.4,0.20863567129397473,0.20863567129397473,0.5,0.2,0.4,0.0,0.4,0.11898387821083362,0.11898387821083362,1.0,0.14876953779197324,0.176927129241315,0.27872912455743865,0.3955742084092731,0.07671855184674643,0.07671855184674643,1.0,0.17438476889598664,0.28846356462065753,0.13936456227871932,0.3977871042046366,0.0,0.0,1.0,0.14038127697814337,0.29591100745214854,0.20863567129397462,0.3550720442757333
186,0.20863567129397473,0.0,0.15098305172788193,118,12,0.0,0,0,180,0.14038127697814337,0.2,0.29591100745214854,0.4,0.20863567129397462,0.0,0.3550720442757333,0.4,0.20863567129397473,0.20863567129397473,0.5,0.2,0.4,0.0,0.4,0.11898387821083362,0.11898387821083362,1.0,0.14876953779197324,0.176927129241315,0.27872912455743865,0.3955742084092731,0.07671855184674643,0.07671855184674643,1.0,0.17438476889598664,0.28846356462065753,0.13936456227871932,0.3977871042046366,0.0,0.0,1.0,0.14038127697814337,0.29591100745214854,0.20863567129397462,0.3550720442757333
187,0.20863567129397473,0.0,0.15098305172788193,109,12,0.0,0,0,180,0.14038127697814337,0.2,0.29591100745214854,0.4,0.20863567129397462,0.0,0.3550720442757333,0.4,0.20863567129397473,0.20863567129397473,0.5,0.2,0.4,0.0,0.4,0.11898387821083362,0.11898387821083362,1.0,0.14876953779197324,0.176927129241315,0.27872912455743865,0.3955742084092731,0.07671855184674643,0.07671855184674643,1.0,0.17438476889598664,0.28846356462065753,0.13936456227871932,0.3977871042046366,0.0,0.0,1.0,0.14038127697814337,0.29591100745214854,0.20863567129397462,0.3550720442757333
188,0.20863567129397473,0.0,0.15098305172788193,126,12,0.0,0,0,180,0.14038127697814337,0.2,0.29591100745214854,0.4,0.20863567129397462,0.0,0.3550720442757333,0.4,0.20863567129397473,0.20863567129397473,0.5,0.2,0.4,0.0,0.4,0.11898387821083362,0.11898387821083362,1.0,0.14876953779197324,0.176927129241315,0.27872912455743865,0.3955742084092731,0.07671855184674643,0.07671855184674643,1.0,0.17438476889598664,0.28846356462065753,0.13936456227871932,0.3977871042046366,0.0,0.0,1.0,0.14038127697814337,0.29591100745214854,0.20863567129397462,0.3550720442757333
189,0.20863567129397473,0.0,0.15098305172788193,105,12,0.0,0,0,180,0.14038127697814337,0.2,0.29591100745214854,0.4,0.20863567129397462,0.0,0.3550720442757333,0.4,0.20863567129397473,0.20863567129397473,0.5,0.2,0.4,0.0,0.4,0.11898387821083362,0.11898387821083362,1.0,0.14876953779197324,0.176927129241315,0.27872912455743865,0.3955742084092731,0.07671855184674643,0.07671855184674643,1.0,0.17438476889598664,0.28846356462065753,0.13936456227871932,0.3977871042046366,0.0,0.0,1.0,0.14038127697814337,0.29591100745214854,0.20863567129397462,0.3550720442757333
190,0.20863567129397473,0.0,0.15098305172788193,121,12,0.0,0,1,190,0.14038127697814337,0.2,0.29591100745214854,0.4,0.20863567129397462,0.0,0.3550720442757333,0.4,0.20863567129397473,0.20863567129397473,0.5,0.2,0.4,0.0,0.4,0.010204718735254609,0.010204718735254609,1.0,0.14700796457069668,0.2962188124274339,0.1984309525587201,0.3583422704431493,0.10942019501461467,0.10942019501461467,1.0,0.17350398228534836,0.348109406213717,0.09921547627936005,0.37917113522157464,0.0,0.0,1.0,0.14038127697814337,0.29591100745214854,0.20863567129397462,0.3550720442757333
191,0.20863567129397473,0.0,0.15098305172788193,128,11,0.0,0,0,190,0.14038127697814337,0.2,0.29591100745214854,0.4,0.20863567129397462,0.0,0.3550720442757333,0.4,0.20863567129397473,0.20863567129397473,0.5,0.2,0.4,0.0,0.4,0.010204718735254609,0.010204718735254609,1.0,0.14700796457069668,0.2962188124274339,0.1984309525587201,0.3583422704431493,0.10942019501461467,0.10942019501461467,1.0,0.17350398228534836,0.348109406213717,0.09921547627936005,0.37917113522157464,0.0,0.0,1.0,0.14038127697814337,0.29591100745214854,0.20863567129397462,0.3550720442757333
192,0.20863567129397473,0.0,0.15098305172788193,116,11,0.0,0,0,190,0.14038127697814337,0.2,0.29591100745214854,0.4,0.20863567129397462,0.0,0.3550720442757333,0.4,0.20863567129397473,0.20863567129397473,0.5,0.2,0.4,0.0,0.4,0.010204718735254609,0.010204718735254609,1.0,0.14700796457069668,0.2962188124274339,0.1984309525587201,0.3583422704431493,0.10942019501461467,0.10942019501461467,1.0,0.17350398228534836,0.348109406213717,0.09921547627936005,0.37917113522157464,0.0,0.0,1.0,0.14038127697814337,0.29591100745214854,0.20863567129397462,0.3550720442757333
193,0.20863567129397473,0.0,0.15098305172788193,101,11,0.0,0,0,190,0.14038127697814337,0.2,0.29591100745214854,0.4,0.20863567129397462,0.0,0.3550720442757333,0.4,0.20863567129397473,0.20863567129397473,0.5,0.2,0.4,0.0,0.4,0.010204718735254609,0.010204718735254609,1.0,0.14700796457069668,0.2962188124274339,0.1984309525587201,0.3583422704431493,0.10942019501461467,0.10942019501461467,1.0,0.17350398228534836,0.348109406213717,0.09921547627936005,0.37917113522157464,0.0,0.0,1.0,0.14038127697814337,0.29591100745214854,0.20863567129397462,0.3550720442757333
194,0.20863567129397473,0.0,0.15098305172788193,134,11,0.0,0,0,190,0.14038127697814337,0.2,0.29591100745214854,0.4,0.20863567129397462,0.0,0.3550720442757333,0.4,0.20863567129397473,0.20863567129397473,0.5,0.2,0.4,0.0,0.4,0.010204718735254609,0.010204718735254609,1.0,0.14700796457069668,0.2962188124274339,0.1984309525587201,0.3583422704431493,0.10942019501461467,0.10942019501461467,1.0,0.17350398228534836,0.348109406213717,0.09921547627936005,0.37917113522157464,0.0,0.0,1.0,0.14038127697814337,0.29591100745214854,0.20863567129397462,0.3550720442757333
195,0.20863567129397473,0.0,0.15098305172788193,112,11,0.0,0,0,190,0.14038127697814337,0.2,0.29591100745214854,0.4,0.20863567129397462,0.0,0.3550720442757333,0.4,0.20863567129397473,0.20863567129397473,0.5,0.2,0.4,0.0,0.4,0.010204718735254609,0.010204718735254609,1.0,0.14700796457069668,0.2962188124274339,0.1984309525587201,0.3583422704431493,0.10942019501461467,0.10942019501461467,1.0,0.17350398228534836,0.348109406213717,0.09921547627936005,0.37917113522157464,0.0,0.0,1.0,0.14038127697814337,0.29591100745214854,0.20863567129397462,0.3550720442757333
196,0.20863567129397473,0.0,0.15098305172788193,115,11,0.0,0,0,190,0.14038127697814337,0.2,0.29591100745214854,0.4,0.20863567129397462,0.0,0.3550720442757333,0.4,0.20863567129397473,0.20863567129397473,0.5,0.2,0.4,0.0,0.4,0.010204718735254609,0.010204718735254609,1.0,0.14700796457069668,0.2962188124274339,0.1984309525587201,0.3583422704431493,0.10942019501461467,0.10942019501461467,1.0,0.17350398228534836,0.348109406213717,0.09921547627936005,0.37917113522157464,0.0,0.0,1.0,0.14038127697814337,0.29591100745214854,0.20863567129397462,0.3550720442757333
197,0.20863567129397473,0.0,0.15098305172788193,104,11,0.0,0,0,190,0.14038127697814337,0.2,0.29591100745214854,0.4,0.20863567129397462,0.0,0.3550720442757333,0.4,0.20863567129397473,0.20863567129397473,0.5,0.2,0.4,0.0,0.4,0.010204718735254609,0.010204718735254609,1.0,0.14700796457069668,0.2962188124274339,0.1984309525587201,0.3583422704431493,0.10942019501461467,0.10942019501461467,1.0,0.17350398228534836,0.348109406213717,0.09921547627936005,0.37917113522157464,0.0,0.0,1.0,0.14038127697814337,0.29591100745214854,0.20863567129397462,0.3550720442757333
198,0.20863567129397473,0.0,0.15098305172788193,111,11,0.0,0,0,190,0.14038127697814337,0.2,0.29591100745214854,0.4,0.20863567129397462,0.0,0.3550720442757333,0.4,0.20863567129397473,0.20863567129397473,0.5,0.2,0.4,0.0,0.4,0.010204718735254609,0.010204718735254609,1.0,0.14700796457069668,0.2962188124274339,0.1984309525587201,0.3583422704431493,0.10942019501461467,0.10942019501461467,1.0,0.17350398228534836,0.348109406213717,0.09921547627936005,0.37917113522157464,0.0,0.0,1.0,0.14038127697814337,0.29591100745214854,0.20863567129397462,0.3550720442757333
199,0.20863567129397473,0.0,0.15098305172788193,123,11,0.0,0,0,190,0.14038127697814337,0.2,0.29591100745214854,0.4,0.20863567129397462,0.0,0.3550720442757333,0.4,0.20863567129397473,0.20863567129397473,0.5,0.2,0.4,0.0,0.4,0.010204718735254609,0.010204718735254609,1.0,0.14700796457069668,0.2962188124274339,0.1984309525587201,0.3583422704431493,0.10942019501461467,0.10942019501461467,1.0,0.17350398228534836,0.348109406213717,0.09921547627936005,0.37917113522157464,0.0,0.0,1.0,0.14038127697814337,0.29591100745214854,0.20863567129397462,0.3550720442757333
200,0.27598305172788196,0.0,0.15098305172788193,79,7,0.0,0,1,200,0.14038127697814337,0.36833333333333335,0.29591100745214854,0.175,0.20863567129397462,0.25666666666666665,0.3550720442757333,0.2,0.19196900462730804,0.19196900462730804,1.0,0.20666666666666667,0.38666666666666666,0.016666666666666666,0.39,0.030528722912971457,0.030528722912971457,1.0,0.14719496729443446,0.319626040048829,0.18735259529846912,0.3458263973582674,0.10662604031140682,0.10662604031140682,1.0,0.17693081698055058,0.3531463533577478,0.10200963098256789,0.36791319867913375,0.0,0.0,1.0,0.14038127697814337,0.29591100745214854,0.20863567129397462,0.3550720442757333
201,0.5259830517278818,0.0,0.15098305172788193,80,7,0.0,0,0,200,0.14038127697814337,0.48,0.29591100745214854,0.125,0.20863567129397462,0.395,0.3550720442757333,0.0,0.19196900462730804,0.19196900462730804,1.0,0.20666666666666667,0.38666666666666666,0.016666666666666666,0.39,0.030528722912971457,0.030528722912971457,1.0,0.14719496729443446,0.319626040048829,0.18735259529846912,0.3458263973582674,0.10662604031140682,0.10662604031140682,1.0,0.17693081698055058,0.3531463533577478,0.10200963098256789,0.36791319867913375,0.0,0.0,1.0,0.14038127697814337,0.29591100745214854,0.20863567129397462,0.3550720442757333
202,0.450983051727882,0.0,0.15098305172788193,84,11,0.0,0,0,200,0.14038127697814337,0.4166666666666667,0.29591100745214854,0.2,0.20863567129397462,0.38333333333333336,0.3550720442757333,0.0,0.19196900462730804,0.19196900462730804,1.0,0.20666666666666667,0.38666666666666666,0.016666666666666666,0.39,0.030528722912971457,0.030528722912971457,1.0,0.14719496729443446,0.319626040048829,0.18735259529846912,0.3458263973582674,0.10662604031140682,0.10662604031140682,1.0,0.17693081698055058,0.3531463533577478,0.10200963098256789,0.36791319867913375,0.0,0.0,1.0,0.14038127697814337,0.29591100745214854,0.20863567129397462,0.3550720442757333
203,0.4509830517278819,0.0,0.15098305172788193,86,11,0.0,0,0,200,0.14038127697814337,0.45666666666666667,0.29591100745214854,0.2,0.20863567129397462,0.3433333333333333,0.3550720442757333,0.0,0.19196900462730804,0.19196900462730804,1.0,0.20666666666666667,0.38666666666666666,0.016666666666666666,0.39,0.030528722912971457,0.030528722912971457,1.0,0.14719496729443446,0.319626040048829,0.18735259529846912,0.3458263973582674,0.10662604031140682,0.10662604031140682,1.0,0.17693081698055058,0.3531463533577478,0.10200963098256789,0.36791319867913375,0.0,0.0,1.0,0.14038127697814337,0.29591100745214854,0.20863567129397462,0.3550720442757333
204,0.4509830517278819,0.0,0.15098305172788193,81,11,0.0,0,0,200,0.14038127697814337,0.4533333333333333,0.29591100745214854,0.2,0.20863567129397462,0.3466666666666667,0.3550720442757333,0.0,0.19196900462730804,0.19196900462730804,1.0,0.20666666666666667,0.38666666666666666,0.016666666666666666,0.39,0.030528722912971457,0.030528722912971457,1.0,0.14719496729443446,0.319626040048829,0.18735259529846912,0.3458263973582674,0.10662604031140682,0.10662604031140682,1.0,0.17693081698055058,0.3531463533577478,0.10200963098256789,0.36791319867913375,0.0,0.0,1.0,0.14038127697814337,0.29591100745214854,0.20863567129397462,0.3550720442757333
205,0.4509830517278819,0.0,0.15098305172788193,95,11,0.0,0,0,200,0.14038127697814337,0.445,0.29591100745214854,0.2,0.20863567129397462,0.355,0.3550720442757333,0.0,0.19196900462730804,0.19196900462730804,1.0,0.20666666666666667,0.38666666666666666,0.016666666666666666,0.39,0.030528722912971457,0.030528722912971457,1.0,0.14719496729443446,0.319626040048829,0.18735259529846912,0.3458263973582674,0.10662604031140682,0.10662604031140682,1.0,0.17693081698055058,0.3531463533577478,0.10200963098256789,0.36791319867913375,0.0,0.0,1.0,0.14038127697814337,0.29591100745214854,0.20863567129397462,0.3550720442757333
206,0.4509830517278819,0.0,0.15098305172788193,87,11,0.0,0,0,200,0.14038127697814337,0.44166666666666665,0.29591100745214854,0.2,0.20863567129397462,0.35833333333333334,0.3550720442757333,0.0,0.19196900462730804,0.19196900462730804,1.0,0.20666666666666667,0.38666666666666666,0.016666666666666666,0.39,0.030528722912971457,0.030528722912971457,1.0,0.14719496729443446,0.319626040048829,0.18735259529846912,0.3458263973582674,0.10662604031140682,0.10662604031140682,1.0,0.17693081698055058,0.3531463533577478,0.10200963098256789,0.36791319867913375,0.0,0.0,1.0,0.14038127697814337,0.29591100745214854,0.20863567129397462,0.3550720442757333
207,0.4509830517278819,0.0,0.15098305172788193,79,11,0.0,0,0,200,0.14038127697814337,0.44,0.29591100745214854,0.2,0.20863567129397462,0.36,0.3550720442757333,0.0,0.19196900462730804,0.19196900462730804,1.0,0.20666666666666667,0.38666666666666666,0.016666666666666666,0.39,0.030528722912971457,0.030528722912971457,1.0,0.14719496729443446,0.319626040048829,0.18735259529846912,0.3458263973582674,0.10662604031140682,0.10662604031140682,1.0,0.17693081698055058,0.3531463533577478,0.10200963098256789,0.36791319867913375,0.0,0.0,1.0,0.14038127697814337,0.29591100745214854,0.20863567129397462,0.3550720442757333
208,0.4509830517278819,0.0,0.15098305172788193,92,11,0.0,0,0,200,0.14038127697814337,0.43666666666666665,0.29591100745214854,0.2,0.20863567129397462,0.36333333333333334,0.3550720442757333,0.0,0.19196900462730804,0.19196900462730804,1.0,0.20666666666666667,0.38666666666666666,0.016666666666666666,0.39,0.030528722912971457,0.030528722912971457,1.0,0.14719496729443446,0.319626040048829,0.18735259529846912,0.3458263973582674,0.10662604031140682,0.10662604031140682,1.0,0.17693081698055058,0.3531463533577478,0.10200963098256789,0.36791319867913375,0.0,0.0,1.0,0.14038127697814337,0.29591100745214854,0.20863567129397462,0.3550720442757333
209,0.4509830517278819,0.0,0.15098305172788193,81,11,0.0,0,0,200,0.14038127697814337,0.43166666666666664,0.29591100745214854,0.2,0.20863567129397462,0.36833333333333335,0.3550720442757333,0.0,0.19196900462730804,0.19196900462730804,1.0,0.20666666666666667,0.38666666666666666,0.016666666666666666,0.39,0.030528722912971457,0.030528722912971457,1.0,0.14719496729443446,0.319626040048829,0.18735259529846912,0.3458263973582674,0.10662604031140682,0.10662604031140682,1.0,0.17693081698055058,0.3531463533577478,0.10200963098256789,0.36791319867913375,0.0,0.0,1.0,0.14038127697814337,0.29591100745214854,0.20863567129397462,0.3550720442757333
210,0.4509830517278819,0.0,0.15098305172788193,104,11,0.0,0,1,210,0.14038127697814337,0.43666666666666665,0.29591100745214854,0.2,0.20863567129397462,0.36333333333333334,0.3550720442757333,0.0,0.17931638506121528,0.17931638506121528,0.0,0.31583333333333335,0.2816666666666667,0.2125,0.19,0.12267270239885103,0.12267270239885103,1.0,0.05024545993065919,0.37393852947211087,0.1760987859426079,0.3997172246546221,0.07454971027109304,0.07454971027109304,0.0,0.18303939663199628,0.3278025980693888,0.19429939297130394,0.29485861232731103,0.0,0.0,1.0,0.14038127697814337,0.29591100745214854,0.20863567129397462,0.3550720442757333
211,0.4509830517278819,0.0,0.15098305172788193,88,11,0.0,0,0,210,0.14038127697814337,0.43666666666666665,0.29591100745214854,0.2,0.20863567129397462,0.36333333333333334,0.3550720442757333,0.0,0.17931638506121528,0.17931638506121528,0.0,0.31583333333333335,0.2816666666666667,0.2125,0.19,0.12267270239885103,0.12267270239885103,1.0,0.05024545993065919,0.37393852947211087,0.1760987859426079,0.3997172246546221,0.07454971027109304,0.07454971027109304,0.0,0.18303939663199628,0.3278025980693888,0.19429939297130394,0.29485861232731103,0.0,0.0,1.0,0.14038127697814337,0.29591100745214854,0.20863567129397462,0.3550720442757333
212,0.4509830517278819,0.0,0.15098305172788193,84,11,0.0,0,0,210,0.14038127697814337,0.435,0.29591100745214854,0.2,0.20863567129397462,0.365,0.3550720442757333,0.0,0.17931638506121528,0.17931638506121528,0.0,0.31583333333333335,0.2816666666666667,0.2125,0.19,0.12267270239885103,0.12267270239885103,1.0,0.05024545993065919,0.37393852947211087,0.1760987859426079,0.3997172246546221,0.07454971027109304,0.07454971027109304,0.0,0.18303939663199628,0.3278025980693888,0.19429939297130394,0.29485861232731103,0.0,0.0,1.0,0.14038127697814337,0.29591100745214854,0.20863567129397462,0.3550720442757333
213,0.4509830517278819,0.0,0.15098305172788193,80,11,0.0,0,0,210,0.14038127697814337,0.43166666666666664,0.29591100745214854,0.2,0.20863567129397462,0.36833333333333335,0.3550720442757333,0.0,0.17931638506121528,0.17931638506121528,0.0,0.31583333333333335,0.2816666666666667,0.2125,0.19,0.12267270239885103,0.12267270239885103,1.0,0.05024545993065919,0.37393852947211087,0.1760987859426079,0.3997172246546221,0.07454971027109304,0.07454971027109304,0.0,0.18303939663199628,0.3278025980693888,0.19429939297130394,0.29485861232731103,0.0,0.0,1.0,0.14038127697814337,0.29591100745214854,0.20863567129397462,0.3550720442757333
214,0.4509830517278819,0.0,0.15098305172788193,113,11,0.0,0,0,210,0.14038127697814337,0.43166666666666664,0.29591100745214854,0.2,0.20863567129397462,0.36833333333333335,0.3550720442757333,0.0,0.17931638506121528,0.17931638506121528,0.0,0.31583333333333335,0.2816666666666667,0.2125,0.19,0.12267270239885103,0.12267270239885103,1.0,0.05024545993065919,0.37393852947211087,0.1760987859426079,0.3997172246546221,0.07454971027109304,0.07454971027109304,0.0,0.18303939663199628,0.3278025980693888,0.19429939297130394,0.29485861232731103,0.0,0.0,1.0,0.14038127697814337,0.29591100745214854,0.20863567129397462,0.3550720442757333
215,0.4509830517278819,0.0,0.15098305172788193,92,11,0.0,0,0,210,0.14038127697814337,0.43,0.29591100745214854,0.2,0.20863567129397462,0.37,0.3550720442757333,0.0,0.17931638506121528,0.17931638506121528,0.0,0.31583333333333335,0.2816666666666667,0.2125,0.19,0.12267270239885103,0.12267270239885103,1.0,0.05024545993065919,0.37393852947211087,0.1760987859426079,0.3997172246546221,0.07454971027109304,0.07454971027109304,0.0,0.18303939663199628,0.3278025980693888,0.19429939297130394,0.29485861232731103,0.0,0.0,1.0,0.14038127697814337,0.29591100745214854,0.20863567129397462,0.3550720442757333
216,0.4509830517278819,0.0,0.15098305172788193,93,11,0.0,0,0,210,0.14038127697814337,0.43666666666666665,0.29591100745214854,0.2,0.20863567129397462,0.36333333333333334,0.3550720442757333,0.0,0.17931638506121528,0.17931638506121528,0.0,0.31583333333333335,0.2816666666666667,0.2125,0.19,0.12267270239885103,0.12267270239885103,1.0,0.05024545993065919,0.37393852947211087,0.1760987859426079,0.3997172246546221,0.07454971027109304,0.07454971027109304,0.0,0.18303939663199628,0.3278025980693888,0.19429939297130394,0.29485861232731103,0.0,0.0,1.0,0.14038127697814337,0.29591100745214854,0.20863567129397462,0.3550720442757333
217,0.4509830517278819,0.0,0.15098305172788193,96,11,0.0,0,0,210,0.14038127697814337,0.43,0.29591100745214854,0.2,0.20863567129397462,0.37,0.3550720442757333,0.0,0.17931638506121528,0.17931638506121528,0.0,0.31583333333333335,0.2816666666666667,0.2125,0.19,0.12267270239885103,0.12267270239885103,1.0,0.05024545993065919,0.37393852947211087,0.1760987859426079,0.3997172246546221,0.07454971027109304,0.07454971027109304,0.0,0.18303939663199628,0.3278025980693888,0.19429939297130394,0.29485861232731103,0.0,0.0,1.0,0.14038127697814337,0.29591100745214854,0.20863567129397462,0.3550720442757333
218,0.450983051727882,0.0,0.15098305172788193,90,11,0.0,0,0,210,0.14038127697814337,0.4266666666666667,0.29591100745214854,0.2,0.20863567129397462,0.37333333333333335,0.3550720442757333,0.0,0.17931638506121528,0.17931638506121528,0.0,0.31583333333333335,0.2816666666666667,0.2125,0.19,0.12267270239885103,0.12267270239885103,1.0,0.05024545993065919,0.37393852947211087,0.1760987859426079,0.3997172246546221,0.07454971027109304,0.07454971027109304,0.0,0.18303939663199628,0.3278025980693888,0.19429939297130394,0.29485861232731103,0.0,0.0,1.0,0.14038127697814337,0.29591100745214854,0.20863567129397462,0.3550720442757333
219,0.4509830517278819,0.0,0.15098305172788193,85,11,0.0,0,0,210,0.14038127697814337,0.42833333333333334,0.29591100745214854,0.2,0.20863567129397462,0.37166666666666665,0.3550720442757333,0.0,0.17931638506121528,0.17931638506121528,0.0,0.31583333333333335,0.2816666666666667,0.2125,0.19,0.12267270239885103,0.12267270239885103,1.0,0.05024545993065919,0.37393852947211087,0.1760987859426079,0.3997172246546221,0.07454971027109304,0.07454971027109304,0.0,0.18303939663199628,0.3278025980693888,0.19429939297130394,0.29485861232731103,0.0,0.0,1.0,0.14038127697814337,0.29591100745214854,0.20863567129397462,0.3550720442757333
220,0.450983051727882,0.0,0.15098305172788193,83,11,0.0,0,1,220,0.14038127697814337,0.4266666666666667,0.29591100745214854,0.2,0.20863567129397462,0.37333333333333335,0.3550720442757333,0.0,0.4559830517278819,0.4559830517278819,0.0,0.4175,0.195,0.3875,0.0,0.0406294371980714,0.0406294371980714,1.0,0.10467018411791584,0.2909926631143048,0.23942453706768566,0.36491261570009376,0.22553041232068266,0.22553041232068266,0.0,0.2610850920589579,0.2429963315571524,0.31346226853384285,0.18245630785004688,0.0,0.0,1.0,0.14038127697814337,0.29591100745214854,0.20863567129397462,0.3550720442757333
221,0.4509830517278819,0.0,0.15098305172788193,98,11,0.0,0,0,220,0.14038127697814337,0.42833333333333334,0.29591100745214854,0.2,0.20863567129397462,0.37166666666666665,0.3550720442757333,0.0,0.4559830517278819,0.4559830517278819,0.0,0.4175,0.195,0.3875,0.0,0.0406294371980714,0.0406294371980714,1.0,0.10467018411791584,0.2909926631143048,0.23942453706768566,0.36491261570009376,0.22553041232068266,0.22553041232068266,0.0,0.2610850920589579,0.2429963315571524,0.31346226853384285,0.18245630785004688,0.0,0.0,1.0,0.14038127697814337,0.29591100745214854,0.20863567129397462,0.3550720442757333
222,0.4509830517278819,0.0,0.15098305172788193,96,11,0.0,0,0,220,0.14038127697814337,0.43,0.29591100745214854,0.2,0.20863567129397462,0.37,0.3550720442757333,0.0,0.4559830517278819,0.4559830517278819,0.0,0.4175,0.195,0.3875,0.0,0.0406294371980714,0.0406294371980714,1.0,0.10467018411791584,0.2909926631143048,0.23942453706768566,0.36491261570009376,0.22553041232068266,0.22553041232068266,0.0,0.2610850920589579,0.2429963315571524,0.31346226853384285,0.18245630785004688,0.0,0.0,1.0,0.14038127697814337,0.29591100745214854,0.20863567129397462,0.3550720442757333
223,0.450983051727882,0.0,0.15098305172788193,109,11,0.0,0,0,220,0.14038127697814337,0.4216666666666667,0.29591100745214854,0.2,0.20863567129397462,0.37833333333333335,0.3550720442757333,0.0,0.4559830517278819,0.4559830517278819,0.0,0.4175,0.195,0.3875,0.0,0.0406294371980714,0.0406294371980714,1.0,0.10467018411791584,0.2909926631143048,0.23942453706768566,0.36491261570009376,0.22553041232068266,0.22553041232068266,0.0,0.2610850920589579,0.2429963315571524,0.31346226853384285,0.18245630785004688,0.0,0.0,1.0,0.14038127697814337,0.29591100745214854,0.20863567129397462,0.3550720442757333
224,0.450983051727882,0.0,0.15098305172788193,79,11,0.0,0,0,220,0.14038127697814337,0.4216666666666667,0.29591100745214854,0.2,0.20863567129397462,0.37833333333333335,0.3550720442757333,0.0,0.4559830517278819,0.4559830517278819,0.0,0.4175,0.195,0.3875,0.0,0.0406294371980714,0.0406294371980714,1.0,0.10467018411791584,0.2909926631143048,0.23942453706768566,0.36491261570009376,0.22553041232068266,0.22553041232068266,0.0,0.2610850920589579,0.2429963315571524,0.31346226853384285,0.18245630785004688,0.0,0.0,1.0,0.14038127697814337,0.29591100745214854,0.20863567129397462,0.3550720442757333
225,0.450983051727882,0.0,0.15098305172788193,101,11,0.0,0,0,220,0.14038127697814337,0.4216666666666667,0.29591100745214854,0.2,0.20863567129397462,0.37833333333333335,0.3550720442757333,0.0,0.4559830517278819,0.4559830517278819,0.0,0.4175,0.195,0.3875,0.0,0.0406294371980714,0.0406294371980714,1.0,0.10467018411791584,0.2909926631143048,0.23942453706768566,0.36491261570009376,0.22553041232068266,0.22553041232068266,0.0,0.2610850920589579,0.2429963315571524,0.31346226853384285,0.18245630785004688,0.0,0.0,1.0,0.14038127697814337,0.29591100745214854,0.20863567129397462,0.3550720442757333
226,0.4509830517278819,0.0,0.15098305172788193,89,11,0.0,0,0,220,0.14038127697814337,0.42,0.29591100745214854,0.2,0.20863567129397462,0.38,0.3550720442757333,0.0,0.4559830517278819,0.4559830517278819,0.0,0.4175,0.195,0.3875,0.0,0.0406294371980714,0.0406294371980714,1.0,0.10467018411791584,0.2909926631143048,0.23942453706768566,0.36491261570009376,0.22553041232068266,0.22553041232068266,0.0,0.2610850920589579,0.2429963315571524,0.31346226853384285,0.18245630785004688,0.0,0.0,1.0,0.14038127697814337,0.29591100745214854,0.20863567129397462,0.3550720442757333
227,0.4509830517278819,0.0,0.15098305172788193,93,11,0.0,0,0,220,0.14038127697814337,0.42,0.29591100745214854,0.2,0.20863567129397462,0.38,0.3550720442757333,0.0,0.4559830517278819,0.4559830517278819,0.0,0.4175,0.195,0.3875,0.0,0.0406294371980714,0.0406294371980714,1.0,0.10467018411791584,0.2909926631143048,0.23942453706768566,0.36491261570009376,0.22553041232068266,0.22553041232068266,0.0,0.2610850920589579,0.2429963315571524,0.31346226853384285,0.18245630785004688,0.0,0.0,1.0,0.14038127697814337,0.29591100745214854,0.20863567129397462,0.3550720442757333
228,0.4509830517278819,0.0,0.15098305172788193,98,11,0.0,0,0,220,0.14038127697814337,0.42,0.29591100745214854,0.2,0.20863567129397462,0.38,0.3550720442757333,0.0,0.4559830517278819,0.4559830517278819,0.0,0.4175,0.195,0.3875,0.0,0.0406294371980714,0.0406294371980714,1.0,0.10467018411791584,0.2909926631143048,0.23942453706768566,0.36491261570009376,0.22553041232068266,0.22553041232068266,0.0,0.2610850920589579,0.2429963315571524,0.31346226853384285,0.18245630785004688,0.0,0.0,1.0,0.14038127697814337,0.29591100745214854,0.20863567129397462,0.3550720442757333
229,0.4509830517278819,0.0,0.15098305172788193,83,11,0.0,0,0,220,0.14038127697814337,0.41833333333333333,0.29591100745214854,0.2,0.20863567129397462,0.38166666666666665,0.3550720442757333,0.0,0.4559830517278819,0.4559830517278819,0.0,0.4175,0.195,0.3875,0.0,0.0406294371980714,0.0406294371980714,1.0,0.10467018411791584,0.2909926631143048,0.23942453706768566,0.36491261570009376,0.22553041232068266,0.22553041232068266,0.0,0.2610850920589579,0.2429963315571524,0.31346226853384285,0.18245630785004688,0.0,0.0,1.0,0.14038127697814337,0.29591100745214854,0.20863567129397462,0.3550720442757333
230,0.4509830517278819,0.0,0.15098305172788193,88,11,0.0,0,1,230,0.14038127697814337,0.41833333333333333,0.29591100745214854,0.2,0.20863567129397462,0.38166666666666665,0.3550720442757333,0.0,0.4509830517278819,0.4509830517278819,0.0,0.415,0.2,0.385,0.0,0.10969925885706974,0.10969925885706974,1.0,0.21777188590999852,0.1862117485950789,0.22511168627459363,0.370904679220329,0.272424837820178,0.272424837820178,0.0,0.3163859429549992,0.19310587429753945,0.30505584313729683,0.1854523396101645,0.0,0.0,1.0,0.14038127697814337,0.29591100745214854,0.20863567129397462,0.3550720442757333
231,0.4509830517278819,0.0,0.15098305172788193,90,11,0.0,0,0,230,0.14038127697814337,0.41833333333333333,0.29591100745214854,0.2,0.20863567129397462,0.38166666666666665,0.3550720442757333,0.0,0.4509830517278819,0.4509830517278819,0.0,0.415,0.2,0.385,0.0,0.10969925885706974,0.10969925885706974,1.0,0.21777188590999852,0.1862117485950789,0.22511168627459363,0.370904679220329,0.272424837820178,0.272424837820178,0.0,0.3163859429549992,0.19310587429753945,0.30505584313729683,0.1854523396101645,0.0,0.0,1.0,0.14038127697814337,0.29591100745214854,0.20863567129397462,0.3550720442757333
232,0.4509830517278819,0.0,0.15098305172788193,101,11,0.0,0,0,230,0.14038127697814337,0.41833333333333333,0.29591100745214854,0.2,0.20863567129397462,0.38166666666666665,0.3550720442757333,0.0,0.4509830517278819,0.4509830517278819,0.0,0.415,0.2,0.385,0.0,0.10969925885706974,0.10969925885706974,1.0,0.21777188590999852,0.1862117485950789,0.22511168627459363,0.370904679220329,0.272424837820178,0.272424837820178,0.0,0.3163859429549992,0.19310587429753945,0.30505584313729683,0.1854523396101645,0.0,0.0,1.0,0.14038127697814337,0.29591100745214854,0.20863567129397462,0.3550720442757333
233,0.4509830517278819,0.0,0.15098305172788193,94,11,0.0,0,0,230,0.14038127697814337,0.41833333333333333,0.29591100745214854,0.2,0.20863567129397462,0.38166666666666665,0.3550720442757333,0.0,0.4509830517278819,0.4509830517278819,0.0,0.415,0.2,0.385,0.0,0.10969925885706974,0.10969925885706974,1.0,0.21777188590999852,0.1862117485950789,0.22511168627459363,0.370904679220329,0.272424837820178,0.272424837820178,0.0,0.3163859429549992,0.19310587429753945,0.30505584313729683,0.1854523396101645,0.0,0.0,1.0,0.14038127697814337,0.29591100745214854,0.20863567129397462,0.3550720442757333
234,0.450983051727882,0.0,0.15098305172788193,77,11,0.0,0,0,230,0.14038127697814337,0.4166666666666667,0.29591100745214854,0.2,0.20863567129397462,0.38333333333333336,0.3550720442757333,0.0,0.4509830517278819,0.4509830517278819,0.0,0.415,0.2,0.385,0.0,0.10969925885706974,0.10969925885706974,1.0,0.21777188590999852,0.1862117485950789,0.22511168627459363,0.370904679220329,0.272424837820178,0.272424837820178,0.0,0.3163859429549992,0.19310587429753945,0.30505584313729683,0.1854523396101645,0.0,0.0,1.0,0.14038127697814337,0.29591100745214854,0.20863567129397462,0.3550720442757333
235,0.4509830517278819,0.0,0.15098305172788193,81,11,0.0,0,0,230,0.14038127697814337,0.41833333333333333,0.29591100745214854,0.2,0.20863567129397462,0.38166666666666665,0.3550720442757333,0.0,0.4509830517278819,0.4509830517278819,0.0,0.415,0.2,0.385,0.0,0.10969925885706974,0.10969925885706974,1.0,0.21777188590999852,0.1862117485950789,0.22511168627459363,0.370904679220329,0.272424837820178,0.272424837820178,0.0,0.3163859429549992,0.19310587429753945,0.30505584313729683,0.1854523396101645,0.0,0.0,1.0,0.14038127697814337,0.29591100745214854,0.20863567129397462,0.3550720442757333
236,0.450983051727882,0.0,0.15098305172788193,94,11,0.0,0,0,230,0.14038127697814337,0.4166666666666667,0.29591100745214854,0.2,0.20863567129397462,0.38333333333333336,0.3550720442757333,0.0,0.4509830517278819,0.4509830517278819,0.0,0.415,0.2,0.385,0.0,0.10969925885706974,0.10969925885706974,1.0,0.21777188590999852,0.1862117485950789,0.22511168627459363,0.370904679220329,0.272424837820178,0.272424837820178,0.0,0.3163859429549992,0.19310587429753945,0.30505584313729683,0.1854523396101645,0.0,0.0,1.0,0.14038127697814337,0.29591100745214854,0.20863567129397462,0.3550720442757333
237,0.450983051727882,0.0,0.15098305172788193,84,11,0.0,0,0,230,0.14038127697814337,0.4166666666666667,0.29591100745214854,0.2,0.20863567129397462,0.38333333333333336,0.3550720442757333,0.0,0.4509830517278819,0.4509830517278819,0.0,0.415,0.2,0.385,0.0,0.10969925885706974,0.10969925885706974,1.0,0.21777188590999852,0.1862117485950789,0.22511168627459363,0.370904679220329,0.272424837820178,0.272424837820178,0.0,0.3163859429549992,0.19310587429753945,0.30505584313729683,0.1854523396101645,0.0,0.0,1.0,0.14038127697814337,0.29591100745214854,0.20863567129397462,0.3550720442757333
238,0.450983051727882,0.0,0.15098305172788193,96,11,0.0,0,0,230,0.14038127697814337,0.4166666666666667,0.29591100745214854,0.2,0.20863567129397462,0.38333333333333336,0.3550720442757333,0.0,0.4509830517278819,0.4509830517278819,0.0,0.415,0.2,0.385,0.0,0.10969925885706974,0.10969925885706974,1.0,0.21777188590999852,0.1862117485950789,0.22511168627459363,0.370904679220329,0.272424837820178,0.272424837820178,0.0,0.3163859429549992,0.19310587429753945,0.30505584313729683,0.1854523396101645,0.0,0.0,1.0,0.14038127697814337,0.29591100745214854,0.20863567129397462,0.3550720442757333
239,0.450983051727882,0.0,0.15098305172788193,105,11,0.0,0,0,230,0.14038127697814337,0.4166666666666667,0.29591100745214854,0.2,0.20863567129397462,0.38333333333333336,0.3550720442757333,0.0,0.4509830517278819,0.4509830517278819,0.0,0.415,0.2,0.385,0.0,0.10969925885706974,0.10969925885706974,1.0,0.21777188590999852,0.1862117485950789,0.22511168627459363,0.370904679220329,0.272424837820178,0.272424837820178,0.0,0.3163859429549992,0.19310587429753945,0.30505584313729683,0.1854523396101645,0.0,0.0,1.0,0.14038127697814337,0.29591100745214854,0.20863567129397462,0.3550720442757333
