step,attention_error,preference_change,uniform_prior_error,interactions,pool_size,official_exposure_share,official_arrivals,observation_updated,last_observed_at,truth_0,attention_0,truth_1,attention_1,truth_2,attention_2,truth_3,attention_3,error_platform,initial_error_platform,top_accuracy_platform,estimate_platform_0,estimate_platform_1,estimate_platform_2,estimate_platform_3,error_survey,initial_error_survey,top_accuracy_survey,estimate_survey_0,estimate_survey_1,estimate_survey_2,estimate_survey_3,error_fused,initial_error_fused,top_accuracy_fused,estimate_fused_0,estimate_fused_1,estimate_fused_2,estimate_fused_3,error_oracle,initial_error_oracle,top_accuracy_oracle,estimate_oracle_0,estimate_oracle_1,estimate_oracle_2,estimate_oracle_3
0,0.13381734235875356,0.0,0.24447779349884513,84,28,0.0,0,1,0,0.4578493243079131,0.5916666666666667,0.12996010739345504,0.075,0.28662846919093204,0.25,0.1255620991076998,0.08333333333333333,0.13381734235875356,0.13381734235875356,1.0,0.5916666666666667,0.075,0.25,0.08333333333333333,0.18121746955261003,0.18121746955261003,1.0,0.31870592732805586,0.08788603482070219,0.2969735896867697,0.2964344481644722,0.06432179164120297,0.06432179164120297,1.0,0.45518629699736124,0.08144301741035109,0.27348679484338484,0.18988389074890274,0.0,0.0,1.0,0.4578493243079131,0.12996010739345504,0.28662846919093204,0.1255620991076998
1,0.36215067569208687,0.0,0.24447779349884513,114,23,0.0,0,0,0,0.4578493243079131,0.82,0.12996010739345504,0.0,0.28662846919093204,0.18,0.1255620991076998,0.0,0.13381734235875356,0.13381734235875356,1.0,0.5916666666666667,0.075,0.25,0.08333333333333333,0.18121746955261003,0.18121746955261003,1.0,0.31870592732805586,0.08788603482070219,0.2969735896867697,0.2964344481644722,0.06432179164120297,0.06432179164120297,1.0,0.45518629699736124,0.08144301741035109,0.27348679484338484,0.18988389074890274,0.0,0.0,1.0,0.4578493243079131,0.12996010739345504,0.28662846919093204,0.1255620991076998
2,0.37548400902542023,0.0,0.24447779349884513,103,23,0.0,0,0,0,0.4578493243079131,0.8333333333333334,0.12996010739345504,0.0,0.28662846919093204,0.16666666666666666,0.1255620991076998,0.0,0.13381734235875356,0.13381734235875356,1.0,0.5916666666666667,0.075,0.25,0.08333333333333333,0.18121746955261003,0.18121746955261003,1.0,0.31870592732805586,0.08788603482070219,0.2969735896867697,0.2964344481644722,0.06432179164120297,0.06432179164120297,1.0,0.45518629699736124,0.08144301741035109,0.27348679484338484,0.18988389074890274,0.0,0.0,1.0,0.4578493243079131,0.12996010739345504,0.28662846919093204,0.1255620991076998
3,0.35381734235875356,0.0,0.24447779349884513,99,23,0.0,0,0,0,0.4578493243079131,0.8116666666666666,0.12996010739345504,0.0,0.28662846919093204,0.18833333333333332,0.1255620991076998,0.0,0.13381734235875356,0.13381734235875356,1.0,0.5916666666666667,0.075,0.25,0.08333333333333333,0.18121746955261003,0.18121746955261003,1.0,0.31870592732805586,0.08788603482070219,0.2969735896867697,0.2964344481644722,0.06432179164120297,0.06432179164120297,1.0,0.45518629699736124,0.08144301741035109,0.27348679484338484,0.18988389074890274,0.0,0.0,1.0,0.4578493243079131,0.12996010739345504,0.28662846919093204,0.1255620991076998
4,0.3421506756920869,0.0,0.24447779349884513,106,23,0.0,0,0,0,0.4578493243079131,0.8,0.12996010739345504,0.0,0.28662846919093204,0.2,0.1255620991076998,0.0,0.13381734235875356,0.13381734235875356,1.0,0.5916666666666667,0.075,0.25,0.08333333333333333,0.18121746955261003,0.18121746955261003,1.0,0.31870592732805586,0.08788603482070219,0.2969735896867697,0.2964344481644722,0.06432179164120297,0.06432179164120297,1.0,0.45518629699736124,0.08144301741035109,0.27348679484338484,0.18988389074890274,0.0,0.0,1.0,0.4578493243079131,0.12996010739345504,0.28662846919093204,0.1255620991076998
5,0.3421506756920869,0.0,0.24447779349884513,108,23,0.0,0,0,0,0.4578493243079131,0.8,0.12996010739345504,0.0,0.28662846919093204,0.2,0.1255620991076998,0.0,0.13381734235875356,0.13381734235875356,1.0,0.5916666666666667,0.075,0.25,0.08333333333333333,0.18121746955261003,0.18121746955261003,1.0,0.31870592732805586,0.08788603482070219,0.2969735896867697,0.2964344481644722,0.06432179164120297,0.06432179164120297,1.0,0.45518629699736124,0.08144301741035109,0.27348679484338484,0.18988389074890274,0.0,0.0,1.0,0.4578493243079131,0.12996010739345504,0.28662846919093204,0.1255620991076998
6,0.3421506756920869,0.0,0.24447779349884513,112,23,0.0,0,0,0,0.4578493243079131,0.8,0.12996010739345504,0.0,0.28662846919093204,0.2,0.1255620991076998,0.0,0.13381734235875356,0.13381734235875356,1.0,0.5916666666666667,0.075,0.25,0.08333333333333333,0.18121746955261003,0.18121746955261003,1.0,0.31870592732805586,0.08788603482070219,0.2969735896867697,0.2964344481644722,0.06432179164120297,0.06432179164120297,1.0,0.45518629699736124,0.08144301741035109,0.27348679484338484,0.18988389074890274,0.0,0.0,1.0,0.4578493243079131,0.12996010739345504,0.28662846919093204,0.1255620991076998
7,0.3421506756920869,0.0,0.24447779349884513,103,23,0.0,0,0,0,0.4578493243079131,0.8,0.12996010739345504,0.0,0.28662846919093204,0.2,0.1255620991076998,0.0,0.13381734235875356,0.13381734235875356,1.0,0.5916666666666667,0.075,0.25,0.08333333333333333,0.18121746955261003,0.18121746955261003,1.0,0.31870592732805586,0.08788603482070219,0.2969735896867697,0.2964344481644722,0.06432179164120297,0.06432179164120297,1.0,0.45518629699736124,0.08144301741035109,0.27348679484338484,0.18988389074890274,0.0,0.0,1.0,0.4578493243079131,0.12996010739345504,0.28662846919093204,0.1255620991076998
8,0.3421506756920869,0.0,0.24447779349884513,94,23,0.0,0,0,0,0.4578493243079131,0.8,0.12996010739345504,0.0,0.28662846919093204,0.2,0.1255620991076998,0.0,0.13381734235875356,0.13381734235875356,1.0,0.5916666666666667,0.075,0.25,0.08333333333333333,0.18121746955261003,0.18121746955261003,1.0,0.31870592732805586,0.08788603482070219,0.2969735896867697,0.2964344481644722,0.06432179164120297,0.06432179164120297,1.0,0.45518629699736124,0.08144301741035109,0.27348679484338484,0.18988389074890274,0.0,0.0,1.0,0.4578493243079131,0.12996010739345504,0.28662846919093204,0.1255620991076998
9,0.3421506756920869,0.0,0.24447779349884513,100,23,0.0,0,0,0,0.4578493243079131,0.8,0.12996010739345504,0.0,0.28662846919093204,0.2,0.1255620991076998,0.0,0.13381734235875356,0.13381734235875356,1.0,0.5916666666666667,0.075,0.25,0.08333333333333333,0.18121746955261003,0.18121746955261003,1.0,0.31870592732805586,0.08788603482070219,0.2969735896867697,0.2964344481644722,0.06432179164120297,0.06432179164120297,1.0,0.45518629699736124,0.08144301741035109,0.27348679484338484,0.18988389074890274,0.0,0.0,1.0,0.4578493243079131,0.12996010739345504,0.28662846919093204,0.1255620991076998
10,0.3421506756920869,0.0,0.24447779349884513,101,23,0.0,0,1,10,0.4578493243079131,0.8,0.12996010739345504,0.0,0.28662846919093204,0.2,0.1255620991076998,0.0,0.32912037266178384,0.32912037266178384,1.0,0.786969696969697,0.006818181818181818,0.19863636363636364,0.007575757575757576,0.1286491134556192,0.1286491134556192,1.0,0.33721138558181746,0.12194893266393146,0.2971907969404303,0.24364888481382074,0.10429143905493345,0.10429143905493345,1.0,0.5620905412757572,0.06438355724105664,0.247913580288397,0.12561232119478916,0.0,0.0,1.0,0.4578493243079131,0.12996010739345504,0.28662846919093204,0.1255620991076998
11,0.3421506756920869,0.0,0.24447779349884513,108,23,0.0,0,0,10,0.4578493243079131,0.8,0.12996010739345504,0.0,0.28662846919093204,0.2,0.1255620991076998,0.0,0.32912037266178384,0.32912037266178384,1.0,0.786969696969697,0.006818181818181818,0.19863636363636364,0.007575757575757576,0.1286491134556192,0.1286491134556192,1.0,0.33721138558181746,0.12194893266393146,0.2971907969404303,0.24364888481382074,0.10429143905493345,0.10429143905493345,1.0,0.5620905412757572,0.06438355724105664,0.247913580288397,0.12561232119478916,0.0,0.0,1.0,0.4578493243079131,0.12996010739345504,0.28662846919093204,0.1255620991076998
12,0.3421506756920869,0.0,0.24447779349884513,122,23,0.0,0,0,10,0.4578493243079131,0.8,0.12996010739345504,0.0,0.28662846919093204,0.2,0.1255620991076998,0.0,0.32912037266178384,0.32912037266178384,1.0,0.786969696969697,0.006818181818181818,0.19863636363636364,0.007575757575757576,0.1286491134556192,0.1286491134556192,1.0,0.33721138558181746,0.12194893266393146,0.2971907969404303,0.24364888481382074,0.10429143905493345,0.10429143905493345,1.0,0.5620905412757572,0.06438355724105664,0.247913580288397,0.12561232119478916,0.0,0.0,1.0,0.4578493243079131,0.12996010739345504,0.28662846919093204,0.1255620991076998
13,0.3421506756920869,0.0,0.24447779349884513,117,23,0.0,0,0,10,0.4578493243079131,0.8,0.12996010739345504,0.0,0.28662846919093204,0.2,0.1255620991076998,0.0,0.32912037266178384,0.32912037266178384,1.0,0.786969696969697,0.006818181818181818,0.19863636363636364,0.007575757575757576,0.1286491134556192,0.1286491134556192,1.0,0.33721138558181746,0.12194893266393146,0.2971907969404303,0.24364888481382074,0.10429143905493345,0.10429143905493345,1.0,0.5620905412757572,0.06438355724105664,0.247913580288397,0.12561232119478916,0.0,0.0,1.0,0.4578493243079131,0.12996010739345504,0.28662846919093204,0.1255620991076998
14,0.3421506756920869,0.0,0.24447779349884513,95,23,0.0,0,0,10,0.4578493243079131,0.8,0.12996010739345504,0.0,0.28662846919093204,0.2,0.1255620991076998,0.0,0.32912037266178384,0.32912037266178384,1.0,0.786969696969697,0.006818181818181818,0.19863636363636364,0.007575757575757576,0.1286491134556192,0.1286491134556192,1.0,0.33721138558181746,0.12194893266393146,0.2971907969404303,0.24364888481382074,0.10429143905493345,0.10429143905493345,1.0,0.5620905412757572,0.06438355724105664,0.247913580288397,0.12561232119478916,0.0,0.0,1.0,0.4578493243079131,0.12996010739345504,0.28662846919093204,0.1255620991076998
15,0.3421506756920869,0.0,0.24447779349884513,117,23,0.0,0,0,10,0.4578493243079131,0.8,0.12996010739345504,0.0,0.28662846919093204,0.2,0.1255620991076998,0.0,0.32912037266178384,0.32912037266178384,1.0,0.786969696969697,0.006818181818181818,0.19863636363636364,0.007575757575757576,0.1286491134556192,0.1286491134556192,1.0,0.33721138558181746,0.12194893266393146,0.2971907969404303,0.24364888481382074,0.10429143905493345,0.10429143905493345,1.0,0.5620905412757572,0.06438355724105664,0.247913580288397,0.12561232119478916,0.0,0.0,1.0,0.4578493243079131,0.12996010739345504,0.28662846919093204,0.1255620991076998
16,0.3421506756920869,0.0,0.24447779349884513,99,23,0.0,0,0,10,0.4578493243079131,0.8,0.12996010739345504,0.0,0.28662846919093204,0.2,0.1255620991076998,0.0,0.32912037266178384,0.32912037266178384,1.0,0.786969696969697,0.006818181818181818,0.19863636363636364,0.007575757575757576,0.1286491134556192,0.1286491134556192,1.0,0.33721138558181746,0.12194893266393146,0.2971907969404303,0.24364888481382074,0.10429143905493345,0.10429143905493345,1.0,0.5620905412757572,0.06438355724105664,0.247913580288397,0.12561232119478916,0.0,0.0,1.0,0.4578493243079131,0.12996010739345504,0.28662846919093204,0.1255620991076998
17,0.3421506756920869,0.0,0.24447779349884513,122,23,0.0,0,0,10,0.4578493243079131,0.8,0.12996010739345504,0.0,0.28662846919093204,0.2,0.1255620991076998,0.0,0.32912037266178384,0.32912037266178384,1.0,0.786969696969697,0.006818181818181818,0.19863636363636364,0.007575757575757576,0.1286491134556192,0.1286491134556192,1.0,0.33721138558181746,0.12194893266393146,0.2971907969404303,0.24364888481382074,0.10429143905493345,0.10429143905493345,1.0,0.5620905412757572,0.06438355724105664,0.247913580288397,0.12561232119478916,0.0,0.0,1.0,0.4578493243079131,0.12996010739345504,0.28662846919093204,0.1255620991076998
18,0.3421506756920869,0.0,0.24447779349884513,115,23,0.0,0,0,10,0.4578493243079131,0.8,0.12996010739345504,0.0,0.28662846919093204,0.2,0.1255620991076998,0.0,0.32912037266178384,0.32912037266178384,1.0,0.786969696969697,0.006818181818181818,0.19863636363636364,0.007575757575757576,0.1286491134556192,0.1286491134556192,1.0,0.33721138558181746,0.12194893266393146,0.2971907969404303,0.24364888481382074,0.10429143905493345,0.10429143905493345,1.0,0.5620905412757572,0.06438355724105664,0.247913580288397,0.12561232119478916,0.0,0.0,1.0,0.4578493243079131,0.12996010739345504,0.28662846919093204,0.1255620991076998
19,0.3421506756920869,0.0,0.24447779349884513,104,23,0.0,0,0,10,0.4578493243079131,0.8,0.12996010739345504,0.0,0.28662846919093204,0.2,0.1255620991076998,0.0,0.32912037266178384,0.32912037266178384,1.0,0.786969696969697,0.006818181818181818,0.19863636363636364,0.007575757575757576,0.1286491134556192,0.1286491134556192,1.0,0.33721138558181746,0.12194893266393146,0.2971907969404303,0.24364888481382074,0.10429143905493345,0.10429143905493345,1.0,0.5620905412757572,0.06438355724105664,0.247913580288397,0.12561232119478916,0.0,0.0,1.0,0.4578493243079131,0.12996010739345504,0.28662846919093204,0.1255620991076998
20,0.3421506756920869,0.0,0.24447779349884513,117,23,0.0,0,1,20,0.4578493243079131,0.8,0.12996010739345504,0.0,0.28662846919093204,0.2,0.1255620991076998,0.0,0.3454006756920869,0.3454006756920869,1.0,0.80325,0.0,0.19675,0.0,0.10977243586201338,0.10977243586201338,1.0,0.4036046310009005,0.15272601390509558,0.2311007266359312,0.2125686284580726,0.14557799119253717,0.14557799119253717,1.0,0.6034273155004503,0.07636300695254779,0.2139253633179656,0.1062843142290363,0.0,0.0,1.0,0.4578493243079131,0.12996010739345504,0.28662846919093204,0.1255620991076998
21,0.3421506756920869,0.0,0.24447779349884513,110,23,0.0,0,0,20,0.4578493243079131,0.8,0.12996010739345504,0.0,0.28662846919093204,0.2,0.1255620991076998,0.0,0.3454006756920869,0.3454006756920869,1.0,0.80325,0.0,0.19675,0.0,0.10977243586201338,0.10977243586201338,1.0,0.4036046310009005,0.15272601390509558,0.2311007266359312,0.2125686284580726,0.14557799119253717,0.14557799119253717,1.0,0.6034273155004503,0.07636300695254779,0.2139253633179656,0.1062843142290363,0.0,0.0,1.0,0.4578493243079131,0.12996010739345504,0.28662846919093204,0.1255620991076998
22,0.3421506756920869,0.0,0.24447779349884513,124,23,0.0,0,0,20,0.4578493243079131,0.8,0.12996010739345504,0.0,0.28662846919093204,0.2,0.1255620991076998,0.0,0.3454006756920869,0.3454006756920869,1.0,0.80325,0.0,0.19675,0.0,0.10977243586201338,0.10977243586201338,1.0,0.4036046310009005,0.15272601390509558,0.2311007266359312,0.2125686284580726,0.14557799119253717,0.14557799119253717,1.0,0.6034273155004503,0.07636300695254779,0.2139253633179656,0.1062843142290363,0.0,0.0,1.0,0.4578493243079131,0.12996010739345504,0.28662846919093204,0.1255620991076998
23,0.3421506756920869,0.0,0.24447779349884513,130,23,0.0,0,0,20,0.4578493243079131,0.8,0.12996010739345504,0.0,0.28662846919093204,0.2,0.1255620991076998,0.0,0.3454006756920869,0.3454006756920869,1.0,0.80325,0.0,0.19675,0.0,0.10977243586201338,0.10977243586201338,1.0,0.4036046310009005,0.15272601390509558,0.2311007266359312,0.2125686284580726,0.14557799119253717,0.14557799119253717,1.0,0.6034273155004503,0.07636300695254779,0.2139253633179656,0.1062843142290363,0.0,0.0,1.0,0.4578493243079131,0.12996010739345504,0.28662846919093204,0.1255620991076998
24,0.3421506756920869,0.0,0.24447779349884513,122,23,0.0,0,0,20,0.4578493243079131,0.8,0.12996010739345504,0.0,0.28662846919093204,0.2,0.1255620991076998,0.0,0.3454006756920869,0.3454006756920869,1.0,0.80325,0.0,0.19675,0.0,0.10977243586201338,0.10977243586201338,1.0,0.4036046310009005,0.15272601390509558,0.2311007266359312,0.2125686284580726,0.14557799119253717,0.14557799119253717,1.0,0.6034273155004503,0.07636300695254779,0.2139253633179656,0.1062843142290363,0.0,0.0,1.0,0.4578493243079131,0.12996010739345504,0.28662846919093204,0.1255620991076998
25,0.3421506756920869,0.0,0.24447779349884513,100,23,0.0,0,0,20,0.4578493243079131,0.8,0.12996010739345504,0.0,0.28662846919093204,0.2,0.1255620991076998,0.0,0.3454006756920869,0.3454006756920869,1.0,0.80325,0.0,0.19675,0.0,0.10977243586201338,0.10977243586201338,1.0,0.4036046310009005,0.15272601390509558,0.2311007266359312,0.2125686284580726,0.14557799119253717,0.14557799119253717,1.0,0.6034273155004503,0.07636300695254779,0.2139253633179656,0.1062843142290363,0.0,0.0,1.0,0.4578493243079131,0.12996010739345504,0.28662846919093204,0.1255620991076998
26,0.3421506756920869,0.0,0.24447779349884513,100,23,0.0,0,0,20,0.4578493243079131,0.8,0.12996010739345504,0.0,0.28662846919093204,0.2,0.1255620991076998,0.0,0.3454006756920869,0.3454006756920869,1.0,0.80325,0.0,0.19675,0.0,0.10977243586201338,0.10977243586201338,1.0,0.4036046310009005,0.15272601390509558,0.2311007266359312,0.2125686284580726,0.14557799119253717,0.14557799119253717,1.0,0.6034273155004503,0.07636300695254779,0.2139253633179656,0.1062843142290363,0.0,0.0,1.0,0.4578493243079131,0.12996010739345504,0.28662846919093204,0.1255620991076998
27,0.3421506756920869,0.0,0.24447779349884513,120,23,0.0,0,0,20,0.4578493243079131,0.8,0.12996010739345504,0.0,0.28662846919093204,0.2,0.1255620991076998,0.0,0.3454006756920869,0.3454006756920869,1.0,0.80325,0.0,0.19675,0.0,0.10977243586201338,0.10977243586201338,1.0,0.4036046310009005,0.15272601390509558,0.2311007266359312,0.2125686284580726,0.14557799119253717,0.14557799119253717,1.0,0.6034273155004503,0.07636300695254779,0.2139253633179656,0.1062843142290363,0.0,0.0,1.0,0.4578493243079131,0.12996010739345504,0.28662846919093204,0.1255620991076998
28,0.3421506756920869,0.0,0.24447779349884513,100,23,0.0,0,0,20,0.4578493243079131,0.8,0.12996010739345504,0.0,0.28662846919093204,0.2,0.1255620991076998,0.0,0.3454006756920869,0.3454006756920869,1.0,0.80325,0.0,0.19675,0.0,0.10977243586201338,0.10977243586201338,1.0,0.4036046310009005,0.15272601390509558,0.2311007266359312,0.2125686284580726,0.14557799119253717,0.14557799119253717,1.0,0.6034273155004503,0.07636300695254779,0.2139253633179656,0.1062843142290363,0.0,0.0,1.0,0.4578493243079131,0.12996010739345504,0.28662846919093204,0.1255620991076998
29,0.3421506756920869,0.0,0.24447779349884513,108,23,0.0,0,0,20,0.4578493243079131,0.8,0.12996010739345504,0.0,0.28662846919093204,0.2,0.1255620991076998,0.0,0.3454006756920869,0.3454006756920869,1.0,0.80325,0.0,0.19675,0.0,0.10977243586201338,0.10977243586201338,1.0,0.4036046310009005,0.15272601390509558,0.2311007266359312,0.2125686284580726,0.14557799119253717,0.14557799119253717,1.0,0.6034273155004503,0.07636300695254779,0.2139253633179656,0.1062843142290363,0.0,0.0,1.0,0.4578493243079131,0.12996010739345504,0.28662846919093204,0.1255620991076998
30,0.3421506756920869,0.0,0.24447779349884513,115,23,0.0,0,1,30,0.4578493243079131,0.8,0.12996010739345504,0.0,0.28662846919093204,0.2,0.1255620991076998,0.0,0.3421506756920869,0.3421506756920869,1.0,0.8,0.0,0.2,0.0,0.1563136051775452,0.1563136051775452,1.0,0.3223890844766211,0.14244238036819254,0.26577510384467884,0.2693934313105075,0.1124798344779514,0.1124798344779514,1.0,0.5611945422383106,0.07122119018409627,0.23288755192233943,0.13469671565525376,0.0,0.0,1.0,0.4578493243079131,0.12996010739345504,0.28662846919093204,0.1255620991076998
31,0.3421506756920869,0.0,0.24447779349884513,94,23,0.0,0,0,30,0.4578493243079131,0.8,0.12996010739345504,0.0,0.28662846919093204,0.2,0.1255620991076998,0.0,0.3421506756920869,0.3421506756920869,1.0,0.8,0.0,0.2,0.0,0.1563136051775452,0.1563136051775452,1.0,0.3223890844766211,0.14244238036819254,0.26577510384467884,0.2693934313105075,0.1124798344779514,0.1124798344779514,1.0,0.5611945422383106,0.07122119018409627,0.23288755192233943,0.13469671565525376,0.0,0.0,1.0,0.4578493243079131,0.12996010739345504,0.28662846919093204,0.1255620991076998
32,0.3421506756920869,0.0,0.24447779349884513,104,23,0.0,0,0,30,0.4578493243079131,0.8,0.12996010739345504,0.0,0.28662846919093204,0.2,0.1255620991076998,0.0,0.3421506756920869,0.3421506756920869,1.0,0.8,0.0,0.2,0.0,0.1563136051775452,0.1563136051775452,1.0,0.3223890844766211,0.14244238036819254,0.26577510384467884,0.2693934313105075,0.1124798344779514,0.1124798344779514,1.0,0.5611945422383106,0.07122119018409627,0.23288755192233943,0.13469671565525376,0.0,0.0,1.0,0.4578493243079131,0.12996010739345504,0.28662846919093204,0.1255620991076998
33,0.3421506756920869,0.0,0.24447779349884513,98,23,0.0,0,0,30,0.4578493243079131,0.8,0.12996010739345504,0.0,0.28662846919093204,0.2,0.1255620991076998,0.0,0.3421506756920869,0.3421506756920869,1.0,0.8,0.0,0.2,0.0,0.1563136051775452,0.1563136051775452,1.0,0.3223890844766211,0.14244238036819254,0.26577510384467884,0.2693934313105075,0.1124798344779514,0.1124798344779514,1.0,0.5611945422383106,0.07122119018409627,0.23288755192233943,0.13469671565525376,0.0,0.0,1.0,0.4578493243079131,0.12996010739345504,0.28662846919093204,0.1255620991076998
34,0.3421506756920869,0.0,0.24447779349884513,107,23,0.0,0,0,30,0.4578493243079131,0.8,0.12996010739345504,0.0,0.28662846919093204,0.2,0.1255620991076998,0.0,0.3421506756920869,0.3421506756920869,1.0,0.8,0.0,0.2,0.0,0.1563136051775452,0.1563136051775452,1.0,0.3223890844766211,0.14244238036819254,0.26577510384467884,0.2693934313105075,0.1124798344779514,0.1124798344779514,1.0,0.5611945422383106,0.07122119018409627,0.23288755192233943,0.13469671565525376,0.0,0.0,1.0,0.4578493243079131,0.12996010739345504,0.28662846919093204,0.1255620991076998
35,0.3421506756920869,0.0,0.24447779349884513,110,23,0.0,0,0,30,0.4578493243079131,0.8,0.12996010739345504,0.0,0.28662846919093204,0.2,0.1255620991076998,0.0,0.3421506756920869,0.3421506756920869,1.0,0.8,0.0,0.2,0.0,0.1563136051775452,0.1563136051775452,1.0,0.3223890844766211,0.14244238036819254,0.26577510384467884,0.2693934313105075,0.1124798344779514,0.1124798344779514,1.0,0.5611945422383106,0.07122119018409627,0.23288755192233943,0.13469671565525376,0.0,0.0,1.0,0.4578493243079131,0.12996010739345504,0.28662846919093204,0.1255620991076998
36,0.3421506756920869,0.0,0.24447779349884513,113,23,0.0,0,0,30,0.4578493243079131,0.8,0.12996010739345504,0.0,0.28662846919093204,0.2,0.1255620991076998,0.0,0.3421506756920869,0.3421506756920869,1.0,0.8,0.0,0.2,0.0,0.1563136051775452,0.1563136051775452,1.0,0.3223890844766211,0.14244238036819254,0.26577510384467884,0.2693934313105075,0.1124798344779514,0.1124798344779514,1.0,0.5611945422383106,0.07122119018409627,0.23288755192233943,0.13469671565525376,0.0,0.0,1.0,0.4578493243079131,0.12996010739345504,0.28662846919093204,0.1255620991076998
37,0.3421506756920869,0.0,0.24447779349884513,118,23,0.0,0,0,30,0.4578493243079131,0.8,0.12996010739345504,0.0,0.28662846919093204,0.2,0.1255620991076998,0.0,0.3421506756920869,0.3421506756920869,1.0,0.8,0.0,0.2,0.0,0.1563136051775452,0.1563136051775452,1.0,0.3223890844766211,0.14244238036819254,0.26577510384467884,0.2693934313105075,0.1124798344779514,0.1124798344779514,1.0,0.5611945422383106,0.07122119018409627,0.23288755192233943,0.13469671565525376,0.0,0.0,1.0,0.4578493243079131,0.12996010739345504,0.28662846919093204,0.1255620991076998
38,0.3421506756920869,0.0,0.24447779349884513,116,23,0.0,0,0,30,0.4578493243079131,0.8,0.12996010739345504,0.0,0.28662846919093204,0.2,0.1255620991076998,0.0,0.3421506756920869,0.3421506756920869,1.0,0.8,0.0,0.2,0.0,0.1563136051775452,0.1563136051775452,1.0,0.3223890844766211,0.14244238036819254,0.26577510384467884,0.2693934313105075,0.1124798344779514,0.1124798344779514,1.0,0.5611945422383106,0.07122119018409627,0.23288755192233943,0.13469671565525376,0.0,0.0,1.0,0.4578493243079131,0.12996010739345504,0.28662846919093204,0.1255620991076998
39,0.3421506756920869,0.0,0.24447779349884513,108,23,0.0,0,0,30,0.4578493243079131,0.8,0.12996010739345504,0.0,0.28662846919093204,0.2,0.1255620991076998,0.0,0.3421506756920869,0.3421506756920869,1.0,0.8,0.0,0.2,0.0,0.1563136051775452,0.1563136051775452,1.0,0.3223890844766211,0.14244238036819254,0.26577510384467884,0.2693934313105075,0.1124798344779514,0.1124798344779514,1.0,0.5611945422383106,0.07122119018409627,0.23288755192233943,0.13469671565525376,0.0,0.0,1.0,0.4578493243079131,0.12996010739345504,0.28662846919093204,0.1255620991076998
40,0.3421506756920869,0.0,0.24447779349884513,106,23,0.0,0,1,40,0.4578493243079131,0.8,0.12996010739345504,0.0,0.28662846919093204,0.2,0.1255620991076998,0.0,0.3421506756920869,0.3421506756920869,1.0,0.8,0.0,0.2,0.0,0.14284134248148006,0.14284134248148006,1.0,0.388298500339823,0.16160160313086314,0.21333795067754213,0.23676194585177182,0.13629992586199835,0.13629992586199835,1.0,0.5941492501699115,0.08080080156543157,0.20666897533877107,0.11838097292588591,0.0,0.0,1.0,0.4578493243079131,0.12996010739345504,0.28662846919093204,0.1255620991076998
41,0.3421506756920869,0.0,0.24447779349884513,76,23,0.0,0,0,40,0.4578493243079131,0.8,0.12996010739345504,0.0,0.28662846919093204,0.2,0.1255620991076998,0.0,0.3421506756920869,0.3421506756920869,1.0,0.8,0.0,0.2,0.0,0.14284134248148006,0.14284134248148006,1.0,0.388298500339823,0.16160160313086314,0.21333795067754213,0.23676194585177182,0.13629992586199835,0.13629992586199835,1.0,0.5941492501699115,0.08080080156543157,0.20666897533877107,0.11838097292588591,0.0,0.0,1.0,0.4578493243079131,0.12996010739345504,0.28662846919093204,0.1255620991076998
42,0.3421506756920869,0.0,0.24447779349884513,113,23,0.0,0,0,40,0.4578493243079131,0.8,0.12996010739345504,0.0,0.28662846919093204,0.2,0.1255620991076998,0.0,0.3421506756920869,0.3421506756920869,1.0,0.8,0.0,0.2,0.0,0.14284134248148006,0.14284134248148006,1.0,0.388298500339823,0.16160160313086314,0.21333795067754213,0.23676194585177182,0.13629992586199835,0.13629992586199835,1.0,0.5941492501699115,0.08080080156543157,0.20666897533877107,0.11838097292588591,0.0,0.0,1.0,0.4578493243079131,0.12996010739345504,0.28662846919093204,0.1255620991076998
43,0.3421506756920869,0.0,0.24447779349884513,90,23,0.0,0,0,40,0.4578493243079131,0.8,0.12996010739345504,0.0,0.28662846919093204,0.2,0.1255620991076998,0.0,0.3421506756920869,0.3421506756920869,1.0,0.8,0.0,0.2,0.0,0.14284134248148006,0.14284134248148006,1.0,0.388298500339823,0.16160160313086314,0.21333795067754213,0.23676194585177182,0.13629992586199835,0.13629992586199835,1.0,0.5941492501699115,0.08080080156543157,0.20666897533877107,0.11838097292588591,0.0,0.0,1.0,0.4578493243079131,0.12996010739345504,0.28662846919093204,0.1255620991076998
44,0.3421506756920869,0.0,0.24447779349884513,111,23,0.0,0,0,40,0.4578493243079131,0.8,0.12996010739345504,0.0,0.28662846919093204,0.2,0.1255620991076998,0.0,0.3421506756920869,0.3421506756920869,1.0,0.8,0.0,0.2,0.0,0.14284134248148006,0.14284134248148006,1.0,0.388298500339823,0.16160160313086314,0.21333795067754213,0.23676194585177182,0.13629992586199835,0.13629992586199835,1.0,0.5941492501699115,0.08080080156543157,0.20666897533877107,0.11838097292588591,0.0,0.0,1.0,0.4578493243079131,0.12996010739345504,0.28662846919093204,0.1255620991076998
45,0.3421506756920869,0.0,0.24447779349884513,110,23,0.0,0,0,40,0.4578493243079131,0.8,0.12996010739345504,0.0,0.28662846919093204,0.2,0.1255620991076998,0.0,0.3421506756920869,0.3421506756920869,1.0,0.8,0.0,0.2,0.0,0.14284134248148006,0.14284134248148006,1.0,0.388298500339823,0.16160160313086314,0.21333795067754213,0.23676194585177182,0.13629992586199835,0.13629992586199835,1.0,0.5941492501699115,0.08080080156543157,0.20666897533877107,0.11838097292588591,0.0,0.0,1.0,0.4578493243079131,0.12996010739345504,0.28662846919093204,0.1255620991076998
46,0.3421506756920869,0.0,0.24447779349884513,102,23,0.0,0,0,40,0.4578493243079131,0.8,0.12996010739345504,0.0,0.28662846919093204,0.2,0.1255620991076998,0.0,0.3421506756920869,0.3421506756920869,1.0,0.8,0.0,0.2,0.0,0.14284134248148006,0.14284134248148006,1.0,0.388298500339823,0.16160160313086314,0.21333795067754213,0.23676194585177182,0.13629992586199835,0.13629992586199835,1.0,0.5941492501699115,0.08080080156543157,0.20666897533877107,0.11838097292588591,0.0,0.0,1.0,0.4578493243079131,0.12996010739345504,0.28662846919093204,0.1255620991076998
47,0.3421506756920869,0.0,0.24447779349884513,102,23,0.0,0,0,40,0.4578493243079131,0.8,0.12996010739345504,0.0,0.28662846919093204,0.2,0.1255620991076998,0.0,0.3421506756920869,0.3421506756920869,1.0,0.8,0.0,0.2,0.0,0.14284134248148006,0.14284134248148006,1.0,0.388298500339823,0.16160160313086314,0.21333795067754213,0.23676194585177182,0.13629992586199835,0.13629992586199835,1.0,0.5941492501699115,0.08080080156543157,0.20666897533877107,0.11838097292588591,0.0,0.0,1.0,0.4578493243079131,0.12996010739345504,0.28662846919093204,0.1255620991076998
48,0.3421506756920869,0.0,0.24447779349884513,96,23,0.0,0,0,40,0.4578493243079131,0.8,0.12996010739345504,0.0,0.28662846919093204,0.2,0.1255620991076998,0.0,0.3421506756920869,0.3421506756920869,1.0,0.8,0.0,0.2,0.0,0.14284134248148006,0.14284134248148006,1.0,0.388298500339823,0.16160160313086314,0.21333795067754213,0.23676194585177182,0.13629992586199835,0.13629992586199835,1.0,0.5941492501699115,0.08080080156543157,0.20666897533877107,0.11838097292588591,0.0,0.0,1.0,0.4578493243079131,0.12996010739345504,0.28662846919093204,0.1255620991076998
49,0.3421506756920869,0.0,0.24447779349884513,101,23,0.0,0,0,40,0.4578493243079131,0.8,0.12996010739345504,0.0,0.28662846919093204,0.2,0.1255620991076998,0.0,0.3421506756920869,0.3421506756920869,1.0,0.8,0.0,0.2,0.0,0.14284134248148006,0.14284134248148006,1.0,0.388298500339823,0.16160160313086314,0.21333795067754213,0.23676194585177182,0.13629992586199835,0.13629992586199835,1.0,0.5941492501699115,0.08080080156543157,0.20666897533877107,0.11838097292588591,0.0,0.0,1.0,0.4578493243079131,0.12996010739345504,0.28662846919093204,0.1255620991076998
50,0.3421506756920869,0.0,0.24447779349884513,116,23,0.0,0,1,50,0.4578493243079131,0.8,0.12996010739345504,0.0,0.28662846919093204,0.2,0.1255620991076998,0.0,0.3421506756920869,0.3421506756920869,1.0,0.8,0.0,0.2,0.0,0.1899328746449438,0.1899328746449438,1.0,0.36857002060708166,0.180579283171686,0.18597489824681976,0.2648757979744127,0.13331148587513425,0.13331148587513425,1.0,0.5842850103035409,0.090289641585843,0.19298744912340987,0.13243789898720634,0.0,0.0,1.0,0.4578493243079131,0.12996010739345504,0.28662846919093204,0.1255620991076998
51,0.3421506756920869,0.0,0.24447779349884513,101,23,0.0,0,0,50,0.4578493243079131,0.8,0.12996010739345504,0.0,0.28662846919093204,0.2,0.1255620991076998,0.0,0.3421506756920869,0.3421506756920869,1.0,0.8,0.0,0.2,0.0,0.1899328746449438,0.1899328746449438,1.0,0.36857002060708166,0.180579283171686,0.18597489824681976,0.2648757979744127,0.13331148587513425,0.13331148587513425,1.0,0.5842850103035409,0.090289641585843,0.19298744912340987,0.13243789898720634,0.0,0.0,1.0,0.4578493243079131,0.12996010739345504,0.28662846919093204,0.1255620991076998
52,0.3421506756920869,0.0,0.24447779349884513,109,23,0.0,0,0,50,0.4578493243079131,0.8,0.12996010739345504,0.0,0.28662846919093204,0.2,0.1255620991076998,0.0,0.3421506756920869,0.3421506756920869,1.0,0.8,0.0,0.2,0.0,0.1899328746449438,0.1899328746449438,1.0,0.36857002060708166,0.180579283171686,0.18597489824681976,0.2648757979744127,0.13331148587513425,0.13331148587513425,1.0,0.5842850103035409,0.090289641585843,0.19298744912340987,0.13243789898720634,0.0,0.0,1.0,0.4578493243079131,0.12996010739345504,0.28662846919093204,0.1255620991076998
53,0.3421506756920869,0.0,0.24447779349884513,102,23,0.0,0,0,50,0.4578493243079131,0.8,0.12996010739345504,0.0,0.28662846919093204,0.2,0.1255620991076998,0.0,0.3421506756920869,0.3421506756920869,1.0,0.8,0.0,0.2,0.0,0.1899328746449438,0.1899328746449438,1.0,0.36857002060708166,0.180579283171686,0.18597489824681976,0.2648757979744127,0.13331148587513425,0.13331148587513425,1.0,0.5842850103035409,0.090289641585843,0.19298744912340987,0.13243789898720634,0.0,0.0,1.0,0.4578493243079131,0.12996010739345504,0.28662846919093204,0.1255620991076998
54,0.3421506756920869,0.0,0.24447779349884513,103,23,0.0,0,0,50,0.4578493243079131,0.8,0.12996010739345504,0.0,0.28662846919093204,0.2,0.1255620991076998,0.0,0.3421506756920869,0.3421506756920869,1.0,0.8,0.0,0.2,0.0,0.1899328746449438,0.1899328746449438,1.0,0.36857002060708166,0.180579283171686,0.18597489824681976,0.2648757979744127,0.13331148587513425,0.13331148587513425,1.0,0.5842850103035409,0.090289641585843,0.19298744912340987,0.13243789898720634,0.0,0.0,1.0,0.4578493243079131,0.12996010739345504,0.28662846919093204,0.1255620991076998
55,0.3421506756920869,0.0,0.24447779349884513,118,23,0.0,0,0,50,0.4578493243079131,0.8,0.12996010739345504,0.0,0.28662846919093204,0.2,0.1255620991076998,0.0,0.3421506756920869,0.3421506756920869,1.0,0.8,0.0,0.2,0.0,0.1899328746449438,0.1899328746449438,1.0,0.36857002060708166,0.180579283171686,0.18597489824681976,0.2648757979744127,0.13331148587513425,0.13331148587513425,1.0,0.5842850103035409,0.090289641585843,0.19298744912340987,0.13243789898720634,0.0,0.0,1.0,0.4578493243079131,0.12996010739345504,0.28662846919093204,0.1255620991076998
56,0.3421506756920869,0.0,0.24447779349884513,98,23,0.0,0,0,50,0.4578493243079131,0.8,0.12996010739345504,0.0,0.28662846919093204,0.2,0.1255620991076998,0.0,0.3421506756920869,0.3421506756920869,1.0,0.8,0.0,0.2,0.0,0.1899328746449438,0.1899328746449438,1.0,0.36857002060708166,0.180579283171686,0.18597489824681976,0.2648757979744127,0.13331148587513425,0.13331148587513425,1.0,0.5842850103035409,0.090289641585843,0.19298744912340987,0.13243789898720634,0.0,0.0,1.0,0.4578493243079131,0.12996010739345504,0.28662846919093204,0.1255620991076998
57,0.3421506756920869,0.0,0.24447779349884513,101,23,0.0,0,0,50,0.4578493243079131,0.8,0.12996010739345504,0.0,0.28662846919093204,0.2,0.1255620991076998,0.0,0.3421506756920869,0.3421506756920869,1.0,0.8,0.0,0.2,0.0,0.1899328746449438,0.1899328746449438,1.0,0.36857002060708166,0.180579283171686,0.18597489824681976,0.2648757979744127,0.13331148587513425,0.13331148587513425,1.0,0.5842850103035409,0.090289641585843,0.19298744912340987,0.13243789898720634,0.0,0.0,1.0,0.4578493243079131,0.12996010739345504,0.28662846919093204,0.1255620991076998
58,0.3421506756920869,0.0,0.24447779349884513,109,23,0.0,0,0,50,0.4578493243079131,0.8,0.12996010739345504,0.0,0.28662846919093204,0.2,0.1255620991076998,0.0,0.3421506756920869,0.3421506756920869,1.0,0.8,0.0,0.2,0.0,0.1899328746449438,0.1899328746449438,1.0,0.36857002060708166,0.180579283171686,0.18597489824681976,0.2648757979744127,0.13331148587513425,0.13331148587513425,1.0,0.5842850103035409,0.090289641585843,0.19298744912340987,0.13243789898720634,0.0,0.0,1.0,0.4578493243079131,0.12996010739345504,0.28662846919093204,0.1255620991076998
59,0.3421506756920869,0.0,0.24447779349884513,100,23,0.0,0,0,50,0.4578493243079131,0.8,0.12996010739345504,0.0,0.28662846919093204,0.2,0.1255620991076998,0.0,0.3421506756920869,0.3421506756920869,1.0,0.8,0.0,0.2,0.0,0.1899328746449438,0.1899328746449438,1.0,0.36857002060708166,0.180579283171686,0.18597489824681976,0.2648757979744127,0.13331148587513425,0.13331148587513425,1.0,0.5842850103035409,0.090289641585843,0.19298744912340987,0.13243789898720634,0.0,0.0,1.0,0.4578493243079131,0.12996010739345504,0.28662846919093204,0.1255620991076998
60,0.3421506756920869,0.0,0.24447779349884513,101,23,0.0,0,1,60,0.4578493243079131,0.8,0.12996010739345504,0.0,0.28662846919093204,0.2,0.1255620991076998,0.0,0.3421506756920869,0.3421506756920869,1.0,0.8,0.0,0.2,0.0,0.06692654988854221,0.06692654988854221,1.0,0.39092277441937084,0.151240763609857,0.2893396225055187,0.16849683946525337,0.13761206290177236,0.13761206290177236,1.0,0.5954613872096854,0.0756203818049285,0.24466981125275936,0.08424841973262669,0.0,0.0,1.0,0.4578493243079131,0.12996010739345504,0.28662846919093204,0.1255620991076998
61,0.3421506756920869,0.0,0.24447779349884513,120,23,0.0,0,0,60,0.4578493243079131,0.8,0.12996010739345504,0.0,0.28662846919093204,0.2,0.1255620991076998,0.0,0.3421506756920869,0.3421506756920869,1.0,0.8,0.0,0.2,0.0,0.06692654988854221,0.06692654988854221,1.0,0.39092277441937084,0.151240763609857,0.2893396225055187,0.16849683946525337,0.13761206290177236,0.13761206290177236,1.0,0.5954613872096854,0.0756203818049285,0.24466981125275936,0.08424841973262669,0.0,0.0,1.0,0.4578493243079131,0.12996010739345504,0.28662846919093204,0.1255620991076998
62,0.3421506756920869,0.0,0.24447779349884513,104,23,0.0,0,0,60,0.4578493243079131,0.8,0.12996010739345504,0.0,0.28662846919093204,0.2,0.1255620991076998,0.0,0.3421506756920869,0.3421506756920869,1.0,0.8,0.0,0.2,0.0,0.06692654988854221,0.06692654988854221,1.0,0.39092277441937084,0.151240763609857,0.2893396225055187,0.16849683946525337,0.13761206290177236,0.13761206290177236,1.0,0.5954613872096854,0.0756203818049285,0.24466981125275936,0.08424841973262669,0.0,0.0,1.0,0.4578493243079131,0.12996010739345504,0.28662846919093204,0.1255620991076998
63,0.3421506756920869,0.0,0.24447779349884513,109,23,0.0,0,0,60,0.4578493243079131,0.8,0.12996010739345504,0.0,0.28662846919093204,0.2,0.1255620991076998,0.0,0.3421506756920869,0.3421506756920869,1.0,0.8,0.0,0.2,0.0,0.06692654988854221,0.06692654988854221,1.0,0.39092277441937084,0.151240763609857,0.2893396225055187,0.16849683946525337,0.13761206290177236,0.13761206290177236,1.0,0.5954613872096854,0.0756203818049285,0.24466981125275936,0.08424841973262669,0.0,0.0,1.0,0.4578493243079131,0.12996010739345504,0.28662846919093204,0.1255620991076998
64,0.3421506756920869,0.0,0.24447779349884513,93,23,0.0,0,0,60,0.4578493243079131,0.8,0.12996010739345504,0.0,0.28662846919093204,0.2,0.1255620991076998,0.0,0.3421506756920869,0.3421506756920869,1.0,0.8,0.0,0.2,0.0,0.06692654988854221,0.06692654988854221,1.0,0.39092277441937084,0.151240763609857,0.2893396225055187,0.16849683946525337,0.13761206290177236,0.13761206290177236,1.0,0.5954613872096854,0.0756203818049285,0.24466981125275936,0.08424841973262669,0.0,0.0,1.0,0.4578493243079131,0.12996010739345504,0.28662846919093204,0.1255620991076998
65,0.3421506756920869,0.0,0.24447779349884513,117,23,0.0,0,0,60,0.4578493243079131,0.8,0.12996010739345504,0.0,0.28662846919093204,0.2,0.1255620991076998,0.0,0.3421506756920869,0.3421506756920869,1.0,0.8,0.0,0.2,0.0,0.06692654988854221,0.06692654988854221,1.0,0.39092277441937084,0.151240763609857,0.2893396225055187,0.16849683946525337,0.13761206290177236,0.13761206290177236,1.0,0.5954613872096854,0.0756203818049285,0.24466981125275936,0.08424841973262669,0.0,0.0,1.0,0.4578493243079131,0.12996010739345504,0.28662846919093204,0.1255620991076998
66,0.3421506756920869,0.0,0.24447779349884513,96,23,0.0,0,0,60,0.4578493243079131,0.8,0.12996010739345504,0.0,0.28662846919093204,0.2,0.1255620991076998,0.0,0.3421506756920869,0.3421506756920869,1.0,0.8,0.0,0.2,0.0,0.06692654988854221,0.06692654988854221,1.0,0.39092277441937084,0.151240763609857,0.2893396225055187,0.16849683946525337,0.13761206290177236,0.13761206290177236,1.0,0.5954613872096854,0.0756203818049285,0.24466981125275936,0.08424841973262669,0.0,0.0,1.0,0.4578493243079131,0.12996010739345504,0.28662846919093204,0.1255620991076998
67,0.3421506756920869,0.0,0.24447779349884513,100,23,0.0,0,0,60,0.4578493243079131,0.8,0.12996010739345504,0.0,0.28662846919093204,0.2,0.1255620991076998,0.0,0.3421506756920869,0.3421506756920869,1.0,0.8,0.0,0.2,0.0,0.06692654988854221,0.06692654988854221,1.0,0.39092277441937084,0.151240763609857,0.2893396225055187,0.16849683946525337,0.13761206290177236,0.13761206290177236,1.0,0.5954613872096854,0.0756203818049285,0.24466981125275936,0.08424841973262669,0.0,0.0,1.0,0.4578493243079131,0.12996010739345504,0.28662846919093204,0.1255620991076998
68,0.3421506756920869,0.0,0.24447779349884513,108,23,0.0,0,0,60,0.4578493243079131,0.8,0.12996010739345504,0.0,0.28662846919093204,0.2,0.1255620991076998,0.0,0.3421506756920869,0.3421506756920869,1.0,0.8,0.0,0.2,0.0,0.06692654988854221,0.06692654988854221,1.0,0.39092277441937084,0.151240763609857,0.2893396225055187,0.16849683946525337,0.13761206290177236,0.13761206290177236,1.0,0.5954613872096854,0.0756203818049285,0.24466981125275936,0.08424841973262669,0.0,0.0,1.0,0.4578493243079131,0.12996010739345504,0.28662846919093204,0.1255620991076998
69,0.3421506756920869,0.0,0.24447779349884513,109,23,0.0,0,0,60,0.4578493243079131,0.8,0.12996010739345504,0.0,0.28662846919093204,0.2,0.1255620991076998,0.0,0.3421506756920869,0.3421506756920869,1.0,0.8,0.0,0.2,0.0,0.06692654988854221,0.06692654988854221,1.0,0.39092277441937084,0.151240763609857,0.2893396225055187,0.16849683946525337,0.13761206290177236,0.13761206290177236,1.0,0.5954613872096854,0.0756203818049285,0.24466981125275936,0.08424841973262669,0.0,0.0,1.0,0.4578493243079131,0.12996010739345504,0.28662846919093204,0.1255620991076998
70,0.3421506756920869,0.0,0.24447779349884513,99,23,0.0,0,1,70,0.4578493243079131,0.8,0.12996010739345504,0.0,0.28662846919093204,0.2,0.1255620991076998,0.0,0.3421506756920869,0.3421506756920869,1.0,0.8,0.0,0.2,0.0,0.08021827554402215,0.08021827554402215,1.0,0.4473793872053376,0.1733024601133982,0.21688013074948542,0.16243802193177884,0.16584036929475568,0.16584036929475568,1.0,0.6236896936026688,0.0866512300566991,0.20844006537474272,0.08121901096588942,0.0,0.0,1.0,0.4578493243079131,0.12996010739345504,0.28662846919093204,0.1255620991076998
71,0.3421506756920869,0.0,0.24447779349884513,122,23,0.0,0,0,70,0.4578493243079131,0.8,0.12996010739345504,0.0,0.28662846919093204,0.2,0.1255620991076998,0.0,0.3421506756920869,0.3421506756920869,1.0,0.8,0.0,0.2,0.0,0.08021827554402215,0.08021827554402215,1.0,0.4473793872053376,0.1733024601133982,0.21688013074948542,0.16243802193177884,0.16584036929475568,0.16584036929475568,1.0,0.6236896936026688,0.0866512300566991,0.20844006537474272,0.08121901096588942,0.0,0.0,1.0,0.4578493243079131,0.12996010739345504,0.28662846919093204,0.1255620991076998
72,0.3421506756920869,0.0,0.24447779349884513,112,23,0.0,0,0,70,0.4578493243079131,0.8,0.12996010739345504,0.0,0.28662846919093204,0.2,0.1255620991076998,0.0,0.3421506756920869,0.3421506756920869,1.0,0.8,0.0,0.2,0.0,0.08021827554402215,0.08021827554402215,1.0,0.4473793872053376,0.1733024601133982,0.21688013074948542,0.16243802193177884,0.16584036929475568,0.16584036929475568,1.0,0.6236896936026688,0.0866512300566991,0.20844006537474272,0.08121901096588942,0.0,0.0,1.0,0.4578493243079131,0.12996010739345504,0.28662846919093204,0.1255620991076998
73,0.3421506756920869,0.0,0.24447779349884513,101,23,0.0,0,0,70,0.4578493243079131,0.8,0.12996010739345504,0.0,0.28662846919093204,0.2,0.1255620991076998,0.0,0.3421506756920869,0.3421506756920869,1.0,0.8,0.0,0.2,0.0,0.08021827554402215,0.08021827554402215,1.0,0.4473793872053376,0.1733024601133982,0.21688013074948542,0.16243802193177884,0.16584036929475568,0.16584036929475568,1.0,0.6236896936026688,0.0866512300566991,0.20844006537474272,0.08121901096588942,0.0,0.0,1.0,0.4578493243079131,0.12996010739345504,0.28662846919093204,0.1255620991076998
74,0.3421506756920869,0.0,0.24447779349884513,123,23,0.0,0,0,70,0.4578493243079131,0.8,0.12996010739345504,0.0,0.28662846919093204,0.2,0.1255620991076998,0.0,0.3421506756920869,0.3421506756920869,1.0,0.8,0.0,0.2,0.0,0.08021827554402215,0.08021827554402215,1.0,0.4473793872053376,0.1733024601133982,0.21688013074948542,0.16243802193177884,0.16584036929475568,0.16584036929475568,1.0,0.6236896936026688,0.0866512300566991,0.20844006537474272,0.08121901096588942,0.0,0.0,1.0,0.4578493243079131,0.12996010739345504,0.28662846919093204,0.1255620991076998
75,0.3421506756920869,0.0,0.24447779349884513,114,23,0.0,0,0,70,0.4578493243079131,0.8,0.12996010739345504,0.0,0.28662846919093204,0.2,0.1255620991076998,0.0,0.3421506756920869,0.3421506756920869,1.0,0.8,0.0,0.2,0.0,0.08021827554402215,0.08021827554402215,1.0,0.4473793872053376,0.1733024601133982,0.21688013074948542,0.16243802193177884,0.16584036929475568,0.16584036929475568,1.0,0.6236896936026688,0.0866512300566991,0.20844006537474272,0.08121901096588942,0.0,0.0,1.0,0.4578493243079131,0.12996010739345504,0.28662846919093204,0.1255620991076998
76,0.3421506756920869,0.0,0.24447779349884513,108,23,0.0,0,0,70,0.4578493243079131,0.8,0.12996010739345504,0.0,0.28662846919093204,0.2,0.1255620991076998,0.0,0.3421506756920869,0.3421506756920869,1.0,0.8,0.0,0.2,0.0,0.08021827554402215,0.08021827554402215,1.0,0.4473793872053376,0.1733024601133982,0.21688013074948542,0.16243802193177884,0.16584036929475568,0.16584036929475568,1.0,0.6236896936026688,0.0866512300566991,0.20844006537474272,0.08121901096588942,0.0,0.0,1.0,0.4578493243079131,0.12996010739345504,0.28662846919093204,0.1255620991076998
77,0.3421506756920869,0.0,0.24447779349884513,92,23,0.0,0,0,70,0.4578493243079131,0.8,0.12996010739345504,0.0,0.28662846919093204,0.2,0.1255620991076998,0.0,0.3421506756920869,0.3421506756920869,1.0,0.8,0.0,0.2,0.0,0.08021827554402215,0.08021827554402215,1.0,0.4473793872053376,0.1733024601133982,0.21688013074948542,0.16243802193177884,0.16584036929475568,0.16584036929475568,1.0,0.6236896936026688,0.0866512300566991,0.20844006537474272,0.08121901096588942,0.0,0.0,1.0,0.4578493243079131,0.12996010739345504,0.28662846919093204,0.1255620991076998
78,0.3421506756920869,0.0,0.24447779349884513,104,23,0.0,0,0,70,0.4578493243079131,0.8,0.12996010739345504,0.0,0.28662846919093204,0.2,0.1255620991076998,0.0,0.3421506756920869,0.3421506756920869,1.0,0.8,0.0,0.2,0.0,0.08021827554402215,0.08021827554402215,1.0,0.4473793872053376,0.1733024601133982,0.21688013074948542,0.16243802193177884,0.16584036929475568,0.16584036929475568,1.0,0.6236896936026688,0.0866512300566991,0.20844006537474272,0.08121901096588942,0.0,0.0,1.0,0.4578493243079131,0.12996010739345504,0.28662846919093204,0.1255620991076998
79,0.3421506756920869,0.0,0.24447779349884513,108,23,0.0,0,0,70,0.4578493243079131,0.8,0.12996010739345504,0.0,0.28662846919093204,0.2,0.1255620991076998,0.0,0.3421506756920869,0.3421506756920869,1.0,0.8,0.0,0.2,0.0,0.08021827554402215,0.08021827554402215,1.0,0.4473793872053376,0.1733024601133982,0.21688013074948542,0.16243802193177884,0.16584036929475568,0.16584036929475568,1.0,0.6236896936026688,0.0866512300566991,0.20844006537474272,0.08121901096588942,0.0,0.0,1.0,0.4578493243079131,0.12996010739345504,0.28662846919093204,0.1255620991076998
80,0.3421506756920869,0.0,0.24447779349884513,117,23,0.0,0,1,80,0.4578493243079131,0.8,0.12996010739345504,0.0,0.28662846919093204,0.2,0.1255620991076998,0.0,0.3421506756920869,0.3421506756920869,1.0,0.8,0.0,0.2,0.0,0.08577833941116708,0.08577833941116708,1.0,0.4294240888068082,0.1517717580326459,0.2292753652808698,0.189528787879676,0.15686272009549102,0.15686272009549102,1.0,0.6147120444034041,0.07588587901632295,0.21463768264043492,0.094764393939838,0.0,0.0,1.0,0.4578493243079131,0.12996010739345504,0.28662846919093204,0.1255620991076998
81,0.3421506756920869,0.0,0.24447779349884513,112,23,0.0,0,0,80,0.4578493243079131,0.8,0.12996010739345504,0.0,0.28662846919093204,0.2,0.1255620991076998,0.0,0.3421506756920869,0.3421506756920869,1.0,0.8,0.0,0.2,0.0,0.08577833941116708,0.08577833941116708,1.0,0.4294240888068082,0.1517717580326459,0.2292753652808698,0.189528787879676,0.15686272009549102,0.15686272009549102,1.0,0.6147120444034041,0.07588587901632295,0.21463768264043492,0.094764393939838,0.0,0.0,1.0,0.4578493243079131,0.12996010739345504,0.28662846919093204,0.1255620991076998
82,0.3421506756920869,0.0,0.24447779349884513,110,23,0.0,0,0,80,0.4578493243079131,0.8,0.12996010739345504,0.0,0.28662846919093204,0.2,0.1255620991076998,0.0,0.3421506756920869,0.3421506756920869,1.0,0.8,0.0,0.2,0.0,0.08577833941116708,0.08577833941116708,1.0,0.4294240888068082,0.1517717580326459,0.2292753652808698,0.189528787879676,0.15686272009549102,0.15686272009549102,1.0,0.6147120444034041,0.07588587901632295,0.21463768264043492,0.094764393939838,0.0,0.0,1.0,0.4578493243079131,0.12996010739345504,0.28662846919093204,0.1255620991076998
83,0.3421506756920869,0.0,0.24447779349884513,108,23,0.0,0,0,80,0.4578493243079131,0.8,0.12996010739345504,0.0,0.28662846919093204,0.2,0.1255620991076998,0.0,0.3421506756920869,0.3421506756920869,1.0,0.8,0.0,0.2,0.0,0.08577833941116708,0.08577833941116708,1.0,0.4294240888068082,0.1517717580326459,0.2292753652808698,0.189528787879676,0.15686272009549102,0.15686272009549102,1.0,0.6147120444034041,0.07588587901632295,0.21463768264043492,0.094764393939838,0.0,0.0,1.0,0.4578493243079131,0.12996010739345504,0.28662846919093204,0.1255620991076998
84,0.3421506756920869,0.0,0.24447779349884513,118,23,0.0,0,0,80,0.4578493243079131,0.8,0.12996010739345504,0.0,0.28662846919093204,0.2,0.1255620991076998,0.0,0.3421506756920869,0.3421506756920869,1.0,0.8,0.0,0.2,0.0,0.08577833941116708,0.08577833941116708,1.0,0.4294240888068082,0.1517717580326459,0.2292753652808698,0.189528787879676,0.15686272009549102,0.15686272009549102,1.0,0.6147120444034041,0.07588587901632295,0.21463768264043492,0.094764393939838,0.0,0.0,1.0,0.4578493243079131,0.12996010739345504,0.28662846919093204,0.1255620991076998
85,0.3421506756920869,0.0,0.24447779349884513,108,23,0.0,0,0,80,0.4578493243079131,0.8,0.12996010739345504,0.0,0.28662846919093204,0.2,0.1255620991076998,0.0,0.3421506756920869,0.3421506756920869,1.0,0.8,0.0,0.2,0.0,0.08577833941116708,0.08577833941116708,1.0,0.4294240888068082,0.1517717580326459,0.2292753652808698,0.189528787879676,0.15686272009549102,0.15686272009549102,1.0,0.6147120444034041,0.07588587901632295,0.21463768264043492,0.094764393939838,0.0,0.0,1.0,0.4578493243079131,0.12996010739345504,0.28662846919093204,0.1255620991076998
86,0.3421506756920869,0.0,0.24447779349884513,117,23,0.0,0,0,80,0.4578493243079131,0.8,0.12996010739345504,0.0,0.28662846919093204,0.2,0.1255620991076998,0.0,0.3421506756920869,0.3421506756920869,1.0,0.8,0.0,0.2,0.0,0.08577833941116708,0.08577833941116708,1.0,0.4294240888068082,0.1517717580326459,0.2292753652808698,0.189528787879676,0.15686272009549102,0.15686272009549102,1.0,0.6147120444034041,0.07588587901632295,0.21463768264043492,0.094764393939838,0.0,0.0,1.0,0.4578493243079131,0.12996010739345504,0.28662846919093204,0.1255620991076998
87,0.3421506756920869,0.0,0.24447779349884513,117,23,0.0,0,0,80,0.4578493243079131,0.8,0.12996010739345504,0.0,0.28662846919093204,0.2,0.1255620991076998,0.0,0.3421506756920869,0.3421506756920869,1.0,0.8,0.0,0.2,0.0,0.08577833941116708,0.08577833941116708,1.0,0.4294240888068082,0.1517717580326459,0.2292753652808698,0.189528787879676,0.15686272009549102,0.15686272009549102,1.0,0.6147120444034041,0.07588587901632295,0.21463768264043492,0.094764393939838,0.0,0.0,1.0,0.4578493243079131,0.12996010739345504,0.28662846919093204,0.1255620991076998
88,0.3421506756920869,0.0,0.24447779349884513,96,23,0.0,0,0,80,0.4578493243079131,0.8,0.12996010739345504,0.0,0.28662846919093204,0.2,0.1255620991076998,0.0,0.3421506756920869,0.3421506756920869,1.0,0.8,0.0,0.2,0.0,0.08577833941116708,0.08577833941116708,1.0,0.4294240888068082,0.1517717580326459,0.2292753652808698,0.189528787879676,0.15686272009549102,0.15686272009549102,1.0,0.6147120444034041,0.07588587901632295,0.21463768264043492,0.094764393939838,0.0,0.0,1.0,0.4578493243079131,0.12996010739345504,0.28662846919093204,0.1255620991076998
89,0.3421506756920869,0.0,0.24447779349884513,121,23,0.0,0,0,80,0.4578493243079131,0.8,0.12996010739345504,0.0,0.28662846919093204,0.2,0.1255620991076998,0.0,0.3421506756920869,0.3421506756920869,1.0,0.8,0.0,0.2,0.0,0.08577833941116708,0.08577833941116708,1.0,0.4294240888068082,0.1517717580326459,0.2292753652808698,0.189528787879676,0.15686272009549102,0.15686272009549102,1.0,0.6147120444034041,0.07588587901632295,0.21463768264043492,0.094764393939838,0.0,0.0,1.0,0.4578493243079131,0.12996010739345504,0.28662846919093204,0.1255620991076998
90,0.3421506756920869,0.0,0.24447779349884513,106,17,0.0,0,1,90,0.4578493243079131,0.8,0.12996010739345504,0.0,0.28662846919093204,0.2,0.1255620991076998,0.0,0.3421506756920869,0.3421506756920869,1.0,0.8,0.0,0.2,0.0,0.1216941245297191,0.1216941245297191,1.0,0.3583274017967737,0.15173562310574887,0.2644562671723524,0.22548070792512512,0.12131437659047375,0.12131437659047375,1.0,0.5791637008983869,0.07586781155287443,0.2322281335861762,0.11274035396256256,0.0,0.0,1.0,0.4578493243079131,0.12996010739345504,0.28662846919093204,0.1255620991076998
91,0.3421506756920869,0.0,0.24447779349884513,102,17,0.0,0,0,90,0.4578493243079131,0.8,0.12996010739345504,0.0,0.28662846919093204,0.2,0.1255620991076998,0.0,0.3421506756920869,0.3421506756920869,1.0,0.8,0.0,0.2,0.0,0.1216941245297191,0.1216941245297191,1.0,0.3583274017967737,0.15173562310574887,0.2644562671723524,0.22548070792512512,0.12131437659047375,0.12131437659047375,1.0,0.5791637008983869,0.07586781155287443,0.2322281335861762,0.11274035396256256,0.0,0.0,1.0,0.4578493243079131,0.12996010739345504,0.28662846919093204,0.1255620991076998
92,0.3421506756920869,0.0,0.24447779349884513,108,17,0.0,0,0,90,0.4578493243079131,0.8,0.12996010739345504,0.0,0.28662846919093204,0.2,0.1255620991076998,0.0,0.3421506756920869,0.3421506756920869,1.0,0.8,0.0,0.2,0.0,0.1216941245297191,0.1216941245297191,1.0,0.3583274017967737,0.15173562310574887,0.2644562671723524,0.22548070792512512,0.12131437659047375,0.12131437659047375,1.0,0.5791637008983869,0.07586781155287443,0.2322281335861762,0.11274035396256256,0.0,0.0,1.0,0.4578493243079131,0.12996010739345504,0.28662846919093204,0.1255620991076998
93,0.3421506756920869,0.0,0.24447779349884513,111,17,0.0,0,0,90,0.4578493243079131,0.8,0.12996010739345504,0.0,0.28662846919093204,0.2,0.1255620991076998,0.0,0.3421506756920869,0.3421506756920869,1.0,0.8,0.0,0.2,0.0,0.1216941245297191,0.1216941245297191,1.0,0.3583274017967737,0.15173562310574887,0.2644562671723524,0.22548070792512512,0.12131437659047375,0.12131437659047375,1.0,0.5791637008983869,0.07586781155287443,0.2322281335861762,0.11274035396256256,0.0,0.0,1.0,0.4578493243079131,0.12996010739345504,0.28662846919093204,0.1255620991076998
94,0.3421506756920869,0.0,0.24447779349884513,94,17,0.0,0,0,90,0.4578493243079131,0.8,0.12996010739345504,0.0,0.28662846919093204,0.2,0.1255620991076998,0.0,0.3421506756920869,0.3421506756920869,1.0,0.8,0.0,0.2,0.0,0.1216941245297191,0.1216941245297191,1.0,0.3583274017967737,0.15173562310574887,0.2644562671723524,0.22548070792512512,0.12131437659047375,0.12131437659047375,1.0,0.5791637008983869,0.07586781155287443,0.2322281335861762,0.11274035396256256,0.0,0.0,1.0,0.4578493243079131,0.12996010739345504,0.28662846919093204,0.1255620991076998
95,0.3421506756920869,0.0,0.24447779349884513,109,17,0.0,0,0,90,0.4578493243079131,0.8,0.12996010739345504,0.0,0.28662846919093204,0.2,0.1255620991076998,0.0,0.3421506756920869,0.3421506756920869,1.0,0.8,0.0,0.2,0.0,0.1216941245297191,0.1216941245297191,1.0,0.3583274017967737,0.15173562310574887,0.2644562671723524,0.22548070792512512,0.12131437659047375,0.12131437659047375,1.0,0.5791637008983869,0.07586781155287443,0.2322281335861762,0.11274035396256256,0.0,0.0,1.0,0.4578493243079131,0.12996010739345504,0.28662846919093204,0.1255620991076998
96,0.3421506756920869,0.0,0.24447779349884513,105,17,0.0,0,0,90,0.4578493243079131,0.8,0.12996010739345504,0.0,0.28662846919093204,0.2,0.1255620991076998,0.0,0.3421506756920869,0.3421506756920869,1.0,0.8,0.0,0.2,0.0,0.1216941245297191,0.1216941245297191,1.0,0.3583274017967737,0.15173562310574887,0.2644562671723524,0.22548070792512512,0.12131437659047375,0.12131437659047375,1.0,0.5791637008983869,0.07586781155287443,0.2322281335861762,0.11274035396256256,0.0,0.0,1.0,0.4578493243079131,0.12996010739345504,0.28662846919093204,0.1255620991076998
97,0.3421506756920869,0.0,0.24447779349884513,121,17,0.0,0,0,90,0.4578493243079131,0.8,0.12996010739345504,0.0,0.28662846919093204,0.2,0.1255620991076998,0.0,0.3421506756920869,0.3421506756920869,1.0,0.8,0.0,0.2,0.0,0.1216941245297191,0.1216941245297191,1.0,0.3583274017967737,0.15173562310574887,0.2644562671723524,0.22548070792512512,0.12131437659047375,0.12131437659047375,1.0,0.5791637008983869,0.07586781155287443,0.2322281335861762,0.11274035396256256,0.0,0.0,1.0,0.4578493243079131,0.12996010739345504,0.28662846919093204,0.1255620991076998
98,0.3421506756920869,0.0,0.24447779349884513,104,17,0.0,0,0,90,0.4578493243079131,0.8,0.12996010739345504,0.0,0.28662846919093204,0.2,0.1255620991076998,0.0,0.3421506756920869,0.3421506756920869,1.0,0.8,0.0,0.2,0.0,0.1216941245297191,0.1216941245297191,1.0,0.3583274017967737,0.15173562310574887,0.2644562671723524,0.22548070792512512,0.12131437659047375,0.12131437659047375,1.0,0.5791637008983869,0.07586781155287443,0.2322281335861762,0.11274035396256256,0.0,0.0,1.0,0.4578493243079131,0.12996010739345504,0.28662846919093204,0.1255620991076998
99,0.3421506756920869,0.0,0.24447779349884513,109,17,0.0,0,0,90,0.4578493243079131,0.8,0.12996010739345504,0.0,0.28662846919093204,0.2,0.1255620991076998,0.0,0.3421506756920869,0.3421506756920869,1.0,0.8,0.0,0.2,0.0,0.1216941245297191,0.1216941245297191,1.0,0.3583274017967737,0.15173562310574887,0.2644562671723524,0.22548070792512512,0.12131437659047375,0.12131437659047375,1.0,0.5791637008983869,0.07586781155287443,0.2322281335861762,0.11274035396256256,0.0,0.0,1.0,0.4578493243079131,0.12996010739345504,0.28662846919093204,0.1255620991076998
100,0.28662846919093204,0.0,0.24447779349884513,72,4,0.0,0,1,100,0.4578493243079131,0.5,0.12996010739345504,0.25,0.28662846919093204,0.0,0.1255620991076998,0.25,0.33002946357087476,0.33002946357087476,1.0,0.7878787878787878,0.010101010101010102,0.1919191919191919,0.010101010101010102,0.17029821855951144,0.17029821855951144,1.0,0.30765225800732743,0.16218356989915053,0.26652731693200626,0.26363685516151575,0.10122303215870763,0.10122303215870763,1.0,0.5477655229430576,0.08614229000008032,0.2292232544255991,0.13686893263126293,0.0,0.0,1.0,0.4578493243079131,0.12996010739345504,0.28662846919093204,0.1255620991076998
101,0.23662846919093206,0.0,0.24447779349884513,81,8,0.0,0,0,100,0.4578493243079131,0.5183333333333333,0.12996010739345504,0.215,0.28662846919093204,0.05,0.1255620991076998,0.21666666666666667,0.33002946357087476,0.33002946357087476,1.0,0.7878787878787878,0.010101010101010102,0.1919191919191919,0.010101010101010102,0.17029821855951144,0.17029821855951144,1.0,0.30765225800732743,0.16218356989915053,0.26652731693200626,0.26363685516151575,0.10122303215870763,0.10122303215870763,1.0,0.5477655229430576,0.08614229000008032,0.2292232544255991,0.13686893263126293,0.0,0.0,1.0,0.4578493243079131,0.12996010739345504,0.28662846919093204,0.1255620991076998
102,0.28662846919093204,0.0,0.24447779349884513,78,12,0.0,0,0,100,0.4578493243079131,0.6,0.12996010739345504,0.2,0.28662846919093204,0.0,0.1255620991076998,0.2,0.33002946357087476,0.33002946357087476,1.0,0.7878787878787878,0.010101010101010102,0.1919191919191919,0.010101010101010102,0.17029821855951144,0.17029821855951144,1.0,0.30765225800732743,0.16218356989915053,0.26652731693200626,0.26363685516151575,0.10122303215870763,0.10122303215870763,1.0,0.5477655229430576,0.08614229000008032,0.2292232544255991,0.13686893263126293,0.0,0.0,1.0,0.4578493243079131,0.12996010739345504,0.28662846919093204,0.1255620991076998
103,0.28662846919093204,0.0,0.24447779349884513,81,12,0.0,0,0,100,0.4578493243079131,0.6,0.12996010739345504,0.2,0.28662846919093204,0.0,0.1255620991076998,0.2,0.33002946357087476,0.33002946357087476,1.0,0.7878787878787878,0.010101010101010102,0.1919191919191919,0.010101010101010102,0.17029821855951144,0.17029821855951144,1.0,0.30765225800732743,0.16218356989915053,0.26652731693200626,0.26363685516151575,0.10122303215870763,0.10122303215870763,1.0,0.5477655229430576,0.08614229000008032,0.2292232544255991,0.13686893263126293,0.0,0.0,1.0,0.4578493243079131,0.12996010739345504,0.28662846919093204,0.1255620991076998
104,0.28662846919093204,0.0,0.24447779349884513,90,12,0.0,0,0,100,0.4578493243079131,0.6,0.12996010739345504,0.2,0.28662846919093204,0.0,0.1255620991076998,0.2,0.33002946357087476,0.33002946357087476,1.0,0.7878787878787878,0.010101010101010102,0.1919191919191919,0.010101010101010102,0.17029821855951144,0.17029821855951144,1.0,0.30765225800732743,0.16218356989915053,0.26652731693200626,0.26363685516151575,0.10122303215870763,0.10122303215870763,1.0,0.5477655229430576,0.08614229000008032,0.2292232544255991,0.13686893263126293,0.0,0.0,1.0,0.4578493243079131,0.12996010739345504,0.28662846919093204,0.1255620991076998
105,0.28662846919093204,0.0,0.24447779349884513,79,12,0.0,0,0,100,0.4578493243079131,0.6,0.12996010739345504,0.2,0.28662846919093204,0.0,0.1255620991076998,0.2,0.33002946357087476,0.33002946357087476,1.0,0.7878787878787878,0.010101010101010102,0.1919191919191919,0.010101010101010102,0.17029821855951144,0.17029821855951144,1.0,0.30765225800732743,0.16218356989915053,0.26652731693200626,0.26363685516151575,0.10122303215870763,0.10122303215870763,1.0,0.5477655229430576,0.08614229000008032,0.2292232544255991,0.13686893263126293,0.0,0.0,1.0,0.4578493243079131,0.12996010739345504,0.28662846919093204,0.1255620991076998
106,0.28662846919093204,0.0,0.24447779349884513,86,12,0.0,0,0,100,0.4578493243079131,0.6,0.12996010739345504,0.2,0.28662846919093204,0.0,0.1255620991076998,0.2,0.33002946357087476,0.33002946357087476,1.0,0.7878787878787878,0.010101010101010102,0.1919191919191919,0.010101010101010102,0.17029821855951144,0.17029821855951144,1.0,0.30765225800732743,0.16218356989915053,0.26652731693200626,0.26363685516151575,0.10122303215870763,0.10122303215870763,1.0,0.5477655229430576,0.08614229000008032,0.2292232544255991,0.13686893263126293,0.0,0.0,1.0,0.4578493243079131,0.12996010739345504,0.28662846919093204,0.1255620991076998
107,0.28662846919093204,0.0,0.24447779349884513,91,12,0.0,0,0,100,0.4578493243079131,0.6,0.12996010739345504,0.2,0.28662846919093204,0.0,0.1255620991076998,0.2,0.33002946357087476,0.33002946357087476,1.0,0.7878787878787878,0.010101010101010102,0.1919191919191919,0.010101010101010102,0.17029821855951144,0.17029821855951144,1.0,0.30765225800732743,0.16218356989915053,0.26652731693200626,0.26363685516151575,0.10122303215870763,0.10122303215870763,1.0,0.5477655229430576,0.08614229000008032,0.2292232544255991,0.13686893263126293,0.0,0.0,1.0,0.4578493243079131,0.12996010739345504,0.28662846919093204,0.1255620991076998
108,0.28662846919093204,0.0,0.24447779349884513,91,12,0.0,0,0,100,0.4578493243079131,0.6,0.12996010739345504,0.2,0.28662846919093204,0.0,0.1255620991076998,0.2,0.33002946357087476,0.33002946357087476,1.0,0.7878787878787878,0.010101010101010102,0.1919191919191919,0.010101010101010102,0.17029821855951144,0.17029821855951144,1.0,0.30765225800732743,0.16218356989915053,0.26652731693200626,0.26363685516151575,0.10122303215870763,0.10122303215870763,1.0,0.5477655229430576,0.08614229000008032,0.2292232544255991,0.13686893263126293,0.0,0.0,1.0,0.4578493243079131,0.12996010739345504,0.28662846919093204,0.1255620991076998
109,0.28662846919093204,0.0,0.24447779349884513,77,12,0.0,0,0,100,0.4578493243079131,0.6,0.12996010739345504,0.2,0.28662846919093204,0.0,0.1255620991076998,0.2,0.33002946357087476,0.33002946357087476,1.0,0.7878787878787878,0.010101010101010102,0.1919191919191919,0.010101010101010102,0.17029821855951144,0.17029821855951144,1.0,0.30765225800732743,0.16218356989915053,0.26652731693200626,0.26363685516151575,0.10122303215870763,0.10122303215870763,1.0,0.5477655229430576,0.08614229000008032,0.2292232544255991,0.13686893263126293,0.0,0.0,1.0,0.4578493243079131,0.12996010739345504,0.28662846919093204,0.1255620991076998
110,0.28662846919093204,0.0,0.24447779349884513,89,12,0.0,0,1,110,0.4578493243079131,0.6,0.12996010739345504,0.2,0.28662846919093204,0.0,0.1255620991076998,0.2,0.22489478343619468,0.22489478343619468,1.0,0.6827441077441078,0.11186868686868687,0.09343434343434344,0.11195286195286196,0.11735398316508254,0.11735398316508254,1.0,0.4571785407007292,0.1191320599319069,0.18077331709458155,0.24291608227278239,0.16398437291962775,0.16398437291962775,1.0,0.5699613242224185,0.11550037340029688,0.1371038302644625,0.17743447211282218,0.0,0.0,1.0,0.4578493243079131,0.12996010739345504,0.28662846919093204,0.1255620991076998
111,0.28662846919093204,0.0,0.24447779349884513,86,12,0.0,0,0,110,0.4578493243079131,0.6,0.12996010739345504,0.2,0.28662846919093204,0.0,0.1255620991076998,0.2,0.22489478343619468,0.22489478343619468,1.0,0.6827441077441078,0.11186868686868687,0.09343434343434344,0.11195286195286196,0.11735398316508254,0.11735398316508254,1.0,0.4571785407007292,0.1191320599319069,0.18077331709458155,0.24291608227278239,0.16398437291962775,0.16398437291962775,1.0,0.5699613242224185,0.11550037340029688,0.1371038302644625,0.17743447211282218,0.0,0.0,1.0,0.4578493243079131,0.12996010739345504,0.28662846919093204,0.1255620991076998
112,0.28662846919093204,0.0,0.24447779349884513,97,12,0.0,0,0,110,0.4578493243079131,0.6,0.12996010739345504,0.2,0.28662846919093204,0.0,0.1255620991076998,0.2,0.22489478343619468,0.22489478343619468,1.0,0.6827441077441078,0.11186868686868687,0.09343434343434344,0.11195286195286196,0.11735398316508254,0.11735398316508254,1.0,0.4571785407007292,0.1191320599319069,0.18077331709458155,0.24291608227278239,0.16398437291962775,0.16398437291962775,1.0,0.5699613242224185,0.11550037340029688,0.1371038302644625,0.17743447211282218,0.0,0.0,1.0,0.4578493243079131,0.12996010739345504,0.28662846919093204,0.1255620991076998
113,0.28662846919093204,0.0,0.24447779349884513,78,12,0.0,0,0,110,0.4578493243079131,0.6,0.12996010739345504,0.2,0.28662846919093204,0.0,0.1255620991076998,0.2,0.22489478343619468,0.22489478343619468,1.0,0.6827441077441078,0.11186868686868687,0.09343434343434344,0.11195286195286196,0.11735398316508254,0.11735398316508254,1.0,0.4571785407007292,0.1191320599319069,0.18077331709458155,0.24291608227278239,0.16398437291962775,0.16398437291962775,1.0,0.5699613242224185,0.11550037340029688,0.1371038302644625,0.17743447211282218,0.0,0.0,1.0,0.4578493243079131,0.12996010739345504,0.28662846919093204,0.1255620991076998
114,0.28662846919093204,0.0,0.24447779349884513,92,12,0.0,0,0,110,0.4578493243079131,0.6,0.12996010739345504,0.2,0.28662846919093204,0.0,0.1255620991076998,0.2,0.22489478343619468,0.22489478343619468,1.0,0.6827441077441078,0.11186868686868687,0.09343434343434344,0.11195286195286196,0.11735398316508254,0.11735398316508254,1.0,0.4571785407007292,0.1191320599319069,0.18077331709458155,0.24291608227278239,0.16398437291962775,0.16398437291962775,1.0,0.5699613242224185,0.11550037340029688,0.1371038302644625,0.17743447211282218,0.0,0.0,1.0,0.4578493243079131,0.12996010739345504,0.28662846919093204,0.1255620991076998
115,0.28662846919093204,0.0,0.24447779349884513,88,12,0.0,0,0,110,0.4578493243079131,0.6,0.12996010739345504,0.2,0.28662846919093204,0.0,0.1255620991076998,0.2,0.22489478343619468,0.22489478343619468,1.0,0.6827441077441078,0.11186868686868687,0.09343434343434344,0.11195286195286196,0.11735398316508254,0.11735398316508254,1.0,0.4571785407007292,0.1191320599319069,0.18077331709458155,0.24291608227278239,0.16398437291962775,0.16398437291962775,1.0,0.5699613242224185,0.11550037340029688,0.1371038302644625,0.17743447211282218,0.0,0.0,1.0,0.4578493243079131,0.12996010739345504,0.28662846919093204,0.1255620991076998
116,0.28662846919093204,0.0,0.24447779349884513,110,12,0.0,0,0,110,0.4578493243079131,0.6,0.12996010739345504,0.2,0.28662846919093204,0.0,0.1255620991076998,0.2,0.22489478343619468,0.22489478343619468,1.0,0.6827441077441078,0.11186868686868687,0.09343434343434344,0.11195286195286196,0.11735398316508254,0.11735398316508254,1.0,0.4571785407007292,0.1191320599319069,0.18077331709458155,0.24291608227278239,0.16398437291962775,0.16398437291962775,1.0,0.5699613242224185,0.11550037340029688,0.1371038302644625,0.17743447211282218,0.0,0.0,1.0,0.4578493243079131,0.12996010739345504,0.28662846919093204,0.1255620991076998
117,0.28662846919093204,0.0,0.24447779349884513,98,12,0.0,0,0,110,0.4578493243079131,0.6,0.12996010739345504,0.2,0.28662846919093204,0.0,0.1255620991076998,0.2,0.22489478343619468,0.22489478343619468,1.0,0.6827441077441078,0.11186868686868687,0.09343434343434344,0.11195286195286196,0.11735398316508254,0.11735398316508254,1.0,0.4571785407007292,0.1191320599319069,0.18077331709458155,0.24291608227278239,0.16398437291962775,0.16398437291962775,1.0,0.5699613242224185,0.11550037340029688,0.1371038302644625,0.17743447211282218,0.0,0.0,1.0,0.4578493243079131,0.12996010739345504,0.28662846919093204,0.1255620991076998
118,0.28662846919093204,0.0,0.24447779349884513,83,12,0.0,0,0,110,0.4578493243079131,0.6,0.12996010739345504,0.2,0.28662846919093204,0.0,0.1255620991076998,0.2,0.22489478343619468,0.22489478343619468,1.0,0.6827441077441078,0.11186868686868687,0.09343434343434344,0.11195286195286196,0.11735398316508254,0.11735398316508254,1.0,0.4571785407007292,0.1191320599319069,0.18077331709458155,0.24291608227278239,0.16398437291962775,0.16398437291962775,1.0,0.5699613242224185,0.11550037340029688,0.1371038302644625,0.17743447211282218,0.0,0.0,1.0,0.4578493243079131,0.12996010739345504,0.28662846919093204,0.1255620991076998
119,0.28662846919093204,0.0,0.24447779349884513,91,12,0.0,0,0,110,0.4578493243079131,0.6,0.12996010739345504,0.2,0.28662846919093204,0.0,0.1255620991076998,0.2,0.22489478343619468,0.22489478343619468,1.0,0.6827441077441078,0.11186868686868687,0.09343434343434344,0.11195286195286196,0.11735398316508254,0.11735398316508254,1.0,0.4571785407007292,0.1191320599319069,0.18077331709458155,0.24291608227278239,0.16398437291962775,0.16398437291962775,1.0,0.5699613242224185,0.11550037340029688,0.1371038302644625,0.17743447211282218,0.0,0.0,1.0,0.4578493243079131,0.12996010739345504,0.28662846919093204,0.1255620991076998
120,0.28662846919093204,0.0,0.24447779349884513,96,12,0.0,0,1,120,0.4578493243079131,0.6,0.12996010739345504,0.2,0.28662846919093204,0.0,0.1255620991076998,0.2,0.28412846919093204,0.28412846919093204,1.0,0.5959166666666667,0.20075,0.0025,0.20083333333333334,0.11698886055113034,0.11698886055113034,1.0,0.42067473211901624,0.15879454800726278,0.2068142008286986,0.21371651904502245,0.18197136877658276,0.18197136877658276,1.0,0.5082956993928415,0.17977227400363138,0.10465710041434931,0.2072749261891779,0.0,0.0,1.0,0.4578493243079131,0.12996010739345504,0.28662846919093204,0.1255620991076998
121,0.28662846919093204,0.0,0.24447779349884513,79,12,0.0,0,0,120,0.4578493243079131,0.6,0.12996010739345504,0.2,0.28662846919093204,0.0,0.1255620991076998,0.2,0.28412846919093204,0.28412846919093204,1.0,0.5959166666666667,0.20075,0.0025,0.20083333333333334,0.11698886055113034,0.11698886055113034,1.0,0.42067473211901624,0.15879454800726278,0.2068142008286986,0.21371651904502245,0.18197136877658276,0.18197136877658276,1.0,0.5082956993928415,0.17977227400363138,0.10465710041434931,0.2072749261891779,0.0,0.0,1.0,0.4578493243079131,0.12996010739345504,0.28662846919093204,0.1255620991076998
122,0.28662846919093204,0.0,0.24447779349884513,81,12,0.0,0,0,120,0.4578493243079131,0.6,0.12996010739345504,0.2,0.28662846919093204,0.0,0.1255620991076998,0.2,0.28412846919093204,0.28412846919093204,1.0,0.5959166666666667,0.20075,0.0025,0.20083333333333334,0.11698886055113034,0.11698886055113034,1.0,0.42067473211901624,0.15879454800726278,0.2068142008286986,0.21371651904502245,0.18197136877658276,0.18197136877658276,1.0,0.5082956993928415,0.17977227400363138,0.10465710041434931,0.2072749261891779,0.0,0.0,1.0,0.4578493243079131,0.12996010739345504,0.28662846919093204,0.1255620991076998
123,0.28662846919093204,0.0,0.24447779349884513,88,12,0.0,0,0,120,0.4578493243079131,0.6,0.12996010739345504,0.2,0.28662846919093204,0.0,0.1255620991076998,0.2,0.28412846919093204,0.28412846919093204,1.0,0.5959166666666667,0.20075,0.0025,0.20083333333333334,0.11698886055113034,0.11698886055113034,1.0,0.42067473211901624,0.15879454800726278,0.2068142008286986,0.21371651904502245,0.18197136877658276,0.18197136877658276,1.0,0.5082956993928415,0.17977227400363138,0.10465710041434931,0.2072749261891779,0.0,0.0,1.0,0.4578493243079131,0.12996010739345504,0.28662846919093204,0.1255620991076998
124,0.28662846919093204,0.0,0.24447779349884513,77,12,0.0,0,0,120,0.4578493243079131,0.6,0.12996010739345504,0.2,0.28662846919093204,0.0,0.1255620991076998,0.2,0.28412846919093204,0.28412846919093204,1.0,0.5959166666666667,0.20075,0.0025,0.20083333333333334,0.11698886055113034,0.11698886055113034,1.0,0.42067473211901624,0.15879454800726278,0.2068142008286986,0.21371651904502245,0.18197136877658276,0.18197136877658276,1.0,0.5082956993928415,0.17977227400363138,0.10465710041434931,0.2072749261891779,0.0,0.0,1.0,0.4578493243079131,0.12996010739345504,0.28662846919093204,0.1255620991076998
125,0.28662846919093204,0.0,0.24447779349884513,101,12,0.0,0,0,120,0.4578493243079131,0.6,0.12996010739345504,0.2,0.28662846919093204,0.0,0.1255620991076998,0.2,0.28412846919093204,0.28412846919093204,1.0,0.5959166666666667,0.20075,0.0025,0.20083333333333334,0.11698886055113034,0.11698886055113034,1.0,0.42067473211901624,0.15879454800726278,0.2068142008286986,0.21371651904502245,0.18197136877658276,0.18197136877658276,1.0,0.5082956993928415,0.17977227400363138,0.10465710041434931,0.2072749261891779,0.0,0.0,1.0,0.4578493243079131,0.12996010739345504,0.28662846919093204,0.1255620991076998
126,0.28662846919093204,0.0,0.24447779349884513,78,12,0.0,0,0,120,0.4578493243079131,0.6,0.12996010739345504,0.2,0.28662846919093204,0.0,0.1255620991076998,0.2,0.28412846919093204,0.28412846919093204,1.0,0.5959166666666667,0.20075,0.0025,0.20083333333333334,0.11698886055113034,0.11698886055113034,1.0,0.42067473211901624,0.15879454800726278,0.2068142008286986,0.21371651904502245,0.18197136877658276,0.18197136877658276,1.0,0.5082956993928415,0.17977227400363138,0.10465710041434931,0.2072749261891779,0.0,0.0,1.0,0.4578493243079131,0.12996010739345504,0.28662846919093204,0.1255620991076998
127,0.28662846919093204,0.0,0.24447779349884513,83,12,0.0,0,0,120,0.4578493243079131,0.6,0.12996010739345504,0.2,0.28662846919093204,0.0,0.1255620991076998,0.2,0.28412846919093204,0.28412846919093204,1.0,0.5959166666666667,0.20075,0.0025,0.20083333333333334,0.11698886055113034,0.11698886055113034,1.0,0.42067473211901624,0.15879454800726278,0.2068142008286986,0.21371651904502245,0.18197136877658276,0.18197136877658276,1.0,0.5082956993928415,0.17977227400363138,0.10465710041434931,0.2072749261891779,0.0,0.0,1.0,0.4578493243079131,0.12996010739345504,0.28662846919093204,0.1255620991076998
128,0.28662846919093204,0.0,0.24447779349884513,95,12,0.0,0,0,120,0.4578493243079131,0.6,0.12996010739345504,0.2,0.28662846919093204,0.0,0.1255620991076998,0.2,0.28412846919093204,0.28412846919093204,1.0,0.5959166666666667,0.20075,0.0025,0.20083333333333334,0.11698886055113034,0.11698886055113034,1.0,0.42067473211901624,0.15879454800726278,0.2068142008286986,0.21371651904502245,0.18197136877658276,0.18197136877658276,1.0,0.5082956993928415,0.17977227400363138,0.10465710041434931,0.2072749261891779,0.0,0.0,1.0,0.4578493243079131,0.12996010739345504,0.28662846919093204,0.1255620991076998
129,0.28662846919093204,0.0,0.24447779349884513,97,12,0.0,0,0,120,0.4578493243079131,0.6,0.12996010739345504,0.2,0.28662846919093204,0.0,0.1255620991076998,0.2,0.28412846919093204,0.28412846919093204,1.0,0.5959166666666667,0.20075,0.0025,0.20083333333333334,0.11698886055113034,0.11698886055113034,1.0,0.42067473211901624,0.15879454800726278,0.2068142008286986,0.21371651904502245,0.18197136877658276,0.18197136877658276,1.0,0.5082956993928415,0.17977227400363138,0.10465710041434931,0.2072749261891779,0.0,0.0,1.0,0.4578493243079131,0.12996010739345504,0.28662846919093204,0.1255620991076998
130,0.28662846919093204,0.0,0.24447779349884513,90,12,0.0,0,1,130,0.4578493243079131,0.6,0.12996010739345504,0.2,0.28662846919093204,0.0,0.1255620991076998,0.2,0.28662846919093204,0.28662846919093204,1.0,0.6,0.2,0.0,0.2,0.09329258899543491,0.09329258899543491,1.0,0.3882176329773403,0.1280949243451429,0.2648327545743821,0.21885468810313477,0.15421209190374102,0.15421209190374102,1.0,0.4941088164886701,0.16404746217257146,0.13241637728719105,0.20942734405156738,0.0,0.0,1.0,0.4578493243079131,0.12996010739345504,0.28662846919093204,0.1255620991076998
131,0.28662846919093204,0.0,0.24447779349884513,93,12,0.0,0,0,130,0.4578493243079131,0.6,0.12996010739345504,0.2,0.28662846919093204,0.0,0.1255620991076998,0.2,0.28662846919093204,0.28662846919093204,1.0,0.6,0.2,0.0,0.2,0.09329258899543491,0.09329258899543491,1.0,0.3882176329773403,0.1280949243451429,0.2648327545743821,0.21885468810313477,0.15421209190374102,0.15421209190374102,1.0,0.4941088164886701,0.16404746217257146,0.13241637728719105,0.20942734405156738,0.0,0.0,1.0,0.4578493243079131,0.12996010739345504,0.28662846919093204,0.1255620991076998
132,0.28662846919093204,0.0,0.24447779349884513,88,12,0.0,0,0,130,0.4578493243079131,0.6,0.12996010739345504,0.2,0.28662846919093204,0.0,0.1255620991076998,0.2,0.28662846919093204,0.28662846919093204,1.0,0.6,0.2,0.0,0.2,0.09329258899543491,0.09329258899543491,1.0,0.3882176329773403,0.1280949243451429,0.2648327545743821,0.21885468810313477,0.15421209190374102,0.15421209190374102,1.0,0.4941088164886701,0.16404746217257146,0.13241637728719105,0.20942734405156738,0.0,0.0,1.0,0.4578493243079131,0.12996010739345504,0.28662846919093204,0.1255620991076998
133,0.28662846919093204,0.0,0.24447779349884513,90,12,0.0,0,0,130,0.4578493243079131,0.6,0.12996010739345504,0.2,0.28662846919093204,0.0,0.1255620991076998,0.2,0.28662846919093204,0.28662846919093204,1.0,0.6,0.2,0.0,0.2,0.09329258899543491,0.09329258899543491,1.0,0.3882176329773403,0.1280949243451429,0.2648327545743821,0.21885468810313477,0.15421209190374102,0.15421209190374102,1.0,0.4941088164886701,0.16404746217257146,0.13241637728719105,0.20942734405156738,0.0,0.0,1.0,0.4578493243079131,0.12996010739345504,0.28662846919093204,0.1255620991076998
134,0.28662846919093204,0.0,0.24447779349884513,92,12,0.0,0,0,130,0.4578493243079131,0.6,0.12996010739345504,0.2,0.28662846919093204,0.0,0.1255620991076998,0.2,0.28662846919093204,0.28662846919093204,1.0,0.6,0.2,0.0,0.2,0.09329258899543491,0.09329258899543491,1.0,0.3882176329773403,0.1280949243451429,0.2648327545743821,0.21885468810313477,0.15421209190374102,0.15421209190374102,1.0,0.4941088164886701,0.16404746217257146,0.13241637728719105,0.20942734405156738,0.0,0.0,1.0,0.4578493243079131,0.12996010739345504,0.28662846919093204,0.1255620991076998
135,0.28662846919093204,0.0,0.24447779349884513,84,12,0.0,0,0,130,0.4578493243079131,0.6,0.12996010739345504,0.2,0.28662846919093204,0.0,0.1255620991076998,0.2,0.28662846919093204,0.28662846919093204,1.0,0.6,0.2,0.0,0.2,0.09329258899543491,0.09329258899543491,1.0,0.3882176329773403,0.1280949243451429,0.2648327545743821,0.21885468810313477,0.15421209190374102,0.15421209190374102,1.0,0.4941088164886701,0.16404746217257146,0.13241637728719105,0.20942734405156738,0.0,0.0,1.0,0.4578493243079131,0.12996010739345504,0.28662846919093204,0.1255620991076998
136,0.28662846919093204,0.0,0.24447779349884513,108,12,0.0,0,0,130,0.4578493243079131,0.6,0.12996010739345504,0.2,0.28662846919093204,0.0,0.1255620991076998,0.2,0.28662846919093204,0.28662846919093204,1.0,0.6,0.2,0.0,0.2,0.09329258899543491,0.09329258899543491,1.0,0.3882176329773403,0.1280949243451429,0.2648327545743821,0.21885468810313477,0.15421209190374102,0.15421209190374102,1.0,0.4941088164886701,0.16404746217257146,0.13241637728719105,0.20942734405156738,0.0,0.0,1.0,0.4578493243079131,0.12996010739345504,0.28662846919093204,0.1255620991076998
137,0.28662846919093204,0.0,0.24447779349884513,91,12,0.0,0,0,130,0.4578493243079131,0.6,0.12996010739345504,0.2,0.28662846919093204,0.0,0.1255620991076998,0.2,0.28662846919093204,0.28662846919093204,1.0,0.6,0.2,0.0,0.2,0.09329258899543491,0.09329258899543491,1.0,0.3882176329773403,0.1280949243451429,0.2648327545743821,0.21885468810313477,0.15421209190374102,0.15421209190374102,1.0,0.4941088164886701,0.16404746217257146,0.13241637728719105,0.20942734405156738,0.0,0.0,1.0,0.4578493243079131,0.12996010739345504,0.28662846919093204,0.1255620991076998
138,0.28662846919093204,0.0,0.24447779349884513,81,12,0.0,0,0,130,0.4578493243079131,0.6,0.12996010739345504,0.2,0.28662846919093204,0.0,0.1255620991076998,0.2,0.28662846919093204,0.28662846919093204,1.0,0.6,0.2,0.0,0.2,0.09329258899543491,0.09329258899543491,1.0,0.3882176329773403,0.1280949243451429,0.2648327545743821,0.21885468810313477,0.15421209190374102,0.15421209190374102,1.0,0.4941088164886701,0.16404746217257146,0.13241637728719105,0.20942734405156738,0.0,0.0,1.0,0.4578493243079131,0.12996010739345504,0.28662846919093204,0.1255620991076998
139,0.28662846919093204,0.0,0.24447779349884513,94,12,0.0,0,0,130,0.4578493243079131,0.6,0.12996010739345504,0.2,0.28662846919093204,0.0,0.1255620991076998,0.2,0.28662846919093204,0.28662846919093204,1.0,0.6,0.2,0.0,0.2,0.09329258899543491,0.09329258899543491,1.0,0.3882176329773403,0.1280949243451429,0.2648327545743821,0.21885468810313477,0.15421209190374102,0.15421209190374102,1.0,0.4941088164886701,0.16404746217257146,0.13241637728719105,0.20942734405156738,0.0,0.0,1.0,0.4578493243079131,0.12996010739345504,0.28662846919093204,0.1255620991076998
140,0.28662846919093204,0.0,0.24447779349884513,94,12,0.0,0,1,140,0.4578493243079131,0.6,0.12996010739345504,0.2,0.28662846919093204,0.0,0.1255620991076998,0.2,0.28662846919093204,0.28662846919093204,1.0,0.6,0.2,0.0,0.2,0.14424763988354988,0.14424763988354988,1.0,0.31360168442436315,0.14105829120433996,0.28930863988878386,0.2560313844825129,0.1430226313422716,0.1430226313422716,1.0,0.45680084221218153,0.17052914560216997,0.14465431994439193,0.22801569224125645,0.0,0.0,1.0,0.4578493243079131,0.12996010739345504,0.28662846919093204,0.1255620991076998
141,0.28662846919093204,0.0,0.24447779349884513,99,12,0.0,0,0,140,0.4578493243079131,0.6,0.12996010739345504,0.2,0.28662846919093204,0.0,0.1255620991076998,0.2,0.28662846919093204,0.28662846919093204,1.0,0.6,0.2,0.0,0.2,0.14424763988354988,0.14424763988354988,1.0,0.31360168442436315,0.14105829120433996,0.28930863988878386,0.2560313844825129,0.1430226313422716,0.1430226313422716,1.0,0.45680084221218153,0.17052914560216997,0.14465431994439193,0.22801569224125645,0.0,0.0,1.0,0.4578493243079131,0.12996010739345504,0.28662846919093204,0.1255620991076998
142,0.28662846919093204,0.0,0.24447779349884513,81,12,0.0,0,0,140,0.4578493243079131,0.6,0.12996010739345504,0.2,0.28662846919093204,0.0,0.1255620991076998,0.2,0.28662846919093204,0.28662846919093204,1.0,0.6,0.2,0.0,0.2,0.14424763988354988,0.14424763988354988,1.0,0.31360168442436315,0.14105829120433996,0.28930863988878386,0.2560313844825129,0.1430226313422716,0.1430226313422716,1.0,0.45680084221218153,0.17052914560216997,0.14465431994439193,0.22801569224125645,0.0,0.0,1.0,0.4578493243079131,0.12996010739345504,0.28662846919093204,0.1255620991076998
143,0.28662846919093204,0.0,0.24447779349884513,70,12,0.0,0,0,140,0.4578493243079131,0.6,0.12996010739345504,0.2,0.28662846919093204,0.0,0.1255620991076998,0.2,0.28662846919093204,0.28662846919093204,1.0,0.6,0.2,0.0,0.2,0.14424763988354988,0.14424763988354988,1.0,0.31360168442436315,0.14105829120433996,0.28930863988878386,0.2560313844825129,0.1430226313422716,0.1430226313422716,1.0,0.45680084221218153,0.17052914560216997,0.14465431994439193,0.22801569224125645,0.0,0.0,1.0,0.4578493243079131,0.12996010739345504,0.28662846919093204,0.1255620991076998
144,0.28662846919093204,0.0,0.24447779349884513,101,12,0.0,0,0,140,0.4578493243079131,0.6,0.12996010739345504,0.2,0.28662846919093204,0.0,0.1255620991076998,0.2,0.28662846919093204,0.28662846919093204,1.0,0.6,0.2,0.0,0.2,0.14424763988354988,0.14424763988354988,1.0,0.31360168442436315,0.14105829120433996,0.28930863988878386,0.2560313844825129,0.1430226313422716,0.1430226313422716,1.0,0.45680084221218153,0.17052914560216997,0.14465431994439193,0.22801569224125645,0.0,0.0,1.0,0.4578493243079131,0.12996010739345504,0.28662846919093204,0.1255620991076998
145,0.28662846919093204,0.0,0.24447779349884513,100,12,0.0,0,0,140,0.4578493243079131,0.6,0.12996010739345504,0.2,0.28662846919093204,0.0,0.1255620991076998,0.2,0.28662846919093204,0.28662846919093204,1.0,0.6,0.2,0.0,0.2,0.14424763988354988,0.14424763988354988,1.0,0.31360168442436315,0.14105829120433996,0.28930863988878386,0.2560313844825129,0.1430226313422716,0.1430226313422716,1.0,0.45680084221218153,0.17052914560216997,0.14465431994439193,0.22801569224125645,0.0,0.0,1.0,0.4578493243079131,0.12996010739345504,0.28662846919093204,0.1255620991076998
146,0.28662846919093204,0.0,0.24447779349884513,91,12,0.0,0,0,140,0.4578493243079131,0.6,0.12996010739345504,0.2,0.28662846919093204,0.0,0.1255620991076998,0.2,0.28662846919093204,0.28662846919093204,1.0,0.6,0.2,0.0,0.2,0.14424763988354988,0.14424763988354988,1.0,0.31360168442436315,0.14105829120433996,0.28930863988878386,0.2560313844825129,0.1430226313422716,0.1430226313422716,1.0,0.45680084221218153,0.17052914560216997,0.14465431994439193,0.22801569224125645,0.0,0.0,1.0,0.4578493243079131,0.12996010739345504,0.28662846919093204,0.1255620991076998
147,0.28662846919093204,0.0,0.24447779349884513,83,12,0.0,0,0,140,0.4578493243079131,0.6,0.12996010739345504,0.2,0.28662846919093204,0.0,0.1255620991076998,0.2,0.28662846919093204,0.28662846919093204,1.0,0.6,0.2,0.0,0.2,0.14424763988354988,0.14424763988354988,1.0,0.31360168442436315,0.14105829120433996,0.28930863988878386,0.2560313844825129,0.1430226313422716,0.1430226313422716,1.0,0.45680084221218153,0.17052914560216997,0.14465431994439193,0.22801569224125645,0.0,0.0,1.0,0.4578493243079131,0.12996010739345504,0.28662846919093204,0.1255620991076998
148,0.28662846919093204,0.0,0.24447779349884513,77,12,0.0,0,0,140,0.4578493243079131,0.6,0.12996010739345504,0.2,0.28662846919093204,0.0,0.1255620991076998,0.2,0.28662846919093204,0.28662846919093204,1.0,0.6,0.2,0.0,0.2,0.14424763988354988,0.14424763988354988,1.0,0.31360168442436315,0.14105829120433996,0.28930863988878386,0.2560313844825129,0.1430226313422716,0.1430226313422716,1.0,0.45680084221218153,0.17052914560216997,0.14465431994439193,0.22801569224125645,0.0,0.0,1.0,0.4578493243079131,0.12996010739345504,0.28662846919093204,0.1255620991076998
149,0.28662846919093204,0.0,0.24447779349884513,97,12,0.0,0,0,140,0.4578493243079131,0.6,0.12996010739345504,0.2,0.28662846919093204,0.0,0.1255620991076998,0.2,0.28662846919093204,0.28662846919093204,1.0,0.6,0.2,0.0,0.2,0.14424763988354988,0.14424763988354988,1.0,0.31360168442436315,0.14105829120433996,0.28930863988878386,0.2560313844825129,0.1430226313422716,0.1430226313422716,1.0,0.45680084221218153,0.17052914560216997,0.14465431994439193,0.22801569224125645,0.0,0.0,1.0,0.4578493243079131,0.12996010739345504,0.28662846919093204,0.1255620991076998
150,0.28662846919093204,0.0,0.24447779349884513,71,12,0.0,0,1,150,0.4578493243079131,0.6,0.12996010739345504,0.2,0.28662846919093204,0.0,0.1255620991076998,0.2,0.28662846919093204,0.28662846919093204,1.0,0.6,0.2,0.0,0.2,0.13441746279150435,0.13441746279150435,1.0,0.39633650964687944,0.14810863010013073,0.21372382106046137,0.24183103919252846,0.17976655866070138,0.17976655866070138,1.0,0.49816825482343974,0.17405431505006536,0.10686191053023068,0.22091551959626424,0.0,0.0,1.0,0.4578493243079131,0.12996010739345504,0.28662846919093204,0.1255620991076998
151,0.28662846919093204,0.0,0.24447779349884513,88,12,0.0,0,0,150,0.4578493243079131,0.6,0.12996010739345504,0.2,0.28662846919093204,0.0,0.1255620991076998,0.2,0.28662846919093204,0.28662846919093204,1.0,0.6,0.2,0.0,0.2,0.13441746279150435,0.13441746279150435,1.0,0.39633650964687944,0.14810863010013073,0.21372382106046137,0.24183103919252846,0.17976655866070138,0.17976655866070138,1.0,0.49816825482343974,0.17405431505006536,0.10686191053023068,0.22091551959626424,0.0,0.0,1.0,0.4578493243079131,0.12996010739345504,0.28662846919093204,0.1255620991076998
152,0.28662846919093204,0.0,0.24447779349884513,99,12,0.0,0,0,150,0.4578493243079131,0.6,0.12996010739345504,0.2,0.28662846919093204,0.0,0.1255620991076998,0.2,0.28662846919093204,0.28662846919093204,1.0,0.6,0.2,0.0,0.2,0.13441746279150435,0.13441746279150435,1.0,0.39633650964687944,0.14810863010013073,0.21372382106046137,0.24183103919252846,0.17976655866070138,0.17976655866070138,1.0,0.49816825482343974,0.17405431505006536,0.10686191053023068,0.22091551959626424,0.0,0.0,1.0,0.4578493243079131,0.12996010739345504,0.28662846919093204,0.1255620991076998
153,0.28662846919093204,0.0,0.24447779349884513,91,12,0.0,0,0,150,0.4578493243079131,0.6,0.12996010739345504,0.2,0.28662846919093204,0.0,0.1255620991076998,0.2,0.28662846919093204,0.28662846919093204,1.0,0.6,0.2,0.0,0.2,0.13441746279150435,0.13441746279150435,1.0,0.39633650964687944,0.14810863010013073,0.21372382106046137,0.24183103919252846,0.17976655866070138,0.17976655866070138,1.0,0.49816825482343974,0.17405431505006536,0.10686191053023068,0.22091551959626424,0.0,0.0,1.0,0.4578493243079131,0.12996010739345504,0.28662846919093204,0.1255620991076998
154,0.28662846919093204,0.0,0.24447779349884513,90,12,0.0,0,0,150,0.4578493243079131,0.6,0.12996010739345504,0.2,0.28662846919093204,0.0,0.1255620991076998,0.2,0.28662846919093204,0.28662846919093204,1.0,0.6,0.2,0.0,0.2,0.13441746279150435,0.13441746279150435,1.0,0.39633650964687944,0.14810863010013073,0.21372382106046137,0.24183103919252846,0.17976655866070138,0.17976655866070138,1.0,0.49816825482343974,0.17405431505006536,0.10686191053023068,0.22091551959626424,0.0,0.0,1.0,0.4578493243079131,0.12996010739345504,0.28662846919093204,0.1255620991076998
155,0.28662846919093204,0.0,0.24447779349884513,83,12,0.0,0,0,150,0.4578493243079131,0.6,0.12996010739345504,0.2,0.28662846919093204,0.0,0.1255620991076998,0.2,0.28662846919093204,0.28662846919093204,1.0,0.6,0.2,0.0,0.2,0.13441746279150435,0.13441746279150435,1.0,0.39633650964687944,0.14810863010013073,0.21372382106046137,0.24183103919252846,0.17976655866070138,0.17976655866070138,1.0,0.49816825482343974,0.17405431505006536,0.10686191053023068,0.22091551959626424,0.0,0.0,1.0,0.4578493243079131,0.12996010739345504,0.28662846919093204,0.1255620991076998
156,0.28662846919093204,0.0,0.24447779349884513,90,12,0.0,0,0,150,0.4578493243079131,0.6,0.12996010739345504,0.2,0.28662846919093204,0.0,0.1255620991076998,0.2,0.28662846919093204,0.28662846919093204,1.0,0.6,0.2,0.0,0.2,0.13441746279150435,0.13441746279150435,1.0,0.39633650964687944,0.14810863010013073,0.21372382106046137,0.24183103919252846,0.17976655866070138,0.17976655866070138,1.0,0.49816825482343974,0.17405431505006536,0.10686191053023068,0.22091551959626424,0.0,0.0,1.0,0.4578493243079131,0.12996010739345504,0.28662846919093204,0.1255620991076998
157,0.28662846919093204,0.0,0.24447779349884513,69,12,0.0,0,0,150,0.4578493243079131,0.6,0.12996010739345504,0.2,0.28662846919093204,0.0,0.1255620991076998,0.2,0.28662846919093204,0.28662846919093204,1.0,0.6,0.2,0.0,0.2,0.13441746279150435,0.13441746279150435,1.0,0.39633650964687944,0.14810863010013073,0.21372382106046137,0.24183103919252846,0.17976655866070138,0.17976655866070138,1.0,0.49816825482343974,0.17405431505006536,0.10686191053023068,0.22091551959626424,0.0,0.0,1.0,0.4578493243079131,0.12996010739345504,0.28662846919093204,0.1255620991076998
158,0.28662846919093204,0.0,0.24447779349884513,97,12,0.0,0,0,150,0.4578493243079131,0.6,0.12996010739345504,0.2,0.28662846919093204,0.0,0.1255620991076998,0.2,0.28662846919093204,0.28662846919093204,1.0,0.6,0.2,0.0,0.2,0.13441746279150435,0.13441746279150435,1.0,0.39633650964687944,0.14810863010013073,0.21372382106046137,0.24183103919252846,0.17976655866070138,0.17976655866070138,1.0,0.49816825482343974,0.17405431505006536,0.10686191053023068,0.22091551959626424,0.0,0.0,1.0,0.4578493243079131,0.12996010739345504,0.28662846919093204,0.1255620991076998
159,0.28662846919093204,0.0,0.24447779349884513,83,12,0.0,0,0,150,0.4578493243079131,0.6,0.12996010739345504,0.2,0.28662846919093204,0.0,0.1255620991076998,0.2,0.28662846919093204,0.28662846919093204,1.0,0.6,0.2,0.0,0.2,0.13441746279150435,0.13441746279150435,1.0,0.39633650964687944,0.14810863010013073,0.21372382106046137,0.24183103919252846,0.17976655866070138,0.17976655866070138,1.0,0.49816825482343974,0.17405431505006536,0.10686191053023068,0.22091551959626424,0.0,0.0,1.0,0.4578493243079131,0.12996010739345504,0.28662846919093204,0.1255620991076998
160,0.28662846919093204,0.0,0.24447779349884513,91,12,0.0,0,1,160,0.4578493243079131,0.6,0.12996010739345504,0.2,0.28662846919093204,0.0,0.1255620991076998,0.2,0.28662846919093204,0.28662846919093204,1.0,0.6,0.2,0.0,0.2,0.1803765204224148,0.1803765204224148,1.0,0.3978508155689458,0.2405743397836202,0.16625045750748454,0.19532438713994948,0.20350324043718981,0.20350324043718981,1.0,0.4989254077844729,0.2202871698918101,0.08312522875374227,0.19766219356997475,0.0,0.0,1.0,0.4578493243079131,0.12996010739345504,0.28662846919093204,0.1255620991076998
161,0.28662846919093204,0.0,0.24447779349884513,75,12,0.0,0,0,160,0.4578493243079131,0.6,0.12996010739345504,0.2,0.28662846919093204,0.0,0.1255620991076998,0.2,0.28662846919093204,0.28662846919093204,1.0,0.6,0.2,0.0,0.2,0.1803765204224148,0.1803765204224148,1.0,0.3978508155689458,0.2405743397836202,0.16625045750748454,0.19532438713994948,0.20350324043718981,0.20350324043718981,1.0,0.4989254077844729,0.2202871698918101,0.08312522875374227,0.19766219356997475,0.0,0.0,1.0,0.4578493243079131,0.12996010739345504,0.28662846919093204,0.1255620991076998
162,0.28662846919093204,0.0,0.24447779349884513,88,12,0.0,0,0,160,0.4578493243079131,0.6,0.12996010739345504,0.2,0.28662846919093204,0.0,0.1255620991076998,0.2,0.28662846919093204,0.28662846919093204,1.0,0.6,0.2,0.0,0.2,0.1803765204224148,0.1803765204224148,1.0,0.3978508155689458,0.2405743397836202,0.16625045750748454,0.19532438713994948,0.20350324043718981,0.20350324043718981,1.0,0.4989254077844729,0.2202871698918101,0.08312522875374227,0.19766219356997475,0.0,0.0,1.0,0.4578493243079131,0.12996010739345504,0.28662846919093204,0.1255620991076998
163,0.28662846919093204,0.0,0.24447779349884513,100,12,0.0,0,0,160,0.4578493243079131,0.6,0.12996010739345504,0.2,0.28662846919093204,0.0,0.1255620991076998,0.2,0.28662846919093204,0.28662846919093204,1.0,0.6,0.2,0.0,0.2,0.1803765204224148,0.1803765204224148,1.0,0.3978508155689458,0.2405743397836202,0.16625045750748454,0.19532438713994948,0.20350324043718981,0.20350324043718981,1.0,0.4989254077844729,0.2202871698918101,0.08312522875374227,0.19766219356997475,0.0,0.0,1.0,0.4578493243079131,0.12996010739345504,0.28662846919093204,0.1255620991076998
164,0.28662846919093204,0.0,0.24447779349884513,85,12,0.0,0,0,160,0.4578493243079131,0.6,0.12996010739345504,0.2,0.28662846919093204,0.0,0.1255620991076998,0.2,0.28662846919093204,0.28662846919093204,1.0,0.6,0.2,0.0,0.2,0.1803765204224148,0.1803765204224148,1.0,0.3978508155689458,0.2405743397836202,0.16625045750748454,0.19532438713994948,0.20350324043718981,0.20350324043718981,1.0,0.4989254077844729,0.2202871698918101,0.08312522875374227,0.19766219356997475,0.0,0.0,1.0,0.4578493243079131,0.12996010739345504,0.28662846919093204,0.1255620991076998
165,0.28662846919093204,0.0,0.24447779349884513,80,12,0.0,0,0,160,0.4578493243079131,0.6,0.12996010739345504,0.2,0.28662846919093204,0.0,0.1255620991076998,0.2,0.28662846919093204,0.28662846919093204,1.0,0.6,0.2,0.0,0.2,0.1803765204224148,0.1803765204224148,1.0,0.3978508155689458,0.2405743397836202,0.16625045750748454,0.19532438713994948,0.20350324043718981,0.20350324043718981,1.0,0.4989254077844729,0.2202871698918101,0.08312522875374227,0.19766219356997475,0.0,0.0,1.0,0.4578493243079131,0.12996010739345504,0.28662846919093204,0.1255620991076998
166,0.28662846919093204,0.0,0.24447779349884513,77,12,0.0,0,0,160,0.4578493243079131,0.6,0.12996010739345504,0.2,0.28662846919093204,0.0,0.1255620991076998,0.2,0.28662846919093204,0.28662846919093204,1.0,0.6,0.2,0.0,0.2,0.1803765204224148,0.1803765204224148,1.0,0.3978508155689458,0.2405743397836202,0.16625045750748454,0.19532438713994948,0.20350324043718981,0.20350324043718981,1.0,0.4989254077844729,0.2202871698918101,0.08312522875374227,0.19766219356997475,0.0,0.0,1.0,0.4578493243079131,0.12996010739345504,0.28662846919093204,0.1255620991076998
167,0.28662846919093204,0.0,0.24447779349884513,87,12,0.0,0,0,160,0.4578493243079131,0.6,0.12996010739345504,0.2,0.28662846919093204,0.0,0.1255620991076998,0.2,0.28662846919093204,0.28662846919093204,1.0,0.6,0.2,0.0,0.2,0.1803765204224148,0.1803765204224148,1.0,0.3978508155689458,0.2405743397836202,0.16625045750748454,0.19532438713994948,0.20350324043718981,0.20350324043718981,1.0,0.4989254077844729,0.2202871698918101,0.08312522875374227,0.19766219356997475,0.0,0.0,1.0,0.4578493243079131,0.12996010739345504,0.28662846919093204,0.1255620991076998
168,0.28662846919093204,0.0,0.24447779349884513,88,12,0.0,0,0,160,0.4578493243079131,0.6,0.12996010739345504,0.2,0.28662846919093204,0.0,0.1255620991076998,0.2,0.28662846919093204,0.28662846919093204,1.0,0.6,0.2,0.0,0.2,0.1803765204224148,0.1803765204224148,1.0,0.3978508155689458,0.2405743397836202,0.16625045750748454,0.19532438713994948,0.20350324043718981,0.20350324043718981,1.0,0.4989254077844729,0.2202871698918101,0.08312522875374227,0.19766219356997475,0.0,0.0,1.0,0.4578493243079131,0.12996010739345504,0.28662846919093204,0.1255620991076998
169,0.28662846919093204,0.0,0.24447779349884513,97,12,0.0,0,0,160,0.4578493243079131,0.6,0.12996010739345504,0.2,0.28662846919093204,0.0,0.1255620991076998,0.2,0.28662846919093204,0.28662846919093204,1.0,0.6,0.2,0.0,0.2,0.1803765204224148,0.1803765204224148,1.0,0.3978508155689458,0.2405743397836202,0.16625045750748454,0.19532438713994948,0.20350324043718981,0.20350324043718981,1.0,0.4989254077844729,0.2202871698918101,0.08312522875374227,0.19766219356997475,0.0,0.0,1.0,0.4578493243079131,0.12996010739345504,0.28662846919093204,0.1255620991076998
170,0.28662846919093204,0.0,0.24447779349884513,88,12,0.0,0,1,170,0.4578493243079131,0.6,0.12996010739345504,0.2,0.28662846919093204,0.0,0.1255620991076998,0.2,0.28662846919093204,0.28662846919093204,1.0,0.6,0.2,0.0,0.2,0.14479353037563603,0.14479353037563603,1.0,0.3714318442445202,0.096624182851089,0.2615883434210549,0.27035562948333575,0.15583429748040456,0.15583429748040456,1.0,0.4857159221222601,0.1483120914255445,0.13079417171052746,0.23517781474166788,0.0,0.0,1.0,0.4578493243079131,0.12996010739345504,0.28662846919093204,0.1255620991076998
171,0.28662846919093204,0.0,0.24447779349884513,82,12,0.0,0,0,170,0.4578493243079131,0.6,0.12996010739345504,0.2,0.28662846919093204,0.0,0.1255620991076998,0.2,0.28662846919093204,0.28662846919093204,1.0,0.6,0.2,0.0,0.2,0.14479353037563603,0.14479353037563603,1.0,0.3714318442445202,0.096624182851089,0.2615883434210549,0.27035562948333575,0.15583429748040456,0.15583429748040456,1.0,0.4857159221222601,0.1483120914255445,0.13079417171052746,0.23517781474166788,0.0,0.0,1.0,0.4578493243079131,0.12996010739345504,0.28662846919093204,0.1255620991076998
172,0.28662846919093204,0.0,0.24447779349884513,72,12,0.0,0,0,170,0.4578493243079131,0.6,0.12996010739345504,0.2,0.28662846919093204,0.0,0.1255620991076998,0.2,0.28662846919093204,0.28662846919093204,1.0,0.6,0.2,0.0,0.2,0.14479353037563603,0.14479353037563603,1.0,0.3714318442445202,0.096624182851089,0.2615883434210549,0.27035562948333575,0.15583429748040456,0.15583429748040456,1.0,0.4857159221222601,0.1483120914255445,0.13079417171052746,0.23517781474166788,0.0,0.0,1.0,0.4578493243079131,0.12996010739345504,0.28662846919093204,0.1255620991076998
173,0.28662846919093204,0.0,0.24447779349884513,77,12,0.0,0,0,170,0.4578493243079131,0.6,0.12996010739345504,0.2,0.28662846919093204,0.0,0.1255620991076998,0.2,0.28662846919093204,0.28662846919093204,1.0,0.6,0.2,0.0,0.2,0.14479353037563603,0.14479353037563603,1.0,0.3714318442445202,0.096624182851089,0.2615883434210549,0.27035562948333575,0.15583429748040456,0.15583429748040456,1.0,0.4857159221222601,0.1483120914255445,0.13079417171052746,0.23517781474166788,0.0,0.0,1.0,0.4578493243079131,0.12996010739345504,0.28662846919093204,0.1255620991076998
174,0.28662846919093204,0.0,0.24447779349884513,85,12,0.0,0,0,170,0.4578493243079131,0.6,0.12996010739345504,0.2,0.28662846919093204,0.0,0.1255620991076998,0.2,0.28662846919093204,0.28662846919093204,1.0,0.6,0.2,0.0,0.2,0.14479353037563603,0.14479353037563603,1.0,0.3714318442445202,0.096624182851089,0.2615883434210549,0.27035562948333575,0.15583429748040456,0.15583429748040456,1.0,0.4857159221222601,0.1483120914255445,0.13079417171052746,0.23517781474166788,0.0,0.0,1.0,0.4578493243079131,0.12996010739345504,0.28662846919093204,0.1255620991076998
175,0.28662846919093204,0.0,0.24447779349884513,88,12,0.0,0,0,170,0.4578493243079131,0.6,0.12996010739345504,0.2,0.28662846919093204,0.0,0.1255620991076998,0.2,0.28662846919093204,0.28662846919093204,1.0,0.6,0.2,0.0,0.2,0.14479353037563603,0.14479353037563603,1.0,0.3714318442445202,0.096624182851089,0.2615883434210549,0.27035562948333575,0.15583429748040456,0.15583429748040456,1.0,0.4857159221222601,0.1483120914255445,0.13079417171052746,0.23517781474166788,0.0,0.0,1.0,0.4578493243079131,0.12996010739345504,0.28662846919093204,0.1255620991076998
176,0.28662846919093204,0.0,0.24447779349884513,83,12,0.0,0,0,170,0.4578493243079131,0.6,0.12996010739345504,0.2,0.28662846919093204,0.0,0.1255620991076998,0.2,0.28662846919093204,0.28662846919093204,1.0,0.6,0.2,0.0,0.2,0.14479353037563603,0.14479353037563603,1.0,0.3714318442445202,0.096624182851089,0.2615883434210549,0.27035562948333575,0.15583429748040456,0.15583429748040456,1.0,0.4857159221222601,0.1483120914255445,0.13079417171052746,0.23517781474166788,0.0,0.0,1.0,0.4578493243079131,0.12996010739345504,0.28662846919093204,0.1255620991076998
177,0.28662846919093204,0.0,0.24447779349884513,106,12,0.0,0,0,170,0.4578493243079131,0.6,0.12996010739345504,0.2,0.28662846919093204,0.0,0.1255620991076998,0.2,0.28662846919093204,0.28662846919093204,1.0,0.6,0.2,0.0,0.2,0.14479353037563603,0.14479353037563603,1.0,0.3714318442445202,0.096624182851089,0.2615883434210549,0.27035562948333575,0.15583429748040456,0.15583429748040456,1.0,0.4857159221222601,0.1483120914255445,0.13079417171052746,0.23517781474166788,0.0,0.0,1.0,0.4578493243079131,0.12996010739345504,0.28662846919093204,0.1255620991076998
178,0.28662846919093204,0.0,0.24447779349884513,87,12,0.0,0,0,170,0.4578493243079131,0.6,0.12996010739345504,0.2,0.28662846919093204,0.0,0.1255620991076998,0.2,0.28662846919093204,0.28662846919093204,1.0,0.6,0.2,0.0,0.2,0.14479353037563603,0.14479353037563603,1.0,0.3714318442445202,0.096624182851089,0.2615883434210549,0.27035562948333575,0.15583429748040456,0.15583429748040456,1.0,0.4857159221222601,0.1483120914255445,0.13079417171052746,0.23517781474166788,0.0,0.0,1.0,0.4578493243079131,0.12996010739345504,0.28662846919093204,0.1255620991076998
179,0.28662846919093204,0.0,0.24447779349884513,86,12,0.0,0,0,170,0.4578493243079131,0.6,0.12996010739345504,0.2,0.28662846919093204,0.0,0.1255620991076998,0.2,0.28662846919093204,0.28662846919093204,1.0,0.6,0.2,0.0,0.2,0.14479353037563603,0.14479353037563603,1.0,0.3714318442445202,0.096624182851089,0.2615883434210549,0.27035562948333575,0.15583429748040456,0.15583429748040456,1.0,0.4857159221222601,0.1483120914255445,0.13079417171052746,0.23517781474166788,0.0,0.0,1.0,0.4578493243079131,0.12996010739345504,0.28662846919093204,0.1255620991076998
180,0.28662846919093204,0.0,0.24447779349884513,81,12,0.0,0,1,180,0.4578493243079131,0.6,0.12996010739345504,0.2,0.28662846919093204,0.0,0.1255620991076998,0.2,0.28662846919093204,0.28662846919093204,1.0,0.6,0.2,0.0,0.2,0.16901746711418125,0.16901746711418125,1.0,0.36355432153762024,0.11728849870184842,0.22457761353865024,0.2945795662218811,0.17433966242160692,0.17433966242160692,1.0,0.4817771607688101,0.15864424935092422,0.11228880676932512,0.24728978311094055,0.0,0.0,1.0,0.4578493243079131,0.12996010739345504,0.28662846919093204,0.1255620991076998
181,0.28662846919093204,0.0,0.24447779349884513,76,12,0.0,0,0,180,0.4578493243079131,0.6,0.12996010739345504,0.2,0.28662846919093204,0.0,0.1255620991076998,0.2,0.28662846919093204,0.28662846919093204,1.0,0.6,0.2,0.0,0.2,0.16901746711418125,0.16901746711418125,1.0,0.36355432153762024,0.11728849870184842,0.22457761353865024,0.2945795662218811,0.17433966242160692,0.17433966242160692,1.0,0.4817771607688101,0.15864424935092422,0.11228880676932512,0.24728978311094055,0.0,0.0,1.0,0.4578493243079131,0.12996010739345504,0.28662846919093204,0.1255620991076998
182,0.28662846919093204,0.0,0.24447779349884513,93,12,0.0,0,0,180,0.4578493243079131,0.6,0.12996010739345504,0.2,0.28662846919093204,0.0,0.1255620991076998,0.2,0.28662846919093204,0.28662846919093204,1.0,0.6,0.2,0.0,0.2,0.16901746711418125,0.16901746711418125,1.0,0.36355432153762024,0.11728849870184842,0.22457761353865024,0.2945795662218811,0.17433966242160692,0.17433966242160692,1.0,0.4817771607688101,0.15864424935092422,0.11228880676932512,0.24728978311094055,0.0,0.0,1.0,0.4578493243079131,0.12996010739345504,0.28662846919093204,0.1255620991076998
183,0.28662846919093204,0.0,0.24447779349884513,99,12,0.0,0,0,180,0.4578493243079131,0.6,0.12996010739345504,0.2,0.28662846919093204,0.0,0.1255620991076998,0.2,0.28662846919093204,0.28662846919093204,1.0,0.6,0.2,0.0,0.2,0.16901746711418125,0.16901746711418125,1.0,0.36355432153762024,0.11728849870184842,0.22457761353865024,0.2945795662218811,0.17433966242160692,0.17433966242160692,1.0,0.4817771607688101,0.15864424935092422,0.11228880676932512,0.24728978311094055,0.0,0.0,1.0,0.4578493243079131,0.12996010739345504,0.28662846919093204,0.1255620991076998
184,0.28662846919093204,0.0,0.24447779349884513,88,12,0.0,0,0,180,0.4578493243079131,0.6,0.12996010739345504,0.2,0.28662846919093204,0.0,0.1255620991076998,0.2,0.28662846919093204,0.28662846919093204,1.0,0.6,0.2,0.0,0.2,0.16901746711418125,0.16901746711418125,1.0,0.36355432153762024,0.11728849870184842,0.22457761353865024,0.2945795662218811,0.17433966242160692,0.17433966242160692,1.0,0.4817771607688101,0.15864424935092422,0.11228880676932512,0.24728978311094055,0.0,0.0,1.0,0.4578493243079131,0.12996010739345504,0.28662846919093204,0.1255620991076998
185,0.28662846919093204,0.0,0.24447779349884513,88,12,0.0,0,0,180,0.4578493243079131,0.6,0.12996010739345504,0.2,0.28662846919093204,0.0,0.1255620991076998,0.2,0.28662846919093204,0.28662846919093204,1.0,0.6,0.2,0.0,0.2,0.16901746711418125,0.16901746711418125,1.0,0.36355432153762024,0.11728849870184842,0.22457761353865024,0.2945795662218811,0.17433966242160692,0.17433966242160692,1.0,0.4817771607688101,0.15864424935092422,0.11228880676932512,0.24728978311094055,0.0,0.0,1.0,0.4578493243079131,0.12996010739345504,0.28662846919093204,0.1255620991076998
186,0.28662846919093204,0.0,0.24447779349884513,105,12,0.0,0,0,180,0.4578493243079131,0.6,0.12996010739345504,0.2,0.28662846919093204,0.0,0.1255620991076998,0.2,0.28662846919093204,0.28662846919093204,1.0,0.6,0.2,0.0,0.2,0.16901746711418125,0.16901746711418125,1.0,0.36355432153762024,0.11728849870184842,0.22457761353865024,0.2945795662218811,0.17433966242160692,0.17433966242160692,1.0,0.4817771607688101,0.15864424935092422,0.11228880676932512,0.24728978311094055,0.0,0.0,1.0,0.4578493243079131,0.12996010739345504,0.28662846919093204,0.1255620991076998
187,0.28662846919093204,0.0,0.24447779349884513,71,12,0.0,0,0,180,0.4578493243079131,0.6,0.12996010739345504,0.2,0.28662846919093204,0.0,0.1255620991076998,0.2,0.28662846919093204,0.28662846919093204,1.0,0.6,0.2,0.0,0.2,0.16901746711418125,0.16901746711418125,1.0,0.36355432153762024,0.11728849870184842,0.22457761353865024,0.2945795662218811,0.17433966242160692,0.17433966242160692,1.0,0.4817771607688101,0.15864424935092422,0.11228880676932512,0.24728978311094055,0.0,0.0,1.0,0.4578493243079131,0.12996010739345504,0.28662846919093204,0.1255620991076998
188,0.28662846919093204,0.0,0.24447779349884513,88,12,0.0,0,0,180,0.4578493243079131,0.6,0.12996010739345504,0.2,0.28662846919093204,0.0,0.1255620991076998,0.2,0.28662846919093204,0.28662846919093204,1.0,0.6,0.2,0.0,0.2,0.16901746711418125,0.16901746711418125,1.0,0.36355432153762024,0.11728849870184842,0.22457761353865024,0.2945795662218811,0.17433966242160692,0.17433966242160692,1.0,0.4817771607688101,0.15864424935092422,0.11228880676932512,0.24728978311094055,0.0,0.0,1.0,0.4578493243079131,0.12996010739345504,0.28662846919093204,0.1255620991076998
189,0.28662846919093204,0.0,0.24447779349884513,91,12,0.0,0,0,180,0.4578493243079131,0.6,0.12996010739345504,0.2,0.28662846919093204,0.0,0.1255620991076998,0.2,0.28662846919093204,0.28662846919093204,1.0,0.6,0.2,0.0,0.2,0.16901746711418125,0.16901746711418125,1.0,0.36355432153762024,0.11728849870184842,0.22457761353865024,0.2945795662218811,0.17433966242160692,0.17433966242160692,1.0,0.4817771607688101,0.15864424935092422,0.11228880676932512,0.24728978311094055,0.0,0.0,1.0,0.4578493243079131,0.12996010739345504,0.28662846919093204,0.1255620991076998
190,0.28662846919093204,0.0,0.24447779349884513,82,12,0.0,0,1,190,0.4578493243079131,0.6,0.12996010739345504,0.2,0.28662846919093204,0.0,0.1255620991076998,0.2,0.28662846919093204,0.28662846919093204,1.0,0.6,0.2,0.0,0.2,0.20908336207656858,0.20908336207656858,1.0,0.35808568875065533,0.12280041454322109,0.18446843552185524,0.3346454611842684,0.19439425143000444,0.19439425143000444,1.0,0.4790428443753276,0.16140020727161056,0.09223421776092762,0.2673227305921342,0.0,0.0,1.0,0.4578493243079131,0.12996010739345504,0.28662846919093204,0.1255620991076998
191,0.28662846919093204,0.0,0.24447779349884513,96,9,0.0,0,0,190,0.4578493243079131,0.6,0.12996010739345504,0.2,0.28662846919093204,0.0,0.1255620991076998,0.2,0.28662846919093204,0.28662846919093204,1.0,0.6,0.2,0.0,0.2,0.20908336207656858,0.20908336207656858,1.0,0.35808568875065533,0.12280041454322109,0.18446843552185524,0.3346454611842684,0.19439425143000444,0.19439425143000444,1.0,0.4790428443753276,0.16140020727161056,0.09223421776092762,0.2673227305921342,0.0,0.0,1.0,0.4578493243079131,0.12996010739345504,0.28662846919093204,0.1255620991076998
192,0.28662846919093204,0.0,0.24447779349884513,90,9,0.0,0,0,190,0.4578493243079131,0.6,0.12996010739345504,0.2,0.28662846919093204,0.0,0.1255620991076998,0.2,0.28662846919093204,0.28662846919093204,1.0,0.6,0.2,0.0,0.2,0.20908336207656858,0.20908336207656858,1.0,0.35808568875065533,0.12280041454322109,0.18446843552185524,0.3346454611842684,0.19439425143000444,0.19439425143000444,1.0,0.4790428443753276,0.16140020727161056,0.09223421776092762,0.2673227305921342,0.0,0.0,1.0,0.4578493243079131,0.12996010739345504,0.28662846919093204,0.1255620991076998
193,0.28662846919093204,0.0,0.24447779349884513,91,9,0.0,0,0,190,0.4578493243079131,0.6,0.12996010739345504,0.2,0.28662846919093204,0.0,0.1255620991076998,0.2,0.28662846919093204,0.28662846919093204,1.0,0.6,0.2,0.0,0.2,0.20908336207656858,0.20908336207656858,1.0,0.35808568875065533,0.12280041454322109,0.18446843552185524,0.3346454611842684,0.19439425143000444,0.19439425143000444,1.0,0.4790428443753276,0.16140020727161056,0.09223421776092762,0.2673227305921342,0.0,0.0,1.0,0.4578493243079131,0.12996010739345504,0.28662846919093204,0.1255620991076998
194,0.28662846919093204,0.0,0.24447779349884513,98,9,0.0,0,0,190,0.4578493243079131,0.6,0.12996010739345504,0.2,0.28662846919093204,0.0,0.1255620991076998,0.2,0.28662846919093204,0.28662846919093204,1.0,0.6,0.2,0.0,0.2,0.20908336207656858,0.20908336207656858,1.0,0.35808568875065533,0.12280041454322109,0.18446843552185524,0.3346454611842684,0.19439425143000444,0.19439425143000444,1.0,0.4790428443753276,0.16140020727161056,0.09223421776092762,0.2673227305921342,0.0,0.0,1.0,0.4578493243079131,0.12996010739345504,0.28662846919093204,0.1255620991076998
195,0.28662846919093204,0.0,0.24447779349884513,75,9,0.0,0,0,190,0.4578493243079131,0.6,0.12996010739345504,0.2,0.28662846919093204,0.0,0.1255620991076998,0.2,0.28662846919093204,0.28662846919093204,1.0,0.6,0.2,0.0,0.2,0.20908336207656858,0.20908336207656858,1.0,0.35808568875065533,0.12280041454322109,0.18446843552185524,0.3346454611842684,0.19439425143000444,0.19439425143000444,1.0,0.4790428443753276,0.16140020727161056,0.09223421776092762,0.2673227305921342,0.0,0.0,1.0,0.4578493243079131,0.12996010739345504,0.28662846919093204,0.1255620991076998
196,0.28662846919093204,0.0,0.24447779349884513,101,9,0.0,0,0,190,0.4578493243079131,0.6,0.12996010739345504,0.2,0.28662846919093204,0.0,0.1255620991076998,0.2,0.28662846919093204,0.28662846919093204,1.0,0.6,0.2,0.0,0.2,0.20908336207656858,0.20908336207656858,1.0,0.35808568875065533,0.12280041454322109,0.18446843552185524,0.3346454611842684,0.19439425143000444,0.19439425143000444,1.0,0.4790428443753276,0.16140020727161056,0.09223421776092762,0.2673227305921342,0.0,0.0,1.0,0.4578493243079131,0.12996010739345504,0.28662846919093204,0.1255620991076998
197,0.28662846919093204,0.0,0.24447779349884513,90,9,0.0,0,0,190,0.4578493243079131,0.6,0.12996010739345504,0.2,0.28662846919093204,0.0,0.1255620991076998,0.2,0.28662846919093204,0.28662846919093204,1.0,0.6,0.2,0.0,0.2,0.20908336207656858,0.20908336207656858,1.0,0.35808568875065533,0.12280041454322109,0.18446843552185524,0.3346454611842684,0.19439425143000444,0.19439425143000444,1.0,0.4790428443753276,0.16140020727161056,0.09223421776092762,0.2673227305921342,0.0,0.0,1.0,0.4578493243079131,0.12996010739345504,0.28662846919093204,0.1255620991076998
198,0.28662846919093204,0.0,0.24447779349884513,94,9,0.0,0,0,190,0.4578493243079131,0.6,0.12996010739345504,0.2,0.28662846919093204,0.0,0.1255620991076998,0.2,0.28662846919093204,0.28662846919093204,1.0,0.6,0.2,0.0,0.2,0.20908336207656858,0.20908336207656858,1.0,0.35808568875065533,0.12280041454322109,0.18446843552185524,0.3346454611842684,0.19439425143000444,0.19439425143000444,1.0,0.4790428443753276,0.16140020727161056,0.09223421776092762,0.2673227305921342,0.0,0.0,1.0,0.4578493243079131,0.12996010739345504,0.28662846919093204,0.1255620991076998
199,0.28662846919093204,0.0,0.24447779349884513,86,9,0.0,0,0,190,0.4578493243079131,0.6,0.12996010739345504,0.2,0.28662846919093204,0.0,0.1255620991076998,0.2,0.28662846919093204,0.28662846919093204,1.0,0.6,0.2,0.0,0.2,0.20908336207656858,0.20908336207656858,1.0,0.35808568875065533,0.12280041454322109,0.18446843552185524,0.3346454611842684,0.19439425143000444,0.19439425143000444,1.0,0.4790428443753276,0.16140020727161056,0.09223421776092762,0.2673227305921342,0.0,0.0,1.0,0.4578493243079131,0.12996010739345504,0.28662846919093204,0.1255620991076998
200,0.18780943170136816,0.0,0.24447779349884513,94,5,0.0,0,1,200,0.4578493243079131,0.4,0.12996010739345504,0.0,0.28662846919093204,0.4,0.1255620991076998,0.2,0.266628469190932,0.266628469190932,1.0,0.59,0.19,0.02,0.2,0.14888916029550264,0.14888916029550264,1.0,0.40939849580406945,0.11655610934789529,0.19959413544483282,0.2744512594032025,0.17683140146851564,0.17683140146851564,1.0,0.4996992479020347,0.15327805467394764,0.1097970677224164,0.23722562970160124,0.0,0.0,1.0,0.4578493243079131,0.12996010739345504,0.28662846919093204,0.1255620991076998
201,0.24114276503470145,0.0,0.24447779349884513,85,8,0.0,0,0,200,0.4578493243079131,0.3283333333333333,0.12996010739345504,0.018333333333333333,0.28662846919093204,0.4533333333333333,0.1255620991076998,0.2,0.266628469190932,0.266628469190932,1.0,0.59,0.19,0.02,0.2,0.14888916029550264,0.14888916029550264,1.0,0.40939849580406945,0.11655610934789529,0.19959413544483282,0.2744512594032025,0.17683140146851564,0.17683140146851564,1.0,0.4996992479020347,0.15327805467394764,0.1097970677224164,0.23722562970160124,0.0,0.0,1.0,0.4578493243079131,0.12996010739345504,0.28662846919093204,0.1255620991076998
202,0.18780943170136816,0.0,0.24447779349884513,80,11,0.0,0,0,200,0.4578493243079131,0.4,0.12996010739345504,0.0,0.28662846919093204,0.4,0.1255620991076998,0.2,0.266628469190932,0.266628469190932,1.0,0.59,0.19,0.02,0.2,0.14888916029550264,0.14888916029550264,1.0,0.40939849580406945,0.11655610934789529,0.19959413544483282,0.2744512594032025,0.17683140146851564,0.17683140146851564,1.0,0.4996992479020347,0.15327805467394764,0.1097970677224164,0.23722562970160124,0.0,0.0,1.0,0.4578493243079131,0.12996010739345504,0.28662846919093204,0.1255620991076998
203,0.18780943170136816,0.0,0.24447779349884513,82,11,0.0,0,0,200,0.4578493243079131,0.4,0.12996010739345504,0.0,0.28662846919093204,0.4,0.1255620991076998,0.2,0.266628469190932,0.266628469190932,1.0,0.59,0.19,0.02,0.2,0.14888916029550264,0.14888916029550264,1.0,0.40939849580406945,0.11655610934789529,0.19959413544483282,0.2744512594032025,0.17683140146851564,0.17683140146851564,1.0,0.4996992479020347,0.15327805467394764,0.1097970677224164,0.23722562970160124,0.0,0.0,1.0,0.4578493243079131,0.12996010739345504,0.28662846919093204,0.1255620991076998
204,0.18780943170136816,0.0,0.24447779349884513,92,11,0.0,0,0,200,0.4578493243079131,0.4,0.12996010739345504,0.0,0.28662846919093204,0.4,0.1255620991076998,0.2,0.266628469190932,0.266628469190932,1.0,0.59,0.19,0.02,0.2,0.14888916029550264,0.14888916029550264,1.0,0.40939849580406945,0.11655610934789529,0.19959413544483282,0.2744512594032025,0.17683140146851564,0.17683140146851564,1.0,0.4996992479020347,0.15327805467394764,0.1097970677224164,0.23722562970160124,0.0,0.0,1.0,0.4578493243079131,0.12996010739345504,0.28662846919093204,0.1255620991076998
205,0.18780943170136816,0.0,0.24447779349884513,83,11,0.0,0,0,200,0.4578493243079131,0.4,0.12996010739345504,0.0,0.28662846919093204,0.4,0.1255620991076998,0.2,0.266628469190932,0.266628469190932,1.0,0.59,0.19,0.02,0.2,0.14888916029550264,0.14888916029550264,1.0,0.40939849580406945,0.11655610934789529,0.19959413544483282,0.2744512594032025,0.17683140146851564,0.17683140146851564,1.0,0.4996992479020347,0.15327805467394764,0.1097970677224164,0.23722562970160124,0.0,0.0,1.0,0.4578493243079131,0.12996010739345504,0.28662846919093204,0.1255620991076998
206,0.18780943170136816,0.0,0.24447779349884513,79,11,0.0,0,0,200,0.4578493243079131,0.4,0.12996010739345504,0.0,0.28662846919093204,0.4,0.1255620991076998,0.2,0.266628469190932,0.266628469190932,1.0,0.59,0.19,0.02,0.2,0.14888916029550264,0.14888916029550264,1.0,0.40939849580406945,0.11655610934789529,0.19959413544483282,0.2744512594032025,0.17683140146851564,0.17683140146851564,1.0,0.4996992479020347,0.15327805467394764,0.1097970677224164,0.23722562970160124,0.0,0.0,1.0,0.4578493243079131,0.12996010739345504,0.28662846919093204,0.1255620991076998
207,0.18780943170136816,0.0,0.24447779349884513,83,11,0.0,0,0,200,0.4578493243079131,0.4,0.12996010739345504,0.0,0.28662846919093204,0.4,0.1255620991076998,0.2,0.266628469190932,0.266628469190932,1.0,0.59,0.19,0.02,0.2,0.14888916029550264,0.14888916029550264,1.0,0.40939849580406945,0.11655610934789529,0.19959413544483282,0.2744512594032025,0.17683140146851564,0.17683140146851564,1.0,0.4996992479020347,0.15327805467394764,0.1097970677224164,0.23722562970160124,0.0,0.0,1.0,0.4578493243079131,0.12996010739345504,0.28662846919093204,0.1255620991076998
208,0.18780943170136816,0.0,0.24447779349884513,67,11,0.0,0,0,200,0.4578493243079131,0.4,0.12996010739345504,0.0,0.28662846919093204,0.4,0.1255620991076998,0.2,0.266628469190932,0.266628469190932,1.0,0.59,0.19,0.02,0.2,0.14888916029550264,0.14888916029550264,1.0,0.40939849580406945,0.11655610934789529,0.19959413544483282,0.2744512594032025,0.17683140146851564,0.17683140146851564,1.0,0.4996992479020347,0.15327805467394764,0.1097970677224164,0.23722562970160124,0.0,0.0,1.0,0.4578493243079131,0.12996010739345504,0.28662846919093204,0.1255620991076998
209,0.18780943170136816,0.0,0.24447779349884513,80,11,0.0,0,0,200,0.4578493243079131,0.4,0.12996010739345504,0.0,0.28662846919093204,0.4,0.1255620991076998,0.2,0.266628469190932,0.266628469190932,1.0,0.59,0.19,0.02,0.2,0.14888916029550264,0.14888916029550264,1.0,0.40939849580406945,0.11655610934789529,0.19959413544483282,0.2744512594032025,0.17683140146851564,0.17683140146851564,1.0,0.4996992479020347,0.15327805467394764,0.1097970677224164,0.23722562970160124,0.0,0.0,1.0,0.4578493243079131,0.12996010739345504,0.28662846919093204,0.1255620991076998
210,0.18780943170136816,0.0,0.24447779349884513,72,11,0.0,0,1,210,0.4578493243079131,0.4,0.12996010739345504,0.0,0.28662846919093204,0.4,0.1255620991076998,0.2,0.10300524325105376,0.10300524325105376,1.0,0.48641666666666666,0.09091666666666667,0.22266666666666668,0.2,0.16041140232980772,0.16041140232980772,1.0,0.3500190966344738,0.15892104431786608,0.2340472945345636,0.25701256451309645,0.10294418314884843,0.10294418314884843,1.0,0.4182178816505702,0.12491885549226638,0.22835698060061516,0.22850628225654823,0.0,0.0,1.0,0.4578493243079131,0.12996010739345504,0.28662846919093204,0.1255620991076998
211,0.18780943170136816,0.0,0.24447779349884513,61,11,0.0,0,0,210,0.4578493243079131,0.4,0.12996010739345504,0.0,0.28662846919093204,0.4,0.1255620991076998,0.2,0.10300524325105376,0.10300524325105376,1.0,0.48641666666666666,0.09091666666666667,0.22266666666666668,0.2,0.16041140232980772,0.16041140232980772,1.0,0.3500190966344738,0.15892104431786608,0.2340472945345636,0.25701256451309645,0.10294418314884843,0.10294418314884843,1.0,0.4182178816505702,0.12491885549226638,0.22835698060061516,0.22850628225654823,0.0,0.0,1.0,0.4578493243079131,0.12996010739345504,0.28662846919093204,0.1255620991076998
212,0.18780943170136816,0.0,0.24447779349884513,81,11,0.0,0,0,210,0.4578493243079131,0.4,0.12996010739345504,0.0,0.28662846919093204,0.4,0.1255620991076998,0.2,0.10300524325105376,0.10300524325105376,1.0,0.48641666666666666,0.09091666666666667,0.22266666666666668,0.2,0.16041140232980772,0.16041140232980772,1.0,0.3500190966344738,0.15892104431786608,0.2340472945345636,0.25701256451309645,0.10294418314884843,0.10294418314884843,1.0,0.4182178816505702,0.12491885549226638,0.22835698060061516,0.22850628225654823,0.0,0.0,1.0,0.4578493243079131,0.12996010739345504,0.28662846919093204,0.1255620991076998
213,0.18780943170136816,0.0,0.24447779349884513,88,11,0.0,0,0,210,0.4578493243079131,0.4,0.12996010739345504,0.0,0.28662846919093204,0.4,0.1255620991076998,0.2,0.10300524325105376,0.10300524325105376,1.0,0.48641666666666666,0.09091666666666667,0.22266666666666668,0.2,0.16041140232980772,0.16041140232980772,1.0,0.3500190966344738,0.15892104431786608,0.2340472945345636,0.25701256451309645,0.10294418314884843,0.10294418314884843,1.0,0.4182178816505702,0.12491885549226638,0.22835698060061516,0.22850628225654823,0.0,0.0,1.0,0.4578493243079131,0.12996010739345504,0.28662846919093204,0.1255620991076998
214,0.18780943170136816,0.0,0.24447779349884513,88,11,0.0,0,0,210,0.4578493243079131,0.4,0.12996010739345504,0.0,0.28662846919093204,0.4,0.1255620991076998,0.2,0.10300524325105376,0.10300524325105376,1.0,0.48641666666666666,0.09091666666666667,0.22266666666666668,0.2,0.16041140232980772,0.16041140232980772,1.0,0.3500190966344738,0.15892104431786608,0.2340472945345636,0.25701256451309645,0.10294418314884843,0.10294418314884843,1.0,0.4182178816505702,0.12491885549226638,0.22835698060061516,0.22850628225654823,0.0,0.0,1.0,0.4578493243079131,0.12996010739345504,0.28662846919093204,0.1255620991076998
215,0.18780943170136816,0.0,0.24447779349884513,80,11,0.0,0,0,210,0.4578493243079131,0.4,0.12996010739345504,0.0,0.28662846919093204,0.4,0.1255620991076998,0.2,0.10300524325105376,0.10300524325105376,1.0,0.48641666666666666,0.09091666666666667,0.22266666666666668,0.2,0.16041140232980772,0.16041140232980772,1.0,0.3500190966344738,0.15892104431786608,0.2340472945345636,0.25701256451309645,0.10294418314884843,0.10294418314884843,1.0,0.4182178816505702,0.12491885549226638,0.22835698060061516,0.22850628225654823,0.0,0.0,1.0,0.4578493243079131,0.12996010739345504,0.28662846919093204,0.1255620991076998
216,0.18780943170136816,0.0,0.24447779349884513,96,11,0.0,0,0,210,0.4578493243079131,0.4,0.12996010739345504,0.0,0.28662846919093204,0.4,0.1255620991076998,0.2,0.10300524325105376,0.10300524325105376,1.0,0.48641666666666666,0.09091666666666667,0.22266666666666668,0.2,0.16041140232980772,0.16041140232980772,1.0,0.3500190966344738,0.15892104431786608,0.2340472945345636,0.25701256451309645,0.10294418314884843,0.10294418314884843,1.0,0.4182178816505702,0.12491885549226638,0.22835698060061516,0.22850628225654823,0.0,0.0,1.0,0.4578493243079131,0.12996010739345504,0.28662846919093204,0.1255620991076998
217,0.18780943170136816,0.0,0.24447779349884513,83,11,0.0,0,0,210,0.4578493243079131,0.4,0.12996010739345504,0.0,0.28662846919093204,0.4,0.1255620991076998,0.2,0.10300524325105376,0.10300524325105376,1.0,0.48641666666666666,0.09091666666666667,0.22266666666666668,0.2,0.16041140232980772,0.16041140232980772,1.0,0.3500190966344738,0.15892104431786608,0.2340472945345636,0.25701256451309645,0.10294418314884843,0.10294418314884843,1.0,0.4182178816505702,0.12491885549226638,0.22835698060061516,0.22850628225654823,0.0,0.0,1.0,0.4578493243079131,0.12996010739345504,0.28662846919093204,0.1255620991076998
218,0.18780943170136816,0.0,0.24447779349884513,84,11,0.0,0,0,210,0.4578493243079131,0.4,0.12996010739345504,0.0,0.28662846919093204,0.4,0.1255620991076998,0.2,0.10300524325105376,0.10300524325105376,1.0,0.48641666666666666,0.09091666666666667,0.22266666666666668,0.2,0.16041140232980772,0.16041140232980772,1.0,0.3500190966344738,0.15892104431786608,0.2340472945345636,0.25701256451309645,0.10294418314884843,0.10294418314884843,1.0,0.4182178816505702,0.12491885549226638,0.22835698060061516,0.22850628225654823,0.0,0.0,1.0,0.4578493243079131,0.12996010739345504,0.28662846919093204,0.1255620991076998
219,0.18780943170136816,0.0,0.24447779349884513,80,11,0.0,0,0,210,0.4578493243079131,0.4,0.12996010739345504,0.0,0.28662846919093204,0.4,0.1255620991076998,0.2,0.10300524325105376,0.10300524325105376,1.0,0.48641666666666666,0.09091666666666667,0.22266666666666668,0.2,0.16041140232980772,0.16041140232980772,1.0,0.3500190966344738,0.15892104431786608,0.2340472945345636,0.25701256451309645,0.10294418314884843,0.10294418314884843,1.0,0.4182178816505702,0.12491885549226638,0.22835698060061516,0.22850628225654823,0.0,0.0,1.0,0.4578493243079131,0.12996010739345504,0.28662846919093204,0.1255620991076998
220,0.18780943170136816,0.0,0.24447779349884513,85,11,0.0,0,1,220,0.4578493243079131,0.4,0.12996010739345504,0.0,0.28662846919093204,0.4,0.1255620991076998,0.2,0.1904760983680348,0.1904760983680348,0.0,0.39641666666666664,0.0009166666666666666,0.4026666666666667,0.2,0.1924331524859239,0.1924331524859239,1.0,0.3665251331178308,0.1427973760205775,0.1855195078950904,0.30515798296650126,0.13448151046549733,0.13448151046549733,1.0,0.3814708998922487,0.07185702134362208,0.2940930872808785,0.25257899148325064,0.0,0.0,1.0,0.4578493243079131,0.12996010739345504,0.28662846919093204,0.1255620991076998
221,0.18780943170136816,0.0,0.24447779349884513,91,11,0.0,0,0,220,0.4578493243079131,0.4,0.12996010739345504,0.0,0.28662846919093204,0.4,0.1255620991076998,0.2,0.1904760983680348,0.1904760983680348,0.0,0.39641666666666664,0.0009166666666666666,0.4026666666666667,0.2,0.1924331524859239,0.1924331524859239,1.0,0.3665251331178308,0.1427973760205775,0.1855195078950904,0.30515798296650126,0.13448151046549733,0.13448151046549733,1.0,0.3814708998922487,0.07185702134362208,0.2940930872808785,0.25257899148325064,0.0,0.0,1.0,0.4578493243079131,0.12996010739345504,0.28662846919093204,0.1255620991076998
222,0.18780943170136816,0.0,0.24447779349884513,70,11,0.0,0,0,220,0.4578493243079131,0.4,0.12996010739345504,0.0,0.28662846919093204,0.4,0.1255620991076998,0.2,0.1904760983680348,0.1904760983680348,0.0,0.39641666666666664,0.0009166666666666666,0.4026666666666667,0.2,0.1924331524859239,0.1924331524859239,1.0,0.3665251331178308,0.1427973760205775,0.1855195078950904,0.30515798296650126,0.13448151046549733,0.13448151046549733,1.0,0.3814708998922487,0.07185702134362208,0.2940930872808785,0.25257899148325064,0.0,0.0,1.0,0.4578493243079131,0.12996010739345504,0.28662846919093204,0.1255620991076998
223,0.18780943170136816,0.0,0.24447779349884513,63,11,0.0,0,0,220,0.4578493243079131,0.4,0.12996010739345504,0.0,0.28662846919093204,0.4,0.1255620991076998,0.2,0.1904760983680348,0.1904760983680348,0.0,0.39641666666666664,0.0009166666666666666,0.4026666666666667,0.2,0.1924331524859239,0.1924331524859239,1.0,0.3665251331178308,0.1427973760205775,0.1855195078950904,0.30515798296650126,0.13448151046549733,0.13448151046549733,1.0,0.3814708998922487,0.07185702134362208,0.2940930872808785,0.25257899148325064,0.0,0.0,1.0,0.4578493243079131,0.12996010739345504,0.28662846919093204,0.1255620991076998
224,0.18780943170136816,0.0,0.24447779349884513,76,11,0.0,0,0,220,0.4578493243079131,0.4,0.12996010739345504,0.0,0.28662846919093204,0.4,0.1255620991076998,0.2,0.1904760983680348,0.1904760983680348,0.0,0.39641666666666664,0.0009166666666666666,0.4026666666666667,0.2,0.1924331524859239,0.1924331524859239,1.0,0.3665251331178308,0.1427973760205775,0.1855195078950904,0.30515798296650126,0.13448151046549733,0.13448151046549733,1.0,0.3814708998922487,0.07185702134362208,0.2940930872808785,0.25257899148325064,0.0,0.0,1.0,0.4578493243079131,0.12996010739345504,0.28662846919093204,0.1255620991076998
225,0.18780943170136816,0.0,0.24447779349884513,86,11,0.0,0,0,220,0.4578493243079131,0.4,0.12996010739345504,0.0,0.28662846919093204,0.4,0.1255620991076998,0.2,0.1904760983680348,0.1904760983680348,0.0,0.39641666666666664,0.0009166666666666666,0.4026666666666667,0.2,0.1924331524859239,0.1924331524859239,1.0,0.3665251331178308,0.1427973760205775,0.1855195078950904,0.30515798296650126,0.13448151046549733,0.13448151046549733,1.0,0.3814708998922487,0.07185702134362208,0.2940930872808785,0.25257899148325064,0.0,0.0,1.0,0.4578493243079131,0.12996010739345504,0.28662846919093204,0.1255620991076998
226,0.18780943170136816,0.0,0.24447779349884513,69,11,0.0,0,0,220,0.4578493243079131,0.4,0.12996010739345504,0.0,0.28662846919093204,0.4,0.1255620991076998,0.2,0.1904760983680348,0.1904760983680348,0.0,0.39641666666666664,0.0009166666666666666,0.4026666666666667,0.2,0.1924331524859239,0.1924331524859239,1.0,0.3665251331178308,0.1427973760205775,0.1855195078950904,0.30515798296650126,0.13448151046549733,0.13448151046549733,1.0,0.3814708998922487,0.07185702134362208,0.2940930872808785,0.25257899148325064,0.0,0.0,1.0,0.4578493243079131,0.12996010739345504,0.28662846919093204,0.1255620991076998
227,0.18780943170136816,0.0,0.24447779349884513,86,11,0.0,0,0,220,0.4578493243079131,0.4,0.12996010739345504,0.0,0.28662846919093204,0.4,0.1255620991076998,0.2,0.1904760983680348,0.1904760983680348,0.0,0.39641666666666664,0.0009166666666666666,0.4026666666666667,0.2,0.1924331524859239,0.1924331524859239,1.0,0.3665251331178308,0.1427973760205775,0.1855195078950904,0.30515798296650126,0.13448151046549733,0.13448151046549733,1.0,0.3814708998922487,0.07185702134362208,0.2940930872808785,0.25257899148325064,0.0,0.0,1.0,0.4578493243079131,0.12996010739345504,0.28662846919093204,0.1255620991076998
228,0.18780943170136816,0.0,0.24447779349884513,84,11,0.0,0,0,220,0.4578493243079131,0.4,0.12996010739345504,0.0,0.28662846919093204,0.4,0.1255620991076998,0.2,0.1904760983680348,0.1904760983680348,0.0,0.39641666666666664,0.0009166666666666666,0.4026666666666667,0.2,0.1924331524859239,0.1924331524859239,1.0,0.3665251331178308,0.1427973760205775,0.1855195078950904,0.30515798296650126,0.13448151046549733,0.13448151046549733,1.0,0.3814708998922487,0.07185702134362208,0.2940930872808785,0.25257899148325064,0.0,0.0,1.0,0.4578493243079131,0.12996010739345504,0.28662846919093204,0.1255620991076998
229,0.18780943170136816,0.0,0.24447779349884513,73,11,0.0,0,0,220,0.4578493243079131,0.4,0.12996010739345504,0.0,0.28662846919093204,0.4,0.1255620991076998,0.2,0.1904760983680348,0.1904760983680348,0.0,0.39641666666666664,0.0009166666666666666,0.4026666666666667,0.2,0.1924331524859239,0.1924331524859239,1.0,0.3665251331178308,0.1427973760205775,0.1855195078950904,0.30515798296650126,0.13448151046549733,0.13448151046549733,1.0,0.3814708998922487,0.07185702134362208,0.2940930872808785,0.25257899148325064,0.0,0.0,1.0,0.4578493243079131,0.12996010739345504,0.28662846919093204,0.1255620991076998
230,0.18780943170136816,0.0,0.24447779349884513,82,11,0.0,0,1,230,0.4578493243079131,0.4,0.12996010739345504,0.0,0.28662846919093204,0.4,0.1255620991076998,0.2,0.18780943170136816,0.18780943170136816,0.5,0.4,0.0,0.4,0.2,0.13197296603967973,0.13197296603967973,1.0,0.3865706374642483,0.08878100181826364,0.26711329557010854,0.2575350651473796,0.15013361206011222,0.15013361206011222,1.0,0.39328531873212413,0.04439050090913182,0.3335566477850543,0.2287675325736898,0.0,0.0,1.0,0.4578493243079131,0.12996010739345504,0.28662846919093204,0.1255620991076998
231,0.18780943170136816,0.0,0.24447779349884513,96,11,0.0,0,0,230,0.4578493243079131,0.4,0.12996010739345504,0.0,0.28662846919093204,0.4,0.1255620991076998,0.2,0.18780943170136816,0.18780943170136816,0.5,0.4,0.0,0.4,0.2,0.13197296603967973,0.13197296603967973,1.0,0.3865706374642483,0.08878100181826364,0.26711329557010854,0.2575350651473796,0.15013361206011222,0.15013361206011222,1.0,0.39328531873212413,0.04439050090913182,0.3335566477850543,0.2287675325736898,0.0,0.0,1.0,0.4578493243079131,0.12996010739345504,0.28662846919093204,0.1255620991076998
232,0.18780943170136816,0.0,0.24447779349884513,88,11,0.0,0,0,230,0.4578493243079131,0.4,0.12996010739345504,0.0,0.28662846919093204,0.4,0.1255620991076998,0.2,0.18780943170136816,0.18780943170136816,0.5,0.4,0.0,0.4,0.2,0.13197296603967973,0.13197296603967973,1.0,0.3865706374642483,0.08878100181826364,0.26711329557010854,0.2575350651473796,0.15013361206011222,0.15013361206011222,1.0,0.39328531873212413,0.04439050090913182,0.3335566477850543,0.2287675325736898,0.0,0.0,1.0,0.4578493243079131,0.12996010739345504,0.28662846919093204,0.1255620991076998
233,0.18780943170136816,0.0,0.24447779349884513,88,11,0.0,0,0,230,0.4578493243079131,0.4,0.12996010739345504,0.0,0.28662846919093204,0.4,0.1255620991076998,0.2,0.18780943170136816,0.18780943170136816,0.5,0.4,0.0,0.4,0.2,0.13197296603967973,0.13197296603967973,1.0,0.3865706374642483,0.08878100181826364,0.26711329557010854,0.2575350651473796,0.15013361206011222,0.15013361206011222,1.0,0.39328531873212413,0.04439050090913182,0.3335566477850543,0.2287675325736898,0.0,0.0,1.0,0.4578493243079131,0.12996010739345504,0.28662846919093204,0.1255620991076998
234,0.18780943170136816,0.0,0.24447779349884513,80,11,0.0,0,0,230,0.4578493243079131,0.4,0.12996010739345504,0.0,0.28662846919093204,0.4,0.1255620991076998,0.2,0.18780943170136816,0.18780943170136816,0.5,0.4,0.0,0.4,0.2,0.13197296603967973,0.13197296603967973,1.0,0.3865706374642483,0.08878100181826364,0.26711329557010854,0.2575350651473796,0.15013361206011222,0.15013361206011222,1.0,0.39328531873212413,0.04439050090913182,0.3335566477850543,0.2287675325736898,0.0,0.0,1.0,0.4578493243079131,0.12996010739345504,0.28662846919093204,0.1255620991076998
235,0.18780943170136816,0.0,0.24447779349884513,62,11,0.0,0,0,230,0.4578493243079131,0.4,0.12996010739345504,0.0,0.28662846919093204,0.4,0.1255620991076998,0.2,0.18780943170136816,0.18780943170136816,0.5,0.4,0.0,0.4,0.2,0.13197296603967973,0.13197296603967973,1.0,0.3865706374642483,0.08878100181826364,0.26711329557010854,0.2575350651473796,0.15013361206011222,0.15013361206011222,1.0,0.39328531873212413,0.04439050090913182,0.3335566477850543,0.2287675325736898,0.0,0.0,1.0,0.4578493243079131,0.12996010739345504,0.28662846919093204,0.1255620991076998
236,0.18780943170136816,0.0,0.24447779349884513,85,11,0.0,0,0,230,0.4578493243079131,0.4,0.12996010739345504,0.0,0.28662846919093204,0.4,0.1255620991076998,0.2,0.18780943170136816,0.18780943170136816,0.5,0.4,0.0,0.4,0.2,0.13197296603967973,0.13197296603967973,1.0,0.3865706374642483,0.08878100181826364,0.26711329557010854,0.2575350651473796,0.15013361206011222,0.15013361206011222,1.0,0.39328531873212413,0.04439050090913182,0.3335566477850543,0.2287675325736898,0.0,0.0,1.0,0.4578493243079131,0.12996010739345504,0.28662846919093204,0.1255620991076998
237,0.18780943170136816,0.0,0.24447779349884513,69,11,0.0,0,0,230,0.4578493243079131,0.4,0.12996010739345504,0.0,0.28662846919093204,0.4,0.1255620991076998,0.2,0.18780943170136816,0.18780943170136816,0.5,0.4,0.0,0.4,0.2,0.13197296603967973,0.13197296603967973,1.0,0.3865706374642483,0.08878100181826364,0.26711329557010854,0.2575350651473796,0.15013361206011222,0.15013361206011222,1.0,0.39328531873212413,0.04439050090913182,0.3335566477850543,0.2287675325736898,0.0,0.0,1.0,0.4578493243079131,0.12996010739345504,0.28662846919093204,0.1255620991076998
238,0.18780943170136816,0.0,0.24447779349884513,68,11,0.0,0,0,230,0.4578493243079131,0.4,0.12996010739345504,0.0,0.28662846919093204,0.4,0.1255620991076998,0.2,0.18780943170136816,0.18780943170136816,0.5,0.4,0.0,0.4,0.2,0.13197296603967973,0.13197296603967973,1.0,0.3865706374642483,0.08878100181826364,0.26711329557010854,0.2575350651473796,0.15013361206011222,0.15013361206011222,1.0,0.39328531873212413,0.04439050090913182,0.3335566477850543,0.2287675325736898,0.0,0.0,1.0,0.4578493243079131,0.12996010739345504,0.28662846919093204,0.1255620991076998
239,0.18780943170136816,0.0,0.24447779349884513,70,11,0.0,0,0,230,0.4578493243079131,0.4,0.12996010739345504,0.0,0.28662846919093204,0.4,0.1255620991076998,0.2,0.18780943170136816,0.18780943170136816,0.5,0.4,0.0,0.4,0.2,0.13197296603967973,0.13197296603967973,1.0,0.3865706374642483,0.08878100181826364,0.26711329557010854,0.2575350651473796,0.15013361206011222,0.15013361206011222,1.0,0.39328531873212413,0.04439050090913182,0.3335566477850543,0.2287675325736898,0.0,0.0,1.0,0.4578493243079131,0.12996010739345504,0.28662846919093204,0.1255620991076998
