step,attention_error,preference_change,uniform_prior_error,interactions,pool_size,official_exposure_share,official_arrivals,observation_updated,last_observed_at,truth_0,attention_0,truth_1,attention_1,truth_2,attention_2,truth_3,attention_3,error_platform,initial_error_platform,top_accuracy_platform,estimate_platform_0,estimate_platform_1,estimate_platform_2,estimate_platform_3,error_survey,initial_error_survey,top_accuracy_survey,estimate_survey_0,estimate_survey_1,estimate_survey_2,estimate_survey_3,error_fused,initial_error_fused,top_accuracy_fused,estimate_fused_0,estimate_fused_1,estimate_fused_2,estimate_fused_3,error_oracle,initial_error_oracle,top_accuracy_oracle,estimate_oracle_0,estimate_oracle_1,estimate_oracle_2,estimate_oracle_3
0,0.04367318644232544,0.0,0.18424888056067512,91,28,0.0,0,1,0,0.32299348022434127,0.36666666666666664,0.32258046170509397,0.2916666666666667,0.28867493863123994,0.2833333333333333,0.06575111943932495,0.058333333333333334,0.04367318644232544,0.04367318644232544,1.0,0.36666666666666664,0.2916666666666667,0.2833333333333333,0.058333333333333334,0.2508002025471602,0.2508002025471602,0.0,0.13865667056442058,0.37440027815048743,0.2222115457440004,0.2647315055410916,0.10623431070137068,0.10623431070137068,0.0,0.2526616686155436,0.33303347240857706,0.25277243953866685,0.16153241943721247,0.0,0.0,1.0,0.32299348022434127,0.32258046170509397,0.28867493863123994,0.06575111943932495
1,0.1910927247372315,0.0,0.18424888056067512,95,31,0.0,0,0,0,0.32299348022434127,0.41333333333333333,0.32258046170509397,0.42333333333333334,0.28867493863123994,0.13833333333333334,0.06575111943932495,0.025,0.04367318644232544,0.04367318644232544,1.0,0.36666666666666664,0.2916666666666667,0.2833333333333333,0.058333333333333334,0.2508002025471602,0.2508002025471602,0.0,0.13865667056442058,0.37440027815048743,0.2222115457440004,0.2647315055410916,0.10623431070137068,0.10623431070137068,0.0,0.2526616686155436,0.33303347240857706,0.25277243953866685,0.16153241943721247,0.0,0.0,1.0,0.32299348022434127,0.32258046170509397,0.28867493863123994,0.06575111943932495
2,0.17942605807056483,0.0,0.18424888056067512,104,31,0.0,0,0,0,0.32299348022434127,0.385,0.32258046170509397,0.44,0.28867493863123994,0.15166666666666667,0.06575111943932495,0.023333333333333334,0.04367318644232544,0.04367318644232544,1.0,0.36666666666666664,0.2916666666666667,0.2833333333333333,0.058333333333333334,0.2508002025471602,0.2508002025471602,0.0,0.13865667056442058,0.37440027815048743,0.2222115457440004,0.2647315055410916,0.10623431070137068,0.10623431070137068,0.0,0.2526616686155436,0.33303347240857706,0.25277243953866685,0.16153241943721247,0.0,0.0,1.0,0.32299348022434127,0.32258046170509397,0.28867493863123994,0.06575111943932495
3,0.19275939140389814,0.0,0.18424888056067512,107,31,0.0,0,0,0,0.32299348022434127,0.38,0.32258046170509397,0.4583333333333333,0.28867493863123994,0.14166666666666666,0.06575111943932495,0.02,0.04367318644232544,0.04367318644232544,1.0,0.36666666666666664,0.2916666666666667,0.2833333333333333,0.058333333333333334,0.2508002025471602,0.2508002025471602,0.0,0.13865667056442058,0.37440027815048743,0.2222115457440004,0.2647315055410916,0.10623431070137068,0.10623431070137068,0.0,0.2526616686155436,0.33303347240857706,0.25277243953866685,0.16153241943721247,0.0,0.0,1.0,0.32299348022434127,0.32258046170509397,0.28867493863123994,0.06575111943932495
4,0.1877593914038982,0.0,0.18424888056067512,125,31,0.0,0,0,0,0.32299348022434127,0.37333333333333335,0.32258046170509397,0.46,0.28867493863123994,0.14666666666666667,0.06575111943932495,0.02,0.04367318644232544,0.04367318644232544,1.0,0.36666666666666664,0.2916666666666667,0.2833333333333333,0.058333333333333334,0.2508002025471602,0.2508002025471602,0.0,0.13865667056442058,0.37440027815048743,0.2222115457440004,0.2647315055410916,0.10623431070137068,0.10623431070137068,0.0,0.2526616686155436,0.33303347240857706,0.25277243953866685,0.16153241943721247,0.0,0.0,1.0,0.32299348022434127,0.32258046170509397,0.28867493863123994,0.06575111943932495
5,0.18275939140389819,0.0,0.18424888056067512,95,31,0.0,0,0,0,0.32299348022434127,0.37833333333333335,0.32258046170509397,0.45,0.28867493863123994,0.15166666666666667,0.06575111943932495,0.02,0.04367318644232544,0.04367318644232544,1.0,0.36666666666666664,0.2916666666666667,0.2833333333333333,0.058333333333333334,0.2508002025471602,0.2508002025471602,0.0,0.13865667056442058,0.37440027815048743,0.2222115457440004,0.2647315055410916,0.10623431070137068,0.10623431070137068,0.0,0.2526616686155436,0.33303347240857706,0.25277243953866685,0.16153241943721247,0.0,0.0,1.0,0.32299348022434127,0.32258046170509397,0.28867493863123994,0.06575111943932495
6,0.17442605807056483,0.0,0.18424888056067512,98,31,0.0,0,0,0,0.32299348022434127,0.36666666666666664,0.32258046170509397,0.4533333333333333,0.28867493863123994,0.16,0.06575111943932495,0.02,0.04367318644232544,0.04367318644232544,1.0,0.36666666666666664,0.2916666666666667,0.2833333333333333,0.058333333333333334,0.2508002025471602,0.2508002025471602,0.0,0.13865667056442058,0.37440027815048743,0.2222115457440004,0.2647315055410916,0.10623431070137068,0.10623431070137068,0.0,0.2526616686155436,0.33303347240857706,0.25277243953866685,0.16153241943721247,0.0,0.0,1.0,0.32299348022434127,0.32258046170509397,0.28867493863123994,0.06575111943932495
7,0.17942605807056483,0.0,0.18424888056067512,108,31,0.0,0,0,0,0.32299348022434127,0.37333333333333335,0.32258046170509397,0.45166666666666666,0.28867493863123994,0.155,0.06575111943932495,0.02,0.04367318644232544,0.04367318644232544,1.0,0.36666666666666664,0.2916666666666667,0.2833333333333333,0.058333333333333334,0.2508002025471602,0.2508002025471602,0.0,0.13865667056442058,0.37440027815048743,0.2222115457440004,0.2647315055410916,0.10623431070137068,0.10623431070137068,0.0,0.2526616686155436,0.33303347240857706,0.25277243953866685,0.16153241943721247,0.0,0.0,1.0,0.32299348022434127,0.32258046170509397,0.28867493863123994,0.06575111943932495
8,0.17442605807056483,0.0,0.18424888056067512,112,31,0.0,0,0,0,0.32299348022434127,0.38,0.32258046170509397,0.44,0.28867493863123994,0.16,0.06575111943932495,0.02,0.04367318644232544,0.04367318644232544,1.0,0.36666666666666664,0.2916666666666667,0.2833333333333333,0.058333333333333334,0.2508002025471602,0.2508002025471602,0.0,0.13865667056442058,0.37440027815048743,0.2222115457440004,0.2647315055410916,0.10623431070137068,0.10623431070137068,0.0,0.2526616686155436,0.33303347240857706,0.25277243953866685,0.16153241943721247,0.0,0.0,1.0,0.32299348022434127,0.32258046170509397,0.28867493863123994,0.06575111943932495
9,0.16775939140389817,0.0,0.18424888056067512,101,31,0.0,0,0,0,0.32299348022434127,0.38166666666666665,0.32258046170509397,0.43166666666666664,0.28867493863123994,0.16666666666666666,0.06575111943932495,0.02,0.04367318644232544,0.04367318644232544,1.0,0.36666666666666664,0.2916666666666667,0.2833333333333333,0.058333333333333334,0.2508002025471602,0.2508002025471602,0.0,0.13865667056442058,0.37440027815048743,0.2222115457440004,0.2647315055410916,0.10623431070137068,0.10623431070137068,0.0,0.2526616686155436,0.33303347240857706,0.25277243953866685,0.16153241943721247,0.0,0.0,1.0,0.32299348022434127,0.32258046170509397,0.28867493863123994,0.06575111943932495
10,0.16942605807056482,0.0,0.18424888056067512,119,31,0.0,0,1,10,0.32299348022434127,0.38166666666666665,0.32258046170509397,0.43333333333333335,0.28867493863123994,0.165,0.06575111943932495,0.02,0.16472908837359512,0.16472908837359512,0.0,0.38,0.4303030303030303,0.16545454545454547,0.024242424242424242,0.19394266820832004,0.19394266820832004,0.0,0.21559862338728755,0.3821297674421332,0.2021271272599736,0.20014448191060574,0.13007827080467788,0.13007827080467788,0.0,0.29779931169364376,0.40621639887258176,0.1837908363572595,0.11219345307651499,0.0,0.0,1.0,0.32299348022434127,0.32258046170509397,0.28867493863123994,0.06575111943932495
11,0.16775939140389817,0.0,0.18424888056067512,105,31,0.0,0,0,10,0.32299348022434127,0.38,0.32258046170509397,0.43333333333333335,0.28867493863123994,0.16666666666666666,0.06575111943932495,0.02,0.16472908837359512,0.16472908837359512,0.0,0.38,0.4303030303030303,0.16545454545454547,0.024242424242424242,0.19394266820832004,0.19394266820832004,0.0,0.21559862338728755,0.3821297674421332,0.2021271272599736,0.20014448191060574,0.13007827080467788,0.13007827080467788,0.0,0.29779931169364376,0.40621639887258176,0.1837908363572595,0.11219345307651499,0.0,0.0,1.0,0.32299348022434127,0.32258046170509397,0.28867493863123994,0.06575111943932495
12,0.16775939140389817,0.0,0.18424888056067512,118,31,0.0,0,0,10,0.32299348022434127,0.385,0.32258046170509397,0.42833333333333334,0.28867493863123994,0.16666666666666666,0.06575111943932495,0.02,0.16472908837359512,0.16472908837359512,0.0,0.38,0.4303030303030303,0.16545454545454547,0.024242424242424242,0.19394266820832004,0.19394266820832004,0.0,0.21559862338728755,0.3821297674421332,0.2021271272599736,0.20014448191060574,0.13007827080467788,0.13007827080467788,0.0,0.29779931169364376,0.40621639887258176,0.1837908363572595,0.11219345307651499,0.0,0.0,1.0,0.32299348022434127,0.32258046170509397,0.28867493863123994,0.06575111943932495
13,0.1594260580705648,0.0,0.18424888056067512,116,31,0.0,0,0,10,0.32299348022434127,0.38,0.32258046170509397,0.425,0.28867493863123994,0.175,0.06575111943932495,0.02,0.16472908837359512,0.16472908837359512,0.0,0.38,0.4303030303030303,0.16545454545454547,0.024242424242424242,0.19394266820832004,0.19394266820832004,0.0,0.21559862338728755,0.3821297674421332,0.2021271272599736,0.20014448191060574,0.13007827080467788,0.13007827080467788,0.0,0.29779931169364376,0.40621639887258176,0.1837908363572595,0.11219345307651499,0.0,0.0,1.0,0.32299348022434127,0.32258046170509397,0.28867493863123994,0.06575111943932495
14,0.15775939140389816,0.0,0.18424888056067512,106,31,0.0,0,0,10,0.32299348022434127,0.38,0.32258046170509397,0.42333333333333334,0.28867493863123994,0.17666666666666667,0.06575111943932495,0.02,0.16472908837359512,0.16472908837359512,0.0,0.38,0.4303030303030303,0.16545454545454547,0.024242424242424242,0.19394266820832004,0.19394266820832004,0.0,0.21559862338728755,0.3821297674421332,0.2021271272599736,0.20014448191060574,0.13007827080467788,0.13007827080467788,0.0,0.29779931169364376,0.40621639887258176,0.1837908363572595,0.11219345307651499,0.0,0.0,1.0,0.32299348022434127,0.32258046170509397,0.28867493863123994,0.06575111943932495
15,0.15609272473723151,0.0,0.18424888056067512,112,31,0.0,0,0,10,0.32299348022434127,0.37833333333333335,0.32258046170509397,0.42333333333333334,0.28867493863123994,0.17833333333333334,0.06575111943932495,0.02,0.16472908837359512,0.16472908837359512,0.0,0.38,0.4303030303030303,0.16545454545454547,0.024242424242424242,0.19394266820832004,0.19394266820832004,0.0,0.21559862338728755,0.3821297674421332,0.2021271272599736,0.20014448191060574,0.13007827080467788,0.13007827080467788,0.0,0.29779931169364376,0.40621639887258176,0.1837908363572595,0.11219345307651499,0.0,0.0,1.0,0.32299348022434127,0.32258046170509397,0.28867493863123994,0.06575111943932495
16,0.15275939140389816,0.0,0.18424888056067512,113,31,0.0,0,0,10,0.32299348022434127,0.38333333333333336,0.32258046170509397,0.415,0.28867493863123994,0.18166666666666667,0.06575111943932495,0.02,0.16472908837359512,0.16472908837359512,0.0,0.38,0.4303030303030303,0.16545454545454547,0.024242424242424242,0.19394266820832004,0.19394266820832004,0.0,0.21559862338728755,0.3821297674421332,0.2021271272599736,0.20014448191060574,0.13007827080467788,0.13007827080467788,0.0,0.29779931169364376,0.40621639887258176,0.1837908363572595,0.11219345307651499,0.0,0.0,1.0,0.32299348022434127,0.32258046170509397,0.28867493863123994,0.06575111943932495
17,0.15275939140389816,0.0,0.18424888056067512,116,31,0.0,0,0,10,0.32299348022434127,0.37833333333333335,0.32258046170509397,0.42,0.28867493863123994,0.18166666666666667,0.06575111943932495,0.02,0.16472908837359512,0.16472908837359512,0.0,0.38,0.4303030303030303,0.16545454545454547,0.024242424242424242,0.19394266820832004,0.19394266820832004,0.0,0.21559862338728755,0.3821297674421332,0.2021271272599736,0.20014448191060574,0.13007827080467788,0.13007827080467788,0.0,0.29779931169364376,0.40621639887258176,0.1837908363572595,0.11219345307651499,0.0,0.0,1.0,0.32299348022434127,0.32258046170509397,0.28867493863123994,0.06575111943932495
18,0.15275939140389816,0.0,0.18424888056067512,119,31,0.0,0,0,10,0.32299348022434127,0.37333333333333335,0.32258046170509397,0.425,0.28867493863123994,0.18166666666666667,0.06575111943932495,0.02,0.16472908837359512,0.16472908837359512,0.0,0.38,0.4303030303030303,0.16545454545454547,0.024242424242424242,0.19394266820832004,0.19394266820832004,0.0,0.21559862338728755,0.3821297674421332,0.2021271272599736,0.20014448191060574,0.13007827080467788,0.13007827080467788,0.0,0.29779931169364376,0.40621639887258176,0.1837908363572595,0.11219345307651499,0.0,0.0,1.0,0.32299348022434127,0.32258046170509397,0.28867493863123994,0.06575111943932495
19,0.1510927247372315,0.0,0.18424888056067512,122,31,0.0,0,0,10,0.32299348022434127,0.37666666666666665,0.32258046170509397,0.42,0.28867493863123994,0.18333333333333332,0.06575111943932495,0.02,0.16472908837359512,0.16472908837359512,0.0,0.38,0.4303030303030303,0.16545454545454547,0.024242424242424242,0.19394266820832004,0.19394266820832004,0.0,0.21559862338728755,0.3821297674421332,0.2021271272599736,0.20014448191060574,0.13007827080467788,0.13007827080467788,0.0,0.29779931169364376,0.40621639887258176,0.1837908363572595,0.11219345307651499,0.0,0.0,1.0,0.32299348022434127,0.32258046170509397,0.28867493863123994,0.06575111943932495
20,0.14942605807056486,0.0,0.18424888056067512,117,31,0.0,0,1,20,0.32299348022434127,0.37833333333333335,0.32258046170509397,0.4166666666666667,0.28867493863123994,0.185,0.06575111943932495,0.02,0.16834272473723152,0.16834272473723152,0.0,0.38033333333333336,0.4335833333333333,0.16566666666666666,0.020416666666666666,0.1566599900580785,0.1566599900580785,1.0,0.3149298271587036,0.2554142309525621,0.20724483239133096,0.22241110949740348,0.10221918910224112,0.10221918910224112,1.0,0.3476315802460185,0.3444987821429477,0.1864557495289988,0.12141388808203507,0.0,0.0,1.0,0.32299348022434127,0.32258046170509397,0.28867493863123994,0.06575111943932495
21,0.14609272473723148,0.0,0.18424888056067512,102,31,0.0,0,0,20,0.32299348022434127,0.37666666666666665,0.32258046170509397,0.415,0.28867493863123994,0.18833333333333332,0.06575111943932495,0.02,0.16834272473723152,0.16834272473723152,0.0,0.38033333333333336,0.4335833333333333,0.16566666666666666,0.020416666666666666,0.1566599900580785,0.1566599900580785,1.0,0.3149298271587036,0.2554142309525621,0.20724483239133096,0.22241110949740348,0.10221918910224112,0.10221918910224112,1.0,0.3476315802460185,0.3444987821429477,0.1864557495289988,0.12141388808203507,0.0,0.0,1.0,0.32299348022434127,0.32258046170509397,0.28867493863123994,0.06575111943932495
22,0.14775939140389815,0.0,0.18424888056067512,124,31,0.0,0,0,20,0.32299348022434127,0.38,0.32258046170509397,0.41333333333333333,0.28867493863123994,0.18666666666666668,0.06575111943932495,0.02,0.16834272473723152,0.16834272473723152,0.0,0.38033333333333336,0.4335833333333333,0.16566666666666666,0.020416666666666666,0.1566599900580785,0.1566599900580785,1.0,0.3149298271587036,0.2554142309525621,0.20724483239133096,0.22241110949740348,0.10221918910224112,0.10221918910224112,1.0,0.3476315802460185,0.3444987821429477,0.1864557495289988,0.12141388808203507,0.0,0.0,1.0,0.32299348022434127,0.32258046170509397,0.28867493863123994,0.06575111943932495
23,0.1460927247372315,0.0,0.18424888056067512,128,31,0.0,0,0,20,0.32299348022434127,0.37833333333333335,0.32258046170509397,0.41333333333333333,0.28867493863123994,0.18833333333333332,0.06575111943932495,0.02,0.16834272473723152,0.16834272473723152,0.0,0.38033333333333336,0.4335833333333333,0.16566666666666666,0.020416666666666666,0.1566599900580785,0.1566599900580785,1.0,0.3149298271587036,0.2554142309525621,0.20724483239133096,0.22241110949740348,0.10221918910224112,0.10221918910224112,1.0,0.3476315802460185,0.3444987821429477,0.1864557495289988,0.12141388808203507,0.0,0.0,1.0,0.32299348022434127,0.32258046170509397,0.28867493863123994,0.06575111943932495
24,0.14442605807056486,0.0,0.18424888056067512,93,31,0.0,0,0,20,0.32299348022434127,0.37833333333333335,0.32258046170509397,0.4116666666666667,0.28867493863123994,0.19,0.06575111943932495,0.02,0.16834272473723152,0.16834272473723152,0.0,0.38033333333333336,0.4335833333333333,0.16566666666666666,0.020416666666666666,0.1566599900580785,0.1566599900580785,1.0,0.3149298271587036,0.2554142309525621,0.20724483239133096,0.22241110949740348,0.10221918910224112,0.10221918910224112,1.0,0.3476315802460185,0.3444987821429477,0.1864557495289988,0.12141388808203507,0.0,0.0,1.0,0.32299348022434127,0.32258046170509397,0.28867493863123994,0.06575111943932495
25,0.1444260580705648,0.0,0.18424888056067512,96,31,0.0,0,0,20,0.32299348022434127,0.375,0.32258046170509397,0.415,0.28867493863123994,0.19,0.06575111943932495,0.02,0.16834272473723152,0.16834272473723152,0.0,0.38033333333333336,0.4335833333333333,0.16566666666666666,0.020416666666666666,0.1566599900580785,0.1566599900580785,1.0,0.3149298271587036,0.2554142309525621,0.20724483239133096,0.22241110949740348,0.10221918910224112,0.10221918910224112,1.0,0.3476315802460185,0.3444987821429477,0.1864557495289988,0.12141388808203507,0.0,0.0,1.0,0.32299348022434127,0.32258046170509397,0.28867493863123994,0.06575111943932495
26,0.1444260580705648,0.0,0.18424888056067512,120,31,0.0,0,0,20,0.32299348022434127,0.37666666666666665,0.32258046170509397,0.41333333333333333,0.28867493863123994,0.19,0.06575111943932495,0.02,0.16834272473723152,0.16834272473723152,0.0,0.38033333333333336,0.4335833333333333,0.16566666666666666,0.020416666666666666,0.1566599900580785,0.1566599900580785,1.0,0.3149298271587036,0.2554142309525621,0.20724483239133096,0.22241110949740348,0.10221918910224112,0.10221918910224112,1.0,0.3476315802460185,0.3444987821429477,0.1864557495289988,0.12141388808203507,0.0,0.0,1.0,0.32299348022434127,0.32258046170509397,0.28867493863123994,0.06575111943932495
27,0.14109272473723147,0.0,0.18424888056067512,99,31,0.0,0,0,20,0.32299348022434127,0.37666666666666665,0.32258046170509397,0.41,0.28867493863123994,0.19333333333333333,0.06575111943932495,0.02,0.16834272473723152,0.16834272473723152,0.0,0.38033333333333336,0.4335833333333333,0.16566666666666666,0.020416666666666666,0.1566599900580785,0.1566599900580785,1.0,0.3149298271587036,0.2554142309525621,0.20724483239133096,0.22241110949740348,0.10221918910224112,0.10221918910224112,1.0,0.3476315802460185,0.3444987821429477,0.1864557495289988,0.12141388808203507,0.0,0.0,1.0,0.32299348022434127,0.32258046170509397,0.28867493863123994,0.06575111943932495
28,0.1410927247372315,0.0,0.18424888056067512,109,31,0.0,0,0,20,0.32299348022434127,0.38,0.32258046170509397,0.4066666666666667,0.28867493863123994,0.19333333333333333,0.06575111943932495,0.02,0.16834272473723152,0.16834272473723152,0.0,0.38033333333333336,0.4335833333333333,0.16566666666666666,0.020416666666666666,0.1566599900580785,0.1566599900580785,1.0,0.3149298271587036,0.2554142309525621,0.20724483239133096,0.22241110949740348,0.10221918910224112,0.10221918910224112,1.0,0.3476315802460185,0.3444987821429477,0.1864557495289988,0.12141388808203507,0.0,0.0,1.0,0.32299348022434127,0.32258046170509397,0.28867493863123994,0.06575111943932495
29,0.1444260580705648,0.0,0.18424888056067512,102,31,0.0,0,0,20,0.32299348022434127,0.38,0.32258046170509397,0.41,0.28867493863123994,0.19,0.06575111943932495,0.02,0.16834272473723152,0.16834272473723152,0.0,0.38033333333333336,0.4335833333333333,0.16566666666666666,0.020416666666666666,0.1566599900580785,0.1566599900580785,1.0,0.3149298271587036,0.2554142309525621,0.20724483239133096,0.22241110949740348,0.10221918910224112,0.10221918910224112,1.0,0.3476315802460185,0.3444987821429477,0.1864557495289988,0.12141388808203507,0.0,0.0,1.0,0.32299348022434127,0.32258046170509397,0.28867493863123994,0.06575111943932495
30,0.1410927247372315,0.0,0.18424888056067512,119,31,0.0,0,1,30,0.32299348022434127,0.38,0.32258046170509397,0.4066666666666667,0.28867493863123994,0.19333333333333333,0.06575111943932495,0.02,0.1504260580705648,0.1504260580705648,0.0,0.37875,0.41725,0.184,0.02,0.20283520761070134,0.20283520761070134,0.0,0.24566334037276938,0.276222327875992,0.20952800470121238,0.26858632705002616,0.10269774631859024,0.10269774631859024,0.0,0.3122066701863847,0.346736163937996,0.1967640023506062,0.1442931635250131,0.0,0.0,1.0,0.32299348022434127,0.32258046170509397,0.28867493863123994,0.06575111943932495
31,0.13775939140389815,0.0,0.18424888056067512,118,31,0.0,0,0,30,0.32299348022434127,0.38166666666666665,0.32258046170509397,0.40166666666666667,0.28867493863123994,0.19666666666666666,0.06575111943932495,0.02,0.1504260580705648,0.1504260580705648,0.0,0.37875,0.41725,0.184,0.02,0.20283520761070134,0.20283520761070134,0.0,0.24566334037276938,0.276222327875992,0.20952800470121238,0.26858632705002616,0.10269774631859024,0.10269774631859024,0.0,0.3122066701863847,0.346736163937996,0.1967640023506062,0.1442931635250131,0.0,0.0,1.0,0.32299348022434127,0.32258046170509397,0.28867493863123994,0.06575111943932495
32,0.1360927247372315,0.0,0.18424888056067512,128,31,0.0,0,0,30,0.32299348022434127,0.385,0.32258046170509397,0.39666666666666667,0.28867493863123994,0.19833333333333333,0.06575111943932495,0.02,0.1504260580705648,0.1504260580705648,0.0,0.37875,0.41725,0.184,0.02,0.20283520761070134,0.20283520761070134,0.0,0.24566334037276938,0.276222327875992,0.20952800470121238,0.26858632705002616,0.10269774631859024,0.10269774631859024,0.0,0.3122066701863847,0.346736163937996,0.1967640023506062,0.1442931635250131,0.0,0.0,1.0,0.32299348022434127,0.32258046170509397,0.28867493863123994,0.06575111943932495
33,0.13442605807056485,0.0,0.18424888056067512,114,31,0.0,0,0,30,0.32299348022434127,0.385,0.32258046170509397,0.395,0.28867493863123994,0.2,0.06575111943932495,0.02,0.1504260580705648,0.1504260580705648,0.0,0.37875,0.41725,0.184,0.02,0.20283520761070134,0.20283520761070134,0.0,0.24566334037276938,0.276222327875992,0.20952800470121238,0.26858632705002616,0.10269774631859024,0.10269774631859024,0.0,0.3122066701863847,0.346736163937996,0.1967640023506062,0.1442931635250131,0.0,0.0,1.0,0.32299348022434127,0.32258046170509397,0.28867493863123994,0.06575111943932495
34,0.13275939140389814,0.0,0.18424888056067512,106,31,0.0,0,0,30,0.32299348022434127,0.38666666666666666,0.32258046170509397,0.39166666666666666,0.28867493863123994,0.20166666666666666,0.06575111943932495,0.02,0.1504260580705648,0.1504260580705648,0.0,0.37875,0.41725,0.184,0.02,0.20283520761070134,0.20283520761070134,0.0,0.24566334037276938,0.276222327875992,0.20952800470121238,0.26858632705002616,0.10269774631859024,0.10269774631859024,0.0,0.3122066701863847,0.346736163937996,0.1967640023506062,0.1442931635250131,0.0,0.0,1.0,0.32299348022434127,0.32258046170509397,0.28867493863123994,0.06575111943932495
35,0.1310927247372315,0.0,0.18424888056067512,123,31,0.0,0,0,30,0.32299348022434127,0.39,0.32258046170509397,0.38666666666666666,0.28867493863123994,0.20333333333333334,0.06575111943932495,0.02,0.1504260580705648,0.1504260580705648,0.0,0.37875,0.41725,0.184,0.02,0.20283520761070134,0.20283520761070134,0.0,0.24566334037276938,0.276222327875992,0.20952800470121238,0.26858632705002616,0.10269774631859024,0.10269774631859024,0.0,0.3122066701863847,0.346736163937996,0.1967640023506062,0.1442931635250131,0.0,0.0,1.0,0.32299348022434127,0.32258046170509397,0.28867493863123994,0.06575111943932495
36,0.12942605807056484,0.0,0.18424888056067512,106,31,0.0,0,0,30,0.32299348022434127,0.385,0.32258046170509397,0.39,0.28867493863123994,0.205,0.06575111943932495,0.02,0.1504260580705648,0.1504260580705648,0.0,0.37875,0.41725,0.184,0.02,0.20283520761070134,0.20283520761070134,0.0,0.24566334037276938,0.276222327875992,0.20952800470121238,0.26858632705002616,0.10269774631859024,0.10269774631859024,0.0,0.3122066701863847,0.346736163937996,0.1967640023506062,0.1442931635250131,0.0,0.0,1.0,0.32299348022434127,0.32258046170509397,0.28867493863123994,0.06575111943932495
37,0.1327593914038982,0.0,0.18424888056067512,117,31,0.0,0,0,30,0.32299348022434127,0.38333333333333336,0.32258046170509397,0.395,0.28867493863123994,0.20166666666666666,0.06575111943932495,0.02,0.1504260580705648,0.1504260580705648,0.0,0.37875,0.41725,0.184,0.02,0.20283520761070134,0.20283520761070134,0.0,0.24566334037276938,0.276222327875992,0.20952800470121238,0.26858632705002616,0.10269774631859024,0.10269774631859024,0.0,0.3122066701863847,0.346736163937996,0.1967640023506062,0.1442931635250131,0.0,0.0,1.0,0.32299348022434127,0.32258046170509397,0.28867493863123994,0.06575111943932495
38,0.1310927247372315,0.0,0.18424888056067512,130,31,0.0,0,0,30,0.32299348022434127,0.385,0.32258046170509397,0.39166666666666666,0.28867493863123994,0.20333333333333334,0.06575111943932495,0.02,0.1504260580705648,0.1504260580705648,0.0,0.37875,0.41725,0.184,0.02,0.20283520761070134,0.20283520761070134,0.0,0.24566334037276938,0.276222327875992,0.20952800470121238,0.26858632705002616,0.10269774631859024,0.10269774631859024,0.0,0.3122066701863847,0.346736163937996,0.1967640023506062,0.1442931635250131,0.0,0.0,1.0,0.32299348022434127,0.32258046170509397,0.28867493863123994,0.06575111943932495
39,0.1310927247372315,0.0,0.18424888056067512,122,31,0.0,0,0,30,0.32299348022434127,0.38333333333333336,0.32258046170509397,0.3933333333333333,0.28867493863123994,0.20333333333333334,0.06575111943932495,0.02,0.1504260580705648,0.1504260580705648,0.0,0.37875,0.41725,0.184,0.02,0.20283520761070134,0.20283520761070134,0.0,0.24566334037276938,0.276222327875992,0.20952800470121238,0.26858632705002616,0.10269774631859024,0.10269774631859024,0.0,0.3122066701863847,0.346736163937996,0.1967640023506062,0.1442931635250131,0.0,0.0,1.0,0.32299348022434127,0.32258046170509397,0.28867493863123994,0.06575111943932495
40,0.1310927247372315,0.0,0.18424888056067512,117,31,0.0,0,1,40,0.32299348022434127,0.38333333333333336,0.32258046170509397,0.3933333333333333,0.28867493863123994,0.20333333333333334,0.06575111943932495,0.02,0.13842605807056485,0.13842605807056485,0.0,0.3815,0.4025,0.196,0.02,0.20532291482489834,0.20532291482489834,0.0,0.27295799843182456,0.3039782892934256,0.15198967801052668,0.2710740342642232,0.11468009962597656,0.11468009962597656,0.0,0.3272289992159123,0.3532391446467128,0.17399483900526336,0.14553701713211162,0.0,0.0,1.0,0.32299348022434127,0.32258046170509397,0.28867493863123994,0.06575111943932495
41,0.12942605807056481,0.0,0.18424888056067512,122,31,0.0,0,0,40,0.32299348022434127,0.38666666666666666,0.32258046170509397,0.3883333333333333,0.28867493863123994,0.205,0.06575111943932495,0.02,0.13842605807056485,0.13842605807056485,0.0,0.3815,0.4025,0.196,0.02,0.20532291482489834,0.20532291482489834,0.0,0.27295799843182456,0.3039782892934256,0.15198967801052668,0.2710740342642232,0.11468009962597656,0.11468009962597656,0.0,0.3272289992159123,0.3532391446467128,0.17399483900526336,0.14553701713211162,0.0,0.0,1.0,0.32299348022434127,0.32258046170509397,0.28867493863123994,0.06575111943932495
42,0.12942605807056481,0.0,0.18424888056067512,117,31,0.0,0,0,40,0.32299348022434127,0.38666666666666666,0.32258046170509397,0.3883333333333333,0.28867493863123994,0.205,0.06575111943932495,0.02,0.13842605807056485,0.13842605807056485,0.0,0.3815,0.4025,0.196,0.02,0.20532291482489834,0.20532291482489834,0.0,0.27295799843182456,0.3039782892934256,0.15198967801052668,0.2710740342642232,0.11468009962597656,0.11468009962597656,0.0,0.3272289992159123,0.3532391446467128,0.17399483900526336,0.14553701713211162,0.0,0.0,1.0,0.32299348022434127,0.32258046170509397,0.28867493863123994,0.06575111943932495
43,0.1277593914038982,0.0,0.18424888056067512,112,31,0.0,0,0,40,0.32299348022434127,0.38333333333333336,0.32258046170509397,0.39,0.28867493863123994,0.20666666666666667,0.06575111943932495,0.02,0.13842605807056485,0.13842605807056485,0.0,0.3815,0.4025,0.196,0.02,0.20532291482489834,0.20532291482489834,0.0,0.27295799843182456,0.3039782892934256,0.15198967801052668,0.2710740342642232,0.11468009962597656,0.11468009962597656,0.0,0.3272289992159123,0.3532391446467128,0.17399483900526336,0.14553701713211162,0.0,0.0,1.0,0.32299348022434127,0.32258046170509397,0.28867493863123994,0.06575111943932495
44,0.1260927247372315,0.0,0.18424888056067512,100,31,0.0,0,0,40,0.32299348022434127,0.38166666666666665,0.32258046170509397,0.39,0.28867493863123994,0.20833333333333334,0.06575111943932495,0.02,0.13842605807056485,0.13842605807056485,0.0,0.3815,0.4025,0.196,0.02,0.20532291482489834,0.20532291482489834,0.0,0.27295799843182456,0.3039782892934256,0.15198967801052668,0.2710740342642232,0.11468009962597656,0.11468009962597656,0.0,0.3272289992159123,0.3532391446467128,0.17399483900526336,0.14553701713211162,0.0,0.0,1.0,0.32299348022434127,0.32258046170509397,0.28867493863123994,0.06575111943932495
45,0.12442605807056484,0.0,0.18424888056067512,110,31,0.0,0,0,40,0.32299348022434127,0.38,0.32258046170509397,0.39,0.28867493863123994,0.21,0.06575111943932495,0.02,0.13842605807056485,0.13842605807056485,0.0,0.3815,0.4025,0.196,0.02,0.20532291482489834,0.20532291482489834,0.0,0.27295799843182456,0.3039782892934256,0.15198967801052668,0.2710740342642232,0.11468009962597656,0.11468009962597656,0.0,0.3272289992159123,0.3532391446467128,0.17399483900526336,0.14553701713211162,0.0,0.0,1.0,0.32299348022434127,0.32258046170509397,0.28867493863123994,0.06575111943932495
46,0.12442605807056484,0.0,0.18424888056067512,119,31,0.0,0,0,40,0.32299348022434127,0.38333333333333336,0.32258046170509397,0.38666666666666666,0.28867493863123994,0.21,0.06575111943932495,0.02,0.13842605807056485,0.13842605807056485,0.0,0.3815,0.4025,0.196,0.02,0.20532291482489834,0.20532291482489834,0.0,0.27295799843182456,0.3039782892934256,0.15198967801052668,0.2710740342642232,0.11468009962597656,0.11468009962597656,0.0,0.3272289992159123,0.3532391446467128,0.17399483900526336,0.14553701713211162,0.0,0.0,1.0,0.32299348022434127,0.32258046170509397,0.28867493863123994,0.06575111943932495
47,0.1260927247372315,0.0,0.18424888056067512,117,31,0.0,0,0,40,0.32299348022434127,0.38,0.32258046170509397,0.39166666666666666,0.28867493863123994,0.20833333333333334,0.06575111943932495,0.02,0.13842605807056485,0.13842605807056485,0.0,0.3815,0.4025,0.196,0.02,0.20532291482489834,0.20532291482489834,0.0,0.27295799843182456,0.3039782892934256,0.15198967801052668,0.2710740342642232,0.11468009962597656,0.11468009962597656,0.0,0.3272289992159123,0.3532391446467128,0.17399483900526336,0.14553701713211162,0.0,0.0,1.0,0.32299348022434127,0.32258046170509397,0.28867493863123994,0.06575111943932495
48,0.12442605807056484,0.0,0.18424888056067512,115,31,0.0,0,0,40,0.32299348022434127,0.38,0.32258046170509397,0.39,0.28867493863123994,0.21,0.06575111943932495,0.02,0.13842605807056485,0.13842605807056485,0.0,0.3815,0.4025,0.196,0.02,0.20532291482489834,0.20532291482489834,0.0,0.27295799843182456,0.3039782892934256,0.15198967801052668,0.2710740342642232,0.11468009962597656,0.11468009962597656,0.0,0.3272289992159123,0.3532391446467128,0.17399483900526336,0.14553701713211162,0.0,0.0,1.0,0.32299348022434127,0.32258046170509397,0.28867493863123994,0.06575111943932495
49,0.12442605807056484,0.0,0.18424888056067512,116,31,0.0,0,0,40,0.32299348022434127,0.38,0.32258046170509397,0.39,0.28867493863123994,0.21,0.06575111943932495,0.02,0.13842605807056485,0.13842605807056485,0.0,0.3815,0.4025,0.196,0.02,0.20532291482489834,0.20532291482489834,0.0,0.27295799843182456,0.3039782892934256,0.15198967801052668,0.2710740342642232,0.11468009962597656,0.11468009962597656,0.0,0.3272289992159123,0.3532391446467128,0.17399483900526336,0.14553701713211162,0.0,0.0,1.0,0.32299348022434127,0.32258046170509397,0.28867493863123994,0.06575111943932495
50,0.1260927247372315,0.0,0.18424888056067512,98,31,0.0,0,1,50,0.32299348022434127,0.38166666666666665,0.32258046170509397,0.39,0.28867493863123994,0.20833333333333334,0.06575111943932495,0.02,0.12950939140389817,0.12950939140389817,0.0,0.38358333333333333,0.3915,0.20491666666666666,0.02,0.14783578612956155,0.14783578612956155,1.0,0.368303760088526,0.20191053206847873,0.26150908213829355,0.16827662570470167,0.08133725989961435,0.08133725989961435,1.0,0.37594354671092967,0.29670526603423936,0.23321287440248012,0.09413831285235083,0.0,0.0,1.0,0.32299348022434127,0.32258046170509397,0.28867493863123994,0.06575111943932495
51,0.12775939140389814,0.0,0.18424888056067512,106,31,0.0,0,0,50,0.32299348022434127,0.38166666666666665,0.32258046170509397,0.39166666666666666,0.28867493863123994,0.20666666666666667,0.06575111943932495,0.02,0.12950939140389817,0.12950939140389817,0.0,0.38358333333333333,0.3915,0.20491666666666666,0.02,0.14783578612956155,0.14783578612956155,1.0,0.368303760088526,0.20191053206847873,0.26150908213829355,0.16827662570470167,0.08133725989961435,0.08133725989961435,1.0,0.37594354671092967,0.29670526603423936,0.23321287440248012,0.09413831285235083,0.0,0.0,1.0,0.32299348022434127,0.32258046170509397,0.28867493863123994,0.06575111943932495
52,0.1260927247372315,0.0,0.18424888056067512,107,31,0.0,0,0,50,0.32299348022434127,0.38333333333333336,0.32258046170509397,0.3883333333333333,0.28867493863123994,0.20833333333333334,0.06575111943932495,0.02,0.12950939140389817,0.12950939140389817,0.0,0.38358333333333333,0.3915,0.20491666666666666,0.02,0.14783578612956155,0.14783578612956155,1.0,0.368303760088526,0.20191053206847873,0.26150908213829355,0.16827662570470167,0.08133725989961435,0.08133725989961435,1.0,0.37594354671092967,0.29670526603423936,0.23321287440248012,0.09413831285235083,0.0,0.0,1.0,0.32299348022434127,0.32258046170509397,0.28867493863123994,0.06575111943932495
53,0.1260927247372315,0.0,0.18424888056067512,124,31,0.0,0,0,50,0.32299348022434127,0.385,0.32258046170509397,0.38666666666666666,0.28867493863123994,0.20833333333333334,0.06575111943932495,0.02,0.12950939140389817,0.12950939140389817,0.0,0.38358333333333333,0.3915,0.20491666666666666,0.02,0.14783578612956155,0.14783578612956155,1.0,0.368303760088526,0.20191053206847873,0.26150908213829355,0.16827662570470167,0.08133725989961435,0.08133725989961435,1.0,0.37594354671092967,0.29670526603423936,0.23321287440248012,0.09413831285235083,0.0,0.0,1.0,0.32299348022434127,0.32258046170509397,0.28867493863123994,0.06575111943932495
54,0.1260927247372315,0.0,0.18424888056067512,119,31,0.0,0,0,50,0.32299348022434127,0.38666666666666666,0.32258046170509397,0.385,0.28867493863123994,0.20833333333333334,0.06575111943932495,0.02,0.12950939140389817,0.12950939140389817,0.0,0.38358333333333333,0.3915,0.20491666666666666,0.02,0.14783578612956155,0.14783578612956155,1.0,0.368303760088526,0.20191053206847873,0.26150908213829355,0.16827662570470167,0.08133725989961435,0.08133725989961435,1.0,0.37594354671092967,0.29670526603423936,0.23321287440248012,0.09413831285235083,0.0,0.0,1.0,0.32299348022434127,0.32258046170509397,0.28867493863123994,0.06575111943932495
55,0.12442605807056484,0.0,0.18424888056067512,111,31,0.0,0,0,50,0.32299348022434127,0.38666666666666666,0.32258046170509397,0.38333333333333336,0.28867493863123994,0.21,0.06575111943932495,0.02,0.12950939140389817,0.12950939140389817,0.0,0.38358333333333333,0.3915,0.20491666666666666,0.02,0.14783578612956155,0.14783578612956155,1.0,0.368303760088526,0.20191053206847873,0.26150908213829355,0.16827662570470167,0.08133725989961435,0.08133725989961435,1.0,0.37594354671092967,0.29670526603423936,0.23321287440248012,0.09413831285235083,0.0,0.0,1.0,0.32299348022434127,0.32258046170509397,0.28867493863123994,0.06575111943932495
56,0.1260927247372315,0.0,0.18424888056067512,115,31,0.0,0,0,50,0.32299348022434127,0.3883333333333333,0.32258046170509397,0.38333333333333336,0.28867493863123994,0.20833333333333334,0.06575111943932495,0.02,0.12950939140389817,0.12950939140389817,0.0,0.38358333333333333,0.3915,0.20491666666666666,0.02,0.14783578612956155,0.14783578612956155,1.0,0.368303760088526,0.20191053206847873,0.26150908213829355,0.16827662570470167,0.08133725989961435,0.08133725989961435,1.0,0.37594354671092967,0.29670526603423936,0.23321287440248012,0.09413831285235083,0.0,0.0,1.0,0.32299348022434127,0.32258046170509397,0.28867493863123994,0.06575111943932495
57,0.12275939140389815,0.0,0.18424888056067512,125,31,0.0,0,0,50,0.32299348022434127,0.3883333333333333,0.32258046170509397,0.38,0.28867493863123994,0.21166666666666667,0.06575111943932495,0.02,0.12950939140389817,0.12950939140389817,0.0,0.38358333333333333,0.3915,0.20491666666666666,0.02,0.14783578612956155,0.14783578612956155,1.0,0.368303760088526,0.20191053206847873,0.26150908213829355,0.16827662570470167,0.08133725989961435,0.08133725989961435,1.0,0.37594354671092967,0.29670526603423936,0.23321287440248012,0.09413831285235083,0.0,0.0,1.0,0.32299348022434127,0.32258046170509397,0.28867493863123994,0.06575111943932495
58,0.12109272473723148,0.0,0.18424888056067512,103,31,0.0,0,0,50,0.32299348022434127,0.385,0.32258046170509397,0.38166666666666665,0.28867493863123994,0.21333333333333335,0.06575111943932495,0.02,0.12950939140389817,0.12950939140389817,0.0,0.38358333333333333,0.3915,0.20491666666666666,0.02,0.14783578612956155,0.14783578612956155,1.0,0.368303760088526,0.20191053206847873,0.26150908213829355,0.16827662570470167,0.08133725989961435,0.08133725989961435,1.0,0.37594354671092967,0.29670526603423936,0.23321287440248012,0.09413831285235083,0.0,0.0,1.0,0.32299348022434127,0.32258046170509397,0.28867493863123994,0.06575111943932495
59,0.12109272473723148,0.0,0.18424888056067512,99,31,0.0,0,0,50,0.32299348022434127,0.385,0.32258046170509397,0.38166666666666665,0.28867493863123994,0.21333333333333335,0.06575111943932495,0.02,0.12950939140389817,0.12950939140389817,0.0,0.38358333333333333,0.3915,0.20491666666666666,0.02,0.14783578612956155,0.14783578612956155,1.0,0.368303760088526,0.20191053206847873,0.26150908213829355,0.16827662570470167,0.08133725989961435,0.08133725989961435,1.0,0.37594354671092967,0.29670526603423936,0.23321287440248012,0.09413831285235083,0.0,0.0,1.0,0.32299348022434127,0.32258046170509397,0.28867493863123994,0.06575111943932495
60,0.12109272473723148,0.0,0.18424888056067512,125,31,0.0,0,1,60,0.32299348022434127,0.38666666666666666,0.32258046170509397,0.38,0.28867493863123994,0.21333333333333335,0.06575111943932495,0.02,0.12525939140389813,0.12525939140389813,0.0,0.384,0.3868333333333333,0.20916666666666667,0.02,0.14695174442101705,0.14695174442101705,0.0,0.2270465674889972,0.2715756300194209,0.31884314746127235,0.18253465503030952,0.042140228047113024,0.042140228047113024,0.0,0.3055232837444986,0.3292044816763771,0.2640049070639695,0.10126732751515476,0.0,0.0,1.0,0.32299348022434127,0.32258046170509397,0.28867493863123994,0.06575111943932495
61,0.11942605807056483,0.0,0.18424888056067512,91,31,0.0,0,0,60,0.32299348022434127,0.385,0.32258046170509397,0.38,0.28867493863123994,0.215,0.06575111943932495,0.02,0.12525939140389813,0.12525939140389813,0.0,0.384,0.3868333333333333,0.20916666666666667,0.02,0.14695174442101705,0.14695174442101705,0.0,0.2270465674889972,0.2715756300194209,0.31884314746127235,0.18253465503030952,0.042140228047113024,0.042140228047113024,0.0,0.3055232837444986,0.3292044816763771,0.2640049070639695,0.10126732751515476,0.0,0.0,1.0,0.32299348022434127,0.32258046170509397,0.28867493863123994,0.06575111943932495
62,0.11942605807056483,0.0,0.18424888056067512,99,31,0.0,0,0,60,0.32299348022434127,0.38166666666666665,0.32258046170509397,0.38333333333333336,0.28867493863123994,0.215,0.06575111943932495,0.02,0.12525939140389813,0.12525939140389813,0.0,0.384,0.3868333333333333,0.20916666666666667,0.02,0.14695174442101705,0.14695174442101705,0.0,0.2270465674889972,0.2715756300194209,0.31884314746127235,0.18253465503030952,0.042140228047113024,0.042140228047113024,0.0,0.3055232837444986,0.3292044816763771,0.2640049070639695,0.10126732751515476,0.0,0.0,1.0,0.32299348022434127,0.32258046170509397,0.28867493863123994,0.06575111943932495
63,0.11942605807056483,0.0,0.18424888056067512,125,31,0.0,0,0,60,0.32299348022434127,0.38,0.32258046170509397,0.385,0.28867493863123994,0.215,0.06575111943932495,0.02,0.12525939140389813,0.12525939140389813,0.0,0.384,0.3868333333333333,0.20916666666666667,0.02,0.14695174442101705,0.14695174442101705,0.0,0.2270465674889972,0.2715756300194209,0.31884314746127235,0.18253465503030952,0.042140228047113024,0.042140228047113024,0.0,0.3055232837444986,0.3292044816763771,0.2640049070639695,0.10126732751515476,0.0,0.0,1.0,0.32299348022434127,0.32258046170509397,0.28867493863123994,0.06575111943932495
64,0.11942605807056483,0.0,0.18424888056067512,100,31,0.0,0,0,60,0.32299348022434127,0.37833333333333335,0.32258046170509397,0.38666666666666666,0.28867493863123994,0.215,0.06575111943932495,0.02,0.12525939140389813,0.12525939140389813,0.0,0.384,0.3868333333333333,0.20916666666666667,0.02,0.14695174442101705,0.14695174442101705,0.0,0.2270465674889972,0.2715756300194209,0.31884314746127235,0.18253465503030952,0.042140228047113024,0.042140228047113024,0.0,0.3055232837444986,0.3292044816763771,0.2640049070639695,0.10126732751515476,0.0,0.0,1.0,0.32299348022434127,0.32258046170509397,0.28867493863123994,0.06575111943932495
65,0.11775939140389817,0.0,0.18424888056067512,120,31,0.0,0,0,60,0.32299348022434127,0.38,0.32258046170509397,0.38333333333333336,0.28867493863123994,0.21666666666666667,0.06575111943932495,0.02,0.12525939140389813,0.12525939140389813,0.0,0.384,0.3868333333333333,0.20916666666666667,0.02,0.14695174442101705,0.14695174442101705,0.0,0.2270465674889972,0.2715756300194209,0.31884314746127235,0.18253465503030952,0.042140228047113024,0.042140228047113024,0.0,0.3055232837444986,0.3292044816763771,0.2640049070639695,0.10126732751515476,0.0,0.0,1.0,0.32299348022434127,0.32258046170509397,0.28867493863123994,0.06575111943932495
66,0.11775939140389817,0.0,0.18424888056067512,113,31,0.0,0,0,60,0.32299348022434127,0.37833333333333335,0.32258046170509397,0.385,0.28867493863123994,0.21666666666666667,0.06575111943932495,0.02,0.12525939140389813,0.12525939140389813,0.0,0.384,0.3868333333333333,0.20916666666666667,0.02,0.14695174442101705,0.14695174442101705,0.0,0.2270465674889972,0.2715756300194209,0.31884314746127235,0.18253465503030952,0.042140228047113024,0.042140228047113024,0.0,0.3055232837444986,0.3292044816763771,0.2640049070639695,0.10126732751515476,0.0,0.0,1.0,0.32299348022434127,0.32258046170509397,0.28867493863123994,0.06575111943932495
67,0.11942605807056483,0.0,0.18424888056067512,116,31,0.0,0,0,60,0.32299348022434127,0.38333333333333336,0.32258046170509397,0.38166666666666665,0.28867493863123994,0.215,0.06575111943932495,0.02,0.12525939140389813,0.12525939140389813,0.0,0.384,0.3868333333333333,0.20916666666666667,0.02,0.14695174442101705,0.14695174442101705,0.0,0.2270465674889972,0.2715756300194209,0.31884314746127235,0.18253465503030952,0.042140228047113024,0.042140228047113024,0.0,0.3055232837444986,0.3292044816763771,0.2640049070639695,0.10126732751515476,0.0,0.0,1.0,0.32299348022434127,0.32258046170509397,0.28867493863123994,0.06575111943932495
68,0.11942605807056483,0.0,0.18424888056067512,100,31,0.0,0,0,60,0.32299348022434127,0.38333333333333336,0.32258046170509397,0.38166666666666665,0.28867493863123994,0.215,0.06575111943932495,0.02,0.12525939140389813,0.12525939140389813,0.0,0.384,0.3868333333333333,0.20916666666666667,0.02,0.14695174442101705,0.14695174442101705,0.0,0.2270465674889972,0.2715756300194209,0.31884314746127235,0.18253465503030952,0.042140228047113024,0.042140228047113024,0.0,0.3055232837444986,0.3292044816763771,0.2640049070639695,0.10126732751515476,0.0,0.0,1.0,0.32299348022434127,0.32258046170509397,0.28867493863123994,0.06575111943932495
69,0.11942605807056483,0.0,0.18424888056067512,125,31,0.0,0,0,60,0.32299348022434127,0.38333333333333336,0.32258046170509397,0.38166666666666665,0.28867493863123994,0.215,0.06575111943932495,0.02,0.12525939140389813,0.12525939140389813,0.0,0.384,0.3868333333333333,0.20916666666666667,0.02,0.14695174442101705,0.14695174442101705,0.0,0.2270465674889972,0.2715756300194209,0.31884314746127235,0.18253465503030952,0.042140228047113024,0.042140228047113024,0.0,0.3055232837444986,0.3292044816763771,0.2640049070639695,0.10126732751515476,0.0,0.0,1.0,0.32299348022434127,0.32258046170509397,0.28867493863123994,0.06575111943932495
70,0.11942605807056483,0.0,0.18424888056067512,123,31,0.0,0,1,70,0.32299348022434127,0.38333333333333336,0.32258046170509397,0.38166666666666665,0.28867493863123994,0.215,0.06575111943932495,0.02,0.12167605807056482,0.12167605807056482,1.0,0.38366666666666666,0.38358333333333333,0.21275,0.02,0.18822870438596825,0.18822870438596825,0.0,0.2569074683190814,0.2887273042316798,0.20038540362394563,0.2539798238252931,0.08481364955073428,0.08481364955073428,0.0,0.32028706749287406,0.3361553187825066,0.20656770181197281,0.13698991191264656,0.0,0.0,1.0,0.32299348022434127,0.32258046170509397,0.28867493863123994,0.06575111943932495
71,0.11775939140389817,0.0,0.18424888056067512,110,31,0.0,0,0,70,0.32299348022434127,0.38333333333333336,0.32258046170509397,0.38,0.28867493863123994,0.21666666666666667,0.06575111943932495,0.02,0.12167605807056482,0.12167605807056482,1.0,0.38366666666666666,0.38358333333333333,0.21275,0.02,0.18822870438596825,0.18822870438596825,0.0,0.2569074683190814,0.2887273042316798,0.20038540362394563,0.2539798238252931,0.08481364955073428,0.08481364955073428,0.0,0.32028706749287406,0.3361553187825066,0.20656770181197281,0.13698991191264656,0.0,0.0,1.0,0.32299348022434127,0.32258046170509397,0.28867493863123994,0.06575111943932495
72,0.11942605807056483,0.0,0.18424888056067512,109,31,0.0,0,0,70,0.32299348022434127,0.38333333333333336,0.32258046170509397,0.38166666666666665,0.28867493863123994,0.215,0.06575111943932495,0.02,0.12167605807056482,0.12167605807056482,1.0,0.38366666666666666,0.38358333333333333,0.21275,0.02,0.18822870438596825,0.18822870438596825,0.0,0.2569074683190814,0.2887273042316798,0.20038540362394563,0.2539798238252931,0.08481364955073428,0.08481364955073428,0.0,0.32028706749287406,0.3361553187825066,0.20656770181197281,0.13698991191264656,0.0,0.0,1.0,0.32299348022434127,0.32258046170509397,0.28867493863123994,0.06575111943932495
73,0.12275939140389815,0.0,0.18424888056067512,110,31,0.0,0,0,70,0.32299348022434127,0.38666666666666666,0.32258046170509397,0.38166666666666665,0.28867493863123994,0.21166666666666667,0.06575111943932495,0.02,0.12167605807056482,0.12167605807056482,1.0,0.38366666666666666,0.38358333333333333,0.21275,0.02,0.18822870438596825,0.18822870438596825,0.0,0.2569074683190814,0.2887273042316798,0.20038540362394563,0.2539798238252931,0.08481364955073428,0.08481364955073428,0.0,0.32028706749287406,0.3361553187825066,0.20656770181197281,0.13698991191264656,0.0,0.0,1.0,0.32299348022434127,0.32258046170509397,0.28867493863123994,0.06575111943932495
74,0.12275939140389815,0.0,0.18424888056067512,117,31,0.0,0,0,70,0.32299348022434127,0.3883333333333333,0.32258046170509397,0.38,0.28867493863123994,0.21166666666666667,0.06575111943932495,0.02,0.12167605807056482,0.12167605807056482,1.0,0.38366666666666666,0.38358333333333333,0.21275,0.02,0.18822870438596825,0.18822870438596825,0.0,0.2569074683190814,0.2887273042316798,0.20038540362394563,0.2539798238252931,0.08481364955073428,0.08481364955073428,0.0,0.32028706749287406,0.3361553187825066,0.20656770181197281,0.13698991191264656,0.0,0.0,1.0,0.32299348022434127,0.32258046170509397,0.28867493863123994,0.06575111943932495
75,0.12275939140389815,0.0,0.18424888056067512,102,31,0.0,0,0,70,0.32299348022434127,0.38666666666666666,0.32258046170509397,0.38166666666666665,0.28867493863123994,0.21166666666666667,0.06575111943932495,0.02,0.12167605807056482,0.12167605807056482,1.0,0.38366666666666666,0.38358333333333333,0.21275,0.02,0.18822870438596825,0.18822870438596825,0.0,0.2569074683190814,0.2887273042316798,0.20038540362394563,0.2539798238252931,0.08481364955073428,0.08481364955073428,0.0,0.32028706749287406,0.3361553187825066,0.20656770181197281,0.13698991191264656,0.0,0.0,1.0,0.32299348022434127,0.32258046170509397,0.28867493863123994,0.06575111943932495
76,0.12275939140389817,0.0,0.18424888056067512,101,31,0.0,0,0,70,0.32299348022434127,0.39,0.32258046170509397,0.37833333333333335,0.28867493863123994,0.21166666666666667,0.06575111943932495,0.02,0.12167605807056482,0.12167605807056482,1.0,0.38366666666666666,0.38358333333333333,0.21275,0.02,0.18822870438596825,0.18822870438596825,0.0,0.2569074683190814,0.2887273042316798,0.20038540362394563,0.2539798238252931,0.08481364955073428,0.08481364955073428,0.0,0.32028706749287406,0.3361553187825066,0.20656770181197281,0.13698991191264656,0.0,0.0,1.0,0.32299348022434127,0.32258046170509397,0.28867493863123994,0.06575111943932495
77,0.12275939140389817,0.0,0.18424888056067512,103,31,0.0,0,0,70,0.32299348022434127,0.39,0.32258046170509397,0.37833333333333335,0.28867493863123994,0.21166666666666667,0.06575111943932495,0.02,0.12167605807056482,0.12167605807056482,1.0,0.38366666666666666,0.38358333333333333,0.21275,0.02,0.18822870438596825,0.18822870438596825,0.0,0.2569074683190814,0.2887273042316798,0.20038540362394563,0.2539798238252931,0.08481364955073428,0.08481364955073428,0.0,0.32028706749287406,0.3361553187825066,0.20656770181197281,0.13698991191264656,0.0,0.0,1.0,0.32299348022434127,0.32258046170509397,0.28867493863123994,0.06575111943932495
78,0.12275939140389817,0.0,0.18424888056067512,107,31,0.0,0,0,70,0.32299348022434127,0.39,0.32258046170509397,0.37833333333333335,0.28867493863123994,0.21166666666666667,0.06575111943932495,0.02,0.12167605807056482,0.12167605807056482,1.0,0.38366666666666666,0.38358333333333333,0.21275,0.02,0.18822870438596825,0.18822870438596825,0.0,0.2569074683190814,0.2887273042316798,0.20038540362394563,0.2539798238252931,0.08481364955073428,0.08481364955073428,0.0,0.32028706749287406,0.3361553187825066,0.20656770181197281,0.13698991191264656,0.0,0.0,1.0,0.32299348022434127,0.32258046170509397,0.28867493863123994,0.06575111943932495
79,0.12275939140389815,0.0,0.18424888056067512,107,31,0.0,0,0,70,0.32299348022434127,0.39166666666666666,0.32258046170509397,0.37666666666666665,0.28867493863123994,0.21166666666666667,0.06575111943932495,0.02,0.12167605807056482,0.12167605807056482,1.0,0.38366666666666666,0.38358333333333333,0.21275,0.02,0.18822870438596825,0.18822870438596825,0.0,0.2569074683190814,0.2887273042316798,0.20038540362394563,0.2539798238252931,0.08481364955073428,0.08481364955073428,0.0,0.32028706749287406,0.3361553187825066,0.20656770181197281,0.13698991191264656,0.0,0.0,1.0,0.32299348022434127,0.32258046170509397,0.28867493863123994,0.06575111943932495
80,0.12275939140389815,0.0,0.18424888056067512,121,31,0.0,0,1,80,0.32299348022434127,0.39166666666666666,0.32258046170509397,0.37666666666666665,0.28867493863123994,0.21166666666666667,0.06575111943932495,0.02,0.12050939140389816,0.12050939140389816,1.0,0.3849166666666667,0.38116666666666665,0.21391666666666667,0.02,0.19962947384693674,0.19962947384693674,0.0,0.2221391781843024,0.22380528989819604,0.3122175169567688,0.2418380149607328,0.06516788804104151,0.06516788804104151,1.0,0.30352792242548454,0.30248597828243134,0.2630670918117177,0.1309190074803664,0.0,0.0,1.0,0.32299348022434127,0.32258046170509397,0.28867493863123994,0.06575111943932495
81,0.12275939140389817,0.0,0.18424888056067512,106,31,0.0,0,0,80,0.32299348022434127,0.39,0.32258046170509397,0.37833333333333335,0.28867493863123994,0.21166666666666667,0.06575111943932495,0.02,0.12050939140389816,0.12050939140389816,1.0,0.3849166666666667,0.38116666666666665,0.21391666666666667,0.02,0.19962947384693674,0.19962947384693674,0.0,0.2221391781843024,0.22380528989819604,0.3122175169567688,0.2418380149607328,0.06516788804104151,0.06516788804104151,1.0,0.30352792242548454,0.30248597828243134,0.2630670918117177,0.1309190074803664,0.0,0.0,1.0,0.32299348022434127,0.32258046170509397,0.28867493863123994,0.06575111943932495
82,0.12275939140389817,0.0,0.18424888056067512,123,31,0.0,0,0,80,0.32299348022434127,0.385,0.32258046170509397,0.38333333333333336,0.28867493863123994,0.21166666666666667,0.06575111943932495,0.02,0.12050939140389816,0.12050939140389816,1.0,0.3849166666666667,0.38116666666666665,0.21391666666666667,0.02,0.19962947384693674,0.19962947384693674,0.0,0.2221391781843024,0.22380528989819604,0.3122175169567688,0.2418380149607328,0.06516788804104151,0.06516788804104151,1.0,0.30352792242548454,0.30248597828243134,0.2630670918117177,0.1309190074803664,0.0,0.0,1.0,0.32299348022434127,0.32258046170509397,0.28867493863123994,0.06575111943932495
83,0.12275939140389817,0.0,0.18424888056067512,122,31,0.0,0,0,80,0.32299348022434127,0.38333333333333336,0.32258046170509397,0.385,0.28867493863123994,0.21166666666666667,0.06575111943932495,0.02,0.12050939140389816,0.12050939140389816,1.0,0.3849166666666667,0.38116666666666665,0.21391666666666667,0.02,0.19962947384693674,0.19962947384693674,0.0,0.2221391781843024,0.22380528989819604,0.3122175169567688,0.2418380149607328,0.06516788804104151,0.06516788804104151,1.0,0.30352792242548454,0.30248597828243134,0.2630670918117177,0.1309190074803664,0.0,0.0,1.0,0.32299348022434127,0.32258046170509397,0.28867493863123994,0.06575111943932495
84,0.12275939140389815,0.0,0.18424888056067512,113,31,0.0,0,0,80,0.32299348022434127,0.38166666666666665,0.32258046170509397,0.38666666666666666,0.28867493863123994,0.21166666666666667,0.06575111943932495,0.02,0.12050939140389816,0.12050939140389816,1.0,0.3849166666666667,0.38116666666666665,0.21391666666666667,0.02,0.19962947384693674,0.19962947384693674,0.0,0.2221391781843024,0.22380528989819604,0.3122175169567688,0.2418380149607328,0.06516788804104151,0.06516788804104151,1.0,0.30352792242548454,0.30248597828243134,0.2630670918117177,0.1309190074803664,0.0,0.0,1.0,0.32299348022434127,0.32258046170509397,0.28867493863123994,0.06575111943932495
85,0.12275939140389815,0.0,0.18424888056067512,116,31,0.0,0,0,80,0.32299348022434127,0.38166666666666665,0.32258046170509397,0.38666666666666666,0.28867493863123994,0.21166666666666667,0.06575111943932495,0.02,0.12050939140389816,0.12050939140389816,1.0,0.3849166666666667,0.38116666666666665,0.21391666666666667,0.02,0.19962947384693674,0.19962947384693674,0.0,0.2221391781843024,0.22380528989819604,0.3122175169567688,0.2418380149607328,0.06516788804104151,0.06516788804104151,1.0,0.30352792242548454,0.30248597828243134,0.2630670918117177,0.1309190074803664,0.0,0.0,1.0,0.32299348022434127,0.32258046170509397,0.28867493863123994,0.06575111943932495
86,0.12275939140389815,0.0,0.18424888056067512,99,31,0.0,0,0,80,0.32299348022434127,0.38166666666666665,0.32258046170509397,0.38666666666666666,0.28867493863123994,0.21166666666666667,0.06575111943932495,0.02,0.12050939140389816,0.12050939140389816,1.0,0.3849166666666667,0.38116666666666665,0.21391666666666667,0.02,0.19962947384693674,0.19962947384693674,0.0,0.2221391781843024,0.22380528989819604,0.3122175169567688,0.2418380149607328,0.06516788804104151,0.06516788804104151,1.0,0.30352792242548454,0.30248597828243134,0.2630670918117177,0.1309190074803664,0.0,0.0,1.0,0.32299348022434127,0.32258046170509397,0.28867493863123994,0.06575111943932495
87,0.12442605807056481,0.0,0.18424888056067512,125,31,0.0,0,0,80,0.32299348022434127,0.38166666666666665,0.32258046170509397,0.3883333333333333,0.28867493863123994,0.21,0.06575111943932495,0.02,0.12050939140389816,0.12050939140389816,1.0,0.3849166666666667,0.38116666666666665,0.21391666666666667,0.02,0.19962947384693674,0.19962947384693674,0.0,0.2221391781843024,0.22380528989819604,0.3122175169567688,0.2418380149607328,0.06516788804104151,0.06516788804104151,1.0,0.30352792242548454,0.30248597828243134,0.2630670918117177,0.1309190074803664,0.0,0.0,1.0,0.32299348022434127,0.32258046170509397,0.28867493863123994,0.06575111943932495
88,0.1260927247372315,0.0,0.18424888056067512,105,31,0.0,0,0,80,0.32299348022434127,0.38333333333333336,0.32258046170509397,0.3883333333333333,0.28867493863123994,0.20833333333333334,0.06575111943932495,0.02,0.12050939140389816,0.12050939140389816,1.0,0.3849166666666667,0.38116666666666665,0.21391666666666667,0.02,0.19962947384693674,0.19962947384693674,0.0,0.2221391781843024,0.22380528989819604,0.3122175169567688,0.2418380149607328,0.06516788804104151,0.06516788804104151,1.0,0.30352792242548454,0.30248597828243134,0.2630670918117177,0.1309190074803664,0.0,0.0,1.0,0.32299348022434127,0.32258046170509397,0.28867493863123994,0.06575111943932495
89,0.12442605807056484,0.0,0.18424888056067512,112,31,0.0,0,0,80,0.32299348022434127,0.38333333333333336,0.32258046170509397,0.38666666666666666,0.28867493863123994,0.21,0.06575111943932495,0.02,0.12050939140389816,0.12050939140389816,1.0,0.3849166666666667,0.38116666666666665,0.21391666666666667,0.02,0.19962947384693674,0.19962947384693674,0.0,0.2221391781843024,0.22380528989819604,0.3122175169567688,0.2418380149607328,0.06516788804104151,0.06516788804104151,1.0,0.30352792242548454,0.30248597828243134,0.2630670918117177,0.1309190074803664,0.0,0.0,1.0,0.32299348022434127,0.32258046170509397,0.28867493863123994,0.06575111943932495
90,0.1260927247372315,0.0,0.18424888056067512,118,25,0.0,0,1,90,0.32299348022434127,0.38333333333333336,0.32258046170509397,0.3883333333333333,0.28867493863123994,0.20833333333333334,0.06575111943932495,0.02,0.12284272473723147,0.12284272473723147,1.0,0.3858333333333333,0.38258333333333333,0.21158333333333335,0.02,0.17564886354757955,0.17564886354757955,0.0,0.19628584503083416,0.3435179634180911,0.23973371027716753,0.2204624812739074,0.09495030786824701,0.09495030786824701,0.0,0.29105958918208374,0.3630506483757122,0.22565852180525042,0.1202312406369537,0.0,0.0,1.0,0.32299348022434127,0.32258046170509397,0.28867493863123994,0.06575111943932495
91,0.12442605807056481,0.0,0.18424888056067512,116,25,0.0,0,0,90,0.32299348022434127,0.38166666666666665,0.32258046170509397,0.3883333333333333,0.28867493863123994,0.21,0.06575111943932495,0.02,0.12284272473723147,0.12284272473723147,1.0,0.3858333333333333,0.38258333333333333,0.21158333333333335,0.02,0.17564886354757955,0.17564886354757955,0.0,0.19628584503083416,0.3435179634180911,0.23973371027716753,0.2204624812739074,0.09495030786824701,0.09495030786824701,0.0,0.29105958918208374,0.3630506483757122,0.22565852180525042,0.1202312406369537,0.0,0.0,1.0,0.32299348022434127,0.32258046170509397,0.28867493863123994,0.06575111943932495
92,0.12442605807056484,0.0,0.18424888056067512,111,25,0.0,0,0,90,0.32299348022434127,0.38333333333333336,0.32258046170509397,0.38666666666666666,0.28867493863123994,0.21,0.06575111943932495,0.02,0.12284272473723147,0.12284272473723147,1.0,0.3858333333333333,0.38258333333333333,0.21158333333333335,0.02,0.17564886354757955,0.17564886354757955,0.0,0.19628584503083416,0.3435179634180911,0.23973371027716753,0.2204624812739074,0.09495030786824701,0.09495030786824701,0.0,0.29105958918208374,0.3630506483757122,0.22565852180525042,0.1202312406369537,0.0,0.0,1.0,0.32299348022434127,0.32258046170509397,0.28867493863123994,0.06575111943932495
93,0.1260927247372315,0.0,0.18424888056067512,122,25,0.0,0,0,90,0.32299348022434127,0.385,0.32258046170509397,0.38666666666666666,0.28867493863123994,0.20833333333333334,0.06575111943932495,0.02,0.12284272473723147,0.12284272473723147,1.0,0.3858333333333333,0.38258333333333333,0.21158333333333335,0.02,0.17564886354757955,0.17564886354757955,0.0,0.19628584503083416,0.3435179634180911,0.23973371027716753,0.2204624812739074,0.09495030786824701,0.09495030786824701,0.0,0.29105958918208374,0.3630506483757122,0.22565852180525042,0.1202312406369537,0.0,0.0,1.0,0.32299348022434127,0.32258046170509397,0.28867493863123994,0.06575111943932495
94,0.12442605807056481,0.0,0.18424888056067512,118,25,0.0,0,0,90,0.32299348022434127,0.38166666666666665,0.32258046170509397,0.3883333333333333,0.28867493863123994,0.21,0.06575111943932495,0.02,0.12284272473723147,0.12284272473723147,1.0,0.3858333333333333,0.38258333333333333,0.21158333333333335,0.02,0.17564886354757955,0.17564886354757955,0.0,0.19628584503083416,0.3435179634180911,0.23973371027716753,0.2204624812739074,0.09495030786824701,0.09495030786824701,0.0,0.29105958918208374,0.3630506483757122,0.22565852180525042,0.1202312406369537,0.0,0.0,1.0,0.32299348022434127,0.32258046170509397,0.28867493863123994,0.06575111943932495
95,0.12442605807056481,0.0,0.18424888056067512,108,25,0.0,0,0,90,0.32299348022434127,0.38166666666666665,0.32258046170509397,0.3883333333333333,0.28867493863123994,0.21,0.06575111943932495,0.02,0.12284272473723147,0.12284272473723147,1.0,0.3858333333333333,0.38258333333333333,0.21158333333333335,0.02,0.17564886354757955,0.17564886354757955,0.0,0.19628584503083416,0.3435179634180911,0.23973371027716753,0.2204624812739074,0.09495030786824701,0.09495030786824701,0.0,0.29105958918208374,0.3630506483757122,0.22565852180525042,0.1202312406369537,0.0,0.0,1.0,0.32299348022434127,0.32258046170509397,0.28867493863123994,0.06575111943932495
96,0.1260927247372315,0.0,0.18424888056067512,104,25,0.0,0,0,90,0.32299348022434127,0.385,0.32258046170509397,0.38666666666666666,0.28867493863123994,0.20833333333333334,0.06575111943932495,0.02,0.12284272473723147,0.12284272473723147,1.0,0.3858333333333333,0.38258333333333333,0.21158333333333335,0.02,0.17564886354757955,0.17564886354757955,0.0,0.19628584503083416,0.3435179634180911,0.23973371027716753,0.2204624812739074,0.09495030786824701,0.09495030786824701,0.0,0.29105958918208374,0.3630506483757122,0.22565852180525042,0.1202312406369537,0.0,0.0,1.0,0.32299348022434127,0.32258046170509397,0.28867493863123994,0.06575111943932495
97,0.1260927247372315,0.0,0.18424888056067512,116,25,0.0,0,0,90,0.32299348022434127,0.385,0.32258046170509397,0.38666666666666666,0.28867493863123994,0.20833333333333334,0.06575111943932495,0.02,0.12284272473723147,0.12284272473723147,1.0,0.3858333333333333,0.38258333333333333,0.21158333333333335,0.02,0.17564886354757955,0.17564886354757955,0.0,0.19628584503083416,0.3435179634180911,0.23973371027716753,0.2204624812739074,0.09495030786824701,0.09495030786824701,0.0,0.29105958918208374,0.3630506483757122,0.22565852180525042,0.1202312406369537,0.0,0.0,1.0,0.32299348022434127,0.32258046170509397,0.28867493863123994,0.06575111943932495
98,0.1260927247372315,0.0,0.18424888056067512,106,25,0.0,0,0,90,0.32299348022434127,0.385,0.32258046170509397,0.38666666666666666,0.28867493863123994,0.20833333333333334,0.06575111943932495,0.02,0.12284272473723147,0.12284272473723147,1.0,0.3858333333333333,0.38258333333333333,0.21158333333333335,0.02,0.17564886354757955,0.17564886354757955,0.0,0.19628584503083416,0.3435179634180911,0.23973371027716753,0.2204624812739074,0.09495030786824701,0.09495030786824701,0.0,0.29105958918208374,0.3630506483757122,0.22565852180525042,0.1202312406369537,0.0,0.0,1.0,0.32299348022434127,0.32258046170509397,0.28867493863123994,0.06575111943932495
99,0.1260927247372315,0.0,0.18424888056067512,118,25,0.0,0,0,90,0.32299348022434127,0.385,0.32258046170509397,0.38666666666666666,0.28867493863123994,0.20833333333333334,0.06575111943932495,0.02,0.12284272473723147,0.12284272473723147,1.0,0.3858333333333333,0.38258333333333333,0.21158333333333335,0.02,0.17564886354757955,0.17564886354757955,0.0,0.19628584503083416,0.3435179634180911,0.23973371027716753,0.2204624812739074,0.09495030786824701,0.09495030786824701,0.0,0.29105958918208374,0.3630506483757122,0.22565852180525042,0.1202312406369537,0.0,0.0,1.0,0.32299348022434127,0.32258046170509397,0.28867493863123994,0.06575111943932495
100,0.1770065197756588,0.0,0.18424888056067512,82,4,0.0,0,1,100,0.32299348022434127,0.5,0.32258046170509397,0.25,0.28867493863123994,0.25,0.06575111943932495,0.0,0.1237021523466591,0.1237021523466591,1.0,0.3882996632996633,0.38097643097643097,0.21153198653198654,0.01919191919191919,0.12284615359829379,0.12284615359829379,0.0,0.2969714073754658,0.3136474119950407,0.2007839075918748,0.18859727303761864,0.0825169915693092,0.0825169915693092,0.0,0.3426355353375645,0.34731192148573586,0.2061579470619307,0.10389459611476892,0.0,0.0,1.0,0.32299348022434127,0.32258046170509397,0.28867493863123994,0.06575111943932495
101,0.15033985310899212,0.0,0.18424888056067512,83,8,0.0,0,0,100,0.32299348022434127,0.47333333333333333,0.32258046170509397,0.25833333333333336,0.28867493863123994,0.25666666666666665,0.06575111943932495,0.011666666666666667,0.1237021523466591,0.1237021523466591,1.0,0.3882996632996633,0.38097643097643097,0.21153198653198654,0.01919191919191919,0.12284615359829379,0.12284615359829379,0.0,0.2969714073754658,0.3136474119950407,0.2007839075918748,0.18859727303761864,0.0825169915693092,0.0825169915693092,0.0,0.3426355353375645,0.34731192148573586,0.2061579470619307,0.10389459611476892,0.0,0.0,1.0,0.32299348022434127,0.32258046170509397,0.28867493863123994,0.06575111943932495
102,0.1620065197756588,0.0,0.18424888056067512,77,12,0.0,0,0,100,0.32299348022434127,0.485,0.32258046170509397,0.26666666666666666,0.28867493863123994,0.24,0.06575111943932495,0.008333333333333333,0.1237021523466591,0.1237021523466591,1.0,0.3882996632996633,0.38097643097643097,0.21153198653198654,0.01919191919191919,0.12284615359829379,0.12284615359829379,0.0,0.2969714073754658,0.3136474119950407,0.2007839075918748,0.18859727303761864,0.0825169915693092,0.0825169915693092,0.0,0.3426355353375645,0.34731192148573586,0.2061579470619307,0.10389459611476892,0.0,0.0,1.0,0.32299348022434127,0.32258046170509397,0.28867493863123994,0.06575111943932495
103,0.17200651977565878,0.0,0.18424888056067512,100,12,0.0,0,0,100,0.32299348022434127,0.495,0.32258046170509397,0.26166666666666666,0.28867493863123994,0.23666666666666666,0.06575111943932495,0.006666666666666667,0.1237021523466591,0.1237021523466591,1.0,0.3882996632996633,0.38097643097643097,0.21153198653198654,0.01919191919191919,0.12284615359829379,0.12284615359829379,0.0,0.2969714073754658,0.3136474119950407,0.2007839075918748,0.18859727303761864,0.0825169915693092,0.0825169915693092,0.0,0.3426355353375645,0.34731192148573586,0.2061579470619307,0.10389459611476892,0.0,0.0,1.0,0.32299348022434127,0.32258046170509397,0.28867493863123994,0.06575111943932495
104,0.17200651977565878,0.0,0.18424888056067512,88,14,0.0,0,0,100,0.32299348022434127,0.495,0.32258046170509397,0.2733333333333333,0.28867493863123994,0.21666666666666667,0.06575111943932495,0.015,0.1237021523466591,0.1237021523466591,1.0,0.3882996632996633,0.38097643097643097,0.21153198653198654,0.01919191919191919,0.12284615359829379,0.12284615359829379,0.0,0.2969714073754658,0.3136474119950407,0.2007839075918748,0.18859727303761864,0.0825169915693092,0.0825169915693092,0.0,0.3426355353375645,0.34731192148573586,0.2061579470619307,0.10389459611476892,0.0,0.0,1.0,0.32299348022434127,0.32258046170509397,0.28867493863123994,0.06575111943932495
105,0.16867318644232543,0.0,0.18424888056067512,82,14,0.0,0,0,100,0.32299348022434127,0.49166666666666664,0.32258046170509397,0.27,0.28867493863123994,0.22333333333333333,0.06575111943932495,0.015,0.1237021523466591,0.1237021523466591,1.0,0.3882996632996633,0.38097643097643097,0.21153198653198654,0.01919191919191919,0.12284615359829379,0.12284615359829379,0.0,0.2969714073754658,0.3136474119950407,0.2007839075918748,0.18859727303761864,0.0825169915693092,0.0825169915693092,0.0,0.3426355353375645,0.34731192148573586,0.2061579470619307,0.10389459611476892,0.0,0.0,1.0,0.32299348022434127,0.32258046170509397,0.28867493863123994,0.06575111943932495
106,0.17867318644232547,0.0,0.18424888056067512,77,14,0.0,0,0,100,0.32299348022434127,0.5016666666666667,0.32258046170509397,0.25333333333333335,0.28867493863123994,0.22833333333333333,0.06575111943932495,0.016666666666666666,0.1237021523466591,0.1237021523466591,1.0,0.3882996632996633,0.38097643097643097,0.21153198653198654,0.01919191919191919,0.12284615359829379,0.12284615359829379,0.0,0.2969714073754658,0.3136474119950407,0.2007839075918748,0.18859727303761864,0.0825169915693092,0.0825169915693092,0.0,0.3426355353375645,0.34731192148573586,0.2061579470619307,0.10389459611476892,0.0,0.0,1.0,0.32299348022434127,0.32258046170509397,0.28867493863123994,0.06575111943932495
107,0.17533985310899214,0.0,0.18424888056067512,92,14,0.0,0,0,100,0.32299348022434127,0.49833333333333335,0.32258046170509397,0.26166666666666666,0.28867493863123994,0.22166666666666668,0.06575111943932495,0.018333333333333333,0.1237021523466591,0.1237021523466591,1.0,0.3882996632996633,0.38097643097643097,0.21153198653198654,0.01919191919191919,0.12284615359829379,0.12284615359829379,0.0,0.2969714073754658,0.3136474119950407,0.2007839075918748,0.18859727303761864,0.0825169915693092,0.0825169915693092,0.0,0.3426355353375645,0.34731192148573586,0.2061579470619307,0.10389459611476892,0.0,0.0,1.0,0.32299348022434127,0.32258046170509397,0.28867493863123994,0.06575111943932495
108,0.1836731864423255,0.0,0.18424888056067512,84,14,0.0,0,0,100,0.32299348022434127,0.5066666666666667,0.32258046170509397,0.24166666666666667,0.28867493863123994,0.23,0.06575111943932495,0.021666666666666667,0.1237021523466591,0.1237021523466591,1.0,0.3882996632996633,0.38097643097643097,0.21153198653198654,0.01919191919191919,0.12284615359829379,0.12284615359829379,0.0,0.2969714073754658,0.3136474119950407,0.2007839075918748,0.18859727303761864,0.0825169915693092,0.0825169915693092,0.0,0.3426355353375645,0.34731192148573586,0.2061579470619307,0.10389459611476892,0.0,0.0,1.0,0.32299348022434127,0.32258046170509397,0.28867493863123994,0.06575111943932495
109,0.19033985310899215,0.0,0.18424888056067512,99,15,0.0,0,0,100,0.32299348022434127,0.5133333333333333,0.32258046170509397,0.235,0.28867493863123994,0.23166666666666666,0.06575111943932495,0.02,0.1237021523466591,0.1237021523466591,1.0,0.3882996632996633,0.38097643097643097,0.21153198653198654,0.01919191919191919,0.12284615359829379,0.12284615359829379,0.0,0.2969714073754658,0.3136474119950407,0.2007839075918748,0.18859727303761864,0.0825169915693092,0.0825169915693092,0.0,0.3426355353375645,0.34731192148573586,0.2061579470619307,0.10389459611476892,0.0,0.0,1.0,0.32299348022434127,0.32258046170509397,0.28867493863123994,0.06575111943932495
110,0.19867318644232543,0.0,0.18424888056067512,101,15,0.0,0,1,110,0.32299348022434127,0.5216666666666666,0.32258046170509397,0.235,0.28867493863123994,0.22166666666666668,0.06575111943932495,0.021666666666666667,0.12321864098778001,0.12321864098778001,1.0,0.4462121212121212,0.31523569023569026,0.22163299663299663,0.01691919191919192,0.1757706606001922,0.1757706606001922,0.0,0.24772942325471328,0.2878318050607938,0.2229169916449758,0.24152178003951708,0.0874466585491056,0.0874466585491056,1.0,0.34697077223341727,0.30153374764824203,0.22227499413898621,0.1292204859793545,0.0,0.0,1.0,0.32299348022434127,0.32258046170509397,0.28867493863123994,0.06575111943932495
111,0.21033985310899211,0.0,0.18424888056067512,105,15,0.0,0,0,110,0.32299348022434127,0.5333333333333333,0.32258046170509397,0.23333333333333334,0.28867493863123994,0.21333333333333335,0.06575111943932495,0.02,0.12321864098778001,0.12321864098778001,1.0,0.4462121212121212,0.31523569023569026,0.22163299663299663,0.01691919191919192,0.1757706606001922,0.1757706606001922,0.0,0.24772942325471328,0.2878318050607938,0.2229169916449758,0.24152178003951708,0.0874466585491056,0.0874466585491056,1.0,0.34697077223341727,0.30153374764824203,0.22227499413898621,0.1292204859793545,0.0,0.0,1.0,0.32299348022434127,0.32258046170509397,0.28867493863123994,0.06575111943932495
112,0.22533985310899213,0.0,0.18424888056067512,80,15,0.0,0,0,110,0.32299348022434127,0.5483333333333333,0.32258046170509397,0.24166666666666667,0.28867493863123994,0.19,0.06575111943932495,0.02,0.12321864098778001,0.12321864098778001,1.0,0.4462121212121212,0.31523569023569026,0.22163299663299663,0.01691919191919192,0.1757706606001922,0.1757706606001922,0.0,0.24772942325471328,0.2878318050607938,0.2229169916449758,0.24152178003951708,0.0874466585491056,0.0874466585491056,1.0,0.34697077223341727,0.30153374764824203,0.22227499413898621,0.1292204859793545,0.0,0.0,1.0,0.32299348022434127,0.32258046170509397,0.28867493863123994,0.06575111943932495
113,0.23033985310899213,0.0,0.18424888056067512,99,16,0.0,0,0,110,0.32299348022434127,0.5533333333333333,0.32258046170509397,0.24166666666666667,0.28867493863123994,0.18333333333333332,0.06575111943932495,0.021666666666666667,0.12321864098778001,0.12321864098778001,1.0,0.4462121212121212,0.31523569023569026,0.22163299663299663,0.01691919191919192,0.1757706606001922,0.1757706606001922,0.0,0.24772942325471328,0.2878318050607938,0.2229169916449758,0.24152178003951708,0.0874466585491056,0.0874466585491056,1.0,0.34697077223341727,0.30153374764824203,0.22227499413898621,0.1292204859793545,0.0,0.0,1.0,0.32299348022434127,0.32258046170509397,0.28867493863123994,0.06575111943932495
114,0.22867318644232545,0.0,0.18424888056067512,86,17,0.0,0,0,110,0.32299348022434127,0.5516666666666666,0.32258046170509397,0.23666666666666666,0.28867493863123994,0.18833333333333332,0.06575111943932495,0.023333333333333334,0.12321864098778001,0.12321864098778001,1.0,0.4462121212121212,0.31523569023569026,0.22163299663299663,0.01691919191919192,0.1757706606001922,0.1757706606001922,0.0,0.24772942325471328,0.2878318050607938,0.2229169916449758,0.24152178003951708,0.0874466585491056,0.0874466585491056,1.0,0.34697077223341727,0.30153374764824203,0.22227499413898621,0.1292204859793545,0.0,0.0,1.0,0.32299348022434127,0.32258046170509397,0.28867493863123994,0.06575111943932495
115,0.23867318644232546,0.0,0.18424888056067512,87,18,0.0,0,0,110,0.32299348022434127,0.5616666666666666,0.32258046170509397,0.23666666666666666,0.28867493863123994,0.18,0.06575111943932495,0.021666666666666667,0.12321864098778001,0.12321864098778001,1.0,0.4462121212121212,0.31523569023569026,0.22163299663299663,0.01691919191919192,0.1757706606001922,0.1757706606001922,0.0,0.24772942325471328,0.2878318050607938,0.2229169916449758,0.24152178003951708,0.0874466585491056,0.0874466585491056,1.0,0.34697077223341727,0.30153374764824203,0.22227499413898621,0.1292204859793545,0.0,0.0,1.0,0.32299348022434127,0.32258046170509397,0.28867493863123994,0.06575111943932495
116,0.24367318644232544,0.0,0.18424888056067512,100,18,0.0,0,0,110,0.32299348022434127,0.5666666666666667,0.32258046170509397,0.23833333333333334,0.28867493863123994,0.175,0.06575111943932495,0.02,0.12321864098778001,0.12321864098778001,1.0,0.4462121212121212,0.31523569023569026,0.22163299663299663,0.01691919191919192,0.1757706606001922,0.1757706606001922,0.0,0.24772942325471328,0.2878318050607938,0.2229169916449758,0.24152178003951708,0.0874466585491056,0.0874466585491056,1.0,0.34697077223341727,0.30153374764824203,0.22227499413898621,0.1292204859793545,0.0,0.0,1.0,0.32299348022434127,0.32258046170509397,0.28867493863123994,0.06575111943932495
117,0.23867318644232546,0.0,0.18424888056067512,91,18,0.0,0,0,110,0.32299348022434127,0.5616666666666666,0.32258046170509397,0.24,0.28867493863123994,0.175,0.06575111943932495,0.023333333333333334,0.12321864098778001,0.12321864098778001,1.0,0.4462121212121212,0.31523569023569026,0.22163299663299663,0.01691919191919192,0.1757706606001922,0.1757706606001922,0.0,0.24772942325471328,0.2878318050607938,0.2229169916449758,0.24152178003951708,0.0874466585491056,0.0874466585491056,1.0,0.34697077223341727,0.30153374764824203,0.22227499413898621,0.1292204859793545,0.0,0.0,1.0,0.32299348022434127,0.32258046170509397,0.28867493863123994,0.06575111943932495
118,0.24200651977565876,0.0,0.18424888056067512,104,18,0.0,0,0,110,0.32299348022434127,0.565,0.32258046170509397,0.23833333333333334,0.28867493863123994,0.17333333333333334,0.06575111943932495,0.023333333333333334,0.12321864098778001,0.12321864098778001,1.0,0.4462121212121212,0.31523569023569026,0.22163299663299663,0.01691919191919192,0.1757706606001922,0.1757706606001922,0.0,0.24772942325471328,0.2878318050607938,0.2229169916449758,0.24152178003951708,0.0874466585491056,0.0874466585491056,1.0,0.34697077223341727,0.30153374764824203,0.22227499413898621,0.1292204859793545,0.0,0.0,1.0,0.32299348022434127,0.32258046170509397,0.28867493863123994,0.06575111943932495
119,0.25033985310899215,0.0,0.18424888056067512,106,18,0.0,0,0,110,0.32299348022434127,0.5733333333333334,0.32258046170509397,0.23166666666666666,0.28867493863123994,0.17333333333333334,0.06575111943932495,0.021666666666666667,0.12321864098778001,0.12321864098778001,1.0,0.4462121212121212,0.31523569023569026,0.22163299663299663,0.01691919191919192,0.1757706606001922,0.1757706606001922,0.0,0.24772942325471328,0.2878318050607938,0.2229169916449758,0.24152178003951708,0.0874466585491056,0.0874466585491056,1.0,0.34697077223341727,0.30153374764824203,0.22227499413898621,0.1292204859793545,0.0,0.0,1.0,0.32299348022434127,0.32258046170509397,0.28867493863123994,0.06575111943932495
120,0.25700651977565875,0.0,0.18424888056067512,98,18,0.0,0,1,120,0.32299348022434127,0.58,0.32258046170509397,0.225,0.28867493863123994,0.17333333333333334,0.06575111943932495,0.021666666666666667,0.20583985310899214,0.20583985310899214,1.0,0.5288333333333334,0.246,0.20658333333333334,0.018583333333333334,0.15593862549700171,0.15593862549700171,1.0,0.29601137557467244,0.20929230486302072,0.2730065746259802,0.22168974493632657,0.1438142939251667,0.1438142939251667,1.0,0.4124223544540029,0.22764615243151037,0.23979495397965678,0.12013653913482995,0.0,0.0,1.0,0.32299348022434127,0.32258046170509397,0.28867493863123994,0.06575111943932495
121,0.25033985310899215,0.0,0.18424888056067512,103,18,0.0,0,0,120,0.32299348022434127,0.5733333333333334,0.32258046170509397,0.23,0.28867493863123994,0.175,0.06575111943932495,0.021666666666666667,0.20583985310899214,0.20583985310899214,1.0,0.5288333333333334,0.246,0.20658333333333334,0.018583333333333334,0.15593862549700171,0.15593862549700171,1.0,0.29601137557467244,0.20929230486302072,0.2730065746259802,0.22168974493632657,0.1438142939251667,0.1438142939251667,1.0,0.4124223544540029,0.22764615243151037,0.23979495397965678,0.12013653913482995,0.0,0.0,1.0,0.32299348022434127,0.32258046170509397,0.28867493863123994,0.06575111943932495
122,0.2586731864423254,0.0,0.18424888056067512,88,18,0.0,0,0,120,0.32299348022434127,0.5816666666666667,0.32258046170509397,0.23,0.28867493863123994,0.17,0.06575111943932495,0.018333333333333333,0.20583985310899214,0.20583985310899214,1.0,0.5288333333333334,0.246,0.20658333333333334,0.018583333333333334,0.15593862549700171,0.15593862549700171,1.0,0.29601137557467244,0.20929230486302072,0.2730065746259802,0.22168974493632657,0.1438142939251667,0.1438142939251667,1.0,0.4124223544540029,0.22764615243151037,0.23979495397965678,0.12013653913482995,0.0,0.0,1.0,0.32299348022434127,0.32258046170509397,0.28867493863123994,0.06575111943932495
123,0.25367318644232545,0.0,0.18424888056067512,100,18,0.0,0,0,120,0.32299348022434127,0.5766666666666667,0.32258046170509397,0.22333333333333333,0.28867493863123994,0.18166666666666667,0.06575111943932495,0.018333333333333333,0.20583985310899214,0.20583985310899214,1.0,0.5288333333333334,0.246,0.20658333333333334,0.018583333333333334,0.15593862549700171,0.15593862549700171,1.0,0.29601137557467244,0.20929230486302072,0.2730065746259802,0.22168974493632657,0.1438142939251667,0.1438142939251667,1.0,0.4124223544540029,0.22764615243151037,0.23979495397965678,0.12013653913482995,0.0,0.0,1.0,0.32299348022434127,0.32258046170509397,0.28867493863123994,0.06575111943932495
124,0.24700651977565877,0.0,0.18424888056067512,118,18,0.0,0,0,120,0.32299348022434127,0.57,0.32258046170509397,0.22,0.28867493863123994,0.19166666666666668,0.06575111943932495,0.018333333333333333,0.20583985310899214,0.20583985310899214,1.0,0.5288333333333334,0.246,0.20658333333333334,0.018583333333333334,0.15593862549700171,0.15593862549700171,1.0,0.29601137557467244,0.20929230486302072,0.2730065746259802,0.22168974493632657,0.1438142939251667,0.1438142939251667,1.0,0.4124223544540029,0.22764615243151037,0.23979495397965678,0.12013653913482995,0.0,0.0,1.0,0.32299348022434127,0.32258046170509397,0.28867493863123994,0.06575111943932495
125,0.2420065197756588,0.0,0.18424888056067512,105,18,0.0,0,0,120,0.32299348022434127,0.565,0.32258046170509397,0.21833333333333332,0.28867493863123994,0.19666666666666666,0.06575111943932495,0.02,0.20583985310899214,0.20583985310899214,1.0,0.5288333333333334,0.246,0.20658333333333334,0.018583333333333334,0.15593862549700171,0.15593862549700171,1.0,0.29601137557467244,0.20929230486302072,0.2730065746259802,0.22168974493632657,0.1438142939251667,0.1438142939251667,1.0,0.4124223544540029,0.22764615243151037,0.23979495397965678,0.12013653913482995,0.0,0.0,1.0,0.32299348022434127,0.32258046170509397,0.28867493863123994,0.06575111943932495
126,0.24367318644232544,0.0,0.18424888056067512,103,18,0.0,0,0,120,0.32299348022434127,0.5666666666666667,0.32258046170509397,0.21666666666666667,0.28867493863123994,0.19666666666666666,0.06575111943932495,0.02,0.20583985310899214,0.20583985310899214,1.0,0.5288333333333334,0.246,0.20658333333333334,0.018583333333333334,0.15593862549700171,0.15593862549700171,1.0,0.29601137557467244,0.20929230486302072,0.2730065746259802,0.22168974493632657,0.1438142939251667,0.1438142939251667,1.0,0.4124223544540029,0.22764615243151037,0.23979495397965678,0.12013653913482995,0.0,0.0,1.0,0.32299348022434127,0.32258046170509397,0.28867493863123994,0.06575111943932495
127,0.2420065197756588,0.0,0.18424888056067512,105,18,0.0,0,0,120,0.32299348022434127,0.565,0.32258046170509397,0.21333333333333335,0.28867493863123994,0.205,0.06575111943932495,0.016666666666666666,0.20583985310899214,0.20583985310899214,1.0,0.5288333333333334,0.246,0.20658333333333334,0.018583333333333334,0.15593862549700171,0.15593862549700171,1.0,0.29601137557467244,0.20929230486302072,0.2730065746259802,0.22168974493632657,0.1438142939251667,0.1438142939251667,1.0,0.4124223544540029,0.22764615243151037,0.23979495397965678,0.12013653913482995,0.0,0.0,1.0,0.32299348022434127,0.32258046170509397,0.28867493863123994,0.06575111943932495
128,0.23867318644232544,0.0,0.18424888056067512,99,18,0.0,0,0,120,0.32299348022434127,0.5616666666666666,0.32258046170509397,0.215,0.28867493863123994,0.20666666666666667,0.06575111943932495,0.016666666666666666,0.20583985310899214,0.20583985310899214,1.0,0.5288333333333334,0.246,0.20658333333333334,0.018583333333333334,0.15593862549700171,0.15593862549700171,1.0,0.29601137557467244,0.20929230486302072,0.2730065746259802,0.22168974493632657,0.1438142939251667,0.1438142939251667,1.0,0.4124223544540029,0.22764615243151037,0.23979495397965678,0.12013653913482995,0.0,0.0,1.0,0.32299348022434127,0.32258046170509397,0.28867493863123994,0.06575111943932495
129,0.2420065197756588,0.0,0.18424888056067512,89,18,0.0,0,0,120,0.32299348022434127,0.565,0.32258046170509397,0.21333333333333335,0.28867493863123994,0.205,0.06575111943932495,0.016666666666666666,0.20583985310899214,0.20583985310899214,1.0,0.5288333333333334,0.246,0.20658333333333334,0.018583333333333334,0.15593862549700171,0.15593862549700171,1.0,0.29601137557467244,0.20929230486302072,0.2730065746259802,0.22168974493632657,0.1438142939251667,0.1438142939251667,1.0,0.4124223544540029,0.22764615243151037,0.23979495397965678,0.12013653913482995,0.0,0.0,1.0,0.32299348022434127,0.32258046170509397,0.28867493863123994,0.06575111943932495
130,0.24033985310899214,0.0,0.18424888056067512,96,18,0.0,0,1,130,0.32299348022434127,0.5633333333333334,0.32258046170509397,0.21333333333333335,0.28867493863123994,0.20666666666666667,0.06575111943932495,0.016666666666666666,0.2411731864423255,0.2411731864423255,1.0,0.5641666666666667,0.22783333333333333,0.188,0.02,0.23141631880307437,0.23141631880307437,0.0,0.19448276051468982,0.2847828707523784,0.22356693049053256,0.2971674382423993,0.14916383304821174,0.14916383304821174,1.0,0.37932471359067826,0.25630810204285587,0.20578346524526628,0.15858371912119965,0.0,0.0,1.0,0.32299348022434127,0.32258046170509397,0.28867493863123994,0.06575111943932495
131,0.23867318644232544,0.0,0.18424888056067512,94,18,0.0,0,0,130,0.32299348022434127,0.5616666666666666,0.32258046170509397,0.21666666666666667,0.28867493863123994,0.205,0.06575111943932495,0.016666666666666666,0.2411731864423255,0.2411731864423255,1.0,0.5641666666666667,0.22783333333333333,0.188,0.02,0.23141631880307437,0.23141631880307437,0.0,0.19448276051468982,0.2847828707523784,0.22356693049053256,0.2971674382423993,0.14916383304821174,0.14916383304821174,1.0,0.37932471359067826,0.25630810204285587,0.20578346524526628,0.15858371912119965,0.0,0.0,1.0,0.32299348022434127,0.32258046170509397,0.28867493863123994,0.06575111943932495
132,0.2370065197756588,0.0,0.18424888056067512,89,18,0.0,0,0,130,0.32299348022434127,0.56,0.32258046170509397,0.215,0.28867493863123994,0.20666666666666667,0.06575111943932495,0.018333333333333333,0.2411731864423255,0.2411731864423255,1.0,0.5641666666666667,0.22783333333333333,0.188,0.02,0.23141631880307437,0.23141631880307437,0.0,0.19448276051468982,0.2847828707523784,0.22356693049053256,0.2971674382423993,0.14916383304821174,0.14916383304821174,1.0,0.37932471359067826,0.25630810204285587,0.20578346524526628,0.15858371912119965,0.0,0.0,1.0,0.32299348022434127,0.32258046170509397,0.28867493863123994,0.06575111943932495
133,0.23200651977565884,0.0,0.18424888056067512,88,18,0.0,0,0,130,0.32299348022434127,0.555,0.32258046170509397,0.21833333333333332,0.28867493863123994,0.21,0.06575111943932495,0.016666666666666666,0.2411731864423255,0.2411731864423255,1.0,0.5641666666666667,0.22783333333333333,0.188,0.02,0.23141631880307437,0.23141631880307437,0.0,0.19448276051468982,0.2847828707523784,0.22356693049053256,0.2971674382423993,0.14916383304821174,0.14916383304821174,1.0,0.37932471359067826,0.25630810204285587,0.20578346524526628,0.15858371912119965,0.0,0.0,1.0,0.32299348022434127,0.32258046170509397,0.28867493863123994,0.06575111943932495
134,0.2320065197756588,0.0,0.18424888056067512,97,18,0.0,0,0,130,0.32299348022434127,0.555,0.32258046170509397,0.21666666666666667,0.28867493863123994,0.21166666666666667,0.06575111943932495,0.016666666666666666,0.2411731864423255,0.2411731864423255,1.0,0.5641666666666667,0.22783333333333333,0.188,0.02,0.23141631880307437,0.23141631880307437,0.0,0.19448276051468982,0.2847828707523784,0.22356693049053256,0.2971674382423993,0.14916383304821174,0.14916383304821174,1.0,0.37932471359067826,0.25630810204285587,0.20578346524526628,0.15858371912119965,0.0,0.0,1.0,0.32299348022434127,0.32258046170509397,0.28867493863123994,0.06575111943932495
135,0.23033985310899213,0.0,0.18424888056067512,92,18,0.0,0,0,130,0.32299348022434127,0.5533333333333333,0.32258046170509397,0.21666666666666667,0.28867493863123994,0.21333333333333335,0.06575111943932495,0.016666666666666666,0.2411731864423255,0.2411731864423255,1.0,0.5641666666666667,0.22783333333333333,0.188,0.02,0.23141631880307437,0.23141631880307437,0.0,0.19448276051468982,0.2847828707523784,0.22356693049053256,0.2971674382423993,0.14916383304821174,0.14916383304821174,1.0,0.37932471359067826,0.25630810204285587,0.20578346524526628,0.15858371912119965,0.0,0.0,1.0,0.32299348022434127,0.32258046170509397,0.28867493863123994,0.06575111943932495
136,0.2320065197756588,0.0,0.18424888056067512,100,18,0.0,0,0,130,0.32299348022434127,0.555,0.32258046170509397,0.21166666666666667,0.28867493863123994,0.21666666666666667,0.06575111943932495,0.016666666666666666,0.2411731864423255,0.2411731864423255,1.0,0.5641666666666667,0.22783333333333333,0.188,0.02,0.23141631880307437,0.23141631880307437,0.0,0.19448276051468982,0.2847828707523784,0.22356693049053256,0.2971674382423993,0.14916383304821174,0.14916383304821174,1.0,0.37932471359067826,0.25630810204285587,0.20578346524526628,0.15858371912119965,0.0,0.0,1.0,0.32299348022434127,0.32258046170509397,0.28867493863123994,0.06575111943932495
137,0.22867318644232543,0.0,0.18424888056067512,105,18,0.0,0,0,130,0.32299348022434127,0.5516666666666666,0.32258046170509397,0.215,0.28867493863123994,0.21666666666666667,0.06575111943932495,0.016666666666666666,0.2411731864423255,0.2411731864423255,1.0,0.5641666666666667,0.22783333333333333,0.188,0.02,0.23141631880307437,0.23141631880307437,0.0,0.19448276051468982,0.2847828707523784,0.22356693049053256,0.2971674382423993,0.14916383304821174,0.14916383304821174,1.0,0.37932471359067826,0.25630810204285587,0.20578346524526628,0.15858371912119965,0.0,0.0,1.0,0.32299348022434127,0.32258046170509397,0.28867493863123994,0.06575111943932495
138,0.22867318644232545,0.0,0.18424888056067512,98,18,0.0,0,0,130,0.32299348022434127,0.5516666666666666,0.32258046170509397,0.21333333333333335,0.28867493863123994,0.21833333333333332,0.06575111943932495,0.016666666666666666,0.2411731864423255,0.2411731864423255,1.0,0.5641666666666667,0.22783333333333333,0.188,0.02,0.23141631880307437,0.23141631880307437,0.0,0.19448276051468982,0.2847828707523784,0.22356693049053256,0.2971674382423993,0.14916383304821174,0.14916383304821174,1.0,0.37932471359067826,0.25630810204285587,0.20578346524526628,0.15858371912119965,0.0,0.0,1.0,0.32299348022434127,0.32258046170509397,0.28867493863123994,0.06575111943932495
139,0.22867318644232545,0.0,0.18424888056067512,99,18,0.0,0,0,130,0.32299348022434127,0.5516666666666666,0.32258046170509397,0.21333333333333335,0.28867493863123994,0.21833333333333332,0.06575111943932495,0.016666666666666666,0.2411731864423255,0.2411731864423255,1.0,0.5641666666666667,0.22783333333333333,0.188,0.02,0.23141631880307437,0.23141631880307437,0.0,0.19448276051468982,0.2847828707523784,0.22356693049053256,0.2971674382423993,0.14916383304821174,0.14916383304821174,1.0,0.37932471359067826,0.25630810204285587,0.20578346524526628,0.15858371912119965,0.0,0.0,1.0,0.32299348022434127,0.32258046170509397,0.28867493863123994,0.06575111943932495
140,0.22867318644232543,0.0,0.18424888056067512,100,18,0.0,0,1,140,0.32299348022434127,0.5516666666666666,0.32258046170509397,0.215,0.28867493863123994,0.21666666666666667,0.06575111943932495,0.016666666666666666,0.23875651977565876,0.23875651977565876,1.0,0.56175,0.21725,0.20341666666666666,0.017583333333333333,0.1482872985152547,0.1482872985152547,1.0,0.31442536251917375,0.24822655461457618,0.2233096649116705,0.21403841795457965,0.1651539572398772,0.1651539572398772,1.0,0.43808768125958686,0.23273827730728808,0.21336316578916859,0.11581087564395649,0.0,0.0,1.0,0.32299348022434127,0.32258046170509397,0.28867493863123994,0.06575111943932495
141,0.2270065197756588,0.0,0.18424888056067512,112,18,0.0,0,0,140,0.32299348022434127,0.55,0.32258046170509397,0.215,0.28867493863123994,0.21833333333333332,0.06575111943932495,0.016666666666666666,0.23875651977565876,0.23875651977565876,1.0,0.56175,0.21725,0.20341666666666666,0.017583333333333333,0.1482872985152547,0.1482872985152547,1.0,0.31442536251917375,0.24822655461457618,0.2233096649116705,0.21403841795457965,0.1651539572398772,0.1651539572398772,1.0,0.43808768125958686,0.23273827730728808,0.21336316578916859,0.11581087564395649,0.0,0.0,1.0,0.32299348022434127,0.32258046170509397,0.28867493863123994,0.06575111943932495
142,0.2270065197756588,0.0,0.18424888056067512,88,18,0.0,0,0,140,0.32299348022434127,0.55,0.32258046170509397,0.215,0.28867493863123994,0.21833333333333332,0.06575111943932495,0.016666666666666666,0.23875651977565876,0.23875651977565876,1.0,0.56175,0.21725,0.20341666666666666,0.017583333333333333,0.1482872985152547,0.1482872985152547,1.0,0.31442536251917375,0.24822655461457618,0.2233096649116705,0.21403841795457965,0.1651539572398772,0.1651539572398772,1.0,0.43808768125958686,0.23273827730728808,0.21336316578916859,0.11581087564395649,0.0,0.0,1.0,0.32299348022434127,0.32258046170509397,0.28867493863123994,0.06575111943932495
143,0.22367318644232545,0.0,0.18424888056067512,86,18,0.0,0,0,140,0.32299348022434127,0.5466666666666666,0.32258046170509397,0.21666666666666667,0.28867493863123994,0.21833333333333332,0.06575111943932495,0.018333333333333333,0.23875651977565876,0.23875651977565876,1.0,0.56175,0.21725,0.20341666666666666,0.017583333333333333,0.1482872985152547,0.1482872985152547,1.0,0.31442536251917375,0.24822655461457618,0.2233096649116705,0.21403841795457965,0.1651539572398772,0.1651539572398772,1.0,0.43808768125958686,0.23273827730728808,0.21336316578916859,0.11581087564395649,0.0,0.0,1.0,0.32299348022434127,0.32258046170509397,0.28867493863123994,0.06575111943932495
144,0.2220065197756588,0.0,0.18424888056067512,105,18,0.0,0,0,140,0.32299348022434127,0.545,0.32258046170509397,0.21666666666666667,0.28867493863123994,0.22,0.06575111943932495,0.018333333333333333,0.23875651977565876,0.23875651977565876,1.0,0.56175,0.21725,0.20341666666666666,0.017583333333333333,0.1482872985152547,0.1482872985152547,1.0,0.31442536251917375,0.24822655461457618,0.2233096649116705,0.21403841795457965,0.1651539572398772,0.1651539572398772,1.0,0.43808768125958686,0.23273827730728808,0.21336316578916859,0.11581087564395649,0.0,0.0,1.0,0.32299348022434127,0.32258046170509397,0.28867493863123994,0.06575111943932495
145,0.22033985310899215,0.0,0.18424888056067512,108,18,0.0,0,0,140,0.32299348022434127,0.5433333333333333,0.32258046170509397,0.21833333333333332,0.28867493863123994,0.22,0.06575111943932495,0.018333333333333333,0.23875651977565876,0.23875651977565876,1.0,0.56175,0.21725,0.20341666666666666,0.017583333333333333,0.1482872985152547,0.1482872985152547,1.0,0.31442536251917375,0.24822655461457618,0.2233096649116705,0.21403841795457965,0.1651539572398772,0.1651539572398772,1.0,0.43808768125958686,0.23273827730728808,0.21336316578916859,0.11581087564395649,0.0,0.0,1.0,0.32299348022434127,0.32258046170509397,0.28867493863123994,0.06575111943932495
146,0.2170065197756588,0.0,0.18424888056067512,92,18,0.0,0,0,140,0.32299348022434127,0.54,0.32258046170509397,0.22166666666666668,0.28867493863123994,0.22,0.06575111943932495,0.018333333333333333,0.23875651977565876,0.23875651977565876,1.0,0.56175,0.21725,0.20341666666666666,0.017583333333333333,0.1482872985152547,0.1482872985152547,1.0,0.31442536251917375,0.24822655461457618,0.2233096649116705,0.21403841795457965,0.1651539572398772,0.1651539572398772,1.0,0.43808768125958686,0.23273827730728808,0.21336316578916859,0.11581087564395649,0.0,0.0,1.0,0.32299348022434127,0.32258046170509397,0.28867493863123994,0.06575111943932495
147,0.21533985310899212,0.0,0.18424888056067512,92,18,0.0,0,0,140,0.32299348022434127,0.5383333333333333,0.32258046170509397,0.22166666666666668,0.28867493863123994,0.22166666666666668,0.06575111943932495,0.018333333333333333,0.23875651977565876,0.23875651977565876,1.0,0.56175,0.21725,0.20341666666666666,0.017583333333333333,0.1482872985152547,0.1482872985152547,1.0,0.31442536251917375,0.24822655461457618,0.2233096649116705,0.21403841795457965,0.1651539572398772,0.1651539572398772,1.0,0.43808768125958686,0.23273827730728808,0.21336316578916859,0.11581087564395649,0.0,0.0,1.0,0.32299348022434127,0.32258046170509397,0.28867493863123994,0.06575111943932495
148,0.2170065197756588,0.0,0.18424888056067512,92,18,0.0,0,0,140,0.32299348022434127,0.54,0.32258046170509397,0.22166666666666668,0.28867493863123994,0.22,0.06575111943932495,0.018333333333333333,0.23875651977565876,0.23875651977565876,1.0,0.56175,0.21725,0.20341666666666666,0.017583333333333333,0.1482872985152547,0.1482872985152547,1.0,0.31442536251917375,0.24822655461457618,0.2233096649116705,0.21403841795457965,0.1651539572398772,0.1651539572398772,1.0,0.43808768125958686,0.23273827730728808,0.21336316578916859,0.11581087564395649,0.0,0.0,1.0,0.32299348022434127,0.32258046170509397,0.28867493863123994,0.06575111943932495
149,0.21867318644232545,0.0,0.18424888056067512,105,18,0.0,0,0,140,0.32299348022434127,0.5416666666666666,0.32258046170509397,0.21833333333333332,0.28867493863123994,0.22166666666666668,0.06575111943932495,0.018333333333333333,0.23875651977565876,0.23875651977565876,1.0,0.56175,0.21725,0.20341666666666666,0.017583333333333333,0.1482872985152547,0.1482872985152547,1.0,0.31442536251917375,0.24822655461457618,0.2233096649116705,0.21403841795457965,0.1651539572398772,0.1651539572398772,1.0,0.43808768125958686,0.23273827730728808,0.21336316578916859,0.11581087564395649,0.0,0.0,1.0,0.32299348022434127,0.32258046170509397,0.28867493863123994,0.06575111943932495
150,0.22033985310899212,0.0,0.18424888056067512,98,18,0.0,0,1,150,0.32299348022434127,0.5433333333333333,0.32258046170509397,0.215,0.28867493863123994,0.22333333333333333,0.06575111943932495,0.018333333333333333,0.22625651977565883,0.22625651977565883,1.0,0.54925,0.21658333333333332,0.21675,0.017416666666666667,0.19426263194099627,0.19426263194099627,0.0,0.1843200748283369,0.3162533656445652,0.2394128081467768,0.2600137513803212,0.11675564677399622,0.11675564677399622,1.0,0.36678503741416846,0.26641834948894927,0.2280814040733884,0.13871520902349394,0.0,0.0,1.0,0.32299348022434127,0.32258046170509397,0.28867493863123994,0.06575111943932495
151,0.21200651977565882,0.0,0.18424888056067512,93,18,0.0,0,0,150,0.32299348022434127,0.535,0.32258046170509397,0.22333333333333333,0.28867493863123994,0.22333333333333333,0.06575111943932495,0.018333333333333333,0.22625651977565883,0.22625651977565883,1.0,0.54925,0.21658333333333332,0.21675,0.017416666666666667,0.19426263194099627,0.19426263194099627,0.0,0.1843200748283369,0.3162533656445652,0.2394128081467768,0.2600137513803212,0.11675564677399622,0.11675564677399622,1.0,0.36678503741416846,0.26641834948894927,0.2280814040733884,0.13871520902349394,0.0,0.0,1.0,0.32299348022434127,0.32258046170509397,0.28867493863123994,0.06575111943932495
152,0.21867318644232545,0.0,0.18424888056067512,101,18,0.0,0,0,150,0.32299348022434127,0.5416666666666666,0.32258046170509397,0.22,0.28867493863123994,0.22,0.06575111943932495,0.018333333333333333,0.22625651977565883,0.22625651977565883,1.0,0.54925,0.21658333333333332,0.21675,0.017416666666666667,0.19426263194099627,0.19426263194099627,0.0,0.1843200748283369,0.3162533656445652,0.2394128081467768,0.2600137513803212,0.11675564677399622,0.11675564677399622,1.0,0.36678503741416846,0.26641834948894927,0.2280814040733884,0.13871520902349394,0.0,0.0,1.0,0.32299348022434127,0.32258046170509397,0.28867493863123994,0.06575111943932495
153,0.21533985310899212,0.0,0.18424888056067512,81,18,0.0,0,0,150,0.32299348022434127,0.5383333333333333,0.32258046170509397,0.22166666666666668,0.28867493863123994,0.22166666666666668,0.06575111943932495,0.018333333333333333,0.22625651977565883,0.22625651977565883,1.0,0.54925,0.21658333333333332,0.21675,0.017416666666666667,0.19426263194099627,0.19426263194099627,0.0,0.1843200748283369,0.3162533656445652,0.2394128081467768,0.2600137513803212,0.11675564677399622,0.11675564677399622,1.0,0.36678503741416846,0.26641834948894927,0.2280814040733884,0.13871520902349394,0.0,0.0,1.0,0.32299348022434127,0.32258046170509397,0.28867493863123994,0.06575111943932495
154,0.21867318644232545,0.0,0.18424888056067512,95,18,0.0,0,0,150,0.32299348022434127,0.5416666666666666,0.32258046170509397,0.22,0.28867493863123994,0.22,0.06575111943932495,0.018333333333333333,0.22625651977565883,0.22625651977565883,1.0,0.54925,0.21658333333333332,0.21675,0.017416666666666667,0.19426263194099627,0.19426263194099627,0.0,0.1843200748283369,0.3162533656445652,0.2394128081467768,0.2600137513803212,0.11675564677399622,0.11675564677399622,1.0,0.36678503741416846,0.26641834948894927,0.2280814040733884,0.13871520902349394,0.0,0.0,1.0,0.32299348022434127,0.32258046170509397,0.28867493863123994,0.06575111943932495
155,0.22200651977565883,0.0,0.18424888056067512,106,18,0.0,0,0,150,0.32299348022434127,0.545,0.32258046170509397,0.21833333333333332,0.28867493863123994,0.21833333333333332,0.06575111943932495,0.018333333333333333,0.22625651977565883,0.22625651977565883,1.0,0.54925,0.21658333333333332,0.21675,0.017416666666666667,0.19426263194099627,0.19426263194099627,0.0,0.1843200748283369,0.3162533656445652,0.2394128081467768,0.2600137513803212,0.11675564677399622,0.11675564677399622,1.0,0.36678503741416846,0.26641834948894927,0.2280814040733884,0.13871520902349394,0.0,0.0,1.0,0.32299348022434127,0.32258046170509397,0.28867493863123994,0.06575111943932495
156,0.22700651977565883,0.0,0.18424888056067512,93,18,0.0,0,0,150,0.32299348022434127,0.55,0.32258046170509397,0.21333333333333335,0.28867493863123994,0.21833333333333332,0.06575111943932495,0.018333333333333333,0.22625651977565883,0.22625651977565883,1.0,0.54925,0.21658333333333332,0.21675,0.017416666666666667,0.19426263194099627,0.19426263194099627,0.0,0.1843200748283369,0.3162533656445652,0.2394128081467768,0.2600137513803212,0.11675564677399622,0.11675564677399622,1.0,0.36678503741416846,0.26641834948894927,0.2280814040733884,0.13871520902349394,0.0,0.0,1.0,0.32299348022434127,0.32258046170509397,0.28867493863123994,0.06575111943932495
157,0.22867318644232545,0.0,0.18424888056067512,106,18,0.0,0,0,150,0.32299348022434127,0.5516666666666666,0.32258046170509397,0.21166666666666667,0.28867493863123994,0.21833333333333332,0.06575111943932495,0.018333333333333333,0.22625651977565883,0.22625651977565883,1.0,0.54925,0.21658333333333332,0.21675,0.017416666666666667,0.19426263194099627,0.19426263194099627,0.0,0.1843200748283369,0.3162533656445652,0.2394128081467768,0.2600137513803212,0.11675564677399622,0.11675564677399622,1.0,0.36678503741416846,0.26641834948894927,0.2280814040733884,0.13871520902349394,0.0,0.0,1.0,0.32299348022434127,0.32258046170509397,0.28867493863123994,0.06575111943932495
158,0.22700651977565883,0.0,0.18424888056067512,105,18,0.0,0,0,150,0.32299348022434127,0.55,0.32258046170509397,0.21333333333333335,0.28867493863123994,0.21833333333333332,0.06575111943932495,0.018333333333333333,0.22625651977565883,0.22625651977565883,1.0,0.54925,0.21658333333333332,0.21675,0.017416666666666667,0.19426263194099627,0.19426263194099627,0.0,0.1843200748283369,0.3162533656445652,0.2394128081467768,0.2600137513803212,0.11675564677399622,0.11675564677399622,1.0,0.36678503741416846,0.26641834948894927,0.2280814040733884,0.13871520902349394,0.0,0.0,1.0,0.32299348022434127,0.32258046170509397,0.28867493863123994,0.06575111943932495
159,0.23367318644232546,0.0,0.18424888056067512,108,18,0.0,0,0,150,0.32299348022434127,0.5566666666666666,0.32258046170509397,0.20833333333333334,0.28867493863123994,0.21833333333333332,0.06575111943932495,0.016666666666666666,0.22625651977565883,0.22625651977565883,1.0,0.54925,0.21658333333333332,0.21675,0.017416666666666667,0.19426263194099627,0.19426263194099627,0.0,0.1843200748283369,0.3162533656445652,0.2394128081467768,0.2600137513803212,0.11675564677399622,0.11675564677399622,1.0,0.36678503741416846,0.26641834948894927,0.2280814040733884,0.13871520902349394,0.0,0.0,1.0,0.32299348022434127,0.32258046170509397,0.28867493863123994,0.06575111943932495
160,0.2320065197756588,0.0,0.18424888056067512,108,18,0.0,0,1,160,0.32299348022434127,0.555,0.32258046170509397,0.21,0.28867493863123994,0.21833333333333332,0.06575111943932495,0.016666666666666666,0.22217318644232548,0.22217318644232548,1.0,0.5451666666666667,0.217,0.21983333333333333,0.018,0.255532154021102,0.255532154021102,0.0,0.17963577168350633,0.2696191873857987,0.22946176747026806,0.3212832734604269,0.1432982562416338,0.1432982562416338,1.0,0.3624012191750865,0.24330959369289934,0.22464755040180068,0.16964163673021346,0.0,0.0,1.0,0.32299348022434127,0.32258046170509397,0.28867493863123994,0.06575111943932495
161,0.23367318644232543,0.0,0.18424888056067512,99,18,0.0,0,0,160,0.32299348022434127,0.5566666666666666,0.32258046170509397,0.21,0.28867493863123994,0.21666666666666667,0.06575111943932495,0.016666666666666666,0.22217318644232548,0.22217318644232548,1.0,0.5451666666666667,0.217,0.21983333333333333,0.018,0.255532154021102,0.255532154021102,0.0,0.17963577168350633,0.2696191873857987,0.22946176747026806,0.3212832734604269,0.1432982562416338,0.1432982562416338,1.0,0.3624012191750865,0.24330959369289934,0.22464755040180068,0.16964163673021346,0.0,0.0,1.0,0.32299348022434127,0.32258046170509397,0.28867493863123994,0.06575111943932495
162,0.23533985310899214,0.0,0.18424888056067512,86,18,0.0,0,0,160,0.32299348022434127,0.5583333333333333,0.32258046170509397,0.20666666666666667,0.28867493863123994,0.21833333333333332,0.06575111943932495,0.016666666666666666,0.22217318644232548,0.22217318644232548,1.0,0.5451666666666667,0.217,0.21983333333333333,0.018,0.255532154021102,0.255532154021102,0.0,0.17963577168350633,0.2696191873857987,0.22946176747026806,0.3212832734604269,0.1432982562416338,0.1432982562416338,1.0,0.3624012191750865,0.24330959369289934,0.22464755040180068,0.16964163673021346,0.0,0.0,1.0,0.32299348022434127,0.32258046170509397,0.28867493863123994,0.06575111943932495
163,0.2320065197756588,0.0,0.18424888056067512,108,18,0.0,0,0,160,0.32299348022434127,0.555,0.32258046170509397,0.20666666666666667,0.28867493863123994,0.22,0.06575111943932495,0.018333333333333333,0.22217318644232548,0.22217318644232548,1.0,0.5451666666666667,0.217,0.21983333333333333,0.018,0.255532154021102,0.255532154021102,0.0,0.17963577168350633,0.2696191873857987,0.22946176747026806,0.3212832734604269,0.1432982562416338,0.1432982562416338,1.0,0.3624012191750865,0.24330959369289934,0.22464755040180068,0.16964163673021346,0.0,0.0,1.0,0.32299348022434127,0.32258046170509397,0.28867493863123994,0.06575111943932495
164,0.2320065197756588,0.0,0.18424888056067512,92,18,0.0,0,0,160,0.32299348022434127,0.555,0.32258046170509397,0.20666666666666667,0.28867493863123994,0.22,0.06575111943932495,0.018333333333333333,0.22217318644232548,0.22217318644232548,1.0,0.5451666666666667,0.217,0.21983333333333333,0.018,0.255532154021102,0.255532154021102,0.0,0.17963577168350633,0.2696191873857987,0.22946176747026806,0.3212832734604269,0.1432982562416338,0.1432982562416338,1.0,0.3624012191750865,0.24330959369289934,0.22464755040180068,0.16964163673021346,0.0,0.0,1.0,0.32299348022434127,0.32258046170509397,0.28867493863123994,0.06575111943932495
165,0.2320065197756588,0.0,0.18424888056067512,107,18,0.0,0,0,160,0.32299348022434127,0.555,0.32258046170509397,0.20666666666666667,0.28867493863123994,0.22,0.06575111943932495,0.018333333333333333,0.22217318644232548,0.22217318644232548,1.0,0.5451666666666667,0.217,0.21983333333333333,0.018,0.255532154021102,0.255532154021102,0.0,0.17963577168350633,0.2696191873857987,0.22946176747026806,0.3212832734604269,0.1432982562416338,0.1432982562416338,1.0,0.3624012191750865,0.24330959369289934,0.22464755040180068,0.16964163673021346,0.0,0.0,1.0,0.32299348022434127,0.32258046170509397,0.28867493863123994,0.06575111943932495
166,0.2320065197756588,0.0,0.18424888056067512,116,18,0.0,0,0,160,0.32299348022434127,0.555,0.32258046170509397,0.20666666666666667,0.28867493863123994,0.22,0.06575111943932495,0.018333333333333333,0.22217318644232548,0.22217318644232548,1.0,0.5451666666666667,0.217,0.21983333333333333,0.018,0.255532154021102,0.255532154021102,0.0,0.17963577168350633,0.2696191873857987,0.22946176747026806,0.3212832734604269,0.1432982562416338,0.1432982562416338,1.0,0.3624012191750865,0.24330959369289934,0.22464755040180068,0.16964163673021346,0.0,0.0,1.0,0.32299348022434127,0.32258046170509397,0.28867493863123994,0.06575111943932495
167,0.2320065197756588,0.0,0.18424888056067512,99,18,0.0,0,0,160,0.32299348022434127,0.555,0.32258046170509397,0.20666666666666667,0.28867493863123994,0.22,0.06575111943932495,0.018333333333333333,0.22217318644232548,0.22217318644232548,1.0,0.5451666666666667,0.217,0.21983333333333333,0.018,0.255532154021102,0.255532154021102,0.0,0.17963577168350633,0.2696191873857987,0.22946176747026806,0.3212832734604269,0.1432982562416338,0.1432982562416338,1.0,0.3624012191750865,0.24330959369289934,0.22464755040180068,0.16964163673021346,0.0,0.0,1.0,0.32299348022434127,0.32258046170509397,0.28867493863123994,0.06575111943932495
168,0.2320065197756588,0.0,0.18424888056067512,114,18,0.0,0,0,160,0.32299348022434127,0.555,0.32258046170509397,0.20666666666666667,0.28867493863123994,0.22,0.06575111943932495,0.018333333333333333,0.22217318644232548,0.22217318644232548,1.0,0.5451666666666667,0.217,0.21983333333333333,0.018,0.255532154021102,0.255532154021102,0.0,0.17963577168350633,0.2696191873857987,0.22946176747026806,0.3212832734604269,0.1432982562416338,0.1432982562416338,1.0,0.3624012191750865,0.24330959369289934,0.22464755040180068,0.16964163673021346,0.0,0.0,1.0,0.32299348022434127,0.32258046170509397,0.28867493863123994,0.06575111943932495
169,0.23033985310899213,0.0,0.18424888056067512,103,18,0.0,0,0,160,0.32299348022434127,0.5533333333333333,0.32258046170509397,0.20666666666666667,0.28867493863123994,0.22166666666666668,0.06575111943932495,0.018333333333333333,0.22217318644232548,0.22217318644232548,1.0,0.5451666666666667,0.217,0.21983333333333333,0.018,0.255532154021102,0.255532154021102,0.0,0.17963577168350633,0.2696191873857987,0.22946176747026806,0.3212832734604269,0.1432982562416338,0.1432982562416338,1.0,0.3624012191750865,0.24330959369289934,0.22464755040180068,0.16964163673021346,0.0,0.0,1.0,0.32299348022434127,0.32258046170509397,0.28867493863123994,0.06575111943932495
170,0.2320065197756588,0.0,0.18424888056067512,100,18,0.0,0,1,170,0.32299348022434127,0.555,0.32258046170509397,0.205,0.28867493863123994,0.22166666666666668,0.06575111943932495,0.018333333333333333,0.2279231864423255,0.2279231864423255,1.0,0.5509166666666667,0.21141666666666667,0.21966666666666668,0.018,0.18018774160750062,0.18018774160750062,0.0,0.26171324977185556,0.29968334772782673,0.19266454145349218,0.24593886104682547,0.1495397890790077,0.1495397890790077,1.0,0.4063149582192611,0.2555500071972467,0.20616560406007944,0.13196943052341273,0.0,0.0,1.0,0.32299348022434127,0.32258046170509397,0.28867493863123994,0.06575111943932495
171,0.23367318644232546,0.0,0.18424888056067512,105,18,0.0,0,0,170,0.32299348022434127,0.5566666666666666,0.32258046170509397,0.205,0.28867493863123994,0.22,0.06575111943932495,0.018333333333333333,0.2279231864423255,0.2279231864423255,1.0,0.5509166666666667,0.21141666666666667,0.21966666666666668,0.018,0.18018774160750062,0.18018774160750062,0.0,0.26171324977185556,0.29968334772782673,0.19266454145349218,0.24593886104682547,0.1495397890790077,0.1495397890790077,1.0,0.4063149582192611,0.2555500071972467,0.20616560406007944,0.13196943052341273,0.0,0.0,1.0,0.32299348022434127,0.32258046170509397,0.28867493863123994,0.06575111943932495
172,0.23033985310899213,0.0,0.18424888056067512,86,18,0.0,0,0,170,0.32299348022434127,0.5533333333333333,0.32258046170509397,0.205,0.28867493863123994,0.22333333333333333,0.06575111943932495,0.018333333333333333,0.2279231864423255,0.2279231864423255,1.0,0.5509166666666667,0.21141666666666667,0.21966666666666668,0.018,0.18018774160750062,0.18018774160750062,0.0,0.26171324977185556,0.29968334772782673,0.19266454145349218,0.24593886104682547,0.1495397890790077,0.1495397890790077,1.0,0.4063149582192611,0.2555500071972467,0.20616560406007944,0.13196943052341273,0.0,0.0,1.0,0.32299348022434127,0.32258046170509397,0.28867493863123994,0.06575111943932495
173,0.2320065197756588,0.0,0.18424888056067512,92,18,0.0,0,0,170,0.32299348022434127,0.555,0.32258046170509397,0.205,0.28867493863123994,0.22166666666666668,0.06575111943932495,0.018333333333333333,0.2279231864423255,0.2279231864423255,1.0,0.5509166666666667,0.21141666666666667,0.21966666666666668,0.018,0.18018774160750062,0.18018774160750062,0.0,0.26171324977185556,0.29968334772782673,0.19266454145349218,0.24593886104682547,0.1495397890790077,0.1495397890790077,1.0,0.4063149582192611,0.2555500071972467,0.20616560406007944,0.13196943052341273,0.0,0.0,1.0,0.32299348022434127,0.32258046170509397,0.28867493863123994,0.06575111943932495
174,0.23367318644232546,0.0,0.18424888056067512,117,18,0.0,0,0,170,0.32299348022434127,0.5566666666666666,0.32258046170509397,0.20333333333333334,0.28867493863123994,0.22166666666666668,0.06575111943932495,0.018333333333333333,0.2279231864423255,0.2279231864423255,1.0,0.5509166666666667,0.21141666666666667,0.21966666666666668,0.018,0.18018774160750062,0.18018774160750062,0.0,0.26171324977185556,0.29968334772782673,0.19266454145349218,0.24593886104682547,0.1495397890790077,0.1495397890790077,1.0,0.4063149582192611,0.2555500071972467,0.20616560406007944,0.13196943052341273,0.0,0.0,1.0,0.32299348022434127,0.32258046170509397,0.28867493863123994,0.06575111943932495
175,0.23033985310899213,0.0,0.18424888056067512,83,18,0.0,0,0,170,0.32299348022434127,0.5533333333333333,0.32258046170509397,0.20666666666666667,0.28867493863123994,0.22166666666666668,0.06575111943932495,0.018333333333333333,0.2279231864423255,0.2279231864423255,1.0,0.5509166666666667,0.21141666666666667,0.21966666666666668,0.018,0.18018774160750062,0.18018774160750062,0.0,0.26171324977185556,0.29968334772782673,0.19266454145349218,0.24593886104682547,0.1495397890790077,0.1495397890790077,1.0,0.4063149582192611,0.2555500071972467,0.20616560406007944,0.13196943052341273,0.0,0.0,1.0,0.32299348022434127,0.32258046170509397,0.28867493863123994,0.06575111943932495
176,0.2320065197756588,0.0,0.18424888056067512,86,18,0.0,0,0,170,0.32299348022434127,0.555,0.32258046170509397,0.20666666666666667,0.28867493863123994,0.22,0.06575111943932495,0.018333333333333333,0.2279231864423255,0.2279231864423255,1.0,0.5509166666666667,0.21141666666666667,0.21966666666666668,0.018,0.18018774160750062,0.18018774160750062,0.0,0.26171324977185556,0.29968334772782673,0.19266454145349218,0.24593886104682547,0.1495397890790077,0.1495397890790077,1.0,0.4063149582192611,0.2555500071972467,0.20616560406007944,0.13196943052341273,0.0,0.0,1.0,0.32299348022434127,0.32258046170509397,0.28867493863123994,0.06575111943932495
177,0.2320065197756588,0.0,0.18424888056067512,89,18,0.0,0,0,170,0.32299348022434127,0.555,0.32258046170509397,0.20666666666666667,0.28867493863123994,0.22,0.06575111943932495,0.018333333333333333,0.2279231864423255,0.2279231864423255,1.0,0.5509166666666667,0.21141666666666667,0.21966666666666668,0.018,0.18018774160750062,0.18018774160750062,0.0,0.26171324977185556,0.29968334772782673,0.19266454145349218,0.24593886104682547,0.1495397890790077,0.1495397890790077,1.0,0.4063149582192611,0.2555500071972467,0.20616560406007944,0.13196943052341273,0.0,0.0,1.0,0.32299348022434127,0.32258046170509397,0.28867493863123994,0.06575111943932495
178,0.2320065197756588,0.0,0.18424888056067512,99,18,0.0,0,0,170,0.32299348022434127,0.555,0.32258046170509397,0.20666666666666667,0.28867493863123994,0.22,0.06575111943932495,0.018333333333333333,0.2279231864423255,0.2279231864423255,1.0,0.5509166666666667,0.21141666666666667,0.21966666666666668,0.018,0.18018774160750062,0.18018774160750062,0.0,0.26171324977185556,0.29968334772782673,0.19266454145349218,0.24593886104682547,0.1495397890790077,0.1495397890790077,1.0,0.4063149582192611,0.2555500071972467,0.20616560406007944,0.13196943052341273,0.0,0.0,1.0,0.32299348022434127,0.32258046170509397,0.28867493863123994,0.06575111943932495
179,0.23367318644232546,0.0,0.18424888056067512,104,18,0.0,0,0,170,0.32299348022434127,0.5566666666666666,0.32258046170509397,0.20666666666666667,0.28867493863123994,0.21833333333333332,0.06575111943932495,0.018333333333333333,0.2279231864423255,0.2279231864423255,1.0,0.5509166666666667,0.21141666666666667,0.21966666666666668,0.018,0.18018774160750062,0.18018774160750062,0.0,0.26171324977185556,0.29968334772782673,0.19266454145349218,0.24593886104682547,0.1495397890790077,0.1495397890790077,1.0,0.4063149582192611,0.2555500071972467,0.20616560406007944,0.13196943052341273,0.0,0.0,1.0,0.32299348022434127,0.32258046170509397,0.28867493863123994,0.06575111943932495
180,0.2320065197756588,0.0,0.18424888056067512,100,18,0.0,0,1,180,0.32299348022434127,0.555,0.32258046170509397,0.20666666666666667,0.28867493863123994,0.22,0.06575111943932495,0.018333333333333333,0.2322565197756588,0.2322565197756588,1.0,0.55525,0.20633333333333334,0.22025,0.018166666666666668,0.16161984676540425,0.16161984676540425,1.0,0.28884717769047624,0.2662393878662007,0.2175424682385939,0.22737096620472916,0.15607280561726983,0.15607280561726983,1.0,0.4220485888452381,0.23628636059976704,0.21889623411929696,0.12276881643569791,0.0,0.0,1.0,0.32299348022434127,0.32258046170509397,0.28867493863123994,0.06575111943932495
181,0.2320065197756588,0.0,0.18424888056067512,105,18,0.0,0,0,180,0.32299348022434127,0.555,0.32258046170509397,0.20666666666666667,0.28867493863123994,0.22,0.06575111943932495,0.018333333333333333,0.2322565197756588,0.2322565197756588,1.0,0.55525,0.20633333333333334,0.22025,0.018166666666666668,0.16161984676540425,0.16161984676540425,1.0,0.28884717769047624,0.2662393878662007,0.2175424682385939,0.22737096620472916,0.15607280561726983,0.15607280561726983,1.0,0.4220485888452381,0.23628636059976704,0.21889623411929696,0.12276881643569791,0.0,0.0,1.0,0.32299348022434127,0.32258046170509397,0.28867493863123994,0.06575111943932495
182,0.23533985310899216,0.0,0.18424888056067512,103,18,0.0,0,0,180,0.32299348022434127,0.5583333333333333,0.32258046170509397,0.20333333333333334,0.28867493863123994,0.22,0.06575111943932495,0.018333333333333333,0.2322565197756588,0.2322565197756588,1.0,0.55525,0.20633333333333334,0.22025,0.018166666666666668,0.16161984676540425,0.16161984676540425,1.0,0.28884717769047624,0.2662393878662007,0.2175424682385939,0.22737096620472916,0.15607280561726983,0.15607280561726983,1.0,0.4220485888452381,0.23628636059976704,0.21889623411929696,0.12276881643569791,0.0,0.0,1.0,0.32299348022434127,0.32258046170509397,0.28867493863123994,0.06575111943932495
183,0.23533985310899214,0.0,0.18424888056067512,99,18,0.0,0,0,180,0.32299348022434127,0.5583333333333333,0.32258046170509397,0.20166666666666666,0.28867493863123994,0.22166666666666668,0.06575111943932495,0.018333333333333333,0.2322565197756588,0.2322565197756588,1.0,0.55525,0.20633333333333334,0.22025,0.018166666666666668,0.16161984676540425,0.16161984676540425,1.0,0.28884717769047624,0.2662393878662007,0.2175424682385939,0.22737096620472916,0.15607280561726983,0.15607280561726983,1.0,0.4220485888452381,0.23628636059976704,0.21889623411929696,0.12276881643569791,0.0,0.0,1.0,0.32299348022434127,0.32258046170509397,0.28867493863123994,0.06575111943932495
184,0.2320065197756588,0.0,0.18424888056067512,106,18,0.0,0,0,180,0.32299348022434127,0.555,0.32258046170509397,0.205,0.28867493863123994,0.22166666666666668,0.06575111943932495,0.018333333333333333,0.2322565197756588,0.2322565197756588,1.0,0.55525,0.20633333333333334,0.22025,0.018166666666666668,0.16161984676540425,0.16161984676540425,1.0,0.28884717769047624,0.2662393878662007,0.2175424682385939,0.22737096620472916,0.15607280561726983,0.15607280561726983,1.0,0.4220485888452381,0.23628636059976704,0.21889623411929696,0.12276881643569791,0.0,0.0,1.0,0.32299348022434127,0.32258046170509397,0.28867493863123994,0.06575111943932495
185,0.23533985310899214,0.0,0.18424888056067512,93,18,0.0,0,0,180,0.32299348022434127,0.5583333333333333,0.32258046170509397,0.20166666666666666,0.28867493863123994,0.22166666666666668,0.06575111943932495,0.018333333333333333,0.2322565197756588,0.2322565197756588,1.0,0.55525,0.20633333333333334,0.22025,0.018166666666666668,0.16161984676540425,0.16161984676540425,1.0,0.28884717769047624,0.2662393878662007,0.2175424682385939,0.22737096620472916,0.15607280561726983,0.15607280561726983,1.0,0.4220485888452381,0.23628636059976704,0.21889623411929696,0.12276881643569791,0.0,0.0,1.0,0.32299348022434127,0.32258046170509397,0.28867493863123994,0.06575111943932495
186,0.24033985310899214,0.0,0.18424888056067512,111,18,0.0,0,0,180,0.32299348022434127,0.5633333333333334,0.32258046170509397,0.19666666666666666,0.28867493863123994,0.22166666666666668,0.06575111943932495,0.018333333333333333,0.2322565197756588,0.2322565197756588,1.0,0.55525,0.20633333333333334,0.22025,0.018166666666666668,0.16161984676540425,0.16161984676540425,1.0,0.28884717769047624,0.2662393878662007,0.2175424682385939,0.22737096620472916,0.15607280561726983,0.15607280561726983,1.0,0.4220485888452381,0.23628636059976704,0.21889623411929696,0.12276881643569791,0.0,0.0,1.0,0.32299348022434127,0.32258046170509397,0.28867493863123994,0.06575111943932495
187,0.24033985310899214,0.0,0.18424888056067512,103,18,0.0,0,0,180,0.32299348022434127,0.5633333333333334,0.32258046170509397,0.19666666666666666,0.28867493863123994,0.22,0.06575111943932495,0.02,0.2322565197756588,0.2322565197756588,1.0,0.55525,0.20633333333333334,0.22025,0.018166666666666668,0.16161984676540425,0.16161984676540425,1.0,0.28884717769047624,0.2662393878662007,0.2175424682385939,0.22737096620472916,0.15607280561726983,0.15607280561726983,1.0,0.4220485888452381,0.23628636059976704,0.21889623411929696,0.12276881643569791,0.0,0.0,1.0,0.32299348022434127,0.32258046170509397,0.28867493863123994,0.06575111943932495
188,0.2386731864423255,0.0,0.18424888056067512,97,18,0.0,0,0,180,0.32299348022434127,0.5616666666666666,0.32258046170509397,0.19833333333333333,0.28867493863123994,0.22,0.06575111943932495,0.02,0.2322565197756588,0.2322565197756588,1.0,0.55525,0.20633333333333334,0.22025,0.018166666666666668,0.16161984676540425,0.16161984676540425,1.0,0.28884717769047624,0.2662393878662007,0.2175424682385939,0.22737096620472916,0.15607280561726983,0.15607280561726983,1.0,0.4220485888452381,0.23628636059976704,0.21889623411929696,0.12276881643569791,0.0,0.0,1.0,0.32299348022434127,0.32258046170509397,0.28867493863123994,0.06575111943932495
189,0.2420065197756588,0.0,0.18424888056067512,92,18,0.0,0,0,180,0.32299348022434127,0.565,0.32258046170509397,0.19833333333333333,0.28867493863123994,0.22,0.06575111943932495,0.016666666666666666,0.2322565197756588,0.2322565197756588,1.0,0.55525,0.20633333333333334,0.22025,0.018166666666666668,0.16161984676540425,0.16161984676540425,1.0,0.28884717769047624,0.2662393878662007,0.2175424682385939,0.22737096620472916,0.15607280561726983,0.15607280561726983,1.0,0.4220485888452381,0.23628636059976704,0.21889623411929696,0.12276881643569791,0.0,0.0,1.0,0.32299348022434127,0.32258046170509397,0.28867493863123994,0.06575111943932495
190,0.23867318644232544,0.0,0.18424888056067512,100,18,0.0,0,1,190,0.32299348022434127,0.5616666666666666,0.32258046170509397,0.20166666666666666,0.28867493863123994,0.22,0.06575111943932495,0.016666666666666666,0.23458985310899214,0.23458985310899214,1.0,0.5575833333333333,0.20341666666666666,0.22066666666666668,0.018333333333333333,0.2469166533960997,0.2469166533960997,0.0,0.15707347330696317,0.2713585271402837,0.2589002267173286,0.3126677728354246,0.13408435674086105,0.13408435674086105,1.0,0.35732840332014826,0.23738759690347516,0.23978344669199764,0.16550055308437894,0.0,0.0,1.0,0.32299348022434127,0.32258046170509397,0.28867493863123994,0.06575111943932495
191,0.23867318644232546,0.0,0.18424888056067512,96,18,0.0,0,0,190,0.32299348022434127,0.5616666666666666,0.32258046170509397,0.20333333333333334,0.28867493863123994,0.21833333333333332,0.06575111943932495,0.016666666666666666,0.23458985310899214,0.23458985310899214,1.0,0.5575833333333333,0.20341666666666666,0.22066666666666668,0.018333333333333333,0.2469166533960997,0.2469166533960997,0.0,0.15707347330696317,0.2713585271402837,0.2589002267173286,0.3126677728354246,0.13408435674086105,0.13408435674086105,1.0,0.35732840332014826,0.23738759690347516,0.23978344669199764,0.16550055308437894,0.0,0.0,1.0,0.32299348022434127,0.32258046170509397,0.28867493863123994,0.06575111943932495
192,0.23867318644232546,0.0,0.18424888056067512,100,18,0.0,0,0,190,0.32299348022434127,0.5616666666666666,0.32258046170509397,0.20333333333333334,0.28867493863123994,0.21833333333333332,0.06575111943932495,0.016666666666666666,0.23458985310899214,0.23458985310899214,1.0,0.5575833333333333,0.20341666666666666,0.22066666666666668,0.018333333333333333,0.2469166533960997,0.2469166533960997,0.0,0.15707347330696317,0.2713585271402837,0.2589002267173286,0.3126677728354246,0.13408435674086105,0.13408435674086105,1.0,0.35732840332014826,0.23738759690347516,0.23978344669199764,0.16550055308437894,0.0,0.0,1.0,0.32299348022434127,0.32258046170509397,0.28867493863123994,0.06575111943932495
193,0.23367318644232546,0.0,0.18424888056067512,107,18,0.0,0,0,190,0.32299348022434127,0.5566666666666666,0.32258046170509397,0.20833333333333334,0.28867493863123994,0.21833333333333332,0.06575111943932495,0.016666666666666666,0.23458985310899214,0.23458985310899214,1.0,0.5575833333333333,0.20341666666666666,0.22066666666666668,0.018333333333333333,0.2469166533960997,0.2469166533960997,0.0,0.15707347330696317,0.2713585271402837,0.2589002267173286,0.3126677728354246,0.13408435674086105,0.13408435674086105,1.0,0.35732840332014826,0.23738759690347516,0.23978344669199764,0.16550055308437894,0.0,0.0,1.0,0.32299348022434127,0.32258046170509397,0.28867493863123994,0.06575111943932495
194,0.2370065197756588,0.0,0.18424888056067512,93,18,0.0,0,0,190,0.32299348022434127,0.56,0.32258046170509397,0.205,0.28867493863123994,0.21833333333333332,0.06575111943932495,0.016666666666666666,0.23458985310899214,0.23458985310899214,1.0,0.5575833333333333,0.20341666666666666,0.22066666666666668,0.018333333333333333,0.2469166533960997,0.2469166533960997,0.0,0.15707347330696317,0.2713585271402837,0.2589002267173286,0.3126677728354246,0.13408435674086105,0.13408435674086105,1.0,0.35732840332014826,0.23738759690347516,0.23978344669199764,0.16550055308437894,0.0,0.0,1.0,0.32299348022434127,0.32258046170509397,0.28867493863123994,0.06575111943932495
195,0.2370065197756588,0.0,0.18424888056067512,87,18,0.0,0,0,190,0.32299348022434127,0.56,0.32258046170509397,0.20666666666666667,0.28867493863123994,0.21666666666666667,0.06575111943932495,0.016666666666666666,0.23458985310899214,0.23458985310899214,1.0,0.5575833333333333,0.20341666666666666,0.22066666666666668,0.018333333333333333,0.2469166533960997,0.2469166533960997,0.0,0.15707347330696317,0.2713585271402837,0.2589002267173286,0.3126677728354246,0.13408435674086105,0.13408435674086105,1.0,0.35732840332014826,0.23738759690347516,0.23978344669199764,0.16550055308437894,0.0,0.0,1.0,0.32299348022434127,0.32258046170509397,0.28867493863123994,0.06575111943932495
196,0.24033985310899214,0.0,0.18424888056067512,85,18,0.0,0,0,190,0.32299348022434127,0.5633333333333334,0.32258046170509397,0.2,0.28867493863123994,0.22,0.06575111943932495,0.016666666666666666,0.23458985310899214,0.23458985310899214,1.0,0.5575833333333333,0.20341666666666666,0.22066666666666668,0.018333333333333333,0.2469166533960997,0.2469166533960997,0.0,0.15707347330696317,0.2713585271402837,0.2589002267173286,0.3126677728354246,0.13408435674086105,0.13408435674086105,1.0,0.35732840332014826,0.23738759690347516,0.23978344669199764,0.16550055308437894,0.0,0.0,1.0,0.32299348022434127,0.32258046170509397,0.28867493863123994,0.06575111943932495
197,0.23200651977565884,0.0,0.18424888056067512,110,18,0.0,0,0,190,0.32299348022434127,0.555,0.32258046170509397,0.20833333333333334,0.28867493863123994,0.22,0.06575111943932495,0.016666666666666666,0.23458985310899214,0.23458985310899214,1.0,0.5575833333333333,0.20341666666666666,0.22066666666666668,0.018333333333333333,0.2469166533960997,0.2469166533960997,0.0,0.15707347330696317,0.2713585271402837,0.2589002267173286,0.3126677728354246,0.13408435674086105,0.13408435674086105,1.0,0.35732840332014826,0.23738759690347516,0.23978344669199764,0.16550055308437894,0.0,0.0,1.0,0.32299348022434127,0.32258046170509397,0.28867493863123994,0.06575111943932495
198,0.23200651977565884,0.0,0.18424888056067512,101,18,0.0,0,0,190,0.32299348022434127,0.555,0.32258046170509397,0.20833333333333334,0.28867493863123994,0.22,0.06575111943932495,0.016666666666666666,0.23458985310899214,0.23458985310899214,1.0,0.5575833333333333,0.20341666666666666,0.22066666666666668,0.018333333333333333,0.2469166533960997,0.2469166533960997,0.0,0.15707347330696317,0.2713585271402837,0.2589002267173286,0.3126677728354246,0.13408435674086105,0.13408435674086105,1.0,0.35732840332014826,0.23738759690347516,0.23978344669199764,0.16550055308437894,0.0,0.0,1.0,0.32299348022434127,0.32258046170509397,0.28867493863123994,0.06575111943932495
199,0.23533985310899214,0.0,0.18424888056067512,112,18,0.0,0,0,190,0.32299348022434127,0.5583333333333333,0.32258046170509397,0.20833333333333334,0.28867493863123994,0.21666666666666667,0.06575111943932495,0.016666666666666666,0.23458985310899214,0.23458985310899214,1.0,0.5575833333333333,0.20341666666666666,0.22066666666666668,0.018333333333333333,0.2469166533960997,0.2469166533960997,0.0,0.15707347330696317,0.2713585271402837,0.2589002267173286,0.3126677728354246,0.13408435674086105,0.13408435674086105,1.0,0.35732840332014826,0.23738759690347516,0.23978344669199764,0.16550055308437894,0.0,0.0,1.0,0.32299348022434127,0.32258046170509397,0.28867493863123994,0.06575111943932495
200,0.13999824781108555,0.0,0.18424888056067512,84,14,0.0,0,1,200,0.32299348022434127,0.43833333333333335,0.32258046170509397,0.21833333333333332,0.28867493863123994,0.31333333333333335,0.06575111943932495,0.03,0.23050651977565878,0.23050651977565878,1.0,0.5535,0.204,0.22433333333333333,0.018166666666666668,0.1520426575552158,0.1520426575552158,1.0,0.30853680742289086,0.25230411018791915,0.22136530539464935,0.21779377699454072,0.16025402587838294,0.16025402587838294,1.0,0.4310184037114454,0.22815205509395958,0.22284931936399133,0.1179802218306037,0.0,0.0,1.0,0.32299348022434127,0.32258046170509397,0.28867493863123994,0.06575111943932495
201,0.15700651977565877,0.0,0.18424888056067512,75,10,0.0,0,0,200,0.32299348022434127,0.48,0.32258046170509397,0.26,0.28867493863123994,0.195,0.06575111943932495,0.065,0.23050651977565878,0.23050651977565878,1.0,0.5535,0.204,0.22433333333333333,0.018166666666666668,0.1520426575552158,0.1520426575552158,1.0,0.30853680742289086,0.25230411018791915,0.22136530539464935,0.21779377699454072,0.16025402587838294,0.16025402587838294,1.0,0.4310184037114454,0.22815205509395958,0.22284931936399133,0.1179802218306037,0.0,0.0,1.0,0.32299348022434127,0.32258046170509397,0.28867493863123994,0.06575111943932495
202,0.18533985310899212,0.0,0.18424888056067512,74,12,0.0,0,0,200,0.32299348022434127,0.5083333333333333,0.32258046170509397,0.265,0.28867493863123994,0.185,0.06575111943932495,0.041666666666666664,0.23050651977565878,0.23050651977565878,1.0,0.5535,0.204,0.22433333333333333,0.018166666666666668,0.1520426575552158,0.1520426575552158,1.0,0.30853680742289086,0.25230411018791915,0.22136530539464935,0.21779377699454072,0.16025402587838294,0.16025402587838294,1.0,0.4310184037114454,0.22815205509395958,0.22284931936399133,0.1179802218306037,0.0,0.0,1.0,0.32299348022434127,0.32258046170509397,0.28867493863123994,0.06575111943932495
203,0.12275939140389817,0.0,0.18424888056067512,88,11,0.0,0,0,200,0.32299348022434127,0.3416666666666667,0.32258046170509397,0.4266666666666667,0.28867493863123994,0.19833333333333333,0.06575111943932495,0.03333333333333333,0.23050651977565878,0.23050651977565878,1.0,0.5535,0.204,0.22433333333333333,0.018166666666666668,0.1520426575552158,0.1520426575552158,1.0,0.30853680742289086,0.25230411018791915,0.22136530539464935,0.21779377699454072,0.16025402587838294,0.16025402587838294,1.0,0.4310184037114454,0.22815205509395958,0.22284931936399133,0.1179802218306037,0.0,0.0,1.0,0.32299348022434127,0.32258046170509397,0.28867493863123994,0.06575111943932495
204,0.1274195382949061,0.0,0.18424888056067512,100,13,0.0,0,0,200,0.32299348022434127,0.31333333333333335,0.32258046170509397,0.45,0.28867493863123994,0.21,0.06575111943932495,0.02666666666666667,0.23050651977565878,0.23050651977565878,1.0,0.5535,0.204,0.22433333333333333,0.018166666666666668,0.1520426575552158,0.1520426575552158,1.0,0.30853680742289086,0.25230411018791915,0.22136530539464935,0.21779377699454072,0.16025402587838294,0.16025402587838294,1.0,0.4310184037114454,0.22815205509395958,0.22284931936399133,0.1179802218306037,0.0,0.0,1.0,0.32299348022434127,0.32258046170509397,0.28867493863123994,0.06575111943932495
205,0.1024195382949061,0.0,0.18424888056067512,96,15,0.0,0,0,200,0.32299348022434127,0.305,0.32258046170509397,0.425,0.28867493863123994,0.24833333333333332,0.06575111943932495,0.021666666666666667,0.23050651977565878,0.23050651977565878,1.0,0.5535,0.204,0.22433333333333333,0.018166666666666668,0.1520426575552158,0.1520426575552158,1.0,0.30853680742289086,0.25230411018791915,0.22136530539464935,0.21779377699454072,0.16025402587838294,0.16025402587838294,1.0,0.4310184037114454,0.22815205509395958,0.22284931936399133,0.1179802218306037,0.0,0.0,1.0,0.32299348022434127,0.32258046170509397,0.28867493863123994,0.06575111943932495
206,0.06275939140389813,0.0,0.18424888056067512,98,17,0.0,0,0,200,0.32299348022434127,0.3416666666666667,0.32258046170509397,0.36666666666666664,0.28867493863123994,0.27,0.06575111943932495,0.021666666666666667,0.23050651977565878,0.23050651977565878,1.0,0.5535,0.204,0.22433333333333333,0.018166666666666668,0.1520426575552158,0.1520426575552158,1.0,0.30853680742289086,0.25230411018791915,0.22136530539464935,0.21779377699454072,0.16025402587838294,0.16025402587838294,1.0,0.4310184037114454,0.22815205509395958,0.22284931936399133,0.1179802218306037,0.0,0.0,1.0,0.32299348022434127,0.32258046170509397,0.28867493863123994,0.06575111943932495
207,0.0710927247372315,0.0,0.18424888056067512,94,19,0.0,0,0,200,0.32299348022434127,0.34833333333333333,0.32258046170509397,0.36833333333333335,0.28867493863123994,0.26166666666666666,0.06575111943932495,0.021666666666666667,0.23050651977565878,0.23050651977565878,1.0,0.5535,0.204,0.22433333333333333,0.018166666666666668,0.1520426575552158,0.1520426575552158,1.0,0.30853680742289086,0.25230411018791915,0.22136530539464935,0.21779377699454072,0.16025402587838294,0.16025402587838294,1.0,0.4310184037114454,0.22815205509395958,0.22284931936399133,0.1179802218306037,0.0,0.0,1.0,0.32299348022434127,0.32258046170509397,0.28867493863123994,0.06575111943932495
208,0.1554112663303328,0.0,0.18424888056067512,79,18,0.0,0,0,200,0.32299348022434127,0.21166666666666667,0.32258046170509397,0.42833333333333334,0.28867493863123994,0.3383333333333333,0.06575111943932495,0.021666666666666667,0.23050651977565878,0.23050651977565878,1.0,0.5535,0.204,0.22433333333333333,0.018166666666666668,0.1520426575552158,0.1520426575552158,1.0,0.30853680742289086,0.25230411018791915,0.22136530539464935,0.21779377699454072,0.16025402587838294,0.16025402587838294,1.0,0.4310184037114454,0.22815205509395958,0.22284931936399133,0.1179802218306037,0.0,0.0,1.0,0.32299348022434127,0.32258046170509397,0.28867493863123994,0.06575111943932495
209,0.16541126633033285,0.0,0.18424888056067512,99,18,0.0,0,0,200,0.32299348022434127,0.205,0.32258046170509397,0.43833333333333335,0.28867493863123994,0.3383333333333333,0.06575111943932495,0.018333333333333333,0.23050651977565878,0.23050651977565878,1.0,0.5535,0.204,0.22433333333333333,0.018166666666666668,0.1520426575552158,0.1520426575552158,1.0,0.30853680742289086,0.25230411018791915,0.22136530539464935,0.21779377699454072,0.16025402587838294,0.16025402587838294,1.0,0.4310184037114454,0.22815205509395958,0.22284931936399133,0.1179802218306037,0.0,0.0,1.0,0.32299348022434127,0.32258046170509397,0.28867493863123994,0.06575111943932495
210,0.15874459966366616,0.0,0.18424888056067512,90,18,0.0,0,1,210,0.32299348022434127,0.215,0.32258046170509397,0.44,0.28867493863123994,0.33,0.06575111943932495,0.015,0.1140065197756588,0.1140065197756588,1.0,0.437,0.29691666666666666,0.24275,0.023333333333333334,0.2379014257193977,0.2379014257193977,0.0,0.22394244800720572,0.18373006820283175,0.31457525510740997,0.27775222868255256,0.09226940534787967,0.09226940534787967,1.0,0.33047122400360285,0.2403233674347492,0.27866262755370497,0.15054278100794294,0.0,0.0,1.0,0.32299348022434127,0.32258046170509397,0.28867493863123994,0.06575111943932495
211,0.16207793299699946,0.0,0.18424888056067512,99,18,0.0,0,0,210,0.32299348022434127,0.21166666666666667,0.32258046170509397,0.44166666666666665,0.28867493863123994,0.33166666666666667,0.06575111943932495,0.015,0.1140065197756588,0.1140065197756588,1.0,0.437,0.29691666666666666,0.24275,0.023333333333333334,0.2379014257193977,0.2379014257193977,0.0,0.22394244800720572,0.18373006820283175,0.31457525510740997,0.27775222868255256,0.09226940534787967,0.09226940534787967,1.0,0.33047122400360285,0.2403233674347492,0.27866262755370497,0.15054278100794294,0.0,0.0,1.0,0.32299348022434127,0.32258046170509397,0.28867493863123994,0.06575111943932495
212,0.1070779329969995,0.0,0.18424888056067512,85,17,0.0,0,0,210,0.32299348022434127,0.2633333333333333,0.32258046170509397,0.34833333333333333,0.28867493863123994,0.37,0.06575111943932495,0.018333333333333333,0.1140065197756588,0.1140065197756588,1.0,0.437,0.29691666666666666,0.24275,0.023333333333333334,0.2379014257193977,0.2379014257193977,0.0,0.22394244800720572,0.18373006820283175,0.31457525510740997,0.27775222868255256,0.09226940534787967,0.09226940534787967,1.0,0.33047122400360285,0.2403233674347492,0.27866262755370497,0.15054278100794294,0.0,0.0,1.0,0.32299348022434127,0.32258046170509397,0.28867493863123994,0.06575111943932495
213,0.09775939140389817,0.0,0.18424888056067512,104,16,0.0,0,0,210,0.32299348022434127,0.35333333333333333,0.32258046170509397,0.39,0.28867493863123994,0.23166666666666666,0.06575111943932495,0.025,0.1140065197756588,0.1140065197756588,1.0,0.437,0.29691666666666666,0.24275,0.023333333333333334,0.2379014257193977,0.2379014257193977,0.0,0.22394244800720572,0.18373006820283175,0.31457525510740997,0.27775222868255256,0.09226940534787967,0.09226940534787967,1.0,0.33047122400360285,0.2403233674347492,0.27866262755370497,0.15054278100794294,0.0,0.0,1.0,0.32299348022434127,0.32258046170509397,0.28867493863123994,0.06575111943932495
214,0.10942605807056482,0.0,0.18424888056067512,72,17,0.0,0,0,210,0.32299348022434127,0.355,0.32258046170509397,0.4,0.28867493863123994,0.23,0.06575111943932495,0.015,0.1140065197756588,0.1140065197756588,1.0,0.437,0.29691666666666666,0.24275,0.023333333333333334,0.2379014257193977,0.2379014257193977,0.0,0.22394244800720572,0.18373006820283175,0.31457525510740997,0.27775222868255256,0.09226940534787967,0.09226940534787967,1.0,0.33047122400360285,0.2403233674347492,0.27866262755370497,0.15054278100794294,0.0,0.0,1.0,0.32299348022434127,0.32258046170509397,0.28867493863123994,0.06575111943932495
215,0.10442605807056482,0.0,0.18424888056067512,98,17,0.0,0,0,210,0.32299348022434127,0.345,0.32258046170509397,0.405,0.28867493863123994,0.23333333333333334,0.06575111943932495,0.016666666666666666,0.1140065197756588,0.1140065197756588,1.0,0.437,0.29691666666666666,0.24275,0.023333333333333334,0.2379014257193977,0.2379014257193977,0.0,0.22394244800720572,0.18373006820283175,0.31457525510740997,0.27775222868255256,0.09226940534787967,0.09226940534787967,1.0,0.33047122400360285,0.2403233674347492,0.27866262755370497,0.15054278100794294,0.0,0.0,1.0,0.32299348022434127,0.32258046170509397,0.28867493863123994,0.06575111943932495
216,0.10109272473723149,0.0,0.18424888056067512,99,18,0.0,0,0,210,0.32299348022434127,0.3233333333333333,0.32258046170509397,0.42333333333333334,0.28867493863123994,0.235,0.06575111943932495,0.018333333333333333,0.1140065197756588,0.1140065197756588,1.0,0.437,0.29691666666666666,0.24275,0.023333333333333334,0.2379014257193977,0.2379014257193977,0.0,0.22394244800720572,0.18373006820283175,0.31457525510740997,0.27775222868255256,0.09226940534787967,0.09226940534787967,1.0,0.33047122400360285,0.2403233674347492,0.27866262755370497,0.15054278100794294,0.0,0.0,1.0,0.32299348022434127,0.32258046170509397,0.28867493863123994,0.06575111943932495
217,0.09775939140389817,0.0,0.18424888056067512,79,18,0.0,0,0,210,0.32299348022434127,0.34,0.32258046170509397,0.4033333333333333,0.28867493863123994,0.23833333333333334,0.06575111943932495,0.018333333333333333,0.1140065197756588,0.1140065197756588,1.0,0.437,0.29691666666666666,0.24275,0.023333333333333334,0.2379014257193977,0.2379014257193977,0.0,0.22394244800720572,0.18373006820283175,0.31457525510740997,0.27775222868255256,0.09226940534787967,0.09226940534787967,1.0,0.33047122400360285,0.2403233674347492,0.27866262755370497,0.15054278100794294,0.0,0.0,1.0,0.32299348022434127,0.32258046170509397,0.28867493863123994,0.06575111943932495
218,0.09775939140389817,0.0,0.18424888056067512,71,18,0.0,0,0,210,0.32299348022434127,0.33,0.32258046170509397,0.41333333333333333,0.28867493863123994,0.23666666666666666,0.06575111943932495,0.02,0.1140065197756588,0.1140065197756588,1.0,0.437,0.29691666666666666,0.24275,0.023333333333333334,0.2379014257193977,0.2379014257193977,0.0,0.22394244800720572,0.18373006820283175,0.31457525510740997,0.27775222868255256,0.09226940534787967,0.09226940534787967,1.0,0.33047122400360285,0.2403233674347492,0.27866262755370497,0.15054278100794294,0.0,0.0,1.0,0.32299348022434127,0.32258046170509397,0.28867493863123994,0.06575111943932495
219,0.10275939140389817,0.0,0.18424888056067512,85,18,0.0,0,0,210,0.32299348022434127,0.325,0.32258046170509397,0.42333333333333334,0.28867493863123994,0.23166666666666666,0.06575111943932495,0.02,0.1140065197756588,0.1140065197756588,1.0,0.437,0.29691666666666666,0.24275,0.023333333333333334,0.2379014257193977,0.2379014257193977,0.0,0.22394244800720572,0.18373006820283175,0.31457525510740997,0.27775222868255256,0.09226940534787967,0.09226940534787967,1.0,0.33047122400360285,0.2403233674347492,0.27866262755370497,0.15054278100794294,0.0,0.0,1.0,0.32299348022434127,0.32258046170509397,0.28867493863123994,0.06575111943932495
220,0.10775939140389815,0.0,0.18424888056067512,82,18,0.0,0,1,220,0.32299348022434127,0.3233333333333333,0.32258046170509397,0.43,0.28867493863123994,0.22666666666666666,0.06575111943932495,0.02,0.0747528716282394,0.0747528716282394,0.0,0.322,0.3973333333333333,0.257,0.023666666666666666,0.15787237799562281,0.15787237799562281,0.0,0.26151338545130287,0.31043646212856923,0.2044266549851802,0.2236234974349477,0.08919839863733961,0.08919839863733961,0.0,0.2917566927256514,0.3538848977309513,0.2307133274925901,0.12364508205080718,0.0,0.0,1.0,0.32299348022434127,0.32258046170509397,0.28867493863123994,0.06575111943932495
221,0.11241953829490609,0.0,0.18424888056067512,65,19,0.0,0,0,220,0.32299348022434127,0.315,0.32258046170509397,0.435,0.28867493863123994,0.22833333333333333,0.06575111943932495,0.021666666666666667,0.0747528716282394,0.0747528716282394,0.0,0.322,0.3973333333333333,0.257,0.023666666666666666,0.15787237799562281,0.15787237799562281,0.0,0.26151338545130287,0.31043646212856923,0.2044266549851802,0.2236234974349477,0.08919839863733961,0.08919839863733961,0.0,0.2917566927256514,0.3538848977309513,0.2307133274925901,0.12364508205080718,0.0,0.0,1.0,0.32299348022434127,0.32258046170509397,0.28867493863123994,0.06575111943932495
222,0.11241953829490611,0.0,0.18424888056067512,97,19,0.0,0,0,220,0.32299348022434127,0.31666666666666665,0.32258046170509397,0.435,0.28867493863123994,0.22666666666666666,0.06575111943932495,0.021666666666666667,0.0747528716282394,0.0747528716282394,0.0,0.322,0.3973333333333333,0.257,0.023666666666666666,0.15787237799562281,0.15787237799562281,0.0,0.26151338545130287,0.31043646212856923,0.2044266549851802,0.2236234974349477,0.08919839863733961,0.08919839863733961,0.0,0.2917566927256514,0.3538848977309513,0.2307133274925901,0.12364508205080718,0.0,0.0,1.0,0.32299348022434127,0.32258046170509397,0.28867493863123994,0.06575111943932495
223,0.12241953829490611,0.0,0.18424888056067512,94,19,0.0,0,0,220,0.32299348022434127,0.30666666666666664,0.32258046170509397,0.445,0.28867493863123994,0.225,0.06575111943932495,0.023333333333333334,0.0747528716282394,0.0747528716282394,0.0,0.322,0.3973333333333333,0.257,0.023666666666666666,0.15787237799562281,0.15787237799562281,0.0,0.26151338545130287,0.31043646212856923,0.2044266549851802,0.2236234974349477,0.08919839863733961,0.08919839863733961,0.0,0.2917566927256514,0.3538848977309513,0.2307133274925901,0.12364508205080718,0.0,0.0,1.0,0.32299348022434127,0.32258046170509397,0.28867493863123994,0.06575111943932495
224,0.1274195382949061,0.0,0.18424888056067512,88,19,0.0,0,0,220,0.32299348022434127,0.3,0.32258046170509397,0.45,0.28867493863123994,0.22666666666666666,0.06575111943932495,0.023333333333333334,0.0747528716282394,0.0747528716282394,0.0,0.322,0.3973333333333333,0.257,0.023666666666666666,0.15787237799562281,0.15787237799562281,0.0,0.26151338545130287,0.31043646212856923,0.2044266549851802,0.2236234974349477,0.08919839863733961,0.08919839863733961,0.0,0.2917566927256514,0.3538848977309513,0.2307133274925901,0.12364508205080718,0.0,0.0,1.0,0.32299348022434127,0.32258046170509397,0.28867493863123994,0.06575111943932495
225,0.1274195382949061,0.0,0.18424888056067512,112,19,0.0,0,0,220,0.32299348022434127,0.30333333333333334,0.32258046170509397,0.45,0.28867493863123994,0.225,0.06575111943932495,0.021666666666666667,0.0747528716282394,0.0747528716282394,0.0,0.322,0.3973333333333333,0.257,0.023666666666666666,0.15787237799562281,0.15787237799562281,0.0,0.26151338545130287,0.31043646212856923,0.2044266549851802,0.2236234974349477,0.08919839863733961,0.08919839863733961,0.0,0.2917566927256514,0.3538848977309513,0.2307133274925901,0.12364508205080718,0.0,0.0,1.0,0.32299348022434127,0.32258046170509397,0.28867493863123994,0.06575111943932495
226,0.1307528716282394,0.0,0.18424888056067512,93,19,0.0,0,0,220,0.32299348022434127,0.30833333333333335,0.32258046170509397,0.4533333333333333,0.28867493863123994,0.22,0.06575111943932495,0.018333333333333333,0.0747528716282394,0.0747528716282394,0.0,0.322,0.3973333333333333,0.257,0.023666666666666666,0.15787237799562281,0.15787237799562281,0.0,0.26151338545130287,0.31043646212856923,0.2044266549851802,0.2236234974349477,0.08919839863733961,0.08919839863733961,0.0,0.2917566927256514,0.3538848977309513,0.2307133274925901,0.12364508205080718,0.0,0.0,1.0,0.32299348022434127,0.32258046170509397,0.28867493863123994,0.06575111943932495
227,0.1307528716282394,0.0,0.18424888056067512,93,19,0.0,0,0,220,0.32299348022434127,0.30833333333333335,0.32258046170509397,0.4533333333333333,0.28867493863123994,0.22,0.06575111943932495,0.018333333333333333,0.0747528716282394,0.0747528716282394,0.0,0.322,0.3973333333333333,0.257,0.023666666666666666,0.15787237799562281,0.15787237799562281,0.0,0.26151338545130287,0.31043646212856923,0.2044266549851802,0.2236234974349477,0.08919839863733961,0.08919839863733961,0.0,0.2917566927256514,0.3538848977309513,0.2307133274925901,0.12364508205080718,0.0,0.0,1.0,0.32299348022434127,0.32258046170509397,0.28867493863123994,0.06575111943932495
228,0.14408620496157276,0.0,0.18424888056067512,80,19,0.0,0,0,220,0.32299348022434127,0.3,0.32258046170509397,0.4666666666666667,0.28867493863123994,0.21666666666666667,0.06575111943932495,0.016666666666666666,0.0747528716282394,0.0747528716282394,0.0,0.322,0.3973333333333333,0.257,0.023666666666666666,0.15787237799562281,0.15787237799562281,0.0,0.26151338545130287,0.31043646212856923,0.2044266549851802,0.2236234974349477,0.08919839863733961,0.08919839863733961,0.0,0.2917566927256514,0.3538848977309513,0.2307133274925901,0.12364508205080718,0.0,0.0,1.0,0.32299348022434127,0.32258046170509397,0.28867493863123994,0.06575111943932495
229,0.1357528716282394,0.0,0.18424888056067512,82,19,0.0,0,0,220,0.32299348022434127,0.30833333333333335,0.32258046170509397,0.4583333333333333,0.28867493863123994,0.21833333333333332,0.06575111943932495,0.015,0.0747528716282394,0.0747528716282394,0.0,0.322,0.3973333333333333,0.257,0.023666666666666666,0.15787237799562281,0.15787237799562281,0.0,0.26151338545130287,0.31043646212856923,0.2044266549851802,0.2236234974349477,0.08919839863733961,0.08919839863733961,0.0,0.2917566927256514,0.3538848977309513,0.2307133274925901,0.12364508205080718,0.0,0.0,1.0,0.32299348022434127,0.32258046170509397,0.28867493863123994,0.06575111943932495
230,0.13908620496157276,0.0,0.18424888056067512,96,19,0.0,0,1,230,0.32299348022434127,0.30833333333333335,0.32258046170509397,0.46166666666666667,0.28867493863123994,0.215,0.06575111943932495,0.015,0.10675287162823942,0.10675287162823942,0.0,0.31225,0.42933333333333334,0.23933333333333334,0.019083333333333334,0.16767328362989398,0.16767328362989398,0.0,0.20459326326697444,0.27330739503256674,0.3022974896644,0.21980185203605876,0.08243137572322723,0.08243137572322723,0.0,0.25842163163348725,0.35132036418295004,0.2708154114988667,0.11944259268469605,0.0,0.0,1.0,0.32299348022434127,0.32258046170509397,0.28867493863123994,0.06575111943932495
231,0.13908620496157276,0.0,0.18424888056067512,84,19,0.0,0,0,230,0.32299348022434127,0.30833333333333335,0.32258046170509397,0.46166666666666667,0.28867493863123994,0.215,0.06575111943932495,0.015,0.10675287162823942,0.10675287162823942,0.0,0.31225,0.42933333333333334,0.23933333333333334,0.019083333333333334,0.16767328362989398,0.16767328362989398,0.0,0.20459326326697444,0.27330739503256674,0.3022974896644,0.21980185203605876,0.08243137572322723,0.08243137572322723,0.0,0.25842163163348725,0.35132036418295004,0.2708154114988667,0.11944259268469605,0.0,0.0,1.0,0.32299348022434127,0.32258046170509397,0.28867493863123994,0.06575111943932495
232,0.1424195382949061,0.0,0.18424888056067512,84,19,0.0,0,0,230,0.32299348022434127,0.30666666666666664,0.32258046170509397,0.465,0.28867493863123994,0.21333333333333335,0.06575111943932495,0.015,0.10675287162823942,0.10675287162823942,0.0,0.31225,0.42933333333333334,0.23933333333333334,0.019083333333333334,0.16767328362989398,0.16767328362989398,0.0,0.20459326326697444,0.27330739503256674,0.3022974896644,0.21980185203605876,0.08243137572322723,0.08243137572322723,0.0,0.25842163163348725,0.35132036418295004,0.2708154114988667,0.11944259268469605,0.0,0.0,1.0,0.32299348022434127,0.32258046170509397,0.28867493863123994,0.06575111943932495
233,0.1424195382949061,0.0,0.18424888056067512,77,19,0.0,0,0,230,0.32299348022434127,0.30333333333333334,0.32258046170509397,0.465,0.28867493863123994,0.21666666666666667,0.06575111943932495,0.015,0.10675287162823942,0.10675287162823942,0.0,0.31225,0.42933333333333334,0.23933333333333334,0.019083333333333334,0.16767328362989398,0.16767328362989398,0.0,0.20459326326697444,0.27330739503256674,0.3022974896644,0.21980185203605876,0.08243137572322723,0.08243137572322723,0.0,0.25842163163348725,0.35132036418295004,0.2708154114988667,0.11944259268469605,0.0,0.0,1.0,0.32299348022434127,0.32258046170509397,0.28867493863123994,0.06575111943932495
234,0.1424195382949061,0.0,0.18424888056067512,83,19,0.0,0,0,230,0.32299348022434127,0.30333333333333334,0.32258046170509397,0.465,0.28867493863123994,0.21666666666666667,0.06575111943932495,0.015,0.10675287162823942,0.10675287162823942,0.0,0.31225,0.42933333333333334,0.23933333333333334,0.019083333333333334,0.16767328362989398,0.16767328362989398,0.0,0.20459326326697444,0.27330739503256674,0.3022974896644,0.21980185203605876,0.08243137572322723,0.08243137572322723,0.0,0.25842163163348725,0.35132036418295004,0.2708154114988667,0.11944259268469605,0.0,0.0,1.0,0.32299348022434127,0.32258046170509397,0.28867493863123994,0.06575111943932495
235,0.1474195382949061,0.0,0.18424888056067512,90,19,0.0,0,0,230,0.32299348022434127,0.3,0.32258046170509397,0.47,0.28867493863123994,0.215,0.06575111943932495,0.015,0.10675287162823942,0.10675287162823942,0.0,0.31225,0.42933333333333334,0.23933333333333334,0.019083333333333334,0.16767328362989398,0.16767328362989398,0.0,0.20459326326697444,0.27330739503256674,0.3022974896644,0.21980185203605876,0.08243137572322723,0.08243137572322723,0.0,0.25842163163348725,0.35132036418295004,0.2708154114988667,0.11944259268469605,0.0,0.0,1.0,0.32299348022434127,0.32258046170509397,0.28867493863123994,0.06575111943932495
236,0.15408620496157277,0.0,0.18424888056067512,98,19,0.0,0,0,230,0.32299348022434127,0.2916666666666667,0.32258046170509397,0.4766666666666667,0.28867493863123994,0.21666666666666667,0.06575111943932495,0.015,0.10675287162823942,0.10675287162823942,0.0,0.31225,0.42933333333333334,0.23933333333333334,0.019083333333333334,0.16767328362989398,0.16767328362989398,0.0,0.20459326326697444,0.27330739503256674,0.3022974896644,0.21980185203605876,0.08243137572322723,0.08243137572322723,0.0,0.25842163163348725,0.35132036418295004,0.2708154114988667,0.11944259268469605,0.0,0.0,1.0,0.32299348022434127,0.32258046170509397,0.28867493863123994,0.06575111943932495
237,0.15908620496157277,0.0,0.18424888056067512,105,19,0.0,0,0,230,0.32299348022434127,0.29,0.32258046170509397,0.4816666666666667,0.28867493863123994,0.21333333333333335,0.06575111943932495,0.015,0.10675287162823942,0.10675287162823942,0.0,0.31225,0.42933333333333334,0.23933333333333334,0.019083333333333334,0.16767328362989398,0.16767328362989398,0.0,0.20459326326697444,0.27330739503256674,0.3022974896644,0.21980185203605876,0.08243137572322723,0.08243137572322723,0.0,0.25842163163348725,0.35132036418295004,0.2708154114988667,0.11944259268469605,0.0,0.0,1.0,0.32299348022434127,0.32258046170509397,0.28867493863123994,0.06575111943932495
238,0.15908620496157277,0.0,0.18424888056067512,85,19,0.0,0,0,230,0.32299348022434127,0.29,0.32258046170509397,0.4816666666666667,0.28867493863123994,0.21333333333333335,0.06575111943932495,0.015,0.10675287162823942,0.10675287162823942,0.0,0.31225,0.42933333333333334,0.23933333333333334,0.019083333333333334,0.16767328362989398,0.16767328362989398,0.0,0.20459326326697444,0.27330739503256674,0.3022974896644,0.21980185203605876,0.08243137572322723,0.08243137572322723,0.0,0.25842163163348725,0.35132036418295004,0.2708154114988667,0.11944259268469605,0.0,0.0,1.0,0.32299348022434127,0.32258046170509397,0.28867493863123994,0.06575111943932495
239,0.15908620496157277,0.0,0.18424888056067512,84,19,0.0,0,0,230,0.32299348022434127,0.28833333333333333,0.32258046170509397,0.4816666666666667,0.28867493863123994,0.215,0.06575111943932495,0.015,0.10675287162823942,0.10675287162823942,0.0,0.31225,0.42933333333333334,0.23933333333333334,0.019083333333333334,0.16767328362989398,0.16767328362989398,0.0,0.20459326326697444,0.27330739503256674,0.3022974896644,0.21980185203605876,0.08243137572322723,0.08243137572322723,0.0,0.25842163163348725,0.35132036418295004,0.2708154114988667,0.11944259268469605,0.0,0.0,1.0,0.32299348022434127,0.32258046170509397,0.28867493863123994,0.06575111943932495
