step,attention_error,preference_change,uniform_prior_error,interactions,pool_size,official_exposure_share,official_arrivals,observation_updated,last_observed_at,truth_0,attention_0,truth_1,attention_1,truth_2,attention_2,truth_3,attention_3,error_platform,initial_error_platform,top_accuracy_platform,estimate_platform_0,estimate_platform_1,estimate_platform_2,estimate_platform_3,error_survey,initial_error_survey,top_accuracy_survey,estimate_survey_0,estimate_survey_1,estimate_survey_2,estimate_survey_3,error_fused,initial_error_fused,top_accuracy_fused,estimate_fused_0,estimate_fused_1,estimate_fused_2,estimate_fused_3,error_oracle,initial_error_oracle,top_accuracy_oracle,estimate_oracle_0,estimate_oracle_1,estimate_oracle_2,estimate_oracle_3
0,0.07900993890182509,0.0,0.17932339443150824,71,28,0.0,0,1,0,0.19558930061525984,0.16666666666666666,0.3608527322386855,0.4166666666666667,0.12508730495323178,0.075,0.3184706621928226,0.3416666666666667,0.07900993890182509,0.07900993890182509,1.0,0.16666666666666666,0.4166666666666667,0.075,0.3416666666666667,0.2502598127840938,0.2502598127840938,0.0,0.25635723011754913,0.14246721413428703,0.09321301027353657,0.5079625454746272,0.12226659165467227,0.12226659165467227,0.0,0.2115119483921079,0.27956694040047686,0.08410650513676829,0.4248146060706469,0.0,0.0,1.0,0.19558930061525984,0.3608527322386855,0.12508730495323178,0.3184706621928226
1,0.09067660556849172,0.0,0.17932339443150824,94,28,0.0,0,0,0,0.19558930061525984,0.17,0.3608527322386855,0.425,0.12508730495323178,0.06,0.3184706621928226,0.345,0.07900993890182509,0.07900993890182509,1.0,0.16666666666666666,0.4166666666666667,0.075,0.3416666666666667,0.2502598127840938,0.2502598127840938,0.0,0.25635723011754913,0.14246721413428703,0.09321301027353657,0.5079625454746272,0.12226659165467227,0.12226659165467227,0.0,0.2115119483921079,0.27956694040047686,0.08410650513676829,0.4248146060706469,0.0,0.0,1.0,0.19558930061525984,0.3608527322386855,0.12508730495323178,0.3184706621928226
2,0.07900993890182509,0.0,0.17932339443150824,82,32,0.0,0,0,0,0.19558930061525984,0.16666666666666666,0.3608527322386855,0.4166666666666667,0.12508730495323178,0.075,0.3184706621928226,0.3416666666666667,0.07900993890182509,0.07900993890182509,1.0,0.16666666666666666,0.4166666666666667,0.075,0.3416666666666667,0.2502598127840938,0.2502598127840938,0.0,0.25635723011754913,0.14246721413428703,0.09321301027353657,0.5079625454746272,0.12226659165467227,0.12226659165467227,0.0,0.2115119483921079,0.27956694040047686,0.08410650513676829,0.4248146060706469,0.0,0.0,1.0,0.19558930061525984,0.3608527322386855,0.12508730495323178,0.3184706621928226
3,0.07900993890182509,0.0,0.17932339443150824,102,36,0.0,0,0,0,0.19558930061525984,0.16666666666666666,0.3608527322386855,0.4166666666666667,0.12508730495323178,0.075,0.3184706621928226,0.3416666666666667,0.07900993890182509,0.07900993890182509,1.0,0.16666666666666666,0.4166666666666667,0.075,0.3416666666666667,0.2502598127840938,0.2502598127840938,0.0,0.25635723011754913,0.14246721413428703,0.09321301027353657,0.5079625454746272,0.12226659165467227,0.12226659165467227,0.0,0.2115119483921079,0.27956694040047686,0.08410650513676829,0.4248146060706469,0.0,0.0,1.0,0.19558930061525984,0.3608527322386855,0.12508730495323178,0.3184706621928226
4,0.07900993890182509,0.0,0.17932339443150824,98,39,0.0,0,0,0,0.19558930061525984,0.16666666666666666,0.3608527322386855,0.4166666666666667,0.12508730495323178,0.075,0.3184706621928226,0.3416666666666667,0.07900993890182509,0.07900993890182509,1.0,0.16666666666666666,0.4166666666666667,0.075,0.3416666666666667,0.2502598127840938,0.2502598127840938,0.0,0.25635723011754913,0.14246721413428703,0.09321301027353657,0.5079625454746272,0.12226659165467227,0.12226659165467227,0.0,0.2115119483921079,0.27956694040047686,0.08410650513676829,0.4248146060706469,0.0,0.0,1.0,0.19558930061525984,0.3608527322386855,0.12508730495323178,0.3184706621928226
5,0.07900993890182509,0.0,0.17932339443150824,92,43,0.0,0,0,0,0.19558930061525984,0.16666666666666666,0.3608527322386855,0.4166666666666667,0.12508730495323178,0.075,0.3184706621928226,0.3416666666666667,0.07900993890182509,0.07900993890182509,1.0,0.16666666666666666,0.4166666666666667,0.075,0.3416666666666667,0.2502598127840938,0.2502598127840938,0.0,0.25635723011754913,0.14246721413428703,0.09321301027353657,0.5079625454746272,0.12226659165467227,0.12226659165467227,0.0,0.2115119483921079,0.27956694040047686,0.08410650513676829,0.4248146060706469,0.0,0.0,1.0,0.19558930061525984,0.3608527322386855,0.12508730495323178,0.3184706621928226
6,0.07900993890182509,0.0,0.17932339443150824,82,46,0.0,0,0,0,0.19558930061525984,0.16666666666666666,0.3608527322386855,0.4166666666666667,0.12508730495323178,0.075,0.3184706621928226,0.3416666666666667,0.07900993890182509,0.07900993890182509,1.0,0.16666666666666666,0.4166666666666667,0.075,0.3416666666666667,0.2502598127840938,0.2502598127840938,0.0,0.25635723011754913,0.14246721413428703,0.09321301027353657,0.5079625454746272,0.12226659165467227,0.12226659165467227,0.0,0.2115119483921079,0.27956694040047686,0.08410650513676829,0.4248146060706469,0.0,0.0,1.0,0.19558930061525984,0.3608527322386855,0.12508730495323178,0.3184706621928226
7,0.07900993890182509,0.0,0.17932339443150824,96,50,0.0,0,0,0,0.19558930061525984,0.16666666666666666,0.3608527322386855,0.4166666666666667,0.12508730495323178,0.075,0.3184706621928226,0.3416666666666667,0.07900993890182509,0.07900993890182509,1.0,0.16666666666666666,0.4166666666666667,0.075,0.3416666666666667,0.2502598127840938,0.2502598127840938,0.0,0.25635723011754913,0.14246721413428703,0.09321301027353657,0.5079625454746272,0.12226659165467227,0.12226659165467227,0.0,0.2115119483921079,0.27956694040047686,0.08410650513676829,0.4248146060706469,0.0,0.0,1.0,0.19558930061525984,0.3608527322386855,0.12508730495323178,0.3184706621928226
8,0.07900993890182509,0.0,0.17932339443150824,71,53,0.0,0,0,0,0.19558930061525984,0.16666666666666666,0.3608527322386855,0.4166666666666667,0.12508730495323178,0.075,0.3184706621928226,0.3416666666666667,0.07900993890182509,0.07900993890182509,1.0,0.16666666666666666,0.4166666666666667,0.075,0.3416666666666667,0.2502598127840938,0.2502598127840938,0.0,0.25635723011754913,0.14246721413428703,0.09321301027353657,0.5079625454746272,0.12226659165467227,0.12226659165467227,0.0,0.2115119483921079,0.27956694040047686,0.08410650513676829,0.4248146060706469,0.0,0.0,1.0,0.19558930061525984,0.3608527322386855,0.12508730495323178,0.3184706621928226
9,0.07900993890182509,0.0,0.17932339443150824,104,54,0.0,0,0,0,0.19558930061525984,0.16666666666666666,0.3608527322386855,0.4166666666666667,0.12508730495323178,0.075,0.3184706621928226,0.3416666666666667,0.07900993890182509,0.07900993890182509,1.0,0.16666666666666666,0.4166666666666667,0.075,0.3416666666666667,0.2502598127840938,0.2502598127840938,0.0,0.25635723011754913,0.14246721413428703,0.09321301027353657,0.5079625454746272,0.12226659165467227,0.12226659165467227,0.0,0.2115119483921079,0.27956694040047686,0.08410650513676829,0.4248146060706469,0.0,0.0,1.0,0.19558930061525984,0.3608527322386855,0.12508730495323178,0.3184706621928226
10,0.07900993890182509,0.0,0.17932339443150824,82,56,0.0,0,1,10,0.19558930061525984,0.16666666666666666,0.3608527322386855,0.4166666666666667,0.12508730495323178,0.075,0.3184706621928226,0.3416666666666667,0.08007054496243114,0.08007054496243114,1.0,0.16696969696969696,0.4174242424242424,0.07363636363636364,0.341969696969697,0.22103224017252038,0.22103224017252038,0.0,0.12051850070749683,0.21489129197392834,0.1560940295317262,0.5084961777868487,0.10676227518545008,0.10676227518545008,0.0,0.1437440988385969,0.3161577671990854,0.11486519658404493,0.42523293737827284,0.0,0.0,1.0,0.19558930061525984,0.3608527322386855,0.12508730495323178,0.3184706621928226
11,0.07900993890182509,0.0,0.17932339443150824,71,59,0.0,0,0,10,0.19558930061525984,0.16666666666666666,0.3608527322386855,0.4166666666666667,0.12508730495323178,0.075,0.3184706621928226,0.3416666666666667,0.08007054496243114,0.08007054496243114,1.0,0.16696969696969696,0.4174242424242424,0.07363636363636364,0.341969696969697,0.22103224017252038,0.22103224017252038,0.0,0.12051850070749683,0.21489129197392834,0.1560940295317262,0.5084961777868487,0.10676227518545008,0.10676227518545008,0.0,0.1437440988385969,0.3161577671990854,0.11486519658404493,0.42523293737827284,0.0,0.0,1.0,0.19558930061525984,0.3608527322386855,0.12508730495323178,0.3184706621928226
12,0.07900993890182509,0.0,0.17932339443150824,82,61,0.0,0,0,10,0.19558930061525984,0.16666666666666666,0.3608527322386855,0.4166666666666667,0.12508730495323178,0.075,0.3184706621928226,0.3416666666666667,0.08007054496243114,0.08007054496243114,1.0,0.16696969696969696,0.4174242424242424,0.07363636363636364,0.341969696969697,0.22103224017252038,0.22103224017252038,0.0,0.12051850070749683,0.21489129197392834,0.1560940295317262,0.5084961777868487,0.10676227518545008,0.10676227518545008,0.0,0.1437440988385969,0.3161577671990854,0.11486519658404493,0.42523293737827284,0.0,0.0,1.0,0.19558930061525984,0.3608527322386855,0.12508730495323178,0.3184706621928226
13,0.07900993890182509,0.0,0.17932339443150824,85,63,0.0,0,0,10,0.19558930061525984,0.16666666666666666,0.3608527322386855,0.4166666666666667,0.12508730495323178,0.075,0.3184706621928226,0.3416666666666667,0.08007054496243114,0.08007054496243114,1.0,0.16696969696969696,0.4174242424242424,0.07363636363636364,0.341969696969697,0.22103224017252038,0.22103224017252038,0.0,0.12051850070749683,0.21489129197392834,0.1560940295317262,0.5084961777868487,0.10676227518545008,0.10676227518545008,0.0,0.1437440988385969,0.3161577671990854,0.11486519658404493,0.42523293737827284,0.0,0.0,1.0,0.19558930061525984,0.3608527322386855,0.12508730495323178,0.3184706621928226
14,0.07900993890182509,0.0,0.17932339443150824,89,66,0.0,0,0,10,0.19558930061525984,0.16666666666666666,0.3608527322386855,0.4166666666666667,0.12508730495323178,0.075,0.3184706621928226,0.3416666666666667,0.08007054496243114,0.08007054496243114,1.0,0.16696969696969696,0.4174242424242424,0.07363636363636364,0.341969696969697,0.22103224017252038,0.22103224017252038,0.0,0.12051850070749683,0.21489129197392834,0.1560940295317262,0.5084961777868487,0.10676227518545008,0.10676227518545008,0.0,0.1437440988385969,0.3161577671990854,0.11486519658404493,0.42523293737827284,0.0,0.0,1.0,0.19558930061525984,0.3608527322386855,0.12508730495323178,0.3184706621928226
15,0.07900993890182509,0.0,0.17932339443150824,93,68,0.0,0,0,10,0.19558930061525984,0.16666666666666666,0.3608527322386855,0.4166666666666667,0.12508730495323178,0.075,0.3184706621928226,0.3416666666666667,0.08007054496243114,0.08007054496243114,1.0,0.16696969696969696,0.4174242424242424,0.07363636363636364,0.341969696969697,0.22103224017252038,0.22103224017252038,0.0,0.12051850070749683,0.21489129197392834,0.1560940295317262,0.5084961777868487,0.10676227518545008,0.10676227518545008,0.0,0.1437440988385969,0.3161577671990854,0.11486519658404493,0.42523293737827284,0.0,0.0,1.0,0.19558930061525984,0.3608527322386855,0.12508730495323178,0.3184706621928226
16,0.07900993890182509,0.0,0.17932339443150824,93,71,0.0,0,0,10,0.19558930061525984,0.16666666666666666,0.3608527322386855,0.4166666666666667,0.12508730495323178,0.075,0.3184706621928226,0.3416666666666667,0.08007054496243114,0.08007054496243114,1.0,0.16696969696969696,0.4174242424242424,0.07363636363636364,0.341969696969697,0.22103224017252038,0.22103224017252038,0.0,0.12051850070749683,0.21489129197392834,0.1560940295317262,0.5084961777868487,0.10676227518545008,0.10676227518545008,0.0,0.1437440988385969,0.3161577671990854,0.11486519658404493,0.42523293737827284,0.0,0.0,1.0,0.19558930061525984,0.3608527322386855,0.12508730495323178,0.3184706621928226
17,0.07900993890182509,0.0,0.17932339443150824,86,73,0.0,0,0,10,0.19558930061525984,0.16666666666666666,0.3608527322386855,0.4166666666666667,0.12508730495323178,0.075,0.3184706621928226,0.3416666666666667,0.08007054496243114,0.08007054496243114,1.0,0.16696969696969696,0.4174242424242424,0.07363636363636364,0.341969696969697,0.22103224017252038,0.22103224017252038,0.0,0.12051850070749683,0.21489129197392834,0.1560940295317262,0.5084961777868487,0.10676227518545008,0.10676227518545008,0.0,0.1437440988385969,0.3161577671990854,0.11486519658404493,0.42523293737827284,0.0,0.0,1.0,0.19558930061525984,0.3608527322386855,0.12508730495323178,0.3184706621928226
18,0.07900993890182509,0.0,0.17932339443150824,97,74,0.0,0,0,10,0.19558930061525984,0.16666666666666666,0.3608527322386855,0.4166666666666667,0.12508730495323178,0.075,0.3184706621928226,0.3416666666666667,0.08007054496243114,0.08007054496243114,1.0,0.16696969696969696,0.4174242424242424,0.07363636363636364,0.341969696969697,0.22103224017252038,0.22103224017252038,0.0,0.12051850070749683,0.21489129197392834,0.1560940295317262,0.5084961777868487,0.10676227518545008,0.10676227518545008,0.0,0.1437440988385969,0.3161577671990854,0.11486519658404493,0.42523293737827284,0.0,0.0,1.0,0.19558930061525984,0.3608527322386855,0.12508730495323178,0.3184706621928226
19,0.07900993890182509,0.0,0.17932339443150824,81,76,0.0,0,0,10,0.19558930061525984,0.16666666666666666,0.3608527322386855,0.4166666666666667,0.12508730495323178,0.075,0.3184706621928226,0.3416666666666667,0.08007054496243114,0.08007054496243114,1.0,0.16696969696969696,0.4174242424242424,0.07363636363636364,0.341969696969697,0.22103224017252038,0.22103224017252038,0.0,0.12051850070749683,0.21489129197392834,0.1560940295317262,0.5084961777868487,0.10676227518545008,0.10676227518545008,0.0,0.1437440988385969,0.3161577671990854,0.11486519658404493,0.42523293737827284,0.0,0.0,1.0,0.19558930061525984,0.3608527322386855,0.12508730495323178,0.3184706621928226
20,0.07900993890182509,0.0,0.17932339443150824,103,79,0.0,0,1,20,0.19558930061525984,0.16666666666666666,0.3608527322386855,0.4166666666666667,0.12508730495323178,0.075,0.3184706621928226,0.3416666666666667,0.07959327223515839,0.07959327223515839,1.0,0.16683333333333333,0.4170833333333333,0.07425,0.3418333333333333,0.2117649703239069,0.2117649703239069,0.0,0.14274254935609096,0.23649679185204223,0.0905250262751372,0.5302356325167297,0.11756382073220877,0.11756382073220877,0.0,0.15478794134471213,0.3267900625926878,0.08238751313756859,0.4360344829250315,0.0,0.0,1.0,0.19558930061525984,0.3608527322386855,0.12508730495323178,0.3184706621928226
21,0.07900993890182509,0.0,0.17932339443150824,90,81,0.0,0,0,20,0.19558930061525984,0.16666666666666666,0.3608527322386855,0.4166666666666667,0.12508730495323178,0.075,0.3184706621928226,0.3416666666666667,0.07959327223515839,0.07959327223515839,1.0,0.16683333333333333,0.4170833333333333,0.07425,0.3418333333333333,0.2117649703239069,0.2117649703239069,0.0,0.14274254935609096,0.23649679185204223,0.0905250262751372,0.5302356325167297,0.11756382073220877,0.11756382073220877,0.0,0.15478794134471213,0.3267900625926878,0.08238751313756859,0.4360344829250315,0.0,0.0,1.0,0.19558930061525984,0.3608527322386855,0.12508730495323178,0.3184706621928226
22,0.07900993890182509,0.0,0.17932339443150824,93,84,0.0,0,0,20,0.19558930061525984,0.16666666666666666,0.3608527322386855,0.4166666666666667,0.12508730495323178,0.075,0.3184706621928226,0.3416666666666667,0.07959327223515839,0.07959327223515839,1.0,0.16683333333333333,0.4170833333333333,0.07425,0.3418333333333333,0.2117649703239069,0.2117649703239069,0.0,0.14274254935609096,0.23649679185204223,0.0905250262751372,0.5302356325167297,0.11756382073220877,0.11756382073220877,0.0,0.15478794134471213,0.3267900625926878,0.08238751313756859,0.4360344829250315,0.0,0.0,1.0,0.19558930061525984,0.3608527322386855,0.12508730495323178,0.3184706621928226
23,0.07900993890182509,0.0,0.17932339443150824,89,87,0.0,0,0,20,0.19558930061525984,0.16666666666666666,0.3608527322386855,0.4166666666666667,0.12508730495323178,0.075,0.3184706621928226,0.3416666666666667,0.07959327223515839,0.07959327223515839,1.0,0.16683333333333333,0.4170833333333333,0.07425,0.3418333333333333,0.2117649703239069,0.2117649703239069,0.0,0.14274254935609096,0.23649679185204223,0.0905250262751372,0.5302356325167297,0.11756382073220877,0.11756382073220877,0.0,0.15478794134471213,0.3267900625926878,0.08238751313756859,0.4360344829250315,0.0,0.0,1.0,0.19558930061525984,0.3608527322386855,0.12508730495323178,0.3184706621928226
24,0.07900993890182509,0.0,0.17932339443150824,87,87,0.0,0,0,20,0.19558930061525984,0.16666666666666666,0.3608527322386855,0.4166666666666667,0.12508730495323178,0.075,0.3184706621928226,0.3416666666666667,0.07959327223515839,0.07959327223515839,1.0,0.16683333333333333,0.4170833333333333,0.07425,0.3418333333333333,0.2117649703239069,0.2117649703239069,0.0,0.14274254935609096,0.23649679185204223,0.0905250262751372,0.5302356325167297,0.11756382073220877,0.11756382073220877,0.0,0.15478794134471213,0.3267900625926878,0.08238751313756859,0.4360344829250315,0.0,0.0,1.0,0.19558930061525984,0.3608527322386855,0.12508730495323178,0.3184706621928226
25,0.07900993890182509,0.0,0.17932339443150824,98,91,0.0,0,0,20,0.19558930061525984,0.16666666666666666,0.3608527322386855,0.4166666666666667,0.12508730495323178,0.075,0.3184706621928226,0.3416666666666667,0.07959327223515839,0.07959327223515839,1.0,0.16683333333333333,0.4170833333333333,0.07425,0.3418333333333333,0.2117649703239069,0.2117649703239069,0.0,0.14274254935609096,0.23649679185204223,0.0905250262751372,0.5302356325167297,0.11756382073220877,0.11756382073220877,0.0,0.15478794134471213,0.3267900625926878,0.08238751313756859,0.4360344829250315,0.0,0.0,1.0,0.19558930061525984,0.3608527322386855,0.12508730495323178,0.3184706621928226
26,0.07900993890182509,0.0,0.17932339443150824,84,95,0.0,0,0,20,0.19558930061525984,0.16666666666666666,0.3608527322386855,0.4166666666666667,0.12508730495323178,0.075,0.3184706621928226,0.3416666666666667,0.07959327223515839,0.07959327223515839,1.0,0.16683333333333333,0.4170833333333333,0.07425,0.3418333333333333,0.2117649703239069,0.2117649703239069,0.0,0.14274254935609096,0.23649679185204223,0.0905250262751372,0.5302356325167297,0.11756382073220877,0.11756382073220877,0.0,0.15478794134471213,0.3267900625926878,0.08238751313756859,0.4360344829250315,0.0,0.0,1.0,0.19558930061525984,0.3608527322386855,0.12508730495323178,0.3184706621928226
27,0.07900993890182509,0.0,0.17932339443150824,92,98,0.0,0,0,20,0.19558930061525984,0.16666666666666666,0.3608527322386855,0.4166666666666667,0.12508730495323178,0.075,0.3184706621928226,0.3416666666666667,0.07959327223515839,0.07959327223515839,1.0,0.16683333333333333,0.4170833333333333,0.07425,0.3418333333333333,0.2117649703239069,0.2117649703239069,0.0,0.14274254935609096,0.23649679185204223,0.0905250262751372,0.5302356325167297,0.11756382073220877,0.11756382073220877,0.0,0.15478794134471213,0.3267900625926878,0.08238751313756859,0.4360344829250315,0.0,0.0,1.0,0.19558930061525984,0.3608527322386855,0.12508730495323178,0.3184706621928226
28,0.07900993890182509,0.0,0.17932339443150824,86,98,0.0,0,0,20,0.19558930061525984,0.16666666666666666,0.3608527322386855,0.4166666666666667,0.12508730495323178,0.075,0.3184706621928226,0.3416666666666667,0.07959327223515839,0.07959327223515839,1.0,0.16683333333333333,0.4170833333333333,0.07425,0.3418333333333333,0.2117649703239069,0.2117649703239069,0.0,0.14274254935609096,0.23649679185204223,0.0905250262751372,0.5302356325167297,0.11756382073220877,0.11756382073220877,0.0,0.15478794134471213,0.3267900625926878,0.08238751313756859,0.4360344829250315,0.0,0.0,1.0,0.19558930061525984,0.3608527322386855,0.12508730495323178,0.3184706621928226
29,0.07900993890182509,0.0,0.17932339443150824,80,100,0.0,0,0,20,0.19558930061525984,0.16666666666666666,0.3608527322386855,0.4166666666666667,0.12508730495323178,0.075,0.3184706621928226,0.3416666666666667,0.07959327223515839,0.07959327223515839,1.0,0.16683333333333333,0.4170833333333333,0.07425,0.3418333333333333,0.2117649703239069,0.2117649703239069,0.0,0.14274254935609096,0.23649679185204223,0.0905250262751372,0.5302356325167297,0.11756382073220877,0.11756382073220877,0.0,0.15478794134471213,0.3267900625926878,0.08238751313756859,0.4360344829250315,0.0,0.0,1.0,0.19558930061525984,0.3608527322386855,0.12508730495323178,0.3184706621928226
30,0.07900993890182509,0.0,0.17932339443150824,107,102,0.0,0,1,30,0.19558930061525984,0.16666666666666666,0.3608527322386855,0.4166666666666667,0.12508730495323178,0.075,0.3184706621928226,0.3416666666666667,0.07900993890182509,0.07900993890182509,1.0,0.16666666666666666,0.4166666666666667,0.075,0.3416666666666667,0.16856066637236722,0.16856066637236722,0.0,0.1325870632452816,0.2892549584791196,0.09112664971040885,0.48703132856518994,0.09587833542310557,0.09587833542310557,0.0,0.14962686495597413,0.35296081257289313,0.08306332485520443,0.4143489976159283,0.0,0.0,1.0,0.19558930061525984,0.3608527322386855,0.12508730495323178,0.3184706621928226
31,0.07900993890182509,0.0,0.17932339443150824,108,103,0.0,0,0,30,0.19558930061525984,0.16666666666666666,0.3608527322386855,0.4166666666666667,0.12508730495323178,0.075,0.3184706621928226,0.3416666666666667,0.07900993890182509,0.07900993890182509,1.0,0.16666666666666666,0.4166666666666667,0.075,0.3416666666666667,0.16856066637236722,0.16856066637236722,0.0,0.1325870632452816,0.2892549584791196,0.09112664971040885,0.48703132856518994,0.09587833542310557,0.09587833542310557,0.0,0.14962686495597413,0.35296081257289313,0.08306332485520443,0.4143489976159283,0.0,0.0,1.0,0.19558930061525984,0.3608527322386855,0.12508730495323178,0.3184706621928226
32,0.07900993890182509,0.0,0.17932339443150824,88,105,0.0,0,0,30,0.19558930061525984,0.16666666666666666,0.3608527322386855,0.4166666666666667,0.12508730495323178,0.075,0.3184706621928226,0.3416666666666667,0.07900993890182509,0.07900993890182509,1.0,0.16666666666666666,0.4166666666666667,0.075,0.3416666666666667,0.16856066637236722,0.16856066637236722,0.0,0.1325870632452816,0.2892549584791196,0.09112664971040885,0.48703132856518994,0.09587833542310557,0.09587833542310557,0.0,0.14962686495597413,0.35296081257289313,0.08306332485520443,0.4143489976159283,0.0,0.0,1.0,0.19558930061525984,0.3608527322386855,0.12508730495323178,0.3184706621928226
33,0.07900993890182509,0.0,0.17932339443150824,93,105,0.0,0,0,30,0.19558930061525984,0.16666666666666666,0.3608527322386855,0.4166666666666667,0.12508730495323178,0.075,0.3184706621928226,0.3416666666666667,0.07900993890182509,0.07900993890182509,1.0,0.16666666666666666,0.4166666666666667,0.075,0.3416666666666667,0.16856066637236722,0.16856066637236722,0.0,0.1325870632452816,0.2892549584791196,0.09112664971040885,0.48703132856518994,0.09587833542310557,0.09587833542310557,0.0,0.14962686495597413,0.35296081257289313,0.08306332485520443,0.4143489976159283,0.0,0.0,1.0,0.19558930061525984,0.3608527322386855,0.12508730495323178,0.3184706621928226
34,0.07900993890182509,0.0,0.17932339443150824,87,108,0.0,0,0,30,0.19558930061525984,0.16666666666666666,0.3608527322386855,0.4166666666666667,0.12508730495323178,0.075,0.3184706621928226,0.3416666666666667,0.07900993890182509,0.07900993890182509,1.0,0.16666666666666666,0.4166666666666667,0.075,0.3416666666666667,0.16856066637236722,0.16856066637236722,0.0,0.1325870632452816,0.2892549584791196,0.09112664971040885,0.48703132856518994,0.09587833542310557,0.09587833542310557,0.0,0.14962686495597413,0.35296081257289313,0.08306332485520443,0.4143489976159283,0.0,0.0,1.0,0.19558930061525984,0.3608527322386855,0.12508730495323178,0.3184706621928226
35,0.07900993890182509,0.0,0.17932339443150824,80,110,0.0,0,0,30,0.19558930061525984,0.16666666666666666,0.3608527322386855,0.4166666666666667,0.12508730495323178,0.075,0.3184706621928226,0.3416666666666667,0.07900993890182509,0.07900993890182509,1.0,0.16666666666666666,0.4166666666666667,0.075,0.3416666666666667,0.16856066637236722,0.16856066637236722,0.0,0.1325870632452816,0.2892549584791196,0.09112664971040885,0.48703132856518994,0.09587833542310557,0.09587833542310557,0.0,0.14962686495597413,0.35296081257289313,0.08306332485520443,0.4143489976159283,0.0,0.0,1.0,0.19558930061525984,0.3608527322386855,0.12508730495323178,0.3184706621928226
36,0.07900993890182509,0.0,0.17932339443150824,87,111,0.0,0,0,30,0.19558930061525984,0.16666666666666666,0.3608527322386855,0.4166666666666667,0.12508730495323178,0.075,0.3184706621928226,0.3416666666666667,0.07900993890182509,0.07900993890182509,1.0,0.16666666666666666,0.4166666666666667,0.075,0.3416666666666667,0.16856066637236722,0.16856066637236722,0.0,0.1325870632452816,0.2892549584791196,0.09112664971040885,0.48703132856518994,0.09587833542310557,0.09587833542310557,0.0,0.14962686495597413,0.35296081257289313,0.08306332485520443,0.4143489976159283,0.0,0.0,1.0,0.19558930061525984,0.3608527322386855,0.12508730495323178,0.3184706621928226
37,0.07900993890182509,0.0,0.17932339443150824,85,112,0.0,0,0,30,0.19558930061525984,0.16666666666666666,0.3608527322386855,0.4166666666666667,0.12508730495323178,0.075,0.3184706621928226,0.3416666666666667,0.07900993890182509,0.07900993890182509,1.0,0.16666666666666666,0.4166666666666667,0.075,0.3416666666666667,0.16856066637236722,0.16856066637236722,0.0,0.1325870632452816,0.2892549584791196,0.09112664971040885,0.48703132856518994,0.09587833542310557,0.09587833542310557,0.0,0.14962686495597413,0.35296081257289313,0.08306332485520443,0.4143489976159283,0.0,0.0,1.0,0.19558930061525984,0.3608527322386855,0.12508730495323178,0.3184706621928226
38,0.07900993890182509,0.0,0.17932339443150824,104,113,0.0,0,0,30,0.19558930061525984,0.16666666666666666,0.3608527322386855,0.4166666666666667,0.12508730495323178,0.075,0.3184706621928226,0.3416666666666667,0.07900993890182509,0.07900993890182509,1.0,0.16666666666666666,0.4166666666666667,0.075,0.3416666666666667,0.16856066637236722,0.16856066637236722,0.0,0.1325870632452816,0.2892549584791196,0.09112664971040885,0.48703132856518994,0.09587833542310557,0.09587833542310557,0.0,0.14962686495597413,0.35296081257289313,0.08306332485520443,0.4143489976159283,0.0,0.0,1.0,0.19558930061525984,0.3608527322386855,0.12508730495323178,0.3184706621928226
39,0.07900993890182509,0.0,0.17932339443150824,79,114,0.0,0,0,30,0.19558930061525984,0.16666666666666666,0.3608527322386855,0.4166666666666667,0.12508730495323178,0.075,0.3184706621928226,0.3416666666666667,0.07900993890182509,0.07900993890182509,1.0,0.16666666666666666,0.4166666666666667,0.075,0.3416666666666667,0.16856066637236722,0.16856066637236722,0.0,0.1325870632452816,0.2892549584791196,0.09112664971040885,0.48703132856518994,0.09587833542310557,0.09587833542310557,0.0,0.14962686495597413,0.35296081257289313,0.08306332485520443,0.4143489976159283,0.0,0.0,1.0,0.19558930061525984,0.3608527322386855,0.12508730495323178,0.3184706621928226
40,0.07900993890182509,0.0,0.17932339443150824,96,117,0.0,0,1,40,0.19558930061525984,0.16666666666666666,0.3608527322386855,0.4166666666666667,0.12508730495323178,0.075,0.3184706621928226,0.3416666666666667,0.07900993890182509,0.07900993890182509,1.0,0.16666666666666666,0.4166666666666667,0.075,0.3416666666666667,0.2298254466480865,0.2298254466480865,0.0,0.22444637565639144,0.18121964299686322,0.07489494754696761,0.5194390337997775,0.11208218804039943,0.11208218804039943,0.0,0.19555652116152905,0.2989431548317649,0.0749474737734838,0.4305528502332221,0.0,0.0,1.0,0.19558930061525984,0.3608527322386855,0.12508730495323178,0.3184706621928226
41,0.07900993890182509,0.0,0.17932339443150824,97,118,0.0,0,0,40,0.19558930061525984,0.16666666666666666,0.3608527322386855,0.4166666666666667,0.12508730495323178,0.075,0.3184706621928226,0.3416666666666667,0.07900993890182509,0.07900993890182509,1.0,0.16666666666666666,0.4166666666666667,0.075,0.3416666666666667,0.2298254466480865,0.2298254466480865,0.0,0.22444637565639144,0.18121964299686322,0.07489494754696761,0.5194390337997775,0.11208218804039943,0.11208218804039943,0.0,0.19555652116152905,0.2989431548317649,0.0749474737734838,0.4305528502332221,0.0,0.0,1.0,0.19558930061525984,0.3608527322386855,0.12508730495323178,0.3184706621928226
42,0.07900993890182509,0.0,0.17932339443150824,95,119,0.0,0,0,40,0.19558930061525984,0.16666666666666666,0.3608527322386855,0.4166666666666667,0.12508730495323178,0.075,0.3184706621928226,0.3416666666666667,0.07900993890182509,0.07900993890182509,1.0,0.16666666666666666,0.4166666666666667,0.075,0.3416666666666667,0.2298254466480865,0.2298254466480865,0.0,0.22444637565639144,0.18121964299686322,0.07489494754696761,0.5194390337997775,0.11208218804039943,0.11208218804039943,0.0,0.19555652116152905,0.2989431548317649,0.0749474737734838,0.4305528502332221,0.0,0.0,1.0,0.19558930061525984,0.3608527322386855,0.12508730495323178,0.3184706621928226
43,0.07900993890182509,0.0,0.17932339443150824,97,120,0.0,0,0,40,0.19558930061525984,0.16666666666666666,0.3608527322386855,0.4166666666666667,0.12508730495323178,0.075,0.3184706621928226,0.3416666666666667,0.07900993890182509,0.07900993890182509,1.0,0.16666666666666666,0.4166666666666667,0.075,0.3416666666666667,0.2298254466480865,0.2298254466480865,0.0,0.22444637565639144,0.18121964299686322,0.07489494754696761,0.5194390337997775,0.11208218804039943,0.11208218804039943,0.0,0.19555652116152905,0.2989431548317649,0.0749474737734838,0.4305528502332221,0.0,0.0,1.0,0.19558930061525984,0.3608527322386855,0.12508730495323178,0.3184706621928226
44,0.07900993890182509,0.0,0.17932339443150824,69,123,0.0,0,0,40,0.19558930061525984,0.16666666666666666,0.3608527322386855,0.4166666666666667,0.12508730495323178,0.075,0.3184706621928226,0.3416666666666667,0.07900993890182509,0.07900993890182509,1.0,0.16666666666666666,0.4166666666666667,0.075,0.3416666666666667,0.2298254466480865,0.2298254466480865,0.0,0.22444637565639144,0.18121964299686322,0.07489494754696761,0.5194390337997775,0.11208218804039943,0.11208218804039943,0.0,0.19555652116152905,0.2989431548317649,0.0749474737734838,0.4305528502332221,0.0,0.0,1.0,0.19558930061525984,0.3608527322386855,0.12508730495323178,0.3184706621928226
45,0.07900993890182509,0.0,0.17932339443150824,103,125,0.0,0,0,40,0.19558930061525984,0.16666666666666666,0.3608527322386855,0.4166666666666667,0.12508730495323178,0.075,0.3184706621928226,0.3416666666666667,0.07900993890182509,0.07900993890182509,1.0,0.16666666666666666,0.4166666666666667,0.075,0.3416666666666667,0.2298254466480865,0.2298254466480865,0.0,0.22444637565639144,0.18121964299686322,0.07489494754696761,0.5194390337997775,0.11208218804039943,0.11208218804039943,0.0,0.19555652116152905,0.2989431548317649,0.0749474737734838,0.4305528502332221,0.0,0.0,1.0,0.19558930061525984,0.3608527322386855,0.12508730495323178,0.3184706621928226
46,0.07900993890182509,0.0,0.17932339443150824,99,126,0.0,0,0,40,0.19558930061525984,0.16666666666666666,0.3608527322386855,0.4166666666666667,0.12508730495323178,0.075,0.3184706621928226,0.3416666666666667,0.07900993890182509,0.07900993890182509,1.0,0.16666666666666666,0.4166666666666667,0.075,0.3416666666666667,0.2298254466480865,0.2298254466480865,0.0,0.22444637565639144,0.18121964299686322,0.07489494754696761,0.5194390337997775,0.11208218804039943,0.11208218804039943,0.0,0.19555652116152905,0.2989431548317649,0.0749474737734838,0.4305528502332221,0.0,0.0,1.0,0.19558930061525984,0.3608527322386855,0.12508730495323178,0.3184706621928226
47,0.07900993890182509,0.0,0.17932339443150824,95,129,0.0,0,0,40,0.19558930061525984,0.16666666666666666,0.3608527322386855,0.4166666666666667,0.12508730495323178,0.075,0.3184706621928226,0.3416666666666667,0.07900993890182509,0.07900993890182509,1.0,0.16666666666666666,0.4166666666666667,0.075,0.3416666666666667,0.2298254466480865,0.2298254466480865,0.0,0.22444637565639144,0.18121964299686322,0.07489494754696761,0.5194390337997775,0.11208218804039943,0.11208218804039943,0.0,0.19555652116152905,0.2989431548317649,0.0749474737734838,0.4305528502332221,0.0,0.0,1.0,0.19558930061525984,0.3608527322386855,0.12508730495323178,0.3184706621928226
48,0.07900993890182509,0.0,0.17932339443150824,104,130,0.0,0,0,40,0.19558930061525984,0.16666666666666666,0.3608527322386855,0.4166666666666667,0.12508730495323178,0.075,0.3184706621928226,0.3416666666666667,0.07900993890182509,0.07900993890182509,1.0,0.16666666666666666,0.4166666666666667,0.075,0.3416666666666667,0.2298254466480865,0.2298254466480865,0.0,0.22444637565639144,0.18121964299686322,0.07489494754696761,0.5194390337997775,0.11208218804039943,0.11208218804039943,0.0,0.19555652116152905,0.2989431548317649,0.0749474737734838,0.4305528502332221,0.0,0.0,1.0,0.19558930061525984,0.3608527322386855,0.12508730495323178,0.3184706621928226
49,0.07900993890182509,0.0,0.17932339443150824,92,131,0.0,0,0,40,0.19558930061525984,0.16666666666666666,0.3608527322386855,0.4166666666666667,0.12508730495323178,0.075,0.3184706621928226,0.3416666666666667,0.07900993890182509,0.07900993890182509,1.0,0.16666666666666666,0.4166666666666667,0.075,0.3416666666666667,0.2298254466480865,0.2298254466480865,0.0,0.22444637565639144,0.18121964299686322,0.07489494754696761,0.5194390337997775,0.11208218804039943,0.11208218804039943,0.0,0.19555652116152905,0.2989431548317649,0.0749474737734838,0.4305528502332221,0.0,0.0,1.0,0.19558930061525984,0.3608527322386855,0.12508730495323178,0.3184706621928226
50,0.07900993890182509,0.0,0.17932339443150824,90,133,0.0,0,1,50,0.19558930061525984,0.16666666666666666,0.3608527322386855,0.4166666666666667,0.12508730495323178,0.075,0.3184706621928226,0.3416666666666667,0.07900993890182509,0.07900993890182509,1.0,0.16666666666666666,0.4166666666666667,0.075,0.3416666666666667,0.1667141359990591,0.1667141359990591,0.0,0.11051226207283266,0.3181941248095225,0.08610881492576294,0.4851847981918818,0.10153273373586061,0.10153273373586061,0.0,0.13858946436974967,0.3674303957380946,0.08055440746288148,0.4134257324292743,0.0,0.0,1.0,0.19558930061525984,0.3608527322386855,0.12508730495323178,0.3184706621928226
51,0.07900993890182509,0.0,0.17932339443150824,97,135,0.0,0,0,50,0.19558930061525984,0.16666666666666666,0.3608527322386855,0.4166666666666667,0.12508730495323178,0.075,0.3184706621928226,0.3416666666666667,0.07900993890182509,0.07900993890182509,1.0,0.16666666666666666,0.4166666666666667,0.075,0.3416666666666667,0.1667141359990591,0.1667141359990591,0.0,0.11051226207283266,0.3181941248095225,0.08610881492576294,0.4851847981918818,0.10153273373586061,0.10153273373586061,0.0,0.13858946436974967,0.3674303957380946,0.08055440746288148,0.4134257324292743,0.0,0.0,1.0,0.19558930061525984,0.3608527322386855,0.12508730495323178,0.3184706621928226
52,0.07900993890182509,0.0,0.17932339443150824,97,135,0.0,0,0,50,0.19558930061525984,0.16666666666666666,0.3608527322386855,0.4166666666666667,0.12508730495323178,0.075,0.3184706621928226,0.3416666666666667,0.07900993890182509,0.07900993890182509,1.0,0.16666666666666666,0.4166666666666667,0.075,0.3416666666666667,0.1667141359990591,0.1667141359990591,0.0,0.11051226207283266,0.3181941248095225,0.08610881492576294,0.4851847981918818,0.10153273373586061,0.10153273373586061,0.0,0.13858946436974967,0.3674303957380946,0.08055440746288148,0.4134257324292743,0.0,0.0,1.0,0.19558930061525984,0.3608527322386855,0.12508730495323178,0.3184706621928226
53,0.07900993890182509,0.0,0.17932339443150824,82,136,0.0,0,0,50,0.19558930061525984,0.16666666666666666,0.3608527322386855,0.4166666666666667,0.12508730495323178,0.075,0.3184706621928226,0.3416666666666667,0.07900993890182509,0.07900993890182509,1.0,0.16666666666666666,0.4166666666666667,0.075,0.3416666666666667,0.1667141359990591,0.1667141359990591,0.0,0.11051226207283266,0.3181941248095225,0.08610881492576294,0.4851847981918818,0.10153273373586061,0.10153273373586061,0.0,0.13858946436974967,0.3674303957380946,0.08055440746288148,0.4134257324292743,0.0,0.0,1.0,0.19558930061525984,0.3608527322386855,0.12508730495323178,0.3184706621928226
54,0.07900993890182509,0.0,0.17932339443150824,88,137,0.0,0,0,50,0.19558930061525984,0.16666666666666666,0.3608527322386855,0.4166666666666667,0.12508730495323178,0.075,0.3184706621928226,0.3416666666666667,0.07900993890182509,0.07900993890182509,1.0,0.16666666666666666,0.4166666666666667,0.075,0.3416666666666667,0.1667141359990591,0.1667141359990591,0.0,0.11051226207283266,0.3181941248095225,0.08610881492576294,0.4851847981918818,0.10153273373586061,0.10153273373586061,0.0,0.13858946436974967,0.3674303957380946,0.08055440746288148,0.4134257324292743,0.0,0.0,1.0,0.19558930061525984,0.3608527322386855,0.12508730495323178,0.3184706621928226
55,0.07900993890182509,0.0,0.17932339443150824,96,138,0.0,0,0,50,0.19558930061525984,0.16666666666666666,0.3608527322386855,0.4166666666666667,0.12508730495323178,0.075,0.3184706621928226,0.3416666666666667,0.07900993890182509,0.07900993890182509,1.0,0.16666666666666666,0.4166666666666667,0.075,0.3416666666666667,0.1667141359990591,0.1667141359990591,0.0,0.11051226207283266,0.3181941248095225,0.08610881492576294,0.4851847981918818,0.10153273373586061,0.10153273373586061,0.0,0.13858946436974967,0.3674303957380946,0.08055440746288148,0.4134257324292743,0.0,0.0,1.0,0.19558930061525984,0.3608527322386855,0.12508730495323178,0.3184706621928226
56,0.07900993890182509,0.0,0.17932339443150824,81,140,0.0,0,0,50,0.19558930061525984,0.16666666666666666,0.3608527322386855,0.4166666666666667,0.12508730495323178,0.075,0.3184706621928226,0.3416666666666667,0.07900993890182509,0.07900993890182509,1.0,0.16666666666666666,0.4166666666666667,0.075,0.3416666666666667,0.1667141359990591,0.1667141359990591,0.0,0.11051226207283266,0.3181941248095225,0.08610881492576294,0.4851847981918818,0.10153273373586061,0.10153273373586061,0.0,0.13858946436974967,0.3674303957380946,0.08055440746288148,0.4134257324292743,0.0,0.0,1.0,0.19558930061525984,0.3608527322386855,0.12508730495323178,0.3184706621928226
57,0.07900993890182509,0.0,0.17932339443150824,107,141,0.0,0,0,50,0.19558930061525984,0.16666666666666666,0.3608527322386855,0.4166666666666667,0.12508730495323178,0.075,0.3184706621928226,0.3416666666666667,0.07900993890182509,0.07900993890182509,1.0,0.16666666666666666,0.4166666666666667,0.075,0.3416666666666667,0.1667141359990591,0.1667141359990591,0.0,0.11051226207283266,0.3181941248095225,0.08610881492576294,0.4851847981918818,0.10153273373586061,0.10153273373586061,0.0,0.13858946436974967,0.3674303957380946,0.08055440746288148,0.4134257324292743,0.0,0.0,1.0,0.19558930061525984,0.3608527322386855,0.12508730495323178,0.3184706621928226
58,0.07900993890182509,0.0,0.17932339443150824,94,142,0.0,0,0,50,0.19558930061525984,0.16666666666666666,0.3608527322386855,0.4166666666666667,0.12508730495323178,0.075,0.3184706621928226,0.3416666666666667,0.07900993890182509,0.07900993890182509,1.0,0.16666666666666666,0.4166666666666667,0.075,0.3416666666666667,0.1667141359990591,0.1667141359990591,0.0,0.11051226207283266,0.3181941248095225,0.08610881492576294,0.4851847981918818,0.10153273373586061,0.10153273373586061,0.0,0.13858946436974967,0.3674303957380946,0.08055440746288148,0.4134257324292743,0.0,0.0,1.0,0.19558930061525984,0.3608527322386855,0.12508730495323178,0.3184706621928226
59,0.07900993890182509,0.0,0.17932339443150824,93,143,0.0,0,0,50,0.19558930061525984,0.16666666666666666,0.3608527322386855,0.4166666666666667,0.12508730495323178,0.075,0.3184706621928226,0.3416666666666667,0.07900993890182509,0.07900993890182509,1.0,0.16666666666666666,0.4166666666666667,0.075,0.3416666666666667,0.1667141359990591,0.1667141359990591,0.0,0.11051226207283266,0.3181941248095225,0.08610881492576294,0.4851847981918818,0.10153273373586061,0.10153273373586061,0.0,0.13858946436974967,0.3674303957380946,0.08055440746288148,0.4134257324292743,0.0,0.0,1.0,0.19558930061525984,0.3608527322386855,0.12508730495323178,0.3184706621928226
60,0.07900993890182509,0.0,0.17932339443150824,91,146,0.0,0,1,60,0.19558930061525984,0.16666666666666666,0.3608527322386855,0.4166666666666667,0.12508730495323178,0.075,0.3184706621928226,0.3416666666666667,0.07900993890182509,0.07900993890182509,1.0,0.16666666666666666,0.4166666666666667,0.075,0.3416666666666667,0.19682338510508768,0.19682338510508768,0.0,0.14510122691267516,0.21451742083618264,0.14842963999130268,0.4919517122598395,0.09833852727043034,0.09833852727043034,0.0,0.1558839467896709,0.3155920437514247,0.11171481999565133,0.41680918946325307,0.0,0.0,1.0,0.19558930061525984,0.3608527322386855,0.12508730495323178,0.3184706621928226
61,0.07900993890182509,0.0,0.17932339443150824,100,147,0.0,0,0,60,0.19558930061525984,0.16666666666666666,0.3608527322386855,0.4166666666666667,0.12508730495323178,0.075,0.3184706621928226,0.3416666666666667,0.07900993890182509,0.07900993890182509,1.0,0.16666666666666666,0.4166666666666667,0.075,0.3416666666666667,0.19682338510508768,0.19682338510508768,0.0,0.14510122691267516,0.21451742083618264,0.14842963999130268,0.4919517122598395,0.09833852727043034,0.09833852727043034,0.0,0.1558839467896709,0.3155920437514247,0.11171481999565133,0.41680918946325307,0.0,0.0,1.0,0.19558930061525984,0.3608527322386855,0.12508730495323178,0.3184706621928226
62,0.07900993890182509,0.0,0.17932339443150824,77,148,0.0,0,0,60,0.19558930061525984,0.16666666666666666,0.3608527322386855,0.4166666666666667,0.12508730495323178,0.075,0.3184706621928226,0.3416666666666667,0.07900993890182509,0.07900993890182509,1.0,0.16666666666666666,0.4166666666666667,0.075,0.3416666666666667,0.19682338510508768,0.19682338510508768,0.0,0.14510122691267516,0.21451742083618264,0.14842963999130268,0.4919517122598395,0.09833852727043034,0.09833852727043034,0.0,0.1558839467896709,0.3155920437514247,0.11171481999565133,0.41680918946325307,0.0,0.0,1.0,0.19558930061525984,0.3608527322386855,0.12508730495323178,0.3184706621928226
63,0.07900993890182509,0.0,0.17932339443150824,93,150,0.0,0,0,60,0.19558930061525984,0.16666666666666666,0.3608527322386855,0.4166666666666667,0.12508730495323178,0.075,0.3184706621928226,0.3416666666666667,0.07900993890182509,0.07900993890182509,1.0,0.16666666666666666,0.4166666666666667,0.075,0.3416666666666667,0.19682338510508768,0.19682338510508768,0.0,0.14510122691267516,0.21451742083618264,0.14842963999130268,0.4919517122598395,0.09833852727043034,0.09833852727043034,0.0,0.1558839467896709,0.3155920437514247,0.11171481999565133,0.41680918946325307,0.0,0.0,1.0,0.19558930061525984,0.3608527322386855,0.12508730495323178,0.3184706621928226
64,0.07900993890182509,0.0,0.17932339443150824,85,151,0.0,0,0,60,0.19558930061525984,0.16666666666666666,0.3608527322386855,0.4166666666666667,0.12508730495323178,0.075,0.3184706621928226,0.3416666666666667,0.07900993890182509,0.07900993890182509,1.0,0.16666666666666666,0.4166666666666667,0.075,0.3416666666666667,0.19682338510508768,0.19682338510508768,0.0,0.14510122691267516,0.21451742083618264,0.14842963999130268,0.4919517122598395,0.09833852727043034,0.09833852727043034,0.0,0.1558839467896709,0.3155920437514247,0.11171481999565133,0.41680918946325307,0.0,0.0,1.0,0.19558930061525984,0.3608527322386855,0.12508730495323178,0.3184706621928226
65,0.07900993890182509,0.0,0.17932339443150824,84,154,0.0,0,0,60,0.19558930061525984,0.16666666666666666,0.3608527322386855,0.4166666666666667,0.12508730495323178,0.075,0.3184706621928226,0.3416666666666667,0.07900993890182509,0.07900993890182509,1.0,0.16666666666666666,0.4166666666666667,0.075,0.3416666666666667,0.19682338510508768,0.19682338510508768,0.0,0.14510122691267516,0.21451742083618264,0.14842963999130268,0.4919517122598395,0.09833852727043034,0.09833852727043034,0.0,0.1558839467896709,0.3155920437514247,0.11171481999565133,0.41680918946325307,0.0,0.0,1.0,0.19558930061525984,0.3608527322386855,0.12508730495323178,0.3184706621928226
66,0.07900993890182509,0.0,0.17932339443150824,93,155,0.0,0,0,60,0.19558930061525984,0.16666666666666666,0.3608527322386855,0.4166666666666667,0.12508730495323178,0.075,0.3184706621928226,0.3416666666666667,0.07900993890182509,0.07900993890182509,1.0,0.16666666666666666,0.4166666666666667,0.075,0.3416666666666667,0.19682338510508768,0.19682338510508768,0.0,0.14510122691267516,0.21451742083618264,0.14842963999130268,0.4919517122598395,0.09833852727043034,0.09833852727043034,0.0,0.1558839467896709,0.3155920437514247,0.11171481999565133,0.41680918946325307,0.0,0.0,1.0,0.19558930061525984,0.3608527322386855,0.12508730495323178,0.3184706621928226
67,0.07900993890182509,0.0,0.17932339443150824,78,155,0.0,0,0,60,0.19558930061525984,0.16666666666666666,0.3608527322386855,0.4166666666666667,0.12508730495323178,0.075,0.3184706621928226,0.3416666666666667,0.07900993890182509,0.07900993890182509,1.0,0.16666666666666666,0.4166666666666667,0.075,0.3416666666666667,0.19682338510508768,0.19682338510508768,0.0,0.14510122691267516,0.21451742083618264,0.14842963999130268,0.4919517122598395,0.09833852727043034,0.09833852727043034,0.0,0.1558839467896709,0.3155920437514247,0.11171481999565133,0.41680918946325307,0.0,0.0,1.0,0.19558930061525984,0.3608527322386855,0.12508730495323178,0.3184706621928226
68,0.07900993890182509,0.0,0.17932339443150824,114,156,0.0,0,0,60,0.19558930061525984,0.16666666666666666,0.3608527322386855,0.4166666666666667,0.12508730495323178,0.075,0.3184706621928226,0.3416666666666667,0.07900993890182509,0.07900993890182509,1.0,0.16666666666666666,0.4166666666666667,0.075,0.3416666666666667,0.19682338510508768,0.19682338510508768,0.0,0.14510122691267516,0.21451742083618264,0.14842963999130268,0.4919517122598395,0.09833852727043034,0.09833852727043034,0.0,0.1558839467896709,0.3155920437514247,0.11171481999565133,0.41680918946325307,0.0,0.0,1.0,0.19558930061525984,0.3608527322386855,0.12508730495323178,0.3184706621928226
69,0.07900993890182509,0.0,0.17932339443150824,89,157,0.0,0,0,60,0.19558930061525984,0.16666666666666666,0.3608527322386855,0.4166666666666667,0.12508730495323178,0.075,0.3184706621928226,0.3416666666666667,0.07900993890182509,0.07900993890182509,1.0,0.16666666666666666,0.4166666666666667,0.075,0.3416666666666667,0.19682338510508768,0.19682338510508768,0.0,0.14510122691267516,0.21451742083618264,0.14842963999130268,0.4919517122598395,0.09833852727043034,0.09833852727043034,0.0,0.1558839467896709,0.3155920437514247,0.11171481999565133,0.41680918946325307,0.0,0.0,1.0,0.19558930061525984,0.3608527322386855,0.12508730495323178,0.3184706621928226
70,0.07900993890182509,0.0,0.17932339443150824,90,159,0.0,0,1,70,0.19558930061525984,0.16666666666666666,0.3608527322386855,0.4166666666666667,0.12508730495323178,0.075,0.3184706621928226,0.3416666666666667,0.07900993890182509,0.07900993890182509,1.0,0.16666666666666666,0.4166666666666667,0.075,0.3416666666666667,0.147469204215067,0.147469204215067,0.0,0.15671856347480967,0.25225426516406874,0.1270107342314696,0.46401643712965185,0.08437088970533657,0.08437088970533657,0.0,0.16169261507073818,0.3344604659153677,0.1010053671157348,0.4028415518981593,0.0,0.0,1.0,0.19558930061525984,0.3608527322386855,0.12508730495323178,0.3184706621928226
71,0.07900993890182509,0.0,0.17932339443150824,100,160,0.0,0,0,70,0.19558930061525984,0.16666666666666666,0.3608527322386855,0.4166666666666667,0.12508730495323178,0.075,0.3184706621928226,0.3416666666666667,0.07900993890182509,0.07900993890182509,1.0,0.16666666666666666,0.4166666666666667,0.075,0.3416666666666667,0.147469204215067,0.147469204215067,0.0,0.15671856347480967,0.25225426516406874,0.1270107342314696,0.46401643712965185,0.08437088970533657,0.08437088970533657,0.0,0.16169261507073818,0.3344604659153677,0.1010053671157348,0.4028415518981593,0.0,0.0,1.0,0.19558930061525984,0.3608527322386855,0.12508730495323178,0.3184706621928226
72,0.07900993890182509,0.0,0.17932339443150824,104,161,0.0,0,0,70,0.19558930061525984,0.16666666666666666,0.3608527322386855,0.4166666666666667,0.12508730495323178,0.075,0.3184706621928226,0.3416666666666667,0.07900993890182509,0.07900993890182509,1.0,0.16666666666666666,0.4166666666666667,0.075,0.3416666666666667,0.147469204215067,0.147469204215067,0.0,0.15671856347480967,0.25225426516406874,0.1270107342314696,0.46401643712965185,0.08437088970533657,0.08437088970533657,0.0,0.16169261507073818,0.3344604659153677,0.1010053671157348,0.4028415518981593,0.0,0.0,1.0,0.19558930061525984,0.3608527322386855,0.12508730495323178,0.3184706621928226
73,0.07900993890182509,0.0,0.17932339443150824,91,163,0.0,0,0,70,0.19558930061525984,0.16666666666666666,0.3608527322386855,0.4166666666666667,0.12508730495323178,0.075,0.3184706621928226,0.3416666666666667,0.07900993890182509,0.07900993890182509,1.0,0.16666666666666666,0.4166666666666667,0.075,0.3416666666666667,0.147469204215067,0.147469204215067,0.0,0.15671856347480967,0.25225426516406874,0.1270107342314696,0.46401643712965185,0.08437088970533657,0.08437088970533657,0.0,0.16169261507073818,0.3344604659153677,0.1010053671157348,0.4028415518981593,0.0,0.0,1.0,0.19558930061525984,0.3608527322386855,0.12508730495323178,0.3184706621928226
74,0.07900993890182509,0.0,0.17932339443150824,84,164,0.0,0,0,70,0.19558930061525984,0.16666666666666666,0.3608527322386855,0.4166666666666667,0.12508730495323178,0.075,0.3184706621928226,0.3416666666666667,0.07900993890182509,0.07900993890182509,1.0,0.16666666666666666,0.4166666666666667,0.075,0.3416666666666667,0.147469204215067,0.147469204215067,0.0,0.15671856347480967,0.25225426516406874,0.1270107342314696,0.46401643712965185,0.08437088970533657,0.08437088970533657,0.0,0.16169261507073818,0.3344604659153677,0.1010053671157348,0.4028415518981593,0.0,0.0,1.0,0.19558930061525984,0.3608527322386855,0.12508730495323178,0.3184706621928226
75,0.07900993890182509,0.0,0.17932339443150824,97,166,0.0,0,0,70,0.19558930061525984,0.16666666666666666,0.3608527322386855,0.4166666666666667,0.12508730495323178,0.075,0.3184706621928226,0.3416666666666667,0.07900993890182509,0.07900993890182509,1.0,0.16666666666666666,0.4166666666666667,0.075,0.3416666666666667,0.147469204215067,0.147469204215067,0.0,0.15671856347480967,0.25225426516406874,0.1270107342314696,0.46401643712965185,0.08437088970533657,0.08437088970533657,0.0,0.16169261507073818,0.3344604659153677,0.1010053671157348,0.4028415518981593,0.0,0.0,1.0,0.19558930061525984,0.3608527322386855,0.12508730495323178,0.3184706621928226
76,0.07900993890182509,0.0,0.17932339443150824,85,168,0.0,0,0,70,0.19558930061525984,0.16666666666666666,0.3608527322386855,0.4166666666666667,0.12508730495323178,0.075,0.3184706621928226,0.3416666666666667,0.07900993890182509,0.07900993890182509,1.0,0.16666666666666666,0.4166666666666667,0.075,0.3416666666666667,0.147469204215067,0.147469204215067,0.0,0.15671856347480967,0.25225426516406874,0.1270107342314696,0.46401643712965185,0.08437088970533657,0.08437088970533657,0.0,0.16169261507073818,0.3344604659153677,0.1010053671157348,0.4028415518981593,0.0,0.0,1.0,0.19558930061525984,0.3608527322386855,0.12508730495323178,0.3184706621928226
77,0.07900993890182509,0.0,0.17932339443150824,87,168,0.0,0,0,70,0.19558930061525984,0.16666666666666666,0.3608527322386855,0.4166666666666667,0.12508730495323178,0.075,0.3184706621928226,0.3416666666666667,0.07900993890182509,0.07900993890182509,1.0,0.16666666666666666,0.4166666666666667,0.075,0.3416666666666667,0.147469204215067,0.147469204215067,0.0,0.15671856347480967,0.25225426516406874,0.1270107342314696,0.46401643712965185,0.08437088970533657,0.08437088970533657,0.0,0.16169261507073818,0.3344604659153677,0.1010053671157348,0.4028415518981593,0.0,0.0,1.0,0.19558930061525984,0.3608527322386855,0.12508730495323178,0.3184706621928226
78,0.07900993890182509,0.0,0.17932339443150824,92,170,0.0,0,0,70,0.19558930061525984,0.16666666666666666,0.3608527322386855,0.4166666666666667,0.12508730495323178,0.075,0.3184706621928226,0.3416666666666667,0.07900993890182509,0.07900993890182509,1.0,0.16666666666666666,0.4166666666666667,0.075,0.3416666666666667,0.147469204215067,0.147469204215067,0.0,0.15671856347480967,0.25225426516406874,0.1270107342314696,0.46401643712965185,0.08437088970533657,0.08437088970533657,0.0,0.16169261507073818,0.3344604659153677,0.1010053671157348,0.4028415518981593,0.0,0.0,1.0,0.19558930061525984,0.3608527322386855,0.12508730495323178,0.3184706621928226
79,0.07900993890182509,0.0,0.17932339443150824,102,171,0.0,0,0,70,0.19558930061525984,0.16666666666666666,0.3608527322386855,0.4166666666666667,0.12508730495323178,0.075,0.3184706621928226,0.3416666666666667,0.07900993890182509,0.07900993890182509,1.0,0.16666666666666666,0.4166666666666667,0.075,0.3416666666666667,0.147469204215067,0.147469204215067,0.0,0.15671856347480967,0.25225426516406874,0.1270107342314696,0.46401643712965185,0.08437088970533657,0.08437088970533657,0.0,0.16169261507073818,0.3344604659153677,0.1010053671157348,0.4028415518981593,0.0,0.0,1.0,0.19558930061525984,0.3608527322386855,0.12508730495323178,0.3184706621928226
80,0.07900993890182509,0.0,0.17932339443150824,86,172,0.0,0,1,80,0.19558930061525984,0.16666666666666666,0.3608527322386855,0.4166666666666667,0.12508730495323178,0.075,0.3184706621928226,0.3416666666666667,0.07900993890182509,0.07900993890182509,1.0,0.16666666666666666,0.4166666666666667,0.075,0.3416666666666667,0.11642499267161585,0.11642499267161585,0.0,0.23849125031780305,0.2537198247492824,0.11579521977101921,0.3919937051618954,0.055349181598433314,0.055349181598433314,0.0,0.20257895849223484,0.33519324570797454,0.0953976098855096,0.36683018591428107,0.0,0.0,1.0,0.19558930061525984,0.3608527322386855,0.12508730495323178,0.3184706621928226
81,0.07900993890182509,0.0,0.17932339443150824,96,173,0.0,0,0,80,0.19558930061525984,0.16666666666666666,0.3608527322386855,0.4166666666666667,0.12508730495323178,0.075,0.3184706621928226,0.3416666666666667,0.07900993890182509,0.07900993890182509,1.0,0.16666666666666666,0.4166666666666667,0.075,0.3416666666666667,0.11642499267161585,0.11642499267161585,0.0,0.23849125031780305,0.2537198247492824,0.11579521977101921,0.3919937051618954,0.055349181598433314,0.055349181598433314,0.0,0.20257895849223484,0.33519324570797454,0.0953976098855096,0.36683018591428107,0.0,0.0,1.0,0.19558930061525984,0.3608527322386855,0.12508730495323178,0.3184706621928226
82,0.07900993890182509,0.0,0.17932339443150824,98,173,0.0,0,0,80,0.19558930061525984,0.16666666666666666,0.3608527322386855,0.4166666666666667,0.12508730495323178,0.075,0.3184706621928226,0.3416666666666667,0.07900993890182509,0.07900993890182509,1.0,0.16666666666666666,0.4166666666666667,0.075,0.3416666666666667,0.11642499267161585,0.11642499267161585,0.0,0.23849125031780305,0.2537198247492824,0.11579521977101921,0.3919937051618954,0.055349181598433314,0.055349181598433314,0.0,0.20257895849223484,0.33519324570797454,0.0953976098855096,0.36683018591428107,0.0,0.0,1.0,0.19558930061525984,0.3608527322386855,0.12508730495323178,0.3184706621928226
83,0.07900993890182509,0.0,0.17932339443150824,105,174,0.0,0,0,80,0.19558930061525984,0.16666666666666666,0.3608527322386855,0.4166666666666667,0.12508730495323178,0.075,0.3184706621928226,0.3416666666666667,0.07900993890182509,0.07900993890182509,1.0,0.16666666666666666,0.4166666666666667,0.075,0.3416666666666667,0.11642499267161585,0.11642499267161585,0.0,0.23849125031780305,0.2537198247492824,0.11579521977101921,0.3919937051618954,0.055349181598433314,0.055349181598433314,0.0,0.20257895849223484,0.33519324570797454,0.0953976098855096,0.36683018591428107,0.0,0.0,1.0,0.19558930061525984,0.3608527322386855,0.12508730495323178,0.3184706621928226
84,0.07900993890182509,0.0,0.17932339443150824,92,177,0.0,0,0,80,0.19558930061525984,0.16666666666666666,0.3608527322386855,0.4166666666666667,0.12508730495323178,0.075,0.3184706621928226,0.3416666666666667,0.07900993890182509,0.07900993890182509,1.0,0.16666666666666666,0.4166666666666667,0.075,0.3416666666666667,0.11642499267161585,0.11642499267161585,0.0,0.23849125031780305,0.2537198247492824,0.11579521977101921,0.3919937051618954,0.055349181598433314,0.055349181598433314,0.0,0.20257895849223484,0.33519324570797454,0.0953976098855096,0.36683018591428107,0.0,0.0,1.0,0.19558930061525984,0.3608527322386855,0.12508730495323178,0.3184706621928226
85,0.07900993890182509,0.0,0.17932339443150824,78,178,0.0,0,0,80,0.19558930061525984,0.16666666666666666,0.3608527322386855,0.4166666666666667,0.12508730495323178,0.075,0.3184706621928226,0.3416666666666667,0.07900993890182509,0.07900993890182509,1.0,0.16666666666666666,0.4166666666666667,0.075,0.3416666666666667,0.11642499267161585,0.11642499267161585,0.0,0.23849125031780305,0.2537198247492824,0.11579521977101921,0.3919937051618954,0.055349181598433314,0.055349181598433314,0.0,0.20257895849223484,0.33519324570797454,0.0953976098855096,0.36683018591428107,0.0,0.0,1.0,0.19558930061525984,0.3608527322386855,0.12508730495323178,0.3184706621928226
86,0.07900993890182509,0.0,0.17932339443150824,116,180,0.0,0,0,80,0.19558930061525984,0.16666666666666666,0.3608527322386855,0.4166666666666667,0.12508730495323178,0.075,0.3184706621928226,0.3416666666666667,0.07900993890182509,0.07900993890182509,1.0,0.16666666666666666,0.4166666666666667,0.075,0.3416666666666667,0.11642499267161585,0.11642499267161585,0.0,0.23849125031780305,0.2537198247492824,0.11579521977101921,0.3919937051618954,0.055349181598433314,0.055349181598433314,0.0,0.20257895849223484,0.33519324570797454,0.0953976098855096,0.36683018591428107,0.0,0.0,1.0,0.19558930061525984,0.3608527322386855,0.12508730495323178,0.3184706621928226
87,0.07900993890182509,0.0,0.17932339443150824,105,182,0.0,0,0,80,0.19558930061525984,0.16666666666666666,0.3608527322386855,0.4166666666666667,0.12508730495323178,0.075,0.3184706621928226,0.3416666666666667,0.07900993890182509,0.07900993890182509,1.0,0.16666666666666666,0.4166666666666667,0.075,0.3416666666666667,0.11642499267161585,0.11642499267161585,0.0,0.23849125031780305,0.2537198247492824,0.11579521977101921,0.3919937051618954,0.055349181598433314,0.055349181598433314,0.0,0.20257895849223484,0.33519324570797454,0.0953976098855096,0.36683018591428107,0.0,0.0,1.0,0.19558930061525984,0.3608527322386855,0.12508730495323178,0.3184706621928226
88,0.07900993890182509,0.0,0.17932339443150824,90,182,0.0,0,0,80,0.19558930061525984,0.16666666666666666,0.3608527322386855,0.4166666666666667,0.12508730495323178,0.075,0.3184706621928226,0.3416666666666667,0.07900993890182509,0.07900993890182509,1.0,0.16666666666666666,0.4166666666666667,0.075,0.3416666666666667,0.11642499267161585,0.11642499267161585,0.0,0.23849125031780305,0.2537198247492824,0.11579521977101921,0.3919937051618954,0.055349181598433314,0.055349181598433314,0.0,0.20257895849223484,0.33519324570797454,0.0953976098855096,0.36683018591428107,0.0,0.0,1.0,0.19558930061525984,0.3608527322386855,0.12508730495323178,0.3184706621928226
89,0.07900993890182509,0.0,0.17932339443150824,103,183,0.0,0,0,80,0.19558930061525984,0.16666666666666666,0.3608527322386855,0.4166666666666667,0.12508730495323178,0.075,0.3184706621928226,0.3416666666666667,0.07900993890182509,0.07900993890182509,1.0,0.16666666666666666,0.4166666666666667,0.075,0.3416666666666667,0.11642499267161585,0.11642499267161585,0.0,0.23849125031780305,0.2537198247492824,0.11579521977101921,0.3919937051618954,0.055349181598433314,0.055349181598433314,0.0,0.20257895849223484,0.33519324570797454,0.0953976098855096,0.36683018591428107,0.0,0.0,1.0,0.19558930061525984,0.3608527322386855,0.12508730495323178,0.3184706621928226
90,0.07900993890182509,0.0,0.17932339443150824,92,184,0.0,0,1,90,0.19558930061525984,0.16666666666666666,0.3608527322386855,0.4166666666666667,0.12508730495323178,0.075,0.3184706621928226,0.3416666666666667,0.07900993890182509,0.07900993890182509,1.0,0.16666666666666666,0.4166666666666667,0.075,0.3416666666666667,0.1704201801968187,0.1704201801968187,0.0,0.16090136442906736,0.22512048822805944,0.14397190614863412,0.4700062411942391,0.08736579173763014,0.08736579173763014,0.0,0.163784015547867,0.3208935774473631,0.10948595307431705,0.40583645393045287,0.0,0.0,1.0,0.19558930061525984,0.3608527322386855,0.12508730495323178,0.3184706621928226
91,0.07900993890182509,0.0,0.17932339443150824,92,184,0.0,0,0,90,0.19558930061525984,0.16666666666666666,0.3608527322386855,0.4166666666666667,0.12508730495323178,0.075,0.3184706621928226,0.3416666666666667,0.07900993890182509,0.07900993890182509,1.0,0.16666666666666666,0.4166666666666667,0.075,0.3416666666666667,0.1704201801968187,0.1704201801968187,0.0,0.16090136442906736,0.22512048822805944,0.14397190614863412,0.4700062411942391,0.08736579173763014,0.08736579173763014,0.0,0.163784015547867,0.3208935774473631,0.10948595307431705,0.40583645393045287,0.0,0.0,1.0,0.19558930061525984,0.3608527322386855,0.12508730495323178,0.3184706621928226
92,0.07900993890182509,0.0,0.17932339443150824,91,185,0.0,0,0,90,0.19558930061525984,0.16666666666666666,0.3608527322386855,0.4166666666666667,0.12508730495323178,0.075,0.3184706621928226,0.3416666666666667,0.07900993890182509,0.07900993890182509,1.0,0.16666666666666666,0.4166666666666667,0.075,0.3416666666666667,0.1704201801968187,0.1704201801968187,0.0,0.16090136442906736,0.22512048822805944,0.14397190614863412,0.4700062411942391,0.08736579173763014,0.08736579173763014,0.0,0.163784015547867,0.3208935774473631,0.10948595307431705,0.40583645393045287,0.0,0.0,1.0,0.19558930061525984,0.3608527322386855,0.12508730495323178,0.3184706621928226
93,0.07900993890182509,0.0,0.17932339443150824,93,187,0.0,0,0,90,0.19558930061525984,0.16666666666666666,0.3608527322386855,0.4166666666666667,0.12508730495323178,0.075,0.3184706621928226,0.3416666666666667,0.07900993890182509,0.07900993890182509,1.0,0.16666666666666666,0.4166666666666667,0.075,0.3416666666666667,0.1704201801968187,0.1704201801968187,0.0,0.16090136442906736,0.22512048822805944,0.14397190614863412,0.4700062411942391,0.08736579173763014,0.08736579173763014,0.0,0.163784015547867,0.3208935774473631,0.10948595307431705,0.40583645393045287,0.0,0.0,1.0,0.19558930061525984,0.3608527322386855,0.12508730495323178,0.3184706621928226
94,0.07900993890182509,0.0,0.17932339443150824,93,189,0.0,0,0,90,0.19558930061525984,0.16666666666666666,0.3608527322386855,0.4166666666666667,0.12508730495323178,0.075,0.3184706621928226,0.3416666666666667,0.07900993890182509,0.07900993890182509,1.0,0.16666666666666666,0.4166666666666667,0.075,0.3416666666666667,0.1704201801968187,0.1704201801968187,0.0,0.16090136442906736,0.22512048822805944,0.14397190614863412,0.4700062411942391,0.08736579173763014,0.08736579173763014,0.0,0.163784015547867,0.3208935774473631,0.10948595307431705,0.40583645393045287,0.0,0.0,1.0,0.19558930061525984,0.3608527322386855,0.12508730495323178,0.3184706621928226
95,0.07900993890182509,0.0,0.17932339443150824,103,190,0.0,0,0,90,0.19558930061525984,0.16666666666666666,0.3608527322386855,0.4166666666666667,0.12508730495323178,0.075,0.3184706621928226,0.3416666666666667,0.07900993890182509,0.07900993890182509,1.0,0.16666666666666666,0.4166666666666667,0.075,0.3416666666666667,0.1704201801968187,0.1704201801968187,0.0,0.16090136442906736,0.22512048822805944,0.14397190614863412,0.4700062411942391,0.08736579173763014,0.08736579173763014,0.0,0.163784015547867,0.3208935774473631,0.10948595307431705,0.40583645393045287,0.0,0.0,1.0,0.19558930061525984,0.3608527322386855,0.12508730495323178,0.3184706621928226
96,0.07900993890182509,0.0,0.17932339443150824,100,191,0.0,0,0,90,0.19558930061525984,0.16666666666666666,0.3608527322386855,0.4166666666666667,0.12508730495323178,0.075,0.3184706621928226,0.3416666666666667,0.07900993890182509,0.07900993890182509,1.0,0.16666666666666666,0.4166666666666667,0.075,0.3416666666666667,0.1704201801968187,0.1704201801968187,0.0,0.16090136442906736,0.22512048822805944,0.14397190614863412,0.4700062411942391,0.08736579173763014,0.08736579173763014,0.0,0.163784015547867,0.3208935774473631,0.10948595307431705,0.40583645393045287,0.0,0.0,1.0,0.19558930061525984,0.3608527322386855,0.12508730495323178,0.3184706621928226
97,0.07900993890182509,0.0,0.17932339443150824,106,192,0.0,0,0,90,0.19558930061525984,0.16666666666666666,0.3608527322386855,0.4166666666666667,0.12508730495323178,0.075,0.3184706621928226,0.3416666666666667,0.07900993890182509,0.07900993890182509,1.0,0.16666666666666666,0.4166666666666667,0.075,0.3416666666666667,0.1704201801968187,0.1704201801968187,0.0,0.16090136442906736,0.22512048822805944,0.14397190614863412,0.4700062411942391,0.08736579173763014,0.08736579173763014,0.0,0.163784015547867,0.3208935774473631,0.10948595307431705,0.40583645393045287,0.0,0.0,1.0,0.19558930061525984,0.3608527322386855,0.12508730495323178,0.3184706621928226
98,0.07900993890182509,0.0,0.17932339443150824,94,193,0.0,0,0,90,0.19558930061525984,0.16666666666666666,0.3608527322386855,0.4166666666666667,0.12508730495323178,0.075,0.3184706621928226,0.3416666666666667,0.07900993890182509,0.07900993890182509,1.0,0.16666666666666666,0.4166666666666667,0.075,0.3416666666666667,0.1704201801968187,0.1704201801968187,0.0,0.16090136442906736,0.22512048822805944,0.14397190614863412,0.4700062411942391,0.08736579173763014,0.08736579173763014,0.0,0.163784015547867,0.3208935774473631,0.10948595307431705,0.40583645393045287,0.0,0.0,1.0,0.19558930061525984,0.3608527322386855,0.12508730495323178,0.3184706621928226
99,0.07900993890182509,0.0,0.17932339443150824,99,196,0.0,0,0,90,0.19558930061525984,0.16666666666666666,0.3608527322386855,0.4166666666666667,0.12508730495323178,0.075,0.3184706621928226,0.3416666666666667,0.07900993890182509,0.07900993890182509,1.0,0.16666666666666666,0.4166666666666667,0.075,0.3416666666666667,0.1704201801968187,0.1704201801968187,0.0,0.16090136442906736,0.22512048822805944,0.14397190614863412,0.4700062411942391,0.08736579173763014,0.08736579173763014,0.0,0.163784015547867,0.3208935774473631,0.10948595307431705,0.40583645393045287,0.0,0.0,1.0,0.19558930061525984,0.3608527322386855,0.12508730495323178,0.3184706621928226
100,0.07900993890182509,0.0,0.17932339443150824,74,172,0.0,0,1,100,0.19558930061525984,0.16666666666666666,0.3608527322386855,0.4166666666666667,0.12508730495323178,0.075,0.3184706621928226,0.3416666666666667,0.07900993890182509,0.07900993890182509,1.0,0.16666666666666666,0.4166666666666667,0.075,0.3416666666666667,0.14193558604738604,0.14193558604738604,0.0,0.125531522314246,0.3042498381770032,0.10981239126854205,0.46040624824020876,0.082565795260615,0.082565795260615,0.0,0.14609909449045633,0.36045825242183493,0.09240619563427102,0.40103645745343774,0.0,0.0,1.0,0.19558930061525984,0.3608527322386855,0.12508730495323178,0.3184706621928226
101,0.07900993890182509,0.0,0.17932339443150824,89,168,0.0,0,0,100,0.19558930061525984,0.16666666666666666,0.3608527322386855,0.4166666666666667,0.12508730495323178,0.075,0.3184706621928226,0.3416666666666667,0.07900993890182509,0.07900993890182509,1.0,0.16666666666666666,0.4166666666666667,0.075,0.3416666666666667,0.14193558604738604,0.14193558604738604,0.0,0.125531522314246,0.3042498381770032,0.10981239126854205,0.46040624824020876,0.082565795260615,0.082565795260615,0.0,0.14609909449045633,0.36045825242183493,0.09240619563427102,0.40103645745343774,0.0,0.0,1.0,0.19558930061525984,0.3608527322386855,0.12508730495323178,0.3184706621928226
102,0.07900993890182509,0.0,0.17932339443150824,98,167,0.0,0,0,100,0.19558930061525984,0.16666666666666666,0.3608527322386855,0.4166666666666667,0.12508730495323178,0.075,0.3184706621928226,0.3416666666666667,0.07900993890182509,0.07900993890182509,1.0,0.16666666666666666,0.4166666666666667,0.075,0.3416666666666667,0.14193558604738604,0.14193558604738604,0.0,0.125531522314246,0.3042498381770032,0.10981239126854205,0.46040624824020876,0.082565795260615,0.082565795260615,0.0,0.14609909449045633,0.36045825242183493,0.09240619563427102,0.40103645745343774,0.0,0.0,1.0,0.19558930061525984,0.3608527322386855,0.12508730495323178,0.3184706621928226
103,0.07900993890182509,0.0,0.17932339443150824,113,164,0.0,0,0,100,0.19558930061525984,0.16666666666666666,0.3608527322386855,0.4166666666666667,0.12508730495323178,0.075,0.3184706621928226,0.3416666666666667,0.07900993890182509,0.07900993890182509,1.0,0.16666666666666666,0.4166666666666667,0.075,0.3416666666666667,0.14193558604738604,0.14193558604738604,0.0,0.125531522314246,0.3042498381770032,0.10981239126854205,0.46040624824020876,0.082565795260615,0.082565795260615,0.0,0.14609909449045633,0.36045825242183493,0.09240619563427102,0.40103645745343774,0.0,0.0,1.0,0.19558930061525984,0.3608527322386855,0.12508730495323178,0.3184706621928226
104,0.07900993890182509,0.0,0.17932339443150824,87,162,0.0,0,0,100,0.19558930061525984,0.16666666666666666,0.3608527322386855,0.4166666666666667,0.12508730495323178,0.075,0.3184706621928226,0.3416666666666667,0.07900993890182509,0.07900993890182509,1.0,0.16666666666666666,0.4166666666666667,0.075,0.3416666666666667,0.14193558604738604,0.14193558604738604,0.0,0.125531522314246,0.3042498381770032,0.10981239126854205,0.46040624824020876,0.082565795260615,0.082565795260615,0.0,0.14609909449045633,0.36045825242183493,0.09240619563427102,0.40103645745343774,0.0,0.0,1.0,0.19558930061525984,0.3608527322386855,0.12508730495323178,0.3184706621928226
105,0.07900993890182509,0.0,0.17932339443150824,96,161,0.0,0,0,100,0.19558930061525984,0.16666666666666666,0.3608527322386855,0.4166666666666667,0.12508730495323178,0.075,0.3184706621928226,0.3416666666666667,0.07900993890182509,0.07900993890182509,1.0,0.16666666666666666,0.4166666666666667,0.075,0.3416666666666667,0.14193558604738604,0.14193558604738604,0.0,0.125531522314246,0.3042498381770032,0.10981239126854205,0.46040624824020876,0.082565795260615,0.082565795260615,0.0,0.14609909449045633,0.36045825242183493,0.09240619563427102,0.40103645745343774,0.0,0.0,1.0,0.19558930061525984,0.3608527322386855,0.12508730495323178,0.3184706621928226
106,0.07900993890182509,0.0,0.17932339443150824,97,159,0.0,0,0,100,0.19558930061525984,0.16666666666666666,0.3608527322386855,0.4166666666666667,0.12508730495323178,0.075,0.3184706621928226,0.3416666666666667,0.07900993890182509,0.07900993890182509,1.0,0.16666666666666666,0.4166666666666667,0.075,0.3416666666666667,0.14193558604738604,0.14193558604738604,0.0,0.125531522314246,0.3042498381770032,0.10981239126854205,0.46040624824020876,0.082565795260615,0.082565795260615,0.0,0.14609909449045633,0.36045825242183493,0.09240619563427102,0.40103645745343774,0.0,0.0,1.0,0.19558930061525984,0.3608527322386855,0.12508730495323178,0.3184706621928226
107,0.07900993890182509,0.0,0.17932339443150824,81,156,0.0,0,0,100,0.19558930061525984,0.16666666666666666,0.3608527322386855,0.4166666666666667,0.12508730495323178,0.075,0.3184706621928226,0.3416666666666667,0.07900993890182509,0.07900993890182509,1.0,0.16666666666666666,0.4166666666666667,0.075,0.3416666666666667,0.14193558604738604,0.14193558604738604,0.0,0.125531522314246,0.3042498381770032,0.10981239126854205,0.46040624824020876,0.082565795260615,0.082565795260615,0.0,0.14609909449045633,0.36045825242183493,0.09240619563427102,0.40103645745343774,0.0,0.0,1.0,0.19558930061525984,0.3608527322386855,0.12508730495323178,0.3184706621928226
108,0.07900993890182509,0.0,0.17932339443150824,106,156,0.0,0,0,100,0.19558930061525984,0.16666666666666666,0.3608527322386855,0.4166666666666667,0.12508730495323178,0.075,0.3184706621928226,0.3416666666666667,0.07900993890182509,0.07900993890182509,1.0,0.16666666666666666,0.4166666666666667,0.075,0.3416666666666667,0.14193558604738604,0.14193558604738604,0.0,0.125531522314246,0.3042498381770032,0.10981239126854205,0.46040624824020876,0.082565795260615,0.082565795260615,0.0,0.14609909449045633,0.36045825242183493,0.09240619563427102,0.40103645745343774,0.0,0.0,1.0,0.19558930061525984,0.3608527322386855,0.12508730495323178,0.3184706621928226
109,0.07900993890182509,0.0,0.17932339443150824,113,154,0.0,0,0,100,0.19558930061525984,0.16666666666666666,0.3608527322386855,0.4166666666666667,0.12508730495323178,0.075,0.3184706621928226,0.3416666666666667,0.07900993890182509,0.07900993890182509,1.0,0.16666666666666666,0.4166666666666667,0.075,0.3416666666666667,0.14193558604738604,0.14193558604738604,0.0,0.125531522314246,0.3042498381770032,0.10981239126854205,0.46040624824020876,0.082565795260615,0.082565795260615,0.0,0.14609909449045633,0.36045825242183493,0.09240619563427102,0.40103645745343774,0.0,0.0,1.0,0.19558930061525984,0.3608527322386855,0.12508730495323178,0.3184706621928226
110,0.07900993890182509,0.0,0.17932339443150824,80,153,0.0,0,1,110,0.19558930061525984,0.16666666666666666,0.3608527322386855,0.4166666666666667,0.12508730495323178,0.075,0.3184706621928226,0.3416666666666667,0.07900993890182509,0.07900993890182509,1.0,0.16666666666666666,0.4166666666666667,0.075,0.3416666666666667,0.23435579927564054,0.23435579927564054,0.0,0.13357923583476455,0.2174471767959089,0.09614712590086327,0.5528264614684633,0.12877590187474222,0.12877590187474222,0.0,0.15012295125071562,0.3170569217312878,0.08557356295043164,0.44724656406756497,0.0,0.0,1.0,0.19558930061525984,0.3608527322386855,0.12508730495323178,0.3184706621928226
111,0.07900993890182509,0.0,0.17932339443150824,110,151,0.0,0,0,110,0.19558930061525984,0.16666666666666666,0.3608527322386855,0.4166666666666667,0.12508730495323178,0.075,0.3184706621928226,0.3416666666666667,0.07900993890182509,0.07900993890182509,1.0,0.16666666666666666,0.4166666666666667,0.075,0.3416666666666667,0.23435579927564054,0.23435579927564054,0.0,0.13357923583476455,0.2174471767959089,0.09614712590086327,0.5528264614684633,0.12877590187474222,0.12877590187474222,0.0,0.15012295125071562,0.3170569217312878,0.08557356295043164,0.44724656406756497,0.0,0.0,1.0,0.19558930061525984,0.3608527322386855,0.12508730495323178,0.3184706621928226
112,0.07900993890182509,0.0,0.17932339443150824,113,152,0.0,0,0,110,0.19558930061525984,0.16666666666666666,0.3608527322386855,0.4166666666666667,0.12508730495323178,0.075,0.3184706621928226,0.3416666666666667,0.07900993890182509,0.07900993890182509,1.0,0.16666666666666666,0.4166666666666667,0.075,0.3416666666666667,0.23435579927564054,0.23435579927564054,0.0,0.13357923583476455,0.2174471767959089,0.09614712590086327,0.5528264614684633,0.12877590187474222,0.12877590187474222,0.0,0.15012295125071562,0.3170569217312878,0.08557356295043164,0.44724656406756497,0.0,0.0,1.0,0.19558930061525984,0.3608527322386855,0.12508730495323178,0.3184706621928226
113,0.07900993890182509,0.0,0.17932339443150824,97,150,0.0,0,0,110,0.19558930061525984,0.16666666666666666,0.3608527322386855,0.4166666666666667,0.12508730495323178,0.075,0.3184706621928226,0.3416666666666667,0.07900993890182509,0.07900993890182509,1.0,0.16666666666666666,0.4166666666666667,0.075,0.3416666666666667,0.23435579927564054,0.23435579927564054,0.0,0.13357923583476455,0.2174471767959089,0.09614712590086327,0.5528264614684633,0.12877590187474222,0.12877590187474222,0.0,0.15012295125071562,0.3170569217312878,0.08557356295043164,0.44724656406756497,0.0,0.0,1.0,0.19558930061525984,0.3608527322386855,0.12508730495323178,0.3184706621928226
114,0.07900993890182509,0.0,0.17932339443150824,99,148,0.0,0,0,110,0.19558930061525984,0.16666666666666666,0.3608527322386855,0.4166666666666667,0.12508730495323178,0.075,0.3184706621928226,0.3416666666666667,0.07900993890182509,0.07900993890182509,1.0,0.16666666666666666,0.4166666666666667,0.075,0.3416666666666667,0.23435579927564054,0.23435579927564054,0.0,0.13357923583476455,0.2174471767959089,0.09614712590086327,0.5528264614684633,0.12877590187474222,0.12877590187474222,0.0,0.15012295125071562,0.3170569217312878,0.08557356295043164,0.44724656406756497,0.0,0.0,1.0,0.19558930061525984,0.3608527322386855,0.12508730495323178,0.3184706621928226
115,0.07900993890182509,0.0,0.17932339443150824,104,146,0.0,0,0,110,0.19558930061525984,0.16666666666666666,0.3608527322386855,0.4166666666666667,0.12508730495323178,0.075,0.3184706621928226,0.3416666666666667,0.07900993890182509,0.07900993890182509,1.0,0.16666666666666666,0.4166666666666667,0.075,0.3416666666666667,0.23435579927564054,0.23435579927564054,0.0,0.13357923583476455,0.2174471767959089,0.09614712590086327,0.5528264614684633,0.12877590187474222,0.12877590187474222,0.0,0.15012295125071562,0.3170569217312878,0.08557356295043164,0.44724656406756497,0.0,0.0,1.0,0.19558930061525984,0.3608527322386855,0.12508730495323178,0.3184706621928226
116,0.07900993890182509,0.0,0.17932339443150824,106,146,0.0,0,0,110,0.19558930061525984,0.16666666666666666,0.3608527322386855,0.4166666666666667,0.12508730495323178,0.075,0.3184706621928226,0.3416666666666667,0.07900993890182509,0.07900993890182509,1.0,0.16666666666666666,0.4166666666666667,0.075,0.3416666666666667,0.23435579927564054,0.23435579927564054,0.0,0.13357923583476455,0.2174471767959089,0.09614712590086327,0.5528264614684633,0.12877590187474222,0.12877590187474222,0.0,0.15012295125071562,0.3170569217312878,0.08557356295043164,0.44724656406756497,0.0,0.0,1.0,0.19558930061525984,0.3608527322386855,0.12508730495323178,0.3184706621928226
117,0.07900993890182509,0.0,0.17932339443150824,88,148,0.0,0,0,110,0.19558930061525984,0.16666666666666666,0.3608527322386855,0.4166666666666667,0.12508730495323178,0.075,0.3184706621928226,0.3416666666666667,0.07900993890182509,0.07900993890182509,1.0,0.16666666666666666,0.4166666666666667,0.075,0.3416666666666667,0.23435579927564054,0.23435579927564054,0.0,0.13357923583476455,0.2174471767959089,0.09614712590086327,0.5528264614684633,0.12877590187474222,0.12877590187474222,0.0,0.15012295125071562,0.3170569217312878,0.08557356295043164,0.44724656406756497,0.0,0.0,1.0,0.19558930061525984,0.3608527322386855,0.12508730495323178,0.3184706621928226
118,0.07900993890182509,0.0,0.17932339443150824,98,147,0.0,0,0,110,0.19558930061525984,0.16666666666666666,0.3608527322386855,0.4166666666666667,0.12508730495323178,0.075,0.3184706621928226,0.3416666666666667,0.07900993890182509,0.07900993890182509,1.0,0.16666666666666666,0.4166666666666667,0.075,0.3416666666666667,0.23435579927564054,0.23435579927564054,0.0,0.13357923583476455,0.2174471767959089,0.09614712590086327,0.5528264614684633,0.12877590187474222,0.12877590187474222,0.0,0.15012295125071562,0.3170569217312878,0.08557356295043164,0.44724656406756497,0.0,0.0,1.0,0.19558930061525984,0.3608527322386855,0.12508730495323178,0.3184706621928226
119,0.07900993890182509,0.0,0.17932339443150824,95,148,0.0,0,0,110,0.19558930061525984,0.16666666666666666,0.3608527322386855,0.4166666666666667,0.12508730495323178,0.075,0.3184706621928226,0.3416666666666667,0.07900993890182509,0.07900993890182509,1.0,0.16666666666666666,0.4166666666666667,0.075,0.3416666666666667,0.23435579927564054,0.23435579927564054,0.0,0.13357923583476455,0.2174471767959089,0.09614712590086327,0.5528264614684633,0.12877590187474222,0.12877590187474222,0.0,0.15012295125071562,0.3170569217312878,0.08557356295043164,0.44724656406756497,0.0,0.0,1.0,0.19558930061525984,0.3608527322386855,0.12508730495323178,0.3184706621928226
120,0.07900993890182509,0.0,0.17932339443150824,88,148,0.0,0,1,120,0.19558930061525984,0.16666666666666666,0.3608527322386855,0.4166666666666667,0.12508730495323178,0.075,0.3184706621928226,0.3416666666666667,0.07900993890182509,0.07900993890182509,1.0,0.16666666666666666,0.4166666666666667,0.075,0.3416666666666667,0.2408107903729983,0.2408107903729983,0.0,0.11265317678687631,0.26749853078078195,0.06056683986652065,0.559281452565821,0.1320033974234211,0.1320033974234211,0.0,0.1396599217267715,0.3420825987237243,0.06778341993326033,0.4504740596162438,0.0,0.0,1.0,0.19558930061525984,0.3608527322386855,0.12508730495323178,0.3184706621928226
121,0.07900993890182509,0.0,0.17932339443150824,104,148,0.0,0,0,120,0.19558930061525984,0.16666666666666666,0.3608527322386855,0.4166666666666667,0.12508730495323178,0.075,0.3184706621928226,0.3416666666666667,0.07900993890182509,0.07900993890182509,1.0,0.16666666666666666,0.4166666666666667,0.075,0.3416666666666667,0.2408107903729983,0.2408107903729983,0.0,0.11265317678687631,0.26749853078078195,0.06056683986652065,0.559281452565821,0.1320033974234211,0.1320033974234211,0.0,0.1396599217267715,0.3420825987237243,0.06778341993326033,0.4504740596162438,0.0,0.0,1.0,0.19558930061525984,0.3608527322386855,0.12508730495323178,0.3184706621928226
122,0.07900993890182509,0.0,0.17932339443150824,101,146,0.0,0,0,120,0.19558930061525984,0.16666666666666666,0.3608527322386855,0.4166666666666667,0.12508730495323178,0.075,0.3184706621928226,0.3416666666666667,0.07900993890182509,0.07900993890182509,1.0,0.16666666666666666,0.4166666666666667,0.075,0.3416666666666667,0.2408107903729983,0.2408107903729983,0.0,0.11265317678687631,0.26749853078078195,0.06056683986652065,0.559281452565821,0.1320033974234211,0.1320033974234211,0.0,0.1396599217267715,0.3420825987237243,0.06778341993326033,0.4504740596162438,0.0,0.0,1.0,0.19558930061525984,0.3608527322386855,0.12508730495323178,0.3184706621928226
123,0.07900993890182509,0.0,0.17932339443150824,109,146,0.0,0,0,120,0.19558930061525984,0.16666666666666666,0.3608527322386855,0.4166666666666667,0.12508730495323178,0.075,0.3184706621928226,0.3416666666666667,0.07900993890182509,0.07900993890182509,1.0,0.16666666666666666,0.4166666666666667,0.075,0.3416666666666667,0.2408107903729983,0.2408107903729983,0.0,0.11265317678687631,0.26749853078078195,0.06056683986652065,0.559281452565821,0.1320033974234211,0.1320033974234211,0.0,0.1396599217267715,0.3420825987237243,0.06778341993326033,0.4504740596162438,0.0,0.0,1.0,0.19558930061525984,0.3608527322386855,0.12508730495323178,0.3184706621928226
124,0.07900993890182509,0.0,0.17932339443150824,96,143,0.0,0,0,120,0.19558930061525984,0.16666666666666666,0.3608527322386855,0.4166666666666667,0.12508730495323178,0.075,0.3184706621928226,0.3416666666666667,0.07900993890182509,0.07900993890182509,1.0,0.16666666666666666,0.4166666666666667,0.075,0.3416666666666667,0.2408107903729983,0.2408107903729983,0.0,0.11265317678687631,0.26749853078078195,0.06056683986652065,0.559281452565821,0.1320033974234211,0.1320033974234211,0.0,0.1396599217267715,0.3420825987237243,0.06778341993326033,0.4504740596162438,0.0,0.0,1.0,0.19558930061525984,0.3608527322386855,0.12508730495323178,0.3184706621928226
125,0.07900993890182509,0.0,0.17932339443150824,92,140,0.0,0,0,120,0.19558930061525984,0.16666666666666666,0.3608527322386855,0.4166666666666667,0.12508730495323178,0.075,0.3184706621928226,0.3416666666666667,0.07900993890182509,0.07900993890182509,1.0,0.16666666666666666,0.4166666666666667,0.075,0.3416666666666667,0.2408107903729983,0.2408107903729983,0.0,0.11265317678687631,0.26749853078078195,0.06056683986652065,0.559281452565821,0.1320033974234211,0.1320033974234211,0.0,0.1396599217267715,0.3420825987237243,0.06778341993326033,0.4504740596162438,0.0,0.0,1.0,0.19558930061525984,0.3608527322386855,0.12508730495323178,0.3184706621928226
126,0.07900993890182509,0.0,0.17932339443150824,91,139,0.0,0,0,120,0.19558930061525984,0.16666666666666666,0.3608527322386855,0.4166666666666667,0.12508730495323178,0.075,0.3184706621928226,0.3416666666666667,0.07900993890182509,0.07900993890182509,1.0,0.16666666666666666,0.4166666666666667,0.075,0.3416666666666667,0.2408107903729983,0.2408107903729983,0.0,0.11265317678687631,0.26749853078078195,0.06056683986652065,0.559281452565821,0.1320033974234211,0.1320033974234211,0.0,0.1396599217267715,0.3420825987237243,0.06778341993326033,0.4504740596162438,0.0,0.0,1.0,0.19558930061525984,0.3608527322386855,0.12508730495323178,0.3184706621928226
127,0.07900993890182509,0.0,0.17932339443150824,100,143,0.0,0,0,120,0.19558930061525984,0.16666666666666666,0.3608527322386855,0.4166666666666667,0.12508730495323178,0.075,0.3184706621928226,0.3416666666666667,0.07900993890182509,0.07900993890182509,1.0,0.16666666666666666,0.4166666666666667,0.075,0.3416666666666667,0.2408107903729983,0.2408107903729983,0.0,0.11265317678687631,0.26749853078078195,0.06056683986652065,0.559281452565821,0.1320033974234211,0.1320033974234211,0.0,0.1396599217267715,0.3420825987237243,0.06778341993326033,0.4504740596162438,0.0,0.0,1.0,0.19558930061525984,0.3608527322386855,0.12508730495323178,0.3184706621928226
128,0.07900993890182509,0.0,0.17932339443150824,99,143,0.0,0,0,120,0.19558930061525984,0.16666666666666666,0.3608527322386855,0.4166666666666667,0.12508730495323178,0.075,0.3184706621928226,0.3416666666666667,0.07900993890182509,0.07900993890182509,1.0,0.16666666666666666,0.4166666666666667,0.075,0.3416666666666667,0.2408107903729983,0.2408107903729983,0.0,0.11265317678687631,0.26749853078078195,0.06056683986652065,0.559281452565821,0.1320033974234211,0.1320033974234211,0.0,0.1396599217267715,0.3420825987237243,0.06778341993326033,0.4504740596162438,0.0,0.0,1.0,0.19558930061525984,0.3608527322386855,0.12508730495323178,0.3184706621928226
129,0.07900993890182509,0.0,0.17932339443150824,89,143,0.0,0,0,120,0.19558930061525984,0.16666666666666666,0.3608527322386855,0.4166666666666667,0.12508730495323178,0.075,0.3184706621928226,0.3416666666666667,0.07900993890182509,0.07900993890182509,1.0,0.16666666666666666,0.4166666666666667,0.075,0.3416666666666667,0.2408107903729983,0.2408107903729983,0.0,0.11265317678687631,0.26749853078078195,0.06056683986652065,0.559281452565821,0.1320033974234211,0.1320033974234211,0.0,0.1396599217267715,0.3420825987237243,0.06778341993326033,0.4504740596162438,0.0,0.0,1.0,0.19558930061525984,0.3608527322386855,0.12508730495323178,0.3184706621928226
130,0.07900993890182509,0.0,0.17932339443150824,87,144,0.0,0,1,130,0.19558930061525984,0.16666666666666666,0.3608527322386855,0.4166666666666667,0.12508730495323178,0.075,0.3184706621928226,0.3416666666666667,0.07900993890182509,0.07900993890182509,1.0,0.16666666666666666,0.4166666666666667,0.075,0.3416666666666667,0.09850109354131123,0.09850109354131123,0.0,0.14872963410694096,0.30921130520569334,0.13101395821935072,0.41104510246801507,0.059971476072012614,0.059971476072012614,0.0,0.1576981503868038,0.36293898593618,0.10300697910967535,0.37635588456734087,0.0,0.0,1.0,0.19558930061525984,0.3608527322386855,0.12508730495323178,0.3184706621928226
131,0.07900993890182509,0.0,0.17932339443150824,101,142,0.0,0,0,130,0.19558930061525984,0.16666666666666666,0.3608527322386855,0.4166666666666667,0.12508730495323178,0.075,0.3184706621928226,0.3416666666666667,0.07900993890182509,0.07900993890182509,1.0,0.16666666666666666,0.4166666666666667,0.075,0.3416666666666667,0.09850109354131123,0.09850109354131123,0.0,0.14872963410694096,0.30921130520569334,0.13101395821935072,0.41104510246801507,0.059971476072012614,0.059971476072012614,0.0,0.1576981503868038,0.36293898593618,0.10300697910967535,0.37635588456734087,0.0,0.0,1.0,0.19558930061525984,0.3608527322386855,0.12508730495323178,0.3184706621928226
132,0.07900993890182509,0.0,0.17932339443150824,92,144,0.0,0,0,130,0.19558930061525984,0.16666666666666666,0.3608527322386855,0.4166666666666667,0.12508730495323178,0.075,0.3184706621928226,0.3416666666666667,0.07900993890182509,0.07900993890182509,1.0,0.16666666666666666,0.4166666666666667,0.075,0.3416666666666667,0.09850109354131123,0.09850109354131123,0.0,0.14872963410694096,0.30921130520569334,0.13101395821935072,0.41104510246801507,0.059971476072012614,0.059971476072012614,0.0,0.1576981503868038,0.36293898593618,0.10300697910967535,0.37635588456734087,0.0,0.0,1.0,0.19558930061525984,0.3608527322386855,0.12508730495323178,0.3184706621928226
133,0.07900993890182509,0.0,0.17932339443150824,90,144,0.0,0,0,130,0.19558930061525984,0.16666666666666666,0.3608527322386855,0.4166666666666667,0.12508730495323178,0.075,0.3184706621928226,0.3416666666666667,0.07900993890182509,0.07900993890182509,1.0,0.16666666666666666,0.4166666666666667,0.075,0.3416666666666667,0.09850109354131123,0.09850109354131123,0.0,0.14872963410694096,0.30921130520569334,0.13101395821935072,0.41104510246801507,0.059971476072012614,0.059971476072012614,0.0,0.1576981503868038,0.36293898593618,0.10300697910967535,0.37635588456734087,0.0,0.0,1.0,0.19558930061525984,0.3608527322386855,0.12508730495323178,0.3184706621928226
134,0.07900993890182509,0.0,0.17932339443150824,79,144,0.0,0,0,130,0.19558930061525984,0.16666666666666666,0.3608527322386855,0.4166666666666667,0.12508730495323178,0.075,0.3184706621928226,0.3416666666666667,0.07900993890182509,0.07900993890182509,1.0,0.16666666666666666,0.4166666666666667,0.075,0.3416666666666667,0.09850109354131123,0.09850109354131123,0.0,0.14872963410694096,0.30921130520569334,0.13101395821935072,0.41104510246801507,0.059971476072012614,0.059971476072012614,0.0,0.1576981503868038,0.36293898593618,0.10300697910967535,0.37635588456734087,0.0,0.0,1.0,0.19558930061525984,0.3608527322386855,0.12508730495323178,0.3184706621928226
135,0.07900993890182509,0.0,0.17932339443150824,106,145,0.0,0,0,130,0.19558930061525984,0.16666666666666666,0.3608527322386855,0.4166666666666667,0.12508730495323178,0.075,0.3184706621928226,0.3416666666666667,0.07900993890182509,0.07900993890182509,1.0,0.16666666666666666,0.4166666666666667,0.075,0.3416666666666667,0.09850109354131123,0.09850109354131123,0.0,0.14872963410694096,0.30921130520569334,0.13101395821935072,0.41104510246801507,0.059971476072012614,0.059971476072012614,0.0,0.1576981503868038,0.36293898593618,0.10300697910967535,0.37635588456734087,0.0,0.0,1.0,0.19558930061525984,0.3608527322386855,0.12508730495323178,0.3184706621928226
136,0.07900993890182509,0.0,0.17932339443150824,102,144,0.0,0,0,130,0.19558930061525984,0.16666666666666666,0.3608527322386855,0.4166666666666667,0.12508730495323178,0.075,0.3184706621928226,0.3416666666666667,0.07900993890182509,0.07900993890182509,1.0,0.16666666666666666,0.4166666666666667,0.075,0.3416666666666667,0.09850109354131123,0.09850109354131123,0.0,0.14872963410694096,0.30921130520569334,0.13101395821935072,0.41104510246801507,0.059971476072012614,0.059971476072012614,0.0,0.1576981503868038,0.36293898593618,0.10300697910967535,0.37635588456734087,0.0,0.0,1.0,0.19558930061525984,0.3608527322386855,0.12508730495323178,0.3184706621928226
137,0.07900993890182509,0.0,0.17932339443150824,121,144,0.0,0,0,130,0.19558930061525984,0.16666666666666666,0.3608527322386855,0.4166666666666667,0.12508730495323178,0.075,0.3184706621928226,0.3416666666666667,0.07900993890182509,0.07900993890182509,1.0,0.16666666666666666,0.4166666666666667,0.075,0.3416666666666667,0.09850109354131123,0.09850109354131123,0.0,0.14872963410694096,0.30921130520569334,0.13101395821935072,0.41104510246801507,0.059971476072012614,0.059971476072012614,0.0,0.1576981503868038,0.36293898593618,0.10300697910967535,0.37635588456734087,0.0,0.0,1.0,0.19558930061525984,0.3608527322386855,0.12508730495323178,0.3184706621928226
138,0.07900993890182509,0.0,0.17932339443150824,96,146,0.0,0,0,130,0.19558930061525984,0.16666666666666666,0.3608527322386855,0.4166666666666667,0.12508730495323178,0.075,0.3184706621928226,0.3416666666666667,0.07900993890182509,0.07900993890182509,1.0,0.16666666666666666,0.4166666666666667,0.075,0.3416666666666667,0.09850109354131123,0.09850109354131123,0.0,0.14872963410694096,0.30921130520569334,0.13101395821935072,0.41104510246801507,0.059971476072012614,0.059971476072012614,0.0,0.1576981503868038,0.36293898593618,0.10300697910967535,0.37635588456734087,0.0,0.0,1.0,0.19558930061525984,0.3608527322386855,0.12508730495323178,0.3184706621928226
139,0.07900993890182509,0.0,0.17932339443150824,86,144,0.0,0,0,130,0.19558930061525984,0.16666666666666666,0.3608527322386855,0.4166666666666667,0.12508730495323178,0.075,0.3184706621928226,0.3416666666666667,0.07900993890182509,0.07900993890182509,1.0,0.16666666666666666,0.4166666666666667,0.075,0.3416666666666667,0.09850109354131123,0.09850109354131123,0.0,0.14872963410694096,0.30921130520569334,0.13101395821935072,0.41104510246801507,0.059971476072012614,0.059971476072012614,0.0,0.1576981503868038,0.36293898593618,0.10300697910967535,0.37635588456734087,0.0,0.0,1.0,0.19558930061525984,0.3608527322386855,0.12508730495323178,0.3184706621928226
140,0.07900993890182509,0.0,0.17932339443150824,94,144,0.0,0,1,140,0.19558930061525984,0.16666666666666666,0.3608527322386855,0.4166666666666667,0.12508730495323178,0.075,0.3184706621928226,0.3416666666666667,0.07900993890182509,0.07900993890182509,1.0,0.16666666666666666,0.4166666666666667,0.075,0.3416666666666667,0.24056538634494062,0.24056538634494062,0.0,0.11416891300249783,0.2103428043436554,0.11645223411608342,0.5590360485377633,0.13188069540939226,0.13188069540939226,0.0,0.14041778983458225,0.31350473550516106,0.09572611705804171,0.450351357602215,0.0,0.0,1.0,0.19558930061525984,0.3608527322386855,0.12508730495323178,0.3184706621928226
141,0.07900993890182509,0.0,0.17932339443150824,106,144,0.0,0,0,140,0.19558930061525984,0.16666666666666666,0.3608527322386855,0.4166666666666667,0.12508730495323178,0.075,0.3184706621928226,0.3416666666666667,0.07900993890182509,0.07900993890182509,1.0,0.16666666666666666,0.4166666666666667,0.075,0.3416666666666667,0.24056538634494062,0.24056538634494062,0.0,0.11416891300249783,0.2103428043436554,0.11645223411608342,0.5590360485377633,0.13188069540939226,0.13188069540939226,0.0,0.14041778983458225,0.31350473550516106,0.09572611705804171,0.450351357602215,0.0,0.0,1.0,0.19558930061525984,0.3608527322386855,0.12508730495323178,0.3184706621928226
142,0.07900993890182509,0.0,0.17932339443150824,95,146,0.0,0,0,140,0.19558930061525984,0.16666666666666666,0.3608527322386855,0.4166666666666667,0.12508730495323178,0.075,0.3184706621928226,0.3416666666666667,0.07900993890182509,0.07900993890182509,1.0,0.16666666666666666,0.4166666666666667,0.075,0.3416666666666667,0.24056538634494062,0.24056538634494062,0.0,0.11416891300249783,0.2103428043436554,0.11645223411608342,0.5590360485377633,0.13188069540939226,0.13188069540939226,0.0,0.14041778983458225,0.31350473550516106,0.09572611705804171,0.450351357602215,0.0,0.0,1.0,0.19558930061525984,0.3608527322386855,0.12508730495323178,0.3184706621928226
143,0.07900993890182509,0.0,0.17932339443150824,98,144,0.0,0,0,140,0.19558930061525984,0.16666666666666666,0.3608527322386855,0.4166666666666667,0.12508730495323178,0.075,0.3184706621928226,0.3416666666666667,0.07900993890182509,0.07900993890182509,1.0,0.16666666666666666,0.4166666666666667,0.075,0.3416666666666667,0.24056538634494062,0.24056538634494062,0.0,0.11416891300249783,0.2103428043436554,0.11645223411608342,0.5590360485377633,0.13188069540939226,0.13188069540939226,0.0,0.14041778983458225,0.31350473550516106,0.09572611705804171,0.450351357602215,0.0,0.0,1.0,0.19558930061525984,0.3608527322386855,0.12508730495323178,0.3184706621928226
144,0.07900993890182509,0.0,0.17932339443150824,95,145,0.0,0,0,140,0.19558930061525984,0.16666666666666666,0.3608527322386855,0.4166666666666667,0.12508730495323178,0.075,0.3184706621928226,0.3416666666666667,0.07900993890182509,0.07900993890182509,1.0,0.16666666666666666,0.4166666666666667,0.075,0.3416666666666667,0.24056538634494062,0.24056538634494062,0.0,0.11416891300249783,0.2103428043436554,0.11645223411608342,0.5590360485377633,0.13188069540939226,0.13188069540939226,0.0,0.14041778983458225,0.31350473550516106,0.09572611705804171,0.450351357602215,0.0,0.0,1.0,0.19558930061525984,0.3608527322386855,0.12508730495323178,0.3184706621928226
145,0.07900993890182509,0.0,0.17932339443150824,97,145,0.0,0,0,140,0.19558930061525984,0.16666666666666666,0.3608527322386855,0.4166666666666667,0.12508730495323178,0.075,0.3184706621928226,0.3416666666666667,0.07900993890182509,0.07900993890182509,1.0,0.16666666666666666,0.4166666666666667,0.075,0.3416666666666667,0.24056538634494062,0.24056538634494062,0.0,0.11416891300249783,0.2103428043436554,0.11645223411608342,0.5590360485377633,0.13188069540939226,0.13188069540939226,0.0,0.14041778983458225,0.31350473550516106,0.09572611705804171,0.450351357602215,0.0,0.0,1.0,0.19558930061525984,0.3608527322386855,0.12508730495323178,0.3184706621928226
146,0.07900993890182509,0.0,0.17932339443150824,114,145,0.0,0,0,140,0.19558930061525984,0.16666666666666666,0.3608527322386855,0.4166666666666667,0.12508730495323178,0.075,0.3184706621928226,0.3416666666666667,0.07900993890182509,0.07900993890182509,1.0,0.16666666666666666,0.4166666666666667,0.075,0.3416666666666667,0.24056538634494062,0.24056538634494062,0.0,0.11416891300249783,0.2103428043436554,0.11645223411608342,0.5590360485377633,0.13188069540939226,0.13188069540939226,0.0,0.14041778983458225,0.31350473550516106,0.09572611705804171,0.450351357602215,0.0,0.0,1.0,0.19558930061525984,0.3608527322386855,0.12508730495323178,0.3184706621928226
147,0.07900993890182509,0.0,0.17932339443150824,93,146,0.0,0,0,140,0.19558930061525984,0.16666666666666666,0.3608527322386855,0.4166666666666667,0.12508730495323178,0.075,0.3184706621928226,0.3416666666666667,0.07900993890182509,0.07900993890182509,1.0,0.16666666666666666,0.4166666666666667,0.075,0.3416666666666667,0.24056538634494062,0.24056538634494062,0.0,0.11416891300249783,0.2103428043436554,0.11645223411608342,0.5590360485377633,0.13188069540939226,0.13188069540939226,0.0,0.14041778983458225,0.31350473550516106,0.09572611705804171,0.450351357602215,0.0,0.0,1.0,0.19558930061525984,0.3608527322386855,0.12508730495323178,0.3184706621928226
148,0.07900993890182509,0.0,0.17932339443150824,92,147,0.0,0,0,140,0.19558930061525984,0.16666666666666666,0.3608527322386855,0.4166666666666667,0.12508730495323178,0.075,0.3184706621928226,0.3416666666666667,0.07900993890182509,0.07900993890182509,1.0,0.16666666666666666,0.4166666666666667,0.075,0.3416666666666667,0.24056538634494062,0.24056538634494062,0.0,0.11416891300249783,0.2103428043436554,0.11645223411608342,0.5590360485377633,0.13188069540939226,0.13188069540939226,0.0,0.14041778983458225,0.31350473550516106,0.09572611705804171,0.450351357602215,0.0,0.0,1.0,0.19558930061525984,0.3608527322386855,0.12508730495323178,0.3184706621928226
149,0.07900993890182509,0.0,0.17932339443150824,100,146,0.0,0,0,140,0.19558930061525984,0.16666666666666666,0.3608527322386855,0.4166666666666667,0.12508730495323178,0.075,0.3184706621928226,0.3416666666666667,0.07900993890182509,0.07900993890182509,1.0,0.16666666666666666,0.4166666666666667,0.075,0.3416666666666667,0.24056538634494062,0.24056538634494062,0.0,0.11416891300249783,0.2103428043436554,0.11645223411608342,0.5590360485377633,0.13188069540939226,0.13188069540939226,0.0,0.14041778983458225,0.31350473550516106,0.09572611705804171,0.450351357602215,0.0,0.0,1.0,0.19558930061525984,0.3608527322386855,0.12508730495323178,0.3184706621928226
150,0.07900993890182509,0.0,0.17932339443150824,102,146,0.0,0,1,150,0.19558930061525984,0.16666666666666666,0.3608527322386855,0.4166666666666667,0.12508730495323178,0.075,0.3184706621928226,0.3416666666666667,0.07900993890182509,0.07900993890182509,1.0,0.16666666666666666,0.4166666666666667,0.075,0.3416666666666667,0.23552231734216564,0.23552231734216564,0.0,0.1517844547490851,0.16913526076269478,0.136105826989894,0.5429744574983262,0.12384989988967368,0.12384989988967368,0.0,0.15922556070787589,0.2929009637146807,0.105552913494947,0.4423205620824964,0.0,0.0,1.0,0.19558930061525984,0.3608527322386855,0.12508730495323178,0.3184706621928226
151,0.07900993890182509,0.0,0.17932339443150824,95,147,0.0,0,0,150,0.19558930061525984,0.16666666666666666,0.3608527322386855,0.4166666666666667,0.12508730495323178,0.075,0.3184706621928226,0.3416666666666667,0.07900993890182509,0.07900993890182509,1.0,0.16666666666666666,0.4166666666666667,0.075,0.3416666666666667,0.23552231734216564,0.23552231734216564,0.0,0.1517844547490851,0.16913526076269478,0.136105826989894,0.5429744574983262,0.12384989988967368,0.12384989988967368,0.0,0.15922556070787589,0.2929009637146807,0.105552913494947,0.4423205620824964,0.0,0.0,1.0,0.19558930061525984,0.3608527322386855,0.12508730495323178,0.3184706621928226
152,0.07900993890182509,0.0,0.17932339443150824,104,148,0.0,0,0,150,0.19558930061525984,0.16666666666666666,0.3608527322386855,0.4166666666666667,0.12508730495323178,0.075,0.3184706621928226,0.3416666666666667,0.07900993890182509,0.07900993890182509,1.0,0.16666666666666666,0.4166666666666667,0.075,0.3416666666666667,0.23552231734216564,0.23552231734216564,0.0,0.1517844547490851,0.16913526076269478,0.136105826989894,0.5429744574983262,0.12384989988967368,0.12384989988967368,0.0,0.15922556070787589,0.2929009637146807,0.105552913494947,0.4423205620824964,0.0,0.0,1.0,0.19558930061525984,0.3608527322386855,0.12508730495323178,0.3184706621928226
153,0.07900993890182509,0.0,0.17932339443150824,99,150,0.0,0,0,150,0.19558930061525984,0.16666666666666666,0.3608527322386855,0.4166666666666667,0.12508730495323178,0.075,0.3184706621928226,0.3416666666666667,0.07900993890182509,0.07900993890182509,1.0,0.16666666666666666,0.4166666666666667,0.075,0.3416666666666667,0.23552231734216564,0.23552231734216564,0.0,0.1517844547490851,0.16913526076269478,0.136105826989894,0.5429744574983262,0.12384989988967368,0.12384989988967368,0.0,0.15922556070787589,0.2929009637146807,0.105552913494947,0.4423205620824964,0.0,0.0,1.0,0.19558930061525984,0.3608527322386855,0.12508730495323178,0.3184706621928226
154,0.07900993890182509,0.0,0.17932339443150824,96,152,0.0,0,0,150,0.19558930061525984,0.16666666666666666,0.3608527322386855,0.4166666666666667,0.12508730495323178,0.075,0.3184706621928226,0.3416666666666667,0.07900993890182509,0.07900993890182509,1.0,0.16666666666666666,0.4166666666666667,0.075,0.3416666666666667,0.23552231734216564,0.23552231734216564,0.0,0.1517844547490851,0.16913526076269478,0.136105826989894,0.5429744574983262,0.12384989988967368,0.12384989988967368,0.0,0.15922556070787589,0.2929009637146807,0.105552913494947,0.4423205620824964,0.0,0.0,1.0,0.19558930061525984,0.3608527322386855,0.12508730495323178,0.3184706621928226
155,0.07900993890182509,0.0,0.17932339443150824,83,152,0.0,0,0,150,0.19558930061525984,0.16666666666666666,0.3608527322386855,0.4166666666666667,0.12508730495323178,0.075,0.3184706621928226,0.3416666666666667,0.07900993890182509,0.07900993890182509,1.0,0.16666666666666666,0.4166666666666667,0.075,0.3416666666666667,0.23552231734216564,0.23552231734216564,0.0,0.1517844547490851,0.16913526076269478,0.136105826989894,0.5429744574983262,0.12384989988967368,0.12384989988967368,0.0,0.15922556070787589,0.2929009637146807,0.105552913494947,0.4423205620824964,0.0,0.0,1.0,0.19558930061525984,0.3608527322386855,0.12508730495323178,0.3184706621928226
156,0.07900993890182509,0.0,0.17932339443150824,93,151,0.0,0,0,150,0.19558930061525984,0.16666666666666666,0.3608527322386855,0.4166666666666667,0.12508730495323178,0.075,0.3184706621928226,0.3416666666666667,0.07900993890182509,0.07900993890182509,1.0,0.16666666666666666,0.4166666666666667,0.075,0.3416666666666667,0.23552231734216564,0.23552231734216564,0.0,0.1517844547490851,0.16913526076269478,0.136105826989894,0.5429744574983262,0.12384989988967368,0.12384989988967368,0.0,0.15922556070787589,0.2929009637146807,0.105552913494947,0.4423205620824964,0.0,0.0,1.0,0.19558930061525984,0.3608527322386855,0.12508730495323178,0.3184706621928226
157,0.07900993890182509,0.0,0.17932339443150824,111,150,0.0,0,0,150,0.19558930061525984,0.16666666666666666,0.3608527322386855,0.4166666666666667,0.12508730495323178,0.075,0.3184706621928226,0.3416666666666667,0.07900993890182509,0.07900993890182509,1.0,0.16666666666666666,0.4166666666666667,0.075,0.3416666666666667,0.23552231734216564,0.23552231734216564,0.0,0.1517844547490851,0.16913526076269478,0.136105826989894,0.5429744574983262,0.12384989988967368,0.12384989988967368,0.0,0.15922556070787589,0.2929009637146807,0.105552913494947,0.4423205620824964,0.0,0.0,1.0,0.19558930061525984,0.3608527322386855,0.12508730495323178,0.3184706621928226
158,0.07900993890182509,0.0,0.17932339443150824,107,149,0.0,0,0,150,0.19558930061525984,0.16666666666666666,0.3608527322386855,0.4166666666666667,0.12508730495323178,0.075,0.3184706621928226,0.3416666666666667,0.07900993890182509,0.07900993890182509,1.0,0.16666666666666666,0.4166666666666667,0.075,0.3416666666666667,0.23552231734216564,0.23552231734216564,0.0,0.1517844547490851,0.16913526076269478,0.136105826989894,0.5429744574983262,0.12384989988967368,0.12384989988967368,0.0,0.15922556070787589,0.2929009637146807,0.105552913494947,0.4423205620824964,0.0,0.0,1.0,0.19558930061525984,0.3608527322386855,0.12508730495323178,0.3184706621928226
159,0.07900993890182509,0.0,0.17932339443150824,101,147,0.0,0,0,150,0.19558930061525984,0.16666666666666666,0.3608527322386855,0.4166666666666667,0.12508730495323178,0.075,0.3184706621928226,0.3416666666666667,0.07900993890182509,0.07900993890182509,1.0,0.16666666666666666,0.4166666666666667,0.075,0.3416666666666667,0.23552231734216564,0.23552231734216564,0.0,0.1517844547490851,0.16913526076269478,0.136105826989894,0.5429744574983262,0.12384989988967368,0.12384989988967368,0.0,0.15922556070787589,0.2929009637146807,0.105552913494947,0.4423205620824964,0.0,0.0,1.0,0.19558930061525984,0.3608527322386855,0.12508730495323178,0.3184706621928226
160,0.07900993890182509,0.0,0.17932339443150824,108,148,0.0,0,1,160,0.19558930061525984,0.16666666666666666,0.3608527322386855,0.4166666666666667,0.12508730495323178,0.075,0.3184706621928226,0.3416666666666667,0.07900993890182509,0.07900993890182509,1.0,0.16666666666666666,0.4166666666666667,0.075,0.3416666666666667,0.1875389691121181,0.1875389691121181,0.0,0.18633767861590167,0.24766704215194021,0.05998564792721731,0.5060096313049408,0.10536748679298102,0.10536748679298102,0.0,0.17650217264128415,0.33216685440930344,0.06749282396360866,0.42383814898580374,0.0,0.0,1.0,0.19558930061525984,0.3608527322386855,0.12508730495323178,0.3184706621928226
161,0.07900993890182509,0.0,0.17932339443150824,110,147,0.0,0,0,160,0.19558930061525984,0.16666666666666666,0.3608527322386855,0.4166666666666667,0.12508730495323178,0.075,0.3184706621928226,0.3416666666666667,0.07900993890182509,0.07900993890182509,1.0,0.16666666666666666,0.4166666666666667,0.075,0.3416666666666667,0.1875389691121181,0.1875389691121181,0.0,0.18633767861590167,0.24766704215194021,0.05998564792721731,0.5060096313049408,0.10536748679298102,0.10536748679298102,0.0,0.17650217264128415,0.33216685440930344,0.06749282396360866,0.42383814898580374,0.0,0.0,1.0,0.19558930061525984,0.3608527322386855,0.12508730495323178,0.3184706621928226
162,0.07900993890182509,0.0,0.17932339443150824,98,146,0.0,0,0,160,0.19558930061525984,0.16666666666666666,0.3608527322386855,0.4166666666666667,0.12508730495323178,0.075,0.3184706621928226,0.3416666666666667,0.07900993890182509,0.07900993890182509,1.0,0.16666666666666666,0.4166666666666667,0.075,0.3416666666666667,0.1875389691121181,0.1875389691121181,0.0,0.18633767861590167,0.24766704215194021,0.05998564792721731,0.5060096313049408,0.10536748679298102,0.10536748679298102,0.0,0.17650217264128415,0.33216685440930344,0.06749282396360866,0.42383814898580374,0.0,0.0,1.0,0.19558930061525984,0.3608527322386855,0.12508730495323178,0.3184706621928226
163,0.07900993890182509,0.0,0.17932339443150824,100,146,0.0,0,0,160,0.19558930061525984,0.16666666666666666,0.3608527322386855,0.4166666666666667,0.12508730495323178,0.075,0.3184706621928226,0.3416666666666667,0.07900993890182509,0.07900993890182509,1.0,0.16666666666666666,0.4166666666666667,0.075,0.3416666666666667,0.1875389691121181,0.1875389691121181,0.0,0.18633767861590167,0.24766704215194021,0.05998564792721731,0.5060096313049408,0.10536748679298102,0.10536748679298102,0.0,0.17650217264128415,0.33216685440930344,0.06749282396360866,0.42383814898580374,0.0,0.0,1.0,0.19558930061525984,0.3608527322386855,0.12508730495323178,0.3184706621928226
164,0.07900993890182509,0.0,0.17932339443150824,112,145,0.0,0,0,160,0.19558930061525984,0.16666666666666666,0.3608527322386855,0.4166666666666667,0.12508730495323178,0.075,0.3184706621928226,0.3416666666666667,0.07900993890182509,0.07900993890182509,1.0,0.16666666666666666,0.4166666666666667,0.075,0.3416666666666667,0.1875389691121181,0.1875389691121181,0.0,0.18633767861590167,0.24766704215194021,0.05998564792721731,0.5060096313049408,0.10536748679298102,0.10536748679298102,0.0,0.17650217264128415,0.33216685440930344,0.06749282396360866,0.42383814898580374,0.0,0.0,1.0,0.19558930061525984,0.3608527322386855,0.12508730495323178,0.3184706621928226
165,0.07900993890182509,0.0,0.17932339443150824,95,145,0.0,0,0,160,0.19558930061525984,0.16666666666666666,0.3608527322386855,0.4166666666666667,0.12508730495323178,0.075,0.3184706621928226,0.3416666666666667,0.07900993890182509,0.07900993890182509,1.0,0.16666666666666666,0.4166666666666667,0.075,0.3416666666666667,0.1875389691121181,0.1875389691121181,0.0,0.18633767861590167,0.24766704215194021,0.05998564792721731,0.5060096313049408,0.10536748679298102,0.10536748679298102,0.0,0.17650217264128415,0.33216685440930344,0.06749282396360866,0.42383814898580374,0.0,0.0,1.0,0.19558930061525984,0.3608527322386855,0.12508730495323178,0.3184706621928226
166,0.07900993890182509,0.0,0.17932339443150824,103,145,0.0,0,0,160,0.19558930061525984,0.16666666666666666,0.3608527322386855,0.4166666666666667,0.12508730495323178,0.075,0.3184706621928226,0.3416666666666667,0.07900993890182509,0.07900993890182509,1.0,0.16666666666666666,0.4166666666666667,0.075,0.3416666666666667,0.1875389691121181,0.1875389691121181,0.0,0.18633767861590167,0.24766704215194021,0.05998564792721731,0.5060096313049408,0.10536748679298102,0.10536748679298102,0.0,0.17650217264128415,0.33216685440930344,0.06749282396360866,0.42383814898580374,0.0,0.0,1.0,0.19558930061525984,0.3608527322386855,0.12508730495323178,0.3184706621928226
167,0.07900993890182509,0.0,0.17932339443150824,100,145,0.0,0,0,160,0.19558930061525984,0.16666666666666666,0.3608527322386855,0.4166666666666667,0.12508730495323178,0.075,0.3184706621928226,0.3416666666666667,0.07900993890182509,0.07900993890182509,1.0,0.16666666666666666,0.4166666666666667,0.075,0.3416666666666667,0.1875389691121181,0.1875389691121181,0.0,0.18633767861590167,0.24766704215194021,0.05998564792721731,0.5060096313049408,0.10536748679298102,0.10536748679298102,0.0,0.17650217264128415,0.33216685440930344,0.06749282396360866,0.42383814898580374,0.0,0.0,1.0,0.19558930061525984,0.3608527322386855,0.12508730495323178,0.3184706621928226
168,0.07900993890182509,0.0,0.17932339443150824,92,147,0.0,0,0,160,0.19558930061525984,0.16666666666666666,0.3608527322386855,0.4166666666666667,0.12508730495323178,0.075,0.3184706621928226,0.3416666666666667,0.07900993890182509,0.07900993890182509,1.0,0.16666666666666666,0.4166666666666667,0.075,0.3416666666666667,0.1875389691121181,0.1875389691121181,0.0,0.18633767861590167,0.24766704215194021,0.05998564792721731,0.5060096313049408,0.10536748679298102,0.10536748679298102,0.0,0.17650217264128415,0.33216685440930344,0.06749282396360866,0.42383814898580374,0.0,0.0,1.0,0.19558930061525984,0.3608527322386855,0.12508730495323178,0.3184706621928226
169,0.07900993890182509,0.0,0.17932339443150824,95,146,0.0,0,0,160,0.19558930061525984,0.16666666666666666,0.3608527322386855,0.4166666666666667,0.12508730495323178,0.075,0.3184706621928226,0.3416666666666667,0.07900993890182509,0.07900993890182509,1.0,0.16666666666666666,0.4166666666666667,0.075,0.3416666666666667,0.1875389691121181,0.1875389691121181,0.0,0.18633767861590167,0.24766704215194021,0.05998564792721731,0.5060096313049408,0.10536748679298102,0.10536748679298102,0.0,0.17650217264128415,0.33216685440930344,0.06749282396360866,0.42383814898580374,0.0,0.0,1.0,0.19558930061525984,0.3608527322386855,0.12508730495323178,0.3184706621928226
170,0.07900993890182509,0.0,0.17932339443150824,100,148,0.0,0,1,170,0.19558930061525984,0.16666666666666666,0.3608527322386855,0.4166666666666667,0.12508730495323178,0.075,0.3184706621928226,0.3416666666666667,0.07900993890182509,0.07900993890182509,1.0,0.16666666666666666,0.4166666666666667,0.075,0.3416666666666667,0.23204936347319022,0.23204936347319022,0.0,0.14371162500298593,0.2064517590583974,0.09931659027260366,0.5505200256660129,0.12762268397351706,0.12762268397351706,0.0,0.1551891458348263,0.3115592128625321,0.08715829513630183,0.4460933461663398,0.0,0.0,1.0,0.19558930061525984,0.3608527322386855,0.12508730495323178,0.3184706621928226
171,0.07900993890182509,0.0,0.17932339443150824,101,147,0.0,0,0,170,0.19558930061525984,0.16666666666666666,0.3608527322386855,0.4166666666666667,0.12508730495323178,0.075,0.3184706621928226,0.3416666666666667,0.07900993890182509,0.07900993890182509,1.0,0.16666666666666666,0.4166666666666667,0.075,0.3416666666666667,0.23204936347319022,0.23204936347319022,0.0,0.14371162500298593,0.2064517590583974,0.09931659027260366,0.5505200256660129,0.12762268397351706,0.12762268397351706,0.0,0.1551891458348263,0.3115592128625321,0.08715829513630183,0.4460933461663398,0.0,0.0,1.0,0.19558930061525984,0.3608527322386855,0.12508730495323178,0.3184706621928226
172,0.07900993890182509,0.0,0.17932339443150824,88,149,0.0,0,0,170,0.19558930061525984,0.16666666666666666,0.3608527322386855,0.4166666666666667,0.12508730495323178,0.075,0.3184706621928226,0.3416666666666667,0.07900993890182509,0.07900993890182509,1.0,0.16666666666666666,0.4166666666666667,0.075,0.3416666666666667,0.23204936347319022,0.23204936347319022,0.0,0.14371162500298593,0.2064517590583974,0.09931659027260366,0.5505200256660129,0.12762268397351706,0.12762268397351706,0.0,0.1551891458348263,0.3115592128625321,0.08715829513630183,0.4460933461663398,0.0,0.0,1.0,0.19558930061525984,0.3608527322386855,0.12508730495323178,0.3184706621928226
173,0.07900993890182509,0.0,0.17932339443150824,101,149,0.0,0,0,170,0.19558930061525984,0.16666666666666666,0.3608527322386855,0.4166666666666667,0.12508730495323178,0.075,0.3184706621928226,0.3416666666666667,0.07900993890182509,0.07900993890182509,1.0,0.16666666666666666,0.4166666666666667,0.075,0.3416666666666667,0.23204936347319022,0.23204936347319022,0.0,0.14371162500298593,0.2064517590583974,0.09931659027260366,0.5505200256660129,0.12762268397351706,0.12762268397351706,0.0,0.1551891458348263,0.3115592128625321,0.08715829513630183,0.4460933461663398,0.0,0.0,1.0,0.19558930061525984,0.3608527322386855,0.12508730495323178,0.3184706621928226
174,0.07900993890182509,0.0,0.17932339443150824,114,147,0.0,0,0,170,0.19558930061525984,0.16666666666666666,0.3608527322386855,0.4166666666666667,0.12508730495323178,0.075,0.3184706621928226,0.3416666666666667,0.07900993890182509,0.07900993890182509,1.0,0.16666666666666666,0.4166666666666667,0.075,0.3416666666666667,0.23204936347319022,0.23204936347319022,0.0,0.14371162500298593,0.2064517590583974,0.09931659027260366,0.5505200256660129,0.12762268397351706,0.12762268397351706,0.0,0.1551891458348263,0.3115592128625321,0.08715829513630183,0.4460933461663398,0.0,0.0,1.0,0.19558930061525984,0.3608527322386855,0.12508730495323178,0.3184706621928226
175,0.07900993890182509,0.0,0.17932339443150824,100,147,0.0,0,0,170,0.19558930061525984,0.16666666666666666,0.3608527322386855,0.4166666666666667,0.12508730495323178,0.075,0.3184706621928226,0.3416666666666667,0.07900993890182509,0.07900993890182509,1.0,0.16666666666666666,0.4166666666666667,0.075,0.3416666666666667,0.23204936347319022,0.23204936347319022,0.0,0.14371162500298593,0.2064517590583974,0.09931659027260366,0.5505200256660129,0.12762268397351706,0.12762268397351706,0.0,0.1551891458348263,0.3115592128625321,0.08715829513630183,0.4460933461663398,0.0,0.0,1.0,0.19558930061525984,0.3608527322386855,0.12508730495323178,0.3184706621928226
176,0.07900993890182509,0.0,0.17932339443150824,105,149,0.0,0,0,170,0.19558930061525984,0.16666666666666666,0.3608527322386855,0.4166666666666667,0.12508730495323178,0.075,0.3184706621928226,0.3416666666666667,0.07900993890182509,0.07900993890182509,1.0,0.16666666666666666,0.4166666666666667,0.075,0.3416666666666667,0.23204936347319022,0.23204936347319022,0.0,0.14371162500298593,0.2064517590583974,0.09931659027260366,0.5505200256660129,0.12762268397351706,0.12762268397351706,0.0,0.1551891458348263,0.3115592128625321,0.08715829513630183,0.4460933461663398,0.0,0.0,1.0,0.19558930061525984,0.3608527322386855,0.12508730495323178,0.3184706621928226
177,0.07900993890182509,0.0,0.17932339443150824,97,150,0.0,0,0,170,0.19558930061525984,0.16666666666666666,0.3608527322386855,0.4166666666666667,0.12508730495323178,0.075,0.3184706621928226,0.3416666666666667,0.07900993890182509,0.07900993890182509,1.0,0.16666666666666666,0.4166666666666667,0.075,0.3416666666666667,0.23204936347319022,0.23204936347319022,0.0,0.14371162500298593,0.2064517590583974,0.09931659027260366,0.5505200256660129,0.12762268397351706,0.12762268397351706,0.0,0.1551891458348263,0.3115592128625321,0.08715829513630183,0.4460933461663398,0.0,0.0,1.0,0.19558930061525984,0.3608527322386855,0.12508730495323178,0.3184706621928226
178,0.07900993890182509,0.0,0.17932339443150824,90,150,0.0,0,0,170,0.19558930061525984,0.16666666666666666,0.3608527322386855,0.4166666666666667,0.12508730495323178,0.075,0.3184706621928226,0.3416666666666667,0.07900993890182509,0.07900993890182509,1.0,0.16666666666666666,0.4166666666666667,0.075,0.3416666666666667,0.23204936347319022,0.23204936347319022,0.0,0.14371162500298593,0.2064517590583974,0.09931659027260366,0.5505200256660129,0.12762268397351706,0.12762268397351706,0.0,0.1551891458348263,0.3115592128625321,0.08715829513630183,0.4460933461663398,0.0,0.0,1.0,0.19558930061525984,0.3608527322386855,0.12508730495323178,0.3184706621928226
179,0.07900993890182509,0.0,0.17932339443150824,90,150,0.0,0,0,170,0.19558930061525984,0.16666666666666666,0.3608527322386855,0.4166666666666667,0.12508730495323178,0.075,0.3184706621928226,0.3416666666666667,0.07900993890182509,0.07900993890182509,1.0,0.16666666666666666,0.4166666666666667,0.075,0.3416666666666667,0.23204936347319022,0.23204936347319022,0.0,0.14371162500298593,0.2064517590583974,0.09931659027260366,0.5505200256660129,0.12762268397351706,0.12762268397351706,0.0,0.1551891458348263,0.3115592128625321,0.08715829513630183,0.4460933461663398,0.0,0.0,1.0,0.19558930061525984,0.3608527322386855,0.12508730495323178,0.3184706621928226
180,0.07900993890182509,0.0,0.17932339443150824,113,151,0.0,0,1,180,0.19558930061525984,0.16666666666666666,0.3608527322386855,0.4166666666666667,0.12508730495323178,0.075,0.3184706621928226,0.3416666666666667,0.07900993890182509,0.07900993890182509,1.0,0.16666666666666666,0.4166666666666667,0.075,0.3416666666666667,0.2074091580146697,0.2074091580146697,0.0,0.11659672766887248,0.23243614717040337,0.13678626657024603,0.5141808585904782,0.1094531004357497,0.1094531004357497,0.0,0.14163169716776958,0.324551406918535,0.10589313328512301,0.42792376262857246,0.0,0.0,1.0,0.19558930061525984,0.3608527322386855,0.12508730495323178,0.3184706621928226
181,0.07900993890182509,0.0,0.17932339443150824,98,153,0.0,0,0,180,0.19558930061525984,0.16666666666666666,0.3608527322386855,0.4166666666666667,0.12508730495323178,0.075,0.3184706621928226,0.3416666666666667,0.07900993890182509,0.07900993890182509,1.0,0.16666666666666666,0.4166666666666667,0.075,0.3416666666666667,0.2074091580146697,0.2074091580146697,0.0,0.11659672766887248,0.23243614717040337,0.13678626657024603,0.5141808585904782,0.1094531004357497,0.1094531004357497,0.0,0.14163169716776958,0.324551406918535,0.10589313328512301,0.42792376262857246,0.0,0.0,1.0,0.19558930061525984,0.3608527322386855,0.12508730495323178,0.3184706621928226
182,0.07900993890182509,0.0,0.17932339443150824,107,154,0.0,0,0,180,0.19558930061525984,0.16666666666666666,0.3608527322386855,0.4166666666666667,0.12508730495323178,0.075,0.3184706621928226,0.3416666666666667,0.07900993890182509,0.07900993890182509,1.0,0.16666666666666666,0.4166666666666667,0.075,0.3416666666666667,0.2074091580146697,0.2074091580146697,0.0,0.11659672766887248,0.23243614717040337,0.13678626657024603,0.5141808585904782,0.1094531004357497,0.1094531004357497,0.0,0.14163169716776958,0.324551406918535,0.10589313328512301,0.42792376262857246,0.0,0.0,1.0,0.19558930061525984,0.3608527322386855,0.12508730495323178,0.3184706621928226
183,0.07900993890182509,0.0,0.17932339443150824,97,151,0.0,0,0,180,0.19558930061525984,0.16666666666666666,0.3608527322386855,0.4166666666666667,0.12508730495323178,0.075,0.3184706621928226,0.3416666666666667,0.07900993890182509,0.07900993890182509,1.0,0.16666666666666666,0.4166666666666667,0.075,0.3416666666666667,0.2074091580146697,0.2074091580146697,0.0,0.11659672766887248,0.23243614717040337,0.13678626657024603,0.5141808585904782,0.1094531004357497,0.1094531004357497,0.0,0.14163169716776958,0.324551406918535,0.10589313328512301,0.42792376262857246,0.0,0.0,1.0,0.19558930061525984,0.3608527322386855,0.12508730495323178,0.3184706621928226
184,0.07900993890182509,0.0,0.17932339443150824,112,153,0.0,0,0,180,0.19558930061525984,0.16666666666666666,0.3608527322386855,0.4166666666666667,0.12508730495323178,0.075,0.3184706621928226,0.3416666666666667,0.07900993890182509,0.07900993890182509,1.0,0.16666666666666666,0.4166666666666667,0.075,0.3416666666666667,0.2074091580146697,0.2074091580146697,0.0,0.11659672766887248,0.23243614717040337,0.13678626657024603,0.5141808585904782,0.1094531004357497,0.1094531004357497,0.0,0.14163169716776958,0.324551406918535,0.10589313328512301,0.42792376262857246,0.0,0.0,1.0,0.19558930061525984,0.3608527322386855,0.12508730495323178,0.3184706621928226
185,0.07900993890182509,0.0,0.17932339443150824,97,152,0.0,0,0,180,0.19558930061525984,0.16666666666666666,0.3608527322386855,0.4166666666666667,0.12508730495323178,0.075,0.3184706621928226,0.3416666666666667,0.07900993890182509,0.07900993890182509,1.0,0.16666666666666666,0.4166666666666667,0.075,0.3416666666666667,0.2074091580146697,0.2074091580146697,0.0,0.11659672766887248,0.23243614717040337,0.13678626657024603,0.5141808585904782,0.1094531004357497,0.1094531004357497,0.0,0.14163169716776958,0.324551406918535,0.10589313328512301,0.42792376262857246,0.0,0.0,1.0,0.19558930061525984,0.3608527322386855,0.12508730495323178,0.3184706621928226
186,0.07900993890182509,0.0,0.17932339443150824,100,150,0.0,0,0,180,0.19558930061525984,0.16666666666666666,0.3608527322386855,0.4166666666666667,0.12508730495323178,0.075,0.3184706621928226,0.3416666666666667,0.07900993890182509,0.07900993890182509,1.0,0.16666666666666666,0.4166666666666667,0.075,0.3416666666666667,0.2074091580146697,0.2074091580146697,0.0,0.11659672766887248,0.23243614717040337,0.13678626657024603,0.5141808585904782,0.1094531004357497,0.1094531004357497,0.0,0.14163169716776958,0.324551406918535,0.10589313328512301,0.42792376262857246,0.0,0.0,1.0,0.19558930061525984,0.3608527322386855,0.12508730495323178,0.3184706621928226
187,0.07900993890182509,0.0,0.17932339443150824,85,151,0.0,0,0,180,0.19558930061525984,0.16666666666666666,0.3608527322386855,0.4166666666666667,0.12508730495323178,0.075,0.3184706621928226,0.3416666666666667,0.07900993890182509,0.07900993890182509,1.0,0.16666666666666666,0.4166666666666667,0.075,0.3416666666666667,0.2074091580146697,0.2074091580146697,0.0,0.11659672766887248,0.23243614717040337,0.13678626657024603,0.5141808585904782,0.1094531004357497,0.1094531004357497,0.0,0.14163169716776958,0.324551406918535,0.10589313328512301,0.42792376262857246,0.0,0.0,1.0,0.19558930061525984,0.3608527322386855,0.12508730495323178,0.3184706621928226
188,0.07900993890182509,0.0,0.17932339443150824,97,150,0.0,0,0,180,0.19558930061525984,0.16666666666666666,0.3608527322386855,0.4166666666666667,0.12508730495323178,0.075,0.3184706621928226,0.3416666666666667,0.07900993890182509,0.07900993890182509,1.0,0.16666666666666666,0.4166666666666667,0.075,0.3416666666666667,0.2074091580146697,0.2074091580146697,0.0,0.11659672766887248,0.23243614717040337,0.13678626657024603,0.5141808585904782,0.1094531004357497,0.1094531004357497,0.0,0.14163169716776958,0.324551406918535,0.10589313328512301,0.42792376262857246,0.0,0.0,1.0,0.19558930061525984,0.3608527322386855,0.12508730495323178,0.3184706621928226
189,0.07900993890182509,0.0,0.17932339443150824,101,150,0.0,0,0,180,0.19558930061525984,0.16666666666666666,0.3608527322386855,0.4166666666666667,0.12508730495323178,0.075,0.3184706621928226,0.3416666666666667,0.07900993890182509,0.07900993890182509,1.0,0.16666666666666666,0.4166666666666667,0.075,0.3416666666666667,0.2074091580146697,0.2074091580146697,0.0,0.11659672766887248,0.23243614717040337,0.13678626657024603,0.5141808585904782,0.1094531004357497,0.1094531004357497,0.0,0.14163169716776958,0.324551406918535,0.10589313328512301,0.42792376262857246,0.0,0.0,1.0,0.19558930061525984,0.3608527322386855,0.12508730495323178,0.3184706621928226
190,0.07900993890182509,0.0,0.17932339443150824,98,151,0.0,0,1,190,0.19558930061525984,0.16666666666666666,0.3608527322386855,0.4166666666666667,0.12508730495323178,0.075,0.3184706621928226,0.3416666666666667,0.07900993890182509,0.07900993890182509,1.0,0.16666666666666666,0.4166666666666667,0.075,0.3416666666666667,0.2910295300674439,0.2910295300674439,0.0,0.13379577873380885,0.19411985586225847,0.06258417314366597,0.6095001922602666,0.15711276727064394,0.15711276727064394,0.0,0.15023122270023775,0.3053932612644626,0.06879208657183299,0.47558342946346666,0.0,0.0,1.0,0.19558930061525984,0.3608527322386855,0.12508730495323178,0.3184706621928226
191,0.07900993890182509,0.0,0.17932339443150824,92,151,0.0,0,0,190,0.19558930061525984,0.16666666666666666,0.3608527322386855,0.4166666666666667,0.12508730495323178,0.075,0.3184706621928226,0.3416666666666667,0.07900993890182509,0.07900993890182509,1.0,0.16666666666666666,0.4166666666666667,0.075,0.3416666666666667,0.2910295300674439,0.2910295300674439,0.0,0.13379577873380885,0.19411985586225847,0.06258417314366597,0.6095001922602666,0.15711276727064394,0.15711276727064394,0.0,0.15023122270023775,0.3053932612644626,0.06879208657183299,0.47558342946346666,0.0,0.0,1.0,0.19558930061525984,0.3608527322386855,0.12508730495323178,0.3184706621928226
192,0.07900993890182509,0.0,0.17932339443150824,100,151,0.0,0,0,190,0.19558930061525984,0.16666666666666666,0.3608527322386855,0.4166666666666667,0.12508730495323178,0.075,0.3184706621928226,0.3416666666666667,0.07900993890182509,0.07900993890182509,1.0,0.16666666666666666,0.4166666666666667,0.075,0.3416666666666667,0.2910295300674439,0.2910295300674439,0.0,0.13379577873380885,0.19411985586225847,0.06258417314366597,0.6095001922602666,0.15711276727064394,0.15711276727064394,0.0,0.15023122270023775,0.3053932612644626,0.06879208657183299,0.47558342946346666,0.0,0.0,1.0,0.19558930061525984,0.3608527322386855,0.12508730495323178,0.3184706621928226
193,0.07900993890182509,0.0,0.17932339443150824,82,153,0.0,0,0,190,0.19558930061525984,0.16666666666666666,0.3608527322386855,0.4166666666666667,0.12508730495323178,0.075,0.3184706621928226,0.3416666666666667,0.07900993890182509,0.07900993890182509,1.0,0.16666666666666666,0.4166666666666667,0.075,0.3416666666666667,0.2910295300674439,0.2910295300674439,0.0,0.13379577873380885,0.19411985586225847,0.06258417314366597,0.6095001922602666,0.15711276727064394,0.15711276727064394,0.0,0.15023122270023775,0.3053932612644626,0.06879208657183299,0.47558342946346666,0.0,0.0,1.0,0.19558930061525984,0.3608527322386855,0.12508730495323178,0.3184706621928226
194,0.07900993890182509,0.0,0.17932339443150824,89,152,0.0,0,0,190,0.19558930061525984,0.16666666666666666,0.3608527322386855,0.4166666666666667,0.12508730495323178,0.075,0.3184706621928226,0.3416666666666667,0.07900993890182509,0.07900993890182509,1.0,0.16666666666666666,0.4166666666666667,0.075,0.3416666666666667,0.2910295300674439,0.2910295300674439,0.0,0.13379577873380885,0.19411985586225847,0.06258417314366597,0.6095001922602666,0.15711276727064394,0.15711276727064394,0.0,0.15023122270023775,0.3053932612644626,0.06879208657183299,0.47558342946346666,0.0,0.0,1.0,0.19558930061525984,0.3608527322386855,0.12508730495323178,0.3184706621928226
195,0.07900993890182509,0.0,0.17932339443150824,127,152,0.0,0,0,190,0.19558930061525984,0.16666666666666666,0.3608527322386855,0.4166666666666667,0.12508730495323178,0.075,0.3184706621928226,0.3416666666666667,0.07900993890182509,0.07900993890182509,1.0,0.16666666666666666,0.4166666666666667,0.075,0.3416666666666667,0.2910295300674439,0.2910295300674439,0.0,0.13379577873380885,0.19411985586225847,0.06258417314366597,0.6095001922602666,0.15711276727064394,0.15711276727064394,0.0,0.15023122270023775,0.3053932612644626,0.06879208657183299,0.47558342946346666,0.0,0.0,1.0,0.19558930061525984,0.3608527322386855,0.12508730495323178,0.3184706621928226
196,0.07900993890182509,0.0,0.17932339443150824,92,153,0.0,0,0,190,0.19558930061525984,0.16666666666666666,0.3608527322386855,0.4166666666666667,0.12508730495323178,0.075,0.3184706621928226,0.3416666666666667,0.07900993890182509,0.07900993890182509,1.0,0.16666666666666666,0.4166666666666667,0.075,0.3416666666666667,0.2910295300674439,0.2910295300674439,0.0,0.13379577873380885,0.19411985586225847,0.06258417314366597,0.6095001922602666,0.15711276727064394,0.15711276727064394,0.0,0.15023122270023775,0.3053932612644626,0.06879208657183299,0.47558342946346666,0.0,0.0,1.0,0.19558930061525984,0.3608527322386855,0.12508730495323178,0.3184706621928226
197,0.07900993890182509,0.0,0.17932339443150824,97,153,0.0,0,0,190,0.19558930061525984,0.16666666666666666,0.3608527322386855,0.4166666666666667,0.12508730495323178,0.075,0.3184706621928226,0.3416666666666667,0.07900993890182509,0.07900993890182509,1.0,0.16666666666666666,0.4166666666666667,0.075,0.3416666666666667,0.2910295300674439,0.2910295300674439,0.0,0.13379577873380885,0.19411985586225847,0.06258417314366597,0.6095001922602666,0.15711276727064394,0.15711276727064394,0.0,0.15023122270023775,0.3053932612644626,0.06879208657183299,0.47558342946346666,0.0,0.0,1.0,0.19558930061525984,0.3608527322386855,0.12508730495323178,0.3184706621928226
198,0.07900993890182509,0.0,0.17932339443150824,97,151,0.0,0,0,190,0.19558930061525984,0.16666666666666666,0.3608527322386855,0.4166666666666667,0.12508730495323178,0.075,0.3184706621928226,0.3416666666666667,0.07900993890182509,0.07900993890182509,1.0,0.16666666666666666,0.4166666666666667,0.075,0.3416666666666667,0.2910295300674439,0.2910295300674439,0.0,0.13379577873380885,0.19411985586225847,0.06258417314366597,0.6095001922602666,0.15711276727064394,0.15711276727064394,0.0,0.15023122270023775,0.3053932612644626,0.06879208657183299,0.47558342946346666,0.0,0.0,1.0,0.19558930061525984,0.3608527322386855,0.12508730495323178,0.3184706621928226
199,0.07900993890182509,0.0,0.17932339443150824,103,152,0.0,0,0,190,0.19558930061525984,0.16666666666666666,0.3608527322386855,0.4166666666666667,0.12508730495323178,0.075,0.3184706621928226,0.3416666666666667,0.07900993890182509,0.07900993890182509,1.0,0.16666666666666666,0.4166666666666667,0.075,0.3416666666666667,0.2910295300674439,0.2910295300674439,0.0,0.13379577873380885,0.19411985586225847,0.06258417314366597,0.6095001922602666,0.15711276727064394,0.15711276727064394,0.0,0.15023122270023775,0.3053932612644626,0.06879208657183299,0.47558342946346666,0.0,0.0,1.0,0.19558930061525984,0.3608527322386855,0.12508730495323178,0.3184706621928226
200,0.07900993890182509,0.0,0.17932339443150824,94,155,0.0,0,1,200,0.19558930061525984,0.16666666666666666,0.3608527322386855,0.4166666666666667,0.12508730495323178,0.075,0.3184706621928226,0.3416666666666667,0.07900993890182509,0.07900993890182509,1.0,0.16666666666666666,0.4166666666666667,0.075,0.3416666666666667,0.13242655811228332,0.13242655811228332,0.0,0.08011475015554594,0.34390072458611626,0.12681433011333784,0.449170195145,0.09637873210071654,0.09637873210071654,0.0,0.1233907084111063,0.38028369562639147,0.10090716505666891,0.39541843090583334,0.0,0.0,1.0,0.19558930061525984,0.3608527322386855,0.12508730495323178,0.3184706621928226
201,0.07900993890182509,0.0,0.17932339443150824,111,155,0.0,0,0,200,0.19558930061525984,0.16666666666666666,0.3608527322386855,0.4166666666666667,0.12508730495323178,0.075,0.3184706621928226,0.3416666666666667,0.07900993890182509,0.07900993890182509,1.0,0.16666666666666666,0.4166666666666667,0.075,0.3416666666666667,0.13242655811228332,0.13242655811228332,0.0,0.08011475015554594,0.34390072458611626,0.12681433011333784,0.449170195145,0.09637873210071654,0.09637873210071654,0.0,0.1233907084111063,0.38028369562639147,0.10090716505666891,0.39541843090583334,0.0,0.0,1.0,0.19558930061525984,0.3608527322386855,0.12508730495323178,0.3184706621928226
202,0.07900993890182509,0.0,0.17932339443150824,101,155,0.0,0,0,200,0.19558930061525984,0.16666666666666666,0.3608527322386855,0.4166666666666667,0.12508730495323178,0.075,0.3184706621928226,0.3416666666666667,0.07900993890182509,0.07900993890182509,1.0,0.16666666666666666,0.4166666666666667,0.075,0.3416666666666667,0.13242655811228332,0.13242655811228332,0.0,0.08011475015554594,0.34390072458611626,0.12681433011333784,0.449170195145,0.09637873210071654,0.09637873210071654,0.0,0.1233907084111063,0.38028369562639147,0.10090716505666891,0.39541843090583334,0.0,0.0,1.0,0.19558930061525984,0.3608527322386855,0.12508730495323178,0.3184706621928226
203,0.07900993890182509,0.0,0.17932339443150824,83,153,0.0,0,0,200,0.19558930061525984,0.16666666666666666,0.3608527322386855,0.4166666666666667,0.12508730495323178,0.075,0.3184706621928226,0.3416666666666667,0.07900993890182509,0.07900993890182509,1.0,0.16666666666666666,0.4166666666666667,0.075,0.3416666666666667,0.13242655811228332,0.13242655811228332,0.0,0.08011475015554594,0.34390072458611626,0.12681433011333784,0.449170195145,0.09637873210071654,0.09637873210071654,0.0,0.1233907084111063,0.38028369562639147,0.10090716505666891,0.39541843090583334,0.0,0.0,1.0,0.19558930061525984,0.3608527322386855,0.12508730495323178,0.3184706621928226
204,0.07900993890182509,0.0,0.17932339443150824,95,152,0.0,0,0,200,0.19558930061525984,0.16666666666666666,0.3608527322386855,0.4166666666666667,0.12508730495323178,0.075,0.3184706621928226,0.3416666666666667,0.07900993890182509,0.07900993890182509,1.0,0.16666666666666666,0.4166666666666667,0.075,0.3416666666666667,0.13242655811228332,0.13242655811228332,0.0,0.08011475015554594,0.34390072458611626,0.12681433011333784,0.449170195145,0.09637873210071654,0.09637873210071654,0.0,0.1233907084111063,0.38028369562639147,0.10090716505666891,0.39541843090583334,0.0,0.0,1.0,0.19558930061525984,0.3608527322386855,0.12508730495323178,0.3184706621928226
205,0.07900993890182509,0.0,0.17932339443150824,87,153,0.0,0,0,200,0.19558930061525984,0.16666666666666666,0.3608527322386855,0.4166666666666667,0.12508730495323178,0.075,0.3184706621928226,0.3416666666666667,0.07900993890182509,0.07900993890182509,1.0,0.16666666666666666,0.4166666666666667,0.075,0.3416666666666667,0.13242655811228332,0.13242655811228332,0.0,0.08011475015554594,0.34390072458611626,0.12681433011333784,0.449170195145,0.09637873210071654,0.09637873210071654,0.0,0.1233907084111063,0.38028369562639147,0.10090716505666891,0.39541843090583334,0.0,0.0,1.0,0.19558930061525984,0.3608527322386855,0.12508730495323178,0.3184706621928226
206,0.07900993890182509,0.0,0.17932339443150824,104,153,0.0,0,0,200,0.19558930061525984,0.16666666666666666,0.3608527322386855,0.4166666666666667,0.12508730495323178,0.075,0.3184706621928226,0.3416666666666667,0.07900993890182509,0.07900993890182509,1.0,0.16666666666666666,0.4166666666666667,0.075,0.3416666666666667,0.13242655811228332,0.13242655811228332,0.0,0.08011475015554594,0.34390072458611626,0.12681433011333784,0.449170195145,0.09637873210071654,0.09637873210071654,0.0,0.1233907084111063,0.38028369562639147,0.10090716505666891,0.39541843090583334,0.0,0.0,1.0,0.19558930061525984,0.3608527322386855,0.12508730495323178,0.3184706621928226
207,0.07900993890182509,0.0,0.17932339443150824,95,154,0.0,0,0,200,0.19558930061525984,0.16666666666666666,0.3608527322386855,0.4166666666666667,0.12508730495323178,0.075,0.3184706621928226,0.3416666666666667,0.07900993890182509,0.07900993890182509,1.0,0.16666666666666666,0.4166666666666667,0.075,0.3416666666666667,0.13242655811228332,0.13242655811228332,0.0,0.08011475015554594,0.34390072458611626,0.12681433011333784,0.449170195145,0.09637873210071654,0.09637873210071654,0.0,0.1233907084111063,0.38028369562639147,0.10090716505666891,0.39541843090583334,0.0,0.0,1.0,0.19558930061525984,0.3608527322386855,0.12508730495323178,0.3184706621928226
208,0.07900993890182509,0.0,0.17932339443150824,91,155,0.0,0,0,200,0.19558930061525984,0.16666666666666666,0.3608527322386855,0.4166666666666667,0.12508730495323178,0.075,0.3184706621928226,0.3416666666666667,0.07900993890182509,0.07900993890182509,1.0,0.16666666666666666,0.4166666666666667,0.075,0.3416666666666667,0.13242655811228332,0.13242655811228332,0.0,0.08011475015554594,0.34390072458611626,0.12681433011333784,0.449170195145,0.09637873210071654,0.09637873210071654,0.0,0.1233907084111063,0.38028369562639147,0.10090716505666891,0.39541843090583334,0.0,0.0,1.0,0.19558930061525984,0.3608527322386855,0.12508730495323178,0.3184706621928226
209,0.07900993890182509,0.0,0.17932339443150824,104,154,0.0,0,0,200,0.19558930061525984,0.16666666666666666,0.3608527322386855,0.4166666666666667,0.12508730495323178,0.075,0.3184706621928226,0.3416666666666667,0.07900993890182509,0.07900993890182509,1.0,0.16666666666666666,0.4166666666666667,0.075,0.3416666666666667,0.13242655811228332,0.13242655811228332,0.0,0.08011475015554594,0.34390072458611626,0.12681433011333784,0.449170195145,0.09637873210071654,0.09637873210071654,0.0,0.1233907084111063,0.38028369562639147,0.10090716505666891,0.39541843090583334,0.0,0.0,1.0,0.19558930061525984,0.3608527322386855,0.12508730495323178,0.3184706621928226
210,0.07900993890182509,0.0,0.17932339443150824,110,155,0.0,0,1,210,0.19558930061525984,0.16666666666666666,0.3608527322386855,0.4166666666666667,0.12508730495323178,0.075,0.3184706621928226,0.3416666666666667,0.07900993890182509,0.07900993890182509,1.0,0.16666666666666666,0.4166666666666667,0.075,0.3416666666666667,0.2840350334452517,0.2840350334452517,0.0,0.1237958416879465,0.19087264653372005,0.082825816140259,0.6025056956380744,0.1536155189595478,0.1536155189595478,0.0,0.1452312541773066,0.3037696566001934,0.07891290807012949,0.47208618115237055,0.0,0.0,1.0,0.19558930061525984,0.3608527322386855,0.12508730495323178,0.3184706621928226
211,0.07900993890182509,0.0,0.17932339443150824,109,154,0.0,0,0,210,0.19558930061525984,0.16666666666666666,0.3608527322386855,0.4166666666666667,0.12508730495323178,0.075,0.3184706621928226,0.3416666666666667,0.07900993890182509,0.07900993890182509,1.0,0.16666666666666666,0.4166666666666667,0.075,0.3416666666666667,0.2840350334452517,0.2840350334452517,0.0,0.1237958416879465,0.19087264653372005,0.082825816140259,0.6025056956380744,0.1536155189595478,0.1536155189595478,0.0,0.1452312541773066,0.3037696566001934,0.07891290807012949,0.47208618115237055,0.0,0.0,1.0,0.19558930061525984,0.3608527322386855,0.12508730495323178,0.3184706621928226
212,0.07900993890182509,0.0,0.17932339443150824,96,155,0.0,0,0,210,0.19558930061525984,0.16666666666666666,0.3608527322386855,0.4166666666666667,0.12508730495323178,0.075,0.3184706621928226,0.3416666666666667,0.07900993890182509,0.07900993890182509,1.0,0.16666666666666666,0.4166666666666667,0.075,0.3416666666666667,0.2840350334452517,0.2840350334452517,0.0,0.1237958416879465,0.19087264653372005,0.082825816140259,0.6025056956380744,0.1536155189595478,0.1536155189595478,0.0,0.1452312541773066,0.3037696566001934,0.07891290807012949,0.47208618115237055,0.0,0.0,1.0,0.19558930061525984,0.3608527322386855,0.12508730495323178,0.3184706621928226
213,0.07900993890182509,0.0,0.17932339443150824,94,157,0.0,0,0,210,0.19558930061525984,0.16666666666666666,0.3608527322386855,0.4166666666666667,0.12508730495323178,0.075,0.3184706621928226,0.3416666666666667,0.07900993890182509,0.07900993890182509,1.0,0.16666666666666666,0.4166666666666667,0.075,0.3416666666666667,0.2840350334452517,0.2840350334452517,0.0,0.1237958416879465,0.19087264653372005,0.082825816140259,0.6025056956380744,0.1536155189595478,0.1536155189595478,0.0,0.1452312541773066,0.3037696566001934,0.07891290807012949,0.47208618115237055,0.0,0.0,1.0,0.19558930061525984,0.3608527322386855,0.12508730495323178,0.3184706621928226
214,0.07900993890182509,0.0,0.17932339443150824,99,158,0.0,0,0,210,0.19558930061525984,0.16666666666666666,0.3608527322386855,0.4166666666666667,0.12508730495323178,0.075,0.3184706621928226,0.3416666666666667,0.07900993890182509,0.07900993890182509,1.0,0.16666666666666666,0.4166666666666667,0.075,0.3416666666666667,0.2840350334452517,0.2840350334452517,0.0,0.1237958416879465,0.19087264653372005,0.082825816140259,0.6025056956380744,0.1536155189595478,0.1536155189595478,0.0,0.1452312541773066,0.3037696566001934,0.07891290807012949,0.47208618115237055,0.0,0.0,1.0,0.19558930061525984,0.3608527322386855,0.12508730495323178,0.3184706621928226
215,0.07900993890182509,0.0,0.17932339443150824,92,157,0.0,0,0,210,0.19558930061525984,0.16666666666666666,0.3608527322386855,0.4166666666666667,0.12508730495323178,0.075,0.3184706621928226,0.3416666666666667,0.07900993890182509,0.07900993890182509,1.0,0.16666666666666666,0.4166666666666667,0.075,0.3416666666666667,0.2840350334452517,0.2840350334452517,0.0,0.1237958416879465,0.19087264653372005,0.082825816140259,0.6025056956380744,0.1536155189595478,0.1536155189595478,0.0,0.1452312541773066,0.3037696566001934,0.07891290807012949,0.47208618115237055,0.0,0.0,1.0,0.19558930061525984,0.3608527322386855,0.12508730495323178,0.3184706621928226
216,0.07900993890182509,0.0,0.17932339443150824,105,156,0.0,0,0,210,0.19558930061525984,0.16666666666666666,0.3608527322386855,0.4166666666666667,0.12508730495323178,0.075,0.3184706621928226,0.3416666666666667,0.07900993890182509,0.07900993890182509,1.0,0.16666666666666666,0.4166666666666667,0.075,0.3416666666666667,0.2840350334452517,0.2840350334452517,0.0,0.1237958416879465,0.19087264653372005,0.082825816140259,0.6025056956380744,0.1536155189595478,0.1536155189595478,0.0,0.1452312541773066,0.3037696566001934,0.07891290807012949,0.47208618115237055,0.0,0.0,1.0,0.19558930061525984,0.3608527322386855,0.12508730495323178,0.3184706621928226
217,0.07900993890182509,0.0,0.17932339443150824,105,156,0.0,0,0,210,0.19558930061525984,0.16666666666666666,0.3608527322386855,0.4166666666666667,0.12508730495323178,0.075,0.3184706621928226,0.3416666666666667,0.07900993890182509,0.07900993890182509,1.0,0.16666666666666666,0.4166666666666667,0.075,0.3416666666666667,0.2840350334452517,0.2840350334452517,0.0,0.1237958416879465,0.19087264653372005,0.082825816140259,0.6025056956380744,0.1536155189595478,0.1536155189595478,0.0,0.1452312541773066,0.3037696566001934,0.07891290807012949,0.47208618115237055,0.0,0.0,1.0,0.19558930061525984,0.3608527322386855,0.12508730495323178,0.3184706621928226
218,0.07900993890182509,0.0,0.17932339443150824,92,153,0.0,0,0,210,0.19558930061525984,0.16666666666666666,0.3608527322386855,0.4166666666666667,0.12508730495323178,0.075,0.3184706621928226,0.3416666666666667,0.07900993890182509,0.07900993890182509,1.0,0.16666666666666666,0.4166666666666667,0.075,0.3416666666666667,0.2840350334452517,0.2840350334452517,0.0,0.1237958416879465,0.19087264653372005,0.082825816140259,0.6025056956380744,0.1536155189595478,0.1536155189595478,0.0,0.1452312541773066,0.3037696566001934,0.07891290807012949,0.47208618115237055,0.0,0.0,1.0,0.19558930061525984,0.3608527322386855,0.12508730495323178,0.3184706621928226
219,0.07900993890182509,0.0,0.17932339443150824,92,153,0.0,0,0,210,0.19558930061525984,0.16666666666666666,0.3608527322386855,0.4166666666666667,0.12508730495323178,0.075,0.3184706621928226,0.3416666666666667,0.07900993890182509,0.07900993890182509,1.0,0.16666666666666666,0.4166666666666667,0.075,0.3416666666666667,0.2840350334452517,0.2840350334452517,0.0,0.1237958416879465,0.19087264653372005,0.082825816140259,0.6025056956380744,0.1536155189595478,0.1536155189595478,0.0,0.1452312541773066,0.3037696566001934,0.07891290807012949,0.47208618115237055,0.0,0.0,1.0,0.19558930061525984,0.3608527322386855,0.12508730495323178,0.3184706621928226
220,0.07900993890182509,0.0,0.17932339443150824,106,151,0.0,0,1,220,0.19558930061525984,0.16666666666666666,0.3608527322386855,0.4166666666666667,0.12508730495323178,0.075,0.3184706621928226,0.3416666666666667,0.07900993890182509,0.07900993890182509,1.0,0.16666666666666666,0.4166666666666667,0.075,0.3416666666666667,0.16531905329947336,0.16531905329947336,0.0,0.20606273975250303,0.20564858031160516,0.11497240358083897,0.47331627635505297,0.08902080931803708,0.08902080931803708,0.0,0.18636470320958484,0.3111576234891359,0.09498620179041949,0.40749147151085985,0.0,0.0,1.0,0.19558930061525984,0.3608527322386855,0.12508730495323178,0.3184706621928226
221,0.07900993890182509,0.0,0.17932339443150824,97,150,0.0,0,0,220,0.19558930061525984,0.16666666666666666,0.3608527322386855,0.4166666666666667,0.12508730495323178,0.075,0.3184706621928226,0.3416666666666667,0.07900993890182509,0.07900993890182509,1.0,0.16666666666666666,0.4166666666666667,0.075,0.3416666666666667,0.16531905329947336,0.16531905329947336,0.0,0.20606273975250303,0.20564858031160516,0.11497240358083897,0.47331627635505297,0.08902080931803708,0.08902080931803708,0.0,0.18636470320958484,0.3111576234891359,0.09498620179041949,0.40749147151085985,0.0,0.0,1.0,0.19558930061525984,0.3608527322386855,0.12508730495323178,0.3184706621928226
222,0.07900993890182509,0.0,0.17932339443150824,96,153,0.0,0,0,220,0.19558930061525984,0.16666666666666666,0.3608527322386855,0.4166666666666667,0.12508730495323178,0.075,0.3184706621928226,0.3416666666666667,0.07900993890182509,0.07900993890182509,1.0,0.16666666666666666,0.4166666666666667,0.075,0.3416666666666667,0.16531905329947336,0.16531905329947336,0.0,0.20606273975250303,0.20564858031160516,0.11497240358083897,0.47331627635505297,0.08902080931803708,0.08902080931803708,0.0,0.18636470320958484,0.3111576234891359,0.09498620179041949,0.40749147151085985,0.0,0.0,1.0,0.19558930061525984,0.3608527322386855,0.12508730495323178,0.3184706621928226
223,0.07900993890182509,0.0,0.17932339443150824,95,154,0.0,0,0,220,0.19558930061525984,0.16666666666666666,0.3608527322386855,0.4166666666666667,0.12508730495323178,0.075,0.3184706621928226,0.3416666666666667,0.07900993890182509,0.07900993890182509,1.0,0.16666666666666666,0.4166666666666667,0.075,0.3416666666666667,0.16531905329947336,0.16531905329947336,0.0,0.20606273975250303,0.20564858031160516,0.11497240358083897,0.47331627635505297,0.08902080931803708,0.08902080931803708,0.0,0.18636470320958484,0.3111576234891359,0.09498620179041949,0.40749147151085985,0.0,0.0,1.0,0.19558930061525984,0.3608527322386855,0.12508730495323178,0.3184706621928226
224,0.07900993890182509,0.0,0.17932339443150824,98,156,0.0,0,0,220,0.19558930061525984,0.16666666666666666,0.3608527322386855,0.4166666666666667,0.12508730495323178,0.075,0.3184706621928226,0.3416666666666667,0.07900993890182509,0.07900993890182509,1.0,0.16666666666666666,0.4166666666666667,0.075,0.3416666666666667,0.16531905329947336,0.16531905329947336,0.0,0.20606273975250303,0.20564858031160516,0.11497240358083897,0.47331627635505297,0.08902080931803708,0.08902080931803708,0.0,0.18636470320958484,0.3111576234891359,0.09498620179041949,0.40749147151085985,0.0,0.0,1.0,0.19558930061525984,0.3608527322386855,0.12508730495323178,0.3184706621928226
225,0.07900993890182509,0.0,0.17932339443150824,102,155,0.0,0,0,220,0.19558930061525984,0.16666666666666666,0.3608527322386855,0.4166666666666667,0.12508730495323178,0.075,0.3184706621928226,0.3416666666666667,0.07900993890182509,0.07900993890182509,1.0,0.16666666666666666,0.4166666666666667,0.075,0.3416666666666667,0.16531905329947336,0.16531905329947336,0.0,0.20606273975250303,0.20564858031160516,0.11497240358083897,0.47331627635505297,0.08902080931803708,0.08902080931803708,0.0,0.18636470320958484,0.3111576234891359,0.09498620179041949,0.40749147151085985,0.0,0.0,1.0,0.19558930061525984,0.3608527322386855,0.12508730495323178,0.3184706621928226
226,0.07900993890182509,0.0,0.17932339443150824,104,152,0.0,0,0,220,0.19558930061525984,0.16666666666666666,0.3608527322386855,0.4166666666666667,0.12508730495323178,0.075,0.3184706621928226,0.3416666666666667,0.07900993890182509,0.07900993890182509,1.0,0.16666666666666666,0.4166666666666667,0.075,0.3416666666666667,0.16531905329947336,0.16531905329947336,0.0,0.20606273975250303,0.20564858031160516,0.11497240358083897,0.47331627635505297,0.08902080931803708,0.08902080931803708,0.0,0.18636470320958484,0.3111576234891359,0.09498620179041949,0.40749147151085985,0.0,0.0,1.0,0.19558930061525984,0.3608527322386855,0.12508730495323178,0.3184706621928226
227,0.07900993890182509,0.0,0.17932339443150824,104,151,0.0,0,0,220,0.19558930061525984,0.16666666666666666,0.3608527322386855,0.4166666666666667,0.12508730495323178,0.075,0.3184706621928226,0.3416666666666667,0.07900993890182509,0.07900993890182509,1.0,0.16666666666666666,0.4166666666666667,0.075,0.3416666666666667,0.16531905329947336,0.16531905329947336,0.0,0.20606273975250303,0.20564858031160516,0.11497240358083897,0.47331627635505297,0.08902080931803708,0.08902080931803708,0.0,0.18636470320958484,0.3111576234891359,0.09498620179041949,0.40749147151085985,0.0,0.0,1.0,0.19558930061525984,0.3608527322386855,0.12508730495323178,0.3184706621928226
228,0.07900993890182509,0.0,0.17932339443150824,93,150,0.0,0,0,220,0.19558930061525984,0.16666666666666666,0.3608527322386855,0.4166666666666667,0.12508730495323178,0.075,0.3184706621928226,0.3416666666666667,0.07900993890182509,0.07900993890182509,1.0,0.16666666666666666,0.4166666666666667,0.075,0.3416666666666667,0.16531905329947336,0.16531905329947336,0.0,0.20606273975250303,0.20564858031160516,0.11497240358083897,0.47331627635505297,0.08902080931803708,0.08902080931803708,0.0,0.18636470320958484,0.3111576234891359,0.09498620179041949,0.40749147151085985,0.0,0.0,1.0,0.19558930061525984,0.3608527322386855,0.12508730495323178,0.3184706621928226
229,0.07900993890182509,0.0,0.17932339443150824,99,150,0.0,0,0,220,0.19558930061525984,0.16666666666666666,0.3608527322386855,0.4166666666666667,0.12508730495323178,0.075,0.3184706621928226,0.3416666666666667,0.07900993890182509,0.07900993890182509,1.0,0.16666666666666666,0.4166666666666667,0.075,0.3416666666666667,0.16531905329947336,0.16531905329947336,0.0,0.20606273975250303,0.20564858031160516,0.11497240358083897,0.47331627635505297,0.08902080931803708,0.08902080931803708,0.0,0.18636470320958484,0.3111576234891359,0.09498620179041949,0.40749147151085985,0.0,0.0,1.0,0.19558930061525984,0.3608527322386855,0.12508730495323178,0.3184706621928226
230,0.07900993890182509,0.0,0.17932339443150824,96,152,0.0,0,1,230,0.19558930061525984,0.16666666666666666,0.3608527322386855,0.4166666666666667,0.12508730495323178,0.075,0.3184706621928226,0.3416666666666667,0.07900993890182509,0.07900993890182509,1.0,0.16666666666666666,0.4166666666666667,0.075,0.3416666666666667,0.24489134133914636,0.24489134133914636,0.0,0.15953574871283469,0.1520149428019644,0.16329212082054395,0.5251571876646569,0.11494126497283906,0.11494126497283906,0.0,0.16310120768975067,0.28434080473431556,0.11914606041027198,0.4334119271656618,0.0,0.0,1.0,0.19558930061525984,0.3608527322386855,0.12508730495323178,0.3184706621928226
231,0.07900993890182509,0.0,0.17932339443150824,110,152,0.0,0,0,230,0.19558930061525984,0.16666666666666666,0.3608527322386855,0.4166666666666667,0.12508730495323178,0.075,0.3184706621928226,0.3416666666666667,0.07900993890182509,0.07900993890182509,1.0,0.16666666666666666,0.4166666666666667,0.075,0.3416666666666667,0.24489134133914636,0.24489134133914636,0.0,0.15953574871283469,0.1520149428019644,0.16329212082054395,0.5251571876646569,0.11494126497283906,0.11494126497283906,0.0,0.16310120768975067,0.28434080473431556,0.11914606041027198,0.4334119271656618,0.0,0.0,1.0,0.19558930061525984,0.3608527322386855,0.12508730495323178,0.3184706621928226
232,0.07900993890182509,0.0,0.17932339443150824,104,150,0.0,0,0,230,0.19558930061525984,0.16666666666666666,0.3608527322386855,0.4166666666666667,0.12508730495323178,0.075,0.3184706621928226,0.3416666666666667,0.07900993890182509,0.07900993890182509,1.0,0.16666666666666666,0.4166666666666667,0.075,0.3416666666666667,0.24489134133914636,0.24489134133914636,0.0,0.15953574871283469,0.1520149428019644,0.16329212082054395,0.5251571876646569,0.11494126497283906,0.11494126497283906,0.0,0.16310120768975067,0.28434080473431556,0.11914606041027198,0.4334119271656618,0.0,0.0,1.0,0.19558930061525984,0.3608527322386855,0.12508730495323178,0.3184706621928226
233,0.07900993890182509,0.0,0.17932339443150824,82,150,0.0,0,0,230,0.19558930061525984,0.16666666666666666,0.3608527322386855,0.4166666666666667,0.12508730495323178,0.075,0.3184706621928226,0.3416666666666667,0.07900993890182509,0.07900993890182509,1.0,0.16666666666666666,0.4166666666666667,0.075,0.3416666666666667,0.24489134133914636,0.24489134133914636,0.0,0.15953574871283469,0.1520149428019644,0.16329212082054395,0.5251571876646569,0.11494126497283906,0.11494126497283906,0.0,0.16310120768975067,0.28434080473431556,0.11914606041027198,0.4334119271656618,0.0,0.0,1.0,0.19558930061525984,0.3608527322386855,0.12508730495323178,0.3184706621928226
234,0.07900993890182509,0.0,0.17932339443150824,86,150,0.0,0,0,230,0.19558930061525984,0.16666666666666666,0.3608527322386855,0.4166666666666667,0.12508730495323178,0.075,0.3184706621928226,0.3416666666666667,0.07900993890182509,0.07900993890182509,1.0,0.16666666666666666,0.4166666666666667,0.075,0.3416666666666667,0.24489134133914636,0.24489134133914636,0.0,0.15953574871283469,0.1520149428019644,0.16329212082054395,0.5251571876646569,0.11494126497283906,0.11494126497283906,0.0,0.16310120768975067,0.28434080473431556,0.11914606041027198,0.4334119271656618,0.0,0.0,1.0,0.19558930061525984,0.3608527322386855,0.12508730495323178,0.3184706621928226
235,0.07900993890182509,0.0,0.17932339443150824,97,150,0.0,0,0,230,0.19558930061525984,0.16666666666666666,0.3608527322386855,0.4166666666666667,0.12508730495323178,0.075,0.3184706621928226,0.3416666666666667,0.07900993890182509,0.07900993890182509,1.0,0.16666666666666666,0.4166666666666667,0.075,0.3416666666666667,0.24489134133914636,0.24489134133914636,0.0,0.15953574871283469,0.1520149428019644,0.16329212082054395,0.5251571876646569,0.11494126497283906,0.11494126497283906,0.0,0.16310120768975067,0.28434080473431556,0.11914606041027198,0.4334119271656618,0.0,0.0,1.0,0.19558930061525984,0.3608527322386855,0.12508730495323178,0.3184706621928226
236,0.07900993890182509,0.0,0.17932339443150824,88,152,0.0,0,0,230,0.19558930061525984,0.16666666666666666,0.3608527322386855,0.4166666666666667,0.12508730495323178,0.075,0.3184706621928226,0.3416666666666667,0.07900993890182509,0.07900993890182509,1.0,0.16666666666666666,0.4166666666666667,0.075,0.3416666666666667,0.24489134133914636,0.24489134133914636,0.0,0.15953574871283469,0.1520149428019644,0.16329212082054395,0.5251571876646569,0.11494126497283906,0.11494126497283906,0.0,0.16310120768975067,0.28434080473431556,0.11914606041027198,0.4334119271656618,0.0,0.0,1.0,0.19558930061525984,0.3608527322386855,0.12508730495323178,0.3184706621928226
237,0.07900993890182509,0.0,0.17932339443150824,107,150,0.0,0,0,230,0.19558930061525984,0.16666666666666666,0.3608527322386855,0.4166666666666667,0.12508730495323178,0.075,0.3184706621928226,0.3416666666666667,0.07900993890182509,0.07900993890182509,1.0,0.16666666666666666,0.4166666666666667,0.075,0.3416666666666667,0.24489134133914636,0.24489134133914636,0.0,0.15953574871283469,0.1520149428019644,0.16329212082054395,0.5251571876646569,0.11494126497283906,0.11494126497283906,0.0,0.16310120768975067,0.28434080473431556,0.11914606041027198,0.4334119271656618,0.0,0.0,1.0,0.19558930061525984,0.3608527322386855,0.12508730495323178,0.3184706621928226
238,0.07900993890182509,0.0,0.17932339443150824,101,150,0.0,0,0,230,0.19558930061525984,0.16666666666666666,0.3608527322386855,0.4166666666666667,0.12508730495323178,0.075,0.3184706621928226,0.3416666666666667,0.07900993890182509,0.07900993890182509,1.0,0.16666666666666666,0.4166666666666667,0.075,0.3416666666666667,0.24489134133914636,0.24489134133914636,0.0,0.15953574871283469,0.1520149428019644,0.16329212082054395,0.5251571876646569,0.11494126497283906,0.11494126497283906,0.0,0.16310120768975067,0.28434080473431556,0.11914606041027198,0.4334119271656618,0.0,0.0,1.0,0.19558930061525984,0.3608527322386855,0.12508730495323178,0.3184706621928226
239,0.07900993890182509,0.0,0.17932339443150824,111,150,0.0,0,0,230,0.19558930061525984,0.16666666666666666,0.3608527322386855,0.4166666666666667,0.12508730495323178,0.075,0.3184706621928226,0.3416666666666667,0.07900993890182509,0.07900993890182509,1.0,0.16666666666666666,0.4166666666666667,0.075,0.3416666666666667,0.24489134133914636,0.24489134133914636,0.0,0.15953574871283469,0.1520149428019644,0.16329212082054395,0.5251571876646569,0.11494126497283906,0.11494126497283906,0.0,0.16310120768975067,0.28434080473431556,0.11914606041027198,0.4334119271656618,0.0,0.0,1.0,0.19558930061525984,0.3608527322386855,0.12508730495323178,0.3184706621928226
