step,attention_error,preference_change,uniform_prior_error,interactions,pool_size,official_exposure_share,official_arrivals,observation_updated,last_observed_at,truth_0,attention_0,truth_1,attention_1,truth_2,attention_2,truth_3,attention_3,error_platform,initial_error_platform,top_accuracy_platform,estimate_platform_0,estimate_platform_1,estimate_platform_2,estimate_platform_3,error_survey,initial_error_survey,top_accuracy_survey,estimate_survey_0,estimate_survey_1,estimate_survey_2,estimate_survey_3,error_fused,initial_error_fused,top_accuracy_fused,estimate_fused_0,estimate_fused_1,estimate_fused_2,estimate_fused_3,error_oracle,initial_error_oracle,top_accuracy_oracle,estimate_oracle_0,estimate_oracle_1,estimate_oracle_2,estimate_oracle_3
0,0.07900993890182509,0.0,0.17932339443150824,71,28,0.0,0,1,0,0.19558930061525984,0.16666666666666666,0.3608527322386855,0.4166666666666667,0.12508730495323178,0.075,0.3184706621928226,0.3416666666666667,0.07900993890182509,0.07900993890182509,1.0,0.16666666666666666,0.4166666666666667,0.075,0.3416666666666667,0.2502598127840938,0.2502598127840938,0.0,0.25635723011754913,0.14246721413428703,0.09321301027353657,0.5079625454746272,0.12226659165467227,0.12226659165467227,0.0,0.2115119483921079,0.27956694040047686,0.08410650513676829,0.4248146060706469,0.0,0.0,1.0,0.19558930061525984,0.3608527322386855,0.12508730495323178,0.3184706621928226
1,0.4848626711405106,0.0,0.17932339443150824,137,28,0.0,0,0,0,0.19558930061525984,0.0,0.3608527322386855,0.19666666666666666,0.12508730495323178,0.0,0.3184706621928226,0.8033333333333333,0.07900993890182509,0.07900993890182509,1.0,0.16666666666666666,0.4166666666666667,0.075,0.3416666666666667,0.2502598127840938,0.2502598127840938,0.0,0.25635723011754913,0.14246721413428703,0.09321301027353657,0.5079625454746272,0.12226659165467227,0.12226659165467227,0.0,0.2115119483921079,0.27956694040047686,0.08410650513676829,0.4248146060706469,0.0,0.0,1.0,0.19558930061525984,0.3608527322386855,0.12508730495323178,0.3184706621928226
2,0.4815293378071773,0.0,0.17932339443150824,119,28,0.0,0,0,0,0.19558930061525984,0.0,0.3608527322386855,0.2,0.12508730495323178,0.0,0.3184706621928226,0.8,0.07900993890182509,0.07900993890182509,1.0,0.16666666666666666,0.4166666666666667,0.075,0.3416666666666667,0.2502598127840938,0.2502598127840938,0.0,0.25635723011754913,0.14246721413428703,0.09321301027353657,0.5079625454746272,0.12226659165467227,0.12226659165467227,0.0,0.2115119483921079,0.27956694040047686,0.08410650513676829,0.4248146060706469,0.0,0.0,1.0,0.19558930061525984,0.3608527322386855,0.12508730495323178,0.3184706621928226
3,0.4815293378071773,0.0,0.17932339443150824,136,28,0.0,0,0,0,0.19558930061525984,0.0,0.3608527322386855,0.2,0.12508730495323178,0.0,0.3184706621928226,0.8,0.07900993890182509,0.07900993890182509,1.0,0.16666666666666666,0.4166666666666667,0.075,0.3416666666666667,0.2502598127840938,0.2502598127840938,0.0,0.25635723011754913,0.14246721413428703,0.09321301027353657,0.5079625454746272,0.12226659165467227,0.12226659165467227,0.0,0.2115119483921079,0.27956694040047686,0.08410650513676829,0.4248146060706469,0.0,0.0,1.0,0.19558930061525984,0.3608527322386855,0.12508730495323178,0.3184706621928226
4,0.4815293378071773,0.0,0.17932339443150824,141,28,0.0,0,0,0,0.19558930061525984,0.0,0.3608527322386855,0.2,0.12508730495323178,0.0,0.3184706621928226,0.8,0.07900993890182509,0.07900993890182509,1.0,0.16666666666666666,0.4166666666666667,0.075,0.3416666666666667,0.2502598127840938,0.2502598127840938,0.0,0.25635723011754913,0.14246721413428703,0.09321301027353657,0.5079625454746272,0.12226659165467227,0.12226659165467227,0.0,0.2115119483921079,0.27956694040047686,0.08410650513676829,0.4248146060706469,0.0,0.0,1.0,0.19558930061525984,0.3608527322386855,0.12508730495323178,0.3184706621928226
5,0.4815293378071773,0.0,0.17932339443150824,126,28,0.0,0,0,0,0.19558930061525984,0.0,0.3608527322386855,0.2,0.12508730495323178,0.0,0.3184706621928226,0.8,0.07900993890182509,0.07900993890182509,1.0,0.16666666666666666,0.4166666666666667,0.075,0.3416666666666667,0.2502598127840938,0.2502598127840938,0.0,0.25635723011754913,0.14246721413428703,0.09321301027353657,0.5079625454746272,0.12226659165467227,0.12226659165467227,0.0,0.2115119483921079,0.27956694040047686,0.08410650513676829,0.4248146060706469,0.0,0.0,1.0,0.19558930061525984,0.3608527322386855,0.12508730495323178,0.3184706621928226
6,0.4815293378071773,0.0,0.17932339443150824,120,28,0.0,0,0,0,0.19558930061525984,0.0,0.3608527322386855,0.2,0.12508730495323178,0.0,0.3184706621928226,0.8,0.07900993890182509,0.07900993890182509,1.0,0.16666666666666666,0.4166666666666667,0.075,0.3416666666666667,0.2502598127840938,0.2502598127840938,0.0,0.25635723011754913,0.14246721413428703,0.09321301027353657,0.5079625454746272,0.12226659165467227,0.12226659165467227,0.0,0.2115119483921079,0.27956694040047686,0.08410650513676829,0.4248146060706469,0.0,0.0,1.0,0.19558930061525984,0.3608527322386855,0.12508730495323178,0.3184706621928226
7,0.4815293378071773,0.0,0.17932339443150824,131,28,0.0,0,0,0,0.19558930061525984,0.0,0.3608527322386855,0.2,0.12508730495323178,0.0,0.3184706621928226,0.8,0.07900993890182509,0.07900993890182509,1.0,0.16666666666666666,0.4166666666666667,0.075,0.3416666666666667,0.2502598127840938,0.2502598127840938,0.0,0.25635723011754913,0.14246721413428703,0.09321301027353657,0.5079625454746272,0.12226659165467227,0.12226659165467227,0.0,0.2115119483921079,0.27956694040047686,0.08410650513676829,0.4248146060706469,0.0,0.0,1.0,0.19558930061525984,0.3608527322386855,0.12508730495323178,0.3184706621928226
8,0.4815293378071773,0.0,0.17932339443150824,110,28,0.0,0,0,0,0.19558930061525984,0.0,0.3608527322386855,0.2,0.12508730495323178,0.0,0.3184706621928226,0.8,0.07900993890182509,0.07900993890182509,1.0,0.16666666666666666,0.4166666666666667,0.075,0.3416666666666667,0.2502598127840938,0.2502598127840938,0.0,0.25635723011754913,0.14246721413428703,0.09321301027353657,0.5079625454746272,0.12226659165467227,0.12226659165467227,0.0,0.2115119483921079,0.27956694040047686,0.08410650513676829,0.4248146060706469,0.0,0.0,1.0,0.19558930061525984,0.3608527322386855,0.12508730495323178,0.3184706621928226
9,0.4815293378071773,0.0,0.17932339443150824,145,28,0.0,0,0,0,0.19558930061525984,0.0,0.3608527322386855,0.2,0.12508730495323178,0.0,0.3184706621928226,0.8,0.07900993890182509,0.07900993890182509,1.0,0.16666666666666666,0.4166666666666667,0.075,0.3416666666666667,0.2502598127840938,0.2502598127840938,0.0,0.25635723011754913,0.14246721413428703,0.09321301027353657,0.5079625454746272,0.12226659165467227,0.12226659165467227,0.0,0.2115119483921079,0.27956694040047686,0.08410650513676829,0.4248146060706469,0.0,0.0,1.0,0.19558930061525984,0.3608527322386855,0.12508730495323178,0.3184706621928226
10,0.4815293378071773,0.0,0.17932339443150824,121,28,0.0,0,1,10,0.19558930061525984,0.0,0.3608527322386855,0.2,0.12508730495323178,0.0,0.3184706621928226,0.8,0.44016570144354095,0.44016570144354095,0.0,0.015151515151515152,0.2193939393939394,0.006818181818181818,0.7586363636363637,0.22103224017252038,0.22103224017252038,0.0,0.12051850070749683,0.21489129197392834,0.1560940295317262,0.5084961777868487,0.31509560851878343,0.31509560851878343,0.0,0.06783500792950599,0.21714261568393387,0.08145610567495401,0.6335662707116062,0.0,0.0,1.0,0.19558930061525984,0.3608527322386855,0.12508730495323178,0.3184706621928226
11,0.4815293378071773,0.0,0.17932339443150824,112,28,0.0,0,0,10,0.19558930061525984,0.0,0.3608527322386855,0.2,0.12508730495323178,0.0,0.3184706621928226,0.8,0.44016570144354095,0.44016570144354095,0.0,0.015151515151515152,0.2193939393939394,0.006818181818181818,0.7586363636363637,0.22103224017252038,0.22103224017252038,0.0,0.12051850070749683,0.21489129197392834,0.1560940295317262,0.5084961777868487,0.31509560851878343,0.31509560851878343,0.0,0.06783500792950599,0.21714261568393387,0.08145610567495401,0.6335662707116062,0.0,0.0,1.0,0.19558930061525984,0.3608527322386855,0.12508730495323178,0.3184706621928226
12,0.4815293378071773,0.0,0.17932339443150824,132,28,0.0,0,0,10,0.19558930061525984,0.0,0.3608527322386855,0.2,0.12508730495323178,0.0,0.3184706621928226,0.8,0.44016570144354095,0.44016570144354095,0.0,0.015151515151515152,0.2193939393939394,0.006818181818181818,0.7586363636363637,0.22103224017252038,0.22103224017252038,0.0,0.12051850070749683,0.21489129197392834,0.1560940295317262,0.5084961777868487,0.31509560851878343,0.31509560851878343,0.0,0.06783500792950599,0.21714261568393387,0.08145610567495401,0.6335662707116062,0.0,0.0,1.0,0.19558930061525984,0.3608527322386855,0.12508730495323178,0.3184706621928226
13,0.4815293378071773,0.0,0.17932339443150824,124,28,0.0,0,0,10,0.19558930061525984,0.0,0.3608527322386855,0.2,0.12508730495323178,0.0,0.3184706621928226,0.8,0.44016570144354095,0.44016570144354095,0.0,0.015151515151515152,0.2193939393939394,0.006818181818181818,0.7586363636363637,0.22103224017252038,0.22103224017252038,0.0,0.12051850070749683,0.21489129197392834,0.1560940295317262,0.5084961777868487,0.31509560851878343,0.31509560851878343,0.0,0.06783500792950599,0.21714261568393387,0.08145610567495401,0.6335662707116062,0.0,0.0,1.0,0.19558930061525984,0.3608527322386855,0.12508730495323178,0.3184706621928226
14,0.4815293378071773,0.0,0.17932339443150824,128,28,0.0,0,0,10,0.19558930061525984,0.0,0.3608527322386855,0.2,0.12508730495323178,0.0,0.3184706621928226,0.8,0.44016570144354095,0.44016570144354095,0.0,0.015151515151515152,0.2193939393939394,0.006818181818181818,0.7586363636363637,0.22103224017252038,0.22103224017252038,0.0,0.12051850070749683,0.21489129197392834,0.1560940295317262,0.5084961777868487,0.31509560851878343,0.31509560851878343,0.0,0.06783500792950599,0.21714261568393387,0.08145610567495401,0.6335662707116062,0.0,0.0,1.0,0.19558930061525984,0.3608527322386855,0.12508730495323178,0.3184706621928226
15,0.4815293378071773,0.0,0.17932339443150824,149,28,0.0,0,0,10,0.19558930061525984,0.0,0.3608527322386855,0.2,0.12508730495323178,0.0,0.3184706621928226,0.8,0.44016570144354095,0.44016570144354095,0.0,0.015151515151515152,0.2193939393939394,0.006818181818181818,0.7586363636363637,0.22103224017252038,0.22103224017252038,0.0,0.12051850070749683,0.21489129197392834,0.1560940295317262,0.5084961777868487,0.31509560851878343,0.31509560851878343,0.0,0.06783500792950599,0.21714261568393387,0.08145610567495401,0.6335662707116062,0.0,0.0,1.0,0.19558930061525984,0.3608527322386855,0.12508730495323178,0.3184706621928226
16,0.4815293378071773,0.0,0.17932339443150824,127,28,0.0,0,0,10,0.19558930061525984,0.0,0.3608527322386855,0.2,0.12508730495323178,0.0,0.3184706621928226,0.8,0.44016570144354095,0.44016570144354095,0.0,0.015151515151515152,0.2193939393939394,0.006818181818181818,0.7586363636363637,0.22103224017252038,0.22103224017252038,0.0,0.12051850070749683,0.21489129197392834,0.1560940295317262,0.5084961777868487,0.31509560851878343,0.31509560851878343,0.0,0.06783500792950599,0.21714261568393387,0.08145610567495401,0.6335662707116062,0.0,0.0,1.0,0.19558930061525984,0.3608527322386855,0.12508730495323178,0.3184706621928226
17,0.4815293378071773,0.0,0.17932339443150824,134,28,0.0,0,0,10,0.19558930061525984,0.0,0.3608527322386855,0.2,0.12508730495323178,0.0,0.3184706621928226,0.8,0.44016570144354095,0.44016570144354095,0.0,0.015151515151515152,0.2193939393939394,0.006818181818181818,0.7586363636363637,0.22103224017252038,0.22103224017252038,0.0,0.12051850070749683,0.21489129197392834,0.1560940295317262,0.5084961777868487,0.31509560851878343,0.31509560851878343,0.0,0.06783500792950599,0.21714261568393387,0.08145610567495401,0.6335662707116062,0.0,0.0,1.0,0.19558930061525984,0.3608527322386855,0.12508730495323178,0.3184706621928226
18,0.4815293378071773,0.0,0.17932339443150824,144,28,0.0,0,0,10,0.19558930061525984,0.0,0.3608527322386855,0.2,0.12508730495323178,0.0,0.3184706621928226,0.8,0.44016570144354095,0.44016570144354095,0.0,0.015151515151515152,0.2193939393939394,0.006818181818181818,0.7586363636363637,0.22103224017252038,0.22103224017252038,0.0,0.12051850070749683,0.21489129197392834,0.1560940295317262,0.5084961777868487,0.31509560851878343,0.31509560851878343,0.0,0.06783500792950599,0.21714261568393387,0.08145610567495401,0.6335662707116062,0.0,0.0,1.0,0.19558930061525984,0.3608527322386855,0.12508730495323178,0.3184706621928226
19,0.4815293378071773,0.0,0.17932339443150824,125,28,0.0,0,0,10,0.19558930061525984,0.0,0.3608527322386855,0.2,0.12508730495323178,0.0,0.3184706621928226,0.8,0.44016570144354095,0.44016570144354095,0.0,0.015151515151515152,0.2193939393939394,0.006818181818181818,0.7586363636363637,0.22103224017252038,0.22103224017252038,0.0,0.12051850070749683,0.21489129197392834,0.1560940295317262,0.5084961777868487,0.31509560851878343,0.31509560851878343,0.0,0.06783500792950599,0.21714261568393387,0.08145610567495401,0.6335662707116062,0.0,0.0,1.0,0.19558930061525984,0.3608527322386855,0.12508730495323178,0.3184706621928226
20,0.4815293378071773,0.0,0.17932339443150824,146,28,0.0,0,1,20,0.19558930061525984,0.0,0.3608527322386855,0.2,0.12508730495323178,0.0,0.3184706621928226,0.8,0.481696004473844,0.481696004473844,0.0,0.0,0.19983333333333334,0.0,0.8001666666666667,0.2117649703239069,0.2117649703239069,0.0,0.14274254935609096,0.23649679185204223,0.0905250262751372,0.5302356325167297,0.3467304873988754,0.3467304873988754,0.0,0.07137127467804548,0.21816506259268778,0.0452625131375686,0.6652011495916982,0.0,0.0,1.0,0.19558930061525984,0.3608527322386855,0.12508730495323178,0.3184706621928226
21,0.4815293378071773,0.0,0.17932339443150824,130,28,0.0,0,0,20,0.19558930061525984,0.0,0.3608527322386855,0.2,0.12508730495323178,0.0,0.3184706621928226,0.8,0.481696004473844,0.481696004473844,0.0,0.0,0.19983333333333334,0.0,0.8001666666666667,0.2117649703239069,0.2117649703239069,0.0,0.14274254935609096,0.23649679185204223,0.0905250262751372,0.5302356325167297,0.3467304873988754,0.3467304873988754,0.0,0.07137127467804548,0.21816506259268778,0.0452625131375686,0.6652011495916982,0.0,0.0,1.0,0.19558930061525984,0.3608527322386855,0.12508730495323178,0.3184706621928226
22,0.4815293378071773,0.0,0.17932339443150824,123,28,0.0,0,0,20,0.19558930061525984,0.0,0.3608527322386855,0.2,0.12508730495323178,0.0,0.3184706621928226,0.8,0.481696004473844,0.481696004473844,0.0,0.0,0.19983333333333334,0.0,0.8001666666666667,0.2117649703239069,0.2117649703239069,0.0,0.14274254935609096,0.23649679185204223,0.0905250262751372,0.5302356325167297,0.3467304873988754,0.3467304873988754,0.0,0.07137127467804548,0.21816506259268778,0.0452625131375686,0.6652011495916982,0.0,0.0,1.0,0.19558930061525984,0.3608527322386855,0.12508730495323178,0.3184706621928226
23,0.4815293378071773,0.0,0.17932339443150824,130,28,0.0,0,0,20,0.19558930061525984,0.0,0.3608527322386855,0.2,0.12508730495323178,0.0,0.3184706621928226,0.8,0.481696004473844,0.481696004473844,0.0,0.0,0.19983333333333334,0.0,0.8001666666666667,0.2117649703239069,0.2117649703239069,0.0,0.14274254935609096,0.23649679185204223,0.0905250262751372,0.5302356325167297,0.3467304873988754,0.3467304873988754,0.0,0.07137127467804548,0.21816506259268778,0.0452625131375686,0.6652011495916982,0.0,0.0,1.0,0.19558930061525984,0.3608527322386855,0.12508730495323178,0.3184706621928226
24,0.4815293378071773,0.0,0.17932339443150824,126,28,0.0,0,0,20,0.19558930061525984,0.0,0.3608527322386855,0.2,0.12508730495323178,0.0,0.3184706621928226,0.8,0.481696004473844,0.481696004473844,0.0,0.0,0.19983333333333334,0.0,0.8001666666666667,0.2117649703239069,0.2117649703239069,0.0,0.14274254935609096,0.23649679185204223,0.0905250262751372,0.5302356325167297,0.3467304873988754,0.3467304873988754,0.0,0.07137127467804548,0.21816506259268778,0.0452625131375686,0.6652011495916982,0.0,0.0,1.0,0.19558930061525984,0.3608527322386855,0.12508730495323178,0.3184706621928226
25,0.4815293378071773,0.0,0.17932339443150824,133,28,0.0,0,0,20,0.19558930061525984,0.0,0.3608527322386855,0.2,0.12508730495323178,0.0,0.3184706621928226,0.8,0.481696004473844,0.481696004473844,0.0,0.0,0.19983333333333334,0.0,0.8001666666666667,0.2117649703239069,0.2117649703239069,0.0,0.14274254935609096,0.23649679185204223,0.0905250262751372,0.5302356325167297,0.3467304873988754,0.3467304873988754,0.0,0.07137127467804548,0.21816506259268778,0.0452625131375686,0.6652011495916982,0.0,0.0,1.0,0.19558930061525984,0.3608527322386855,0.12508730495323178,0.3184706621928226
26,0.4815293378071773,0.0,0.17932339443150824,113,28,0.0,0,0,20,0.19558930061525984,0.0,0.3608527322386855,0.2,0.12508730495323178,0.0,0.3184706621928226,0.8,0.481696004473844,0.481696004473844,0.0,0.0,0.19983333333333334,0.0,0.8001666666666667,0.2117649703239069,0.2117649703239069,0.0,0.14274254935609096,0.23649679185204223,0.0905250262751372,0.5302356325167297,0.3467304873988754,0.3467304873988754,0.0,0.07137127467804548,0.21816506259268778,0.0452625131375686,0.6652011495916982,0.0,0.0,1.0,0.19558930061525984,0.3608527322386855,0.12508730495323178,0.3184706621928226
27,0.4815293378071773,0.0,0.17932339443150824,138,28,0.0,0,0,20,0.19558930061525984,0.0,0.3608527322386855,0.2,0.12508730495323178,0.0,0.3184706621928226,0.8,0.481696004473844,0.481696004473844,0.0,0.0,0.19983333333333334,0.0,0.8001666666666667,0.2117649703239069,0.2117649703239069,0.0,0.14274254935609096,0.23649679185204223,0.0905250262751372,0.5302356325167297,0.3467304873988754,0.3467304873988754,0.0,0.07137127467804548,0.21816506259268778,0.0452625131375686,0.6652011495916982,0.0,0.0,1.0,0.19558930061525984,0.3608527322386855,0.12508730495323178,0.3184706621928226
28,0.4815293378071773,0.0,0.17932339443150824,137,28,0.0,0,0,20,0.19558930061525984,0.0,0.3608527322386855,0.2,0.12508730495323178,0.0,0.3184706621928226,0.8,0.481696004473844,0.481696004473844,0.0,0.0,0.19983333333333334,0.0,0.8001666666666667,0.2117649703239069,0.2117649703239069,0.0,0.14274254935609096,0.23649679185204223,0.0905250262751372,0.5302356325167297,0.3467304873988754,0.3467304873988754,0.0,0.07137127467804548,0.21816506259268778,0.0452625131375686,0.6652011495916982,0.0,0.0,1.0,0.19558930061525984,0.3608527322386855,0.12508730495323178,0.3184706621928226
29,0.4815293378071773,0.0,0.17932339443150824,111,28,0.0,0,0,20,0.19558930061525984,0.0,0.3608527322386855,0.2,0.12508730495323178,0.0,0.3184706621928226,0.8,0.481696004473844,0.481696004473844,0.0,0.0,0.19983333333333334,0.0,0.8001666666666667,0.2117649703239069,0.2117649703239069,0.0,0.14274254935609096,0.23649679185204223,0.0905250262751372,0.5302356325167297,0.3467304873988754,0.3467304873988754,0.0,0.07137127467804548,0.21816506259268778,0.0452625131375686,0.6652011495916982,0.0,0.0,1.0,0.19558930061525984,0.3608527322386855,0.12508730495323178,0.3184706621928226
30,0.4815293378071773,0.0,0.17932339443150824,125,28,0.0,0,1,30,0.19558930061525984,0.0,0.3608527322386855,0.2,0.12508730495323178,0.0,0.3184706621928226,0.8,0.4815293378071773,0.4815293378071773,0.0,0.0,0.2,0.0,0.8,0.16856066637236722,0.16856066637236722,0.0,0.1325870632452816,0.2892549584791196,0.09112664971040885,0.48703132856518994,0.3250450020897723,0.3250450020897723,0.0,0.0662935316226408,0.2446274792395598,0.04556332485520442,0.643515664282595,0.0,0.0,1.0,0.19558930061525984,0.3608527322386855,0.12508730495323178,0.3184706621928226
31,0.4815293378071773,0.0,0.17932339443150824,139,28,0.0,0,0,30,0.19558930061525984,0.0,0.3608527322386855,0.2,0.12508730495323178,0.0,0.3184706621928226,0.8,0.4815293378071773,0.4815293378071773,0.0,0.0,0.2,0.0,0.8,0.16856066637236722,0.16856066637236722,0.0,0.1325870632452816,0.2892549584791196,0.09112664971040885,0.48703132856518994,0.3250450020897723,0.3250450020897723,0.0,0.0662935316226408,0.2446274792395598,0.04556332485520442,0.643515664282595,0.0,0.0,1.0,0.19558930061525984,0.3608527322386855,0.12508730495323178,0.3184706621928226
32,0.4815293378071773,0.0,0.17932339443150824,127,28,0.0,0,0,30,0.19558930061525984,0.0,0.3608527322386855,0.2,0.12508730495323178,0.0,0.3184706621928226,0.8,0.4815293378071773,0.4815293378071773,0.0,0.0,0.2,0.0,0.8,0.16856066637236722,0.16856066637236722,0.0,0.1325870632452816,0.2892549584791196,0.09112664971040885,0.48703132856518994,0.3250450020897723,0.3250450020897723,0.0,0.0662935316226408,0.2446274792395598,0.04556332485520442,0.643515664282595,0.0,0.0,1.0,0.19558930061525984,0.3608527322386855,0.12508730495323178,0.3184706621928226
33,0.4815293378071773,0.0,0.17932339443150824,129,28,0.0,0,0,30,0.19558930061525984,0.0,0.3608527322386855,0.2,0.12508730495323178,0.0,0.3184706621928226,0.8,0.4815293378071773,0.4815293378071773,0.0,0.0,0.2,0.0,0.8,0.16856066637236722,0.16856066637236722,0.0,0.1325870632452816,0.2892549584791196,0.09112664971040885,0.48703132856518994,0.3250450020897723,0.3250450020897723,0.0,0.0662935316226408,0.2446274792395598,0.04556332485520442,0.643515664282595,0.0,0.0,1.0,0.19558930061525984,0.3608527322386855,0.12508730495323178,0.3184706621928226
34,0.4815293378071773,0.0,0.17932339443150824,126,28,0.0,0,0,30,0.19558930061525984,0.0,0.3608527322386855,0.2,0.12508730495323178,0.0,0.3184706621928226,0.8,0.4815293378071773,0.4815293378071773,0.0,0.0,0.2,0.0,0.8,0.16856066637236722,0.16856066637236722,0.0,0.1325870632452816,0.2892549584791196,0.09112664971040885,0.48703132856518994,0.3250450020897723,0.3250450020897723,0.0,0.0662935316226408,0.2446274792395598,0.04556332485520442,0.643515664282595,0.0,0.0,1.0,0.19558930061525984,0.3608527322386855,0.12508730495323178,0.3184706621928226
35,0.4815293378071773,0.0,0.17932339443150824,107,28,0.0,0,0,30,0.19558930061525984,0.0,0.3608527322386855,0.2,0.12508730495323178,0.0,0.3184706621928226,0.8,0.4815293378071773,0.4815293378071773,0.0,0.0,0.2,0.0,0.8,0.16856066637236722,0.16856066637236722,0.0,0.1325870632452816,0.2892549584791196,0.09112664971040885,0.48703132856518994,0.3250450020897723,0.3250450020897723,0.0,0.0662935316226408,0.2446274792395598,0.04556332485520442,0.643515664282595,0.0,0.0,1.0,0.19558930061525984,0.3608527322386855,0.12508730495323178,0.3184706621928226
36,0.4815293378071773,0.0,0.17932339443150824,126,28,0.0,0,0,30,0.19558930061525984,0.0,0.3608527322386855,0.2,0.12508730495323178,0.0,0.3184706621928226,0.8,0.4815293378071773,0.4815293378071773,0.0,0.0,0.2,0.0,0.8,0.16856066637236722,0.16856066637236722,0.0,0.1325870632452816,0.2892549584791196,0.09112664971040885,0.48703132856518994,0.3250450020897723,0.3250450020897723,0.0,0.0662935316226408,0.2446274792395598,0.04556332485520442,0.643515664282595,0.0,0.0,1.0,0.19558930061525984,0.3608527322386855,0.12508730495323178,0.3184706621928226
37,0.4815293378071773,0.0,0.17932339443150824,118,28,0.0,0,0,30,0.19558930061525984,0.0,0.3608527322386855,0.2,0.12508730495323178,0.0,0.3184706621928226,0.8,0.4815293378071773,0.4815293378071773,0.0,0.0,0.2,0.0,0.8,0.16856066637236722,0.16856066637236722,0.0,0.1325870632452816,0.2892549584791196,0.09112664971040885,0.48703132856518994,0.3250450020897723,0.3250450020897723,0.0,0.0662935316226408,0.2446274792395598,0.04556332485520442,0.643515664282595,0.0,0.0,1.0,0.19558930061525984,0.3608527322386855,0.12508730495323178,0.3184706621928226
38,0.4815293378071773,0.0,0.17932339443150824,135,28,0.0,0,0,30,0.19558930061525984,0.0,0.3608527322386855,0.2,0.12508730495323178,0.0,0.3184706621928226,0.8,0.4815293378071773,0.4815293378071773,0.0,0.0,0.2,0.0,0.8,0.16856066637236722,0.16856066637236722,0.0,0.1325870632452816,0.2892549584791196,0.09112664971040885,0.48703132856518994,0.3250450020897723,0.3250450020897723,0.0,0.0662935316226408,0.2446274792395598,0.04556332485520442,0.643515664282595,0.0,0.0,1.0,0.19558930061525984,0.3608527322386855,0.12508730495323178,0.3184706621928226
39,0.4815293378071773,0.0,0.17932339443150824,113,28,0.0,0,0,30,0.19558930061525984,0.0,0.3608527322386855,0.2,0.12508730495323178,0.0,0.3184706621928226,0.8,0.4815293378071773,0.4815293378071773,0.0,0.0,0.2,0.0,0.8,0.16856066637236722,0.16856066637236722,0.0,0.1325870632452816,0.2892549584791196,0.09112664971040885,0.48703132856518994,0.3250450020897723,0.3250450020897723,0.0,0.0662935316226408,0.2446274792395598,0.04556332485520442,0.643515664282595,0.0,0.0,1.0,0.19558930061525984,0.3608527322386855,0.12508730495323178,0.3184706621928226
40,0.4815293378071773,0.0,0.17932339443150824,130,28,0.0,0,1,40,0.19558930061525984,0.0,0.3608527322386855,0.2,0.12508730495323178,0.0,0.3184706621928226,0.8,0.4815293378071773,0.4815293378071773,0.0,0.0,0.2,0.0,0.8,0.2298254466480865,0.2298254466480865,0.0,0.22444637565639144,0.18121964299686322,0.07489494754696761,0.5194390337997775,0.3412488547070661,0.3412488547070661,0.0,0.11222318782819572,0.19060982149843161,0.03744747377348381,0.6597195168998888,0.0,0.0,1.0,0.19558930061525984,0.3608527322386855,0.12508730495323178,0.3184706621928226
41,0.4815293378071773,0.0,0.17932339443150824,126,28,0.0,0,0,40,0.19558930061525984,0.0,0.3608527322386855,0.2,0.12508730495323178,0.0,0.3184706621928226,0.8,0.4815293378071773,0.4815293378071773,0.0,0.0,0.2,0.0,0.8,0.2298254466480865,0.2298254466480865,0.0,0.22444637565639144,0.18121964299686322,0.07489494754696761,0.5194390337997775,0.3412488547070661,0.3412488547070661,0.0,0.11222318782819572,0.19060982149843161,0.03744747377348381,0.6597195168998888,0.0,0.0,1.0,0.19558930061525984,0.3608527322386855,0.12508730495323178,0.3184706621928226
42,0.4815293378071773,0.0,0.17932339443150824,125,28,0.0,0,0,40,0.19558930061525984,0.0,0.3608527322386855,0.2,0.12508730495323178,0.0,0.3184706621928226,0.8,0.4815293378071773,0.4815293378071773,0.0,0.0,0.2,0.0,0.8,0.2298254466480865,0.2298254466480865,0.0,0.22444637565639144,0.18121964299686322,0.07489494754696761,0.5194390337997775,0.3412488547070661,0.3412488547070661,0.0,0.11222318782819572,0.19060982149843161,0.03744747377348381,0.6597195168998888,0.0,0.0,1.0,0.19558930061525984,0.3608527322386855,0.12508730495323178,0.3184706621928226
43,0.4815293378071773,0.0,0.17932339443150824,142,28,0.0,0,0,40,0.19558930061525984,0.0,0.3608527322386855,0.2,0.12508730495323178,0.0,0.3184706621928226,0.8,0.4815293378071773,0.4815293378071773,0.0,0.0,0.2,0.0,0.8,0.2298254466480865,0.2298254466480865,0.0,0.22444637565639144,0.18121964299686322,0.07489494754696761,0.5194390337997775,0.3412488547070661,0.3412488547070661,0.0,0.11222318782819572,0.19060982149843161,0.03744747377348381,0.6597195168998888,0.0,0.0,1.0,0.19558930061525984,0.3608527322386855,0.12508730495323178,0.3184706621928226
44,0.4815293378071773,0.0,0.17932339443150824,109,28,0.0,0,0,40,0.19558930061525984,0.0,0.3608527322386855,0.2,0.12508730495323178,0.0,0.3184706621928226,0.8,0.4815293378071773,0.4815293378071773,0.0,0.0,0.2,0.0,0.8,0.2298254466480865,0.2298254466480865,0.0,0.22444637565639144,0.18121964299686322,0.07489494754696761,0.5194390337997775,0.3412488547070661,0.3412488547070661,0.0,0.11222318782819572,0.19060982149843161,0.03744747377348381,0.6597195168998888,0.0,0.0,1.0,0.19558930061525984,0.3608527322386855,0.12508730495323178,0.3184706621928226
45,0.4815293378071773,0.0,0.17932339443150824,141,28,0.0,0,0,40,0.19558930061525984,0.0,0.3608527322386855,0.2,0.12508730495323178,0.0,0.3184706621928226,0.8,0.4815293378071773,0.4815293378071773,0.0,0.0,0.2,0.0,0.8,0.2298254466480865,0.2298254466480865,0.0,0.22444637565639144,0.18121964299686322,0.07489494754696761,0.5194390337997775,0.3412488547070661,0.3412488547070661,0.0,0.11222318782819572,0.19060982149843161,0.03744747377348381,0.6597195168998888,0.0,0.0,1.0,0.19558930061525984,0.3608527322386855,0.12508730495323178,0.3184706621928226
46,0.4815293378071773,0.0,0.17932339443150824,119,28,0.0,0,0,40,0.19558930061525984,0.0,0.3608527322386855,0.2,0.12508730495323178,0.0,0.3184706621928226,0.8,0.4815293378071773,0.4815293378071773,0.0,0.0,0.2,0.0,0.8,0.2298254466480865,0.2298254466480865,0.0,0.22444637565639144,0.18121964299686322,0.07489494754696761,0.5194390337997775,0.3412488547070661,0.3412488547070661,0.0,0.11222318782819572,0.19060982149843161,0.03744747377348381,0.6597195168998888,0.0,0.0,1.0,0.19558930061525984,0.3608527322386855,0.12508730495323178,0.3184706621928226
47,0.4815293378071773,0.0,0.17932339443150824,127,28,0.0,0,0,40,0.19558930061525984,0.0,0.3608527322386855,0.2,0.12508730495323178,0.0,0.3184706621928226,0.8,0.4815293378071773,0.4815293378071773,0.0,0.0,0.2,0.0,0.8,0.2298254466480865,0.2298254466480865,0.0,0.22444637565639144,0.18121964299686322,0.07489494754696761,0.5194390337997775,0.3412488547070661,0.3412488547070661,0.0,0.11222318782819572,0.19060982149843161,0.03744747377348381,0.6597195168998888,0.0,0.0,1.0,0.19558930061525984,0.3608527322386855,0.12508730495323178,0.3184706621928226
48,0.4815293378071773,0.0,0.17932339443150824,134,28,0.0,0,0,40,0.19558930061525984,0.0,0.3608527322386855,0.2,0.12508730495323178,0.0,0.3184706621928226,0.8,0.4815293378071773,0.4815293378071773,0.0,0.0,0.2,0.0,0.8,0.2298254466480865,0.2298254466480865,0.0,0.22444637565639144,0.18121964299686322,0.07489494754696761,0.5194390337997775,0.3412488547070661,0.3412488547070661,0.0,0.11222318782819572,0.19060982149843161,0.03744747377348381,0.6597195168998888,0.0,0.0,1.0,0.19558930061525984,0.3608527322386855,0.12508730495323178,0.3184706621928226
49,0.4815293378071773,0.0,0.17932339443150824,124,28,0.0,0,0,40,0.19558930061525984,0.0,0.3608527322386855,0.2,0.12508730495323178,0.0,0.3184706621928226,0.8,0.4815293378071773,0.4815293378071773,0.0,0.0,0.2,0.0,0.8,0.2298254466480865,0.2298254466480865,0.0,0.22444637565639144,0.18121964299686322,0.07489494754696761,0.5194390337997775,0.3412488547070661,0.3412488547070661,0.0,0.11222318782819572,0.19060982149843161,0.03744747377348381,0.6597195168998888,0.0,0.0,1.0,0.19558930061525984,0.3608527322386855,0.12508730495323178,0.3184706621928226
50,0.4815293378071773,0.0,0.17932339443150824,132,28,0.0,0,1,50,0.19558930061525984,0.0,0.3608527322386855,0.2,0.12508730495323178,0.0,0.3184706621928226,0.8,0.4815293378071773,0.4815293378071773,0.0,0.0,0.2,0.0,0.8,0.1667141359990591,0.1667141359990591,0.0,0.11051226207283266,0.3181941248095225,0.08610881492576294,0.4851847981918818,0.3241217369031182,0.3241217369031182,0.0,0.05525613103641633,0.25909706240476127,0.04305440746288147,0.6425923990959409,0.0,0.0,1.0,0.19558930061525984,0.3608527322386855,0.12508730495323178,0.3184706621928226
51,0.4815293378071773,0.0,0.17932339443150824,140,28,0.0,0,0,50,0.19558930061525984,0.0,0.3608527322386855,0.2,0.12508730495323178,0.0,0.3184706621928226,0.8,0.4815293378071773,0.4815293378071773,0.0,0.0,0.2,0.0,0.8,0.1667141359990591,0.1667141359990591,0.0,0.11051226207283266,0.3181941248095225,0.08610881492576294,0.4851847981918818,0.3241217369031182,0.3241217369031182,0.0,0.05525613103641633,0.25909706240476127,0.04305440746288147,0.6425923990959409,0.0,0.0,1.0,0.19558930061525984,0.3608527322386855,0.12508730495323178,0.3184706621928226
52,0.4815293378071773,0.0,0.17932339443150824,129,28,0.0,0,0,50,0.19558930061525984,0.0,0.3608527322386855,0.2,0.12508730495323178,0.0,0.3184706621928226,0.8,0.4815293378071773,0.4815293378071773,0.0,0.0,0.2,0.0,0.8,0.1667141359990591,0.1667141359990591,0.0,0.11051226207283266,0.3181941248095225,0.08610881492576294,0.4851847981918818,0.3241217369031182,0.3241217369031182,0.0,0.05525613103641633,0.25909706240476127,0.04305440746288147,0.6425923990959409,0.0,0.0,1.0,0.19558930061525984,0.3608527322386855,0.12508730495323178,0.3184706621928226
53,0.4815293378071773,0.0,0.17932339443150824,124,28,0.0,0,0,50,0.19558930061525984,0.0,0.3608527322386855,0.2,0.12508730495323178,0.0,0.3184706621928226,0.8,0.4815293378071773,0.4815293378071773,0.0,0.0,0.2,0.0,0.8,0.1667141359990591,0.1667141359990591,0.0,0.11051226207283266,0.3181941248095225,0.08610881492576294,0.4851847981918818,0.3241217369031182,0.3241217369031182,0.0,0.05525613103641633,0.25909706240476127,0.04305440746288147,0.6425923990959409,0.0,0.0,1.0,0.19558930061525984,0.3608527322386855,0.12508730495323178,0.3184706621928226
54,0.4815293378071773,0.0,0.17932339443150824,122,28,0.0,0,0,50,0.19558930061525984,0.0,0.3608527322386855,0.2,0.12508730495323178,0.0,0.3184706621928226,0.8,0.4815293378071773,0.4815293378071773,0.0,0.0,0.2,0.0,0.8,0.1667141359990591,0.1667141359990591,0.0,0.11051226207283266,0.3181941248095225,0.08610881492576294,0.4851847981918818,0.3241217369031182,0.3241217369031182,0.0,0.05525613103641633,0.25909706240476127,0.04305440746288147,0.6425923990959409,0.0,0.0,1.0,0.19558930061525984,0.3608527322386855,0.12508730495323178,0.3184706621928226
55,0.4815293378071773,0.0,0.17932339443150824,135,28,0.0,0,0,50,0.19558930061525984,0.0,0.3608527322386855,0.2,0.12508730495323178,0.0,0.3184706621928226,0.8,0.4815293378071773,0.4815293378071773,0.0,0.0,0.2,0.0,0.8,0.1667141359990591,0.1667141359990591,0.0,0.11051226207283266,0.3181941248095225,0.08610881492576294,0.4851847981918818,0.3241217369031182,0.3241217369031182,0.0,0.05525613103641633,0.25909706240476127,0.04305440746288147,0.6425923990959409,0.0,0.0,1.0,0.19558930061525984,0.3608527322386855,0.12508730495323178,0.3184706621928226
56,0.4815293378071773,0.0,0.17932339443150824,119,28,0.0,0,0,50,0.19558930061525984,0.0,0.3608527322386855,0.2,0.12508730495323178,0.0,0.3184706621928226,0.8,0.4815293378071773,0.4815293378071773,0.0,0.0,0.2,0.0,0.8,0.1667141359990591,0.1667141359990591,0.0,0.11051226207283266,0.3181941248095225,0.08610881492576294,0.4851847981918818,0.3241217369031182,0.3241217369031182,0.0,0.05525613103641633,0.25909706240476127,0.04305440746288147,0.6425923990959409,0.0,0.0,1.0,0.19558930061525984,0.3608527322386855,0.12508730495323178,0.3184706621928226
57,0.4815293378071773,0.0,0.17932339443150824,144,28,0.0,0,0,50,0.19558930061525984,0.0,0.3608527322386855,0.2,0.12508730495323178,0.0,0.3184706621928226,0.8,0.4815293378071773,0.4815293378071773,0.0,0.0,0.2,0.0,0.8,0.1667141359990591,0.1667141359990591,0.0,0.11051226207283266,0.3181941248095225,0.08610881492576294,0.4851847981918818,0.3241217369031182,0.3241217369031182,0.0,0.05525613103641633,0.25909706240476127,0.04305440746288147,0.6425923990959409,0.0,0.0,1.0,0.19558930061525984,0.3608527322386855,0.12508730495323178,0.3184706621928226
58,0.4815293378071773,0.0,0.17932339443150824,130,28,0.0,0,0,50,0.19558930061525984,0.0,0.3608527322386855,0.2,0.12508730495323178,0.0,0.3184706621928226,0.8,0.4815293378071773,0.4815293378071773,0.0,0.0,0.2,0.0,0.8,0.1667141359990591,0.1667141359990591,0.0,0.11051226207283266,0.3181941248095225,0.08610881492576294,0.4851847981918818,0.3241217369031182,0.3241217369031182,0.0,0.05525613103641633,0.25909706240476127,0.04305440746288147,0.6425923990959409,0.0,0.0,1.0,0.19558930061525984,0.3608527322386855,0.12508730495323178,0.3184706621928226
59,0.4815293378071773,0.0,0.17932339443150824,131,28,0.0,0,0,50,0.19558930061525984,0.0,0.3608527322386855,0.2,0.12508730495323178,0.0,0.3184706621928226,0.8,0.4815293378071773,0.4815293378071773,0.0,0.0,0.2,0.0,0.8,0.1667141359990591,0.1667141359990591,0.0,0.11051226207283266,0.3181941248095225,0.08610881492576294,0.4851847981918818,0.3241217369031182,0.3241217369031182,0.0,0.05525613103641633,0.25909706240476127,0.04305440746288147,0.6425923990959409,0.0,0.0,1.0,0.19558930061525984,0.3608527322386855,0.12508730495323178,0.3184706621928226
60,0.4815293378071773,0.0,0.17932339443150824,127,28,0.0,0,1,60,0.19558930061525984,0.0,0.3608527322386855,0.2,0.12508730495323178,0.0,0.3184706621928226,0.8,0.4815293378071773,0.4815293378071773,0.0,0.0,0.2,0.0,0.8,0.19682338510508768,0.19682338510508768,0.0,0.14510122691267516,0.21451742083618264,0.14842963999130268,0.4919517122598395,0.3275051939370971,0.3275051939370971,0.0,0.07255061345633758,0.20725871041809132,0.07421481999565134,0.6459758561299198,0.0,0.0,1.0,0.19558930061525984,0.3608527322386855,0.12508730495323178,0.3184706621928226
61,0.4815293378071773,0.0,0.17932339443150824,137,28,0.0,0,0,60,0.19558930061525984,0.0,0.3608527322386855,0.2,0.12508730495323178,0.0,0.3184706621928226,0.8,0.4815293378071773,0.4815293378071773,0.0,0.0,0.2,0.0,0.8,0.19682338510508768,0.19682338510508768,0.0,0.14510122691267516,0.21451742083618264,0.14842963999130268,0.4919517122598395,0.3275051939370971,0.3275051939370971,0.0,0.07255061345633758,0.20725871041809132,0.07421481999565134,0.6459758561299198,0.0,0.0,1.0,0.19558930061525984,0.3608527322386855,0.12508730495323178,0.3184706621928226
62,0.4815293378071773,0.0,0.17932339443150824,115,28,0.0,0,0,60,0.19558930061525984,0.0,0.3608527322386855,0.2,0.12508730495323178,0.0,0.3184706621928226,0.8,0.4815293378071773,0.4815293378071773,0.0,0.0,0.2,0.0,0.8,0.19682338510508768,0.19682338510508768,0.0,0.14510122691267516,0.21451742083618264,0.14842963999130268,0.4919517122598395,0.3275051939370971,0.3275051939370971,0.0,0.07255061345633758,0.20725871041809132,0.07421481999565134,0.6459758561299198,0.0,0.0,1.0,0.19558930061525984,0.3608527322386855,0.12508730495323178,0.3184706621928226
63,0.4815293378071773,0.0,0.17932339443150824,125,28,0.0,0,0,60,0.19558930061525984,0.0,0.3608527322386855,0.2,0.12508730495323178,0.0,0.3184706621928226,0.8,0.4815293378071773,0.4815293378071773,0.0,0.0,0.2,0.0,0.8,0.19682338510508768,0.19682338510508768,0.0,0.14510122691267516,0.21451742083618264,0.14842963999130268,0.4919517122598395,0.3275051939370971,0.3275051939370971,0.0,0.07255061345633758,0.20725871041809132,0.07421481999565134,0.6459758561299198,0.0,0.0,1.0,0.19558930061525984,0.3608527322386855,0.12508730495323178,0.3184706621928226
64,0.4815293378071773,0.0,0.17932339443150824,127,28,0.0,0,0,60,0.19558930061525984,0.0,0.3608527322386855,0.2,0.12508730495323178,0.0,0.3184706621928226,0.8,0.4815293378071773,0.4815293378071773,0.0,0.0,0.2,0.0,0.8,0.19682338510508768,0.19682338510508768,0.0,0.14510122691267516,0.21451742083618264,0.14842963999130268,0.4919517122598395,0.3275051939370971,0.3275051939370971,0.0,0.07255061345633758,0.20725871041809132,0.07421481999565134,0.6459758561299198,0.0,0.0,1.0,0.19558930061525984,0.3608527322386855,0.12508730495323178,0.3184706621928226
65,0.4815293378071773,0.0,0.17932339443150824,120,28,0.0,0,0,60,0.19558930061525984,0.0,0.3608527322386855,0.2,0.12508730495323178,0.0,0.3184706621928226,0.8,0.4815293378071773,0.4815293378071773,0.0,0.0,0.2,0.0,0.8,0.19682338510508768,0.19682338510508768,0.0,0.14510122691267516,0.21451742083618264,0.14842963999130268,0.4919517122598395,0.3275051939370971,0.3275051939370971,0.0,0.07255061345633758,0.20725871041809132,0.07421481999565134,0.6459758561299198,0.0,0.0,1.0,0.19558930061525984,0.3608527322386855,0.12508730495323178,0.3184706621928226
66,0.4815293378071773,0.0,0.17932339443150824,126,28,0.0,0,0,60,0.19558930061525984,0.0,0.3608527322386855,0.2,0.12508730495323178,0.0,0.3184706621928226,0.8,0.4815293378071773,0.4815293378071773,0.0,0.0,0.2,0.0,0.8,0.19682338510508768,0.19682338510508768,0.0,0.14510122691267516,0.21451742083618264,0.14842963999130268,0.4919517122598395,0.3275051939370971,0.3275051939370971,0.0,0.07255061345633758,0.20725871041809132,0.07421481999565134,0.6459758561299198,0.0,0.0,1.0,0.19558930061525984,0.3608527322386855,0.12508730495323178,0.3184706621928226
67,0.4815293378071773,0.0,0.17932339443150824,113,28,0.0,0,0,60,0.19558930061525984,0.0,0.3608527322386855,0.2,0.12508730495323178,0.0,0.3184706621928226,0.8,0.4815293378071773,0.4815293378071773,0.0,0.0,0.2,0.0,0.8,0.19682338510508768,0.19682338510508768,0.0,0.14510122691267516,0.21451742083618264,0.14842963999130268,0.4919517122598395,0.3275051939370971,0.3275051939370971,0.0,0.07255061345633758,0.20725871041809132,0.07421481999565134,0.6459758561299198,0.0,0.0,1.0,0.19558930061525984,0.3608527322386855,0.12508730495323178,0.3184706621928226
68,0.4815293378071773,0.0,0.17932339443150824,141,28,0.0,0,0,60,0.19558930061525984,0.0,0.3608527322386855,0.2,0.12508730495323178,0.0,0.3184706621928226,0.8,0.4815293378071773,0.4815293378071773,0.0,0.0,0.2,0.0,0.8,0.19682338510508768,0.19682338510508768,0.0,0.14510122691267516,0.21451742083618264,0.14842963999130268,0.4919517122598395,0.3275051939370971,0.3275051939370971,0.0,0.07255061345633758,0.20725871041809132,0.07421481999565134,0.6459758561299198,0.0,0.0,1.0,0.19558930061525984,0.3608527322386855,0.12508730495323178,0.3184706621928226
69,0.4815293378071773,0.0,0.17932339443150824,140,28,0.0,0,0,60,0.19558930061525984,0.0,0.3608527322386855,0.2,0.12508730495323178,0.0,0.3184706621928226,0.8,0.4815293378071773,0.4815293378071773,0.0,0.0,0.2,0.0,0.8,0.19682338510508768,0.19682338510508768,0.0,0.14510122691267516,0.21451742083618264,0.14842963999130268,0.4919517122598395,0.3275051939370971,0.3275051939370971,0.0,0.07255061345633758,0.20725871041809132,0.07421481999565134,0.6459758561299198,0.0,0.0,1.0,0.19558930061525984,0.3608527322386855,0.12508730495323178,0.3184706621928226
70,0.4815293378071773,0.0,0.17932339443150824,126,28,0.0,0,1,70,0.19558930061525984,0.0,0.3608527322386855,0.2,0.12508730495323178,0.0,0.3184706621928226,0.8,0.4815293378071773,0.4815293378071773,0.0,0.0,0.2,0.0,0.8,0.147469204215067,0.147469204215067,0.0,0.15671856347480967,0.25225426516406874,0.1270107342314696,0.46401643712965185,0.3135375563720032,0.3135375563720032,0.0,0.07835928173740483,0.22612713258203437,0.0635053671157348,0.6320082185648259,0.0,0.0,1.0,0.19558930061525984,0.3608527322386855,0.12508730495323178,0.3184706621928226
71,0.4815293378071773,0.0,0.17932339443150824,145,28,0.0,0,0,70,0.19558930061525984,0.0,0.3608527322386855,0.2,0.12508730495323178,0.0,0.3184706621928226,0.8,0.4815293378071773,0.4815293378071773,0.0,0.0,0.2,0.0,0.8,0.147469204215067,0.147469204215067,0.0,0.15671856347480967,0.25225426516406874,0.1270107342314696,0.46401643712965185,0.3135375563720032,0.3135375563720032,0.0,0.07835928173740483,0.22612713258203437,0.0635053671157348,0.6320082185648259,0.0,0.0,1.0,0.19558930061525984,0.3608527322386855,0.12508730495323178,0.3184706621928226
72,0.4815293378071773,0.0,0.17932339443150824,134,28,0.0,0,0,70,0.19558930061525984,0.0,0.3608527322386855,0.2,0.12508730495323178,0.0,0.3184706621928226,0.8,0.4815293378071773,0.4815293378071773,0.0,0.0,0.2,0.0,0.8,0.147469204215067,0.147469204215067,0.0,0.15671856347480967,0.25225426516406874,0.1270107342314696,0.46401643712965185,0.3135375563720032,0.3135375563720032,0.0,0.07835928173740483,0.22612713258203437,0.0635053671157348,0.6320082185648259,0.0,0.0,1.0,0.19558930061525984,0.3608527322386855,0.12508730495323178,0.3184706621928226
73,0.4815293378071773,0.0,0.17932339443150824,132,28,0.0,0,0,70,0.19558930061525984,0.0,0.3608527322386855,0.2,0.12508730495323178,0.0,0.3184706621928226,0.8,0.4815293378071773,0.4815293378071773,0.0,0.0,0.2,0.0,0.8,0.147469204215067,0.147469204215067,0.0,0.15671856347480967,0.25225426516406874,0.1270107342314696,0.46401643712965185,0.3135375563720032,0.3135375563720032,0.0,0.07835928173740483,0.22612713258203437,0.0635053671157348,0.6320082185648259,0.0,0.0,1.0,0.19558930061525984,0.3608527322386855,0.12508730495323178,0.3184706621928226
74,0.4815293378071773,0.0,0.17932339443150824,127,28,0.0,0,0,70,0.19558930061525984,0.0,0.3608527322386855,0.2,0.12508730495323178,0.0,0.3184706621928226,0.8,0.4815293378071773,0.4815293378071773,0.0,0.0,0.2,0.0,0.8,0.147469204215067,0.147469204215067,0.0,0.15671856347480967,0.25225426516406874,0.1270107342314696,0.46401643712965185,0.3135375563720032,0.3135375563720032,0.0,0.07835928173740483,0.22612713258203437,0.0635053671157348,0.6320082185648259,0.0,0.0,1.0,0.19558930061525984,0.3608527322386855,0.12508730495323178,0.3184706621928226
75,0.4815293378071773,0.0,0.17932339443150824,126,28,0.0,0,0,70,0.19558930061525984,0.0,0.3608527322386855,0.2,0.12508730495323178,0.0,0.3184706621928226,0.8,0.4815293378071773,0.4815293378071773,0.0,0.0,0.2,0.0,0.8,0.147469204215067,0.147469204215067,0.0,0.15671856347480967,0.25225426516406874,0.1270107342314696,0.46401643712965185,0.3135375563720032,0.3135375563720032,0.0,0.07835928173740483,0.22612713258203437,0.0635053671157348,0.6320082185648259,0.0,0.0,1.0,0.19558930061525984,0.3608527322386855,0.12508730495323178,0.3184706621928226
76,0.4815293378071773,0.0,0.17932339443150824,124,28,0.0,0,0,70,0.19558930061525984,0.0,0.3608527322386855,0.2,0.12508730495323178,0.0,0.3184706621928226,0.8,0.4815293378071773,0.4815293378071773,0.0,0.0,0.2,0.0,0.8,0.147469204215067,0.147469204215067,0.0,0.15671856347480967,0.25225426516406874,0.1270107342314696,0.46401643712965185,0.3135375563720032,0.3135375563720032,0.0,0.07835928173740483,0.22612713258203437,0.0635053671157348,0.6320082185648259,0.0,0.0,1.0,0.19558930061525984,0.3608527322386855,0.12508730495323178,0.3184706621928226
77,0.4815293378071773,0.0,0.17932339443150824,109,28,0.0,0,0,70,0.19558930061525984,0.0,0.3608527322386855,0.2,0.12508730495323178,0.0,0.3184706621928226,0.8,0.4815293378071773,0.4815293378071773,0.0,0.0,0.2,0.0,0.8,0.147469204215067,0.147469204215067,0.0,0.15671856347480967,0.25225426516406874,0.1270107342314696,0.46401643712965185,0.3135375563720032,0.3135375563720032,0.0,0.07835928173740483,0.22612713258203437,0.0635053671157348,0.6320082185648259,0.0,0.0,1.0,0.19558930061525984,0.3608527322386855,0.12508730495323178,0.3184706621928226
78,0.4815293378071773,0.0,0.17932339443150824,130,28,0.0,0,0,70,0.19558930061525984,0.0,0.3608527322386855,0.2,0.12508730495323178,0.0,0.3184706621928226,0.8,0.4815293378071773,0.4815293378071773,0.0,0.0,0.2,0.0,0.8,0.147469204215067,0.147469204215067,0.0,0.15671856347480967,0.25225426516406874,0.1270107342314696,0.46401643712965185,0.3135375563720032,0.3135375563720032,0.0,0.07835928173740483,0.22612713258203437,0.0635053671157348,0.6320082185648259,0.0,0.0,1.0,0.19558930061525984,0.3608527322386855,0.12508730495323178,0.3184706621928226
79,0.4815293378071773,0.0,0.17932339443150824,132,28,0.0,0,0,70,0.19558930061525984,0.0,0.3608527322386855,0.2,0.12508730495323178,0.0,0.3184706621928226,0.8,0.4815293378071773,0.4815293378071773,0.0,0.0,0.2,0.0,0.8,0.147469204215067,0.147469204215067,0.0,0.15671856347480967,0.25225426516406874,0.1270107342314696,0.46401643712965185,0.3135375563720032,0.3135375563720032,0.0,0.07835928173740483,0.22612713258203437,0.0635053671157348,0.6320082185648259,0.0,0.0,1.0,0.19558930061525984,0.3608527322386855,0.12508730495323178,0.3184706621928226
80,0.4815293378071773,0.0,0.17932339443150824,128,28,0.0,0,1,80,0.19558930061525984,0.0,0.3608527322386855,0.2,0.12508730495323178,0.0,0.3184706621928226,0.8,0.4815293378071773,0.4815293378071773,0.0,0.0,0.2,0.0,0.8,0.11642499267161585,0.11642499267161585,0.0,0.23849125031780305,0.2537198247492824,0.11579521977101921,0.3919937051618954,0.277526190388125,0.277526190388125,0.0,0.11924562515890152,0.2268599123746412,0.057897609885509606,0.5959968525809477,0.0,0.0,1.0,0.19558930061525984,0.3608527322386855,0.12508730495323178,0.3184706621928226
81,0.4815293378071773,0.0,0.17932339443150824,121,28,0.0,0,0,80,0.19558930061525984,0.0,0.3608527322386855,0.2,0.12508730495323178,0.0,0.3184706621928226,0.8,0.4815293378071773,0.4815293378071773,0.0,0.0,0.2,0.0,0.8,0.11642499267161585,0.11642499267161585,0.0,0.23849125031780305,0.2537198247492824,0.11579521977101921,0.3919937051618954,0.277526190388125,0.277526190388125,0.0,0.11924562515890152,0.2268599123746412,0.057897609885509606,0.5959968525809477,0.0,0.0,1.0,0.19558930061525984,0.3608527322386855,0.12508730495323178,0.3184706621928226
82,0.4815293378071773,0.0,0.17932339443150824,149,28,0.0,0,0,80,0.19558930061525984,0.0,0.3608527322386855,0.2,0.12508730495323178,0.0,0.3184706621928226,0.8,0.4815293378071773,0.4815293378071773,0.0,0.0,0.2,0.0,0.8,0.11642499267161585,0.11642499267161585,0.0,0.23849125031780305,0.2537198247492824,0.11579521977101921,0.3919937051618954,0.277526190388125,0.277526190388125,0.0,0.11924562515890152,0.2268599123746412,0.057897609885509606,0.5959968525809477,0.0,0.0,1.0,0.19558930061525984,0.3608527322386855,0.12508730495323178,0.3184706621928226
83,0.4815293378071773,0.0,0.17932339443150824,137,28,0.0,0,0,80,0.19558930061525984,0.0,0.3608527322386855,0.2,0.12508730495323178,0.0,0.3184706621928226,0.8,0.4815293378071773,0.4815293378071773,0.0,0.0,0.2,0.0,0.8,0.11642499267161585,0.11642499267161585,0.0,0.23849125031780305,0.2537198247492824,0.11579521977101921,0.3919937051618954,0.277526190388125,0.277526190388125,0.0,0.11924562515890152,0.2268599123746412,0.057897609885509606,0.5959968525809477,0.0,0.0,1.0,0.19558930061525984,0.3608527322386855,0.12508730495323178,0.3184706621928226
84,0.4815293378071773,0.0,0.17932339443150824,134,28,0.0,0,0,80,0.19558930061525984,0.0,0.3608527322386855,0.2,0.12508730495323178,0.0,0.3184706621928226,0.8,0.4815293378071773,0.4815293378071773,0.0,0.0,0.2,0.0,0.8,0.11642499267161585,0.11642499267161585,0.0,0.23849125031780305,0.2537198247492824,0.11579521977101921,0.3919937051618954,0.277526190388125,0.277526190388125,0.0,0.11924562515890152,0.2268599123746412,0.057897609885509606,0.5959968525809477,0.0,0.0,1.0,0.19558930061525984,0.3608527322386855,0.12508730495323178,0.3184706621928226
85,0.4815293378071773,0.0,0.17932339443150824,120,28,0.0,0,0,80,0.19558930061525984,0.0,0.3608527322386855,0.2,0.12508730495323178,0.0,0.3184706621928226,0.8,0.4815293378071773,0.4815293378071773,0.0,0.0,0.2,0.0,0.8,0.11642499267161585,0.11642499267161585,0.0,0.23849125031780305,0.2537198247492824,0.11579521977101921,0.3919937051618954,0.277526190388125,0.277526190388125,0.0,0.11924562515890152,0.2268599123746412,0.057897609885509606,0.5959968525809477,0.0,0.0,1.0,0.19558930061525984,0.3608527322386855,0.12508730495323178,0.3184706621928226
86,0.4815293378071773,0.0,0.17932339443150824,145,28,0.0,0,0,80,0.19558930061525984,0.0,0.3608527322386855,0.2,0.12508730495323178,0.0,0.3184706621928226,0.8,0.4815293378071773,0.4815293378071773,0.0,0.0,0.2,0.0,0.8,0.11642499267161585,0.11642499267161585,0.0,0.23849125031780305,0.2537198247492824,0.11579521977101921,0.3919937051618954,0.277526190388125,0.277526190388125,0.0,0.11924562515890152,0.2268599123746412,0.057897609885509606,0.5959968525809477,0.0,0.0,1.0,0.19558930061525984,0.3608527322386855,0.12508730495323178,0.3184706621928226
87,0.4815293378071773,0.0,0.17932339443150824,149,28,0.0,0,0,80,0.19558930061525984,0.0,0.3608527322386855,0.2,0.12508730495323178,0.0,0.3184706621928226,0.8,0.4815293378071773,0.4815293378071773,0.0,0.0,0.2,0.0,0.8,0.11642499267161585,0.11642499267161585,0.0,0.23849125031780305,0.2537198247492824,0.11579521977101921,0.3919937051618954,0.277526190388125,0.277526190388125,0.0,0.11924562515890152,0.2268599123746412,0.057897609885509606,0.5959968525809477,0.0,0.0,1.0,0.19558930061525984,0.3608527322386855,0.12508730495323178,0.3184706621928226
88,0.4815293378071773,0.0,0.17932339443150824,128,28,0.0,0,0,80,0.19558930061525984,0.0,0.3608527322386855,0.2,0.12508730495323178,0.0,0.3184706621928226,0.8,0.4815293378071773,0.4815293378071773,0.0,0.0,0.2,0.0,0.8,0.11642499267161585,0.11642499267161585,0.0,0.23849125031780305,0.2537198247492824,0.11579521977101921,0.3919937051618954,0.277526190388125,0.277526190388125,0.0,0.11924562515890152,0.2268599123746412,0.057897609885509606,0.5959968525809477,0.0,0.0,1.0,0.19558930061525984,0.3608527322386855,0.12508730495323178,0.3184706621928226
89,0.4815293378071773,0.0,0.17932339443150824,133,28,0.0,0,0,80,0.19558930061525984,0.0,0.3608527322386855,0.2,0.12508730495323178,0.0,0.3184706621928226,0.8,0.4815293378071773,0.4815293378071773,0.0,0.0,0.2,0.0,0.8,0.11642499267161585,0.11642499267161585,0.0,0.23849125031780305,0.2537198247492824,0.11579521977101921,0.3919937051618954,0.277526190388125,0.277526190388125,0.0,0.11924562515890152,0.2268599123746412,0.057897609885509606,0.5959968525809477,0.0,0.0,1.0,0.19558930061525984,0.3608527322386855,0.12508730495323178,0.3184706621928226
90,0.4815293378071773,0.0,0.17932339443150824,126,22,0.0,0,1,90,0.19558930061525984,0.0,0.3608527322386855,0.2,0.12508730495323178,0.0,0.3184706621928226,0.8,0.4815293378071773,0.4815293378071773,0.0,0.0,0.2,0.0,0.8,0.1704201801968187,0.1704201801968187,0.0,0.16090136442906736,0.22512048822805944,0.14397190614863412,0.4700062411942391,0.31653245840429683,0.31653245840429683,0.0,0.08045068221453368,0.21256024411402974,0.07198595307431706,0.6350031205971196,0.0,0.0,1.0,0.19558930061525984,0.3608527322386855,0.12508730495323178,0.3184706621928226
91,0.4815293378071773,0.0,0.17932339443150824,135,22,0.0,0,0,90,0.19558930061525984,0.0,0.3608527322386855,0.2,0.12508730495323178,0.0,0.3184706621928226,0.8,0.4815293378071773,0.4815293378071773,0.0,0.0,0.2,0.0,0.8,0.1704201801968187,0.1704201801968187,0.0,0.16090136442906736,0.22512048822805944,0.14397190614863412,0.4700062411942391,0.31653245840429683,0.31653245840429683,0.0,0.08045068221453368,0.21256024411402974,0.07198595307431706,0.6350031205971196,0.0,0.0,1.0,0.19558930061525984,0.3608527322386855,0.12508730495323178,0.3184706621928226
92,0.4815293378071773,0.0,0.17932339443150824,123,22,0.0,0,0,90,0.19558930061525984,0.0,0.3608527322386855,0.2,0.12508730495323178,0.0,0.3184706621928226,0.8,0.4815293378071773,0.4815293378071773,0.0,0.0,0.2,0.0,0.8,0.1704201801968187,0.1704201801968187,0.0,0.16090136442906736,0.22512048822805944,0.14397190614863412,0.4700062411942391,0.31653245840429683,0.31653245840429683,0.0,0.08045068221453368,0.21256024411402974,0.07198595307431706,0.6350031205971196,0.0,0.0,1.0,0.19558930061525984,0.3608527322386855,0.12508730495323178,0.3184706621928226
93,0.4815293378071773,0.0,0.17932339443150824,119,22,0.0,0,0,90,0.19558930061525984,0.0,0.3608527322386855,0.2,0.12508730495323178,0.0,0.3184706621928226,0.8,0.4815293378071773,0.4815293378071773,0.0,0.0,0.2,0.0,0.8,0.1704201801968187,0.1704201801968187,0.0,0.16090136442906736,0.22512048822805944,0.14397190614863412,0.4700062411942391,0.31653245840429683,0.31653245840429683,0.0,0.08045068221453368,0.21256024411402974,0.07198595307431706,0.6350031205971196,0.0,0.0,1.0,0.19558930061525984,0.3608527322386855,0.12508730495323178,0.3184706621928226
94,0.4815293378071773,0.0,0.17932339443150824,120,22,0.0,0,0,90,0.19558930061525984,0.0,0.3608527322386855,0.2,0.12508730495323178,0.0,0.3184706621928226,0.8,0.4815293378071773,0.4815293378071773,0.0,0.0,0.2,0.0,0.8,0.1704201801968187,0.1704201801968187,0.0,0.16090136442906736,0.22512048822805944,0.14397190614863412,0.4700062411942391,0.31653245840429683,0.31653245840429683,0.0,0.08045068221453368,0.21256024411402974,0.07198595307431706,0.6350031205971196,0.0,0.0,1.0,0.19558930061525984,0.3608527322386855,0.12508730495323178,0.3184706621928226
95,0.4815293378071773,0.0,0.17932339443150824,138,22,0.0,0,0,90,0.19558930061525984,0.0,0.3608527322386855,0.2,0.12508730495323178,0.0,0.3184706621928226,0.8,0.4815293378071773,0.4815293378071773,0.0,0.0,0.2,0.0,0.8,0.1704201801968187,0.1704201801968187,0.0,0.16090136442906736,0.22512048822805944,0.14397190614863412,0.4700062411942391,0.31653245840429683,0.31653245840429683,0.0,0.08045068221453368,0.21256024411402974,0.07198595307431706,0.6350031205971196,0.0,0.0,1.0,0.19558930061525984,0.3608527322386855,0.12508730495323178,0.3184706621928226
96,0.4815293378071773,0.0,0.17932339443150824,133,22,0.0,0,0,90,0.19558930061525984,0.0,0.3608527322386855,0.2,0.12508730495323178,0.0,0.3184706621928226,0.8,0.4815293378071773,0.4815293378071773,0.0,0.0,0.2,0.0,0.8,0.1704201801968187,0.1704201801968187,0.0,0.16090136442906736,0.22512048822805944,0.14397190614863412,0.4700062411942391,0.31653245840429683,0.31653245840429683,0.0,0.08045068221453368,0.21256024411402974,0.07198595307431706,0.6350031205971196,0.0,0.0,1.0,0.19558930061525984,0.3608527322386855,0.12508730495323178,0.3184706621928226
97,0.4815293378071773,0.0,0.17932339443150824,139,22,0.0,0,0,90,0.19558930061525984,0.0,0.3608527322386855,0.2,0.12508730495323178,0.0,0.3184706621928226,0.8,0.4815293378071773,0.4815293378071773,0.0,0.0,0.2,0.0,0.8,0.1704201801968187,0.1704201801968187,0.0,0.16090136442906736,0.22512048822805944,0.14397190614863412,0.4700062411942391,0.31653245840429683,0.31653245840429683,0.0,0.08045068221453368,0.21256024411402974,0.07198595307431706,0.6350031205971196,0.0,0.0,1.0,0.19558930061525984,0.3608527322386855,0.12508730495323178,0.3184706621928226
98,0.4815293378071773,0.0,0.17932339443150824,129,22,0.0,0,0,90,0.19558930061525984,0.0,0.3608527322386855,0.2,0.12508730495323178,0.0,0.3184706621928226,0.8,0.4815293378071773,0.4815293378071773,0.0,0.0,0.2,0.0,0.8,0.1704201801968187,0.1704201801968187,0.0,0.16090136442906736,0.22512048822805944,0.14397190614863412,0.4700062411942391,0.31653245840429683,0.31653245840429683,0.0,0.08045068221453368,0.21256024411402974,0.07198595307431706,0.6350031205971196,0.0,0.0,1.0,0.19558930061525984,0.3608527322386855,0.12508730495323178,0.3184706621928226
99,0.4815293378071773,0.0,0.17932339443150824,137,22,0.0,0,0,90,0.19558930061525984,0.0,0.3608527322386855,0.2,0.12508730495323178,0.0,0.3184706621928226,0.8,0.4815293378071773,0.4815293378071773,0.0,0.0,0.2,0.0,0.8,0.1704201801968187,0.1704201801968187,0.0,0.16090136442906736,0.22512048822805944,0.14397190614863412,0.4700062411942391,0.31653245840429683,0.31653245840429683,0.0,0.08045068221453368,0.21256024411402974,0.07198595307431706,0.6350031205971196,0.0,0.0,1.0,0.19558930061525984,0.3608527322386855,0.12508730495323178,0.3184706621928226
100,0.5564420328539454,0.0,0.17932339443150824,74,4,0.0,0,1,100,0.19558930061525984,0.0,0.3608527322386855,0.0,0.12508730495323178,0.5,0.3184706621928226,0.5,0.4694081256859651,0.4694081256859651,0.0,0.0,0.1919191919191919,0.020202020202020204,0.7878787878787878,0.14193558604738604,0.14193558604738604,0.0,0.125531522314246,0.3042498381770032,0.10981239126854205,0.46040624824020876,0.30567185586667556,0.30567185586667556,0.0,0.062765761157123,0.24808451504809753,0.06500720573528113,0.6241425180594983,0.0,0.0,1.0,0.19558930061525984,0.3608527322386855,0.12508730495323178,0.3184706621928226
101,0.44644203285394546,0.0,0.17932339443150824,113,8,0.0,0,0,100,0.19558930061525984,0.0,0.3608527322386855,0.11,0.12508730495323178,0.4,0.3184706621928226,0.49,0.4694081256859651,0.4694081256859651,0.0,0.0,0.1919191919191919,0.020202020202020204,0.7878787878787878,0.14193558604738604,0.14193558604738604,0.0,0.125531522314246,0.3042498381770032,0.10981239126854205,0.46040624824020876,0.30567185586667556,0.30567185586667556,0.0,0.062765761157123,0.24808451504809753,0.06500720573528113,0.6241425180594983,0.0,0.0,1.0,0.19558930061525984,0.3608527322386855,0.12508730495323178,0.3184706621928226
102,0.4264420328539455,0.0,0.17932339443150824,143,12,0.0,0,0,100,0.19558930061525984,0.0,0.3608527322386855,0.13,0.12508730495323178,0.2866666666666667,0.3184706621928226,0.5833333333333334,0.4694081256859651,0.4694081256859651,0.0,0.0,0.1919191919191919,0.020202020202020204,0.7878787878787878,0.14193558604738604,0.14193558604738604,0.0,0.125531522314246,0.3042498381770032,0.10981239126854205,0.46040624824020876,0.30567185586667556,0.30567185586667556,0.0,0.062765761157123,0.24808451504809753,0.06500720573528113,0.6241425180594983,0.0,0.0,1.0,0.19558930061525984,0.3608527322386855,0.12508730495323178,0.3184706621928226
103,0.41144203285394554,0.0,0.17932339443150824,131,12,0.0,0,0,100,0.19558930061525984,0.0,0.3608527322386855,0.145,0.12508730495323178,0.21833333333333332,0.3184706621928226,0.6366666666666667,0.4694081256859651,0.4694081256859651,0.0,0.0,0.1919191919191919,0.020202020202020204,0.7878787878787878,0.14193558604738604,0.14193558604738604,0.0,0.125531522314246,0.3042498381770032,0.10981239126854205,0.46040624824020876,0.30567185586667556,0.30567185586667556,0.0,0.062765761157123,0.24808451504809753,0.06500720573528113,0.6241425180594983,0.0,0.0,1.0,0.19558930061525984,0.3608527322386855,0.12508730495323178,0.3184706621928226
104,0.42144203285394544,0.0,0.17932339443150824,137,12,0.0,0,0,100,0.19558930061525984,0.0,0.3608527322386855,0.135,0.12508730495323178,0.20833333333333334,0.3184706621928226,0.6566666666666666,0.4694081256859651,0.4694081256859651,0.0,0.0,0.1919191919191919,0.020202020202020204,0.7878787878787878,0.14193558604738604,0.14193558604738604,0.0,0.125531522314246,0.3042498381770032,0.10981239126854205,0.46040624824020876,0.30567185586667556,0.30567185586667556,0.0,0.062765761157123,0.24808451504809753,0.06500720573528113,0.6241425180594983,0.0,0.0,1.0,0.19558930061525984,0.3608527322386855,0.12508730495323178,0.3184706621928226
105,0.44644203285394546,0.0,0.17932339443150824,134,12,0.0,0,0,100,0.19558930061525984,0.0,0.3608527322386855,0.11,0.12508730495323178,0.20833333333333334,0.3184706621928226,0.6816666666666666,0.4694081256859651,0.4694081256859651,0.0,0.0,0.1919191919191919,0.020202020202020204,0.7878787878787878,0.14193558604738604,0.14193558604738604,0.0,0.125531522314246,0.3042498381770032,0.10981239126854205,0.46040624824020876,0.30567185586667556,0.30567185586667556,0.0,0.062765761157123,0.24808451504809753,0.06500720573528113,0.6241425180594983,0.0,0.0,1.0,0.19558930061525984,0.3608527322386855,0.12508730495323178,0.3184706621928226
106,0.44977536618727876,0.0,0.17932339443150824,141,12,0.0,0,0,100,0.19558930061525984,0.0,0.3608527322386855,0.10666666666666667,0.12508730495323178,0.20333333333333334,0.3184706621928226,0.69,0.4694081256859651,0.4694081256859651,0.0,0.0,0.1919191919191919,0.020202020202020204,0.7878787878787878,0.14193558604738604,0.14193558604738604,0.0,0.125531522314246,0.3042498381770032,0.10981239126854205,0.46040624824020876,0.30567185586667556,0.30567185586667556,0.0,0.062765761157123,0.24808451504809753,0.06500720573528113,0.6241425180594983,0.0,0.0,1.0,0.19558930061525984,0.3608527322386855,0.12508730495323178,0.3184706621928226
107,0.44644203285394546,0.0,0.17932339443150824,123,12,0.0,0,0,100,0.19558930061525984,0.0,0.3608527322386855,0.11,0.12508730495323178,0.19666666666666666,0.3184706621928226,0.6933333333333334,0.4694081256859651,0.4694081256859651,0.0,0.0,0.1919191919191919,0.020202020202020204,0.7878787878787878,0.14193558604738604,0.14193558604738604,0.0,0.125531522314246,0.3042498381770032,0.10981239126854205,0.46040624824020876,0.30567185586667556,0.30567185586667556,0.0,0.062765761157123,0.24808451504809753,0.06500720573528113,0.6241425180594983,0.0,0.0,1.0,0.19558930061525984,0.3608527322386855,0.12508730495323178,0.3184706621928226
108,0.45310869952061217,0.0,0.17932339443150824,150,12,0.0,0,0,100,0.19558930061525984,0.0,0.3608527322386855,0.10333333333333333,0.12508730495323178,0.195,0.3184706621928226,0.7016666666666667,0.4694081256859651,0.4694081256859651,0.0,0.0,0.1919191919191919,0.020202020202020204,0.7878787878787878,0.14193558604738604,0.14193558604738604,0.0,0.125531522314246,0.3042498381770032,0.10981239126854205,0.46040624824020876,0.30567185586667556,0.30567185586667556,0.0,0.062765761157123,0.24808451504809753,0.06500720573528113,0.6241425180594983,0.0,0.0,1.0,0.19558930061525984,0.3608527322386855,0.12508730495323178,0.3184706621928226
109,0.45144203285394546,0.0,0.17932339443150824,153,12,0.0,0,0,100,0.19558930061525984,0.0,0.3608527322386855,0.105,0.12508730495323178,0.185,0.3184706621928226,0.71,0.4694081256859651,0.4694081256859651,0.0,0.0,0.1919191919191919,0.020202020202020204,0.7878787878787878,0.14193558604738604,0.14193558604738604,0.0,0.125531522314246,0.3042498381770032,0.10981239126854205,0.46040624824020876,0.30567185586667556,0.30567185586667556,0.0,0.062765761157123,0.24808451504809753,0.06500720573528113,0.6241425180594983,0.0,0.0,1.0,0.19558930061525984,0.3608527322386855,0.12508730495323178,0.3184706621928226
110,0.4547753661872788,0.0,0.17932339443150824,112,12,0.0,0,1,110,0.19558930061525984,0.0,0.3608527322386855,0.10166666666666667,0.12508730495323178,0.18166666666666667,0.3184706621928226,0.7166666666666667,0.4071154335273462,0.4071154335273462,0.0,0.0,0.14932659932659934,0.13552188552188552,0.7151515151515152,0.23435579927564054,0.23435579927564054,0.0,0.13357923583476455,0.2174471767959089,0.09614712590086327,0.5528264614684633,0.31551832611716646,0.31551832611716646,0.0,0.06678961791738228,0.1833868880612541,0.1158345057113744,0.6339889883099892,0.0,0.0,1.0,0.19558930061525984,0.3608527322386855,0.12508730495323178,0.3184706621928226
111,0.4497753661872788,0.0,0.17932339443150824,133,12,0.0,0,0,110,0.19558930061525984,0.0,0.3608527322386855,0.10666666666666667,0.12508730495323178,0.17166666666666666,0.3184706621928226,0.7216666666666667,0.4071154335273462,0.4071154335273462,0.0,0.0,0.14932659932659934,0.13552188552188552,0.7151515151515152,0.23435579927564054,0.23435579927564054,0.0,0.13357923583476455,0.2174471767959089,0.09614712590086327,0.5528264614684633,0.31551832611716646,0.31551832611716646,0.0,0.06678961791738228,0.1833868880612541,0.1158345057113744,0.6339889883099892,0.0,0.0,1.0,0.19558930061525984,0.3608527322386855,0.12508730495323178,0.3184706621928226
112,0.43977536618727886,0.0,0.17932339443150824,149,12,0.0,0,0,110,0.19558930061525984,0.0,0.3608527322386855,0.11666666666666667,0.12508730495323178,0.165,0.3184706621928226,0.7183333333333334,0.4071154335273462,0.4071154335273462,0.0,0.0,0.14932659932659934,0.13552188552188552,0.7151515151515152,0.23435579927564054,0.23435579927564054,0.0,0.13357923583476455,0.2174471767959089,0.09614712590086327,0.5528264614684633,0.31551832611716646,0.31551832611716646,0.0,0.06678961791738228,0.1833868880612541,0.1158345057113744,0.6339889883099892,0.0,0.0,1.0,0.19558930061525984,0.3608527322386855,0.12508730495323178,0.3184706621928226
113,0.44310869952061216,0.0,0.17932339443150824,140,12,0.0,0,0,110,0.19558930061525984,0.0,0.3608527322386855,0.11333333333333333,0.12508730495323178,0.16333333333333333,0.3184706621928226,0.7233333333333334,0.4071154335273462,0.4071154335273462,0.0,0.0,0.14932659932659934,0.13552188552188552,0.7151515151515152,0.23435579927564054,0.23435579927564054,0.0,0.13357923583476455,0.2174471767959089,0.09614712590086327,0.5528264614684633,0.31551832611716646,0.31551832611716646,0.0,0.06678961791738228,0.1833868880612541,0.1158345057113744,0.6339889883099892,0.0,0.0,1.0,0.19558930061525984,0.3608527322386855,0.12508730495323178,0.3184706621928226
114,0.44644203285394546,0.0,0.17932339443150824,131,12,0.0,0,0,110,0.19558930061525984,0.0,0.3608527322386855,0.11,0.12508730495323178,0.165,0.3184706621928226,0.725,0.4071154335273462,0.4071154335273462,0.0,0.0,0.14932659932659934,0.13552188552188552,0.7151515151515152,0.23435579927564054,0.23435579927564054,0.0,0.13357923583476455,0.2174471767959089,0.09614712590086327,0.5528264614684633,0.31551832611716646,0.31551832611716646,0.0,0.06678961791738228,0.1833868880612541,0.1158345057113744,0.6339889883099892,0.0,0.0,1.0,0.19558930061525984,0.3608527322386855,0.12508730495323178,0.3184706621928226
115,0.44477536618727886,0.0,0.17932339443150824,139,12,0.0,0,0,110,0.19558930061525984,0.0,0.3608527322386855,0.11166666666666666,0.12508730495323178,0.15666666666666668,0.3184706621928226,0.7316666666666667,0.4071154335273462,0.4071154335273462,0.0,0.0,0.14932659932659934,0.13552188552188552,0.7151515151515152,0.23435579927564054,0.23435579927564054,0.0,0.13357923583476455,0.2174471767959089,0.09614712590086327,0.5528264614684633,0.31551832611716646,0.31551832611716646,0.0,0.06678961791738228,0.1833868880612541,0.1158345057113744,0.6339889883099892,0.0,0.0,1.0,0.19558930061525984,0.3608527322386855,0.12508730495323178,0.3184706621928226
116,0.4397753661872788,0.0,0.17932339443150824,143,12,0.0,0,0,110,0.19558930061525984,0.0,0.3608527322386855,0.11666666666666667,0.12508730495323178,0.145,0.3184706621928226,0.7383333333333333,0.4071154335273462,0.4071154335273462,0.0,0.0,0.14932659932659934,0.13552188552188552,0.7151515151515152,0.23435579927564054,0.23435579927564054,0.0,0.13357923583476455,0.2174471767959089,0.09614712590086327,0.5528264614684633,0.31551832611716646,0.31551832611716646,0.0,0.06678961791738228,0.1833868880612541,0.1158345057113744,0.6339889883099892,0.0,0.0,1.0,0.19558930061525984,0.3608527322386855,0.12508730495323178,0.3184706621928226
117,0.44144203285394545,0.0,0.17932339443150824,140,12,0.0,0,0,110,0.19558930061525984,0.0,0.3608527322386855,0.115,0.12508730495323178,0.13166666666666665,0.3184706621928226,0.7533333333333333,0.4071154335273462,0.4071154335273462,0.0,0.0,0.14932659932659934,0.13552188552188552,0.7151515151515152,0.23435579927564054,0.23435579927564054,0.0,0.13357923583476455,0.2174471767959089,0.09614712590086327,0.5528264614684633,0.31551832611716646,0.31551832611716646,0.0,0.06678961791738228,0.1833868880612541,0.1158345057113744,0.6339889883099892,0.0,0.0,1.0,0.19558930061525984,0.3608527322386855,0.12508730495323178,0.3184706621928226
118,0.44144203285394545,0.0,0.17932339443150824,138,12,0.0,0,0,110,0.19558930061525984,0.0,0.3608527322386855,0.115,0.12508730495323178,0.13,0.3184706621928226,0.755,0.4071154335273462,0.4071154335273462,0.0,0.0,0.14932659932659934,0.13552188552188552,0.7151515151515152,0.23435579927564054,0.23435579927564054,0.0,0.13357923583476455,0.2174471767959089,0.09614712590086327,0.5528264614684633,0.31551832611716646,0.31551832611716646,0.0,0.06678961791738228,0.1833868880612541,0.1158345057113744,0.6339889883099892,0.0,0.0,1.0,0.19558930061525984,0.3608527322386855,0.12508730495323178,0.3184706621928226
119,0.4398626711405106,0.0,0.17932339443150824,123,12,0.0,0,0,110,0.19558930061525984,0.0,0.3608527322386855,0.12166666666666667,0.12508730495323178,0.12,0.3184706621928226,0.7583333333333333,0.4071154335273462,0.4071154335273462,0.0,0.0,0.14932659932659934,0.13552188552188552,0.7151515151515152,0.23435579927564054,0.23435579927564054,0.0,0.13357923583476455,0.2174471767959089,0.09614712590086327,0.5528264614684633,0.31551832611716646,0.31551832611716646,0.0,0.06678961791738228,0.1833868880612541,0.1158345057113744,0.6339889883099892,0.0,0.0,1.0,0.19558930061525984,0.3608527322386855,0.12508730495323178,0.3184706621928226
120,0.44319600447384394,0.0,0.17932339443150824,155,12,0.0,0,1,120,0.19558930061525984,0.0,0.3608527322386855,0.12666666666666668,0.12508730495323178,0.11166666666666666,0.3184706621928226,0.7616666666666667,0.4409420328539455,0.4409420328539455,0.0,0.0,0.1155,0.18716666666666668,0.6973333333333334,0.2408107903729983,0.2408107903729983,0.0,0.11265317678687631,0.26749853078078195,0.06056683986652065,0.559281452565821,0.30983673075675444,0.30983673075675444,0.0,0.056326588393438154,0.19149926539039097,0.12386675326659366,0.6283073929495772,0.0,0.0,1.0,0.19558930061525984,0.3608527322386855,0.12508730495323178,0.3184706621928226
121,0.44819600447384395,0.0,0.17932339443150824,146,12,0.0,0,0,120,0.19558930061525984,0.0,0.3608527322386855,0.13,0.12508730495323178,0.10333333333333333,0.3184706621928226,0.7666666666666667,0.4409420328539455,0.4409420328539455,0.0,0.0,0.1155,0.18716666666666668,0.6973333333333334,0.2408107903729983,0.2408107903729983,0.0,0.11265317678687631,0.26749853078078195,0.06056683986652065,0.559281452565821,0.30983673075675444,0.30983673075675444,0.0,0.056326588393438154,0.19149926539039097,0.12386675326659366,0.6283073929495772,0.0,0.0,1.0,0.19558930061525984,0.3608527322386855,0.12508730495323178,0.3184706621928226
122,0.4581960044738439,0.0,0.17932339443150824,115,12,0.0,0,0,120,0.19558930061525984,0.0,0.3608527322386855,0.13166666666666665,0.12508730495323178,0.09166666666666666,0.3184706621928226,0.7766666666666666,0.4409420328539455,0.4409420328539455,0.0,0.0,0.1155,0.18716666666666668,0.6973333333333334,0.2408107903729983,0.2408107903729983,0.0,0.11265317678687631,0.26749853078078195,0.06056683986652065,0.559281452565821,0.30983673075675444,0.30983673075675444,0.0,0.056326588393438154,0.19149926539039097,0.12386675326659366,0.6283073929495772,0.0,0.0,1.0,0.19558930061525984,0.3608527322386855,0.12508730495323178,0.3184706621928226
123,0.4598626711405106,0.0,0.17932339443150824,145,12,0.0,0,0,120,0.19558930061525984,0.0,0.3608527322386855,0.13333333333333333,0.12508730495323178,0.08833333333333333,0.3184706621928226,0.7783333333333333,0.4409420328539455,0.4409420328539455,0.0,0.0,0.1155,0.18716666666666668,0.6973333333333334,0.2408107903729983,0.2408107903729983,0.0,0.11265317678687631,0.26749853078078195,0.06056683986652065,0.559281452565821,0.30983673075675444,0.30983673075675444,0.0,0.056326588393438154,0.19149926539039097,0.12386675326659366,0.6283073929495772,0.0,0.0,1.0,0.19558930061525984,0.3608527322386855,0.12508730495323178,0.3184706621928226
124,0.46152933780717725,0.0,0.17932339443150824,126,12,0.0,0,0,120,0.19558930061525984,0.0,0.3608527322386855,0.135,0.12508730495323178,0.085,0.3184706621928226,0.78,0.4409420328539455,0.4409420328539455,0.0,0.0,0.1155,0.18716666666666668,0.6973333333333334,0.2408107903729983,0.2408107903729983,0.0,0.11265317678687631,0.26749853078078195,0.06056683986652065,0.559281452565821,0.30983673075675444,0.30983673075675444,0.0,0.056326588393438154,0.19149926539039097,0.12386675326659366,0.6283073929495772,0.0,0.0,1.0,0.19558930061525984,0.3608527322386855,0.12508730495323178,0.3184706621928226
125,0.4648626711405106,0.0,0.17932339443150824,146,12,0.0,0,0,120,0.19558930061525984,0.0,0.3608527322386855,0.14,0.12508730495323178,0.07666666666666666,0.3184706621928226,0.7833333333333333,0.4409420328539455,0.4409420328539455,0.0,0.0,0.1155,0.18716666666666668,0.6973333333333334,0.2408107903729983,0.2408107903729983,0.0,0.11265317678687631,0.26749853078078195,0.06056683986652065,0.559281452565821,0.30983673075675444,0.30983673075675444,0.0,0.056326588393438154,0.19149926539039097,0.12386675326659366,0.6283073929495772,0.0,0.0,1.0,0.19558930061525984,0.3608527322386855,0.12508730495323178,0.3184706621928226
126,0.4648626711405106,0.0,0.17932339443150824,125,12,0.0,0,0,120,0.19558930061525984,0.0,0.3608527322386855,0.14333333333333334,0.12508730495323178,0.07333333333333333,0.3184706621928226,0.7833333333333333,0.4409420328539455,0.4409420328539455,0.0,0.0,0.1155,0.18716666666666668,0.6973333333333334,0.2408107903729983,0.2408107903729983,0.0,0.11265317678687631,0.26749853078078195,0.06056683986652065,0.559281452565821,0.30983673075675444,0.30983673075675444,0.0,0.056326588393438154,0.19149926539039097,0.12386675326659366,0.6283073929495772,0.0,0.0,1.0,0.19558930061525984,0.3608527322386855,0.12508730495323178,0.3184706621928226
127,0.4698626711405106,0.0,0.17932339443150824,139,12,0.0,0,0,120,0.19558930061525984,0.0,0.3608527322386855,0.15166666666666667,0.12508730495323178,0.06,0.3184706621928226,0.7883333333333333,0.4409420328539455,0.4409420328539455,0.0,0.0,0.1155,0.18716666666666668,0.6973333333333334,0.2408107903729983,0.2408107903729983,0.0,0.11265317678687631,0.26749853078078195,0.06056683986652065,0.559281452565821,0.30983673075675444,0.30983673075675444,0.0,0.056326588393438154,0.19149926539039097,0.12386675326659366,0.6283073929495772,0.0,0.0,1.0,0.19558930061525984,0.3608527322386855,0.12508730495323178,0.3184706621928226
128,0.4698626711405106,0.0,0.17932339443150824,143,12,0.0,0,0,120,0.19558930061525984,0.0,0.3608527322386855,0.155,0.12508730495323178,0.056666666666666664,0.3184706621928226,0.7883333333333333,0.4409420328539455,0.4409420328539455,0.0,0.0,0.1155,0.18716666666666668,0.6973333333333334,0.2408107903729983,0.2408107903729983,0.0,0.11265317678687631,0.26749853078078195,0.06056683986652065,0.559281452565821,0.30983673075675444,0.30983673075675444,0.0,0.056326588393438154,0.19149926539039097,0.12386675326659366,0.6283073929495772,0.0,0.0,1.0,0.19558930061525984,0.3608527322386855,0.12508730495323178,0.3184706621928226
129,0.4698626711405106,0.0,0.17932339443150824,137,12,0.0,0,0,120,0.19558930061525984,0.0,0.3608527322386855,0.155,0.12508730495323178,0.056666666666666664,0.3184706621928226,0.7883333333333333,0.4409420328539455,0.4409420328539455,0.0,0.0,0.1155,0.18716666666666668,0.6973333333333334,0.2408107903729983,0.2408107903729983,0.0,0.11265317678687631,0.26749853078078195,0.06056683986652065,0.559281452565821,0.30983673075675444,0.30983673075675444,0.0,0.056326588393438154,0.19149926539039097,0.12386675326659366,0.6283073929495772,0.0,0.0,1.0,0.19558930061525984,0.3608527322386855,0.12508730495323178,0.3184706621928226
130,0.4731960044738439,0.0,0.17932339443150824,141,12,0.0,0,1,130,0.19558930061525984,0.0,0.3608527322386855,0.15833333333333333,0.12508730495323178,0.05,0.3184706621928226,0.7916666666666666,0.44211267114051056,0.44211267114051056,0.0,0.0,0.12933333333333333,0.11008333333333334,0.7605833333333333,0.09850109354131123,0.09850109354131123,0.0,0.14872963410694096,0.30921130520569334,0.13101395821935072,0.41104510246801507,0.26734355570785145,0.26734355570785145,0.0,0.07436481705347048,0.21927231926951335,0.12054864577634203,0.5858142179006742,0.0,0.0,1.0,0.19558930061525984,0.3608527322386855,0.12508730495323178,0.3184706621928226
131,0.4731960044738439,0.0,0.17932339443150824,123,12,0.0,0,0,130,0.19558930061525984,0.0,0.3608527322386855,0.16,0.12508730495323178,0.04833333333333333,0.3184706621928226,0.7916666666666666,0.44211267114051056,0.44211267114051056,0.0,0.0,0.12933333333333333,0.11008333333333334,0.7605833333333333,0.09850109354131123,0.09850109354131123,0.0,0.14872963410694096,0.30921130520569334,0.13101395821935072,0.41104510246801507,0.26734355570785145,0.26734355570785145,0.0,0.07436481705347048,0.21927231926951335,0.12054864577634203,0.5858142179006742,0.0,0.0,1.0,0.19558930061525984,0.3608527322386855,0.12508730495323178,0.3184706621928226
132,0.4731960044738439,0.0,0.17932339443150824,131,12,0.0,0,0,130,0.19558930061525984,0.0,0.3608527322386855,0.16166666666666665,0.12508730495323178,0.04666666666666667,0.3184706621928226,0.7916666666666666,0.44211267114051056,0.44211267114051056,0.0,0.0,0.12933333333333333,0.11008333333333334,0.7605833333333333,0.09850109354131123,0.09850109354131123,0.0,0.14872963410694096,0.30921130520569334,0.13101395821935072,0.41104510246801507,0.26734355570785145,0.26734355570785145,0.0,0.07436481705347048,0.21927231926951335,0.12054864577634203,0.5858142179006742,0.0,0.0,1.0,0.19558930061525984,0.3608527322386855,0.12508730495323178,0.3184706621928226
133,0.4731960044738439,0.0,0.17932339443150824,135,12,0.0,0,0,130,0.19558930061525984,0.0,0.3608527322386855,0.16833333333333333,0.12508730495323178,0.04,0.3184706621928226,0.7916666666666666,0.44211267114051056,0.44211267114051056,0.0,0.0,0.12933333333333333,0.11008333333333334,0.7605833333333333,0.09850109354131123,0.09850109354131123,0.0,0.14872963410694096,0.30921130520569334,0.13101395821935072,0.41104510246801507,0.26734355570785145,0.26734355570785145,0.0,0.07436481705347048,0.21927231926951335,0.12054864577634203,0.5858142179006742,0.0,0.0,1.0,0.19558930061525984,0.3608527322386855,0.12508730495323178,0.3184706621928226
134,0.4731960044738439,0.0,0.17932339443150824,114,12,0.0,0,0,130,0.19558930061525984,0.0,0.3608527322386855,0.17,0.12508730495323178,0.03833333333333333,0.3184706621928226,0.7916666666666666,0.44211267114051056,0.44211267114051056,0.0,0.0,0.12933333333333333,0.11008333333333334,0.7605833333333333,0.09850109354131123,0.09850109354131123,0.0,0.14872963410694096,0.30921130520569334,0.13101395821935072,0.41104510246801507,0.26734355570785145,0.26734355570785145,0.0,0.07436481705347048,0.21927231926951335,0.12054864577634203,0.5858142179006742,0.0,0.0,1.0,0.19558930061525984,0.3608527322386855,0.12508730495323178,0.3184706621928226
135,0.4731960044738439,0.0,0.17932339443150824,129,12,0.0,0,0,130,0.19558930061525984,0.0,0.3608527322386855,0.17,0.12508730495323178,0.03833333333333333,0.3184706621928226,0.7916666666666666,0.44211267114051056,0.44211267114051056,0.0,0.0,0.12933333333333333,0.11008333333333334,0.7605833333333333,0.09850109354131123,0.09850109354131123,0.0,0.14872963410694096,0.30921130520569334,0.13101395821935072,0.41104510246801507,0.26734355570785145,0.26734355570785145,0.0,0.07436481705347048,0.21927231926951335,0.12054864577634203,0.5858142179006742,0.0,0.0,1.0,0.19558930061525984,0.3608527322386855,0.12508730495323178,0.3184706621928226
136,0.4731960044738439,0.0,0.17932339443150824,146,12,0.0,0,0,130,0.19558930061525984,0.0,0.3608527322386855,0.17166666666666666,0.12508730495323178,0.03666666666666667,0.3184706621928226,0.7916666666666666,0.44211267114051056,0.44211267114051056,0.0,0.0,0.12933333333333333,0.11008333333333334,0.7605833333333333,0.09850109354131123,0.09850109354131123,0.0,0.14872963410694096,0.30921130520569334,0.13101395821935072,0.41104510246801507,0.26734355570785145,0.26734355570785145,0.0,0.07436481705347048,0.21927231926951335,0.12054864577634203,0.5858142179006742,0.0,0.0,1.0,0.19558930061525984,0.3608527322386855,0.12508730495323178,0.3184706621928226
137,0.4731960044738439,0.0,0.17932339443150824,163,12,0.0,0,0,130,0.19558930061525984,0.0,0.3608527322386855,0.17833333333333334,0.12508730495323178,0.03,0.3184706621928226,0.7916666666666666,0.44211267114051056,0.44211267114051056,0.0,0.0,0.12933333333333333,0.11008333333333334,0.7605833333333333,0.09850109354131123,0.09850109354131123,0.0,0.14872963410694096,0.30921130520569334,0.13101395821935072,0.41104510246801507,0.26734355570785145,0.26734355570785145,0.0,0.07436481705347048,0.21927231926951335,0.12054864577634203,0.5858142179006742,0.0,0.0,1.0,0.19558930061525984,0.3608527322386855,0.12508730495323178,0.3184706621928226
138,0.4731960044738439,0.0,0.17932339443150824,152,12,0.0,0,0,130,0.19558930061525984,0.0,0.3608527322386855,0.18333333333333332,0.12508730495323178,0.025,0.3184706621928226,0.7916666666666666,0.44211267114051056,0.44211267114051056,0.0,0.0,0.12933333333333333,0.11008333333333334,0.7605833333333333,0.09850109354131123,0.09850109354131123,0.0,0.14872963410694096,0.30921130520569334,0.13101395821935072,0.41104510246801507,0.26734355570785145,0.26734355570785145,0.0,0.07436481705347048,0.21927231926951335,0.12054864577634203,0.5858142179006742,0.0,0.0,1.0,0.19558930061525984,0.3608527322386855,0.12508730495323178,0.3184706621928226
139,0.4731960044738439,0.0,0.17932339443150824,132,12,0.0,0,0,130,0.19558930061525984,0.0,0.3608527322386855,0.18666666666666668,0.12508730495323178,0.021666666666666667,0.3184706621928226,0.7916666666666666,0.44211267114051056,0.44211267114051056,0.0,0.0,0.12933333333333333,0.11008333333333334,0.7605833333333333,0.09850109354131123,0.09850109354131123,0.0,0.14872963410694096,0.30921130520569334,0.13101395821935072,0.41104510246801507,0.26734355570785145,0.26734355570785145,0.0,0.07436481705347048,0.21927231926951335,0.12054864577634203,0.5858142179006742,0.0,0.0,1.0,0.19558930061525984,0.3608527322386855,0.12508730495323178,0.3184706621928226
140,0.4731960044738439,0.0,0.17932339443150824,143,12,0.0,0,1,140,0.19558930061525984,0.0,0.3608527322386855,0.18666666666666668,0.12508730495323178,0.021666666666666667,0.3184706621928226,0.7916666666666666,0.46861267114051064,0.46861267114051064,0.0,0.0,0.1585,0.05441666666666667,0.7870833333333334,0.24056538634494062,0.24056538634494062,0.0,0.11416891300249783,0.2103428043436554,0.11645223411608342,0.5590360485377633,0.35458902874272563,0.35458902874272563,0.0,0.057084456501248916,0.1844214021718277,0.08543445039137504,0.6730596909355484,0.0,0.0,1.0,0.19558930061525984,0.3608527322386855,0.12508730495323178,0.3184706621928226
141,0.4748626711405106,0.0,0.17932339443150824,143,12,0.0,0,0,140,0.19558930061525984,0.0,0.3608527322386855,0.18666666666666668,0.12508730495323178,0.02,0.3184706621928226,0.7933333333333333,0.46861267114051064,0.46861267114051064,0.0,0.0,0.1585,0.05441666666666667,0.7870833333333334,0.24056538634494062,0.24056538634494062,0.0,0.11416891300249783,0.2103428043436554,0.11645223411608342,0.5590360485377633,0.35458902874272563,0.35458902874272563,0.0,0.057084456501248916,0.1844214021718277,0.08543445039137504,0.6730596909355484,0.0,0.0,1.0,0.19558930061525984,0.3608527322386855,0.12508730495323178,0.3184706621928226
142,0.4748626711405106,0.0,0.17932339443150824,137,12,0.0,0,0,140,0.19558930061525984,0.0,0.3608527322386855,0.18666666666666668,0.12508730495323178,0.02,0.3184706621928226,0.7933333333333333,0.46861267114051064,0.46861267114051064,0.0,0.0,0.1585,0.05441666666666667,0.7870833333333334,0.24056538634494062,0.24056538634494062,0.0,0.11416891300249783,0.2103428043436554,0.11645223411608342,0.5590360485377633,0.35458902874272563,0.35458902874272563,0.0,0.057084456501248916,0.1844214021718277,0.08543445039137504,0.6730596909355484,0.0,0.0,1.0,0.19558930061525984,0.3608527322386855,0.12508730495323178,0.3184706621928226
143,0.4748626711405106,0.0,0.17932339443150824,129,12,0.0,0,0,140,0.19558930061525984,0.0,0.3608527322386855,0.19,0.12508730495323178,0.016666666666666666,0.3184706621928226,0.7933333333333333,0.46861267114051064,0.46861267114051064,0.0,0.0,0.1585,0.05441666666666667,0.7870833333333334,0.24056538634494062,0.24056538634494062,0.0,0.11416891300249783,0.2103428043436554,0.11645223411608342,0.5590360485377633,0.35458902874272563,0.35458902874272563,0.0,0.057084456501248916,0.1844214021718277,0.08543445039137504,0.6730596909355484,0.0,0.0,1.0,0.19558930061525984,0.3608527322386855,0.12508730495323178,0.3184706621928226
144,0.4765293378071773,0.0,0.17932339443150824,137,12,0.0,0,0,140,0.19558930061525984,0.0,0.3608527322386855,0.19,0.12508730495323178,0.015,0.3184706621928226,0.795,0.46861267114051064,0.46861267114051064,0.0,0.0,0.1585,0.05441666666666667,0.7870833333333334,0.24056538634494062,0.24056538634494062,0.0,0.11416891300249783,0.2103428043436554,0.11645223411608342,0.5590360485377633,0.35458902874272563,0.35458902874272563,0.0,0.057084456501248916,0.1844214021718277,0.08543445039137504,0.6730596909355484,0.0,0.0,1.0,0.19558930061525984,0.3608527322386855,0.12508730495323178,0.3184706621928226
145,0.4765293378071773,0.0,0.17932339443150824,141,12,0.0,0,0,140,0.19558930061525984,0.0,0.3608527322386855,0.19,0.12508730495323178,0.015,0.3184706621928226,0.795,0.46861267114051064,0.46861267114051064,0.0,0.0,0.1585,0.05441666666666667,0.7870833333333334,0.24056538634494062,0.24056538634494062,0.0,0.11416891300249783,0.2103428043436554,0.11645223411608342,0.5590360485377633,0.35458902874272563,0.35458902874272563,0.0,0.057084456501248916,0.1844214021718277,0.08543445039137504,0.6730596909355484,0.0,0.0,1.0,0.19558930061525984,0.3608527322386855,0.12508730495323178,0.3184706621928226
146,0.4781960044738439,0.0,0.17932339443150824,149,12,0.0,0,0,140,0.19558930061525984,0.0,0.3608527322386855,0.19,0.12508730495323178,0.013333333333333334,0.3184706621928226,0.7966666666666666,0.46861267114051064,0.46861267114051064,0.0,0.0,0.1585,0.05441666666666667,0.7870833333333334,0.24056538634494062,0.24056538634494062,0.0,0.11416891300249783,0.2103428043436554,0.11645223411608342,0.5590360485377633,0.35458902874272563,0.35458902874272563,0.0,0.057084456501248916,0.1844214021718277,0.08543445039137504,0.6730596909355484,0.0,0.0,1.0,0.19558930061525984,0.3608527322386855,0.12508730495323178,0.3184706621928226
147,0.4781960044738439,0.0,0.17932339443150824,135,12,0.0,0,0,140,0.19558930061525984,0.0,0.3608527322386855,0.19166666666666668,0.12508730495323178,0.011666666666666667,0.3184706621928226,0.7966666666666666,0.46861267114051064,0.46861267114051064,0.0,0.0,0.1585,0.05441666666666667,0.7870833333333334,0.24056538634494062,0.24056538634494062,0.0,0.11416891300249783,0.2103428043436554,0.11645223411608342,0.5590360485377633,0.35458902874272563,0.35458902874272563,0.0,0.057084456501248916,0.1844214021718277,0.08543445039137504,0.6730596909355484,0.0,0.0,1.0,0.19558930061525984,0.3608527322386855,0.12508730495323178,0.3184706621928226
148,0.4781960044738439,0.0,0.17932339443150824,126,12,0.0,0,0,140,0.19558930061525984,0.0,0.3608527322386855,0.19166666666666668,0.12508730495323178,0.011666666666666667,0.3184706621928226,0.7966666666666666,0.46861267114051064,0.46861267114051064,0.0,0.0,0.1585,0.05441666666666667,0.7870833333333334,0.24056538634494062,0.24056538634494062,0.0,0.11416891300249783,0.2103428043436554,0.11645223411608342,0.5590360485377633,0.35458902874272563,0.35458902874272563,0.0,0.057084456501248916,0.1844214021718277,0.08543445039137504,0.6730596909355484,0.0,0.0,1.0,0.19558930061525984,0.3608527322386855,0.12508730495323178,0.3184706621928226
149,0.4781960044738439,0.0,0.17932339443150824,150,12,0.0,0,0,140,0.19558930061525984,0.0,0.3608527322386855,0.19166666666666668,0.12508730495323178,0.011666666666666667,0.3184706621928226,0.7966666666666666,0.46861267114051064,0.46861267114051064,0.0,0.0,0.1585,0.05441666666666667,0.7870833333333334,0.24056538634494062,0.24056538634494062,0.0,0.11416891300249783,0.2103428043436554,0.11645223411608342,0.5590360485377633,0.35458902874272563,0.35458902874272563,0.0,0.057084456501248916,0.1844214021718277,0.08543445039137504,0.6730596909355484,0.0,0.0,1.0,0.19558930061525984,0.3608527322386855,0.12508730495323178,0.3184706621928226
150,0.4781960044738439,0.0,0.17932339443150824,123,12,0.0,0,1,150,0.19558930061525984,0.0,0.3608527322386855,0.19166666666666668,0.12508730495323178,0.011666666666666667,0.3184706621928226,0.7966666666666666,0.47502933780717727,0.47502933780717727,0.0,0.0,0.18183333333333335,0.024666666666666667,0.7935,0.23552231734216564,0.23552231734216564,0.0,0.1517844547490851,0.16913526076269478,0.136105826989894,0.5429744574983262,0.34976656655634036,0.34976656655634036,0.0,0.07589222737454256,0.17548429704801405,0.08038624682828034,0.6682372287491631,0.0,0.0,1.0,0.19558930061525984,0.3608527322386855,0.12508730495323178,0.3184706621928226
151,0.4781960044738439,0.0,0.17932339443150824,127,12,0.0,0,0,150,0.19558930061525984,0.0,0.3608527322386855,0.19333333333333333,0.12508730495323178,0.01,0.3184706621928226,0.7966666666666666,0.47502933780717727,0.47502933780717727,0.0,0.0,0.18183333333333335,0.024666666666666667,0.7935,0.23552231734216564,0.23552231734216564,0.0,0.1517844547490851,0.16913526076269478,0.136105826989894,0.5429744574983262,0.34976656655634036,0.34976656655634036,0.0,0.07589222737454256,0.17548429704801405,0.08038624682828034,0.6682372287491631,0.0,0.0,1.0,0.19558930061525984,0.3608527322386855,0.12508730495323178,0.3184706621928226
152,0.4781960044738439,0.0,0.17932339443150824,146,12,0.0,0,0,150,0.19558930061525984,0.0,0.3608527322386855,0.19333333333333333,0.12508730495323178,0.01,0.3184706621928226,0.7966666666666666,0.47502933780717727,0.47502933780717727,0.0,0.0,0.18183333333333335,0.024666666666666667,0.7935,0.23552231734216564,0.23552231734216564,0.0,0.1517844547490851,0.16913526076269478,0.136105826989894,0.5429744574983262,0.34976656655634036,0.34976656655634036,0.0,0.07589222737454256,0.17548429704801405,0.08038624682828034,0.6682372287491631,0.0,0.0,1.0,0.19558930061525984,0.3608527322386855,0.12508730495323178,0.3184706621928226
153,0.4781960044738439,0.0,0.17932339443150824,124,12,0.0,0,0,150,0.19558930061525984,0.0,0.3608527322386855,0.19333333333333333,0.12508730495323178,0.01,0.3184706621928226,0.7966666666666666,0.47502933780717727,0.47502933780717727,0.0,0.0,0.18183333333333335,0.024666666666666667,0.7935,0.23552231734216564,0.23552231734216564,0.0,0.1517844547490851,0.16913526076269478,0.136105826989894,0.5429744574983262,0.34976656655634036,0.34976656655634036,0.0,0.07589222737454256,0.17548429704801405,0.08038624682828034,0.6682372287491631,0.0,0.0,1.0,0.19558930061525984,0.3608527322386855,0.12508730495323178,0.3184706621928226
154,0.4798626711405106,0.0,0.17932339443150824,125,12,0.0,0,0,150,0.19558930061525984,0.0,0.3608527322386855,0.19333333333333333,0.12508730495323178,0.008333333333333333,0.3184706621928226,0.7983333333333333,0.47502933780717727,0.47502933780717727,0.0,0.0,0.18183333333333335,0.024666666666666667,0.7935,0.23552231734216564,0.23552231734216564,0.0,0.1517844547490851,0.16913526076269478,0.136105826989894,0.5429744574983262,0.34976656655634036,0.34976656655634036,0.0,0.07589222737454256,0.17548429704801405,0.08038624682828034,0.6682372287491631,0.0,0.0,1.0,0.19558930061525984,0.3608527322386855,0.12508730495323178,0.3184706621928226
155,0.4798626711405106,0.0,0.17932339443150824,117,12,0.0,0,0,150,0.19558930061525984,0.0,0.3608527322386855,0.19333333333333333,0.12508730495323178,0.008333333333333333,0.3184706621928226,0.7983333333333333,0.47502933780717727,0.47502933780717727,0.0,0.0,0.18183333333333335,0.024666666666666667,0.7935,0.23552231734216564,0.23552231734216564,0.0,0.1517844547490851,0.16913526076269478,0.136105826989894,0.5429744574983262,0.34976656655634036,0.34976656655634036,0.0,0.07589222737454256,0.17548429704801405,0.08038624682828034,0.6682372287491631,0.0,0.0,1.0,0.19558930061525984,0.3608527322386855,0.12508730495323178,0.3184706621928226
156,0.4798626711405106,0.0,0.17932339443150824,124,12,0.0,0,0,150,0.19558930061525984,0.0,0.3608527322386855,0.19333333333333333,0.12508730495323178,0.008333333333333333,0.3184706621928226,0.7983333333333333,0.47502933780717727,0.47502933780717727,0.0,0.0,0.18183333333333335,0.024666666666666667,0.7935,0.23552231734216564,0.23552231734216564,0.0,0.1517844547490851,0.16913526076269478,0.136105826989894,0.5429744574983262,0.34976656655634036,0.34976656655634036,0.0,0.07589222737454256,0.17548429704801405,0.08038624682828034,0.6682372287491631,0.0,0.0,1.0,0.19558930061525984,0.3608527322386855,0.12508730495323178,0.3184706621928226
157,0.4798626711405106,0.0,0.17932339443150824,133,12,0.0,0,0,150,0.19558930061525984,0.0,0.3608527322386855,0.19333333333333333,0.12508730495323178,0.008333333333333333,0.3184706621928226,0.7983333333333333,0.47502933780717727,0.47502933780717727,0.0,0.0,0.18183333333333335,0.024666666666666667,0.7935,0.23552231734216564,0.23552231734216564,0.0,0.1517844547490851,0.16913526076269478,0.136105826989894,0.5429744574983262,0.34976656655634036,0.34976656655634036,0.0,0.07589222737454256,0.17548429704801405,0.08038624682828034,0.6682372287491631,0.0,0.0,1.0,0.19558930061525984,0.3608527322386855,0.12508730495323178,0.3184706621928226
158,0.4798626711405106,0.0,0.17932339443150824,152,12,0.0,0,0,150,0.19558930061525984,0.0,0.3608527322386855,0.19333333333333333,0.12508730495323178,0.008333333333333333,0.3184706621928226,0.7983333333333333,0.47502933780717727,0.47502933780717727,0.0,0.0,0.18183333333333335,0.024666666666666667,0.7935,0.23552231734216564,0.23552231734216564,0.0,0.1517844547490851,0.16913526076269478,0.136105826989894,0.5429744574983262,0.34976656655634036,0.34976656655634036,0.0,0.07589222737454256,0.17548429704801405,0.08038624682828034,0.6682372287491631,0.0,0.0,1.0,0.19558930061525984,0.3608527322386855,0.12508730495323178,0.3184706621928226
159,0.4798626711405106,0.0,0.17932339443150824,139,12,0.0,0,0,150,0.19558930061525984,0.0,0.3608527322386855,0.195,0.12508730495323178,0.006666666666666667,0.3184706621928226,0.7983333333333333,0.47502933780717727,0.47502933780717727,0.0,0.0,0.18183333333333335,0.024666666666666667,0.7935,0.23552231734216564,0.23552231734216564,0.0,0.1517844547490851,0.16913526076269478,0.136105826989894,0.5429744574983262,0.34976656655634036,0.34976656655634036,0.0,0.07589222737454256,0.17548429704801405,0.08038624682828034,0.6682372287491631,0.0,0.0,1.0,0.19558930061525984,0.3608527322386855,0.12508730495323178,0.3184706621928226
160,0.4815293378071773,0.0,0.17932339443150824,117,12,0.0,0,1,160,0.19558930061525984,0.0,0.3608527322386855,0.195,0.12508730495323178,0.005,0.3184706621928226,0.8,0.4781960044738439,0.4781960044738439,0.0,0.0,0.19183333333333333,0.0115,0.7966666666666666,0.1875389691121181,0.1875389691121181,0.0,0.18633767861590167,0.24766704215194021,0.05998564792721731,0.5060096313049408,0.33286748679298095,0.33286748679298095,0.0,0.09316883930795083,0.21975018774263677,0.03574282396360866,0.6513381489858037,0.0,0.0,1.0,0.19558930061525984,0.3608527322386855,0.12508730495323178,0.3184706621928226
161,0.4815293378071773,0.0,0.17932339443150824,135,12,0.0,0,0,160,0.19558930061525984,0.0,0.3608527322386855,0.195,0.12508730495323178,0.005,0.3184706621928226,0.8,0.4781960044738439,0.4781960044738439,0.0,0.0,0.19183333333333333,0.0115,0.7966666666666666,0.1875389691121181,0.1875389691121181,0.0,0.18633767861590167,0.24766704215194021,0.05998564792721731,0.5060096313049408,0.33286748679298095,0.33286748679298095,0.0,0.09316883930795083,0.21975018774263677,0.03574282396360866,0.6513381489858037,0.0,0.0,1.0,0.19558930061525984,0.3608527322386855,0.12508730495323178,0.3184706621928226
162,0.48152933780717727,0.0,0.17932339443150824,128,12,0.0,0,0,160,0.19558930061525984,0.0,0.3608527322386855,0.19666666666666666,0.12508730495323178,0.0033333333333333335,0.3184706621928226,0.8,0.4781960044738439,0.4781960044738439,0.0,0.0,0.19183333333333333,0.0115,0.7966666666666666,0.1875389691121181,0.1875389691121181,0.0,0.18633767861590167,0.24766704215194021,0.05998564792721731,0.5060096313049408,0.33286748679298095,0.33286748679298095,0.0,0.09316883930795083,0.21975018774263677,0.03574282396360866,0.6513381489858037,0.0,0.0,1.0,0.19558930061525984,0.3608527322386855,0.12508730495323178,0.3184706621928226
163,0.48152933780717727,0.0,0.17932339443150824,137,12,0.0,0,0,160,0.19558930061525984,0.0,0.3608527322386855,0.19666666666666666,0.12508730495323178,0.0033333333333333335,0.3184706621928226,0.8,0.4781960044738439,0.4781960044738439,0.0,0.0,0.19183333333333333,0.0115,0.7966666666666666,0.1875389691121181,0.1875389691121181,0.0,0.18633767861590167,0.24766704215194021,0.05998564792721731,0.5060096313049408,0.33286748679298095,0.33286748679298095,0.0,0.09316883930795083,0.21975018774263677,0.03574282396360866,0.6513381489858037,0.0,0.0,1.0,0.19558930061525984,0.3608527322386855,0.12508730495323178,0.3184706621928226
164,0.4815293378071773,0.0,0.17932339443150824,138,12,0.0,0,0,160,0.19558930061525984,0.0,0.3608527322386855,0.19833333333333333,0.12508730495323178,0.0016666666666666668,0.3184706621928226,0.8,0.4781960044738439,0.4781960044738439,0.0,0.0,0.19183333333333333,0.0115,0.7966666666666666,0.1875389691121181,0.1875389691121181,0.0,0.18633767861590167,0.24766704215194021,0.05998564792721731,0.5060096313049408,0.33286748679298095,0.33286748679298095,0.0,0.09316883930795083,0.21975018774263677,0.03574282396360866,0.6513381489858037,0.0,0.0,1.0,0.19558930061525984,0.3608527322386855,0.12508730495323178,0.3184706621928226
165,0.4815293378071773,0.0,0.17932339443150824,143,12,0.0,0,0,160,0.19558930061525984,0.0,0.3608527322386855,0.19833333333333333,0.12508730495323178,0.0016666666666666668,0.3184706621928226,0.8,0.4781960044738439,0.4781960044738439,0.0,0.0,0.19183333333333333,0.0115,0.7966666666666666,0.1875389691121181,0.1875389691121181,0.0,0.18633767861590167,0.24766704215194021,0.05998564792721731,0.5060096313049408,0.33286748679298095,0.33286748679298095,0.0,0.09316883930795083,0.21975018774263677,0.03574282396360866,0.6513381489858037,0.0,0.0,1.0,0.19558930061525984,0.3608527322386855,0.12508730495323178,0.3184706621928226
166,0.4815293378071773,0.0,0.17932339443150824,143,12,0.0,0,0,160,0.19558930061525984,0.0,0.3608527322386855,0.19833333333333333,0.12508730495323178,0.0016666666666666668,0.3184706621928226,0.8,0.4781960044738439,0.4781960044738439,0.0,0.0,0.19183333333333333,0.0115,0.7966666666666666,0.1875389691121181,0.1875389691121181,0.0,0.18633767861590167,0.24766704215194021,0.05998564792721731,0.5060096313049408,0.33286748679298095,0.33286748679298095,0.0,0.09316883930795083,0.21975018774263677,0.03574282396360866,0.6513381489858037,0.0,0.0,1.0,0.19558930061525984,0.3608527322386855,0.12508730495323178,0.3184706621928226
167,0.4815293378071773,0.0,0.17932339443150824,142,12,0.0,0,0,160,0.19558930061525984,0.0,0.3608527322386855,0.19833333333333333,0.12508730495323178,0.0016666666666666668,0.3184706621928226,0.8,0.4781960044738439,0.4781960044738439,0.0,0.0,0.19183333333333333,0.0115,0.7966666666666666,0.1875389691121181,0.1875389691121181,0.0,0.18633767861590167,0.24766704215194021,0.05998564792721731,0.5060096313049408,0.33286748679298095,0.33286748679298095,0.0,0.09316883930795083,0.21975018774263677,0.03574282396360866,0.6513381489858037,0.0,0.0,1.0,0.19558930061525984,0.3608527322386855,0.12508730495323178,0.3184706621928226
168,0.4815293378071773,0.0,0.17932339443150824,141,12,0.0,0,0,160,0.19558930061525984,0.0,0.3608527322386855,0.19833333333333333,0.12508730495323178,0.0016666666666666668,0.3184706621928226,0.8,0.4781960044738439,0.4781960044738439,0.0,0.0,0.19183333333333333,0.0115,0.7966666666666666,0.1875389691121181,0.1875389691121181,0.0,0.18633767861590167,0.24766704215194021,0.05998564792721731,0.5060096313049408,0.33286748679298095,0.33286748679298095,0.0,0.09316883930795083,0.21975018774263677,0.03574282396360866,0.6513381489858037,0.0,0.0,1.0,0.19558930061525984,0.3608527322386855,0.12508730495323178,0.3184706621928226
169,0.4815293378071773,0.0,0.17932339443150824,128,12,0.0,0,0,160,0.19558930061525984,0.0,0.3608527322386855,0.2,0.12508730495323178,0.0,0.3184706621928226,0.8,0.4781960044738439,0.4781960044738439,0.0,0.0,0.19183333333333333,0.0115,0.7966666666666666,0.1875389691121181,0.1875389691121181,0.0,0.18633767861590167,0.24766704215194021,0.05998564792721731,0.5060096313049408,0.33286748679298095,0.33286748679298095,0.0,0.09316883930795083,0.21975018774263677,0.03574282396360866,0.6513381489858037,0.0,0.0,1.0,0.19558930061525984,0.3608527322386855,0.12508730495323178,0.3184706621928226
170,0.4815293378071773,0.0,0.17932339443150824,123,12,0.0,0,1,170,0.19558930061525984,0.0,0.3608527322386855,0.2,0.12508730495323178,0.0,0.3184706621928226,0.8,0.4805293378071773,0.4805293378071773,0.0,0.0,0.19583333333333333,0.005166666666666667,0.799,0.23204936347319022,0.23204936347319022,0.0,0.14371162500298593,0.2064517590583974,0.09931659027260366,0.5505200256660129,0.35628935064018374,0.35628935064018374,0.0,0.07185581250149296,0.20114254619586536,0.05224162846963516,0.6747600128330065,0.0,0.0,1.0,0.19558930061525984,0.3608527322386855,0.12508730495323178,0.3184706621928226
171,0.4815293378071773,0.0,0.17932339443150824,146,12,0.0,0,0,170,0.19558930061525984,0.0,0.3608527322386855,0.2,0.12508730495323178,0.0,0.3184706621928226,0.8,0.4805293378071773,0.4805293378071773,0.0,0.0,0.19583333333333333,0.005166666666666667,0.799,0.23204936347319022,0.23204936347319022,0.0,0.14371162500298593,0.2064517590583974,0.09931659027260366,0.5505200256660129,0.35628935064018374,0.35628935064018374,0.0,0.07185581250149296,0.20114254619586536,0.05224162846963516,0.6747600128330065,0.0,0.0,1.0,0.19558930061525984,0.3608527322386855,0.12508730495323178,0.3184706621928226
172,0.4815293378071773,0.0,0.17932339443150824,133,12,0.0,0,0,170,0.19558930061525984,0.0,0.3608527322386855,0.2,0.12508730495323178,0.0,0.3184706621928226,0.8,0.4805293378071773,0.4805293378071773,0.0,0.0,0.19583333333333333,0.005166666666666667,0.799,0.23204936347319022,0.23204936347319022,0.0,0.14371162500298593,0.2064517590583974,0.09931659027260366,0.5505200256660129,0.35628935064018374,0.35628935064018374,0.0,0.07185581250149296,0.20114254619586536,0.05224162846963516,0.6747600128330065,0.0,0.0,1.0,0.19558930061525984,0.3608527322386855,0.12508730495323178,0.3184706621928226
173,0.4815293378071773,0.0,0.17932339443150824,143,12,0.0,0,0,170,0.19558930061525984,0.0,0.3608527322386855,0.2,0.12508730495323178,0.0,0.3184706621928226,0.8,0.4805293378071773,0.4805293378071773,0.0,0.0,0.19583333333333333,0.005166666666666667,0.799,0.23204936347319022,0.23204936347319022,0.0,0.14371162500298593,0.2064517590583974,0.09931659027260366,0.5505200256660129,0.35628935064018374,0.35628935064018374,0.0,0.07185581250149296,0.20114254619586536,0.05224162846963516,0.6747600128330065,0.0,0.0,1.0,0.19558930061525984,0.3608527322386855,0.12508730495323178,0.3184706621928226
174,0.4815293378071773,0.0,0.17932339443150824,141,12,0.0,0,0,170,0.19558930061525984,0.0,0.3608527322386855,0.2,0.12508730495323178,0.0,0.3184706621928226,0.8,0.4805293378071773,0.4805293378071773,0.0,0.0,0.19583333333333333,0.005166666666666667,0.799,0.23204936347319022,0.23204936347319022,0.0,0.14371162500298593,0.2064517590583974,0.09931659027260366,0.5505200256660129,0.35628935064018374,0.35628935064018374,0.0,0.07185581250149296,0.20114254619586536,0.05224162846963516,0.6747600128330065,0.0,0.0,1.0,0.19558930061525984,0.3608527322386855,0.12508730495323178,0.3184706621928226
175,0.4815293378071773,0.0,0.17932339443150824,126,12,0.0,0,0,170,0.19558930061525984,0.0,0.3608527322386855,0.2,0.12508730495323178,0.0,0.3184706621928226,0.8,0.4805293378071773,0.4805293378071773,0.0,0.0,0.19583333333333333,0.005166666666666667,0.799,0.23204936347319022,0.23204936347319022,0.0,0.14371162500298593,0.2064517590583974,0.09931659027260366,0.5505200256660129,0.35628935064018374,0.35628935064018374,0.0,0.07185581250149296,0.20114254619586536,0.05224162846963516,0.6747600128330065,0.0,0.0,1.0,0.19558930061525984,0.3608527322386855,0.12508730495323178,0.3184706621928226
176,0.4815293378071773,0.0,0.17932339443150824,151,12,0.0,0,0,170,0.19558930061525984,0.0,0.3608527322386855,0.2,0.12508730495323178,0.0,0.3184706621928226,0.8,0.4805293378071773,0.4805293378071773,0.0,0.0,0.19583333333333333,0.005166666666666667,0.799,0.23204936347319022,0.23204936347319022,0.0,0.14371162500298593,0.2064517590583974,0.09931659027260366,0.5505200256660129,0.35628935064018374,0.35628935064018374,0.0,0.07185581250149296,0.20114254619586536,0.05224162846963516,0.6747600128330065,0.0,0.0,1.0,0.19558930061525984,0.3608527322386855,0.12508730495323178,0.3184706621928226
177,0.4815293378071773,0.0,0.17932339443150824,136,12,0.0,0,0,170,0.19558930061525984,0.0,0.3608527322386855,0.2,0.12508730495323178,0.0,0.3184706621928226,0.8,0.4805293378071773,0.4805293378071773,0.0,0.0,0.19583333333333333,0.005166666666666667,0.799,0.23204936347319022,0.23204936347319022,0.0,0.14371162500298593,0.2064517590583974,0.09931659027260366,0.5505200256660129,0.35628935064018374,0.35628935064018374,0.0,0.07185581250149296,0.20114254619586536,0.05224162846963516,0.6747600128330065,0.0,0.0,1.0,0.19558930061525984,0.3608527322386855,0.12508730495323178,0.3184706621928226
178,0.4815293378071773,0.0,0.17932339443150824,150,12,0.0,0,0,170,0.19558930061525984,0.0,0.3608527322386855,0.2,0.12508730495323178,0.0,0.3184706621928226,0.8,0.4805293378071773,0.4805293378071773,0.0,0.0,0.19583333333333333,0.005166666666666667,0.799,0.23204936347319022,0.23204936347319022,0.0,0.14371162500298593,0.2064517590583974,0.09931659027260366,0.5505200256660129,0.35628935064018374,0.35628935064018374,0.0,0.07185581250149296,0.20114254619586536,0.05224162846963516,0.6747600128330065,0.0,0.0,1.0,0.19558930061525984,0.3608527322386855,0.12508730495323178,0.3184706621928226
179,0.4815293378071773,0.0,0.17932339443150824,129,12,0.0,0,0,170,0.19558930061525984,0.0,0.3608527322386855,0.2,0.12508730495323178,0.0,0.3184706621928226,0.8,0.4805293378071773,0.4805293378071773,0.0,0.0,0.19583333333333333,0.005166666666666667,0.799,0.23204936347319022,0.23204936347319022,0.0,0.14371162500298593,0.2064517590583974,0.09931659027260366,0.5505200256660129,0.35628935064018374,0.35628935064018374,0.0,0.07185581250149296,0.20114254619586536,0.05224162846963516,0.6747600128330065,0.0,0.0,1.0,0.19558930061525984,0.3608527322386855,0.12508730495323178,0.3184706621928226
180,0.4815293378071773,0.0,0.17932339443150824,153,12,0.0,0,1,180,0.19558930061525984,0.0,0.3608527322386855,0.2,0.12508730495323178,0.0,0.3184706621928226,0.8,0.4815293378071773,0.4815293378071773,0.0,0.0,0.199,0.001,0.8,0.2074091580146697,0.2074091580146697,0.0,0.11659672766887248,0.23243614717040337,0.13678626657024603,0.5141808585904782,0.33861976710241637,0.33861976710241637,0.0,0.05829836383443624,0.21571807358520168,0.06889313328512302,0.6570904292952391,0.0,0.0,1.0,0.19558930061525984,0.3608527322386855,0.12508730495323178,0.3184706621928226
181,0.4815293378071773,0.0,0.17932339443150824,136,12,0.0,0,0,180,0.19558930061525984,0.0,0.3608527322386855,0.2,0.12508730495323178,0.0,0.3184706621928226,0.8,0.4815293378071773,0.4815293378071773,0.0,0.0,0.199,0.001,0.8,0.2074091580146697,0.2074091580146697,0.0,0.11659672766887248,0.23243614717040337,0.13678626657024603,0.5141808585904782,0.33861976710241637,0.33861976710241637,0.0,0.05829836383443624,0.21571807358520168,0.06889313328512302,0.6570904292952391,0.0,0.0,1.0,0.19558930061525984,0.3608527322386855,0.12508730495323178,0.3184706621928226
182,0.4815293378071773,0.0,0.17932339443150824,134,12,0.0,0,0,180,0.19558930061525984,0.0,0.3608527322386855,0.2,0.12508730495323178,0.0,0.3184706621928226,0.8,0.4815293378071773,0.4815293378071773,0.0,0.0,0.199,0.001,0.8,0.2074091580146697,0.2074091580146697,0.0,0.11659672766887248,0.23243614717040337,0.13678626657024603,0.5141808585904782,0.33861976710241637,0.33861976710241637,0.0,0.05829836383443624,0.21571807358520168,0.06889313328512302,0.6570904292952391,0.0,0.0,1.0,0.19558930061525984,0.3608527322386855,0.12508730495323178,0.3184706621928226
183,0.4815293378071773,0.0,0.17932339443150824,139,12,0.0,0,0,180,0.19558930061525984,0.0,0.3608527322386855,0.2,0.12508730495323178,0.0,0.3184706621928226,0.8,0.4815293378071773,0.4815293378071773,0.0,0.0,0.199,0.001,0.8,0.2074091580146697,0.2074091580146697,0.0,0.11659672766887248,0.23243614717040337,0.13678626657024603,0.5141808585904782,0.33861976710241637,0.33861976710241637,0.0,0.05829836383443624,0.21571807358520168,0.06889313328512302,0.6570904292952391,0.0,0.0,1.0,0.19558930061525984,0.3608527322386855,0.12508730495323178,0.3184706621928226
184,0.4815293378071773,0.0,0.17932339443150824,142,12,0.0,0,0,180,0.19558930061525984,0.0,0.3608527322386855,0.2,0.12508730495323178,0.0,0.3184706621928226,0.8,0.4815293378071773,0.4815293378071773,0.0,0.0,0.199,0.001,0.8,0.2074091580146697,0.2074091580146697,0.0,0.11659672766887248,0.23243614717040337,0.13678626657024603,0.5141808585904782,0.33861976710241637,0.33861976710241637,0.0,0.05829836383443624,0.21571807358520168,0.06889313328512302,0.6570904292952391,0.0,0.0,1.0,0.19558930061525984,0.3608527322386855,0.12508730495323178,0.3184706621928226
185,0.4815293378071773,0.0,0.17932339443150824,133,12,0.0,0,0,180,0.19558930061525984,0.0,0.3608527322386855,0.2,0.12508730495323178,0.0,0.3184706621928226,0.8,0.4815293378071773,0.4815293378071773,0.0,0.0,0.199,0.001,0.8,0.2074091580146697,0.2074091580146697,0.0,0.11659672766887248,0.23243614717040337,0.13678626657024603,0.5141808585904782,0.33861976710241637,0.33861976710241637,0.0,0.05829836383443624,0.21571807358520168,0.06889313328512302,0.6570904292952391,0.0,0.0,1.0,0.19558930061525984,0.3608527322386855,0.12508730495323178,0.3184706621928226
186,0.4815293378071773,0.0,0.17932339443150824,122,12,0.0,0,0,180,0.19558930061525984,0.0,0.3608527322386855,0.2,0.12508730495323178,0.0,0.3184706621928226,0.8,0.4815293378071773,0.4815293378071773,0.0,0.0,0.199,0.001,0.8,0.2074091580146697,0.2074091580146697,0.0,0.11659672766887248,0.23243614717040337,0.13678626657024603,0.5141808585904782,0.33861976710241637,0.33861976710241637,0.0,0.05829836383443624,0.21571807358520168,0.06889313328512302,0.6570904292952391,0.0,0.0,1.0,0.19558930061525984,0.3608527322386855,0.12508730495323178,0.3184706621928226
187,0.4815293378071773,0.0,0.17932339443150824,128,12,0.0,0,0,180,0.19558930061525984,0.0,0.3608527322386855,0.2,0.12508730495323178,0.0,0.3184706621928226,0.8,0.4815293378071773,0.4815293378071773,0.0,0.0,0.199,0.001,0.8,0.2074091580146697,0.2074091580146697,0.0,0.11659672766887248,0.23243614717040337,0.13678626657024603,0.5141808585904782,0.33861976710241637,0.33861976710241637,0.0,0.05829836383443624,0.21571807358520168,0.06889313328512302,0.6570904292952391,0.0,0.0,1.0,0.19558930061525984,0.3608527322386855,0.12508730495323178,0.3184706621928226
188,0.4815293378071773,0.0,0.17932339443150824,133,12,0.0,0,0,180,0.19558930061525984,0.0,0.3608527322386855,0.2,0.12508730495323178,0.0,0.3184706621928226,0.8,0.4815293378071773,0.4815293378071773,0.0,0.0,0.199,0.001,0.8,0.2074091580146697,0.2074091580146697,0.0,0.11659672766887248,0.23243614717040337,0.13678626657024603,0.5141808585904782,0.33861976710241637,0.33861976710241637,0.0,0.05829836383443624,0.21571807358520168,0.06889313328512302,0.6570904292952391,0.0,0.0,1.0,0.19558930061525984,0.3608527322386855,0.12508730495323178,0.3184706621928226
189,0.4815293378071773,0.0,0.17932339443150824,143,12,0.0,0,0,180,0.19558930061525984,0.0,0.3608527322386855,0.2,0.12508730495323178,0.0,0.3184706621928226,0.8,0.4815293378071773,0.4815293378071773,0.0,0.0,0.199,0.001,0.8,0.2074091580146697,0.2074091580146697,0.0,0.11659672766887248,0.23243614717040337,0.13678626657024603,0.5141808585904782,0.33861976710241637,0.33861976710241637,0.0,0.05829836383443624,0.21571807358520168,0.06889313328512302,0.6570904292952391,0.0,0.0,1.0,0.19558930061525984,0.3608527322386855,0.12508730495323178,0.3184706621928226
190,0.4815293378071773,0.0,0.17932339443150824,140,12,0.0,0,1,190,0.19558930061525984,0.0,0.3608527322386855,0.2,0.12508730495323178,0.0,0.3184706621928226,0.8,0.4815293378071773,0.4815293378071773,0.0,0.0,0.2,0.0,0.8,0.2910295300674439,0.2910295300674439,0.0,0.13379577873380885,0.19411985586225847,0.06258417314366597,0.6095001922602666,0.3862794339373106,0.3862794339373106,0.0,0.06689788936690443,0.19705992793112925,0.03129208657183299,0.7047500961301334,0.0,0.0,1.0,0.19558930061525984,0.3608527322386855,0.12508730495323178,0.3184706621928226
191,0.4815293378071773,0.0,0.17932339443150824,141,12,0.0,0,0,190,0.19558930061525984,0.0,0.3608527322386855,0.2,0.12508730495323178,0.0,0.3184706621928226,0.8,0.4815293378071773,0.4815293378071773,0.0,0.0,0.2,0.0,0.8,0.2910295300674439,0.2910295300674439,0.0,0.13379577873380885,0.19411985586225847,0.06258417314366597,0.6095001922602666,0.3862794339373106,0.3862794339373106,0.0,0.06689788936690443,0.19705992793112925,0.03129208657183299,0.7047500961301334,0.0,0.0,1.0,0.19558930061525984,0.3608527322386855,0.12508730495323178,0.3184706621928226
192,0.4815293378071773,0.0,0.17932339443150824,129,12,0.0,0,0,190,0.19558930061525984,0.0,0.3608527322386855,0.2,0.12508730495323178,0.0,0.3184706621928226,0.8,0.4815293378071773,0.4815293378071773,0.0,0.0,0.2,0.0,0.8,0.2910295300674439,0.2910295300674439,0.0,0.13379577873380885,0.19411985586225847,0.06258417314366597,0.6095001922602666,0.3862794339373106,0.3862794339373106,0.0,0.06689788936690443,0.19705992793112925,0.03129208657183299,0.7047500961301334,0.0,0.0,1.0,0.19558930061525984,0.3608527322386855,0.12508730495323178,0.3184706621928226
193,0.4815293378071773,0.0,0.17932339443150824,125,12,0.0,0,0,190,0.19558930061525984,0.0,0.3608527322386855,0.2,0.12508730495323178,0.0,0.3184706621928226,0.8,0.4815293378071773,0.4815293378071773,0.0,0.0,0.2,0.0,0.8,0.2910295300674439,0.2910295300674439,0.0,0.13379577873380885,0.19411985586225847,0.06258417314366597,0.6095001922602666,0.3862794339373106,0.3862794339373106,0.0,0.06689788936690443,0.19705992793112925,0.03129208657183299,0.7047500961301334,0.0,0.0,1.0,0.19558930061525984,0.3608527322386855,0.12508730495323178,0.3184706621928226
194,0.4815293378071773,0.0,0.17932339443150824,120,12,0.0,0,0,190,0.19558930061525984,0.0,0.3608527322386855,0.2,0.12508730495323178,0.0,0.3184706621928226,0.8,0.4815293378071773,0.4815293378071773,0.0,0.0,0.2,0.0,0.8,0.2910295300674439,0.2910295300674439,0.0,0.13379577873380885,0.19411985586225847,0.06258417314366597,0.6095001922602666,0.3862794339373106,0.3862794339373106,0.0,0.06689788936690443,0.19705992793112925,0.03129208657183299,0.7047500961301334,0.0,0.0,1.0,0.19558930061525984,0.3608527322386855,0.12508730495323178,0.3184706621928226
195,0.4815293378071773,0.0,0.17932339443150824,141,12,0.0,0,0,190,0.19558930061525984,0.0,0.3608527322386855,0.2,0.12508730495323178,0.0,0.3184706621928226,0.8,0.4815293378071773,0.4815293378071773,0.0,0.0,0.2,0.0,0.8,0.2910295300674439,0.2910295300674439,0.0,0.13379577873380885,0.19411985586225847,0.06258417314366597,0.6095001922602666,0.3862794339373106,0.3862794339373106,0.0,0.06689788936690443,0.19705992793112925,0.03129208657183299,0.7047500961301334,0.0,0.0,1.0,0.19558930061525984,0.3608527322386855,0.12508730495323178,0.3184706621928226
196,0.4815293378071773,0.0,0.17932339443150824,123,12,0.0,0,0,190,0.19558930061525984,0.0,0.3608527322386855,0.2,0.12508730495323178,0.0,0.3184706621928226,0.8,0.4815293378071773,0.4815293378071773,0.0,0.0,0.2,0.0,0.8,0.2910295300674439,0.2910295300674439,0.0,0.13379577873380885,0.19411985586225847,0.06258417314366597,0.6095001922602666,0.3862794339373106,0.3862794339373106,0.0,0.06689788936690443,0.19705992793112925,0.03129208657183299,0.7047500961301334,0.0,0.0,1.0,0.19558930061525984,0.3608527322386855,0.12508730495323178,0.3184706621928226
197,0.4815293378071773,0.0,0.17932339443150824,160,12,0.0,0,0,190,0.19558930061525984,0.0,0.3608527322386855,0.2,0.12508730495323178,0.0,0.3184706621928226,0.8,0.4815293378071773,0.4815293378071773,0.0,0.0,0.2,0.0,0.8,0.2910295300674439,0.2910295300674439,0.0,0.13379577873380885,0.19411985586225847,0.06258417314366597,0.6095001922602666,0.3862794339373106,0.3862794339373106,0.0,0.06689788936690443,0.19705992793112925,0.03129208657183299,0.7047500961301334,0.0,0.0,1.0,0.19558930061525984,0.3608527322386855,0.12508730495323178,0.3184706621928226
198,0.4815293378071773,0.0,0.17932339443150824,124,12,0.0,0,0,190,0.19558930061525984,0.0,0.3608527322386855,0.2,0.12508730495323178,0.0,0.3184706621928226,0.8,0.4815293378071773,0.4815293378071773,0.0,0.0,0.2,0.0,0.8,0.2910295300674439,0.2910295300674439,0.0,0.13379577873380885,0.19411985586225847,0.06258417314366597,0.6095001922602666,0.3862794339373106,0.3862794339373106,0.0,0.06689788936690443,0.19705992793112925,0.03129208657183299,0.7047500961301334,0.0,0.0,1.0,0.19558930061525984,0.3608527322386855,0.12508730495323178,0.3184706621928226
199,0.4815293378071773,0.0,0.17932339443150824,147,12,0.0,0,0,190,0.19558930061525984,0.0,0.3608527322386855,0.2,0.12508730495323178,0.0,0.3184706621928226,0.8,0.4815293378071773,0.4815293378071773,0.0,0.0,0.2,0.0,0.8,0.2910295300674439,0.2910295300674439,0.0,0.13379577873380885,0.19411985586225847,0.06258417314366597,0.6095001922602666,0.3862794339373106,0.3862794339373106,0.0,0.06689788936690443,0.19705992793112925,0.03129208657183299,0.7047500961301334,0.0,0.0,1.0,0.19558930061525984,0.3608527322386855,0.12508730495323178,0.3184706621928226
200,0.32067660556849176,0.0,0.17932339443150824,120,8,0.0,0,1,200,0.19558930061525984,0.0,0.3608527322386855,0.4266666666666667,0.12508730495323178,0.0,0.3184706621928226,0.5733333333333334,0.4701960044738439,0.4701960044738439,0.0,0.0,0.21133333333333335,0.0,0.7886666666666666,0.13242655811228332,0.13242655811228332,0.0,0.08011475015554594,0.34390072458611626,0.12681433011333784,0.449170195145,0.3004477687130106,0.3004477687130106,0.0,0.04005737507777297,0.2776170289597248,0.06340716505666892,0.6189184309058333,0.0,0.0,1.0,0.19558930061525984,0.3608527322386855,0.12508730495323178,0.3184706621928226
201,0.28152933780717726,0.0,0.17932339443150824,106,8,0.0,0,0,200,0.19558930061525984,0.04833333333333333,0.3608527322386855,0.32,0.12508730495323178,0.03166666666666667,0.3184706621928226,0.6,0.4701960044738439,0.4701960044738439,0.0,0.0,0.21133333333333335,0.0,0.7886666666666666,0.13242655811228332,0.13242655811228332,0.0,0.08011475015554594,0.34390072458611626,0.12681433011333784,0.449170195145,0.3004477687130106,0.3004477687130106,0.0,0.04005737507777297,0.2776170289597248,0.06340716505666892,0.6189184309058333,0.0,0.0,1.0,0.19558930061525984,0.3608527322386855,0.12508730495323178,0.3184706621928226
202,0.2990099389018251,0.0,0.17932339443150824,102,12,0.0,0,0,200,0.19558930061525984,0.016666666666666666,0.3608527322386855,0.37833333333333335,0.12508730495323178,0.005,0.3184706621928226,0.6,0.4701960044738439,0.4701960044738439,0.0,0.0,0.21133333333333335,0.0,0.7886666666666666,0.13242655811228332,0.13242655811228332,0.0,0.08011475015554594,0.34390072458611626,0.12681433011333784,0.449170195145,0.3004477687130106,0.3004477687130106,0.0,0.04005737507777297,0.2776170289597248,0.06340716505666892,0.6189184309058333,0.0,0.0,1.0,0.19558930061525984,0.3608527322386855,0.12508730495323178,0.3184706621928226
203,0.3073432722351584,0.0,0.17932339443150824,98,12,0.0,0,0,200,0.19558930061525984,0.013333333333333334,0.3608527322386855,0.38666666666666666,0.12508730495323178,0.0,0.3184706621928226,0.6,0.4701960044738439,0.4701960044738439,0.0,0.0,0.21133333333333335,0.0,0.7886666666666666,0.13242655811228332,0.13242655811228332,0.0,0.08011475015554594,0.34390072458611626,0.12681433011333784,0.449170195145,0.3004477687130106,0.3004477687130106,0.0,0.04005737507777297,0.2776170289597248,0.06340716505666892,0.6189184309058333,0.0,0.0,1.0,0.19558930061525984,0.3608527322386855,0.12508730495323178,0.3184706621928226
204,0.31900993890182505,0.0,0.17932339443150824,83,12,0.0,0,0,200,0.19558930061525984,0.0016666666666666668,0.3608527322386855,0.3983333333333333,0.12508730495323178,0.0,0.3184706621928226,0.6,0.4701960044738439,0.4701960044738439,0.0,0.0,0.21133333333333335,0.0,0.7886666666666666,0.13242655811228332,0.13242655811228332,0.0,0.08011475015554594,0.34390072458611626,0.12681433011333784,0.449170195145,0.3004477687130106,0.3004477687130106,0.0,0.04005737507777297,0.2776170289597248,0.06340716505666892,0.6189184309058333,0.0,0.0,1.0,0.19558930061525984,0.3608527322386855,0.12508730495323178,0.3184706621928226
205,0.32067660556849176,0.0,0.17932339443150824,82,12,0.0,0,0,200,0.19558930061525984,0.0,0.3608527322386855,0.4,0.12508730495323178,0.0,0.3184706621928226,0.6,0.4701960044738439,0.4701960044738439,0.0,0.0,0.21133333333333335,0.0,0.7886666666666666,0.13242655811228332,0.13242655811228332,0.0,0.08011475015554594,0.34390072458611626,0.12681433011333784,0.449170195145,0.3004477687130106,0.3004477687130106,0.0,0.04005737507777297,0.2776170289597248,0.06340716505666892,0.6189184309058333,0.0,0.0,1.0,0.19558930061525984,0.3608527322386855,0.12508730495323178,0.3184706621928226
206,0.32067660556849176,0.0,0.17932339443150824,101,12,0.0,0,0,200,0.19558930061525984,0.0,0.3608527322386855,0.4,0.12508730495323178,0.0,0.3184706621928226,0.6,0.4701960044738439,0.4701960044738439,0.0,0.0,0.21133333333333335,0.0,0.7886666666666666,0.13242655811228332,0.13242655811228332,0.0,0.08011475015554594,0.34390072458611626,0.12681433011333784,0.449170195145,0.3004477687130106,0.3004477687130106,0.0,0.04005737507777297,0.2776170289597248,0.06340716505666892,0.6189184309058333,0.0,0.0,1.0,0.19558930061525984,0.3608527322386855,0.12508730495323178,0.3184706621928226
207,0.32067660556849176,0.0,0.17932339443150824,104,12,0.0,0,0,200,0.19558930061525984,0.0,0.3608527322386855,0.4,0.12508730495323178,0.0,0.3184706621928226,0.6,0.4701960044738439,0.4701960044738439,0.0,0.0,0.21133333333333335,0.0,0.7886666666666666,0.13242655811228332,0.13242655811228332,0.0,0.08011475015554594,0.34390072458611626,0.12681433011333784,0.449170195145,0.3004477687130106,0.3004477687130106,0.0,0.04005737507777297,0.2776170289597248,0.06340716505666892,0.6189184309058333,0.0,0.0,1.0,0.19558930061525984,0.3608527322386855,0.12508730495323178,0.3184706621928226
208,0.32067660556849176,0.0,0.17932339443150824,93,12,0.0,0,0,200,0.19558930061525984,0.0,0.3608527322386855,0.4,0.12508730495323178,0.0,0.3184706621928226,0.6,0.4701960044738439,0.4701960044738439,0.0,0.0,0.21133333333333335,0.0,0.7886666666666666,0.13242655811228332,0.13242655811228332,0.0,0.08011475015554594,0.34390072458611626,0.12681433011333784,0.449170195145,0.3004477687130106,0.3004477687130106,0.0,0.04005737507777297,0.2776170289597248,0.06340716505666892,0.6189184309058333,0.0,0.0,1.0,0.19558930061525984,0.3608527322386855,0.12508730495323178,0.3184706621928226
209,0.32067660556849176,0.0,0.17932339443150824,102,12,0.0,0,0,200,0.19558930061525984,0.0,0.3608527322386855,0.4,0.12508730495323178,0.0,0.3184706621928226,0.6,0.4701960044738439,0.4701960044738439,0.0,0.0,0.21133333333333335,0.0,0.7886666666666666,0.13242655811228332,0.13242655811228332,0.0,0.08011475015554594,0.34390072458611626,0.12681433011333784,0.449170195145,0.3004477687130106,0.3004477687130106,0.0,0.04005737507777297,0.2776170289597248,0.06340716505666892,0.6189184309058333,0.0,0.0,1.0,0.19558930061525984,0.3608527322386855,0.12508730495323178,0.3184706621928226
210,0.32067660556849176,0.0,0.17932339443150824,103,12,0.0,0,1,210,0.19558930061525984,0.0,0.3608527322386855,0.4,0.12508730495323178,0.0,0.3184706621928226,0.6,0.37019600447384393,0.37019600447384393,0.0,0.004,0.3055,0.0018333333333333333,0.6886666666666666,0.2840350334452517,0.2840350334452517,0.0,0.1237958416879465,0.19087264653372005,0.082825816140259,0.6025056956380744,0.3271155189595478,0.3271155189595478,0.0,0.06389792084397325,0.24818632326686002,0.04232957473679617,0.6455861811523705,0.0,0.0,1.0,0.19558930061525984,0.3608527322386855,0.12508730495323178,0.3184706621928226
211,0.32067660556849176,0.0,0.17932339443150824,94,12,0.0,0,0,210,0.19558930061525984,0.0,0.3608527322386855,0.4,0.12508730495323178,0.0,0.3184706621928226,0.6,0.37019600447384393,0.37019600447384393,0.0,0.004,0.3055,0.0018333333333333333,0.6886666666666666,0.2840350334452517,0.2840350334452517,0.0,0.1237958416879465,0.19087264653372005,0.082825816140259,0.6025056956380744,0.3271155189595478,0.3271155189595478,0.0,0.06389792084397325,0.24818632326686002,0.04232957473679617,0.6455861811523705,0.0,0.0,1.0,0.19558930061525984,0.3608527322386855,0.12508730495323178,0.3184706621928226
212,0.32067660556849176,0.0,0.17932339443150824,93,12,0.0,0,0,210,0.19558930061525984,0.0,0.3608527322386855,0.4,0.12508730495323178,0.0,0.3184706621928226,0.6,0.37019600447384393,0.37019600447384393,0.0,0.004,0.3055,0.0018333333333333333,0.6886666666666666,0.2840350334452517,0.2840350334452517,0.0,0.1237958416879465,0.19087264653372005,0.082825816140259,0.6025056956380744,0.3271155189595478,0.3271155189595478,0.0,0.06389792084397325,0.24818632326686002,0.04232957473679617,0.6455861811523705,0.0,0.0,1.0,0.19558930061525984,0.3608527322386855,0.12508730495323178,0.3184706621928226
213,0.32067660556849176,0.0,0.17932339443150824,92,12,0.0,0,0,210,0.19558930061525984,0.0,0.3608527322386855,0.4,0.12508730495323178,0.0,0.3184706621928226,0.6,0.37019600447384393,0.37019600447384393,0.0,0.004,0.3055,0.0018333333333333333,0.6886666666666666,0.2840350334452517,0.2840350334452517,0.0,0.1237958416879465,0.19087264653372005,0.082825816140259,0.6025056956380744,0.3271155189595478,0.3271155189595478,0.0,0.06389792084397325,0.24818632326686002,0.04232957473679617,0.6455861811523705,0.0,0.0,1.0,0.19558930061525984,0.3608527322386855,0.12508730495323178,0.3184706621928226
214,0.32067660556849176,0.0,0.17932339443150824,101,12,0.0,0,0,210,0.19558930061525984,0.0,0.3608527322386855,0.4,0.12508730495323178,0.0,0.3184706621928226,0.6,0.37019600447384393,0.37019600447384393,0.0,0.004,0.3055,0.0018333333333333333,0.6886666666666666,0.2840350334452517,0.2840350334452517,0.0,0.1237958416879465,0.19087264653372005,0.082825816140259,0.6025056956380744,0.3271155189595478,0.3271155189595478,0.0,0.06389792084397325,0.24818632326686002,0.04232957473679617,0.6455861811523705,0.0,0.0,1.0,0.19558930061525984,0.3608527322386855,0.12508730495323178,0.3184706621928226
215,0.32067660556849176,0.0,0.17932339443150824,81,12,0.0,0,0,210,0.19558930061525984,0.0,0.3608527322386855,0.4,0.12508730495323178,0.0,0.3184706621928226,0.6,0.37019600447384393,0.37019600447384393,0.0,0.004,0.3055,0.0018333333333333333,0.6886666666666666,0.2840350334452517,0.2840350334452517,0.0,0.1237958416879465,0.19087264653372005,0.082825816140259,0.6025056956380744,0.3271155189595478,0.3271155189595478,0.0,0.06389792084397325,0.24818632326686002,0.04232957473679617,0.6455861811523705,0.0,0.0,1.0,0.19558930061525984,0.3608527322386855,0.12508730495323178,0.3184706621928226
216,0.32067660556849176,0.0,0.17932339443150824,105,12,0.0,0,0,210,0.19558930061525984,0.0,0.3608527322386855,0.4,0.12508730495323178,0.0,0.3184706621928226,0.6,0.37019600447384393,0.37019600447384393,0.0,0.004,0.3055,0.0018333333333333333,0.6886666666666666,0.2840350334452517,0.2840350334452517,0.0,0.1237958416879465,0.19087264653372005,0.082825816140259,0.6025056956380744,0.3271155189595478,0.3271155189595478,0.0,0.06389792084397325,0.24818632326686002,0.04232957473679617,0.6455861811523705,0.0,0.0,1.0,0.19558930061525984,0.3608527322386855,0.12508730495323178,0.3184706621928226
217,0.32067660556849176,0.0,0.17932339443150824,105,12,0.0,0,0,210,0.19558930061525984,0.0,0.3608527322386855,0.4,0.12508730495323178,0.0,0.3184706621928226,0.6,0.37019600447384393,0.37019600447384393,0.0,0.004,0.3055,0.0018333333333333333,0.6886666666666666,0.2840350334452517,0.2840350334452517,0.0,0.1237958416879465,0.19087264653372005,0.082825816140259,0.6025056956380744,0.3271155189595478,0.3271155189595478,0.0,0.06389792084397325,0.24818632326686002,0.04232957473679617,0.6455861811523705,0.0,0.0,1.0,0.19558930061525984,0.3608527322386855,0.12508730495323178,0.3184706621928226
218,0.32067660556849176,0.0,0.17932339443150824,91,12,0.0,0,0,210,0.19558930061525984,0.0,0.3608527322386855,0.4,0.12508730495323178,0.0,0.3184706621928226,0.6,0.37019600447384393,0.37019600447384393,0.0,0.004,0.3055,0.0018333333333333333,0.6886666666666666,0.2840350334452517,0.2840350334452517,0.0,0.1237958416879465,0.19087264653372005,0.082825816140259,0.6025056956380744,0.3271155189595478,0.3271155189595478,0.0,0.06389792084397325,0.24818632326686002,0.04232957473679617,0.6455861811523705,0.0,0.0,1.0,0.19558930061525984,0.3608527322386855,0.12508730495323178,0.3184706621928226
219,0.32067660556849176,0.0,0.17932339443150824,94,12,0.0,0,0,210,0.19558930061525984,0.0,0.3608527322386855,0.4,0.12508730495323178,0.0,0.3184706621928226,0.6,0.37019600447384393,0.37019600447384393,0.0,0.004,0.3055,0.0018333333333333333,0.6886666666666666,0.2840350334452517,0.2840350334452517,0.0,0.1237958416879465,0.19087264653372005,0.082825816140259,0.6025056956380744,0.3271155189595478,0.3271155189595478,0.0,0.06389792084397325,0.24818632326686002,0.04232957473679617,0.6455861811523705,0.0,0.0,1.0,0.19558930061525984,0.3608527322386855,0.12508730495323178,0.3184706621928226
220,0.32067660556849176,0.0,0.17932339443150824,103,12,0.0,0,1,220,0.19558930061525984,0.0,0.3608527322386855,0.4,0.12508730495323178,0.0,0.3184706621928226,0.6,0.3148432722351584,0.3148432722351584,0.0,0.004,0.39416666666666667,0.0018333333333333333,0.6,0.16531905329947336,0.16531905329947336,0.0,0.20606273975250303,0.20564858031160516,0.11497240358083897,0.47331627635505297,0.21818747598470373,0.21818747598470373,0.0,0.10503136987625152,0.2999076234891359,0.05840286845708616,0.5366581381775265,0.0,0.0,1.0,0.19558930061525984,0.3608527322386855,0.12508730495323178,0.3184706621928226
221,0.32067660556849176,0.0,0.17932339443150824,110,12,0.0,0,0,220,0.19558930061525984,0.0,0.3608527322386855,0.4,0.12508730495323178,0.0,0.3184706621928226,0.6,0.3148432722351584,0.3148432722351584,0.0,0.004,0.39416666666666667,0.0018333333333333333,0.6,0.16531905329947336,0.16531905329947336,0.0,0.20606273975250303,0.20564858031160516,0.11497240358083897,0.47331627635505297,0.21818747598470373,0.21818747598470373,0.0,0.10503136987625152,0.2999076234891359,0.05840286845708616,0.5366581381775265,0.0,0.0,1.0,0.19558930061525984,0.3608527322386855,0.12508730495323178,0.3184706621928226
222,0.32067660556849176,0.0,0.17932339443150824,89,12,0.0,0,0,220,0.19558930061525984,0.0,0.3608527322386855,0.4,0.12508730495323178,0.0,0.3184706621928226,0.6,0.3148432722351584,0.3148432722351584,0.0,0.004,0.39416666666666667,0.0018333333333333333,0.6,0.16531905329947336,0.16531905329947336,0.0,0.20606273975250303,0.20564858031160516,0.11497240358083897,0.47331627635505297,0.21818747598470373,0.21818747598470373,0.0,0.10503136987625152,0.2999076234891359,0.05840286845708616,0.5366581381775265,0.0,0.0,1.0,0.19558930061525984,0.3608527322386855,0.12508730495323178,0.3184706621928226
223,0.32067660556849176,0.0,0.17932339443150824,95,12,0.0,0,0,220,0.19558930061525984,0.0,0.3608527322386855,0.4,0.12508730495323178,0.0,0.3184706621928226,0.6,0.3148432722351584,0.3148432722351584,0.0,0.004,0.39416666666666667,0.0018333333333333333,0.6,0.16531905329947336,0.16531905329947336,0.0,0.20606273975250303,0.20564858031160516,0.11497240358083897,0.47331627635505297,0.21818747598470373,0.21818747598470373,0.0,0.10503136987625152,0.2999076234891359,0.05840286845708616,0.5366581381775265,0.0,0.0,1.0,0.19558930061525984,0.3608527322386855,0.12508730495323178,0.3184706621928226
224,0.32067660556849176,0.0,0.17932339443150824,107,12,0.0,0,0,220,0.19558930061525984,0.0,0.3608527322386855,0.4,0.12508730495323178,0.0,0.3184706621928226,0.6,0.3148432722351584,0.3148432722351584,0.0,0.004,0.39416666666666667,0.0018333333333333333,0.6,0.16531905329947336,0.16531905329947336,0.0,0.20606273975250303,0.20564858031160516,0.11497240358083897,0.47331627635505297,0.21818747598470373,0.21818747598470373,0.0,0.10503136987625152,0.2999076234891359,0.05840286845708616,0.5366581381775265,0.0,0.0,1.0,0.19558930061525984,0.3608527322386855,0.12508730495323178,0.3184706621928226
225,0.32067660556849176,0.0,0.17932339443150824,91,12,0.0,0,0,220,0.19558930061525984,0.0,0.3608527322386855,0.4,0.12508730495323178,0.0,0.3184706621928226,0.6,0.3148432722351584,0.3148432722351584,0.0,0.004,0.39416666666666667,0.0018333333333333333,0.6,0.16531905329947336,0.16531905329947336,0.0,0.20606273975250303,0.20564858031160516,0.11497240358083897,0.47331627635505297,0.21818747598470373,0.21818747598470373,0.0,0.10503136987625152,0.2999076234891359,0.05840286845708616,0.5366581381775265,0.0,0.0,1.0,0.19558930061525984,0.3608527322386855,0.12508730495323178,0.3184706621928226
226,0.32067660556849176,0.0,0.17932339443150824,96,12,0.0,0,0,220,0.19558930061525984,0.0,0.3608527322386855,0.4,0.12508730495323178,0.0,0.3184706621928226,0.6,0.3148432722351584,0.3148432722351584,0.0,0.004,0.39416666666666667,0.0018333333333333333,0.6,0.16531905329947336,0.16531905329947336,0.0,0.20606273975250303,0.20564858031160516,0.11497240358083897,0.47331627635505297,0.21818747598470373,0.21818747598470373,0.0,0.10503136987625152,0.2999076234891359,0.05840286845708616,0.5366581381775265,0.0,0.0,1.0,0.19558930061525984,0.3608527322386855,0.12508730495323178,0.3184706621928226
227,0.32067660556849176,0.0,0.17932339443150824,122,12,0.0,0,0,220,0.19558930061525984,0.0,0.3608527322386855,0.4,0.12508730495323178,0.0,0.3184706621928226,0.6,0.3148432722351584,0.3148432722351584,0.0,0.004,0.39416666666666667,0.0018333333333333333,0.6,0.16531905329947336,0.16531905329947336,0.0,0.20606273975250303,0.20564858031160516,0.11497240358083897,0.47331627635505297,0.21818747598470373,0.21818747598470373,0.0,0.10503136987625152,0.2999076234891359,0.05840286845708616,0.5366581381775265,0.0,0.0,1.0,0.19558930061525984,0.3608527322386855,0.12508730495323178,0.3184706621928226
228,0.32067660556849176,0.0,0.17932339443150824,101,12,0.0,0,0,220,0.19558930061525984,0.0,0.3608527322386855,0.4,0.12508730495323178,0.0,0.3184706621928226,0.6,0.3148432722351584,0.3148432722351584,0.0,0.004,0.39416666666666667,0.0018333333333333333,0.6,0.16531905329947336,0.16531905329947336,0.0,0.20606273975250303,0.20564858031160516,0.11497240358083897,0.47331627635505297,0.21818747598470373,0.21818747598470373,0.0,0.10503136987625152,0.2999076234891359,0.05840286845708616,0.5366581381775265,0.0,0.0,1.0,0.19558930061525984,0.3608527322386855,0.12508730495323178,0.3184706621928226
229,0.32067660556849176,0.0,0.17932339443150824,92,12,0.0,0,0,220,0.19558930061525984,0.0,0.3608527322386855,0.4,0.12508730495323178,0.0,0.3184706621928226,0.6,0.3148432722351584,0.3148432722351584,0.0,0.004,0.39416666666666667,0.0018333333333333333,0.6,0.16531905329947336,0.16531905329947336,0.0,0.20606273975250303,0.20564858031160516,0.11497240358083897,0.47331627635505297,0.21818747598470373,0.21818747598470373,0.0,0.10503136987625152,0.2999076234891359,0.05840286845708616,0.5366581381775265,0.0,0.0,1.0,0.19558930061525984,0.3608527322386855,0.12508730495323178,0.3184706621928226
230,0.32067660556849176,0.0,0.17932339443150824,100,12,0.0,0,1,230,0.19558930061525984,0.0,0.3608527322386855,0.4,0.12508730495323178,0.0,0.3184706621928226,0.6,0.32067660556849176,0.32067660556849176,0.0,0.0,0.4,0.0,0.6,0.24489134133914636,0.24489134133914636,0.0,0.15953574871283469,0.1520149428019644,0.16329212082054395,0.5251571876646569,0.24410793163950573,0.24410793163950573,0.0,0.07976787435641734,0.2760074714009822,0.08164606041027198,0.5625785938323284,0.0,0.0,1.0,0.19558930061525984,0.3608527322386855,0.12508730495323178,0.3184706621928226
231,0.32067660556849176,0.0,0.17932339443150824,110,12,0.0,0,0,230,0.19558930061525984,0.0,0.3608527322386855,0.4,0.12508730495323178,0.0,0.3184706621928226,0.6,0.32067660556849176,0.32067660556849176,0.0,0.0,0.4,0.0,0.6,0.24489134133914636,0.24489134133914636,0.0,0.15953574871283469,0.1520149428019644,0.16329212082054395,0.5251571876646569,0.24410793163950573,0.24410793163950573,0.0,0.07976787435641734,0.2760074714009822,0.08164606041027198,0.5625785938323284,0.0,0.0,1.0,0.19558930061525984,0.3608527322386855,0.12508730495323178,0.3184706621928226
232,0.32067660556849176,0.0,0.17932339443150824,96,12,0.0,0,0,230,0.19558930061525984,0.0,0.3608527322386855,0.4,0.12508730495323178,0.0,0.3184706621928226,0.6,0.32067660556849176,0.32067660556849176,0.0,0.0,0.4,0.0,0.6,0.24489134133914636,0.24489134133914636,0.0,0.15953574871283469,0.1520149428019644,0.16329212082054395,0.5251571876646569,0.24410793163950573,0.24410793163950573,0.0,0.07976787435641734,0.2760074714009822,0.08164606041027198,0.5625785938323284,0.0,0.0,1.0,0.19558930061525984,0.3608527322386855,0.12508730495323178,0.3184706621928226
233,0.32067660556849176,0.0,0.17932339443150824,80,12,0.0,0,0,230,0.19558930061525984,0.0,0.3608527322386855,0.4,0.12508730495323178,0.0,0.3184706621928226,0.6,0.32067660556849176,0.32067660556849176,0.0,0.0,0.4,0.0,0.6,0.24489134133914636,0.24489134133914636,0.0,0.15953574871283469,0.1520149428019644,0.16329212082054395,0.5251571876646569,0.24410793163950573,0.24410793163950573,0.0,0.07976787435641734,0.2760074714009822,0.08164606041027198,0.5625785938323284,0.0,0.0,1.0,0.19558930061525984,0.3608527322386855,0.12508730495323178,0.3184706621928226
234,0.32067660556849176,0.0,0.17932339443150824,88,12,0.0,0,0,230,0.19558930061525984,0.0,0.3608527322386855,0.4,0.12508730495323178,0.0,0.3184706621928226,0.6,0.32067660556849176,0.32067660556849176,0.0,0.0,0.4,0.0,0.6,0.24489134133914636,0.24489134133914636,0.0,0.15953574871283469,0.1520149428019644,0.16329212082054395,0.5251571876646569,0.24410793163950573,0.24410793163950573,0.0,0.07976787435641734,0.2760074714009822,0.08164606041027198,0.5625785938323284,0.0,0.0,1.0,0.19558930061525984,0.3608527322386855,0.12508730495323178,0.3184706621928226
235,0.32067660556849176,0.0,0.17932339443150824,91,12,0.0,0,0,230,0.19558930061525984,0.0,0.3608527322386855,0.4,0.12508730495323178,0.0,0.3184706621928226,0.6,0.32067660556849176,0.32067660556849176,0.0,0.0,0.4,0.0,0.6,0.24489134133914636,0.24489134133914636,0.0,0.15953574871283469,0.1520149428019644,0.16329212082054395,0.5251571876646569,0.24410793163950573,0.24410793163950573,0.0,0.07976787435641734,0.2760074714009822,0.08164606041027198,0.5625785938323284,0.0,0.0,1.0,0.19558930061525984,0.3608527322386855,0.12508730495323178,0.3184706621928226
236,0.32067660556849176,0.0,0.17932339443150824,88,12,0.0,0,0,230,0.19558930061525984,0.0,0.3608527322386855,0.4,0.12508730495323178,0.0,0.3184706621928226,0.6,0.32067660556849176,0.32067660556849176,0.0,0.0,0.4,0.0,0.6,0.24489134133914636,0.24489134133914636,0.0,0.15953574871283469,0.1520149428019644,0.16329212082054395,0.5251571876646569,0.24410793163950573,0.24410793163950573,0.0,0.07976787435641734,0.2760074714009822,0.08164606041027198,0.5625785938323284,0.0,0.0,1.0,0.19558930061525984,0.3608527322386855,0.12508730495323178,0.3184706621928226
237,0.32067660556849176,0.0,0.17932339443150824,101,12,0.0,0,0,230,0.19558930061525984,0.0,0.3608527322386855,0.4,0.12508730495323178,0.0,0.3184706621928226,0.6,0.32067660556849176,0.32067660556849176,0.0,0.0,0.4,0.0,0.6,0.24489134133914636,0.24489134133914636,0.0,0.15953574871283469,0.1520149428019644,0.16329212082054395,0.5251571876646569,0.24410793163950573,0.24410793163950573,0.0,0.07976787435641734,0.2760074714009822,0.08164606041027198,0.5625785938323284,0.0,0.0,1.0,0.19558930061525984,0.3608527322386855,0.12508730495323178,0.3184706621928226
238,0.32067660556849176,0.0,0.17932339443150824,102,12,0.0,0,0,230,0.19558930061525984,0.0,0.3608527322386855,0.4,0.12508730495323178,0.0,0.3184706621928226,0.6,0.32067660556849176,0.32067660556849176,0.0,0.0,0.4,0.0,0.6,0.24489134133914636,0.24489134133914636,0.0,0.15953574871283469,0.1520149428019644,0.16329212082054395,0.5251571876646569,0.24410793163950573,0.24410793163950573,0.0,0.07976787435641734,0.2760074714009822,0.08164606041027198,0.5625785938323284,0.0,0.0,1.0,0.19558930061525984,0.3608527322386855,0.12508730495323178,0.3184706621928226
239,0.32067660556849176,0.0,0.17932339443150824,91,12,0.0,0,0,230,0.19558930061525984,0.0,0.3608527322386855,0.4,0.12508730495323178,0.0,0.3184706621928226,0.6,0.32067660556849176,0.32067660556849176,0.0,0.0,0.4,0.0,0.6,0.24489134133914636,0.24489134133914636,0.0,0.15953574871283469,0.1520149428019644,0.16329212082054395,0.5251571876646569,0.24410793163950573,0.24410793163950573,0.0,0.07976787435641734,0.2760074714009822,0.08164606041027198,0.5625785938323284,0.0,0.0,1.0,0.19558930061525984,0.3608527322386855,0.12508730495323178,0.3184706621928226
