step,attention_error,preference_change,uniform_prior_error,interactions,pool_size,official_exposure_share,official_arrivals,observation_updated,last_observed_at,truth_0,attention_0,truth_1,attention_1,truth_2,attention_2,truth_3,attention_3,error_platform,initial_error_platform,top_accuracy_platform,estimate_platform_0,estimate_platform_1,estimate_platform_2,estimate_platform_3,error_survey,initial_error_survey,top_accuracy_survey,estimate_survey_0,estimate_survey_1,estimate_survey_2,estimate_survey_3,error_fused,initial_error_fused,top_accuracy_fused,estimate_fused_0,estimate_fused_1,estimate_fused_2,estimate_fused_3,error_oracle,initial_error_oracle,top_accuracy_oracle,estimate_oracle_0,estimate_oracle_1,estimate_oracle_2,estimate_oracle_3
0,0.13881025794388785,0.0,0.21952307538944546,66,28,0.0,0,1,0,0.46952307538944554,0.6083333333333333,0.185925968218926,0.15,0.2448579045859331,0.2,0.09969305180569553,0.041666666666666664,0.13881025794388785,0.13881025794388785,1.0,0.6083333333333333,0.15,0.2,0.041666666666666664,0.07197066405333308,0.07197066405333308,1.0,0.40907613409362087,0.22197307862421142,0.28078145823398065,0.08816932904818703,0.039242229417211366,0.039242229417211366,1.0,0.5087047337134771,0.1859865393121057,0.24039072911699033,0.06491799785742684,0.0,0.0,1.0,0.46952307538944554,0.185925968218926,0.2448579045859331,0.09969305180569553
1,0.19381025794388787,0.0,0.21952307538944546,85,26,0.0,0,0,0,0.46952307538944554,0.6633333333333333,0.185925968218926,0.13833333333333334,0.2448579045859331,0.17666666666666667,0.09969305180569553,0.021666666666666667,0.13881025794388785,0.13881025794388785,1.0,0.6083333333333333,0.15,0.2,0.041666666666666664,0.07197066405333308,0.07197066405333308,1.0,0.40907613409362087,0.22197307862421142,0.28078145823398065,0.08816932904818703,0.039242229417211366,0.039242229417211366,1.0,0.5087047337134771,0.1859865393121057,0.24039072911699033,0.06491799785742684,0.0,0.0,1.0,0.46952307538944554,0.185925968218926,0.2448579045859331,0.09969305180569553
2,0.19214359127722122,0.0,0.21952307538944546,93,26,0.0,0,0,0,0.46952307538944554,0.6616666666666666,0.185925968218926,0.13666666666666666,0.2448579045859331,0.18,0.09969305180569553,0.021666666666666667,0.13881025794388785,0.13881025794388785,1.0,0.6083333333333333,0.15,0.2,0.041666666666666664,0.07197066405333308,0.07197066405333308,1.0,0.40907613409362087,0.22197307862421142,0.28078145823398065,0.08816932904818703,0.039242229417211366,0.039242229417211366,1.0,0.5087047337134771,0.1859865393121057,0.24039072911699033,0.06491799785742684,0.0,0.0,1.0,0.46952307538944554,0.185925968218926,0.2448579045859331,0.09969305180569553
3,0.18881025794388787,0.0,0.21952307538944546,85,26,0.0,0,0,0,0.46952307538944554,0.6583333333333333,0.185925968218926,0.135,0.2448579045859331,0.18166666666666667,0.09969305180569553,0.025,0.13881025794388785,0.13881025794388785,1.0,0.6083333333333333,0.15,0.2,0.041666666666666664,0.07197066405333308,0.07197066405333308,1.0,0.40907613409362087,0.22197307862421142,0.28078145823398065,0.08816932904818703,0.039242229417211366,0.039242229417211366,1.0,0.5087047337134771,0.1859865393121057,0.24039072911699033,0.06491799785742684,0.0,0.0,1.0,0.46952307538944554,0.185925968218926,0.2448579045859331,0.09969305180569553
4,0.18547692461055457,0.0,0.21952307538944546,99,27,0.0,0,0,0,0.46952307538944554,0.655,0.185925968218926,0.135,0.2448579045859331,0.18333333333333332,0.09969305180569553,0.02666666666666667,0.13881025794388785,0.13881025794388785,1.0,0.6083333333333333,0.15,0.2,0.041666666666666664,0.07197066405333308,0.07197066405333308,1.0,0.40907613409362087,0.22197307862421142,0.28078145823398065,0.08816932904818703,0.039242229417211366,0.039242229417211366,1.0,0.5087047337134771,0.1859865393121057,0.24039072911699033,0.06491799785742684,0.0,0.0,1.0,0.46952307538944554,0.185925968218926,0.2448579045859331,0.09969305180569553
5,0.18547692461055457,0.0,0.21952307538944546,77,27,0.0,0,0,0,0.46952307538944554,0.655,0.185925968218926,0.135,0.2448579045859331,0.18333333333333332,0.09969305180569553,0.02666666666666667,0.13881025794388785,0.13881025794388785,1.0,0.6083333333333333,0.15,0.2,0.041666666666666664,0.07197066405333308,0.07197066405333308,1.0,0.40907613409362087,0.22197307862421142,0.28078145823398065,0.08816932904818703,0.039242229417211366,0.039242229417211366,1.0,0.5087047337134771,0.1859865393121057,0.24039072911699033,0.06491799785742684,0.0,0.0,1.0,0.46952307538944554,0.185925968218926,0.2448579045859331,0.09969305180569553
6,0.18381025794388786,0.0,0.21952307538944546,92,27,0.0,0,0,0,0.46952307538944554,0.6533333333333333,0.185925968218926,0.13333333333333333,0.2448579045859331,0.18666666666666668,0.09969305180569553,0.02666666666666667,0.13881025794388785,0.13881025794388785,1.0,0.6083333333333333,0.15,0.2,0.041666666666666664,0.07197066405333308,0.07197066405333308,1.0,0.40907613409362087,0.22197307862421142,0.28078145823398065,0.08816932904818703,0.039242229417211366,0.039242229417211366,1.0,0.5087047337134771,0.1859865393121057,0.24039072911699033,0.06491799785742684,0.0,0.0,1.0,0.46952307538944554,0.185925968218926,0.2448579045859331,0.09969305180569553
7,0.18381025794388786,0.0,0.21952307538944546,77,27,0.0,0,0,0,0.46952307538944554,0.6533333333333333,0.185925968218926,0.135,0.2448579045859331,0.185,0.09969305180569553,0.02666666666666667,0.13881025794388785,0.13881025794388785,1.0,0.6083333333333333,0.15,0.2,0.041666666666666664,0.07197066405333308,0.07197066405333308,1.0,0.40907613409362087,0.22197307862421142,0.28078145823398065,0.08816932904818703,0.039242229417211366,0.039242229417211366,1.0,0.5087047337134771,0.1859865393121057,0.24039072911699033,0.06491799785742684,0.0,0.0,1.0,0.46952307538944554,0.185925968218926,0.2448579045859331,0.09969305180569553
8,0.1821435912772212,0.0,0.21952307538944546,88,27,0.0,0,0,0,0.46952307538944554,0.6516666666666666,0.185925968218926,0.13666666666666666,0.2448579045859331,0.185,0.09969305180569553,0.02666666666666667,0.13881025794388785,0.13881025794388785,1.0,0.6083333333333333,0.15,0.2,0.041666666666666664,0.07197066405333308,0.07197066405333308,1.0,0.40907613409362087,0.22197307862421142,0.28078145823398065,0.08816932904818703,0.039242229417211366,0.039242229417211366,1.0,0.5087047337134771,0.1859865393121057,0.24039072911699033,0.06491799785742684,0.0,0.0,1.0,0.46952307538944554,0.185925968218926,0.2448579045859331,0.09969305180569553
9,0.18214359127722118,0.0,0.21952307538944546,105,27,0.0,0,0,0,0.46952307538944554,0.6516666666666666,0.185925968218926,0.13666666666666666,0.2448579045859331,0.18666666666666668,0.09969305180569553,0.025,0.13881025794388785,0.13881025794388785,1.0,0.6083333333333333,0.15,0.2,0.041666666666666664,0.07197066405333308,0.07197066405333308,1.0,0.40907613409362087,0.22197307862421142,0.28078145823398065,0.08816932904818703,0.039242229417211366,0.039242229417211366,1.0,0.5087047337134771,0.1859865393121057,0.24039072911699033,0.06491799785742684,0.0,0.0,1.0,0.46952307538944554,0.185925968218926,0.2448579045859331,0.09969305180569553
10,0.17881025794388788,0.0,0.21952307538944546,101,27,0.0,0,1,10,0.46952307538944554,0.6483333333333333,0.185925968218926,0.13666666666666666,0.2448579045859331,0.19,0.09969305180569553,0.025,0.18138601551964545,0.18138601551964545,1.0,0.6509090909090909,0.13712121212121212,0.1853030303030303,0.02666666666666667,0.030095609444097435,0.030095609444097435,1.0,0.4996186848335429,0.17195914055489717,0.24084562025331216,0.08757655435824778,0.10574081248187145,0.10574081248187145,1.0,0.5752638878713169,0.15454017633805464,0.21307432527817122,0.057121610512457226,0.0,0.0,1.0,0.46952307538944554,0.185925968218926,0.2448579045859331,0.09969305180569553
11,0.17714359127722118,0.0,0.21952307538944546,89,27,0.0,0,0,10,0.46952307538944554,0.6466666666666666,0.185925968218926,0.13666666666666666,0.2448579045859331,0.19166666666666668,0.09969305180569553,0.025,0.18138601551964545,0.18138601551964545,1.0,0.6509090909090909,0.13712121212121212,0.1853030303030303,0.02666666666666667,0.030095609444097435,0.030095609444097435,1.0,0.4996186848335429,0.17195914055489717,0.24084562025331216,0.08757655435824778,0.10574081248187145,0.10574081248187145,1.0,0.5752638878713169,0.15454017633805464,0.21307432527817122,0.057121610512457226,0.0,0.0,1.0,0.46952307538944554,0.185925968218926,0.2448579045859331,0.09969305180569553
12,0.17714359127722118,0.0,0.21952307538944546,91,27,0.0,0,0,10,0.46952307538944554,0.6466666666666666,0.185925968218926,0.13666666666666666,0.2448579045859331,0.19166666666666668,0.09969305180569553,0.025,0.18138601551964545,0.18138601551964545,1.0,0.6509090909090909,0.13712121212121212,0.1853030303030303,0.02666666666666667,0.030095609444097435,0.030095609444097435,1.0,0.4996186848335429,0.17195914055489717,0.24084562025331216,0.08757655435824778,0.10574081248187145,0.10574081248187145,1.0,0.5752638878713169,0.15454017633805464,0.21307432527817122,0.057121610512457226,0.0,0.0,1.0,0.46952307538944554,0.185925968218926,0.2448579045859331,0.09969305180569553
13,0.17714359127722118,0.0,0.21952307538944546,104,27,0.0,0,0,10,0.46952307538944554,0.6466666666666666,0.185925968218926,0.13666666666666666,0.2448579045859331,0.19166666666666668,0.09969305180569553,0.025,0.18138601551964545,0.18138601551964545,1.0,0.6509090909090909,0.13712121212121212,0.1853030303030303,0.02666666666666667,0.030095609444097435,0.030095609444097435,1.0,0.4996186848335429,0.17195914055489717,0.24084562025331216,0.08757655435824778,0.10574081248187145,0.10574081248187145,1.0,0.5752638878713169,0.15454017633805464,0.21307432527817122,0.057121610512457226,0.0,0.0,1.0,0.46952307538944554,0.185925968218926,0.2448579045859331,0.09969305180569553
14,0.17714359127722118,0.0,0.21952307538944546,77,27,0.0,0,0,10,0.46952307538944554,0.6466666666666666,0.185925968218926,0.13666666666666666,0.2448579045859331,0.19166666666666668,0.09969305180569553,0.025,0.18138601551964545,0.18138601551964545,1.0,0.6509090909090909,0.13712121212121212,0.1853030303030303,0.02666666666666667,0.030095609444097435,0.030095609444097435,1.0,0.4996186848335429,0.17195914055489717,0.24084562025331216,0.08757655435824778,0.10574081248187145,0.10574081248187145,1.0,0.5752638878713169,0.15454017633805464,0.21307432527817122,0.057121610512457226,0.0,0.0,1.0,0.46952307538944554,0.185925968218926,0.2448579045859331,0.09969305180569553
15,0.17714359127722118,0.0,0.21952307538944546,100,27,0.0,0,0,10,0.46952307538944554,0.6466666666666666,0.185925968218926,0.13666666666666666,0.2448579045859331,0.19166666666666668,0.09969305180569553,0.025,0.18138601551964545,0.18138601551964545,1.0,0.6509090909090909,0.13712121212121212,0.1853030303030303,0.02666666666666667,0.030095609444097435,0.030095609444097435,1.0,0.4996186848335429,0.17195914055489717,0.24084562025331216,0.08757655435824778,0.10574081248187145,0.10574081248187145,1.0,0.5752638878713169,0.15454017633805464,0.21307432527817122,0.057121610512457226,0.0,0.0,1.0,0.46952307538944554,0.185925968218926,0.2448579045859331,0.09969305180569553
16,0.17714359127722118,0.0,0.21952307538944546,93,27,0.0,0,0,10,0.46952307538944554,0.6466666666666666,0.185925968218926,0.13666666666666666,0.2448579045859331,0.19166666666666668,0.09969305180569553,0.025,0.18138601551964545,0.18138601551964545,1.0,0.6509090909090909,0.13712121212121212,0.1853030303030303,0.02666666666666667,0.030095609444097435,0.030095609444097435,1.0,0.4996186848335429,0.17195914055489717,0.24084562025331216,0.08757655435824778,0.10574081248187145,0.10574081248187145,1.0,0.5752638878713169,0.15454017633805464,0.21307432527817122,0.057121610512457226,0.0,0.0,1.0,0.46952307538944554,0.185925968218926,0.2448579045859331,0.09969305180569553
17,0.17547692461055453,0.0,0.21952307538944546,83,27,0.0,0,0,10,0.46952307538944554,0.645,0.185925968218926,0.14,0.2448579045859331,0.19,0.09969305180569553,0.025,0.18138601551964545,0.18138601551964545,1.0,0.6509090909090909,0.13712121212121212,0.1853030303030303,0.02666666666666667,0.030095609444097435,0.030095609444097435,1.0,0.4996186848335429,0.17195914055489717,0.24084562025331216,0.08757655435824778,0.10574081248187145,0.10574081248187145,1.0,0.5752638878713169,0.15454017633805464,0.21307432527817122,0.057121610512457226,0.0,0.0,1.0,0.46952307538944554,0.185925968218926,0.2448579045859331,0.09969305180569553
18,0.17381025794388785,0.0,0.21952307538944546,100,27,0.0,0,0,10,0.46952307538944554,0.6433333333333333,0.185925968218926,0.14,0.2448579045859331,0.19166666666666668,0.09969305180569553,0.025,0.18138601551964545,0.18138601551964545,1.0,0.6509090909090909,0.13712121212121212,0.1853030303030303,0.02666666666666667,0.030095609444097435,0.030095609444097435,1.0,0.4996186848335429,0.17195914055489717,0.24084562025331216,0.08757655435824778,0.10574081248187145,0.10574081248187145,1.0,0.5752638878713169,0.15454017633805464,0.21307432527817122,0.057121610512457226,0.0,0.0,1.0,0.46952307538944554,0.185925968218926,0.2448579045859331,0.09969305180569553
19,0.17381025794388785,0.0,0.21952307538944546,89,27,0.0,0,0,10,0.46952307538944554,0.6433333333333333,0.185925968218926,0.14,0.2448579045859331,0.19166666666666668,0.09969305180569553,0.025,0.18138601551964545,0.18138601551964545,1.0,0.6509090909090909,0.13712121212121212,0.1853030303030303,0.02666666666666667,0.030095609444097435,0.030095609444097435,1.0,0.4996186848335429,0.17195914055489717,0.24084562025331216,0.08757655435824778,0.10574081248187145,0.10574081248187145,1.0,0.5752638878713169,0.15454017633805464,0.21307432527817122,0.057121610512457226,0.0,0.0,1.0,0.46952307538944554,0.185925968218926,0.2448579045859331,0.09969305180569553
20,0.17381025794388785,0.0,0.21952307538944546,87,27,0.0,0,1,20,0.46952307538944554,0.6433333333333333,0.185925968218926,0.14,0.2448579045859331,0.19166666666666668,0.09969305180569553,0.025,0.1808102579438879,0.1808102579438879,1.0,0.6503333333333333,0.13691666666666666,0.18766666666666668,0.025083333333333332,0.14222636422253782,0.14222636422253782,1.0,0.39215668122704433,0.30654566979962766,0.2664645672277692,0.03483308174555882,0.08752713190496453,0.08752713190496453,1.0,0.5212450072801889,0.22173116823314715,0.22706561694721794,0.029958207539446075,0.0,0.0,1.0,0.46952307538944554,0.185925968218926,0.2448579045859331,0.09969305180569553
21,0.17381025794388785,0.0,0.21952307538944546,92,27,0.0,0,0,20,0.46952307538944554,0.6433333333333333,0.185925968218926,0.14,0.2448579045859331,0.19166666666666668,0.09969305180569553,0.025,0.1808102579438879,0.1808102579438879,1.0,0.6503333333333333,0.13691666666666666,0.18766666666666668,0.025083333333333332,0.14222636422253782,0.14222636422253782,1.0,0.39215668122704433,0.30654566979962766,0.2664645672277692,0.03483308174555882,0.08752713190496453,0.08752713190496453,1.0,0.5212450072801889,0.22173116823314715,0.22706561694721794,0.029958207539446075,0.0,0.0,1.0,0.46952307538944554,0.185925968218926,0.2448579045859331,0.09969305180569553
22,0.17547692461055453,0.0,0.21952307538944546,89,27,0.0,0,0,20,0.46952307538944554,0.645,0.185925968218926,0.13833333333333334,0.2448579045859331,0.19166666666666668,0.09969305180569553,0.025,0.1808102579438879,0.1808102579438879,1.0,0.6503333333333333,0.13691666666666666,0.18766666666666668,0.025083333333333332,0.14222636422253782,0.14222636422253782,1.0,0.39215668122704433,0.30654566979962766,0.2664645672277692,0.03483308174555882,0.08752713190496453,0.08752713190496453,1.0,0.5212450072801889,0.22173116823314715,0.22706561694721794,0.029958207539446075,0.0,0.0,1.0,0.46952307538944554,0.185925968218926,0.2448579045859331,0.09969305180569553
23,0.17547692461055453,0.0,0.21952307538944546,91,27,0.0,0,0,20,0.46952307538944554,0.645,0.185925968218926,0.13833333333333334,0.2448579045859331,0.19166666666666668,0.09969305180569553,0.025,0.1808102579438879,0.1808102579438879,1.0,0.6503333333333333,0.13691666666666666,0.18766666666666668,0.025083333333333332,0.14222636422253782,0.14222636422253782,1.0,0.39215668122704433,0.30654566979962766,0.2664645672277692,0.03483308174555882,0.08752713190496453,0.08752713190496453,1.0,0.5212450072801889,0.22173116823314715,0.22706561694721794,0.029958207539446075,0.0,0.0,1.0,0.46952307538944554,0.185925968218926,0.2448579045859331,0.09969305180569553
24,0.17547692461055453,0.0,0.21952307538944546,81,27,0.0,0,0,20,0.46952307538944554,0.645,0.185925968218926,0.13833333333333334,0.2448579045859331,0.19166666666666668,0.09969305180569553,0.025,0.1808102579438879,0.1808102579438879,1.0,0.6503333333333333,0.13691666666666666,0.18766666666666668,0.025083333333333332,0.14222636422253782,0.14222636422253782,1.0,0.39215668122704433,0.30654566979962766,0.2664645672277692,0.03483308174555882,0.08752713190496453,0.08752713190496453,1.0,0.5212450072801889,0.22173116823314715,0.22706561694721794,0.029958207539446075,0.0,0.0,1.0,0.46952307538944554,0.185925968218926,0.2448579045859331,0.09969305180569553
25,0.17547692461055453,0.0,0.21952307538944546,94,27,0.0,0,0,20,0.46952307538944554,0.645,0.185925968218926,0.13833333333333334,0.2448579045859331,0.19166666666666668,0.09969305180569553,0.025,0.1808102579438879,0.1808102579438879,1.0,0.6503333333333333,0.13691666666666666,0.18766666666666668,0.025083333333333332,0.14222636422253782,0.14222636422253782,1.0,0.39215668122704433,0.30654566979962766,0.2664645672277692,0.03483308174555882,0.08752713190496453,0.08752713190496453,1.0,0.5212450072801889,0.22173116823314715,0.22706561694721794,0.029958207539446075,0.0,0.0,1.0,0.46952307538944554,0.185925968218926,0.2448579045859331,0.09969305180569553
26,0.17547692461055453,0.0,0.21952307538944546,87,27,0.0,0,0,20,0.46952307538944554,0.645,0.185925968218926,0.13833333333333334,0.2448579045859331,0.19166666666666668,0.09969305180569553,0.025,0.1808102579438879,0.1808102579438879,1.0,0.6503333333333333,0.13691666666666666,0.18766666666666668,0.025083333333333332,0.14222636422253782,0.14222636422253782,1.0,0.39215668122704433,0.30654566979962766,0.2664645672277692,0.03483308174555882,0.08752713190496453,0.08752713190496453,1.0,0.5212450072801889,0.22173116823314715,0.22706561694721794,0.029958207539446075,0.0,0.0,1.0,0.46952307538944554,0.185925968218926,0.2448579045859331,0.09969305180569553
27,0.17547692461055453,0.0,0.21952307538944546,82,27,0.0,0,0,20,0.46952307538944554,0.645,0.185925968218926,0.13833333333333334,0.2448579045859331,0.19166666666666668,0.09969305180569553,0.025,0.1808102579438879,0.1808102579438879,1.0,0.6503333333333333,0.13691666666666666,0.18766666666666668,0.025083333333333332,0.14222636422253782,0.14222636422253782,1.0,0.39215668122704433,0.30654566979962766,0.2664645672277692,0.03483308174555882,0.08752713190496453,0.08752713190496453,1.0,0.5212450072801889,0.22173116823314715,0.22706561694721794,0.029958207539446075,0.0,0.0,1.0,0.46952307538944554,0.185925968218926,0.2448579045859331,0.09969305180569553
28,0.17547692461055453,0.0,0.21952307538944546,104,27,0.0,0,0,20,0.46952307538944554,0.645,0.185925968218926,0.13833333333333334,0.2448579045859331,0.19166666666666668,0.09969305180569553,0.025,0.1808102579438879,0.1808102579438879,1.0,0.6503333333333333,0.13691666666666666,0.18766666666666668,0.025083333333333332,0.14222636422253782,0.14222636422253782,1.0,0.39215668122704433,0.30654566979962766,0.2664645672277692,0.03483308174555882,0.08752713190496453,0.08752713190496453,1.0,0.5212450072801889,0.22173116823314715,0.22706561694721794,0.029958207539446075,0.0,0.0,1.0,0.46952307538944554,0.185925968218926,0.2448579045859331,0.09969305180569553
29,0.17381025794388788,0.0,0.21952307538944546,89,27,0.0,0,0,20,0.46952307538944554,0.6433333333333333,0.185925968218926,0.13833333333333334,0.2448579045859331,0.19333333333333333,0.09969305180569553,0.025,0.1808102579438879,0.1808102579438879,1.0,0.6503333333333333,0.13691666666666666,0.18766666666666668,0.025083333333333332,0.14222636422253782,0.14222636422253782,1.0,0.39215668122704433,0.30654566979962766,0.2664645672277692,0.03483308174555882,0.08752713190496453,0.08752713190496453,1.0,0.5212450072801889,0.22173116823314715,0.22706561694721794,0.029958207539446075,0.0,0.0,1.0,0.46952307538944554,0.185925968218926,0.2448579045859331,0.09969305180569553
30,0.17214359127722123,0.0,0.21952307538944546,80,27,0.0,0,1,30,0.46952307538944554,0.6416666666666667,0.185925968218926,0.14,0.2448579045859331,0.19333333333333333,0.09969305180569553,0.025,0.1753935912772212,0.1753935912772212,1.0,0.6449166666666667,0.13833333333333334,0.19175,0.025,0.0861990239909297,0.0861990239909297,1.0,0.5394853086668053,0.16189308023687263,0.18269176857705668,0.11592984251926534,0.12267791227729055,0.12267791227729055,1.0,0.592200987666736,0.15011320678510298,0.18722088428852834,0.07046492125963268,0.0,0.0,1.0,0.46952307538944554,0.185925968218926,0.2448579045859331,0.09969305180569553
31,0.17214359127722123,0.0,0.21952307538944546,98,27,0.0,0,0,30,0.46952307538944554,0.6416666666666667,0.185925968218926,0.14,0.2448579045859331,0.19333333333333333,0.09969305180569553,0.025,0.1753935912772212,0.1753935912772212,1.0,0.6449166666666667,0.13833333333333334,0.19175,0.025,0.0861990239909297,0.0861990239909297,1.0,0.5394853086668053,0.16189308023687263,0.18269176857705668,0.11592984251926534,0.12267791227729055,0.12267791227729055,1.0,0.592200987666736,0.15011320678510298,0.18722088428852834,0.07046492125963268,0.0,0.0,1.0,0.46952307538944554,0.185925968218926,0.2448579045859331,0.09969305180569553
32,0.17381025794388785,0.0,0.21952307538944546,96,27,0.0,0,0,30,0.46952307538944554,0.6433333333333333,0.185925968218926,0.14,0.2448579045859331,0.19166666666666668,0.09969305180569553,0.025,0.1753935912772212,0.1753935912772212,1.0,0.6449166666666667,0.13833333333333334,0.19175,0.025,0.0861990239909297,0.0861990239909297,1.0,0.5394853086668053,0.16189308023687263,0.18269176857705668,0.11592984251926534,0.12267791227729055,0.12267791227729055,1.0,0.592200987666736,0.15011320678510298,0.18722088428852834,0.07046492125963268,0.0,0.0,1.0,0.46952307538944554,0.185925968218926,0.2448579045859331,0.09969305180569553
33,0.17214359127722123,0.0,0.21952307538944546,96,27,0.0,0,0,30,0.46952307538944554,0.6416666666666667,0.185925968218926,0.14166666666666666,0.2448579045859331,0.19166666666666668,0.09969305180569553,0.025,0.1753935912772212,0.1753935912772212,1.0,0.6449166666666667,0.13833333333333334,0.19175,0.025,0.0861990239909297,0.0861990239909297,1.0,0.5394853086668053,0.16189308023687263,0.18269176857705668,0.11592984251926534,0.12267791227729055,0.12267791227729055,1.0,0.592200987666736,0.15011320678510298,0.18722088428852834,0.07046492125963268,0.0,0.0,1.0,0.46952307538944554,0.185925968218926,0.2448579045859331,0.09969305180569553
34,0.17214359127722123,0.0,0.21952307538944546,80,27,0.0,0,0,30,0.46952307538944554,0.6416666666666667,0.185925968218926,0.14166666666666666,0.2448579045859331,0.19166666666666668,0.09969305180569553,0.025,0.1753935912772212,0.1753935912772212,1.0,0.6449166666666667,0.13833333333333334,0.19175,0.025,0.0861990239909297,0.0861990239909297,1.0,0.5394853086668053,0.16189308023687263,0.18269176857705668,0.11592984251926534,0.12267791227729055,0.12267791227729055,1.0,0.592200987666736,0.15011320678510298,0.18722088428852834,0.07046492125963268,0.0,0.0,1.0,0.46952307538944554,0.185925968218926,0.2448579045859331,0.09969305180569553
35,0.17214359127722123,0.0,0.21952307538944546,81,27,0.0,0,0,30,0.46952307538944554,0.6416666666666667,0.185925968218926,0.14166666666666666,0.2448579045859331,0.19166666666666668,0.09969305180569553,0.025,0.1753935912772212,0.1753935912772212,1.0,0.6449166666666667,0.13833333333333334,0.19175,0.025,0.0861990239909297,0.0861990239909297,1.0,0.5394853086668053,0.16189308023687263,0.18269176857705668,0.11592984251926534,0.12267791227729055,0.12267791227729055,1.0,0.592200987666736,0.15011320678510298,0.18722088428852834,0.07046492125963268,0.0,0.0,1.0,0.46952307538944554,0.185925968218926,0.2448579045859331,0.09969305180569553
36,0.17214359127722123,0.0,0.21952307538944546,81,27,0.0,0,0,30,0.46952307538944554,0.6416666666666667,0.185925968218926,0.14166666666666666,0.2448579045859331,0.19166666666666668,0.09969305180569553,0.025,0.1753935912772212,0.1753935912772212,1.0,0.6449166666666667,0.13833333333333334,0.19175,0.025,0.0861990239909297,0.0861990239909297,1.0,0.5394853086668053,0.16189308023687263,0.18269176857705668,0.11592984251926534,0.12267791227729055,0.12267791227729055,1.0,0.592200987666736,0.15011320678510298,0.18722088428852834,0.07046492125963268,0.0,0.0,1.0,0.46952307538944554,0.185925968218926,0.2448579045859331,0.09969305180569553
37,0.17214359127722123,0.0,0.21952307538944546,84,27,0.0,0,0,30,0.46952307538944554,0.6416666666666667,0.185925968218926,0.14166666666666666,0.2448579045859331,0.19166666666666668,0.09969305180569553,0.025,0.1753935912772212,0.1753935912772212,1.0,0.6449166666666667,0.13833333333333334,0.19175,0.025,0.0861990239909297,0.0861990239909297,1.0,0.5394853086668053,0.16189308023687263,0.18269176857705668,0.11592984251926534,0.12267791227729055,0.12267791227729055,1.0,0.592200987666736,0.15011320678510298,0.18722088428852834,0.07046492125963268,0.0,0.0,1.0,0.46952307538944554,0.185925968218926,0.2448579045859331,0.09969305180569553
38,0.17214359127722123,0.0,0.21952307538944546,75,27,0.0,0,0,30,0.46952307538944554,0.6416666666666667,0.185925968218926,0.14166666666666666,0.2448579045859331,0.19166666666666668,0.09969305180569553,0.025,0.1753935912772212,0.1753935912772212,1.0,0.6449166666666667,0.13833333333333334,0.19175,0.025,0.0861990239909297,0.0861990239909297,1.0,0.5394853086668053,0.16189308023687263,0.18269176857705668,0.11592984251926534,0.12267791227729055,0.12267791227729055,1.0,0.592200987666736,0.15011320678510298,0.18722088428852834,0.07046492125963268,0.0,0.0,1.0,0.46952307538944554,0.185925968218926,0.2448579045859331,0.09969305180569553
39,0.17047692461055455,0.0,0.21952307538944546,79,27,0.0,0,0,30,0.46952307538944554,0.64,0.185925968218926,0.14166666666666666,0.2448579045859331,0.19333333333333333,0.09969305180569553,0.025,0.1753935912772212,0.1753935912772212,1.0,0.6449166666666667,0.13833333333333334,0.19175,0.025,0.0861990239909297,0.0861990239909297,1.0,0.5394853086668053,0.16189308023687263,0.18269176857705668,0.11592984251926534,0.12267791227729055,0.12267791227729055,1.0,0.592200987666736,0.15011320678510298,0.18722088428852834,0.07046492125963268,0.0,0.0,1.0,0.46952307538944554,0.185925968218926,0.2448579045859331,0.09969305180569553
40,0.17214359127722123,0.0,0.21952307538944546,108,27,0.0,0,1,40,0.46952307538944554,0.6416666666666667,0.185925968218926,0.14166666666666666,0.2448579045859331,0.19166666666666668,0.09969305180569553,0.025,0.17347692461055453,0.17347692461055453,1.0,0.643,0.14,0.192,0.025,0.0847692518482492,0.0847692518482492,1.0,0.534844265582814,0.12717390923219274,0.2643059662408138,0.07367585894417954,0.11939905740196148,0.11939905740196148,1.0,0.5889221327914069,0.13358695461609638,0.2281529831204069,0.04933792947208977,0.0,0.0,1.0,0.46952307538944554,0.185925968218926,0.2448579045859331,0.09969305180569553
41,0.17214359127722123,0.0,0.21952307538944546,90,27,0.0,0,0,40,0.46952307538944554,0.6416666666666667,0.185925968218926,0.14166666666666666,0.2448579045859331,0.19166666666666668,0.09969305180569553,0.025,0.17347692461055453,0.17347692461055453,1.0,0.643,0.14,0.192,0.025,0.0847692518482492,0.0847692518482492,1.0,0.534844265582814,0.12717390923219274,0.2643059662408138,0.07367585894417954,0.11939905740196148,0.11939905740196148,1.0,0.5889221327914069,0.13358695461609638,0.2281529831204069,0.04933792947208977,0.0,0.0,1.0,0.46952307538944554,0.185925968218926,0.2448579045859331,0.09969305180569553
42,0.17381025794388785,0.0,0.21952307538944546,84,27,0.0,0,0,40,0.46952307538944554,0.6433333333333333,0.185925968218926,0.14,0.2448579045859331,0.19166666666666668,0.09969305180569553,0.025,0.17347692461055453,0.17347692461055453,1.0,0.643,0.14,0.192,0.025,0.0847692518482492,0.0847692518482492,1.0,0.534844265582814,0.12717390923219274,0.2643059662408138,0.07367585894417954,0.11939905740196148,0.11939905740196148,1.0,0.5889221327914069,0.13358695461609638,0.2281529831204069,0.04933792947208977,0.0,0.0,1.0,0.46952307538944554,0.185925968218926,0.2448579045859331,0.09969305180569553
43,0.17047692461055455,0.0,0.21952307538944546,107,27,0.0,0,0,40,0.46952307538944554,0.64,0.185925968218926,0.14166666666666666,0.2448579045859331,0.19333333333333333,0.09969305180569553,0.025,0.17347692461055453,0.17347692461055453,1.0,0.643,0.14,0.192,0.025,0.0847692518482492,0.0847692518482492,1.0,0.534844265582814,0.12717390923219274,0.2643059662408138,0.07367585894417954,0.11939905740196148,0.11939905740196148,1.0,0.5889221327914069,0.13358695461609638,0.2281529831204069,0.04933792947208977,0.0,0.0,1.0,0.46952307538944554,0.185925968218926,0.2448579045859331,0.09969305180569553
44,0.16881025794388788,0.0,0.21952307538944546,81,27,0.0,0,0,40,0.46952307538944554,0.6383333333333333,0.185925968218926,0.14166666666666666,0.2448579045859331,0.195,0.09969305180569553,0.025,0.17347692461055453,0.17347692461055453,1.0,0.643,0.14,0.192,0.025,0.0847692518482492,0.0847692518482492,1.0,0.534844265582814,0.12717390923219274,0.2643059662408138,0.07367585894417954,0.11939905740196148,0.11939905740196148,1.0,0.5889221327914069,0.13358695461609638,0.2281529831204069,0.04933792947208977,0.0,0.0,1.0,0.46952307538944554,0.185925968218926,0.2448579045859331,0.09969305180569553
45,0.16881025794388788,0.0,0.21952307538944546,78,27,0.0,0,0,40,0.46952307538944554,0.6383333333333333,0.185925968218926,0.14166666666666666,0.2448579045859331,0.195,0.09969305180569553,0.025,0.17347692461055453,0.17347692461055453,1.0,0.643,0.14,0.192,0.025,0.0847692518482492,0.0847692518482492,1.0,0.534844265582814,0.12717390923219274,0.2643059662408138,0.07367585894417954,0.11939905740196148,0.11939905740196148,1.0,0.5889221327914069,0.13358695461609638,0.2281529831204069,0.04933792947208977,0.0,0.0,1.0,0.46952307538944554,0.185925968218926,0.2448579045859331,0.09969305180569553
46,0.16881025794388788,0.0,0.21952307538944546,102,27,0.0,0,0,40,0.46952307538944554,0.6383333333333333,0.185925968218926,0.14166666666666666,0.2448579045859331,0.195,0.09969305180569553,0.025,0.17347692461055453,0.17347692461055453,1.0,0.643,0.14,0.192,0.025,0.0847692518482492,0.0847692518482492,1.0,0.534844265582814,0.12717390923219274,0.2643059662408138,0.07367585894417954,0.11939905740196148,0.11939905740196148,1.0,0.5889221327914069,0.13358695461609638,0.2281529831204069,0.04933792947208977,0.0,0.0,1.0,0.46952307538944554,0.185925968218926,0.2448579045859331,0.09969305180569553
47,0.16881025794388788,0.0,0.21952307538944546,95,27,0.0,0,0,40,0.46952307538944554,0.6383333333333333,0.185925968218926,0.14166666666666666,0.2448579045859331,0.195,0.09969305180569553,0.025,0.17347692461055453,0.17347692461055453,1.0,0.643,0.14,0.192,0.025,0.0847692518482492,0.0847692518482492,1.0,0.534844265582814,0.12717390923219274,0.2643059662408138,0.07367585894417954,0.11939905740196148,0.11939905740196148,1.0,0.5889221327914069,0.13358695461609638,0.2281529831204069,0.04933792947208977,0.0,0.0,1.0,0.46952307538944554,0.185925968218926,0.2448579045859331,0.09969305180569553
48,0.16881025794388788,0.0,0.21952307538944546,120,27,0.0,0,0,40,0.46952307538944554,0.6383333333333333,0.185925968218926,0.14166666666666666,0.2448579045859331,0.195,0.09969305180569553,0.025,0.17347692461055453,0.17347692461055453,1.0,0.643,0.14,0.192,0.025,0.0847692518482492,0.0847692518482492,1.0,0.534844265582814,0.12717390923219274,0.2643059662408138,0.07367585894417954,0.11939905740196148,0.11939905740196148,1.0,0.5889221327914069,0.13358695461609638,0.2281529831204069,0.04933792947208977,0.0,0.0,1.0,0.46952307538944554,0.185925968218926,0.2448579045859331,0.09969305180569553
49,0.16881025794388788,0.0,0.21952307538944546,86,27,0.0,0,0,40,0.46952307538944554,0.6383333333333333,0.185925968218926,0.14166666666666666,0.2448579045859331,0.195,0.09969305180569553,0.025,0.17347692461055453,0.17347692461055453,1.0,0.643,0.14,0.192,0.025,0.0847692518482492,0.0847692518482492,1.0,0.534844265582814,0.12717390923219274,0.2643059662408138,0.07367585894417954,0.11939905740196148,0.11939905740196148,1.0,0.5889221327914069,0.13358695461609638,0.2281529831204069,0.04933792947208977,0.0,0.0,1.0,0.46952307538944554,0.185925968218926,0.2448579045859331,0.09969305180569553
50,0.16881025794388788,0.0,0.21952307538944546,100,27,0.0,0,1,50,0.46952307538944554,0.6383333333333333,0.185925968218926,0.14166666666666666,0.2448579045859331,0.195,0.09969305180569553,0.025,0.17097692461055453,0.17097692461055453,1.0,0.6405,0.14141666666666666,0.19308333333333333,0.025,0.08210687609843574,0.08210687609843574,1.0,0.5382596519194575,0.19929626778734977,0.20142008477144258,0.06102399552175023,0.11985675057028326,0.11985675057028326,1.0,0.5893798259597287,0.1703564672270082,0.19725170905238795,0.043011997760875116,0.0,0.0,1.0,0.46952307538944554,0.185925968218926,0.2448579045859331,0.09969305180569553
51,0.16881025794388788,0.0,0.21952307538944546,99,27,0.0,0,0,50,0.46952307538944554,0.6383333333333333,0.185925968218926,0.14166666666666666,0.2448579045859331,0.195,0.09969305180569553,0.025,0.17097692461055453,0.17097692461055453,1.0,0.6405,0.14141666666666666,0.19308333333333333,0.025,0.08210687609843574,0.08210687609843574,1.0,0.5382596519194575,0.19929626778734977,0.20142008477144258,0.06102399552175023,0.11985675057028326,0.11985675057028326,1.0,0.5893798259597287,0.1703564672270082,0.19725170905238795,0.043011997760875116,0.0,0.0,1.0,0.46952307538944554,0.185925968218926,0.2448579045859331,0.09969305180569553
52,0.16881025794388788,0.0,0.21952307538944546,86,27,0.0,0,0,50,0.46952307538944554,0.6383333333333333,0.185925968218926,0.14166666666666666,0.2448579045859331,0.195,0.09969305180569553,0.025,0.17097692461055453,0.17097692461055453,1.0,0.6405,0.14141666666666666,0.19308333333333333,0.025,0.08210687609843574,0.08210687609843574,1.0,0.5382596519194575,0.19929626778734977,0.20142008477144258,0.06102399552175023,0.11985675057028326,0.11985675057028326,1.0,0.5893798259597287,0.1703564672270082,0.19725170905238795,0.043011997760875116,0.0,0.0,1.0,0.46952307538944554,0.185925968218926,0.2448579045859331,0.09969305180569553
53,0.16881025794388788,0.0,0.21952307538944546,88,27,0.0,0,0,50,0.46952307538944554,0.6383333333333333,0.185925968218926,0.14166666666666666,0.2448579045859331,0.195,0.09969305180569553,0.025,0.17097692461055453,0.17097692461055453,1.0,0.6405,0.14141666666666666,0.19308333333333333,0.025,0.08210687609843574,0.08210687609843574,1.0,0.5382596519194575,0.19929626778734977,0.20142008477144258,0.06102399552175023,0.11985675057028326,0.11985675057028326,1.0,0.5893798259597287,0.1703564672270082,0.19725170905238795,0.043011997760875116,0.0,0.0,1.0,0.46952307538944554,0.185925968218926,0.2448579045859331,0.09969305180569553
54,0.16881025794388788,0.0,0.21952307538944546,94,27,0.0,0,0,50,0.46952307538944554,0.6383333333333333,0.185925968218926,0.14166666666666666,0.2448579045859331,0.195,0.09969305180569553,0.025,0.17097692461055453,0.17097692461055453,1.0,0.6405,0.14141666666666666,0.19308333333333333,0.025,0.08210687609843574,0.08210687609843574,1.0,0.5382596519194575,0.19929626778734977,0.20142008477144258,0.06102399552175023,0.11985675057028326,0.11985675057028326,1.0,0.5893798259597287,0.1703564672270082,0.19725170905238795,0.043011997760875116,0.0,0.0,1.0,0.46952307538944554,0.185925968218926,0.2448579045859331,0.09969305180569553
55,0.16881025794388788,0.0,0.21952307538944546,96,27,0.0,0,0,50,0.46952307538944554,0.6383333333333333,0.185925968218926,0.14166666666666666,0.2448579045859331,0.195,0.09969305180569553,0.025,0.17097692461055453,0.17097692461055453,1.0,0.6405,0.14141666666666666,0.19308333333333333,0.025,0.08210687609843574,0.08210687609843574,1.0,0.5382596519194575,0.19929626778734977,0.20142008477144258,0.06102399552175023,0.11985675057028326,0.11985675057028326,1.0,0.5893798259597287,0.1703564672270082,0.19725170905238795,0.043011997760875116,0.0,0.0,1.0,0.46952307538944554,0.185925968218926,0.2448579045859331,0.09969305180569553
56,0.16881025794388788,0.0,0.21952307538944546,94,27,0.0,0,0,50,0.46952307538944554,0.6383333333333333,0.185925968218926,0.14166666666666666,0.2448579045859331,0.195,0.09969305180569553,0.025,0.17097692461055453,0.17097692461055453,1.0,0.6405,0.14141666666666666,0.19308333333333333,0.025,0.08210687609843574,0.08210687609843574,1.0,0.5382596519194575,0.19929626778734977,0.20142008477144258,0.06102399552175023,0.11985675057028326,0.11985675057028326,1.0,0.5893798259597287,0.1703564672270082,0.19725170905238795,0.043011997760875116,0.0,0.0,1.0,0.46952307538944554,0.185925968218926,0.2448579045859331,0.09969305180569553
57,0.16714359127722123,0.0,0.21952307538944546,94,27,0.0,0,0,50,0.46952307538944554,0.6366666666666667,0.185925968218926,0.14166666666666666,0.2448579045859331,0.19666666666666666,0.09969305180569553,0.025,0.17097692461055453,0.17097692461055453,1.0,0.6405,0.14141666666666666,0.19308333333333333,0.025,0.08210687609843574,0.08210687609843574,1.0,0.5382596519194575,0.19929626778734977,0.20142008477144258,0.06102399552175023,0.11985675057028326,0.11985675057028326,1.0,0.5893798259597287,0.1703564672270082,0.19725170905238795,0.043011997760875116,0.0,0.0,1.0,0.46952307538944554,0.185925968218926,0.2448579045859331,0.09969305180569553
58,0.16714359127722123,0.0,0.21952307538944546,83,27,0.0,0,0,50,0.46952307538944554,0.6366666666666667,0.185925968218926,0.14166666666666666,0.2448579045859331,0.19666666666666666,0.09969305180569553,0.025,0.17097692461055453,0.17097692461055453,1.0,0.6405,0.14141666666666666,0.19308333333333333,0.025,0.08210687609843574,0.08210687609843574,1.0,0.5382596519194575,0.19929626778734977,0.20142008477144258,0.06102399552175023,0.11985675057028326,0.11985675057028326,1.0,0.5893798259597287,0.1703564672270082,0.19725170905238795,0.043011997760875116,0.0,0.0,1.0,0.46952307538944554,0.185925968218926,0.2448579045859331,0.09969305180569553
59,0.16714359127722123,0.0,0.21952307538944546,94,27,0.0,0,0,50,0.46952307538944554,0.6366666666666667,0.185925968218926,0.14166666666666666,0.2448579045859331,0.19666666666666666,0.09969305180569553,0.025,0.17097692461055453,0.17097692461055453,1.0,0.6405,0.14141666666666666,0.19308333333333333,0.025,0.08210687609843574,0.08210687609843574,1.0,0.5382596519194575,0.19929626778734977,0.20142008477144258,0.06102399552175023,0.11985675057028326,0.11985675057028326,1.0,0.5893798259597287,0.1703564672270082,0.19725170905238795,0.043011997760875116,0.0,0.0,1.0,0.46952307538944554,0.185925968218926,0.2448579045859331,0.09969305180569553
60,0.16714359127722123,0.0,0.21952307538944546,87,27,0.0,0,1,60,0.46952307538944554,0.6366666666666667,0.185925968218926,0.14166666666666666,0.2448579045859331,0.19666666666666666,0.09969305180569553,0.025,0.16897692461055452,0.16897692461055452,1.0,0.6385,0.14158333333333334,0.19491666666666665,0.025,0.1512739350919356,0.1512739350919356,1.0,0.3651110297180115,0.255117955113441,0.32693985278335363,0.052831162385193926,0.060777470613098475,0.060777470613098475,1.0,0.5018055148590057,0.19835064422338716,0.26092825972501016,0.038915581192596964,0.0,0.0,1.0,0.46952307538944554,0.185925968218926,0.2448579045859331,0.09969305180569553
61,0.16714359127722123,0.0,0.21952307538944546,94,27,0.0,0,0,60,0.46952307538944554,0.6366666666666667,0.185925968218926,0.14166666666666666,0.2448579045859331,0.19666666666666666,0.09969305180569553,0.025,0.16897692461055452,0.16897692461055452,1.0,0.6385,0.14158333333333334,0.19491666666666665,0.025,0.1512739350919356,0.1512739350919356,1.0,0.3651110297180115,0.255117955113441,0.32693985278335363,0.052831162385193926,0.060777470613098475,0.060777470613098475,1.0,0.5018055148590057,0.19835064422338716,0.26092825972501016,0.038915581192596964,0.0,0.0,1.0,0.46952307538944554,0.185925968218926,0.2448579045859331,0.09969305180569553
62,0.16714359127722123,0.0,0.21952307538944546,82,27,0.0,0,0,60,0.46952307538944554,0.6366666666666667,0.185925968218926,0.14166666666666666,0.2448579045859331,0.19666666666666666,0.09969305180569553,0.025,0.16897692461055452,0.16897692461055452,1.0,0.6385,0.14158333333333334,0.19491666666666665,0.025,0.1512739350919356,0.1512739350919356,1.0,0.3651110297180115,0.255117955113441,0.32693985278335363,0.052831162385193926,0.060777470613098475,0.060777470613098475,1.0,0.5018055148590057,0.19835064422338716,0.26092825972501016,0.038915581192596964,0.0,0.0,1.0,0.46952307538944554,0.185925968218926,0.2448579045859331,0.09969305180569553
63,0.16714359127722123,0.0,0.21952307538944546,90,27,0.0,0,0,60,0.46952307538944554,0.6366666666666667,0.185925968218926,0.14166666666666666,0.2448579045859331,0.19666666666666666,0.09969305180569553,0.025,0.16897692461055452,0.16897692461055452,1.0,0.6385,0.14158333333333334,0.19491666666666665,0.025,0.1512739350919356,0.1512739350919356,1.0,0.3651110297180115,0.255117955113441,0.32693985278335363,0.052831162385193926,0.060777470613098475,0.060777470613098475,1.0,0.5018055148590057,0.19835064422338716,0.26092825972501016,0.038915581192596964,0.0,0.0,1.0,0.46952307538944554,0.185925968218926,0.2448579045859331,0.09969305180569553
64,0.16714359127722123,0.0,0.21952307538944546,86,27,0.0,0,0,60,0.46952307538944554,0.6366666666666667,0.185925968218926,0.14166666666666666,0.2448579045859331,0.19666666666666666,0.09969305180569553,0.025,0.16897692461055452,0.16897692461055452,1.0,0.6385,0.14158333333333334,0.19491666666666665,0.025,0.1512739350919356,0.1512739350919356,1.0,0.3651110297180115,0.255117955113441,0.32693985278335363,0.052831162385193926,0.060777470613098475,0.060777470613098475,1.0,0.5018055148590057,0.19835064422338716,0.26092825972501016,0.038915581192596964,0.0,0.0,1.0,0.46952307538944554,0.185925968218926,0.2448579045859331,0.09969305180569553
65,0.16714359127722123,0.0,0.21952307538944546,96,27,0.0,0,0,60,0.46952307538944554,0.6366666666666667,0.185925968218926,0.14166666666666666,0.2448579045859331,0.19666666666666666,0.09969305180569553,0.025,0.16897692461055452,0.16897692461055452,1.0,0.6385,0.14158333333333334,0.19491666666666665,0.025,0.1512739350919356,0.1512739350919356,1.0,0.3651110297180115,0.255117955113441,0.32693985278335363,0.052831162385193926,0.060777470613098475,0.060777470613098475,1.0,0.5018055148590057,0.19835064422338716,0.26092825972501016,0.038915581192596964,0.0,0.0,1.0,0.46952307538944554,0.185925968218926,0.2448579045859331,0.09969305180569553
66,0.16714359127722123,0.0,0.21952307538944546,85,27,0.0,0,0,60,0.46952307538944554,0.6366666666666667,0.185925968218926,0.14166666666666666,0.2448579045859331,0.19666666666666666,0.09969305180569553,0.025,0.16897692461055452,0.16897692461055452,1.0,0.6385,0.14158333333333334,0.19491666666666665,0.025,0.1512739350919356,0.1512739350919356,1.0,0.3651110297180115,0.255117955113441,0.32693985278335363,0.052831162385193926,0.060777470613098475,0.060777470613098475,1.0,0.5018055148590057,0.19835064422338716,0.26092825972501016,0.038915581192596964,0.0,0.0,1.0,0.46952307538944554,0.185925968218926,0.2448579045859331,0.09969305180569553
67,0.16714359127722123,0.0,0.21952307538944546,89,27,0.0,0,0,60,0.46952307538944554,0.6366666666666667,0.185925968218926,0.14166666666666666,0.2448579045859331,0.19666666666666666,0.09969305180569553,0.025,0.16897692461055452,0.16897692461055452,1.0,0.6385,0.14158333333333334,0.19491666666666665,0.025,0.1512739350919356,0.1512739350919356,1.0,0.3651110297180115,0.255117955113441,0.32693985278335363,0.052831162385193926,0.060777470613098475,0.060777470613098475,1.0,0.5018055148590057,0.19835064422338716,0.26092825972501016,0.038915581192596964,0.0,0.0,1.0,0.46952307538944554,0.185925968218926,0.2448579045859331,0.09969305180569553
68,0.16714359127722123,0.0,0.21952307538944546,93,27,0.0,0,0,60,0.46952307538944554,0.6366666666666667,0.185925968218926,0.14166666666666666,0.2448579045859331,0.19666666666666666,0.09969305180569553,0.025,0.16897692461055452,0.16897692461055452,1.0,0.6385,0.14158333333333334,0.19491666666666665,0.025,0.1512739350919356,0.1512739350919356,1.0,0.3651110297180115,0.255117955113441,0.32693985278335363,0.052831162385193926,0.060777470613098475,0.060777470613098475,1.0,0.5018055148590057,0.19835064422338716,0.26092825972501016,0.038915581192596964,0.0,0.0,1.0,0.46952307538944554,0.185925968218926,0.2448579045859331,0.09969305180569553
69,0.16714359127722123,0.0,0.21952307538944546,99,27,0.0,0,0,60,0.46952307538944554,0.6366666666666667,0.185925968218926,0.14166666666666666,0.2448579045859331,0.19666666666666666,0.09969305180569553,0.025,0.16897692461055452,0.16897692461055452,1.0,0.6385,0.14158333333333334,0.19491666666666665,0.025,0.1512739350919356,0.1512739350919356,1.0,0.3651110297180115,0.255117955113441,0.32693985278335363,0.052831162385193926,0.060777470613098475,0.060777470613098475,1.0,0.5018055148590057,0.19835064422338716,0.26092825972501016,0.038915581192596964,0.0,0.0,1.0,0.46952307538944554,0.185925968218926,0.2448579045859331,0.09969305180569553
70,0.16714359127722123,0.0,0.21952307538944546,76,27,0.0,0,1,70,0.46952307538944554,0.6366666666666667,0.185925968218926,0.14166666666666666,0.2448579045859331,0.19666666666666666,0.09969305180569553,0.025,0.16764359127722123,0.16764359127722123,1.0,0.6371666666666667,0.14166666666666666,0.19616666666666666,0.025,0.08891624706116102,0.08891624706116102,1.0,0.40391028485670444,0.16262251169050598,0.2690937430506279,0.16437346040216164,0.05101540037224012,0.05101540037224012,1.0,0.5205384757616855,0.1521445891785863,0.23263020485864727,0.09468673020108082,0.0,0.0,1.0,0.46952307538944554,0.185925968218926,0.2448579045859331,0.09969305180569553
71,0.16714359127722123,0.0,0.21952307538944546,88,27,0.0,0,0,70,0.46952307538944554,0.6366666666666667,0.185925968218926,0.14166666666666666,0.2448579045859331,0.19666666666666666,0.09969305180569553,0.025,0.16764359127722123,0.16764359127722123,1.0,0.6371666666666667,0.14166666666666666,0.19616666666666666,0.025,0.08891624706116102,0.08891624706116102,1.0,0.40391028485670444,0.16262251169050598,0.2690937430506279,0.16437346040216164,0.05101540037224012,0.05101540037224012,1.0,0.5205384757616855,0.1521445891785863,0.23263020485864727,0.09468673020108082,0.0,0.0,1.0,0.46952307538944554,0.185925968218926,0.2448579045859331,0.09969305180569553
72,0.16714359127722123,0.0,0.21952307538944546,78,27,0.0,0,0,70,0.46952307538944554,0.6366666666666667,0.185925968218926,0.14166666666666666,0.2448579045859331,0.19666666666666666,0.09969305180569553,0.025,0.16764359127722123,0.16764359127722123,1.0,0.6371666666666667,0.14166666666666666,0.19616666666666666,0.025,0.08891624706116102,0.08891624706116102,1.0,0.40391028485670444,0.16262251169050598,0.2690937430506279,0.16437346040216164,0.05101540037224012,0.05101540037224012,1.0,0.5205384757616855,0.1521445891785863,0.23263020485864727,0.09468673020108082,0.0,0.0,1.0,0.46952307538944554,0.185925968218926,0.2448579045859331,0.09969305180569553
73,0.16714359127722123,0.0,0.21952307538944546,91,27,0.0,0,0,70,0.46952307538944554,0.6366666666666667,0.185925968218926,0.14166666666666666,0.2448579045859331,0.19666666666666666,0.09969305180569553,0.025,0.16764359127722123,0.16764359127722123,1.0,0.6371666666666667,0.14166666666666666,0.19616666666666666,0.025,0.08891624706116102,0.08891624706116102,1.0,0.40391028485670444,0.16262251169050598,0.2690937430506279,0.16437346040216164,0.05101540037224012,0.05101540037224012,1.0,0.5205384757616855,0.1521445891785863,0.23263020485864727,0.09468673020108082,0.0,0.0,1.0,0.46952307538944554,0.185925968218926,0.2448579045859331,0.09969305180569553
74,0.16714359127722123,0.0,0.21952307538944546,100,27,0.0,0,0,70,0.46952307538944554,0.6366666666666667,0.185925968218926,0.14166666666666666,0.2448579045859331,0.19666666666666666,0.09969305180569553,0.025,0.16764359127722123,0.16764359127722123,1.0,0.6371666666666667,0.14166666666666666,0.19616666666666666,0.025,0.08891624706116102,0.08891624706116102,1.0,0.40391028485670444,0.16262251169050598,0.2690937430506279,0.16437346040216164,0.05101540037224012,0.05101540037224012,1.0,0.5205384757616855,0.1521445891785863,0.23263020485864727,0.09468673020108082,0.0,0.0,1.0,0.46952307538944554,0.185925968218926,0.2448579045859331,0.09969305180569553
75,0.16714359127722123,0.0,0.21952307538944546,96,27,0.0,0,0,70,0.46952307538944554,0.6366666666666667,0.185925968218926,0.14166666666666666,0.2448579045859331,0.19666666666666666,0.09969305180569553,0.025,0.16764359127722123,0.16764359127722123,1.0,0.6371666666666667,0.14166666666666666,0.19616666666666666,0.025,0.08891624706116102,0.08891624706116102,1.0,0.40391028485670444,0.16262251169050598,0.2690937430506279,0.16437346040216164,0.05101540037224012,0.05101540037224012,1.0,0.5205384757616855,0.1521445891785863,0.23263020485864727,0.09468673020108082,0.0,0.0,1.0,0.46952307538944554,0.185925968218926,0.2448579045859331,0.09969305180569553
76,0.16714359127722123,0.0,0.21952307538944546,97,27,0.0,0,0,70,0.46952307538944554,0.6366666666666667,0.185925968218926,0.14166666666666666,0.2448579045859331,0.19666666666666666,0.09969305180569553,0.025,0.16764359127722123,0.16764359127722123,1.0,0.6371666666666667,0.14166666666666666,0.19616666666666666,0.025,0.08891624706116102,0.08891624706116102,1.0,0.40391028485670444,0.16262251169050598,0.2690937430506279,0.16437346040216164,0.05101540037224012,0.05101540037224012,1.0,0.5205384757616855,0.1521445891785863,0.23263020485864727,0.09468673020108082,0.0,0.0,1.0,0.46952307538944554,0.185925968218926,0.2448579045859331,0.09969305180569553
77,0.16547692461055455,0.0,0.21952307538944546,101,27,0.0,0,0,70,0.46952307538944554,0.635,0.185925968218926,0.14333333333333334,0.2448579045859331,0.19666666666666666,0.09969305180569553,0.025,0.16764359127722123,0.16764359127722123,1.0,0.6371666666666667,0.14166666666666666,0.19616666666666666,0.025,0.08891624706116102,0.08891624706116102,1.0,0.40391028485670444,0.16262251169050598,0.2690937430506279,0.16437346040216164,0.05101540037224012,0.05101540037224012,1.0,0.5205384757616855,0.1521445891785863,0.23263020485864727,0.09468673020108082,0.0,0.0,1.0,0.46952307538944554,0.185925968218926,0.2448579045859331,0.09969305180569553
78,0.16714359127722123,0.0,0.21952307538944546,87,27,0.0,0,0,70,0.46952307538944554,0.6366666666666667,0.185925968218926,0.14166666666666666,0.2448579045859331,0.19666666666666666,0.09969305180569553,0.025,0.16764359127722123,0.16764359127722123,1.0,0.6371666666666667,0.14166666666666666,0.19616666666666666,0.025,0.08891624706116102,0.08891624706116102,1.0,0.40391028485670444,0.16262251169050598,0.2690937430506279,0.16437346040216164,0.05101540037224012,0.05101540037224012,1.0,0.5205384757616855,0.1521445891785863,0.23263020485864727,0.09468673020108082,0.0,0.0,1.0,0.46952307538944554,0.185925968218926,0.2448579045859331,0.09969305180569553
79,0.16714359127722123,0.0,0.21952307538944546,88,27,0.0,0,0,70,0.46952307538944554,0.6366666666666667,0.185925968218926,0.14166666666666666,0.2448579045859331,0.19666666666666666,0.09969305180569553,0.025,0.16764359127722123,0.16764359127722123,1.0,0.6371666666666667,0.14166666666666666,0.19616666666666666,0.025,0.08891624706116102,0.08891624706116102,1.0,0.40391028485670444,0.16262251169050598,0.2690937430506279,0.16437346040216164,0.05101540037224012,0.05101540037224012,1.0,0.5205384757616855,0.1521445891785863,0.23263020485864727,0.09468673020108082,0.0,0.0,1.0,0.46952307538944554,0.185925968218926,0.2448579045859331,0.09969305180569553
80,0.16714359127722123,0.0,0.21952307538944546,85,27,0.0,0,1,80,0.46952307538944554,0.6366666666666667,0.185925968218926,0.14166666666666666,0.2448579045859331,0.19666666666666666,0.09969305180569553,0.025,0.16706025794388785,0.16706025794388785,1.0,0.6365833333333333,0.14175,0.19666666666666666,0.025,0.16663072906702286,0.16663072906702286,1.0,0.6361538044564683,0.10033907557934524,0.22541591759843574,0.03809120236575068,0.16684549350545538,0.16684549350545538,1.0,0.6363685688949008,0.12104453778967261,0.21104129213255118,0.03154560118287534,0.0,0.0,1.0,0.46952307538944554,0.185925968218926,0.2448579045859331,0.09969305180569553
81,0.16714359127722123,0.0,0.21952307538944546,89,27,0.0,0,0,80,0.46952307538944554,0.6366666666666667,0.185925968218926,0.14166666666666666,0.2448579045859331,0.19666666666666666,0.09969305180569553,0.025,0.16706025794388785,0.16706025794388785,1.0,0.6365833333333333,0.14175,0.19666666666666666,0.025,0.16663072906702286,0.16663072906702286,1.0,0.6361538044564683,0.10033907557934524,0.22541591759843574,0.03809120236575068,0.16684549350545538,0.16684549350545538,1.0,0.6363685688949008,0.12104453778967261,0.21104129213255118,0.03154560118287534,0.0,0.0,1.0,0.46952307538944554,0.185925968218926,0.2448579045859331,0.09969305180569553
82,0.16714359127722123,0.0,0.21952307538944546,81,27,0.0,0,0,80,0.46952307538944554,0.6366666666666667,0.185925968218926,0.14166666666666666,0.2448579045859331,0.19666666666666666,0.09969305180569553,0.025,0.16706025794388785,0.16706025794388785,1.0,0.6365833333333333,0.14175,0.19666666666666666,0.025,0.16663072906702286,0.16663072906702286,1.0,0.6361538044564683,0.10033907557934524,0.22541591759843574,0.03809120236575068,0.16684549350545538,0.16684549350545538,1.0,0.6363685688949008,0.12104453778967261,0.21104129213255118,0.03154560118287534,0.0,0.0,1.0,0.46952307538944554,0.185925968218926,0.2448579045859331,0.09969305180569553
83,0.16714359127722123,0.0,0.21952307538944546,85,27,0.0,0,0,80,0.46952307538944554,0.6366666666666667,0.185925968218926,0.14166666666666666,0.2448579045859331,0.19666666666666666,0.09969305180569553,0.025,0.16706025794388785,0.16706025794388785,1.0,0.6365833333333333,0.14175,0.19666666666666666,0.025,0.16663072906702286,0.16663072906702286,1.0,0.6361538044564683,0.10033907557934524,0.22541591759843574,0.03809120236575068,0.16684549350545538,0.16684549350545538,1.0,0.6363685688949008,0.12104453778967261,0.21104129213255118,0.03154560118287534,0.0,0.0,1.0,0.46952307538944554,0.185925968218926,0.2448579045859331,0.09969305180569553
84,0.16714359127722123,0.0,0.21952307538944546,85,27,0.0,0,0,80,0.46952307538944554,0.6366666666666667,0.185925968218926,0.14166666666666666,0.2448579045859331,0.19666666666666666,0.09969305180569553,0.025,0.16706025794388785,0.16706025794388785,1.0,0.6365833333333333,0.14175,0.19666666666666666,0.025,0.16663072906702286,0.16663072906702286,1.0,0.6361538044564683,0.10033907557934524,0.22541591759843574,0.03809120236575068,0.16684549350545538,0.16684549350545538,1.0,0.6363685688949008,0.12104453778967261,0.21104129213255118,0.03154560118287534,0.0,0.0,1.0,0.46952307538944554,0.185925968218926,0.2448579045859331,0.09969305180569553
85,0.16881025794388788,0.0,0.21952307538944546,101,27,0.0,0,0,80,0.46952307538944554,0.6383333333333333,0.185925968218926,0.14166666666666666,0.2448579045859331,0.195,0.09969305180569553,0.025,0.16706025794388785,0.16706025794388785,1.0,0.6365833333333333,0.14175,0.19666666666666666,0.025,0.16663072906702286,0.16663072906702286,1.0,0.6361538044564683,0.10033907557934524,0.22541591759843574,0.03809120236575068,0.16684549350545538,0.16684549350545538,1.0,0.6363685688949008,0.12104453778967261,0.21104129213255118,0.03154560118287534,0.0,0.0,1.0,0.46952307538944554,0.185925968218926,0.2448579045859331,0.09969305180569553
86,0.16881025794388788,0.0,0.21952307538944546,96,27,0.0,0,0,80,0.46952307538944554,0.6383333333333333,0.185925968218926,0.14166666666666666,0.2448579045859331,0.195,0.09969305180569553,0.025,0.16706025794388785,0.16706025794388785,1.0,0.6365833333333333,0.14175,0.19666666666666666,0.025,0.16663072906702286,0.16663072906702286,1.0,0.6361538044564683,0.10033907557934524,0.22541591759843574,0.03809120236575068,0.16684549350545538,0.16684549350545538,1.0,0.6363685688949008,0.12104453778967261,0.21104129213255118,0.03154560118287534,0.0,0.0,1.0,0.46952307538944554,0.185925968218926,0.2448579045859331,0.09969305180569553
87,0.16881025794388788,0.0,0.21952307538944546,86,27,0.0,0,0,80,0.46952307538944554,0.6383333333333333,0.185925968218926,0.14166666666666666,0.2448579045859331,0.195,0.09969305180569553,0.025,0.16706025794388785,0.16706025794388785,1.0,0.6365833333333333,0.14175,0.19666666666666666,0.025,0.16663072906702286,0.16663072906702286,1.0,0.6361538044564683,0.10033907557934524,0.22541591759843574,0.03809120236575068,0.16684549350545538,0.16684549350545538,1.0,0.6363685688949008,0.12104453778967261,0.21104129213255118,0.03154560118287534,0.0,0.0,1.0,0.46952307538944554,0.185925968218926,0.2448579045859331,0.09969305180569553
88,0.16881025794388788,0.0,0.21952307538944546,90,27,0.0,0,0,80,0.46952307538944554,0.6383333333333333,0.185925968218926,0.14166666666666666,0.2448579045859331,0.195,0.09969305180569553,0.025,0.16706025794388785,0.16706025794388785,1.0,0.6365833333333333,0.14175,0.19666666666666666,0.025,0.16663072906702286,0.16663072906702286,1.0,0.6361538044564683,0.10033907557934524,0.22541591759843574,0.03809120236575068,0.16684549350545538,0.16684549350545538,1.0,0.6363685688949008,0.12104453778967261,0.21104129213255118,0.03154560118287534,0.0,0.0,1.0,0.46952307538944554,0.185925968218926,0.2448579045859331,0.09969305180569553
89,0.16881025794388788,0.0,0.21952307538944546,96,27,0.0,0,0,80,0.46952307538944554,0.6383333333333333,0.185925968218926,0.14166666666666666,0.2448579045859331,0.195,0.09969305180569553,0.025,0.16706025794388785,0.16706025794388785,1.0,0.6365833333333333,0.14175,0.19666666666666666,0.025,0.16663072906702286,0.16663072906702286,1.0,0.6361538044564683,0.10033907557934524,0.22541591759843574,0.03809120236575068,0.16684549350545538,0.16684549350545538,1.0,0.6363685688949008,0.12104453778967261,0.21104129213255118,0.03154560118287534,0.0,0.0,1.0,0.46952307538944554,0.185925968218926,0.2448579045859331,0.09969305180569553
90,0.16881025794388788,0.0,0.21952307538944546,112,26,0.0,0,1,90,0.46952307538944554,0.6383333333333333,0.185925968218926,0.14166666666666666,0.2448579045859331,0.195,0.09969305180569553,0.025,0.1675602579438879,0.1675602579438879,1.0,0.6370833333333333,0.14175,0.19616666666666666,0.025,0.12477364486468508,0.12477364486468508,1.0,0.45277593593868826,0.310699613083611,0.17042446834859595,0.06609998262910478,0.11570539756944484,0.11570539756944484,1.0,0.5449296346360109,0.2262248065418055,0.18329556750763132,0.045549991314552396,0.0,0.0,1.0,0.46952307538944554,0.185925968218926,0.2448579045859331,0.09969305180569553
91,0.16881025794388788,0.0,0.21952307538944546,88,26,0.0,0,0,90,0.46952307538944554,0.6383333333333333,0.185925968218926,0.14166666666666666,0.2448579045859331,0.195,0.09969305180569553,0.025,0.1675602579438879,0.1675602579438879,1.0,0.6370833333333333,0.14175,0.19616666666666666,0.025,0.12477364486468508,0.12477364486468508,1.0,0.45277593593868826,0.310699613083611,0.17042446834859595,0.06609998262910478,0.11570539756944484,0.11570539756944484,1.0,0.5449296346360109,0.2262248065418055,0.18329556750763132,0.045549991314552396,0.0,0.0,1.0,0.46952307538944554,0.185925968218926,0.2448579045859331,0.09969305180569553
92,0.16714359127722123,0.0,0.21952307538944546,97,26,0.0,0,0,90,0.46952307538944554,0.6366666666666667,0.185925968218926,0.14166666666666666,0.2448579045859331,0.19666666666666666,0.09969305180569553,0.025,0.1675602579438879,0.1675602579438879,1.0,0.6370833333333333,0.14175,0.19616666666666666,0.025,0.12477364486468508,0.12477364486468508,1.0,0.45277593593868826,0.310699613083611,0.17042446834859595,0.06609998262910478,0.11570539756944484,0.11570539756944484,1.0,0.5449296346360109,0.2262248065418055,0.18329556750763132,0.045549991314552396,0.0,0.0,1.0,0.46952307538944554,0.185925968218926,0.2448579045859331,0.09969305180569553
93,0.16881025794388788,0.0,0.21952307538944546,84,26,0.0,0,0,90,0.46952307538944554,0.6383333333333333,0.185925968218926,0.14166666666666666,0.2448579045859331,0.195,0.09969305180569553,0.025,0.1675602579438879,0.1675602579438879,1.0,0.6370833333333333,0.14175,0.19616666666666666,0.025,0.12477364486468508,0.12477364486468508,1.0,0.45277593593868826,0.310699613083611,0.17042446834859595,0.06609998262910478,0.11570539756944484,0.11570539756944484,1.0,0.5449296346360109,0.2262248065418055,0.18329556750763132,0.045549991314552396,0.0,0.0,1.0,0.46952307538944554,0.185925968218926,0.2448579045859331,0.09969305180569553
94,0.16714359127722123,0.0,0.21952307538944546,100,26,0.0,0,0,90,0.46952307538944554,0.6366666666666667,0.185925968218926,0.14166666666666666,0.2448579045859331,0.19666666666666666,0.09969305180569553,0.025,0.1675602579438879,0.1675602579438879,1.0,0.6370833333333333,0.14175,0.19616666666666666,0.025,0.12477364486468508,0.12477364486468508,1.0,0.45277593593868826,0.310699613083611,0.17042446834859595,0.06609998262910478,0.11570539756944484,0.11570539756944484,1.0,0.5449296346360109,0.2262248065418055,0.18329556750763132,0.045549991314552396,0.0,0.0,1.0,0.46952307538944554,0.185925968218926,0.2448579045859331,0.09969305180569553
95,0.16714359127722123,0.0,0.21952307538944546,95,26,0.0,0,0,90,0.46952307538944554,0.6366666666666667,0.185925968218926,0.14166666666666666,0.2448579045859331,0.19666666666666666,0.09969305180569553,0.025,0.1675602579438879,0.1675602579438879,1.0,0.6370833333333333,0.14175,0.19616666666666666,0.025,0.12477364486468508,0.12477364486468508,1.0,0.45277593593868826,0.310699613083611,0.17042446834859595,0.06609998262910478,0.11570539756944484,0.11570539756944484,1.0,0.5449296346360109,0.2262248065418055,0.18329556750763132,0.045549991314552396,0.0,0.0,1.0,0.46952307538944554,0.185925968218926,0.2448579045859331,0.09969305180569553
96,0.16714359127722123,0.0,0.21952307538944546,96,26,0.0,0,0,90,0.46952307538944554,0.6366666666666667,0.185925968218926,0.14166666666666666,0.2448579045859331,0.19666666666666666,0.09969305180569553,0.025,0.1675602579438879,0.1675602579438879,1.0,0.6370833333333333,0.14175,0.19616666666666666,0.025,0.12477364486468508,0.12477364486468508,1.0,0.45277593593868826,0.310699613083611,0.17042446834859595,0.06609998262910478,0.11570539756944484,0.11570539756944484,1.0,0.5449296346360109,0.2262248065418055,0.18329556750763132,0.045549991314552396,0.0,0.0,1.0,0.46952307538944554,0.185925968218926,0.2448579045859331,0.09969305180569553
97,0.16714359127722123,0.0,0.21952307538944546,99,26,0.0,0,0,90,0.46952307538944554,0.6366666666666667,0.185925968218926,0.14166666666666666,0.2448579045859331,0.19666666666666666,0.09969305180569553,0.025,0.1675602579438879,0.1675602579438879,1.0,0.6370833333333333,0.14175,0.19616666666666666,0.025,0.12477364486468508,0.12477364486468508,1.0,0.45277593593868826,0.310699613083611,0.17042446834859595,0.06609998262910478,0.11570539756944484,0.11570539756944484,1.0,0.5449296346360109,0.2262248065418055,0.18329556750763132,0.045549991314552396,0.0,0.0,1.0,0.46952307538944554,0.185925968218926,0.2448579045859331,0.09969305180569553
98,0.16881025794388788,0.0,0.21952307538944546,78,26,0.0,0,0,90,0.46952307538944554,0.6383333333333333,0.185925968218926,0.14166666666666666,0.2448579045859331,0.195,0.09969305180569553,0.025,0.1675602579438879,0.1675602579438879,1.0,0.6370833333333333,0.14175,0.19616666666666666,0.025,0.12477364486468508,0.12477364486468508,1.0,0.45277593593868826,0.310699613083611,0.17042446834859595,0.06609998262910478,0.11570539756944484,0.11570539756944484,1.0,0.5449296346360109,0.2262248065418055,0.18329556750763132,0.045549991314552396,0.0,0.0,1.0,0.46952307538944554,0.185925968218926,0.2448579045859331,0.09969305180569553
99,0.16881025794388788,0.0,0.21952307538944546,94,26,0.0,0,0,90,0.46952307538944554,0.6383333333333333,0.185925968218926,0.14166666666666666,0.2448579045859331,0.195,0.09969305180569553,0.025,0.1675602579438879,0.1675602579438879,1.0,0.6370833333333333,0.14175,0.19616666666666666,0.025,0.12477364486468508,0.12477364486468508,1.0,0.45277593593868826,0.310699613083611,0.17042446834859595,0.06609998262910478,0.11570539756944484,0.11570539756944484,1.0,0.5449296346360109,0.2262248065418055,0.18329556750763132,0.045549991314552396,0.0,0.0,1.0,0.46952307538944554,0.185925968218926,0.2448579045859331,0.09969305180569553
100,0.31438097997537856,0.0,0.21952307538944546,88,5,0.0,0,1,100,0.46952307538944554,0.2,0.185925968218926,0.4,0.2448579045859331,0.2,0.09969305180569553,0.2,0.14614359127722124,0.14614359127722124,1.0,0.6156666666666667,0.15458333333333332,0.196,0.03375,0.09826218899148018,0.09826218899148018,1.0,0.4246889836731443,0.1735363849580105,0.20381939057166962,0.19795524079717564,0.06681431837335233,0.06681431837335233,1.0,0.5201778251699055,0.1640598591456719,0.1999096952858348,0.11585262039858782,0.0,0.0,1.0,0.46952307538944554,0.185925968218926,0.2448579045859331,0.09969305180569553
101,0.2861897420561122,0.0,0.21952307538944546,97,9,0.0,0,0,100,0.46952307538944554,0.18333333333333332,0.185925968218926,0.415,0.2448579045859331,0.25,0.09969305180569553,0.15166666666666667,0.14614359127722124,0.14614359127722124,1.0,0.6156666666666667,0.15458333333333332,0.196,0.03375,0.09826218899148018,0.09826218899148018,1.0,0.4246889836731443,0.1735363849580105,0.20381939057166962,0.19795524079717564,0.06681431837335233,0.06681431837335233,1.0,0.5201778251699055,0.1640598591456719,0.1999096952858348,0.11585262039858782,0.0,0.0,1.0,0.46952307538944554,0.185925968218926,0.2448579045859331,0.09969305180569553
102,0.16118974205611214,0.0,0.21952307538944546,88,12,0.0,0,0,100,0.46952307538944554,0.30833333333333335,0.185925968218926,0.28833333333333333,0.2448579045859331,0.30333333333333334,0.09969305180569553,0.1,0.14614359127722124,0.14614359127722124,1.0,0.6156666666666667,0.15458333333333332,0.196,0.03375,0.09826218899148018,0.09826218899148018,1.0,0.4246889836731443,0.1735363849580105,0.20381939057166962,0.19795524079717564,0.06681431837335233,0.06681431837335233,1.0,0.5201778251699055,0.1640598591456719,0.1999096952858348,0.11585262039858782,0.0,0.0,1.0,0.46952307538944554,0.185925968218926,0.2448579045859331,0.09969305180569553
103,0.25254946052847427,0.0,0.21952307538944546,93,14,0.0,0,0,100,0.46952307538944554,0.28833333333333333,0.185925968218926,0.295,0.2448579045859331,0.3883333333333333,0.09969305180569553,0.028333333333333332,0.14614359127722124,0.14614359127722124,1.0,0.6156666666666667,0.15458333333333332,0.196,0.03375,0.09826218899148018,0.09826218899148018,1.0,0.4246889836731443,0.1735363849580105,0.20381939057166962,0.19795524079717564,0.06681431837335233,0.06681431837335233,1.0,0.5201778251699055,0.1640598591456719,0.1999096952858348,0.11585262039858782,0.0,0.0,1.0,0.46952307538944554,0.185925968218926,0.2448579045859331,0.09969305180569553
104,0.1375494605284743,0.0,0.21952307538944546,100,16,0.0,0,0,100,0.46952307538944554,0.405,0.185925968218926,0.23166666666666666,0.2448579045859331,0.33666666666666667,0.09969305180569553,0.02666666666666667,0.14614359127722124,0.14614359127722124,1.0,0.6156666666666667,0.15458333333333332,0.196,0.03375,0.09826218899148018,0.09826218899148018,1.0,0.4246889836731443,0.1735363849580105,0.20381939057166962,0.19795524079717564,0.06681431837335233,0.06681431837335233,1.0,0.5201778251699055,0.1640598591456719,0.1999096952858348,0.11585262039858782,0.0,0.0,1.0,0.46952307538944554,0.185925968218926,0.2448579045859331,0.09969305180569553
105,0.10921612719514098,0.0,0.21952307538944546,78,17,0.0,0,0,100,0.46952307538944554,0.425,0.185925968218926,0.21666666666666667,0.2448579045859331,0.3233333333333333,0.09969305180569553,0.035,0.14614359127722124,0.14614359127722124,1.0,0.6156666666666667,0.15458333333333332,0.196,0.03375,0.09826218899148018,0.09826218899148018,1.0,0.4246889836731443,0.1735363849580105,0.20381939057166962,0.19795524079717564,0.06681431837335233,0.06681431837335233,1.0,0.5201778251699055,0.1640598591456719,0.1999096952858348,0.11585262039858782,0.0,0.0,1.0,0.46952307538944554,0.185925968218926,0.2448579045859331,0.09969305180569553
106,0.12088279386180766,0.0,0.21952307538944546,97,17,0.0,0,0,100,0.46952307538944554,0.415,0.185925968218926,0.21,0.2448579045859331,0.3416666666666667,0.09969305180569553,0.03333333333333333,0.14614359127722124,0.14614359127722124,1.0,0.6156666666666667,0.15458333333333332,0.196,0.03375,0.09826218899148018,0.09826218899148018,1.0,0.4246889836731443,0.1735363849580105,0.20381939057166962,0.19795524079717564,0.06681431837335233,0.06681431837335233,1.0,0.5201778251699055,0.1640598591456719,0.1999096952858348,0.11585262039858782,0.0,0.0,1.0,0.46952307538944554,0.185925968218926,0.2448579045859331,0.09969305180569553
107,0.11921612719514096,0.0,0.21952307538944546,97,19,0.0,0,0,100,0.46952307538944554,0.4116666666666667,0.185925968218926,0.20666666666666667,0.2448579045859331,0.3433333333333333,0.09969305180569553,0.03833333333333333,0.14614359127722124,0.14614359127722124,1.0,0.6156666666666667,0.15458333333333332,0.196,0.03375,0.09826218899148018,0.09826218899148018,1.0,0.4246889836731443,0.1735363849580105,0.20381939057166962,0.19795524079717564,0.06681431837335233,0.06681431837335233,1.0,0.5201778251699055,0.1640598591456719,0.1999096952858348,0.11585262039858782,0.0,0.0,1.0,0.46952307538944554,0.185925968218926,0.2448579045859331,0.09969305180569553
108,0.07395235335795478,0.0,0.21952307538944546,84,20,0.0,0,0,100,0.46952307538944554,0.5133333333333333,0.185925968218926,0.17666666666666667,0.2448579045859331,0.275,0.09969305180569553,0.035,0.14614359127722124,0.14614359127722124,1.0,0.6156666666666667,0.15458333333333332,0.196,0.03375,0.09826218899148018,0.09826218899148018,1.0,0.4246889836731443,0.1735363849580105,0.20381939057166962,0.19795524079717564,0.06681431837335233,0.06681431837335233,1.0,0.5201778251699055,0.1640598591456719,0.1999096952858348,0.11585262039858782,0.0,0.0,1.0,0.46952307538944554,0.185925968218926,0.2448579045859331,0.09969305180569553
109,0.14881025794388786,0.0,0.21952307538944546,72,21,0.0,0,0,100,0.46952307538944554,0.6183333333333333,0.185925968218926,0.16,0.2448579045859331,0.20666666666666667,0.09969305180569553,0.015,0.14614359127722124,0.14614359127722124,1.0,0.6156666666666667,0.15458333333333332,0.196,0.03375,0.09826218899148018,0.09826218899148018,1.0,0.4246889836731443,0.1735363849580105,0.20381939057166962,0.19795524079717564,0.06681431837335233,0.06681431837335233,1.0,0.5201778251699055,0.1640598591456719,0.1999096952858348,0.11585262039858782,0.0,0.0,1.0,0.46952307538944554,0.185925968218926,0.2448579045859331,0.09969305180569553
110,0.15047692461055456,0.0,0.21952307538944546,76,23,0.0,0,1,110,0.46952307538944554,0.62,0.185925968218926,0.15833333333333333,0.2448579045859331,0.20166666666666666,0.09969305180569553,0.02,0.05427638513902876,0.05427638513902876,1.0,0.50625,0.20166666666666666,0.24666666666666667,0.04541666666666667,0.11594508706826329,0.11594508706826329,1.0,0.38077159068362915,0.18511844789769938,0.21847182254471273,0.2156381388739587,0.03830094002787426,0.03830094002787426,1.0,0.4435107953418146,0.19339255728218302,0.2325692446056897,0.1305274027703127,0.0,0.0,1.0,0.46952307538944554,0.185925968218926,0.2448579045859331,0.09969305180569553
111,0.15714359127722122,0.0,0.21952307538944546,83,23,0.0,0,0,110,0.46952307538944554,0.6266666666666667,0.185925968218926,0.15666666666666668,0.2448579045859331,0.19333333333333333,0.09969305180569553,0.023333333333333334,0.05427638513902876,0.05427638513902876,1.0,0.50625,0.20166666666666666,0.24666666666666667,0.04541666666666667,0.11594508706826329,0.11594508706826329,1.0,0.38077159068362915,0.18511844789769938,0.21847182254471273,0.2156381388739587,0.03830094002787426,0.03830094002787426,1.0,0.4435107953418146,0.19339255728218302,0.2325692446056897,0.1305274027703127,0.0,0.0,1.0,0.46952307538944554,0.185925968218926,0.2448579045859331,0.09969305180569553
112,0.16881025794388788,0.0,0.21952307538944546,74,24,0.0,0,0,110,0.46952307538944554,0.6383333333333333,0.185925968218926,0.15166666666666667,0.2448579045859331,0.19166666666666668,0.09969305180569553,0.018333333333333333,0.05427638513902876,0.05427638513902876,1.0,0.50625,0.20166666666666666,0.24666666666666667,0.04541666666666667,0.11594508706826329,0.11594508706826329,1.0,0.38077159068362915,0.18511844789769938,0.21847182254471273,0.2156381388739587,0.03830094002787426,0.03830094002787426,1.0,0.4435107953418146,0.19339255728218302,0.2325692446056897,0.1305274027703127,0.0,0.0,1.0,0.46952307538944554,0.185925968218926,0.2448579045859331,0.09969305180569553
113,0.15881025794388787,0.0,0.21952307538944546,95,24,0.0,0,0,110,0.46952307538944554,0.6283333333333333,0.185925968218926,0.14833333333333334,0.2448579045859331,0.195,0.09969305180569553,0.028333333333333332,0.05427638513902876,0.05427638513902876,1.0,0.50625,0.20166666666666666,0.24666666666666667,0.04541666666666667,0.11594508706826329,0.11594508706826329,1.0,0.38077159068362915,0.18511844789769938,0.21847182254471273,0.2156381388739587,0.03830094002787426,0.03830094002787426,1.0,0.4435107953418146,0.19339255728218302,0.2325692446056897,0.1305274027703127,0.0,0.0,1.0,0.46952307538944554,0.185925968218926,0.2448579045859331,0.09969305180569553
114,0.16881025794388788,0.0,0.21952307538944546,91,25,0.0,0,0,110,0.46952307538944554,0.6383333333333333,0.185925968218926,0.14333333333333334,0.2448579045859331,0.19,0.09969305180569553,0.028333333333333332,0.05427638513902876,0.05427638513902876,1.0,0.50625,0.20166666666666666,0.24666666666666667,0.04541666666666667,0.11594508706826329,0.11594508706826329,1.0,0.38077159068362915,0.18511844789769938,0.21847182254471273,0.2156381388739587,0.03830094002787426,0.03830094002787426,1.0,0.4435107953418146,0.19339255728218302,0.2325692446056897,0.1305274027703127,0.0,0.0,1.0,0.46952307538944554,0.185925968218926,0.2448579045859331,0.09969305180569553
115,0.17047692461055458,0.0,0.21952307538944546,89,26,0.0,0,0,110,0.46952307538944554,0.64,0.185925968218926,0.14333333333333334,0.2448579045859331,0.18833333333333332,0.09969305180569553,0.028333333333333332,0.05427638513902876,0.05427638513902876,1.0,0.50625,0.20166666666666666,0.24666666666666667,0.04541666666666667,0.11594508706826329,0.11594508706826329,1.0,0.38077159068362915,0.18511844789769938,0.21847182254471273,0.2156381388739587,0.03830094002787426,0.03830094002787426,1.0,0.4435107953418146,0.19339255728218302,0.2325692446056897,0.1305274027703127,0.0,0.0,1.0,0.46952307538944554,0.185925968218926,0.2448579045859331,0.09969305180569553
116,0.17214359127722123,0.0,0.21952307538944546,70,26,0.0,0,0,110,0.46952307538944554,0.6416666666666667,0.185925968218926,0.14166666666666666,0.2448579045859331,0.18833333333333332,0.09969305180569553,0.028333333333333332,0.05427638513902876,0.05427638513902876,1.0,0.50625,0.20166666666666666,0.24666666666666667,0.04541666666666667,0.11594508706826329,0.11594508706826329,1.0,0.38077159068362915,0.18511844789769938,0.21847182254471273,0.2156381388739587,0.03830094002787426,0.03830094002787426,1.0,0.4435107953418146,0.19339255728218302,0.2325692446056897,0.1305274027703127,0.0,0.0,1.0,0.46952307538944554,0.185925968218926,0.2448579045859331,0.09969305180569553
117,0.17214359127722123,0.0,0.21952307538944546,83,26,0.0,0,0,110,0.46952307538944554,0.6416666666666667,0.185925968218926,0.14166666666666666,0.2448579045859331,0.18833333333333332,0.09969305180569553,0.028333333333333332,0.05427638513902876,0.05427638513902876,1.0,0.50625,0.20166666666666666,0.24666666666666667,0.04541666666666667,0.11594508706826329,0.11594508706826329,1.0,0.38077159068362915,0.18511844789769938,0.21847182254471273,0.2156381388739587,0.03830094002787426,0.03830094002787426,1.0,0.4435107953418146,0.19339255728218302,0.2325692446056897,0.1305274027703127,0.0,0.0,1.0,0.46952307538944554,0.185925968218926,0.2448579045859331,0.09969305180569553
118,0.17214359127722123,0.0,0.21952307538944546,93,26,0.0,0,0,110,0.46952307538944554,0.6416666666666667,0.185925968218926,0.14166666666666666,0.2448579045859331,0.18833333333333332,0.09969305180569553,0.028333333333333332,0.05427638513902876,0.05427638513902876,1.0,0.50625,0.20166666666666666,0.24666666666666667,0.04541666666666667,0.11594508706826329,0.11594508706826329,1.0,0.38077159068362915,0.18511844789769938,0.21847182254471273,0.2156381388739587,0.03830094002787426,0.03830094002787426,1.0,0.4435107953418146,0.19339255728218302,0.2325692446056897,0.1305274027703127,0.0,0.0,1.0,0.46952307538944554,0.185925968218926,0.2448579045859331,0.09969305180569553
119,0.17381025794388788,0.0,0.21952307538944546,76,26,0.0,0,0,110,0.46952307538944554,0.6433333333333333,0.185925968218926,0.14166666666666666,0.2448579045859331,0.18666666666666668,0.09969305180569553,0.028333333333333332,0.05427638513902876,0.05427638513902876,1.0,0.50625,0.20166666666666666,0.24666666666666667,0.04541666666666667,0.11594508706826329,0.11594508706826329,1.0,0.38077159068362915,0.18511844789769938,0.21847182254471273,0.2156381388739587,0.03830094002787426,0.03830094002787426,1.0,0.4435107953418146,0.19339255728218302,0.2325692446056897,0.1305274027703127,0.0,0.0,1.0,0.46952307538944554,0.185925968218926,0.2448579045859331,0.09969305180569553
120,0.17381025794388788,0.0,0.21952307538944546,79,26,0.0,0,1,120,0.46952307538944554,0.6433333333333333,0.185925968218926,0.14166666666666666,0.2448579045859331,0.18666666666666668,0.09969305180569553,0.028333333333333332,0.06363428972496184,0.06363428972496184,1.0,0.5285833333333333,0.1905,0.24333333333333335,0.03758333333333334,0.03514517609398106,0.03514517609398106,1.0,0.4596991157415682,0.19946781471841013,0.26646123418042994,0.07437183535959173,0.043715467459232896,0.043715467459232896,1.0,0.49414122453745074,0.19498390735920507,0.25489728375688164,0.055977584346462536,0.0,0.0,1.0,0.46952307538944554,0.185925968218926,0.2448579045859331,0.09969305180569553
121,0.17547692461055459,0.0,0.21952307538944546,86,26,0.0,0,0,120,0.46952307538944554,0.645,0.185925968218926,0.14166666666666666,0.2448579045859331,0.185,0.09969305180569553,0.028333333333333332,0.06363428972496184,0.06363428972496184,1.0,0.5285833333333333,0.1905,0.24333333333333335,0.03758333333333334,0.03514517609398106,0.03514517609398106,1.0,0.4596991157415682,0.19946781471841013,0.26646123418042994,0.07437183535959173,0.043715467459232896,0.043715467459232896,1.0,0.49414122453745074,0.19498390735920507,0.25489728375688164,0.055977584346462536,0.0,0.0,1.0,0.46952307538944554,0.185925968218926,0.2448579045859331,0.09969305180569553
122,0.17547692461055459,0.0,0.21952307538944546,70,26,0.0,0,0,120,0.46952307538944554,0.645,0.185925968218926,0.14166666666666666,0.2448579045859331,0.185,0.09969305180569553,0.028333333333333332,0.06363428972496184,0.06363428972496184,1.0,0.5285833333333333,0.1905,0.24333333333333335,0.03758333333333334,0.03514517609398106,0.03514517609398106,1.0,0.4596991157415682,0.19946781471841013,0.26646123418042994,0.07437183535959173,0.043715467459232896,0.043715467459232896,1.0,0.49414122453745074,0.19498390735920507,0.25489728375688164,0.055977584346462536,0.0,0.0,1.0,0.46952307538944554,0.185925968218926,0.2448579045859331,0.09969305180569553
123,0.17547692461055459,0.0,0.21952307538944546,77,26,0.0,0,0,120,0.46952307538944554,0.645,0.185925968218926,0.14166666666666666,0.2448579045859331,0.185,0.09969305180569553,0.028333333333333332,0.06363428972496184,0.06363428972496184,1.0,0.5285833333333333,0.1905,0.24333333333333335,0.03758333333333334,0.03514517609398106,0.03514517609398106,1.0,0.4596991157415682,0.19946781471841013,0.26646123418042994,0.07437183535959173,0.043715467459232896,0.043715467459232896,1.0,0.49414122453745074,0.19498390735920507,0.25489728375688164,0.055977584346462536,0.0,0.0,1.0,0.46952307538944554,0.185925968218926,0.2448579045859331,0.09969305180569553
124,0.17547692461055459,0.0,0.21952307538944546,85,26,0.0,0,0,120,0.46952307538944554,0.645,0.185925968218926,0.14166666666666666,0.2448579045859331,0.185,0.09969305180569553,0.028333333333333332,0.06363428972496184,0.06363428972496184,1.0,0.5285833333333333,0.1905,0.24333333333333335,0.03758333333333334,0.03514517609398106,0.03514517609398106,1.0,0.4596991157415682,0.19946781471841013,0.26646123418042994,0.07437183535959173,0.043715467459232896,0.043715467459232896,1.0,0.49414122453745074,0.19498390735920507,0.25489728375688164,0.055977584346462536,0.0,0.0,1.0,0.46952307538944554,0.185925968218926,0.2448579045859331,0.09969305180569553
125,0.17881025794388788,0.0,0.21952307538944546,73,26,0.0,0,0,120,0.46952307538944554,0.6483333333333333,0.185925968218926,0.14166666666666666,0.2448579045859331,0.18166666666666667,0.09969305180569553,0.028333333333333332,0.06363428972496184,0.06363428972496184,1.0,0.5285833333333333,0.1905,0.24333333333333335,0.03758333333333334,0.03514517609398106,0.03514517609398106,1.0,0.4596991157415682,0.19946781471841013,0.26646123418042994,0.07437183535959173,0.043715467459232896,0.043715467459232896,1.0,0.49414122453745074,0.19498390735920507,0.25489728375688164,0.055977584346462536,0.0,0.0,1.0,0.46952307538944554,0.185925968218926,0.2448579045859331,0.09969305180569553
126,0.17881025794388788,0.0,0.21952307538944546,92,26,0.0,0,0,120,0.46952307538944554,0.6483333333333333,0.185925968218926,0.14166666666666666,0.2448579045859331,0.18166666666666667,0.09969305180569553,0.028333333333333332,0.06363428972496184,0.06363428972496184,1.0,0.5285833333333333,0.1905,0.24333333333333335,0.03758333333333334,0.03514517609398106,0.03514517609398106,1.0,0.4596991157415682,0.19946781471841013,0.26646123418042994,0.07437183535959173,0.043715467459232896,0.043715467459232896,1.0,0.49414122453745074,0.19498390735920507,0.25489728375688164,0.055977584346462536,0.0,0.0,1.0,0.46952307538944554,0.185925968218926,0.2448579045859331,0.09969305180569553
127,0.17881025794388788,0.0,0.21952307538944546,99,26,0.0,0,0,120,0.46952307538944554,0.6483333333333333,0.185925968218926,0.14166666666666666,0.2448579045859331,0.18166666666666667,0.09969305180569553,0.028333333333333332,0.06363428972496184,0.06363428972496184,1.0,0.5285833333333333,0.1905,0.24333333333333335,0.03758333333333334,0.03514517609398106,0.03514517609398106,1.0,0.4596991157415682,0.19946781471841013,0.26646123418042994,0.07437183535959173,0.043715467459232896,0.043715467459232896,1.0,0.49414122453745074,0.19498390735920507,0.25489728375688164,0.055977584346462536,0.0,0.0,1.0,0.46952307538944554,0.185925968218926,0.2448579045859331,0.09969305180569553
128,0.17881025794388788,0.0,0.21952307538944546,95,26,0.0,0,0,120,0.46952307538944554,0.6483333333333333,0.185925968218926,0.14,0.2448579045859331,0.18333333333333332,0.09969305180569553,0.028333333333333332,0.06363428972496184,0.06363428972496184,1.0,0.5285833333333333,0.1905,0.24333333333333335,0.03758333333333334,0.03514517609398106,0.03514517609398106,1.0,0.4596991157415682,0.19946781471841013,0.26646123418042994,0.07437183535959173,0.043715467459232896,0.043715467459232896,1.0,0.49414122453745074,0.19498390735920507,0.25489728375688164,0.055977584346462536,0.0,0.0,1.0,0.46952307538944554,0.185925968218926,0.2448579045859331,0.09969305180569553
129,0.17714359127722118,0.0,0.21952307538944546,92,26,0.0,0,0,120,0.46952307538944554,0.6466666666666666,0.185925968218926,0.14,0.2448579045859331,0.185,0.09969305180569553,0.028333333333333332,0.06363428972496184,0.06363428972496184,1.0,0.5285833333333333,0.1905,0.24333333333333335,0.03758333333333334,0.03514517609398106,0.03514517609398106,1.0,0.4596991157415682,0.19946781471841013,0.26646123418042994,0.07437183535959173,0.043715467459232896,0.043715467459232896,1.0,0.49414122453745074,0.19498390735920507,0.25489728375688164,0.055977584346462536,0.0,0.0,1.0,0.46952307538944554,0.185925968218926,0.2448579045859331,0.09969305180569553
130,0.17714359127722118,0.0,0.21952307538944546,89,26,0.0,0,1,130,0.46952307538944554,0.6466666666666666,0.185925968218926,0.14,0.2448579045859331,0.185,0.09969305180569553,0.028333333333333332,0.17297692461055453,0.17297692461055453,1.0,0.6425,0.14316666666666666,0.18675,0.027583333333333335,0.1261263740075289,0.1261263740075289,1.0,0.5709119340254022,0.11658414067751473,0.2695954199575053,0.042908505339577845,0.13718289162325562,0.13718289162325562,1.0,0.6067059670127011,0.1298754036720907,0.22817270997875266,0.035245919336455586,0.0,0.0,1.0,0.46952307538944554,0.185925968218926,0.2448579045859331,0.09969305180569553
131,0.17714359127722118,0.0,0.21952307538944546,86,26,0.0,0,0,130,0.46952307538944554,0.6466666666666666,0.185925968218926,0.14,0.2448579045859331,0.185,0.09969305180569553,0.028333333333333332,0.17297692461055453,0.17297692461055453,1.0,0.6425,0.14316666666666666,0.18675,0.027583333333333335,0.1261263740075289,0.1261263740075289,1.0,0.5709119340254022,0.11658414067751473,0.2695954199575053,0.042908505339577845,0.13718289162325562,0.13718289162325562,1.0,0.6067059670127011,0.1298754036720907,0.22817270997875266,0.035245919336455586,0.0,0.0,1.0,0.46952307538944554,0.185925968218926,0.2448579045859331,0.09969305180569553
132,0.17714359127722118,0.0,0.21952307538944546,89,26,0.0,0,0,130,0.46952307538944554,0.6466666666666666,0.185925968218926,0.14,0.2448579045859331,0.185,0.09969305180569553,0.028333333333333332,0.17297692461055453,0.17297692461055453,1.0,0.6425,0.14316666666666666,0.18675,0.027583333333333335,0.1261263740075289,0.1261263740075289,1.0,0.5709119340254022,0.11658414067751473,0.2695954199575053,0.042908505339577845,0.13718289162325562,0.13718289162325562,1.0,0.6067059670127011,0.1298754036720907,0.22817270997875266,0.035245919336455586,0.0,0.0,1.0,0.46952307538944554,0.185925968218926,0.2448579045859331,0.09969305180569553
133,0.17714359127722118,0.0,0.21952307538944546,78,26,0.0,0,0,130,0.46952307538944554,0.6466666666666666,0.185925968218926,0.14,0.2448579045859331,0.185,0.09969305180569553,0.028333333333333332,0.17297692461055453,0.17297692461055453,1.0,0.6425,0.14316666666666666,0.18675,0.027583333333333335,0.1261263740075289,0.1261263740075289,1.0,0.5709119340254022,0.11658414067751473,0.2695954199575053,0.042908505339577845,0.13718289162325562,0.13718289162325562,1.0,0.6067059670127011,0.1298754036720907,0.22817270997875266,0.035245919336455586,0.0,0.0,1.0,0.46952307538944554,0.185925968218926,0.2448579045859331,0.09969305180569553
134,0.17714359127722118,0.0,0.21952307538944546,84,26,0.0,0,0,130,0.46952307538944554,0.6466666666666666,0.185925968218926,0.14,0.2448579045859331,0.185,0.09969305180569553,0.028333333333333332,0.17297692461055453,0.17297692461055453,1.0,0.6425,0.14316666666666666,0.18675,0.027583333333333335,0.1261263740075289,0.1261263740075289,1.0,0.5709119340254022,0.11658414067751473,0.2695954199575053,0.042908505339577845,0.13718289162325562,0.13718289162325562,1.0,0.6067059670127011,0.1298754036720907,0.22817270997875266,0.035245919336455586,0.0,0.0,1.0,0.46952307538944554,0.185925968218926,0.2448579045859331,0.09969305180569553
135,0.17714359127722118,0.0,0.21952307538944546,71,26,0.0,0,0,130,0.46952307538944554,0.6466666666666666,0.185925968218926,0.14,0.2448579045859331,0.185,0.09969305180569553,0.028333333333333332,0.17297692461055453,0.17297692461055453,1.0,0.6425,0.14316666666666666,0.18675,0.027583333333333335,0.1261263740075289,0.1261263740075289,1.0,0.5709119340254022,0.11658414067751473,0.2695954199575053,0.042908505339577845,0.13718289162325562,0.13718289162325562,1.0,0.6067059670127011,0.1298754036720907,0.22817270997875266,0.035245919336455586,0.0,0.0,1.0,0.46952307538944554,0.185925968218926,0.2448579045859331,0.09969305180569553
136,0.17547692461055459,0.0,0.21952307538944546,80,26,0.0,0,0,130,0.46952307538944554,0.645,0.185925968218926,0.14166666666666666,0.2448579045859331,0.185,0.09969305180569553,0.028333333333333332,0.17297692461055453,0.17297692461055453,1.0,0.6425,0.14316666666666666,0.18675,0.027583333333333335,0.1261263740075289,0.1261263740075289,1.0,0.5709119340254022,0.11658414067751473,0.2695954199575053,0.042908505339577845,0.13718289162325562,0.13718289162325562,1.0,0.6067059670127011,0.1298754036720907,0.22817270997875266,0.035245919336455586,0.0,0.0,1.0,0.46952307538944554,0.185925968218926,0.2448579045859331,0.09969305180569553
137,0.17547692461055459,0.0,0.21952307538944546,86,26,0.0,0,0,130,0.46952307538944554,0.645,0.185925968218926,0.14166666666666666,0.2448579045859331,0.185,0.09969305180569553,0.028333333333333332,0.17297692461055453,0.17297692461055453,1.0,0.6425,0.14316666666666666,0.18675,0.027583333333333335,0.1261263740075289,0.1261263740075289,1.0,0.5709119340254022,0.11658414067751473,0.2695954199575053,0.042908505339577845,0.13718289162325562,0.13718289162325562,1.0,0.6067059670127011,0.1298754036720907,0.22817270997875266,0.035245919336455586,0.0,0.0,1.0,0.46952307538944554,0.185925968218926,0.2448579045859331,0.09969305180569553
138,0.1771435912772212,0.0,0.21952307538944546,88,26,0.0,0,0,130,0.46952307538944554,0.6466666666666666,0.185925968218926,0.14166666666666666,0.2448579045859331,0.185,0.09969305180569553,0.02666666666666667,0.17297692461055453,0.17297692461055453,1.0,0.6425,0.14316666666666666,0.18675,0.027583333333333335,0.1261263740075289,0.1261263740075289,1.0,0.5709119340254022,0.11658414067751473,0.2695954199575053,0.042908505339577845,0.13718289162325562,0.13718289162325562,1.0,0.6067059670127011,0.1298754036720907,0.22817270997875266,0.035245919336455586,0.0,0.0,1.0,0.46952307538944554,0.185925968218926,0.2448579045859331,0.09969305180569553
139,0.17547692461055459,0.0,0.21952307538944546,89,26,0.0,0,0,130,0.46952307538944554,0.645,0.185925968218926,0.14166666666666666,0.2448579045859331,0.185,0.09969305180569553,0.028333333333333332,0.17297692461055453,0.17297692461055453,1.0,0.6425,0.14316666666666666,0.18675,0.027583333333333335,0.1261263740075289,0.1261263740075289,1.0,0.5709119340254022,0.11658414067751473,0.2695954199575053,0.042908505339577845,0.13718289162325562,0.13718289162325562,1.0,0.6067059670127011,0.1298754036720907,0.22817270997875266,0.035245919336455586,0.0,0.0,1.0,0.46952307538944554,0.185925968218926,0.2448579045859331,0.09969305180569553
140,0.17881025794388786,0.0,0.21952307538944546,81,26,0.0,0,1,140,0.46952307538944554,0.6483333333333333,0.185925968218926,0.14,0.2448579045859331,0.185,0.09969305180569553,0.02666666666666667,0.17697692461055453,0.17697692461055453,1.0,0.6465,0.14091666666666666,0.18441666666666667,0.028166666666666666,0.038887393575386835,0.038887393575386835,1.0,0.46431730124609705,0.15315901984618577,0.2837452981613198,0.09877838074639733,0.08588557523360305,0.08588557523360305,1.0,0.5554086506230484,0.14703784325642621,0.23408098241399325,0.063472523706532,0.0,0.0,1.0,0.46952307538944554,0.185925968218926,0.2448579045859331,0.09969305180569553
141,0.17881025794388786,0.0,0.21952307538944546,87,26,0.0,0,0,140,0.46952307538944554,0.6483333333333333,0.185925968218926,0.14,0.2448579045859331,0.185,0.09969305180569553,0.02666666666666667,0.17697692461055453,0.17697692461055453,1.0,0.6465,0.14091666666666666,0.18441666666666667,0.028166666666666666,0.038887393575386835,0.038887393575386835,1.0,0.46431730124609705,0.15315901984618577,0.2837452981613198,0.09877838074639733,0.08588557523360305,0.08588557523360305,1.0,0.5554086506230484,0.14703784325642621,0.23408098241399325,0.063472523706532,0.0,0.0,1.0,0.46952307538944554,0.185925968218926,0.2448579045859331,0.09969305180569553
142,0.17881025794388786,0.0,0.21952307538944546,84,26,0.0,0,0,140,0.46952307538944554,0.6483333333333333,0.185925968218926,0.14,0.2448579045859331,0.185,0.09969305180569553,0.02666666666666667,0.17697692461055453,0.17697692461055453,1.0,0.6465,0.14091666666666666,0.18441666666666667,0.028166666666666666,0.038887393575386835,0.038887393575386835,1.0,0.46431730124609705,0.15315901984618577,0.2837452981613198,0.09877838074639733,0.08588557523360305,0.08588557523360305,1.0,0.5554086506230484,0.14703784325642621,0.23408098241399325,0.063472523706532,0.0,0.0,1.0,0.46952307538944554,0.185925968218926,0.2448579045859331,0.09969305180569553
143,0.17881025794388786,0.0,0.21952307538944546,88,26,0.0,0,0,140,0.46952307538944554,0.6483333333333333,0.185925968218926,0.14,0.2448579045859331,0.185,0.09969305180569553,0.02666666666666667,0.17697692461055453,0.17697692461055453,1.0,0.6465,0.14091666666666666,0.18441666666666667,0.028166666666666666,0.038887393575386835,0.038887393575386835,1.0,0.46431730124609705,0.15315901984618577,0.2837452981613198,0.09877838074639733,0.08588557523360305,0.08588557523360305,1.0,0.5554086506230484,0.14703784325642621,0.23408098241399325,0.063472523706532,0.0,0.0,1.0,0.46952307538944554,0.185925968218926,0.2448579045859331,0.09969305180569553
144,0.18047692461055456,0.0,0.21952307538944546,78,26,0.0,0,0,140,0.46952307538944554,0.65,0.185925968218926,0.14,0.2448579045859331,0.18333333333333332,0.09969305180569553,0.02666666666666667,0.17697692461055453,0.17697692461055453,1.0,0.6465,0.14091666666666666,0.18441666666666667,0.028166666666666666,0.038887393575386835,0.038887393575386835,1.0,0.46431730124609705,0.15315901984618577,0.2837452981613198,0.09877838074639733,0.08588557523360305,0.08588557523360305,1.0,0.5554086506230484,0.14703784325642621,0.23408098241399325,0.063472523706532,0.0,0.0,1.0,0.46952307538944554,0.185925968218926,0.2448579045859331,0.09969305180569553
145,0.18047692461055456,0.0,0.21952307538944546,72,26,0.0,0,0,140,0.46952307538944554,0.65,0.185925968218926,0.14,0.2448579045859331,0.18333333333333332,0.09969305180569553,0.02666666666666667,0.17697692461055453,0.17697692461055453,1.0,0.6465,0.14091666666666666,0.18441666666666667,0.028166666666666666,0.038887393575386835,0.038887393575386835,1.0,0.46431730124609705,0.15315901984618577,0.2837452981613198,0.09877838074639733,0.08588557523360305,0.08588557523360305,1.0,0.5554086506230484,0.14703784325642621,0.23408098241399325,0.063472523706532,0.0,0.0,1.0,0.46952307538944554,0.185925968218926,0.2448579045859331,0.09969305180569553
146,0.17881025794388786,0.0,0.21952307538944546,90,26,0.0,0,0,140,0.46952307538944554,0.6483333333333333,0.185925968218926,0.14,0.2448579045859331,0.185,0.09969305180569553,0.02666666666666667,0.17697692461055453,0.17697692461055453,1.0,0.6465,0.14091666666666666,0.18441666666666667,0.028166666666666666,0.038887393575386835,0.038887393575386835,1.0,0.46431730124609705,0.15315901984618577,0.2837452981613198,0.09877838074639733,0.08588557523360305,0.08588557523360305,1.0,0.5554086506230484,0.14703784325642621,0.23408098241399325,0.063472523706532,0.0,0.0,1.0,0.46952307538944554,0.185925968218926,0.2448579045859331,0.09969305180569553
147,0.18047692461055456,0.0,0.21952307538944546,73,26,0.0,0,0,140,0.46952307538944554,0.65,0.185925968218926,0.14,0.2448579045859331,0.18333333333333332,0.09969305180569553,0.02666666666666667,0.17697692461055453,0.17697692461055453,1.0,0.6465,0.14091666666666666,0.18441666666666667,0.028166666666666666,0.038887393575386835,0.038887393575386835,1.0,0.46431730124609705,0.15315901984618577,0.2837452981613198,0.09877838074639733,0.08588557523360305,0.08588557523360305,1.0,0.5554086506230484,0.14703784325642621,0.23408098241399325,0.063472523706532,0.0,0.0,1.0,0.46952307538944554,0.185925968218926,0.2448579045859331,0.09969305180569553
148,0.18047692461055456,0.0,0.21952307538944546,101,26,0.0,0,0,140,0.46952307538944554,0.65,0.185925968218926,0.14,0.2448579045859331,0.18333333333333332,0.09969305180569553,0.02666666666666667,0.17697692461055453,0.17697692461055453,1.0,0.6465,0.14091666666666666,0.18441666666666667,0.028166666666666666,0.038887393575386835,0.038887393575386835,1.0,0.46431730124609705,0.15315901984618577,0.2837452981613198,0.09877838074639733,0.08588557523360305,0.08588557523360305,1.0,0.5554086506230484,0.14703784325642621,0.23408098241399325,0.063472523706532,0.0,0.0,1.0,0.46952307538944554,0.185925968218926,0.2448579045859331,0.09969305180569553
149,0.18047692461055456,0.0,0.21952307538944546,85,26,0.0,0,0,140,0.46952307538944554,0.65,0.185925968218926,0.14,0.2448579045859331,0.18333333333333332,0.09969305180569553,0.02666666666666667,0.17697692461055453,0.17697692461055453,1.0,0.6465,0.14091666666666666,0.18441666666666667,0.028166666666666666,0.038887393575386835,0.038887393575386835,1.0,0.46431730124609705,0.15315901984618577,0.2837452981613198,0.09877838074639733,0.08588557523360305,0.08588557523360305,1.0,0.5554086506230484,0.14703784325642621,0.23408098241399325,0.063472523706532,0.0,0.0,1.0,0.46952307538944554,0.185925968218926,0.2448579045859331,0.09969305180569553
150,0.18214359127722118,0.0,0.21952307538944546,85,26,0.0,0,1,150,0.46952307538944554,0.6516666666666666,0.185925968218926,0.14,0.2448579045859331,0.18166666666666667,0.09969305180569553,0.02666666666666667,0.1783935912772212,0.1783935912772212,1.0,0.6479166666666667,0.14033333333333334,0.18441666666666667,0.027333333333333334,0.13630802863797764,0.13630802863797764,1.0,0.3491592652042001,0.2769893948758211,0.22891368613320084,0.14493765378677806,0.05175028643163911,0.05175028643163911,1.0,0.4985379659354334,0.2086613641045772,0.20666517639993376,0.0861354935600557,0.0,0.0,1.0,0.46952307538944554,0.185925968218926,0.2448579045859331,0.09969305180569553
151,0.18214359127722118,0.0,0.21952307538944546,85,26,0.0,0,0,150,0.46952307538944554,0.6516666666666666,0.185925968218926,0.14,0.2448579045859331,0.18166666666666667,0.09969305180569553,0.02666666666666667,0.1783935912772212,0.1783935912772212,1.0,0.6479166666666667,0.14033333333333334,0.18441666666666667,0.027333333333333334,0.13630802863797764,0.13630802863797764,1.0,0.3491592652042001,0.2769893948758211,0.22891368613320084,0.14493765378677806,0.05175028643163911,0.05175028643163911,1.0,0.4985379659354334,0.2086613641045772,0.20666517639993376,0.0861354935600557,0.0,0.0,1.0,0.46952307538944554,0.185925968218926,0.2448579045859331,0.09969305180569553
152,0.18214359127722118,0.0,0.21952307538944546,74,26,0.0,0,0,150,0.46952307538944554,0.6516666666666666,0.185925968218926,0.14,0.2448579045859331,0.18166666666666667,0.09969305180569553,0.02666666666666667,0.1783935912772212,0.1783935912772212,1.0,0.6479166666666667,0.14033333333333334,0.18441666666666667,0.027333333333333334,0.13630802863797764,0.13630802863797764,1.0,0.3491592652042001,0.2769893948758211,0.22891368613320084,0.14493765378677806,0.05175028643163911,0.05175028643163911,1.0,0.4985379659354334,0.2086613641045772,0.20666517639993376,0.0861354935600557,0.0,0.0,1.0,0.46952307538944554,0.185925968218926,0.2448579045859331,0.09969305180569553
153,0.18214359127722118,0.0,0.21952307538944546,83,26,0.0,0,0,150,0.46952307538944554,0.6516666666666666,0.185925968218926,0.14,0.2448579045859331,0.18166666666666667,0.09969305180569553,0.02666666666666667,0.1783935912772212,0.1783935912772212,1.0,0.6479166666666667,0.14033333333333334,0.18441666666666667,0.027333333333333334,0.13630802863797764,0.13630802863797764,1.0,0.3491592652042001,0.2769893948758211,0.22891368613320084,0.14493765378677806,0.05175028643163911,0.05175028643163911,1.0,0.4985379659354334,0.2086613641045772,0.20666517639993376,0.0861354935600557,0.0,0.0,1.0,0.46952307538944554,0.185925968218926,0.2448579045859331,0.09969305180569553
154,0.18047692461055456,0.0,0.21952307538944546,76,26,0.0,0,0,150,0.46952307538944554,0.65,0.185925968218926,0.14,0.2448579045859331,0.18333333333333332,0.09969305180569553,0.02666666666666667,0.1783935912772212,0.1783935912772212,1.0,0.6479166666666667,0.14033333333333334,0.18441666666666667,0.027333333333333334,0.13630802863797764,0.13630802863797764,1.0,0.3491592652042001,0.2769893948758211,0.22891368613320084,0.14493765378677806,0.05175028643163911,0.05175028643163911,1.0,0.4985379659354334,0.2086613641045772,0.20666517639993376,0.0861354935600557,0.0,0.0,1.0,0.46952307538944554,0.185925968218926,0.2448579045859331,0.09969305180569553
155,0.18214359127722118,0.0,0.21952307538944546,82,26,0.0,0,0,150,0.46952307538944554,0.6516666666666666,0.185925968218926,0.14,0.2448579045859331,0.18166666666666667,0.09969305180569553,0.02666666666666667,0.1783935912772212,0.1783935912772212,1.0,0.6479166666666667,0.14033333333333334,0.18441666666666667,0.027333333333333334,0.13630802863797764,0.13630802863797764,1.0,0.3491592652042001,0.2769893948758211,0.22891368613320084,0.14493765378677806,0.05175028643163911,0.05175028643163911,1.0,0.4985379659354334,0.2086613641045772,0.20666517639993376,0.0861354935600557,0.0,0.0,1.0,0.46952307538944554,0.185925968218926,0.2448579045859331,0.09969305180569553
156,0.18381025794388786,0.0,0.21952307538944546,69,26,0.0,0,0,150,0.46952307538944554,0.6533333333333333,0.185925968218926,0.14,0.2448579045859331,0.18,0.09969305180569553,0.02666666666666667,0.1783935912772212,0.1783935912772212,1.0,0.6479166666666667,0.14033333333333334,0.18441666666666667,0.027333333333333334,0.13630802863797764,0.13630802863797764,1.0,0.3491592652042001,0.2769893948758211,0.22891368613320084,0.14493765378677806,0.05175028643163911,0.05175028643163911,1.0,0.4985379659354334,0.2086613641045772,0.20666517639993376,0.0861354935600557,0.0,0.0,1.0,0.46952307538944554,0.185925968218926,0.2448579045859331,0.09969305180569553
157,0.18047692461055456,0.0,0.21952307538944546,72,26,0.0,0,0,150,0.46952307538944554,0.65,0.185925968218926,0.14,0.2448579045859331,0.18333333333333332,0.09969305180569553,0.02666666666666667,0.1783935912772212,0.1783935912772212,1.0,0.6479166666666667,0.14033333333333334,0.18441666666666667,0.027333333333333334,0.13630802863797764,0.13630802863797764,1.0,0.3491592652042001,0.2769893948758211,0.22891368613320084,0.14493765378677806,0.05175028643163911,0.05175028643163911,1.0,0.4985379659354334,0.2086613641045772,0.20666517639993376,0.0861354935600557,0.0,0.0,1.0,0.46952307538944554,0.185925968218926,0.2448579045859331,0.09969305180569553
158,0.18047692461055456,0.0,0.21952307538944546,71,26,0.0,0,0,150,0.46952307538944554,0.65,0.185925968218926,0.14,0.2448579045859331,0.18333333333333332,0.09969305180569553,0.02666666666666667,0.1783935912772212,0.1783935912772212,1.0,0.6479166666666667,0.14033333333333334,0.18441666666666667,0.027333333333333334,0.13630802863797764,0.13630802863797764,1.0,0.3491592652042001,0.2769893948758211,0.22891368613320084,0.14493765378677806,0.05175028643163911,0.05175028643163911,1.0,0.4985379659354334,0.2086613641045772,0.20666517639993376,0.0861354935600557,0.0,0.0,1.0,0.46952307538944554,0.185925968218926,0.2448579045859331,0.09969305180569553
159,0.18047692461055456,0.0,0.21952307538944546,64,26,0.0,0,0,150,0.46952307538944554,0.65,0.185925968218926,0.14,0.2448579045859331,0.18333333333333332,0.09969305180569553,0.02666666666666667,0.1783935912772212,0.1783935912772212,1.0,0.6479166666666667,0.14033333333333334,0.18441666666666667,0.027333333333333334,0.13630802863797764,0.13630802863797764,1.0,0.3491592652042001,0.2769893948758211,0.22891368613320084,0.14493765378677806,0.05175028643163911,0.05175028643163911,1.0,0.4985379659354334,0.2086613641045772,0.20666517639993376,0.0861354935600557,0.0,0.0,1.0,0.46952307538944554,0.185925968218926,0.2448579045859331,0.09969305180569553
160,0.18047692461055456,0.0,0.21952307538944546,87,26,0.0,0,1,160,0.46952307538944554,0.65,0.185925968218926,0.14,0.2448579045859331,0.18333333333333332,0.09969305180569553,0.02666666666666667,0.18072692461055453,0.18072692461055453,1.0,0.65025,0.14,0.18308333333333332,0.02666666666666667,0.05925453795236414,0.05925453795236414,1.0,0.4544511225281605,0.14174338312784682,0.2801578828422713,0.12364761150172139,0.08282748587463479,0.08282748587463479,1.0,0.5523505612640802,0.14087169156392343,0.2316206080878023,0.07515713908419402,0.0,0.0,1.0,0.46952307538944554,0.185925968218926,0.2448579045859331,0.09969305180569553
161,0.18214359127722118,0.0,0.21952307538944546,78,26,0.0,0,0,160,0.46952307538944554,0.6516666666666666,0.185925968218926,0.14,0.2448579045859331,0.18166666666666667,0.09969305180569553,0.02666666666666667,0.18072692461055453,0.18072692461055453,1.0,0.65025,0.14,0.18308333333333332,0.02666666666666667,0.05925453795236414,0.05925453795236414,1.0,0.4544511225281605,0.14174338312784682,0.2801578828422713,0.12364761150172139,0.08282748587463479,0.08282748587463479,1.0,0.5523505612640802,0.14087169156392343,0.2316206080878023,0.07515713908419402,0.0,0.0,1.0,0.46952307538944554,0.185925968218926,0.2448579045859331,0.09969305180569553
162,0.18047692461055456,0.0,0.21952307538944546,73,26,0.0,0,0,160,0.46952307538944554,0.65,0.185925968218926,0.14,0.2448579045859331,0.18333333333333332,0.09969305180569553,0.02666666666666667,0.18072692461055453,0.18072692461055453,1.0,0.65025,0.14,0.18308333333333332,0.02666666666666667,0.05925453795236414,0.05925453795236414,1.0,0.4544511225281605,0.14174338312784682,0.2801578828422713,0.12364761150172139,0.08282748587463479,0.08282748587463479,1.0,0.5523505612640802,0.14087169156392343,0.2316206080878023,0.07515713908419402,0.0,0.0,1.0,0.46952307538944554,0.185925968218926,0.2448579045859331,0.09969305180569553
163,0.18214359127722118,0.0,0.21952307538944546,97,26,0.0,0,0,160,0.46952307538944554,0.6516666666666666,0.185925968218926,0.14,0.2448579045859331,0.18166666666666667,0.09969305180569553,0.02666666666666667,0.18072692461055453,0.18072692461055453,1.0,0.65025,0.14,0.18308333333333332,0.02666666666666667,0.05925453795236414,0.05925453795236414,1.0,0.4544511225281605,0.14174338312784682,0.2801578828422713,0.12364761150172139,0.08282748587463479,0.08282748587463479,1.0,0.5523505612640802,0.14087169156392343,0.2316206080878023,0.07515713908419402,0.0,0.0,1.0,0.46952307538944554,0.185925968218926,0.2448579045859331,0.09969305180569553
164,0.18381025794388786,0.0,0.21952307538944546,77,26,0.0,0,0,160,0.46952307538944554,0.6533333333333333,0.185925968218926,0.14,0.2448579045859331,0.18,0.09969305180569553,0.02666666666666667,0.18072692461055453,0.18072692461055453,1.0,0.65025,0.14,0.18308333333333332,0.02666666666666667,0.05925453795236414,0.05925453795236414,1.0,0.4544511225281605,0.14174338312784682,0.2801578828422713,0.12364761150172139,0.08282748587463479,0.08282748587463479,1.0,0.5523505612640802,0.14087169156392343,0.2316206080878023,0.07515713908419402,0.0,0.0,1.0,0.46952307538944554,0.185925968218926,0.2448579045859331,0.09969305180569553
165,0.18214359127722118,0.0,0.21952307538944546,67,26,0.0,0,0,160,0.46952307538944554,0.6516666666666666,0.185925968218926,0.14,0.2448579045859331,0.18166666666666667,0.09969305180569553,0.02666666666666667,0.18072692461055453,0.18072692461055453,1.0,0.65025,0.14,0.18308333333333332,0.02666666666666667,0.05925453795236414,0.05925453795236414,1.0,0.4544511225281605,0.14174338312784682,0.2801578828422713,0.12364761150172139,0.08282748587463479,0.08282748587463479,1.0,0.5523505612640802,0.14087169156392343,0.2316206080878023,0.07515713908419402,0.0,0.0,1.0,0.46952307538944554,0.185925968218926,0.2448579045859331,0.09969305180569553
166,0.18214359127722118,0.0,0.21952307538944546,98,26,0.0,0,0,160,0.46952307538944554,0.6516666666666666,0.185925968218926,0.14,0.2448579045859331,0.18166666666666667,0.09969305180569553,0.02666666666666667,0.18072692461055453,0.18072692461055453,1.0,0.65025,0.14,0.18308333333333332,0.02666666666666667,0.05925453795236414,0.05925453795236414,1.0,0.4544511225281605,0.14174338312784682,0.2801578828422713,0.12364761150172139,0.08282748587463479,0.08282748587463479,1.0,0.5523505612640802,0.14087169156392343,0.2316206080878023,0.07515713908419402,0.0,0.0,1.0,0.46952307538944554,0.185925968218926,0.2448579045859331,0.09969305180569553
167,0.18214359127722118,0.0,0.21952307538944546,85,26,0.0,0,0,160,0.46952307538944554,0.6516666666666666,0.185925968218926,0.14,0.2448579045859331,0.18166666666666667,0.09969305180569553,0.02666666666666667,0.18072692461055453,0.18072692461055453,1.0,0.65025,0.14,0.18308333333333332,0.02666666666666667,0.05925453795236414,0.05925453795236414,1.0,0.4544511225281605,0.14174338312784682,0.2801578828422713,0.12364761150172139,0.08282748587463479,0.08282748587463479,1.0,0.5523505612640802,0.14087169156392343,0.2316206080878023,0.07515713908419402,0.0,0.0,1.0,0.46952307538944554,0.185925968218926,0.2448579045859331,0.09969305180569553
168,0.18381025794388786,0.0,0.21952307538944546,92,26,0.0,0,0,160,0.46952307538944554,0.6533333333333333,0.185925968218926,0.14,0.2448579045859331,0.18,0.09969305180569553,0.02666666666666667,0.18072692461055453,0.18072692461055453,1.0,0.65025,0.14,0.18308333333333332,0.02666666666666667,0.05925453795236414,0.05925453795236414,1.0,0.4544511225281605,0.14174338312784682,0.2801578828422713,0.12364761150172139,0.08282748587463479,0.08282748587463479,1.0,0.5523505612640802,0.14087169156392343,0.2316206080878023,0.07515713908419402,0.0,0.0,1.0,0.46952307538944554,0.185925968218926,0.2448579045859331,0.09969305180569553
169,0.18381025794388786,0.0,0.21952307538944546,82,26,0.0,0,0,160,0.46952307538944554,0.6533333333333333,0.185925968218926,0.14,0.2448579045859331,0.18,0.09969305180569553,0.02666666666666667,0.18072692461055453,0.18072692461055453,1.0,0.65025,0.14,0.18308333333333332,0.02666666666666667,0.05925453795236414,0.05925453795236414,1.0,0.4544511225281605,0.14174338312784682,0.2801578828422713,0.12364761150172139,0.08282748587463479,0.08282748587463479,1.0,0.5523505612640802,0.14087169156392343,0.2316206080878023,0.07515713908419402,0.0,0.0,1.0,0.46952307538944554,0.185925968218926,0.2448579045859331,0.09969305180569553
170,0.18381025794388786,0.0,0.21952307538944546,92,26,0.0,0,1,170,0.46952307538944554,0.6533333333333333,0.185925968218926,0.14,0.2448579045859331,0.18,0.09969305180569553,0.02666666666666667,0.18206025794388786,0.18206025794388786,1.0,0.6515833333333333,0.14,0.18175,0.02666666666666667,0.11067960605765875,0.11067960605765875,1.0,0.4329778624533802,0.22515849291508605,0.1707235114643396,0.17114013316719415,0.07275752250391128,0.07275752250391128,1.0,0.5422805978933567,0.18257924645754303,0.1762367557321698,0.09890339991693041,0.0,0.0,1.0,0.46952307538944554,0.185925968218926,0.2448579045859331,0.09969305180569553
171,0.18381025794388786,0.0,0.21952307538944546,85,26,0.0,0,0,170,0.46952307538944554,0.6533333333333333,0.185925968218926,0.14,0.2448579045859331,0.18,0.09969305180569553,0.02666666666666667,0.18206025794388786,0.18206025794388786,1.0,0.6515833333333333,0.14,0.18175,0.02666666666666667,0.11067960605765875,0.11067960605765875,1.0,0.4329778624533802,0.22515849291508605,0.1707235114643396,0.17114013316719415,0.07275752250391128,0.07275752250391128,1.0,0.5422805978933567,0.18257924645754303,0.1762367557321698,0.09890339991693041,0.0,0.0,1.0,0.46952307538944554,0.185925968218926,0.2448579045859331,0.09969305180569553
172,0.18381025794388786,0.0,0.21952307538944546,74,26,0.0,0,0,170,0.46952307538944554,0.6533333333333333,0.185925968218926,0.14,0.2448579045859331,0.18,0.09969305180569553,0.02666666666666667,0.18206025794388786,0.18206025794388786,1.0,0.6515833333333333,0.14,0.18175,0.02666666666666667,0.11067960605765875,0.11067960605765875,1.0,0.4329778624533802,0.22515849291508605,0.1707235114643396,0.17114013316719415,0.07275752250391128,0.07275752250391128,1.0,0.5422805978933567,0.18257924645754303,0.1762367557321698,0.09890339991693041,0.0,0.0,1.0,0.46952307538944554,0.185925968218926,0.2448579045859331,0.09969305180569553
173,0.18381025794388786,0.0,0.21952307538944546,72,26,0.0,0,0,170,0.46952307538944554,0.6533333333333333,0.185925968218926,0.14,0.2448579045859331,0.18,0.09969305180569553,0.02666666666666667,0.18206025794388786,0.18206025794388786,1.0,0.6515833333333333,0.14,0.18175,0.02666666666666667,0.11067960605765875,0.11067960605765875,1.0,0.4329778624533802,0.22515849291508605,0.1707235114643396,0.17114013316719415,0.07275752250391128,0.07275752250391128,1.0,0.5422805978933567,0.18257924645754303,0.1762367557321698,0.09890339991693041,0.0,0.0,1.0,0.46952307538944554,0.185925968218926,0.2448579045859331,0.09969305180569553
174,0.18381025794388786,0.0,0.21952307538944546,63,26,0.0,0,0,170,0.46952307538944554,0.6533333333333333,0.185925968218926,0.14,0.2448579045859331,0.18,0.09969305180569553,0.02666666666666667,0.18206025794388786,0.18206025794388786,1.0,0.6515833333333333,0.14,0.18175,0.02666666666666667,0.11067960605765875,0.11067960605765875,1.0,0.4329778624533802,0.22515849291508605,0.1707235114643396,0.17114013316719415,0.07275752250391128,0.07275752250391128,1.0,0.5422805978933567,0.18257924645754303,0.1762367557321698,0.09890339991693041,0.0,0.0,1.0,0.46952307538944554,0.185925968218926,0.2448579045859331,0.09969305180569553
175,0.18381025794388786,0.0,0.21952307538944546,80,26,0.0,0,0,170,0.46952307538944554,0.6533333333333333,0.185925968218926,0.14,0.2448579045859331,0.18,0.09969305180569553,0.02666666666666667,0.18206025794388786,0.18206025794388786,1.0,0.6515833333333333,0.14,0.18175,0.02666666666666667,0.11067960605765875,0.11067960605765875,1.0,0.4329778624533802,0.22515849291508605,0.1707235114643396,0.17114013316719415,0.07275752250391128,0.07275752250391128,1.0,0.5422805978933567,0.18257924645754303,0.1762367557321698,0.09890339991693041,0.0,0.0,1.0,0.46952307538944554,0.185925968218926,0.2448579045859331,0.09969305180569553
176,0.1838102579438879,0.0,0.21952307538944546,80,26,0.0,0,0,170,0.46952307538944554,0.6533333333333333,0.185925968218926,0.14,0.2448579045859331,0.17833333333333334,0.09969305180569553,0.028333333333333332,0.18206025794388786,0.18206025794388786,1.0,0.6515833333333333,0.14,0.18175,0.02666666666666667,0.11067960605765875,0.11067960605765875,1.0,0.4329778624533802,0.22515849291508605,0.1707235114643396,0.17114013316719415,0.07275752250391128,0.07275752250391128,1.0,0.5422805978933567,0.18257924645754303,0.1762367557321698,0.09890339991693041,0.0,0.0,1.0,0.46952307538944554,0.185925968218926,0.2448579045859331,0.09969305180569553
177,0.1838102579438879,0.0,0.21952307538944546,84,26,0.0,0,0,170,0.46952307538944554,0.6533333333333333,0.185925968218926,0.14,0.2448579045859331,0.17833333333333334,0.09969305180569553,0.028333333333333332,0.18206025794388786,0.18206025794388786,1.0,0.6515833333333333,0.14,0.18175,0.02666666666666667,0.11067960605765875,0.11067960605765875,1.0,0.4329778624533802,0.22515849291508605,0.1707235114643396,0.17114013316719415,0.07275752250391128,0.07275752250391128,1.0,0.5422805978933567,0.18257924645754303,0.1762367557321698,0.09890339991693041,0.0,0.0,1.0,0.46952307538944554,0.185925968218926,0.2448579045859331,0.09969305180569553
178,0.1838102579438879,0.0,0.21952307538944546,75,26,0.0,0,0,170,0.46952307538944554,0.6533333333333333,0.185925968218926,0.14,0.2448579045859331,0.17833333333333334,0.09969305180569553,0.028333333333333332,0.18206025794388786,0.18206025794388786,1.0,0.6515833333333333,0.14,0.18175,0.02666666666666667,0.11067960605765875,0.11067960605765875,1.0,0.4329778624533802,0.22515849291508605,0.1707235114643396,0.17114013316719415,0.07275752250391128,0.07275752250391128,1.0,0.5422805978933567,0.18257924645754303,0.1762367557321698,0.09890339991693041,0.0,0.0,1.0,0.46952307538944554,0.185925968218926,0.2448579045859331,0.09969305180569553
179,0.1838102579438879,0.0,0.21952307538944546,84,26,0.0,0,0,170,0.46952307538944554,0.6533333333333333,0.185925968218926,0.14,0.2448579045859331,0.17833333333333334,0.09969305180569553,0.028333333333333332,0.18206025794388786,0.18206025794388786,1.0,0.6515833333333333,0.14,0.18175,0.02666666666666667,0.11067960605765875,0.11067960605765875,1.0,0.4329778624533802,0.22515849291508605,0.1707235114643396,0.17114013316719415,0.07275752250391128,0.07275752250391128,1.0,0.5422805978933567,0.18257924645754303,0.1762367557321698,0.09890339991693041,0.0,0.0,1.0,0.46952307538944554,0.185925968218926,0.2448579045859331,0.09969305180569553
180,0.1838102579438879,0.0,0.21952307538944546,85,26,0.0,0,1,180,0.46952307538944554,0.6533333333333333,0.185925968218926,0.14,0.2448579045859331,0.17833333333333334,0.09969305180569553,0.028333333333333332,0.18322692461055456,0.18322692461055456,1.0,0.65275,0.14,0.18016666666666667,0.027083333333333334,0.05100275672636807,0.05100275672636807,1.0,0.4428024285826116,0.23132704183368047,0.2504595876975466,0.0754109418861613,0.07825313890186036,0.07825313890186036,1.0,0.5477762142913059,0.18566352091684024,0.21531312718210666,0.05124713760974732,0.0,0.0,1.0,0.46952307538944554,0.185925968218926,0.2448579045859331,0.09969305180569553
181,0.1838102579438879,0.0,0.21952307538944546,88,26,0.0,0,0,180,0.46952307538944554,0.6533333333333333,0.185925968218926,0.13833333333333334,0.2448579045859331,0.18,0.09969305180569553,0.028333333333333332,0.18322692461055456,0.18322692461055456,1.0,0.65275,0.14,0.18016666666666667,0.027083333333333334,0.05100275672636807,0.05100275672636807,1.0,0.4428024285826116,0.23132704183368047,0.2504595876975466,0.0754109418861613,0.07825313890186036,0.07825313890186036,1.0,0.5477762142913059,0.18566352091684024,0.21531312718210666,0.05124713760974732,0.0,0.0,1.0,0.46952307538944554,0.185925968218926,0.2448579045859331,0.09969305180569553
182,0.1838102579438879,0.0,0.21952307538944546,74,26,0.0,0,0,180,0.46952307538944554,0.6533333333333333,0.185925968218926,0.13833333333333334,0.2448579045859331,0.18,0.09969305180569553,0.028333333333333332,0.18322692461055456,0.18322692461055456,1.0,0.65275,0.14,0.18016666666666667,0.027083333333333334,0.05100275672636807,0.05100275672636807,1.0,0.4428024285826116,0.23132704183368047,0.2504595876975466,0.0754109418861613,0.07825313890186036,0.07825313890186036,1.0,0.5477762142913059,0.18566352091684024,0.21531312718210666,0.05124713760974732,0.0,0.0,1.0,0.46952307538944554,0.185925968218926,0.2448579045859331,0.09969305180569553
183,0.18214359127722118,0.0,0.21952307538944546,82,26,0.0,0,0,180,0.46952307538944554,0.6516666666666666,0.185925968218926,0.14,0.2448579045859331,0.18,0.09969305180569553,0.028333333333333332,0.18322692461055456,0.18322692461055456,1.0,0.65275,0.14,0.18016666666666667,0.027083333333333334,0.05100275672636807,0.05100275672636807,1.0,0.4428024285826116,0.23132704183368047,0.2504595876975466,0.0754109418861613,0.07825313890186036,0.07825313890186036,1.0,0.5477762142913059,0.18566352091684024,0.21531312718210666,0.05124713760974732,0.0,0.0,1.0,0.46952307538944554,0.185925968218926,0.2448579045859331,0.09969305180569553
184,0.1838102579438879,0.0,0.21952307538944546,79,26,0.0,0,0,180,0.46952307538944554,0.6533333333333333,0.185925968218926,0.13833333333333334,0.2448579045859331,0.18,0.09969305180569553,0.028333333333333332,0.18322692461055456,0.18322692461055456,1.0,0.65275,0.14,0.18016666666666667,0.027083333333333334,0.05100275672636807,0.05100275672636807,1.0,0.4428024285826116,0.23132704183368047,0.2504595876975466,0.0754109418861613,0.07825313890186036,0.07825313890186036,1.0,0.5477762142913059,0.18566352091684024,0.21531312718210666,0.05124713760974732,0.0,0.0,1.0,0.46952307538944554,0.185925968218926,0.2448579045859331,0.09969305180569553
185,0.1838102579438879,0.0,0.21952307538944546,80,26,0.0,0,0,180,0.46952307538944554,0.6533333333333333,0.185925968218926,0.13833333333333334,0.2448579045859331,0.18,0.09969305180569553,0.028333333333333332,0.18322692461055456,0.18322692461055456,1.0,0.65275,0.14,0.18016666666666667,0.027083333333333334,0.05100275672636807,0.05100275672636807,1.0,0.4428024285826116,0.23132704183368047,0.2504595876975466,0.0754109418861613,0.07825313890186036,0.07825313890186036,1.0,0.5477762142913059,0.18566352091684024,0.21531312718210666,0.05124713760974732,0.0,0.0,1.0,0.46952307538944554,0.185925968218926,0.2448579045859331,0.09969305180569553
186,0.1838102579438879,0.0,0.21952307538944546,85,26,0.0,0,0,180,0.46952307538944554,0.6533333333333333,0.185925968218926,0.13833333333333334,0.2448579045859331,0.18,0.09969305180569553,0.028333333333333332,0.18322692461055456,0.18322692461055456,1.0,0.65275,0.14,0.18016666666666667,0.027083333333333334,0.05100275672636807,0.05100275672636807,1.0,0.4428024285826116,0.23132704183368047,0.2504595876975466,0.0754109418861613,0.07825313890186036,0.07825313890186036,1.0,0.5477762142913059,0.18566352091684024,0.21531312718210666,0.05124713760974732,0.0,0.0,1.0,0.46952307538944554,0.185925968218926,0.2448579045859331,0.09969305180569553
187,0.1838102579438879,0.0,0.21952307538944546,78,26,0.0,0,0,180,0.46952307538944554,0.6533333333333333,0.185925968218926,0.13833333333333334,0.2448579045859331,0.18,0.09969305180569553,0.028333333333333332,0.18322692461055456,0.18322692461055456,1.0,0.65275,0.14,0.18016666666666667,0.027083333333333334,0.05100275672636807,0.05100275672636807,1.0,0.4428024285826116,0.23132704183368047,0.2504595876975466,0.0754109418861613,0.07825313890186036,0.07825313890186036,1.0,0.5477762142913059,0.18566352091684024,0.21531312718210666,0.05124713760974732,0.0,0.0,1.0,0.46952307538944554,0.185925968218926,0.2448579045859331,0.09969305180569553
188,0.1838102579438879,0.0,0.21952307538944546,85,26,0.0,0,0,180,0.46952307538944554,0.6533333333333333,0.185925968218926,0.13833333333333334,0.2448579045859331,0.18,0.09969305180569553,0.028333333333333332,0.18322692461055456,0.18322692461055456,1.0,0.65275,0.14,0.18016666666666667,0.027083333333333334,0.05100275672636807,0.05100275672636807,1.0,0.4428024285826116,0.23132704183368047,0.2504595876975466,0.0754109418861613,0.07825313890186036,0.07825313890186036,1.0,0.5477762142913059,0.18566352091684024,0.21531312718210666,0.05124713760974732,0.0,0.0,1.0,0.46952307538944554,0.185925968218926,0.2448579045859331,0.09969305180569553
189,0.18214359127722118,0.0,0.21952307538944546,70,26,0.0,0,0,180,0.46952307538944554,0.6516666666666666,0.185925968218926,0.14,0.2448579045859331,0.18,0.09969305180569553,0.028333333333333332,0.18322692461055456,0.18322692461055456,1.0,0.65275,0.14,0.18016666666666667,0.027083333333333334,0.05100275672636807,0.05100275672636807,1.0,0.4428024285826116,0.23132704183368047,0.2504595876975466,0.0754109418861613,0.07825313890186036,0.07825313890186036,1.0,0.5477762142913059,0.18566352091684024,0.21531312718210666,0.05124713760974732,0.0,0.0,1.0,0.46952307538944554,0.185925968218926,0.2448579045859331,0.09969305180569553
190,0.18214359127722118,0.0,0.21952307538944546,88,26,0.0,0,1,190,0.46952307538944554,0.6516666666666666,0.185925968218926,0.14,0.2448579045859331,0.18,0.09969305180569553,0.028333333333333332,0.18356025794388786,0.18356025794388786,1.0,0.6530833333333333,0.13941666666666666,0.17958333333333334,0.027916666666666666,0.11069006671461373,0.11069006671461373,1.0,0.5802131421040592,0.14898323436581626,0.18935238771064614,0.08145123581947838,0.14712516232925082,0.14712516232925082,1.0,0.6166482377186963,0.14419995051624146,0.18446786052198974,0.05468395124307253,0.0,0.0,1.0,0.46952307538944554,0.185925968218926,0.2448579045859331,0.09969305180569553
191,0.18214359127722118,0.0,0.21952307538944546,86,26,0.0,0,0,190,0.46952307538944554,0.6516666666666666,0.185925968218926,0.14,0.2448579045859331,0.18,0.09969305180569553,0.028333333333333332,0.18356025794388786,0.18356025794388786,1.0,0.6530833333333333,0.13941666666666666,0.17958333333333334,0.027916666666666666,0.11069006671461373,0.11069006671461373,1.0,0.5802131421040592,0.14898323436581626,0.18935238771064614,0.08145123581947838,0.14712516232925082,0.14712516232925082,1.0,0.6166482377186963,0.14419995051624146,0.18446786052198974,0.05468395124307253,0.0,0.0,1.0,0.46952307538944554,0.185925968218926,0.2448579045859331,0.09969305180569553
192,0.18214359127722118,0.0,0.21952307538944546,75,26,0.0,0,0,190,0.46952307538944554,0.6516666666666666,0.185925968218926,0.14,0.2448579045859331,0.18,0.09969305180569553,0.028333333333333332,0.18356025794388786,0.18356025794388786,1.0,0.6530833333333333,0.13941666666666666,0.17958333333333334,0.027916666666666666,0.11069006671461373,0.11069006671461373,1.0,0.5802131421040592,0.14898323436581626,0.18935238771064614,0.08145123581947838,0.14712516232925082,0.14712516232925082,1.0,0.6166482377186963,0.14419995051624146,0.18446786052198974,0.05468395124307253,0.0,0.0,1.0,0.46952307538944554,0.185925968218926,0.2448579045859331,0.09969305180569553
193,0.18214359127722118,0.0,0.21952307538944546,94,26,0.0,0,0,190,0.46952307538944554,0.6516666666666666,0.185925968218926,0.14,0.2448579045859331,0.18,0.09969305180569553,0.028333333333333332,0.18356025794388786,0.18356025794388786,1.0,0.6530833333333333,0.13941666666666666,0.17958333333333334,0.027916666666666666,0.11069006671461373,0.11069006671461373,1.0,0.5802131421040592,0.14898323436581626,0.18935238771064614,0.08145123581947838,0.14712516232925082,0.14712516232925082,1.0,0.6166482377186963,0.14419995051624146,0.18446786052198974,0.05468395124307253,0.0,0.0,1.0,0.46952307538944554,0.185925968218926,0.2448579045859331,0.09969305180569553
194,0.18214359127722118,0.0,0.21952307538944546,77,26,0.0,0,0,190,0.46952307538944554,0.6516666666666666,0.185925968218926,0.14,0.2448579045859331,0.18,0.09969305180569553,0.028333333333333332,0.18356025794388786,0.18356025794388786,1.0,0.6530833333333333,0.13941666666666666,0.17958333333333334,0.027916666666666666,0.11069006671461373,0.11069006671461373,1.0,0.5802131421040592,0.14898323436581626,0.18935238771064614,0.08145123581947838,0.14712516232925082,0.14712516232925082,1.0,0.6166482377186963,0.14419995051624146,0.18446786052198974,0.05468395124307253,0.0,0.0,1.0,0.46952307538944554,0.185925968218926,0.2448579045859331,0.09969305180569553
195,0.18214359127722118,0.0,0.21952307538944546,84,26,0.0,0,0,190,0.46952307538944554,0.6516666666666666,0.185925968218926,0.14,0.2448579045859331,0.18,0.09969305180569553,0.028333333333333332,0.18356025794388786,0.18356025794388786,1.0,0.6530833333333333,0.13941666666666666,0.17958333333333334,0.027916666666666666,0.11069006671461373,0.11069006671461373,1.0,0.5802131421040592,0.14898323436581626,0.18935238771064614,0.08145123581947838,0.14712516232925082,0.14712516232925082,1.0,0.6166482377186963,0.14419995051624146,0.18446786052198974,0.05468395124307253,0.0,0.0,1.0,0.46952307538944554,0.185925968218926,0.2448579045859331,0.09969305180569553
196,0.18214359127722118,0.0,0.21952307538944546,73,25,0.0,0,0,190,0.46952307538944554,0.6516666666666666,0.185925968218926,0.14,0.2448579045859331,0.18,0.09969305180569553,0.028333333333333332,0.18356025794388786,0.18356025794388786,1.0,0.6530833333333333,0.13941666666666666,0.17958333333333334,0.027916666666666666,0.11069006671461373,0.11069006671461373,1.0,0.5802131421040592,0.14898323436581626,0.18935238771064614,0.08145123581947838,0.14712516232925082,0.14712516232925082,1.0,0.6166482377186963,0.14419995051624146,0.18446786052198974,0.05468395124307253,0.0,0.0,1.0,0.46952307538944554,0.185925968218926,0.2448579045859331,0.09969305180569553
197,0.18214359127722118,0.0,0.21952307538944546,87,25,0.0,0,0,190,0.46952307538944554,0.6516666666666666,0.185925968218926,0.14,0.2448579045859331,0.18,0.09969305180569553,0.028333333333333332,0.18356025794388786,0.18356025794388786,1.0,0.6530833333333333,0.13941666666666666,0.17958333333333334,0.027916666666666666,0.11069006671461373,0.11069006671461373,1.0,0.5802131421040592,0.14898323436581626,0.18935238771064614,0.08145123581947838,0.14712516232925082,0.14712516232925082,1.0,0.6166482377186963,0.14419995051624146,0.18446786052198974,0.05468395124307253,0.0,0.0,1.0,0.46952307538944554,0.185925968218926,0.2448579045859331,0.09969305180569553
198,0.18214359127722118,0.0,0.21952307538944546,77,25,0.0,0,0,190,0.46952307538944554,0.6516666666666666,0.185925968218926,0.14,0.2448579045859331,0.18,0.09969305180569553,0.028333333333333332,0.18356025794388786,0.18356025794388786,1.0,0.6530833333333333,0.13941666666666666,0.17958333333333334,0.027916666666666666,0.11069006671461373,0.11069006671461373,1.0,0.5802131421040592,0.14898323436581626,0.18935238771064614,0.08145123581947838,0.14712516232925082,0.14712516232925082,1.0,0.6166482377186963,0.14419995051624146,0.18446786052198974,0.05468395124307253,0.0,0.0,1.0,0.46952307538944554,0.185925968218926,0.2448579045859331,0.09969305180569553
199,0.18214359127722118,0.0,0.21952307538944546,91,25,0.0,0,0,190,0.46952307538944554,0.6516666666666666,0.185925968218926,0.14,0.2448579045859331,0.18,0.09969305180569553,0.028333333333333332,0.18356025794388786,0.18356025794388786,1.0,0.6530833333333333,0.13941666666666666,0.17958333333333334,0.027916666666666666,0.11069006671461373,0.11069006671461373,1.0,0.5802131421040592,0.14898323436581626,0.18935238771064614,0.08145123581947838,0.14712516232925082,0.14712516232925082,1.0,0.6166482377186963,0.14419995051624146,0.18446786052198974,0.05468395124307253,0.0,0.0,1.0,0.46952307538944554,0.185925968218926,0.2448579045859331,0.09969305180569553
200,0.1971435912772212,0.0,0.21952307538944546,63,21,0.0,0,1,200,0.46952307538944554,0.6666666666666666,0.185925968218926,0.11666666666666667,0.2448579045859331,0.18333333333333332,0.09969305180569553,0.03333333333333333,0.18347692461055456,0.18347692461055456,1.0,0.653,0.13825,0.18016666666666667,0.028583333333333332,0.06384204824981164,0.06384204824981164,1.0,0.5141556992821381,0.15109818722936838,0.215843637325679,0.1189024761628145,0.11405477425162361,0.11405477425162361,1.0,0.5835778496410691,0.1446740936146842,0.19800515199617283,0.07374290474807392,0.0,0.0,1.0,0.46952307538944554,0.185925968218926,0.2448579045859331,0.09969305180569553
201,0.23547692461055453,0.0,0.21952307538944546,68,19,0.0,0,0,200,0.46952307538944554,0.705,0.185925968218926,0.08833333333333333,0.2448579045859331,0.17333333333333334,0.09969305180569553,0.03333333333333333,0.18347692461055456,0.18347692461055456,1.0,0.653,0.13825,0.18016666666666667,0.028583333333333332,0.06384204824981164,0.06384204824981164,1.0,0.5141556992821381,0.15109818722936838,0.215843637325679,0.1189024761628145,0.11405477425162361,0.11405477425162361,1.0,0.5835778496410691,0.1446740936146842,0.19800515199617283,0.07374290474807392,0.0,0.0,1.0,0.46952307538944554,0.185925968218926,0.2448579045859331,0.09969305180569553
202,0.1338102579438879,0.0,0.21952307538944546,65,18,0.0,0,0,200,0.46952307538944554,0.6033333333333334,0.185925968218926,0.10833333333333334,0.2448579045859331,0.23,0.09969305180569553,0.058333333333333334,0.18347692461055456,0.18347692461055456,1.0,0.653,0.13825,0.18016666666666667,0.028583333333333332,0.06384204824981164,0.06384204824981164,1.0,0.5141556992821381,0.15109818722936838,0.215843637325679,0.1189024761628145,0.11405477425162361,0.11405477425162361,1.0,0.5835778496410691,0.1446740936146842,0.19800515199617283,0.07374290474807392,0.0,0.0,1.0,0.46952307538944554,0.185925968218926,0.2448579045859331,0.09969305180569553
203,0.11047692461055453,0.0,0.21952307538944546,50,17,0.0,0,0,200,0.46952307538944554,0.58,0.185925968218926,0.14666666666666667,0.2448579045859331,0.21833333333333332,0.09969305180569553,0.055,0.18347692461055456,0.18347692461055456,1.0,0.653,0.13825,0.18016666666666667,0.028583333333333332,0.06384204824981164,0.06384204824981164,1.0,0.5141556992821381,0.15109818722936838,0.215843637325679,0.1189024761628145,0.11405477425162361,0.11405477425162361,1.0,0.5835778496410691,0.1446740936146842,0.19800515199617283,0.07374290474807392,0.0,0.0,1.0,0.46952307538944554,0.185925968218926,0.2448579045859331,0.09969305180569553
204,0.09047692461055457,0.0,0.21952307538944546,58,17,0.0,0,0,200,0.46952307538944554,0.56,0.185925968218926,0.13666666666666666,0.2448579045859331,0.23833333333333334,0.09969305180569553,0.065,0.18347692461055456,0.18347692461055456,1.0,0.653,0.13825,0.18016666666666667,0.028583333333333332,0.06384204824981164,0.06384204824981164,1.0,0.5141556992821381,0.15109818722936838,0.215843637325679,0.1189024761628145,0.11405477425162361,0.11405477425162361,1.0,0.5835778496410691,0.1446740936146842,0.19800515199617283,0.07374290474807392,0.0,0.0,1.0,0.46952307538944554,0.185925968218926,0.2448579045859331,0.09969305180569553
205,0.20047692461055458,0.0,0.21952307538944546,66,19,0.0,0,0,200,0.46952307538944554,0.67,0.185925968218926,0.09666666666666666,0.2448579045859331,0.19166666666666668,0.09969305180569553,0.041666666666666664,0.18347692461055456,0.18347692461055456,1.0,0.653,0.13825,0.18016666666666667,0.028583333333333332,0.06384204824981164,0.06384204824981164,1.0,0.5141556992821381,0.15109818722936838,0.215843637325679,0.1189024761628145,0.11405477425162361,0.11405477425162361,1.0,0.5835778496410691,0.1446740936146842,0.19800515199617283,0.07374290474807392,0.0,0.0,1.0,0.46952307538944554,0.185925968218926,0.2448579045859331,0.09969305180569553
206,0.20547692461055456,0.0,0.21952307538944546,64,20,0.0,0,0,200,0.46952307538944554,0.675,0.185925968218926,0.11833333333333333,0.2448579045859331,0.16666666666666666,0.09969305180569553,0.04,0.18347692461055456,0.18347692461055456,1.0,0.653,0.13825,0.18016666666666667,0.028583333333333332,0.06384204824981164,0.06384204824981164,1.0,0.5141556992821381,0.15109818722936838,0.215843637325679,0.1189024761628145,0.11405477425162361,0.11405477425162361,1.0,0.5835778496410691,0.1446740936146842,0.19800515199617283,0.07374290474807392,0.0,0.0,1.0,0.46952307538944554,0.185925968218926,0.2448579045859331,0.09969305180569553
207,0.19047692461055457,0.0,0.21952307538944546,58,20,0.0,0,0,200,0.46952307538944554,0.66,0.185925968218926,0.14166666666666666,0.2448579045859331,0.16666666666666666,0.09969305180569553,0.03166666666666667,0.18347692461055456,0.18347692461055456,1.0,0.653,0.13825,0.18016666666666667,0.028583333333333332,0.06384204824981164,0.06384204824981164,1.0,0.5141556992821381,0.15109818722936838,0.215843637325679,0.1189024761628145,0.11405477425162361,0.11405477425162361,1.0,0.5835778496410691,0.1446740936146842,0.19800515199617283,0.07374290474807392,0.0,0.0,1.0,0.46952307538944554,0.185925968218926,0.2448579045859331,0.09969305180569553
208,0.05895235335795476,0.0,0.21952307538944546,59,21,0.0,0,0,200,0.46952307538944554,0.5266666666666666,0.185925968218926,0.17,0.2448579045859331,0.24666666666666667,0.09969305180569553,0.056666666666666664,0.18347692461055456,0.18347692461055456,1.0,0.653,0.13825,0.18016666666666667,0.028583333333333332,0.06384204824981164,0.06384204824981164,1.0,0.5141556992821381,0.15109818722936838,0.215843637325679,0.1189024761628145,0.11405477425162361,0.11405477425162361,1.0,0.5835778496410691,0.1446740936146842,0.19800515199617283,0.07374290474807392,0.0,0.0,1.0,0.46952307538944554,0.185925968218926,0.2448579045859331,0.09969305180569553
209,0.043475428747400326,0.0,0.21952307538944546,73,19,0.0,0,0,200,0.46952307538944554,0.4633333333333333,0.185925968218926,0.17833333333333334,0.2448579045859331,0.28833333333333333,0.09969305180569553,0.07,0.18347692461055456,0.18347692461055456,1.0,0.653,0.13825,0.18016666666666667,0.028583333333333332,0.06384204824981164,0.06384204824981164,1.0,0.5141556992821381,0.15109818722936838,0.215843637325679,0.1189024761628145,0.11405477425162361,0.11405477425162361,1.0,0.5835778496410691,0.1446740936146842,0.19800515199617283,0.07374290474807392,0.0,0.0,1.0,0.46952307538944554,0.185925968218926,0.2448579045859331,0.09969305180569553
210,0.11547692461055452,0.0,0.21952307538944546,76,22,0.0,0,1,210,0.46952307538944554,0.585,0.185925968218926,0.15666666666666668,0.2448579045859331,0.22166666666666668,0.09969305180569553,0.03666666666666667,0.15847692461055454,0.15847692461055454,1.0,0.628,0.13591666666666666,0.19725,0.03883333333333333,0.05096317006929899,0.05096317006929899,1.0,0.4747892981027735,0.15040618897788804,0.22941451375767197,0.14538999916166648,0.08187157366194131,0.08187157366194131,1.0,0.5513946490513868,0.14316142782227737,0.213332256878836,0.0921116662474999,0.0,0.0,1.0,0.46952307538944554,0.185925968218926,0.2448579045859331,0.09969305180569553
211,0.14547692461055456,0.0,0.21952307538944546,69,22,0.0,0,0,210,0.46952307538944554,0.615,0.185925968218926,0.15,0.2448579045859331,0.20666666666666667,0.09969305180569553,0.028333333333333332,0.15847692461055454,0.15847692461055454,1.0,0.628,0.13591666666666666,0.19725,0.03883333333333333,0.05096317006929899,0.05096317006929899,1.0,0.4747892981027735,0.15040618897788804,0.22941451375767197,0.14538999916166648,0.08187157366194131,0.08187157366194131,1.0,0.5513946490513868,0.14316142782227737,0.213332256878836,0.0921116662474999,0.0,0.0,1.0,0.46952307538944554,0.185925968218926,0.2448579045859331,0.09969305180569553
212,0.15381025794388786,0.0,0.21952307538944546,71,23,0.0,0,0,210,0.46952307538944554,0.6233333333333333,0.185925968218926,0.14666666666666667,0.2448579045859331,0.20166666666666666,0.09969305180569553,0.028333333333333332,0.15847692461055454,0.15847692461055454,1.0,0.628,0.13591666666666666,0.19725,0.03883333333333333,0.05096317006929899,0.05096317006929899,1.0,0.4747892981027735,0.15040618897788804,0.22941451375767197,0.14538999916166648,0.08187157366194131,0.08187157366194131,1.0,0.5513946490513868,0.14316142782227737,0.213332256878836,0.0921116662474999,0.0,0.0,1.0,0.46952307538944554,0.185925968218926,0.2448579045859331,0.09969305180569553
213,0.16214359127722122,0.0,0.21952307538944546,50,22,0.0,0,0,210,0.46952307538944554,0.6316666666666667,0.185925968218926,0.15,0.2448579045859331,0.195,0.09969305180569553,0.023333333333333334,0.15847692461055454,0.15847692461055454,1.0,0.628,0.13591666666666666,0.19725,0.03883333333333333,0.05096317006929899,0.05096317006929899,1.0,0.4747892981027735,0.15040618897788804,0.22941451375767197,0.14538999916166648,0.08187157366194131,0.08187157366194131,1.0,0.5513946490513868,0.14316142782227737,0.213332256878836,0.0921116662474999,0.0,0.0,1.0,0.46952307538944554,0.185925968218926,0.2448579045859331,0.09969305180569553
214,0.16381025794388787,0.0,0.21952307538944546,71,22,0.0,0,0,210,0.46952307538944554,0.6333333333333333,0.185925968218926,0.14833333333333334,0.2448579045859331,0.19833333333333333,0.09969305180569553,0.02,0.15847692461055454,0.15847692461055454,1.0,0.628,0.13591666666666666,0.19725,0.03883333333333333,0.05096317006929899,0.05096317006929899,1.0,0.4747892981027735,0.15040618897788804,0.22941451375767197,0.14538999916166648,0.08187157366194131,0.08187157366194131,1.0,0.5513946490513868,0.14316142782227737,0.213332256878836,0.0921116662474999,0.0,0.0,1.0,0.46952307538944554,0.185925968218926,0.2448579045859331,0.09969305180569553
215,0.16714359127722123,0.0,0.21952307538944546,65,22,0.0,0,0,210,0.46952307538944554,0.6366666666666667,0.185925968218926,0.14333333333333334,0.2448579045859331,0.195,0.09969305180569553,0.025,0.15847692461055454,0.15847692461055454,1.0,0.628,0.13591666666666666,0.19725,0.03883333333333333,0.05096317006929899,0.05096317006929899,1.0,0.4747892981027735,0.15040618897788804,0.22941451375767197,0.14538999916166648,0.08187157366194131,0.08187157366194131,1.0,0.5513946490513868,0.14316142782227737,0.213332256878836,0.0921116662474999,0.0,0.0,1.0,0.46952307538944554,0.185925968218926,0.2448579045859331,0.09969305180569553
216,0.16714359127722123,0.0,0.21952307538944546,73,23,0.0,0,0,210,0.46952307538944554,0.6366666666666667,0.185925968218926,0.14333333333333334,0.2448579045859331,0.195,0.09969305180569553,0.025,0.15847692461055454,0.15847692461055454,1.0,0.628,0.13591666666666666,0.19725,0.03883333333333333,0.05096317006929899,0.05096317006929899,1.0,0.4747892981027735,0.15040618897788804,0.22941451375767197,0.14538999916166648,0.08187157366194131,0.08187157366194131,1.0,0.5513946490513868,0.14316142782227737,0.213332256878836,0.0921116662474999,0.0,0.0,1.0,0.46952307538944554,0.185925968218926,0.2448579045859331,0.09969305180569553
217,0.16881025794388788,0.0,0.21952307538944546,55,24,0.0,0,0,210,0.46952307538944554,0.6383333333333333,0.185925968218926,0.14166666666666666,0.2448579045859331,0.195,0.09969305180569553,0.025,0.15847692461055454,0.15847692461055454,1.0,0.628,0.13591666666666666,0.19725,0.03883333333333333,0.05096317006929899,0.05096317006929899,1.0,0.4747892981027735,0.15040618897788804,0.22941451375767197,0.14538999916166648,0.08187157366194131,0.08187157366194131,1.0,0.5513946490513868,0.14316142782227737,0.213332256878836,0.0921116662474999,0.0,0.0,1.0,0.46952307538944554,0.185925968218926,0.2448579045859331,0.09969305180569553
218,0.16881025794388788,0.0,0.21952307538944546,63,24,0.0,0,0,210,0.46952307538944554,0.6383333333333333,0.185925968218926,0.14333333333333334,0.2448579045859331,0.19333333333333333,0.09969305180569553,0.025,0.15847692461055454,0.15847692461055454,1.0,0.628,0.13591666666666666,0.19725,0.03883333333333333,0.05096317006929899,0.05096317006929899,1.0,0.4747892981027735,0.15040618897788804,0.22941451375767197,0.14538999916166648,0.08187157366194131,0.08187157366194131,1.0,0.5513946490513868,0.14316142782227737,0.213332256878836,0.0921116662474999,0.0,0.0,1.0,0.46952307538944554,0.185925968218926,0.2448579045859331,0.09969305180569553
219,0.17047692461055453,0.0,0.21952307538944546,66,24,0.0,0,0,210,0.46952307538944554,0.64,0.185925968218926,0.14333333333333334,0.2448579045859331,0.19166666666666668,0.09969305180569553,0.025,0.15847692461055454,0.15847692461055454,1.0,0.628,0.13591666666666666,0.19725,0.03883333333333333,0.05096317006929899,0.05096317006929899,1.0,0.4747892981027735,0.15040618897788804,0.22941451375767197,0.14538999916166648,0.08187157366194131,0.08187157366194131,1.0,0.5513946490513868,0.14316142782227737,0.213332256878836,0.0921116662474999,0.0,0.0,1.0,0.46952307538944554,0.185925968218926,0.2448579045859331,0.09969305180569553
220,0.17047692461055455,0.0,0.21952307538944546,74,24,0.0,0,1,220,0.46952307538944554,0.64,0.185925968218926,0.14166666666666666,0.2448579045859331,0.19333333333333333,0.09969305180569553,0.025,0.14856025794388789,0.14856025794388789,1.0,0.6180833333333333,0.13966666666666666,0.20533333333333334,0.03691666666666667,0.07866830111666026,0.07866830111666026,1.0,0.47947577890300325,0.14864084178933654,0.31357350218903557,0.058309877118624655,0.09385199390397422,0.09385199390397422,1.0,0.5487795561181683,0.14415375422800158,0.25945341776118447,0.047613271892645664,0.0,0.0,1.0,0.46952307538944554,0.185925968218926,0.2448579045859331,0.09969305180569553
221,0.16881025794388788,0.0,0.21952307538944546,58,24,0.0,0,0,220,0.46952307538944554,0.6383333333333333,0.185925968218926,0.14333333333333334,0.2448579045859331,0.19333333333333333,0.09969305180569553,0.025,0.14856025794388789,0.14856025794388789,1.0,0.6180833333333333,0.13966666666666666,0.20533333333333334,0.03691666666666667,0.07866830111666026,0.07866830111666026,1.0,0.47947577890300325,0.14864084178933654,0.31357350218903557,0.058309877118624655,0.09385199390397422,0.09385199390397422,1.0,0.5487795561181683,0.14415375422800158,0.25945341776118447,0.047613271892645664,0.0,0.0,1.0,0.46952307538944554,0.185925968218926,0.2448579045859331,0.09969305180569553
222,0.17047692461055455,0.0,0.21952307538944546,61,24,0.0,0,0,220,0.46952307538944554,0.64,0.185925968218926,0.14166666666666666,0.2448579045859331,0.19333333333333333,0.09969305180569553,0.025,0.14856025794388789,0.14856025794388789,1.0,0.6180833333333333,0.13966666666666666,0.20533333333333334,0.03691666666666667,0.07866830111666026,0.07866830111666026,1.0,0.47947577890300325,0.14864084178933654,0.31357350218903557,0.058309877118624655,0.09385199390397422,0.09385199390397422,1.0,0.5487795561181683,0.14415375422800158,0.25945341776118447,0.047613271892645664,0.0,0.0,1.0,0.46952307538944554,0.185925968218926,0.2448579045859331,0.09969305180569553
223,0.17047692461055455,0.0,0.21952307538944546,63,24,0.0,0,0,220,0.46952307538944554,0.64,0.185925968218926,0.14166666666666666,0.2448579045859331,0.19333333333333333,0.09969305180569553,0.025,0.14856025794388789,0.14856025794388789,1.0,0.6180833333333333,0.13966666666666666,0.20533333333333334,0.03691666666666667,0.07866830111666026,0.07866830111666026,1.0,0.47947577890300325,0.14864084178933654,0.31357350218903557,0.058309877118624655,0.09385199390397422,0.09385199390397422,1.0,0.5487795561181683,0.14415375422800158,0.25945341776118447,0.047613271892645664,0.0,0.0,1.0,0.46952307538944554,0.185925968218926,0.2448579045859331,0.09969305180569553
224,0.17214359127722123,0.0,0.21952307538944546,75,24,0.0,0,0,220,0.46952307538944554,0.6416666666666667,0.185925968218926,0.14166666666666666,0.2448579045859331,0.19166666666666668,0.09969305180569553,0.025,0.14856025794388789,0.14856025794388789,1.0,0.6180833333333333,0.13966666666666666,0.20533333333333334,0.03691666666666667,0.07866830111666026,0.07866830111666026,1.0,0.47947577890300325,0.14864084178933654,0.31357350218903557,0.058309877118624655,0.09385199390397422,0.09385199390397422,1.0,0.5487795561181683,0.14415375422800158,0.25945341776118447,0.047613271892645664,0.0,0.0,1.0,0.46952307538944554,0.185925968218926,0.2448579045859331,0.09969305180569553
225,0.17214359127722123,0.0,0.21952307538944546,66,24,0.0,0,0,220,0.46952307538944554,0.6416666666666667,0.185925968218926,0.14166666666666666,0.2448579045859331,0.19166666666666668,0.09969305180569553,0.025,0.14856025794388789,0.14856025794388789,1.0,0.6180833333333333,0.13966666666666666,0.20533333333333334,0.03691666666666667,0.07866830111666026,0.07866830111666026,1.0,0.47947577890300325,0.14864084178933654,0.31357350218903557,0.058309877118624655,0.09385199390397422,0.09385199390397422,1.0,0.5487795561181683,0.14415375422800158,0.25945341776118447,0.047613271892645664,0.0,0.0,1.0,0.46952307538944554,0.185925968218926,0.2448579045859331,0.09969305180569553
226,0.17214359127722123,0.0,0.21952307538944546,68,24,0.0,0,0,220,0.46952307538944554,0.6416666666666667,0.185925968218926,0.14166666666666666,0.2448579045859331,0.19166666666666668,0.09969305180569553,0.025,0.14856025794388789,0.14856025794388789,1.0,0.6180833333333333,0.13966666666666666,0.20533333333333334,0.03691666666666667,0.07866830111666026,0.07866830111666026,1.0,0.47947577890300325,0.14864084178933654,0.31357350218903557,0.058309877118624655,0.09385199390397422,0.09385199390397422,1.0,0.5487795561181683,0.14415375422800158,0.25945341776118447,0.047613271892645664,0.0,0.0,1.0,0.46952307538944554,0.185925968218926,0.2448579045859331,0.09969305180569553
227,0.17214359127722123,0.0,0.21952307538944546,62,24,0.0,0,0,220,0.46952307538944554,0.6416666666666667,0.185925968218926,0.14166666666666666,0.2448579045859331,0.19166666666666668,0.09969305180569553,0.025,0.14856025794388789,0.14856025794388789,1.0,0.6180833333333333,0.13966666666666666,0.20533333333333334,0.03691666666666667,0.07866830111666026,0.07866830111666026,1.0,0.47947577890300325,0.14864084178933654,0.31357350218903557,0.058309877118624655,0.09385199390397422,0.09385199390397422,1.0,0.5487795561181683,0.14415375422800158,0.25945341776118447,0.047613271892645664,0.0,0.0,1.0,0.46952307538944554,0.185925968218926,0.2448579045859331,0.09969305180569553
228,0.17214359127722123,0.0,0.21952307538944546,83,24,0.0,0,0,220,0.46952307538944554,0.6416666666666667,0.185925968218926,0.14166666666666666,0.2448579045859331,0.19166666666666668,0.09969305180569553,0.025,0.14856025794388789,0.14856025794388789,1.0,0.6180833333333333,0.13966666666666666,0.20533333333333334,0.03691666666666667,0.07866830111666026,0.07866830111666026,1.0,0.47947577890300325,0.14864084178933654,0.31357350218903557,0.058309877118624655,0.09385199390397422,0.09385199390397422,1.0,0.5487795561181683,0.14415375422800158,0.25945341776118447,0.047613271892645664,0.0,0.0,1.0,0.46952307538944554,0.185925968218926,0.2448579045859331,0.09969305180569553
229,0.17381025794388788,0.0,0.21952307538944546,70,24,0.0,0,0,220,0.46952307538944554,0.6433333333333333,0.185925968218926,0.14166666666666666,0.2448579045859331,0.19,0.09969305180569553,0.025,0.14856025794388789,0.14856025794388789,1.0,0.6180833333333333,0.13966666666666666,0.20533333333333334,0.03691666666666667,0.07866830111666026,0.07866830111666026,1.0,0.47947577890300325,0.14864084178933654,0.31357350218903557,0.058309877118624655,0.09385199390397422,0.09385199390397422,1.0,0.5487795561181683,0.14415375422800158,0.25945341776118447,0.047613271892645664,0.0,0.0,1.0,0.46952307538944554,0.185925968218926,0.2448579045859331,0.09969305180569553
230,0.17547692461055453,0.0,0.21952307538944546,80,24,0.0,0,1,230,0.46952307538944554,0.645,0.185925968218926,0.14,0.2448579045859331,0.19,0.09969305180569553,0.025,0.1678935912772212,0.1678935912772212,1.0,0.6374166666666666,0.14341666666666666,0.19416666666666665,0.025,0.06268175823519037,0.06268175823519037,1.0,0.4844628573324063,0.23159663157127222,0.18217614635074264,0.10176436474557886,0.09299736751013443,0.09299736751013443,1.0,0.5609397619995364,0.18750664911896944,0.18817140650870465,0.06338218237278943,0.0,0.0,1.0,0.46952307538944554,0.185925968218926,0.2448579045859331,0.09969305180569553
231,0.17547692461055453,0.0,0.21952307538944546,69,24,0.0,0,0,230,0.46952307538944554,0.645,0.185925968218926,0.14,0.2448579045859331,0.19,0.09969305180569553,0.025,0.1678935912772212,0.1678935912772212,1.0,0.6374166666666666,0.14341666666666666,0.19416666666666665,0.025,0.06268175823519037,0.06268175823519037,1.0,0.4844628573324063,0.23159663157127222,0.18217614635074264,0.10176436474557886,0.09299736751013443,0.09299736751013443,1.0,0.5609397619995364,0.18750664911896944,0.18817140650870465,0.06338218237278943,0.0,0.0,1.0,0.46952307538944554,0.185925968218926,0.2448579045859331,0.09969305180569553
232,0.17381025794388785,0.0,0.21952307538944546,65,24,0.0,0,0,230,0.46952307538944554,0.6433333333333333,0.185925968218926,0.14,0.2448579045859331,0.19166666666666668,0.09969305180569553,0.025,0.1678935912772212,0.1678935912772212,1.0,0.6374166666666666,0.14341666666666666,0.19416666666666665,0.025,0.06268175823519037,0.06268175823519037,1.0,0.4844628573324063,0.23159663157127222,0.18217614635074264,0.10176436474557886,0.09299736751013443,0.09299736751013443,1.0,0.5609397619995364,0.18750664911896944,0.18817140650870465,0.06338218237278943,0.0,0.0,1.0,0.46952307538944554,0.185925968218926,0.2448579045859331,0.09969305180569553
233,0.17381025794388785,0.0,0.21952307538944546,57,24,0.0,0,0,230,0.46952307538944554,0.6433333333333333,0.185925968218926,0.14,0.2448579045859331,0.19166666666666668,0.09969305180569553,0.025,0.1678935912772212,0.1678935912772212,1.0,0.6374166666666666,0.14341666666666666,0.19416666666666665,0.025,0.06268175823519037,0.06268175823519037,1.0,0.4844628573324063,0.23159663157127222,0.18217614635074264,0.10176436474557886,0.09299736751013443,0.09299736751013443,1.0,0.5609397619995364,0.18750664911896944,0.18817140650870465,0.06338218237278943,0.0,0.0,1.0,0.46952307538944554,0.185925968218926,0.2448579045859331,0.09969305180569553
234,0.17381025794388785,0.0,0.21952307538944546,73,24,0.0,0,0,230,0.46952307538944554,0.6433333333333333,0.185925968218926,0.14,0.2448579045859331,0.19166666666666668,0.09969305180569553,0.025,0.1678935912772212,0.1678935912772212,1.0,0.6374166666666666,0.14341666666666666,0.19416666666666665,0.025,0.06268175823519037,0.06268175823519037,1.0,0.4844628573324063,0.23159663157127222,0.18217614635074264,0.10176436474557886,0.09299736751013443,0.09299736751013443,1.0,0.5609397619995364,0.18750664911896944,0.18817140650870465,0.06338218237278943,0.0,0.0,1.0,0.46952307538944554,0.185925968218926,0.2448579045859331,0.09969305180569553
235,0.17381025794388785,0.0,0.21952307538944546,75,24,0.0,0,0,230,0.46952307538944554,0.6433333333333333,0.185925968218926,0.14,0.2448579045859331,0.19166666666666668,0.09969305180569553,0.025,0.1678935912772212,0.1678935912772212,1.0,0.6374166666666666,0.14341666666666666,0.19416666666666665,0.025,0.06268175823519037,0.06268175823519037,1.0,0.4844628573324063,0.23159663157127222,0.18217614635074264,0.10176436474557886,0.09299736751013443,0.09299736751013443,1.0,0.5609397619995364,0.18750664911896944,0.18817140650870465,0.06338218237278943,0.0,0.0,1.0,0.46952307538944554,0.185925968218926,0.2448579045859331,0.09969305180569553
236,0.17381025794388785,0.0,0.21952307538944546,64,24,0.0,0,0,230,0.46952307538944554,0.6433333333333333,0.185925968218926,0.14,0.2448579045859331,0.19166666666666668,0.09969305180569553,0.025,0.1678935912772212,0.1678935912772212,1.0,0.6374166666666666,0.14341666666666666,0.19416666666666665,0.025,0.06268175823519037,0.06268175823519037,1.0,0.4844628573324063,0.23159663157127222,0.18217614635074264,0.10176436474557886,0.09299736751013443,0.09299736751013443,1.0,0.5609397619995364,0.18750664911896944,0.18817140650870465,0.06338218237278943,0.0,0.0,1.0,0.46952307538944554,0.185925968218926,0.2448579045859331,0.09969305180569553
237,0.17381025794388785,0.0,0.21952307538944546,68,24,0.0,0,0,230,0.46952307538944554,0.6433333333333333,0.185925968218926,0.14,0.2448579045859331,0.19166666666666668,0.09969305180569553,0.025,0.1678935912772212,0.1678935912772212,1.0,0.6374166666666666,0.14341666666666666,0.19416666666666665,0.025,0.06268175823519037,0.06268175823519037,1.0,0.4844628573324063,0.23159663157127222,0.18217614635074264,0.10176436474557886,0.09299736751013443,0.09299736751013443,1.0,0.5609397619995364,0.18750664911896944,0.18817140650870465,0.06338218237278943,0.0,0.0,1.0,0.46952307538944554,0.185925968218926,0.2448579045859331,0.09969305180569553
238,0.17381025794388785,0.0,0.21952307538944546,60,24,0.0,0,0,230,0.46952307538944554,0.6433333333333333,0.185925968218926,0.14,0.2448579045859331,0.19166666666666668,0.09969305180569553,0.025,0.1678935912772212,0.1678935912772212,1.0,0.6374166666666666,0.14341666666666666,0.19416666666666665,0.025,0.06268175823519037,0.06268175823519037,1.0,0.4844628573324063,0.23159663157127222,0.18217614635074264,0.10176436474557886,0.09299736751013443,0.09299736751013443,1.0,0.5609397619995364,0.18750664911896944,0.18817140650870465,0.06338218237278943,0.0,0.0,1.0,0.46952307538944554,0.185925968218926,0.2448579045859331,0.09969305180569553
239,0.17214359127722123,0.0,0.21952307538944546,74,24,0.0,0,0,230,0.46952307538944554,0.6416666666666667,0.185925968218926,0.14,0.2448579045859331,0.19333333333333333,0.09969305180569553,0.025,0.1678935912772212,0.1678935912772212,1.0,0.6374166666666666,0.14341666666666666,0.19416666666666665,0.025,0.06268175823519037,0.06268175823519037,1.0,0.4844628573324063,0.23159663157127222,0.18217614635074264,0.10176436474557886,0.09299736751013443,0.09299736751013443,1.0,0.5609397619995364,0.18750664911896944,0.18817140650870465,0.06338218237278943,0.0,0.0,1.0,0.46952307538944554,0.185925968218926,0.2448579045859331,0.09969305180569553
