step,attention_error,preference_change,uniform_prior_error,interactions,pool_size,official_exposure_share,official_arrivals,observation_updated,last_observed_at,truth_0,attention_0,truth_1,attention_1,truth_2,attention_2,truth_3,attention_3,error_platform,initial_error_platform,top_accuracy_platform,estimate_platform_0,estimate_platform_1,estimate_platform_2,estimate_platform_3,error_survey,initial_error_survey,top_accuracy_survey,estimate_survey_0,estimate_survey_1,estimate_survey_2,estimate_survey_3,error_fused,initial_error_fused,top_accuracy_fused,estimate_fused_0,estimate_fused_1,estimate_fused_2,estimate_fused_3,error_oracle,initial_error_oracle,top_accuracy_oracle,estimate_oracle_0,estimate_oracle_1,estimate_oracle_2,estimate_oracle_3
0,0.17979541512498537,0.0,0.1547954151249854,73,28,0.0,0,1,0,0.3421626735798376,0.31,0.31263274154514786,0.165,0.12246221861146571,0.24,0.22274236626354896,0.285,0.17979541512498537,0.17979541512498537,1.0,0.31,0.165,0.24,0.285,0.06563700019017324,0.06563700019017324,1.0,0.3947474671259685,0.2647983992836029,0.10465956068283734,0.2357945729075912,0.09773354190334631,0.09773354190334631,1.0,0.35237373356298424,0.21489919964180143,0.17232978034141866,0.26039728645379556,0.0,0.0,1.0,0.3421626735798376,0.31263274154514786,0.12246221861146571,0.22274236626354896
1,0.5353751078086968,0.0,0.1547954151249854,128,29,0.0,0,0,0,0.3421626735798376,0.6,0.31263274154514786,0.0,0.12246221861146571,0.4,0.22274236626354896,0.0,0.17979541512498537,0.17979541512498537,1.0,0.31,0.165,0.24,0.285,0.06563700019017324,0.06563700019017324,1.0,0.3947474671259685,0.2647983992836029,0.10465956068283734,0.2357945729075912,0.09773354190334631,0.09773354190334631,1.0,0.35237373356298424,0.21489919964180143,0.17232978034141866,0.26039728645379556,0.0,0.0,1.0,0.3421626735798376,0.31263274154514786,0.12246221861146571,0.22274236626354896
2,0.5353751078086968,0.0,0.1547954151249854,132,29,0.0,0,0,0,0.3421626735798376,0.6,0.31263274154514786,0.0,0.12246221861146571,0.4,0.22274236626354896,0.0,0.17979541512498537,0.17979541512498537,1.0,0.31,0.165,0.24,0.285,0.06563700019017324,0.06563700019017324,1.0,0.3947474671259685,0.2647983992836029,0.10465956068283734,0.2357945729075912,0.09773354190334631,0.09773354190334631,1.0,0.35237373356298424,0.21489919964180143,0.17232978034141866,0.26039728645379556,0.0,0.0,1.0,0.3421626735798376,0.31263274154514786,0.12246221861146571,0.22274236626354896
3,0.5353751078086968,0.0,0.1547954151249854,113,29,0.0,0,0,0,0.3421626735798376,0.6,0.31263274154514786,0.0,0.12246221861146571,0.4,0.22274236626354896,0.0,0.17979541512498537,0.17979541512498537,1.0,0.31,0.165,0.24,0.285,0.06563700019017324,0.06563700019017324,1.0,0.3947474671259685,0.2647983992836029,0.10465956068283734,0.2357945729075912,0.09773354190334631,0.09773354190334631,1.0,0.35237373356298424,0.21489919964180143,0.17232978034141866,0.26039728645379556,0.0,0.0,1.0,0.3421626735798376,0.31263274154514786,0.12246221861146571,0.22274236626354896
4,0.5353751078086968,0.0,0.1547954151249854,127,29,0.0,0,0,0,0.3421626735798376,0.6,0.31263274154514786,0.0,0.12246221861146571,0.4,0.22274236626354896,0.0,0.17979541512498537,0.17979541512498537,1.0,0.31,0.165,0.24,0.285,0.06563700019017324,0.06563700019017324,1.0,0.3947474671259685,0.2647983992836029,0.10465956068283734,0.2357945729075912,0.09773354190334631,0.09773354190334631,1.0,0.35237373356298424,0.21489919964180143,0.17232978034141866,0.26039728645379556,0.0,0.0,1.0,0.3421626735798376,0.31263274154514786,0.12246221861146571,0.22274236626354896
5,0.5353751078086968,0.0,0.1547954151249854,108,29,0.0,0,0,0,0.3421626735798376,0.6,0.31263274154514786,0.0,0.12246221861146571,0.4,0.22274236626354896,0.0,0.17979541512498537,0.17979541512498537,1.0,0.31,0.165,0.24,0.285,0.06563700019017324,0.06563700019017324,1.0,0.3947474671259685,0.2647983992836029,0.10465956068283734,0.2357945729075912,0.09773354190334631,0.09773354190334631,1.0,0.35237373356298424,0.21489919964180143,0.17232978034141866,0.26039728645379556,0.0,0.0,1.0,0.3421626735798376,0.31263274154514786,0.12246221861146571,0.22274236626354896
6,0.5353751078086968,0.0,0.1547954151249854,122,29,0.0,0,0,0,0.3421626735798376,0.6,0.31263274154514786,0.0,0.12246221861146571,0.4,0.22274236626354896,0.0,0.17979541512498537,0.17979541512498537,1.0,0.31,0.165,0.24,0.285,0.06563700019017324,0.06563700019017324,1.0,0.3947474671259685,0.2647983992836029,0.10465956068283734,0.2357945729075912,0.09773354190334631,0.09773354190334631,1.0,0.35237373356298424,0.21489919964180143,0.17232978034141866,0.26039728645379556,0.0,0.0,1.0,0.3421626735798376,0.31263274154514786,0.12246221861146571,0.22274236626354896
7,0.5353751078086968,0.0,0.1547954151249854,111,29,0.0,0,0,0,0.3421626735798376,0.6,0.31263274154514786,0.0,0.12246221861146571,0.4,0.22274236626354896,0.0,0.17979541512498537,0.17979541512498537,1.0,0.31,0.165,0.24,0.285,0.06563700019017324,0.06563700019017324,1.0,0.3947474671259685,0.2647983992836029,0.10465956068283734,0.2357945729075912,0.09773354190334631,0.09773354190334631,1.0,0.35237373356298424,0.21489919964180143,0.17232978034141866,0.26039728645379556,0.0,0.0,1.0,0.3421626735798376,0.31263274154514786,0.12246221861146571,0.22274236626354896
8,0.5353751078086968,0.0,0.1547954151249854,128,29,0.0,0,0,0,0.3421626735798376,0.6,0.31263274154514786,0.0,0.12246221861146571,0.4,0.22274236626354896,0.0,0.17979541512498537,0.17979541512498537,1.0,0.31,0.165,0.24,0.285,0.06563700019017324,0.06563700019017324,1.0,0.3947474671259685,0.2647983992836029,0.10465956068283734,0.2357945729075912,0.09773354190334631,0.09773354190334631,1.0,0.35237373356298424,0.21489919964180143,0.17232978034141866,0.26039728645379556,0.0,0.0,1.0,0.3421626735798376,0.31263274154514786,0.12246221861146571,0.22274236626354896
9,0.5353751078086968,0.0,0.1547954151249854,115,29,0.0,0,0,0,0.3421626735798376,0.6,0.31263274154514786,0.0,0.12246221861146571,0.4,0.22274236626354896,0.0,0.17979541512498537,0.17979541512498537,1.0,0.31,0.165,0.24,0.285,0.06563700019017324,0.06563700019017324,1.0,0.3947474671259685,0.2647983992836029,0.10465956068283734,0.2357945729075912,0.09773354190334631,0.09773354190334631,1.0,0.35237373356298424,0.21489919964180143,0.17232978034141866,0.26039728645379556,0.0,0.0,1.0,0.3421626735798376,0.31263274154514786,0.12246221861146571,0.22274236626354896
10,0.5353751078086968,0.0,0.1547954151249854,137,29,0.0,0,1,10,0.3421626735798376,0.6,0.31263274154514786,0.0,0.12246221861146571,0.4,0.22274236626354896,0.0,0.4944660168996058,0.4944660168996058,1.0,0.5736363636363636,0.015,0.38545454545454544,0.02590909090909091,0.039183341768759206,0.039183341768759206,1.0,0.3627260674042316,0.331252689489513,0.10770658155637068,0.19831466154988467,0.25013688683445245,0.25013688683445245,1.0,0.46818121552029757,0.1731263447447565,0.24658056350545807,0.11211187622948779,0.0,0.0,1.0,0.3421626735798376,0.31263274154514786,0.12246221861146571,0.22274236626354896
11,0.5353751078086968,0.0,0.1547954151249854,123,29,0.0,0,0,10,0.3421626735798376,0.6,0.31263274154514786,0.0,0.12246221861146571,0.4,0.22274236626354896,0.0,0.4944660168996058,0.4944660168996058,1.0,0.5736363636363636,0.015,0.38545454545454544,0.02590909090909091,0.039183341768759206,0.039183341768759206,1.0,0.3627260674042316,0.331252689489513,0.10770658155637068,0.19831466154988467,0.25013688683445245,0.25013688683445245,1.0,0.46818121552029757,0.1731263447447565,0.24658056350545807,0.11211187622948779,0.0,0.0,1.0,0.3421626735798376,0.31263274154514786,0.12246221861146571,0.22274236626354896
12,0.5353751078086968,0.0,0.1547954151249854,116,29,0.0,0,0,10,0.3421626735798376,0.6,0.31263274154514786,0.0,0.12246221861146571,0.4,0.22274236626354896,0.0,0.4944660168996058,0.4944660168996058,1.0,0.5736363636363636,0.015,0.38545454545454544,0.02590909090909091,0.039183341768759206,0.039183341768759206,1.0,0.3627260674042316,0.331252689489513,0.10770658155637068,0.19831466154988467,0.25013688683445245,0.25013688683445245,1.0,0.46818121552029757,0.1731263447447565,0.24658056350545807,0.11211187622948779,0.0,0.0,1.0,0.3421626735798376,0.31263274154514786,0.12246221861146571,0.22274236626354896
13,0.5353751078086968,0.0,0.1547954151249854,120,29,0.0,0,0,10,0.3421626735798376,0.6,0.31263274154514786,0.0,0.12246221861146571,0.4,0.22274236626354896,0.0,0.4944660168996058,0.4944660168996058,1.0,0.5736363636363636,0.015,0.38545454545454544,0.02590909090909091,0.039183341768759206,0.039183341768759206,1.0,0.3627260674042316,0.331252689489513,0.10770658155637068,0.19831466154988467,0.25013688683445245,0.25013688683445245,1.0,0.46818121552029757,0.1731263447447565,0.24658056350545807,0.11211187622948779,0.0,0.0,1.0,0.3421626735798376,0.31263274154514786,0.12246221861146571,0.22274236626354896
14,0.5353751078086968,0.0,0.1547954151249854,120,29,0.0,0,0,10,0.3421626735798376,0.6,0.31263274154514786,0.0,0.12246221861146571,0.4,0.22274236626354896,0.0,0.4944660168996058,0.4944660168996058,1.0,0.5736363636363636,0.015,0.38545454545454544,0.02590909090909091,0.039183341768759206,0.039183341768759206,1.0,0.3627260674042316,0.331252689489513,0.10770658155637068,0.19831466154988467,0.25013688683445245,0.25013688683445245,1.0,0.46818121552029757,0.1731263447447565,0.24658056350545807,0.11211187622948779,0.0,0.0,1.0,0.3421626735798376,0.31263274154514786,0.12246221861146571,0.22274236626354896
15,0.5353751078086968,0.0,0.1547954151249854,130,29,0.0,0,0,10,0.3421626735798376,0.6,0.31263274154514786,0.0,0.12246221861146571,0.4,0.22274236626354896,0.0,0.4944660168996058,0.4944660168996058,1.0,0.5736363636363636,0.015,0.38545454545454544,0.02590909090909091,0.039183341768759206,0.039183341768759206,1.0,0.3627260674042316,0.331252689489513,0.10770658155637068,0.19831466154988467,0.25013688683445245,0.25013688683445245,1.0,0.46818121552029757,0.1731263447447565,0.24658056350545807,0.11211187622948779,0.0,0.0,1.0,0.3421626735798376,0.31263274154514786,0.12246221861146571,0.22274236626354896
16,0.5353751078086968,0.0,0.1547954151249854,115,29,0.0,0,0,10,0.3421626735798376,0.6,0.31263274154514786,0.0,0.12246221861146571,0.4,0.22274236626354896,0.0,0.4944660168996058,0.4944660168996058,1.0,0.5736363636363636,0.015,0.38545454545454544,0.02590909090909091,0.039183341768759206,0.039183341768759206,1.0,0.3627260674042316,0.331252689489513,0.10770658155637068,0.19831466154988467,0.25013688683445245,0.25013688683445245,1.0,0.46818121552029757,0.1731263447447565,0.24658056350545807,0.11211187622948779,0.0,0.0,1.0,0.3421626735798376,0.31263274154514786,0.12246221861146571,0.22274236626354896
17,0.5353751078086968,0.0,0.1547954151249854,111,29,0.0,0,0,10,0.3421626735798376,0.6,0.31263274154514786,0.0,0.12246221861146571,0.4,0.22274236626354896,0.0,0.4944660168996058,0.4944660168996058,1.0,0.5736363636363636,0.015,0.38545454545454544,0.02590909090909091,0.039183341768759206,0.039183341768759206,1.0,0.3627260674042316,0.331252689489513,0.10770658155637068,0.19831466154988467,0.25013688683445245,0.25013688683445245,1.0,0.46818121552029757,0.1731263447447565,0.24658056350545807,0.11211187622948779,0.0,0.0,1.0,0.3421626735798376,0.31263274154514786,0.12246221861146571,0.22274236626354896
18,0.5353751078086968,0.0,0.1547954151249854,106,29,0.0,0,0,10,0.3421626735798376,0.6,0.31263274154514786,0.0,0.12246221861146571,0.4,0.22274236626354896,0.0,0.4944660168996058,0.4944660168996058,1.0,0.5736363636363636,0.015,0.38545454545454544,0.02590909090909091,0.039183341768759206,0.039183341768759206,1.0,0.3627260674042316,0.331252689489513,0.10770658155637068,0.19831466154988467,0.25013688683445245,0.25013688683445245,1.0,0.46818121552029757,0.1731263447447565,0.24658056350545807,0.11211187622948779,0.0,0.0,1.0,0.3421626735798376,0.31263274154514786,0.12246221861146571,0.22274236626354896
19,0.5353751078086968,0.0,0.1547954151249854,106,29,0.0,0,0,10,0.3421626735798376,0.6,0.31263274154514786,0.0,0.12246221861146571,0.4,0.22274236626354896,0.0,0.4944660168996058,0.4944660168996058,1.0,0.5736363636363636,0.015,0.38545454545454544,0.02590909090909091,0.039183341768759206,0.039183341768759206,1.0,0.3627260674042316,0.331252689489513,0.10770658155637068,0.19831466154988467,0.25013688683445245,0.25013688683445245,1.0,0.46818121552029757,0.1731263447447565,0.24658056350545807,0.11211187622948779,0.0,0.0,1.0,0.3421626735798376,0.31263274154514786,0.12246221861146571,0.22274236626354896
20,0.5353751078086968,0.0,0.1547954151249854,129,29,0.0,0,1,20,0.3421626735798376,0.6,0.31263274154514786,0.0,0.12246221861146571,0.4,0.22274236626354896,0.0,0.5353751078086968,0.5353751078086968,1.0,0.6,0.0,0.4,0.0,0.050161292574873347,0.050161292574873347,1.0,0.32364629786361937,0.28128106053534324,0.17262351118633898,0.22244913041469838,0.28351001233367595,0.28351001233367595,1.0,0.46182314893180965,0.14064053026767162,0.2863117555931695,0.11122456520734919,0.0,0.0,1.0,0.3421626735798376,0.31263274154514786,0.12246221861146571,0.22274236626354896
21,0.5353751078086968,0.0,0.1547954151249854,110,29,0.0,0,0,20,0.3421626735798376,0.6,0.31263274154514786,0.0,0.12246221861146571,0.4,0.22274236626354896,0.0,0.5353751078086968,0.5353751078086968,1.0,0.6,0.0,0.4,0.0,0.050161292574873347,0.050161292574873347,1.0,0.32364629786361937,0.28128106053534324,0.17262351118633898,0.22244913041469838,0.28351001233367595,0.28351001233367595,1.0,0.46182314893180965,0.14064053026767162,0.2863117555931695,0.11122456520734919,0.0,0.0,1.0,0.3421626735798376,0.31263274154514786,0.12246221861146571,0.22274236626354896
22,0.5353751078086968,0.0,0.1547954151249854,113,29,0.0,0,0,20,0.3421626735798376,0.6,0.31263274154514786,0.0,0.12246221861146571,0.4,0.22274236626354896,0.0,0.5353751078086968,0.5353751078086968,1.0,0.6,0.0,0.4,0.0,0.050161292574873347,0.050161292574873347,1.0,0.32364629786361937,0.28128106053534324,0.17262351118633898,0.22244913041469838,0.28351001233367595,0.28351001233367595,1.0,0.46182314893180965,0.14064053026767162,0.2863117555931695,0.11122456520734919,0.0,0.0,1.0,0.3421626735798376,0.31263274154514786,0.12246221861146571,0.22274236626354896
23,0.5353751078086968,0.0,0.1547954151249854,116,29,0.0,0,0,20,0.3421626735798376,0.6,0.31263274154514786,0.0,0.12246221861146571,0.4,0.22274236626354896,0.0,0.5353751078086968,0.5353751078086968,1.0,0.6,0.0,0.4,0.0,0.050161292574873347,0.050161292574873347,1.0,0.32364629786361937,0.28128106053534324,0.17262351118633898,0.22244913041469838,0.28351001233367595,0.28351001233367595,1.0,0.46182314893180965,0.14064053026767162,0.2863117555931695,0.11122456520734919,0.0,0.0,1.0,0.3421626735798376,0.31263274154514786,0.12246221861146571,0.22274236626354896
24,0.5353751078086968,0.0,0.1547954151249854,109,29,0.0,0,0,20,0.3421626735798376,0.6,0.31263274154514786,0.0,0.12246221861146571,0.4,0.22274236626354896,0.0,0.5353751078086968,0.5353751078086968,1.0,0.6,0.0,0.4,0.0,0.050161292574873347,0.050161292574873347,1.0,0.32364629786361937,0.28128106053534324,0.17262351118633898,0.22244913041469838,0.28351001233367595,0.28351001233367595,1.0,0.46182314893180965,0.14064053026767162,0.2863117555931695,0.11122456520734919,0.0,0.0,1.0,0.3421626735798376,0.31263274154514786,0.12246221861146571,0.22274236626354896
25,0.5353751078086968,0.0,0.1547954151249854,114,29,0.0,0,0,20,0.3421626735798376,0.6,0.31263274154514786,0.0,0.12246221861146571,0.4,0.22274236626354896,0.0,0.5353751078086968,0.5353751078086968,1.0,0.6,0.0,0.4,0.0,0.050161292574873347,0.050161292574873347,1.0,0.32364629786361937,0.28128106053534324,0.17262351118633898,0.22244913041469838,0.28351001233367595,0.28351001233367595,1.0,0.46182314893180965,0.14064053026767162,0.2863117555931695,0.11122456520734919,0.0,0.0,1.0,0.3421626735798376,0.31263274154514786,0.12246221861146571,0.22274236626354896
26,0.5353751078086968,0.0,0.1547954151249854,91,29,0.0,0,0,20,0.3421626735798376,0.6,0.31263274154514786,0.0,0.12246221861146571,0.4,0.22274236626354896,0.0,0.5353751078086968,0.5353751078086968,1.0,0.6,0.0,0.4,0.0,0.050161292574873347,0.050161292574873347,1.0,0.32364629786361937,0.28128106053534324,0.17262351118633898,0.22244913041469838,0.28351001233367595,0.28351001233367595,1.0,0.46182314893180965,0.14064053026767162,0.2863117555931695,0.11122456520734919,0.0,0.0,1.0,0.3421626735798376,0.31263274154514786,0.12246221861146571,0.22274236626354896
27,0.5353751078086968,0.0,0.1547954151249854,122,29,0.0,0,0,20,0.3421626735798376,0.6,0.31263274154514786,0.0,0.12246221861146571,0.4,0.22274236626354896,0.0,0.5353751078086968,0.5353751078086968,1.0,0.6,0.0,0.4,0.0,0.050161292574873347,0.050161292574873347,1.0,0.32364629786361937,0.28128106053534324,0.17262351118633898,0.22244913041469838,0.28351001233367595,0.28351001233367595,1.0,0.46182314893180965,0.14064053026767162,0.2863117555931695,0.11122456520734919,0.0,0.0,1.0,0.3421626735798376,0.31263274154514786,0.12246221861146571,0.22274236626354896
28,0.5353751078086968,0.0,0.1547954151249854,115,29,0.0,0,0,20,0.3421626735798376,0.6,0.31263274154514786,0.0,0.12246221861146571,0.4,0.22274236626354896,0.0,0.5353751078086968,0.5353751078086968,1.0,0.6,0.0,0.4,0.0,0.050161292574873347,0.050161292574873347,1.0,0.32364629786361937,0.28128106053534324,0.17262351118633898,0.22244913041469838,0.28351001233367595,0.28351001233367595,1.0,0.46182314893180965,0.14064053026767162,0.2863117555931695,0.11122456520734919,0.0,0.0,1.0,0.3421626735798376,0.31263274154514786,0.12246221861146571,0.22274236626354896
29,0.5353751078086968,0.0,0.1547954151249854,110,29,0.0,0,0,20,0.3421626735798376,0.6,0.31263274154514786,0.0,0.12246221861146571,0.4,0.22274236626354896,0.0,0.5353751078086968,0.5353751078086968,1.0,0.6,0.0,0.4,0.0,0.050161292574873347,0.050161292574873347,1.0,0.32364629786361937,0.28128106053534324,0.17262351118633898,0.22244913041469838,0.28351001233367595,0.28351001233367595,1.0,0.46182314893180965,0.14064053026767162,0.2863117555931695,0.11122456520734919,0.0,0.0,1.0,0.3421626735798376,0.31263274154514786,0.12246221861146571,0.22274236626354896
30,0.5353751078086968,0.0,0.1547954151249854,109,29,0.0,0,1,30,0.3421626735798376,0.6,0.31263274154514786,0.0,0.12246221861146571,0.4,0.22274236626354896,0.0,0.5353751078086968,0.5353751078086968,1.0,0.6,0.0,0.4,0.0,0.04754084542243147,0.04754084542243147,1.0,0.35812644169041197,0.33845925979644326,0.12821277767202735,0.17520152084111743,0.2785447174899164,0.2785447174899164,1.0,0.479063220845206,0.16922962989822163,0.2641063888360137,0.08760076042055871,0.0,0.0,1.0,0.3421626735798376,0.31263274154514786,0.12246221861146571,0.22274236626354896
31,0.5353751078086968,0.0,0.1547954151249854,124,29,0.0,0,0,30,0.3421626735798376,0.6,0.31263274154514786,0.0,0.12246221861146571,0.4,0.22274236626354896,0.0,0.5353751078086968,0.5353751078086968,1.0,0.6,0.0,0.4,0.0,0.04754084542243147,0.04754084542243147,1.0,0.35812644169041197,0.33845925979644326,0.12821277767202735,0.17520152084111743,0.2785447174899164,0.2785447174899164,1.0,0.479063220845206,0.16922962989822163,0.2641063888360137,0.08760076042055871,0.0,0.0,1.0,0.3421626735798376,0.31263274154514786,0.12246221861146571,0.22274236626354896
32,0.5353751078086968,0.0,0.1547954151249854,114,29,0.0,0,0,30,0.3421626735798376,0.6,0.31263274154514786,0.0,0.12246221861146571,0.4,0.22274236626354896,0.0,0.5353751078086968,0.5353751078086968,1.0,0.6,0.0,0.4,0.0,0.04754084542243147,0.04754084542243147,1.0,0.35812644169041197,0.33845925979644326,0.12821277767202735,0.17520152084111743,0.2785447174899164,0.2785447174899164,1.0,0.479063220845206,0.16922962989822163,0.2641063888360137,0.08760076042055871,0.0,0.0,1.0,0.3421626735798376,0.31263274154514786,0.12246221861146571,0.22274236626354896
33,0.5353751078086968,0.0,0.1547954151249854,114,29,0.0,0,0,30,0.3421626735798376,0.6,0.31263274154514786,0.0,0.12246221861146571,0.4,0.22274236626354896,0.0,0.5353751078086968,0.5353751078086968,1.0,0.6,0.0,0.4,0.0,0.04754084542243147,0.04754084542243147,1.0,0.35812644169041197,0.33845925979644326,0.12821277767202735,0.17520152084111743,0.2785447174899164,0.2785447174899164,1.0,0.479063220845206,0.16922962989822163,0.2641063888360137,0.08760076042055871,0.0,0.0,1.0,0.3421626735798376,0.31263274154514786,0.12246221861146571,0.22274236626354896
34,0.5353751078086968,0.0,0.1547954151249854,121,29,0.0,0,0,30,0.3421626735798376,0.6,0.31263274154514786,0.0,0.12246221861146571,0.4,0.22274236626354896,0.0,0.5353751078086968,0.5353751078086968,1.0,0.6,0.0,0.4,0.0,0.04754084542243147,0.04754084542243147,1.0,0.35812644169041197,0.33845925979644326,0.12821277767202735,0.17520152084111743,0.2785447174899164,0.2785447174899164,1.0,0.479063220845206,0.16922962989822163,0.2641063888360137,0.08760076042055871,0.0,0.0,1.0,0.3421626735798376,0.31263274154514786,0.12246221861146571,0.22274236626354896
35,0.5353751078086968,0.0,0.1547954151249854,111,29,0.0,0,0,30,0.3421626735798376,0.6,0.31263274154514786,0.0,0.12246221861146571,0.4,0.22274236626354896,0.0,0.5353751078086968,0.5353751078086968,1.0,0.6,0.0,0.4,0.0,0.04754084542243147,0.04754084542243147,1.0,0.35812644169041197,0.33845925979644326,0.12821277767202735,0.17520152084111743,0.2785447174899164,0.2785447174899164,1.0,0.479063220845206,0.16922962989822163,0.2641063888360137,0.08760076042055871,0.0,0.0,1.0,0.3421626735798376,0.31263274154514786,0.12246221861146571,0.22274236626354896
36,0.5353751078086968,0.0,0.1547954151249854,112,29,0.0,0,0,30,0.3421626735798376,0.6,0.31263274154514786,0.0,0.12246221861146571,0.4,0.22274236626354896,0.0,0.5353751078086968,0.5353751078086968,1.0,0.6,0.0,0.4,0.0,0.04754084542243147,0.04754084542243147,1.0,0.35812644169041197,0.33845925979644326,0.12821277767202735,0.17520152084111743,0.2785447174899164,0.2785447174899164,1.0,0.479063220845206,0.16922962989822163,0.2641063888360137,0.08760076042055871,0.0,0.0,1.0,0.3421626735798376,0.31263274154514786,0.12246221861146571,0.22274236626354896
37,0.5353751078086968,0.0,0.1547954151249854,122,29,0.0,0,0,30,0.3421626735798376,0.6,0.31263274154514786,0.0,0.12246221861146571,0.4,0.22274236626354896,0.0,0.5353751078086968,0.5353751078086968,1.0,0.6,0.0,0.4,0.0,0.04754084542243147,0.04754084542243147,1.0,0.35812644169041197,0.33845925979644326,0.12821277767202735,0.17520152084111743,0.2785447174899164,0.2785447174899164,1.0,0.479063220845206,0.16922962989822163,0.2641063888360137,0.08760076042055871,0.0,0.0,1.0,0.3421626735798376,0.31263274154514786,0.12246221861146571,0.22274236626354896
38,0.5353751078086968,0.0,0.1547954151249854,106,29,0.0,0,0,30,0.3421626735798376,0.6,0.31263274154514786,0.0,0.12246221861146571,0.4,0.22274236626354896,0.0,0.5353751078086968,0.5353751078086968,1.0,0.6,0.0,0.4,0.0,0.04754084542243147,0.04754084542243147,1.0,0.35812644169041197,0.33845925979644326,0.12821277767202735,0.17520152084111743,0.2785447174899164,0.2785447174899164,1.0,0.479063220845206,0.16922962989822163,0.2641063888360137,0.08760076042055871,0.0,0.0,1.0,0.3421626735798376,0.31263274154514786,0.12246221861146571,0.22274236626354896
39,0.5353751078086968,0.0,0.1547954151249854,108,29,0.0,0,0,30,0.3421626735798376,0.6,0.31263274154514786,0.0,0.12246221861146571,0.4,0.22274236626354896,0.0,0.5353751078086968,0.5353751078086968,1.0,0.6,0.0,0.4,0.0,0.04754084542243147,0.04754084542243147,1.0,0.35812644169041197,0.33845925979644326,0.12821277767202735,0.17520152084111743,0.2785447174899164,0.2785447174899164,1.0,0.479063220845206,0.16922962989822163,0.2641063888360137,0.08760076042055871,0.0,0.0,1.0,0.3421626735798376,0.31263274154514786,0.12246221861146571,0.22274236626354896
40,0.5353751078086968,0.0,0.1547954151249854,120,29,0.0,0,1,40,0.3421626735798376,0.6,0.31263274154514786,0.0,0.12246221861146571,0.4,0.22274236626354896,0.0,0.5353751078086968,0.5353751078086968,1.0,0.6,0.0,0.4,0.0,0.07497873975778593,0.07497873975778593,1.0,0.3618392723468276,0.29407878222973916,0.06603743816908844,0.2780445072543448,0.2493134630666548,0.2493134630666548,1.0,0.4809196361734138,0.14703939111486958,0.23301871908454425,0.1390222536271724,0.0,0.0,1.0,0.3421626735798376,0.31263274154514786,0.12246221861146571,0.22274236626354896
41,0.5353751078086968,0.0,0.1547954151249854,126,29,0.0,0,0,40,0.3421626735798376,0.6,0.31263274154514786,0.0,0.12246221861146571,0.4,0.22274236626354896,0.0,0.5353751078086968,0.5353751078086968,1.0,0.6,0.0,0.4,0.0,0.07497873975778593,0.07497873975778593,1.0,0.3618392723468276,0.29407878222973916,0.06603743816908844,0.2780445072543448,0.2493134630666548,0.2493134630666548,1.0,0.4809196361734138,0.14703939111486958,0.23301871908454425,0.1390222536271724,0.0,0.0,1.0,0.3421626735798376,0.31263274154514786,0.12246221861146571,0.22274236626354896
42,0.5353751078086968,0.0,0.1547954151249854,121,29,0.0,0,0,40,0.3421626735798376,0.6,0.31263274154514786,0.0,0.12246221861146571,0.4,0.22274236626354896,0.0,0.5353751078086968,0.5353751078086968,1.0,0.6,0.0,0.4,0.0,0.07497873975778593,0.07497873975778593,1.0,0.3618392723468276,0.29407878222973916,0.06603743816908844,0.2780445072543448,0.2493134630666548,0.2493134630666548,1.0,0.4809196361734138,0.14703939111486958,0.23301871908454425,0.1390222536271724,0.0,0.0,1.0,0.3421626735798376,0.31263274154514786,0.12246221861146571,0.22274236626354896
43,0.5353751078086968,0.0,0.1547954151249854,124,29,0.0,0,0,40,0.3421626735798376,0.6,0.31263274154514786,0.0,0.12246221861146571,0.4,0.22274236626354896,0.0,0.5353751078086968,0.5353751078086968,1.0,0.6,0.0,0.4,0.0,0.07497873975778593,0.07497873975778593,1.0,0.3618392723468276,0.29407878222973916,0.06603743816908844,0.2780445072543448,0.2493134630666548,0.2493134630666548,1.0,0.4809196361734138,0.14703939111486958,0.23301871908454425,0.1390222536271724,0.0,0.0,1.0,0.3421626735798376,0.31263274154514786,0.12246221861146571,0.22274236626354896
44,0.5353751078086968,0.0,0.1547954151249854,121,29,0.0,0,0,40,0.3421626735798376,0.6,0.31263274154514786,0.0,0.12246221861146571,0.4,0.22274236626354896,0.0,0.5353751078086968,0.5353751078086968,1.0,0.6,0.0,0.4,0.0,0.07497873975778593,0.07497873975778593,1.0,0.3618392723468276,0.29407878222973916,0.06603743816908844,0.2780445072543448,0.2493134630666548,0.2493134630666548,1.0,0.4809196361734138,0.14703939111486958,0.23301871908454425,0.1390222536271724,0.0,0.0,1.0,0.3421626735798376,0.31263274154514786,0.12246221861146571,0.22274236626354896
45,0.5353751078086968,0.0,0.1547954151249854,99,29,0.0,0,0,40,0.3421626735798376,0.6,0.31263274154514786,0.0,0.12246221861146571,0.4,0.22274236626354896,0.0,0.5353751078086968,0.5353751078086968,1.0,0.6,0.0,0.4,0.0,0.07497873975778593,0.07497873975778593,1.0,0.3618392723468276,0.29407878222973916,0.06603743816908844,0.2780445072543448,0.2493134630666548,0.2493134630666548,1.0,0.4809196361734138,0.14703939111486958,0.23301871908454425,0.1390222536271724,0.0,0.0,1.0,0.3421626735798376,0.31263274154514786,0.12246221861146571,0.22274236626354896
46,0.5353751078086968,0.0,0.1547954151249854,116,29,0.0,0,0,40,0.3421626735798376,0.6,0.31263274154514786,0.0,0.12246221861146571,0.4,0.22274236626354896,0.0,0.5353751078086968,0.5353751078086968,1.0,0.6,0.0,0.4,0.0,0.07497873975778593,0.07497873975778593,1.0,0.3618392723468276,0.29407878222973916,0.06603743816908844,0.2780445072543448,0.2493134630666548,0.2493134630666548,1.0,0.4809196361734138,0.14703939111486958,0.23301871908454425,0.1390222536271724,0.0,0.0,1.0,0.3421626735798376,0.31263274154514786,0.12246221861146571,0.22274236626354896
47,0.5353751078086968,0.0,0.1547954151249854,125,29,0.0,0,0,40,0.3421626735798376,0.6,0.31263274154514786,0.0,0.12246221861146571,0.4,0.22274236626354896,0.0,0.5353751078086968,0.5353751078086968,1.0,0.6,0.0,0.4,0.0,0.07497873975778593,0.07497873975778593,1.0,0.3618392723468276,0.29407878222973916,0.06603743816908844,0.2780445072543448,0.2493134630666548,0.2493134630666548,1.0,0.4809196361734138,0.14703939111486958,0.23301871908454425,0.1390222536271724,0.0,0.0,1.0,0.3421626735798376,0.31263274154514786,0.12246221861146571,0.22274236626354896
48,0.5353751078086968,0.0,0.1547954151249854,119,29,0.0,0,0,40,0.3421626735798376,0.6,0.31263274154514786,0.0,0.12246221861146571,0.4,0.22274236626354896,0.0,0.5353751078086968,0.5353751078086968,1.0,0.6,0.0,0.4,0.0,0.07497873975778593,0.07497873975778593,1.0,0.3618392723468276,0.29407878222973916,0.06603743816908844,0.2780445072543448,0.2493134630666548,0.2493134630666548,1.0,0.4809196361734138,0.14703939111486958,0.23301871908454425,0.1390222536271724,0.0,0.0,1.0,0.3421626735798376,0.31263274154514786,0.12246221861146571,0.22274236626354896
49,0.5353751078086968,0.0,0.1547954151249854,101,29,0.0,0,0,40,0.3421626735798376,0.6,0.31263274154514786,0.0,0.12246221861146571,0.4,0.22274236626354896,0.0,0.5353751078086968,0.5353751078086968,1.0,0.6,0.0,0.4,0.0,0.07497873975778593,0.07497873975778593,1.0,0.3618392723468276,0.29407878222973916,0.06603743816908844,0.2780445072543448,0.2493134630666548,0.2493134630666548,1.0,0.4809196361734138,0.14703939111486958,0.23301871908454425,0.1390222536271724,0.0,0.0,1.0,0.3421626735798376,0.31263274154514786,0.12246221861146571,0.22274236626354896
50,0.5353751078086968,0.0,0.1547954151249854,117,29,0.0,0,1,50,0.3421626735798376,0.6,0.31263274154514786,0.0,0.12246221861146571,0.4,0.22274236626354896,0.0,0.5353751078086968,0.5353751078086968,1.0,0.6,0.0,0.4,0.0,0.07348679651700693,0.07348679651700693,1.0,0.31573456991859766,0.3079244396335008,0.1959490151284726,0.18039197531942897,0.2912169003322319,0.2912169003322319,1.0,0.45786728495929885,0.1539622198167504,0.2979745075642363,0.09019598765971448,0.0,0.0,1.0,0.3421626735798376,0.31263274154514786,0.12246221861146571,0.22274236626354896
51,0.5353751078086968,0.0,0.1547954151249854,106,29,0.0,0,0,50,0.3421626735798376,0.6,0.31263274154514786,0.0,0.12246221861146571,0.4,0.22274236626354896,0.0,0.5353751078086968,0.5353751078086968,1.0,0.6,0.0,0.4,0.0,0.07348679651700693,0.07348679651700693,1.0,0.31573456991859766,0.3079244396335008,0.1959490151284726,0.18039197531942897,0.2912169003322319,0.2912169003322319,1.0,0.45786728495929885,0.1539622198167504,0.2979745075642363,0.09019598765971448,0.0,0.0,1.0,0.3421626735798376,0.31263274154514786,0.12246221861146571,0.22274236626354896
52,0.5353751078086968,0.0,0.1547954151249854,112,29,0.0,0,0,50,0.3421626735798376,0.6,0.31263274154514786,0.0,0.12246221861146571,0.4,0.22274236626354896,0.0,0.5353751078086968,0.5353751078086968,1.0,0.6,0.0,0.4,0.0,0.07348679651700693,0.07348679651700693,1.0,0.31573456991859766,0.3079244396335008,0.1959490151284726,0.18039197531942897,0.2912169003322319,0.2912169003322319,1.0,0.45786728495929885,0.1539622198167504,0.2979745075642363,0.09019598765971448,0.0,0.0,1.0,0.3421626735798376,0.31263274154514786,0.12246221861146571,0.22274236626354896
53,0.5353751078086968,0.0,0.1547954151249854,99,29,0.0,0,0,50,0.3421626735798376,0.6,0.31263274154514786,0.0,0.12246221861146571,0.4,0.22274236626354896,0.0,0.5353751078086968,0.5353751078086968,1.0,0.6,0.0,0.4,0.0,0.07348679651700693,0.07348679651700693,1.0,0.31573456991859766,0.3079244396335008,0.1959490151284726,0.18039197531942897,0.2912169003322319,0.2912169003322319,1.0,0.45786728495929885,0.1539622198167504,0.2979745075642363,0.09019598765971448,0.0,0.0,1.0,0.3421626735798376,0.31263274154514786,0.12246221861146571,0.22274236626354896
54,0.5353751078086968,0.0,0.1547954151249854,114,29,0.0,0,0,50,0.3421626735798376,0.6,0.31263274154514786,0.0,0.12246221861146571,0.4,0.22274236626354896,0.0,0.5353751078086968,0.5353751078086968,1.0,0.6,0.0,0.4,0.0,0.07348679651700693,0.07348679651700693,1.0,0.31573456991859766,0.3079244396335008,0.1959490151284726,0.18039197531942897,0.2912169003322319,0.2912169003322319,1.0,0.45786728495929885,0.1539622198167504,0.2979745075642363,0.09019598765971448,0.0,0.0,1.0,0.3421626735798376,0.31263274154514786,0.12246221861146571,0.22274236626354896
55,0.5353751078086968,0.0,0.1547954151249854,120,29,0.0,0,0,50,0.3421626735798376,0.6,0.31263274154514786,0.0,0.12246221861146571,0.4,0.22274236626354896,0.0,0.5353751078086968,0.5353751078086968,1.0,0.6,0.0,0.4,0.0,0.07348679651700693,0.07348679651700693,1.0,0.31573456991859766,0.3079244396335008,0.1959490151284726,0.18039197531942897,0.2912169003322319,0.2912169003322319,1.0,0.45786728495929885,0.1539622198167504,0.2979745075642363,0.09019598765971448,0.0,0.0,1.0,0.3421626735798376,0.31263274154514786,0.12246221861146571,0.22274236626354896
56,0.5353751078086968,0.0,0.1547954151249854,124,29,0.0,0,0,50,0.3421626735798376,0.6,0.31263274154514786,0.0,0.12246221861146571,0.4,0.22274236626354896,0.0,0.5353751078086968,0.5353751078086968,1.0,0.6,0.0,0.4,0.0,0.07348679651700693,0.07348679651700693,1.0,0.31573456991859766,0.3079244396335008,0.1959490151284726,0.18039197531942897,0.2912169003322319,0.2912169003322319,1.0,0.45786728495929885,0.1539622198167504,0.2979745075642363,0.09019598765971448,0.0,0.0,1.0,0.3421626735798376,0.31263274154514786,0.12246221861146571,0.22274236626354896
57,0.5353751078086968,0.0,0.1547954151249854,108,29,0.0,0,0,50,0.3421626735798376,0.6,0.31263274154514786,0.0,0.12246221861146571,0.4,0.22274236626354896,0.0,0.5353751078086968,0.5353751078086968,1.0,0.6,0.0,0.4,0.0,0.07348679651700693,0.07348679651700693,1.0,0.31573456991859766,0.3079244396335008,0.1959490151284726,0.18039197531942897,0.2912169003322319,0.2912169003322319,1.0,0.45786728495929885,0.1539622198167504,0.2979745075642363,0.09019598765971448,0.0,0.0,1.0,0.3421626735798376,0.31263274154514786,0.12246221861146571,0.22274236626354896
58,0.5353751078086968,0.0,0.1547954151249854,100,29,0.0,0,0,50,0.3421626735798376,0.6,0.31263274154514786,0.0,0.12246221861146571,0.4,0.22274236626354896,0.0,0.5353751078086968,0.5353751078086968,1.0,0.6,0.0,0.4,0.0,0.07348679651700693,0.07348679651700693,1.0,0.31573456991859766,0.3079244396335008,0.1959490151284726,0.18039197531942897,0.2912169003322319,0.2912169003322319,1.0,0.45786728495929885,0.1539622198167504,0.2979745075642363,0.09019598765971448,0.0,0.0,1.0,0.3421626735798376,0.31263274154514786,0.12246221861146571,0.22274236626354896
59,0.5353751078086968,0.0,0.1547954151249854,98,29,0.0,0,0,50,0.3421626735798376,0.6,0.31263274154514786,0.0,0.12246221861146571,0.4,0.22274236626354896,0.0,0.5353751078086968,0.5353751078086968,1.0,0.6,0.0,0.4,0.0,0.07348679651700693,0.07348679651700693,1.0,0.31573456991859766,0.3079244396335008,0.1959490151284726,0.18039197531942897,0.2912169003322319,0.2912169003322319,1.0,0.45786728495929885,0.1539622198167504,0.2979745075642363,0.09019598765971448,0.0,0.0,1.0,0.3421626735798376,0.31263274154514786,0.12246221861146571,0.22274236626354896
60,0.5353751078086968,0.0,0.1547954151249854,119,29,0.0,0,1,60,0.3421626735798376,0.6,0.31263274154514786,0.0,0.12246221861146571,0.4,0.22274236626354896,0.0,0.5353751078086968,0.5353751078086968,1.0,0.6,0.0,0.4,0.0,0.08915972843592221,0.08915972843592221,1.0,0.2845001386940934,0.2811355479949698,0.15375737134555603,0.28060694196538083,0.25450386282852144,0.25450386282852144,1.0,0.4422500693470467,0.1405677739974849,0.276878685672778,0.14030347098269041,0.0,0.0,1.0,0.3421626735798376,0.31263274154514786,0.12246221861146571,0.22274236626354896
61,0.5353751078086968,0.0,0.1547954151249854,127,29,0.0,0,0,60,0.3421626735798376,0.6,0.31263274154514786,0.0,0.12246221861146571,0.4,0.22274236626354896,0.0,0.5353751078086968,0.5353751078086968,1.0,0.6,0.0,0.4,0.0,0.08915972843592221,0.08915972843592221,1.0,0.2845001386940934,0.2811355479949698,0.15375737134555603,0.28060694196538083,0.25450386282852144,0.25450386282852144,1.0,0.4422500693470467,0.1405677739974849,0.276878685672778,0.14030347098269041,0.0,0.0,1.0,0.3421626735798376,0.31263274154514786,0.12246221861146571,0.22274236626354896
62,0.5353751078086968,0.0,0.1547954151249854,110,29,0.0,0,0,60,0.3421626735798376,0.6,0.31263274154514786,0.0,0.12246221861146571,0.4,0.22274236626354896,0.0,0.5353751078086968,0.5353751078086968,1.0,0.6,0.0,0.4,0.0,0.08915972843592221,0.08915972843592221,1.0,0.2845001386940934,0.2811355479949698,0.15375737134555603,0.28060694196538083,0.25450386282852144,0.25450386282852144,1.0,0.4422500693470467,0.1405677739974849,0.276878685672778,0.14030347098269041,0.0,0.0,1.0,0.3421626735798376,0.31263274154514786,0.12246221861146571,0.22274236626354896
63,0.5353751078086968,0.0,0.1547954151249854,108,29,0.0,0,0,60,0.3421626735798376,0.6,0.31263274154514786,0.0,0.12246221861146571,0.4,0.22274236626354896,0.0,0.5353751078086968,0.5353751078086968,1.0,0.6,0.0,0.4,0.0,0.08915972843592221,0.08915972843592221,1.0,0.2845001386940934,0.2811355479949698,0.15375737134555603,0.28060694196538083,0.25450386282852144,0.25450386282852144,1.0,0.4422500693470467,0.1405677739974849,0.276878685672778,0.14030347098269041,0.0,0.0,1.0,0.3421626735798376,0.31263274154514786,0.12246221861146571,0.22274236626354896
64,0.5353751078086968,0.0,0.1547954151249854,114,29,0.0,0,0,60,0.3421626735798376,0.6,0.31263274154514786,0.0,0.12246221861146571,0.4,0.22274236626354896,0.0,0.5353751078086968,0.5353751078086968,1.0,0.6,0.0,0.4,0.0,0.08915972843592221,0.08915972843592221,1.0,0.2845001386940934,0.2811355479949698,0.15375737134555603,0.28060694196538083,0.25450386282852144,0.25450386282852144,1.0,0.4422500693470467,0.1405677739974849,0.276878685672778,0.14030347098269041,0.0,0.0,1.0,0.3421626735798376,0.31263274154514786,0.12246221861146571,0.22274236626354896
65,0.5353751078086968,0.0,0.1547954151249854,112,29,0.0,0,0,60,0.3421626735798376,0.6,0.31263274154514786,0.0,0.12246221861146571,0.4,0.22274236626354896,0.0,0.5353751078086968,0.5353751078086968,1.0,0.6,0.0,0.4,0.0,0.08915972843592221,0.08915972843592221,1.0,0.2845001386940934,0.2811355479949698,0.15375737134555603,0.28060694196538083,0.25450386282852144,0.25450386282852144,1.0,0.4422500693470467,0.1405677739974849,0.276878685672778,0.14030347098269041,0.0,0.0,1.0,0.3421626735798376,0.31263274154514786,0.12246221861146571,0.22274236626354896
66,0.5353751078086968,0.0,0.1547954151249854,117,29,0.0,0,0,60,0.3421626735798376,0.6,0.31263274154514786,0.0,0.12246221861146571,0.4,0.22274236626354896,0.0,0.5353751078086968,0.5353751078086968,1.0,0.6,0.0,0.4,0.0,0.08915972843592221,0.08915972843592221,1.0,0.2845001386940934,0.2811355479949698,0.15375737134555603,0.28060694196538083,0.25450386282852144,0.25450386282852144,1.0,0.4422500693470467,0.1405677739974849,0.276878685672778,0.14030347098269041,0.0,0.0,1.0,0.3421626735798376,0.31263274154514786,0.12246221861146571,0.22274236626354896
67,0.5353751078086968,0.0,0.1547954151249854,134,29,0.0,0,0,60,0.3421626735798376,0.6,0.31263274154514786,0.0,0.12246221861146571,0.4,0.22274236626354896,0.0,0.5353751078086968,0.5353751078086968,1.0,0.6,0.0,0.4,0.0,0.08915972843592221,0.08915972843592221,1.0,0.2845001386940934,0.2811355479949698,0.15375737134555603,0.28060694196538083,0.25450386282852144,0.25450386282852144,1.0,0.4422500693470467,0.1405677739974849,0.276878685672778,0.14030347098269041,0.0,0.0,1.0,0.3421626735798376,0.31263274154514786,0.12246221861146571,0.22274236626354896
68,0.5353751078086968,0.0,0.1547954151249854,130,29,0.0,0,0,60,0.3421626735798376,0.6,0.31263274154514786,0.0,0.12246221861146571,0.4,0.22274236626354896,0.0,0.5353751078086968,0.5353751078086968,1.0,0.6,0.0,0.4,0.0,0.08915972843592221,0.08915972843592221,1.0,0.2845001386940934,0.2811355479949698,0.15375737134555603,0.28060694196538083,0.25450386282852144,0.25450386282852144,1.0,0.4422500693470467,0.1405677739974849,0.276878685672778,0.14030347098269041,0.0,0.0,1.0,0.3421626735798376,0.31263274154514786,0.12246221861146571,0.22274236626354896
69,0.5353751078086968,0.0,0.1547954151249854,123,29,0.0,0,0,60,0.3421626735798376,0.6,0.31263274154514786,0.0,0.12246221861146571,0.4,0.22274236626354896,0.0,0.5353751078086968,0.5353751078086968,1.0,0.6,0.0,0.4,0.0,0.08915972843592221,0.08915972843592221,1.0,0.2845001386940934,0.2811355479949698,0.15375737134555603,0.28060694196538083,0.25450386282852144,0.25450386282852144,1.0,0.4422500693470467,0.1405677739974849,0.276878685672778,0.14030347098269041,0.0,0.0,1.0,0.3421626735798376,0.31263274154514786,0.12246221861146571,0.22274236626354896
70,0.5353751078086968,0.0,0.1547954151249854,112,29,0.0,0,1,70,0.3421626735798376,0.6,0.31263274154514786,0.0,0.12246221861146571,0.4,0.22274236626354896,0.0,0.5353751078086968,0.5353751078086968,1.0,0.6,0.0,0.4,0.0,0.05097787022830581,0.05097787022830581,0.0,0.34674070736337953,0.35903257798991167,0.09685930885148729,0.1973674057952215,0.2571751159161302,0.2571751159161302,1.0,0.4733703536816898,0.17951628899495584,0.24842965442574366,0.09868370289761075,0.0,0.0,1.0,0.3421626735798376,0.31263274154514786,0.12246221861146571,0.22274236626354896
71,0.5353751078086968,0.0,0.1547954151249854,110,29,0.0,0,0,70,0.3421626735798376,0.6,0.31263274154514786,0.0,0.12246221861146571,0.4,0.22274236626354896,0.0,0.5353751078086968,0.5353751078086968,1.0,0.6,0.0,0.4,0.0,0.05097787022830581,0.05097787022830581,0.0,0.34674070736337953,0.35903257798991167,0.09685930885148729,0.1973674057952215,0.2571751159161302,0.2571751159161302,1.0,0.4733703536816898,0.17951628899495584,0.24842965442574366,0.09868370289761075,0.0,0.0,1.0,0.3421626735798376,0.31263274154514786,0.12246221861146571,0.22274236626354896
72,0.5353751078086968,0.0,0.1547954151249854,126,29,0.0,0,0,70,0.3421626735798376,0.6,0.31263274154514786,0.0,0.12246221861146571,0.4,0.22274236626354896,0.0,0.5353751078086968,0.5353751078086968,1.0,0.6,0.0,0.4,0.0,0.05097787022830581,0.05097787022830581,0.0,0.34674070736337953,0.35903257798991167,0.09685930885148729,0.1973674057952215,0.2571751159161302,0.2571751159161302,1.0,0.4733703536816898,0.17951628899495584,0.24842965442574366,0.09868370289761075,0.0,0.0,1.0,0.3421626735798376,0.31263274154514786,0.12246221861146571,0.22274236626354896
73,0.5353751078086968,0.0,0.1547954151249854,104,29,0.0,0,0,70,0.3421626735798376,0.6,0.31263274154514786,0.0,0.12246221861146571,0.4,0.22274236626354896,0.0,0.5353751078086968,0.5353751078086968,1.0,0.6,0.0,0.4,0.0,0.05097787022830581,0.05097787022830581,0.0,0.34674070736337953,0.35903257798991167,0.09685930885148729,0.1973674057952215,0.2571751159161302,0.2571751159161302,1.0,0.4733703536816898,0.17951628899495584,0.24842965442574366,0.09868370289761075,0.0,0.0,1.0,0.3421626735798376,0.31263274154514786,0.12246221861146571,0.22274236626354896
74,0.5353751078086968,0.0,0.1547954151249854,128,29,0.0,0,0,70,0.3421626735798376,0.6,0.31263274154514786,0.0,0.12246221861146571,0.4,0.22274236626354896,0.0,0.5353751078086968,0.5353751078086968,1.0,0.6,0.0,0.4,0.0,0.05097787022830581,0.05097787022830581,0.0,0.34674070736337953,0.35903257798991167,0.09685930885148729,0.1973674057952215,0.2571751159161302,0.2571751159161302,1.0,0.4733703536816898,0.17951628899495584,0.24842965442574366,0.09868370289761075,0.0,0.0,1.0,0.3421626735798376,0.31263274154514786,0.12246221861146571,0.22274236626354896
75,0.5353751078086968,0.0,0.1547954151249854,134,29,0.0,0,0,70,0.3421626735798376,0.6,0.31263274154514786,0.0,0.12246221861146571,0.4,0.22274236626354896,0.0,0.5353751078086968,0.5353751078086968,1.0,0.6,0.0,0.4,0.0,0.05097787022830581,0.05097787022830581,0.0,0.34674070736337953,0.35903257798991167,0.09685930885148729,0.1973674057952215,0.2571751159161302,0.2571751159161302,1.0,0.4733703536816898,0.17951628899495584,0.24842965442574366,0.09868370289761075,0.0,0.0,1.0,0.3421626735798376,0.31263274154514786,0.12246221861146571,0.22274236626354896
76,0.5353751078086968,0.0,0.1547954151249854,128,29,0.0,0,0,70,0.3421626735798376,0.6,0.31263274154514786,0.0,0.12246221861146571,0.4,0.22274236626354896,0.0,0.5353751078086968,0.5353751078086968,1.0,0.6,0.0,0.4,0.0,0.05097787022830581,0.05097787022830581,0.0,0.34674070736337953,0.35903257798991167,0.09685930885148729,0.1973674057952215,0.2571751159161302,0.2571751159161302,1.0,0.4733703536816898,0.17951628899495584,0.24842965442574366,0.09868370289761075,0.0,0.0,1.0,0.3421626735798376,0.31263274154514786,0.12246221861146571,0.22274236626354896
77,0.5353751078086968,0.0,0.1547954151249854,112,29,0.0,0,0,70,0.3421626735798376,0.6,0.31263274154514786,0.0,0.12246221861146571,0.4,0.22274236626354896,0.0,0.5353751078086968,0.5353751078086968,1.0,0.6,0.0,0.4,0.0,0.05097787022830581,0.05097787022830581,0.0,0.34674070736337953,0.35903257798991167,0.09685930885148729,0.1973674057952215,0.2571751159161302,0.2571751159161302,1.0,0.4733703536816898,0.17951628899495584,0.24842965442574366,0.09868370289761075,0.0,0.0,1.0,0.3421626735798376,0.31263274154514786,0.12246221861146571,0.22274236626354896
78,0.5353751078086968,0.0,0.1547954151249854,107,29,0.0,0,0,70,0.3421626735798376,0.6,0.31263274154514786,0.0,0.12246221861146571,0.4,0.22274236626354896,0.0,0.5353751078086968,0.5353751078086968,1.0,0.6,0.0,0.4,0.0,0.05097787022830581,0.05097787022830581,0.0,0.34674070736337953,0.35903257798991167,0.09685930885148729,0.1973674057952215,0.2571751159161302,0.2571751159161302,1.0,0.4733703536816898,0.17951628899495584,0.24842965442574366,0.09868370289761075,0.0,0.0,1.0,0.3421626735798376,0.31263274154514786,0.12246221861146571,0.22274236626354896
79,0.5353751078086968,0.0,0.1547954151249854,115,29,0.0,0,0,70,0.3421626735798376,0.6,0.31263274154514786,0.0,0.12246221861146571,0.4,0.22274236626354896,0.0,0.5353751078086968,0.5353751078086968,1.0,0.6,0.0,0.4,0.0,0.05097787022830581,0.05097787022830581,0.0,0.34674070736337953,0.35903257798991167,0.09685930885148729,0.1973674057952215,0.2571751159161302,0.2571751159161302,1.0,0.4733703536816898,0.17951628899495584,0.24842965442574366,0.09868370289761075,0.0,0.0,1.0,0.3421626735798376,0.31263274154514786,0.12246221861146571,0.22274236626354896
80,0.5353751078086968,0.0,0.1547954151249854,121,29,0.0,0,1,80,0.3421626735798376,0.6,0.31263274154514786,0.0,0.12246221861146571,0.4,0.22274236626354896,0.0,0.5353751078086968,0.5353751078086968,1.0,0.6,0.0,0.4,0.0,0.13552930812508834,0.13552930812508834,1.0,0.3716303279770185,0.17710343342005944,0.16632270274615255,0.28494353585676946,0.3043516231702823,0.3043516231702823,1.0,0.4858151639885092,0.08855171671002972,0.2831613513730763,0.14247176792838473,0.0,0.0,1.0,0.3421626735798376,0.31263274154514786,0.12246221861146571,0.22274236626354896
81,0.5353751078086968,0.0,0.1547954151249854,123,29,0.0,0,0,80,0.3421626735798376,0.6,0.31263274154514786,0.0,0.12246221861146571,0.4,0.22274236626354896,0.0,0.5353751078086968,0.5353751078086968,1.0,0.6,0.0,0.4,0.0,0.13552930812508834,0.13552930812508834,1.0,0.3716303279770185,0.17710343342005944,0.16632270274615255,0.28494353585676946,0.3043516231702823,0.3043516231702823,1.0,0.4858151639885092,0.08855171671002972,0.2831613513730763,0.14247176792838473,0.0,0.0,1.0,0.3421626735798376,0.31263274154514786,0.12246221861146571,0.22274236626354896
82,0.5353751078086968,0.0,0.1547954151249854,111,29,0.0,0,0,80,0.3421626735798376,0.6,0.31263274154514786,0.0,0.12246221861146571,0.4,0.22274236626354896,0.0,0.5353751078086968,0.5353751078086968,1.0,0.6,0.0,0.4,0.0,0.13552930812508834,0.13552930812508834,1.0,0.3716303279770185,0.17710343342005944,0.16632270274615255,0.28494353585676946,0.3043516231702823,0.3043516231702823,1.0,0.4858151639885092,0.08855171671002972,0.2831613513730763,0.14247176792838473,0.0,0.0,1.0,0.3421626735798376,0.31263274154514786,0.12246221861146571,0.22274236626354896
83,0.5353751078086968,0.0,0.1547954151249854,118,29,0.0,0,0,80,0.3421626735798376,0.6,0.31263274154514786,0.0,0.12246221861146571,0.4,0.22274236626354896,0.0,0.5353751078086968,0.5353751078086968,1.0,0.6,0.0,0.4,0.0,0.13552930812508834,0.13552930812508834,1.0,0.3716303279770185,0.17710343342005944,0.16632270274615255,0.28494353585676946,0.3043516231702823,0.3043516231702823,1.0,0.4858151639885092,0.08855171671002972,0.2831613513730763,0.14247176792838473,0.0,0.0,1.0,0.3421626735798376,0.31263274154514786,0.12246221861146571,0.22274236626354896
84,0.5353751078086968,0.0,0.1547954151249854,129,29,0.0,0,0,80,0.3421626735798376,0.6,0.31263274154514786,0.0,0.12246221861146571,0.4,0.22274236626354896,0.0,0.5353751078086968,0.5353751078086968,1.0,0.6,0.0,0.4,0.0,0.13552930812508834,0.13552930812508834,1.0,0.3716303279770185,0.17710343342005944,0.16632270274615255,0.28494353585676946,0.3043516231702823,0.3043516231702823,1.0,0.4858151639885092,0.08855171671002972,0.2831613513730763,0.14247176792838473,0.0,0.0,1.0,0.3421626735798376,0.31263274154514786,0.12246221861146571,0.22274236626354896
85,0.5353751078086968,0.0,0.1547954151249854,114,29,0.0,0,0,80,0.3421626735798376,0.6,0.31263274154514786,0.0,0.12246221861146571,0.4,0.22274236626354896,0.0,0.5353751078086968,0.5353751078086968,1.0,0.6,0.0,0.4,0.0,0.13552930812508834,0.13552930812508834,1.0,0.3716303279770185,0.17710343342005944,0.16632270274615255,0.28494353585676946,0.3043516231702823,0.3043516231702823,1.0,0.4858151639885092,0.08855171671002972,0.2831613513730763,0.14247176792838473,0.0,0.0,1.0,0.3421626735798376,0.31263274154514786,0.12246221861146571,0.22274236626354896
86,0.5353751078086968,0.0,0.1547954151249854,114,29,0.0,0,0,80,0.3421626735798376,0.6,0.31263274154514786,0.0,0.12246221861146571,0.4,0.22274236626354896,0.0,0.5353751078086968,0.5353751078086968,1.0,0.6,0.0,0.4,0.0,0.13552930812508834,0.13552930812508834,1.0,0.3716303279770185,0.17710343342005944,0.16632270274615255,0.28494353585676946,0.3043516231702823,0.3043516231702823,1.0,0.4858151639885092,0.08855171671002972,0.2831613513730763,0.14247176792838473,0.0,0.0,1.0,0.3421626735798376,0.31263274154514786,0.12246221861146571,0.22274236626354896
87,0.5353751078086968,0.0,0.1547954151249854,119,29,0.0,0,0,80,0.3421626735798376,0.6,0.31263274154514786,0.0,0.12246221861146571,0.4,0.22274236626354896,0.0,0.5353751078086968,0.5353751078086968,1.0,0.6,0.0,0.4,0.0,0.13552930812508834,0.13552930812508834,1.0,0.3716303279770185,0.17710343342005944,0.16632270274615255,0.28494353585676946,0.3043516231702823,0.3043516231702823,1.0,0.4858151639885092,0.08855171671002972,0.2831613513730763,0.14247176792838473,0.0,0.0,1.0,0.3421626735798376,0.31263274154514786,0.12246221861146571,0.22274236626354896
88,0.5353751078086968,0.0,0.1547954151249854,110,29,0.0,0,0,80,0.3421626735798376,0.6,0.31263274154514786,0.0,0.12246221861146571,0.4,0.22274236626354896,0.0,0.5353751078086968,0.5353751078086968,1.0,0.6,0.0,0.4,0.0,0.13552930812508834,0.13552930812508834,1.0,0.3716303279770185,0.17710343342005944,0.16632270274615255,0.28494353585676946,0.3043516231702823,0.3043516231702823,1.0,0.4858151639885092,0.08855171671002972,0.2831613513730763,0.14247176792838473,0.0,0.0,1.0,0.3421626735798376,0.31263274154514786,0.12246221861146571,0.22274236626354896
89,0.5353751078086968,0.0,0.1547954151249854,113,29,0.0,0,0,80,0.3421626735798376,0.6,0.31263274154514786,0.0,0.12246221861146571,0.4,0.22274236626354896,0.0,0.5353751078086968,0.5353751078086968,1.0,0.6,0.0,0.4,0.0,0.13552930812508834,0.13552930812508834,1.0,0.3716303279770185,0.17710343342005944,0.16632270274615255,0.28494353585676946,0.3043516231702823,0.3043516231702823,1.0,0.4858151639885092,0.08855171671002972,0.2831613513730763,0.14247176792838473,0.0,0.0,1.0,0.3421626735798376,0.31263274154514786,0.12246221861146571,0.22274236626354896
90,0.5353751078086968,0.0,0.1547954151249854,127,23,0.0,0,1,90,0.3421626735798376,0.6,0.31263274154514786,0.0,0.12246221861146571,0.4,0.22274236626354896,0.0,0.5353751078086968,0.5353751078086968,1.0,0.6,0.0,0.4,0.0,0.017851393438105892,0.017851393438105892,1.0,0.32616092954108494,0.32136120469590496,0.1206125692121124,0.2318652965508977,0.2587618571852954,0.2587618571852954,1.0,0.46308046477054243,0.16068060234795248,0.2603062846060562,0.11593264827544884,0.0,0.0,1.0,0.3421626735798376,0.31263274154514786,0.12246221861146571,0.22274236626354896
91,0.5353751078086968,0.0,0.1547954151249854,117,23,0.0,0,0,90,0.3421626735798376,0.6,0.31263274154514786,0.0,0.12246221861146571,0.4,0.22274236626354896,0.0,0.5353751078086968,0.5353751078086968,1.0,0.6,0.0,0.4,0.0,0.017851393438105892,0.017851393438105892,1.0,0.32616092954108494,0.32136120469590496,0.1206125692121124,0.2318652965508977,0.2587618571852954,0.2587618571852954,1.0,0.46308046477054243,0.16068060234795248,0.2603062846060562,0.11593264827544884,0.0,0.0,1.0,0.3421626735798376,0.31263274154514786,0.12246221861146571,0.22274236626354896
92,0.5353751078086968,0.0,0.1547954151249854,119,23,0.0,0,0,90,0.3421626735798376,0.6,0.31263274154514786,0.0,0.12246221861146571,0.4,0.22274236626354896,0.0,0.5353751078086968,0.5353751078086968,1.0,0.6,0.0,0.4,0.0,0.017851393438105892,0.017851393438105892,1.0,0.32616092954108494,0.32136120469590496,0.1206125692121124,0.2318652965508977,0.2587618571852954,0.2587618571852954,1.0,0.46308046477054243,0.16068060234795248,0.2603062846060562,0.11593264827544884,0.0,0.0,1.0,0.3421626735798376,0.31263274154514786,0.12246221861146571,0.22274236626354896
93,0.5353751078086968,0.0,0.1547954151249854,115,23,0.0,0,0,90,0.3421626735798376,0.6,0.31263274154514786,0.0,0.12246221861146571,0.4,0.22274236626354896,0.0,0.5353751078086968,0.5353751078086968,1.0,0.6,0.0,0.4,0.0,0.017851393438105892,0.017851393438105892,1.0,0.32616092954108494,0.32136120469590496,0.1206125692121124,0.2318652965508977,0.2587618571852954,0.2587618571852954,1.0,0.46308046477054243,0.16068060234795248,0.2603062846060562,0.11593264827544884,0.0,0.0,1.0,0.3421626735798376,0.31263274154514786,0.12246221861146571,0.22274236626354896
94,0.5353751078086968,0.0,0.1547954151249854,126,23,0.0,0,0,90,0.3421626735798376,0.6,0.31263274154514786,0.0,0.12246221861146571,0.4,0.22274236626354896,0.0,0.5353751078086968,0.5353751078086968,1.0,0.6,0.0,0.4,0.0,0.017851393438105892,0.017851393438105892,1.0,0.32616092954108494,0.32136120469590496,0.1206125692121124,0.2318652965508977,0.2587618571852954,0.2587618571852954,1.0,0.46308046477054243,0.16068060234795248,0.2603062846060562,0.11593264827544884,0.0,0.0,1.0,0.3421626735798376,0.31263274154514786,0.12246221861146571,0.22274236626354896
95,0.5353751078086968,0.0,0.1547954151249854,130,23,0.0,0,0,90,0.3421626735798376,0.6,0.31263274154514786,0.0,0.12246221861146571,0.4,0.22274236626354896,0.0,0.5353751078086968,0.5353751078086968,1.0,0.6,0.0,0.4,0.0,0.017851393438105892,0.017851393438105892,1.0,0.32616092954108494,0.32136120469590496,0.1206125692121124,0.2318652965508977,0.2587618571852954,0.2587618571852954,1.0,0.46308046477054243,0.16068060234795248,0.2603062846060562,0.11593264827544884,0.0,0.0,1.0,0.3421626735798376,0.31263274154514786,0.12246221861146571,0.22274236626354896
96,0.5353751078086968,0.0,0.1547954151249854,134,23,0.0,0,0,90,0.3421626735798376,0.6,0.31263274154514786,0.0,0.12246221861146571,0.4,0.22274236626354896,0.0,0.5353751078086968,0.5353751078086968,1.0,0.6,0.0,0.4,0.0,0.017851393438105892,0.017851393438105892,1.0,0.32616092954108494,0.32136120469590496,0.1206125692121124,0.2318652965508977,0.2587618571852954,0.2587618571852954,1.0,0.46308046477054243,0.16068060234795248,0.2603062846060562,0.11593264827544884,0.0,0.0,1.0,0.3421626735798376,0.31263274154514786,0.12246221861146571,0.22274236626354896
97,0.5353751078086968,0.0,0.1547954151249854,125,23,0.0,0,0,90,0.3421626735798376,0.6,0.31263274154514786,0.0,0.12246221861146571,0.4,0.22274236626354896,0.0,0.5353751078086968,0.5353751078086968,1.0,0.6,0.0,0.4,0.0,0.017851393438105892,0.017851393438105892,1.0,0.32616092954108494,0.32136120469590496,0.1206125692121124,0.2318652965508977,0.2587618571852954,0.2587618571852954,1.0,0.46308046477054243,0.16068060234795248,0.2603062846060562,0.11593264827544884,0.0,0.0,1.0,0.3421626735798376,0.31263274154514786,0.12246221861146571,0.22274236626354896
98,0.5353751078086968,0.0,0.1547954151249854,114,23,0.0,0,0,90,0.3421626735798376,0.6,0.31263274154514786,0.0,0.12246221861146571,0.4,0.22274236626354896,0.0,0.5353751078086968,0.5353751078086968,1.0,0.6,0.0,0.4,0.0,0.017851393438105892,0.017851393438105892,1.0,0.32616092954108494,0.32136120469590496,0.1206125692121124,0.2318652965508977,0.2587618571852954,0.2587618571852954,1.0,0.46308046477054243,0.16068060234795248,0.2603062846060562,0.11593264827544884,0.0,0.0,1.0,0.3421626735798376,0.31263274154514786,0.12246221861146571,0.22274236626354896
99,0.5353751078086968,0.0,0.1547954151249854,122,23,0.0,0,0,90,0.3421626735798376,0.6,0.31263274154514786,0.0,0.12246221861146571,0.4,0.22274236626354896,0.0,0.5353751078086968,0.5353751078086968,1.0,0.6,0.0,0.4,0.0,0.017851393438105892,0.017851393438105892,1.0,0.32616092954108494,0.32136120469590496,0.1206125692121124,0.2318652965508977,0.2587618571852954,0.2587618571852954,1.0,0.46308046477054243,0.16068060234795248,0.2603062846060562,0.11593264827544884,0.0,0.0,1.0,0.3421626735798376,0.31263274154514786,0.12246221861146571,0.22274236626354896
100,0.21462489219130326,0.0,0.1547954151249854,61,4,0.0,0,1,100,0.3421626735798376,0.25,0.31263274154514786,0.5,0.12246221861146571,0.0,0.22274236626354896,0.25,0.5050720775056664,0.5050720775056664,1.0,0.5858585858585859,0.020202020202020204,0.3838383838383838,0.010101010101010102,0.022352012879771246,0.022352012879771246,0.0,0.33111332514569725,0.33430532203176216,0.12314165100462264,0.21143970181791805,0.2473510807323415,0.2473510807323415,1.0,0.45848595550214155,0.1772536711168912,0.25349001742150323,0.11077035595946408,0.0,0.0,1.0,0.3421626735798376,0.31263274154514786,0.12246221861146571,0.22274236626354896
101,0.16962489219130328,0.0,0.1547954151249854,66,8,0.0,0,0,100,0.3421626735798376,0.295,0.31263274154514786,0.44666666666666666,0.12246221861146571,0.0,0.22274236626354896,0.25833333333333336,0.5050720775056664,0.5050720775056664,1.0,0.5858585858585859,0.020202020202020204,0.3838383838383838,0.010101010101010102,0.022352012879771246,0.022352012879771246,0.0,0.33111332514569725,0.33430532203176216,0.12314165100462264,0.21143970181791805,0.2473510807323415,0.2473510807323415,1.0,0.45848595550214155,0.1772536711168912,0.25349001742150323,0.11077035595946408,0.0,0.0,1.0,0.3421626735798376,0.31263274154514786,0.12246221861146571,0.22274236626354896
102,0.26462489219130325,0.0,0.1547954151249854,89,11,0.0,0,0,100,0.3421626735798376,0.2,0.31263274154514786,0.4,0.12246221861146571,0.0,0.22274236626354896,0.4,0.5050720775056664,0.5050720775056664,1.0,0.5858585858585859,0.020202020202020204,0.3838383838383838,0.010101010101010102,0.022352012879771246,0.022352012879771246,0.0,0.33111332514569725,0.33430532203176216,0.12314165100462264,0.21143970181791805,0.2473510807323415,0.2473510807323415,1.0,0.45848595550214155,0.1772536711168912,0.25349001742150323,0.11077035595946408,0.0,0.0,1.0,0.3421626735798376,0.31263274154514786,0.12246221861146571,0.22274236626354896
103,0.26462489219130325,0.0,0.1547954151249854,67,11,0.0,0,0,100,0.3421626735798376,0.2,0.31263274154514786,0.4,0.12246221861146571,0.0,0.22274236626354896,0.4,0.5050720775056664,0.5050720775056664,1.0,0.5858585858585859,0.020202020202020204,0.3838383838383838,0.010101010101010102,0.022352012879771246,0.022352012879771246,0.0,0.33111332514569725,0.33430532203176216,0.12314165100462264,0.21143970181791805,0.2473510807323415,0.2473510807323415,1.0,0.45848595550214155,0.1772536711168912,0.25349001742150323,0.11077035595946408,0.0,0.0,1.0,0.3421626735798376,0.31263274154514786,0.12246221861146571,0.22274236626354896
104,0.26462489219130325,0.0,0.1547954151249854,80,11,0.0,0,0,100,0.3421626735798376,0.2,0.31263274154514786,0.4,0.12246221861146571,0.0,0.22274236626354896,0.4,0.5050720775056664,0.5050720775056664,1.0,0.5858585858585859,0.020202020202020204,0.3838383838383838,0.010101010101010102,0.022352012879771246,0.022352012879771246,0.0,0.33111332514569725,0.33430532203176216,0.12314165100462264,0.21143970181791805,0.2473510807323415,0.2473510807323415,1.0,0.45848595550214155,0.1772536711168912,0.25349001742150323,0.11077035595946408,0.0,0.0,1.0,0.3421626735798376,0.31263274154514786,0.12246221861146571,0.22274236626354896
105,0.26462489219130325,0.0,0.1547954151249854,72,11,0.0,0,0,100,0.3421626735798376,0.2,0.31263274154514786,0.4,0.12246221861146571,0.0,0.22274236626354896,0.4,0.5050720775056664,0.5050720775056664,1.0,0.5858585858585859,0.020202020202020204,0.3838383838383838,0.010101010101010102,0.022352012879771246,0.022352012879771246,0.0,0.33111332514569725,0.33430532203176216,0.12314165100462264,0.21143970181791805,0.2473510807323415,0.2473510807323415,1.0,0.45848595550214155,0.1772536711168912,0.25349001742150323,0.11077035595946408,0.0,0.0,1.0,0.3421626735798376,0.31263274154514786,0.12246221861146571,0.22274236626354896
106,0.26462489219130325,0.0,0.1547954151249854,67,11,0.0,0,0,100,0.3421626735798376,0.2,0.31263274154514786,0.4,0.12246221861146571,0.0,0.22274236626354896,0.4,0.5050720775056664,0.5050720775056664,1.0,0.5858585858585859,0.020202020202020204,0.3838383838383838,0.010101010101010102,0.022352012879771246,0.022352012879771246,0.0,0.33111332514569725,0.33430532203176216,0.12314165100462264,0.21143970181791805,0.2473510807323415,0.2473510807323415,1.0,0.45848595550214155,0.1772536711168912,0.25349001742150323,0.11077035595946408,0.0,0.0,1.0,0.3421626735798376,0.31263274154514786,0.12246221861146571,0.22274236626354896
107,0.26462489219130325,0.0,0.1547954151249854,71,11,0.0,0,0,100,0.3421626735798376,0.2,0.31263274154514786,0.4,0.12246221861146571,0.0,0.22274236626354896,0.4,0.5050720775056664,0.5050720775056664,1.0,0.5858585858585859,0.020202020202020204,0.3838383838383838,0.010101010101010102,0.022352012879771246,0.022352012879771246,0.0,0.33111332514569725,0.33430532203176216,0.12314165100462264,0.21143970181791805,0.2473510807323415,0.2473510807323415,1.0,0.45848595550214155,0.1772536711168912,0.25349001742150323,0.11077035595946408,0.0,0.0,1.0,0.3421626735798376,0.31263274154514786,0.12246221861146571,0.22274236626354896
108,0.26462489219130325,0.0,0.1547954151249854,72,11,0.0,0,0,100,0.3421626735798376,0.2,0.31263274154514786,0.4,0.12246221861146571,0.0,0.22274236626354896,0.4,0.5050720775056664,0.5050720775056664,1.0,0.5858585858585859,0.020202020202020204,0.3838383838383838,0.010101010101010102,0.022352012879771246,0.022352012879771246,0.0,0.33111332514569725,0.33430532203176216,0.12314165100462264,0.21143970181791805,0.2473510807323415,0.2473510807323415,1.0,0.45848595550214155,0.1772536711168912,0.25349001742150323,0.11077035595946408,0.0,0.0,1.0,0.3421626735798376,0.31263274154514786,0.12246221861146571,0.22274236626354896
109,0.26462489219130325,0.0,0.1547954151249854,81,11,0.0,0,0,100,0.3421626735798376,0.2,0.31263274154514786,0.4,0.12246221861146571,0.0,0.22274236626354896,0.4,0.5050720775056664,0.5050720775056664,1.0,0.5858585858585859,0.020202020202020204,0.3838383838383838,0.010101010101010102,0.022352012879771246,0.022352012879771246,0.0,0.33111332514569725,0.33430532203176216,0.12314165100462264,0.21143970181791805,0.2473510807323415,0.2473510807323415,1.0,0.45848595550214155,0.1772536711168912,0.25349001742150323,0.11077035595946408,0.0,0.0,1.0,0.3421626735798376,0.31263274154514786,0.12246221861146571,0.22274236626354896
110,0.26462489219130325,0.0,0.1547954151249854,82,11,0.0,0,1,110,0.3421626735798376,0.2,0.31263274154514786,0.4,0.12246221861146571,0.0,0.22274236626354896,0.4,0.10582965326324222,0.10582965326324222,1.0,0.3886363636363636,0.22457912457912457,0.18181818181818182,0.20496632996632996,0.08087660063597843,0.08087660063597843,1.0,0.3803740341903941,0.2950033218794798,0.16512745863688758,0.15949518529323853,0.0933531269496103,0.0933531269496103,1.0,0.38450519891337887,0.2597912232293022,0.17347282022753469,0.18223075762978425,0.0,0.0,1.0,0.3421626735798376,0.31263274154514786,0.12246221861146571,0.22274236626354896
111,0.26462489219130325,0.0,0.1547954151249854,71,11,0.0,0,0,110,0.3421626735798376,0.2,0.31263274154514786,0.4,0.12246221861146571,0.0,0.22274236626354896,0.4,0.10582965326324222,0.10582965326324222,1.0,0.3886363636363636,0.22457912457912457,0.18181818181818182,0.20496632996632996,0.08087660063597843,0.08087660063597843,1.0,0.3803740341903941,0.2950033218794798,0.16512745863688758,0.15949518529323853,0.0933531269496103,0.0933531269496103,1.0,0.38450519891337887,0.2597912232293022,0.17347282022753469,0.18223075762978425,0.0,0.0,1.0,0.3421626735798376,0.31263274154514786,0.12246221861146571,0.22274236626354896
112,0.26462489219130325,0.0,0.1547954151249854,75,11,0.0,0,0,110,0.3421626735798376,0.2,0.31263274154514786,0.4,0.12246221861146571,0.0,0.22274236626354896,0.4,0.10582965326324222,0.10582965326324222,1.0,0.3886363636363636,0.22457912457912457,0.18181818181818182,0.20496632996632996,0.08087660063597843,0.08087660063597843,1.0,0.3803740341903941,0.2950033218794798,0.16512745863688758,0.15949518529323853,0.0933531269496103,0.0933531269496103,1.0,0.38450519891337887,0.2597912232293022,0.17347282022753469,0.18223075762978425,0.0,0.0,1.0,0.3421626735798376,0.31263274154514786,0.12246221861146571,0.22274236626354896
113,0.26462489219130325,0.0,0.1547954151249854,76,11,0.0,0,0,110,0.3421626735798376,0.2,0.31263274154514786,0.4,0.12246221861146571,0.0,0.22274236626354896,0.4,0.10582965326324222,0.10582965326324222,1.0,0.3886363636363636,0.22457912457912457,0.18181818181818182,0.20496632996632996,0.08087660063597843,0.08087660063597843,1.0,0.3803740341903941,0.2950033218794798,0.16512745863688758,0.15949518529323853,0.0933531269496103,0.0933531269496103,1.0,0.38450519891337887,0.2597912232293022,0.17347282022753469,0.18223075762978425,0.0,0.0,1.0,0.3421626735798376,0.31263274154514786,0.12246221861146571,0.22274236626354896
114,0.26462489219130325,0.0,0.1547954151249854,74,11,0.0,0,0,110,0.3421626735798376,0.2,0.31263274154514786,0.4,0.12246221861146571,0.0,0.22274236626354896,0.4,0.10582965326324222,0.10582965326324222,1.0,0.3886363636363636,0.22457912457912457,0.18181818181818182,0.20496632996632996,0.08087660063597843,0.08087660063597843,1.0,0.3803740341903941,0.2950033218794798,0.16512745863688758,0.15949518529323853,0.0933531269496103,0.0933531269496103,1.0,0.38450519891337887,0.2597912232293022,0.17347282022753469,0.18223075762978425,0.0,0.0,1.0,0.3421626735798376,0.31263274154514786,0.12246221861146571,0.22274236626354896
115,0.26462489219130325,0.0,0.1547954151249854,72,11,0.0,0,0,110,0.3421626735798376,0.2,0.31263274154514786,0.4,0.12246221861146571,0.0,0.22274236626354896,0.4,0.10582965326324222,0.10582965326324222,1.0,0.3886363636363636,0.22457912457912457,0.18181818181818182,0.20496632996632996,0.08087660063597843,0.08087660063597843,1.0,0.3803740341903941,0.2950033218794798,0.16512745863688758,0.15949518529323853,0.0933531269496103,0.0933531269496103,1.0,0.38450519891337887,0.2597912232293022,0.17347282022753469,0.18223075762978425,0.0,0.0,1.0,0.3421626735798376,0.31263274154514786,0.12246221861146571,0.22274236626354896
116,0.26462489219130325,0.0,0.1547954151249854,79,11,0.0,0,0,110,0.3421626735798376,0.2,0.31263274154514786,0.4,0.12246221861146571,0.0,0.22274236626354896,0.4,0.10582965326324222,0.10582965326324222,1.0,0.3886363636363636,0.22457912457912457,0.18181818181818182,0.20496632996632996,0.08087660063597843,0.08087660063597843,1.0,0.3803740341903941,0.2950033218794798,0.16512745863688758,0.15949518529323853,0.0933531269496103,0.0933531269496103,1.0,0.38450519891337887,0.2597912232293022,0.17347282022753469,0.18223075762978425,0.0,0.0,1.0,0.3421626735798376,0.31263274154514786,0.12246221861146571,0.22274236626354896
117,0.26462489219130325,0.0,0.1547954151249854,82,11,0.0,0,0,110,0.3421626735798376,0.2,0.31263274154514786,0.4,0.12246221861146571,0.0,0.22274236626354896,0.4,0.10582965326324222,0.10582965326324222,1.0,0.3886363636363636,0.22457912457912457,0.18181818181818182,0.20496632996632996,0.08087660063597843,0.08087660063597843,1.0,0.3803740341903941,0.2950033218794798,0.16512745863688758,0.15949518529323853,0.0933531269496103,0.0933531269496103,1.0,0.38450519891337887,0.2597912232293022,0.17347282022753469,0.18223075762978425,0.0,0.0,1.0,0.3421626735798376,0.31263274154514786,0.12246221861146571,0.22274236626354896
118,0.26462489219130325,0.0,0.1547954151249854,86,11,0.0,0,0,110,0.3421626735798376,0.2,0.31263274154514786,0.4,0.12246221861146571,0.0,0.22274236626354896,0.4,0.10582965326324222,0.10582965326324222,1.0,0.3886363636363636,0.22457912457912457,0.18181818181818182,0.20496632996632996,0.08087660063597843,0.08087660063597843,1.0,0.3803740341903941,0.2950033218794798,0.16512745863688758,0.15949518529323853,0.0933531269496103,0.0933531269496103,1.0,0.38450519891337887,0.2597912232293022,0.17347282022753469,0.18223075762978425,0.0,0.0,1.0,0.3421626735798376,0.31263274154514786,0.12246221861146571,0.22274236626354896
119,0.26462489219130325,0.0,0.1547954151249854,74,11,0.0,0,0,110,0.3421626735798376,0.2,0.31263274154514786,0.4,0.12246221861146571,0.0,0.22274236626354896,0.4,0.10582965326324222,0.10582965326324222,1.0,0.3886363636363636,0.22457912457912457,0.18181818181818182,0.20496632996632996,0.08087660063597843,0.08087660063597843,1.0,0.3803740341903941,0.2950033218794798,0.16512745863688758,0.15949518529323853,0.0933531269496103,0.0933531269496103,1.0,0.38450519891337887,0.2597912232293022,0.17347282022753469,0.18223075762978425,0.0,0.0,1.0,0.3421626735798376,0.31263274154514786,0.12246221861146571,0.22274236626354896
120,0.26462489219130325,0.0,0.1547954151249854,82,11,0.0,0,1,120,0.3421626735798376,0.2,0.31263274154514786,0.4,0.12246221861146571,0.0,0.22274236626354896,0.4,0.2598748921913033,0.2598748921913033,0.0,0.20475,0.4023333333333333,0.0,0.3929166666666667,0.12433257291274166,0.12433257291274166,0.0,0.22970767353034952,0.37725657971314797,0.18217095335620725,0.21086479340029537,0.1563105787480249,0.1563105787480249,0.0,0.21722883676517474,0.38979495652324064,0.09108547667810363,0.30189073003348105,0.0,0.0,1.0,0.3421626735798376,0.31263274154514786,0.12246221861146571,0.22274236626354896
121,0.26462489219130325,0.0,0.1547954151249854,83,11,0.0,0,0,120,0.3421626735798376,0.2,0.31263274154514786,0.4,0.12246221861146571,0.0,0.22274236626354896,0.4,0.2598748921913033,0.2598748921913033,0.0,0.20475,0.4023333333333333,0.0,0.3929166666666667,0.12433257291274166,0.12433257291274166,0.0,0.22970767353034952,0.37725657971314797,0.18217095335620725,0.21086479340029537,0.1563105787480249,0.1563105787480249,0.0,0.21722883676517474,0.38979495652324064,0.09108547667810363,0.30189073003348105,0.0,0.0,1.0,0.3421626735798376,0.31263274154514786,0.12246221861146571,0.22274236626354896
122,0.26462489219130325,0.0,0.1547954151249854,95,11,0.0,0,0,120,0.3421626735798376,0.2,0.31263274154514786,0.4,0.12246221861146571,0.0,0.22274236626354896,0.4,0.2598748921913033,0.2598748921913033,0.0,0.20475,0.4023333333333333,0.0,0.3929166666666667,0.12433257291274166,0.12433257291274166,0.0,0.22970767353034952,0.37725657971314797,0.18217095335620725,0.21086479340029537,0.1563105787480249,0.1563105787480249,0.0,0.21722883676517474,0.38979495652324064,0.09108547667810363,0.30189073003348105,0.0,0.0,1.0,0.3421626735798376,0.31263274154514786,0.12246221861146571,0.22274236626354896
123,0.26462489219130325,0.0,0.1547954151249854,108,11,0.0,0,0,120,0.3421626735798376,0.2,0.31263274154514786,0.4,0.12246221861146571,0.0,0.22274236626354896,0.4,0.2598748921913033,0.2598748921913033,0.0,0.20475,0.4023333333333333,0.0,0.3929166666666667,0.12433257291274166,0.12433257291274166,0.0,0.22970767353034952,0.37725657971314797,0.18217095335620725,0.21086479340029537,0.1563105787480249,0.1563105787480249,0.0,0.21722883676517474,0.38979495652324064,0.09108547667810363,0.30189073003348105,0.0,0.0,1.0,0.3421626735798376,0.31263274154514786,0.12246221861146571,0.22274236626354896
124,0.26462489219130325,0.0,0.1547954151249854,82,11,0.0,0,0,120,0.3421626735798376,0.2,0.31263274154514786,0.4,0.12246221861146571,0.0,0.22274236626354896,0.4,0.2598748921913033,0.2598748921913033,0.0,0.20475,0.4023333333333333,0.0,0.3929166666666667,0.12433257291274166,0.12433257291274166,0.0,0.22970767353034952,0.37725657971314797,0.18217095335620725,0.21086479340029537,0.1563105787480249,0.1563105787480249,0.0,0.21722883676517474,0.38979495652324064,0.09108547667810363,0.30189073003348105,0.0,0.0,1.0,0.3421626735798376,0.31263274154514786,0.12246221861146571,0.22274236626354896
125,0.26462489219130325,0.0,0.1547954151249854,80,11,0.0,0,0,120,0.3421626735798376,0.2,0.31263274154514786,0.4,0.12246221861146571,0.0,0.22274236626354896,0.4,0.2598748921913033,0.2598748921913033,0.0,0.20475,0.4023333333333333,0.0,0.3929166666666667,0.12433257291274166,0.12433257291274166,0.0,0.22970767353034952,0.37725657971314797,0.18217095335620725,0.21086479340029537,0.1563105787480249,0.1563105787480249,0.0,0.21722883676517474,0.38979495652324064,0.09108547667810363,0.30189073003348105,0.0,0.0,1.0,0.3421626735798376,0.31263274154514786,0.12246221861146571,0.22274236626354896
126,0.26462489219130325,0.0,0.1547954151249854,74,11,0.0,0,0,120,0.3421626735798376,0.2,0.31263274154514786,0.4,0.12246221861146571,0.0,0.22274236626354896,0.4,0.2598748921913033,0.2598748921913033,0.0,0.20475,0.4023333333333333,0.0,0.3929166666666667,0.12433257291274166,0.12433257291274166,0.0,0.22970767353034952,0.37725657971314797,0.18217095335620725,0.21086479340029537,0.1563105787480249,0.1563105787480249,0.0,0.21722883676517474,0.38979495652324064,0.09108547667810363,0.30189073003348105,0.0,0.0,1.0,0.3421626735798376,0.31263274154514786,0.12246221861146571,0.22274236626354896
127,0.26462489219130325,0.0,0.1547954151249854,80,11,0.0,0,0,120,0.3421626735798376,0.2,0.31263274154514786,0.4,0.12246221861146571,0.0,0.22274236626354896,0.4,0.2598748921913033,0.2598748921913033,0.0,0.20475,0.4023333333333333,0.0,0.3929166666666667,0.12433257291274166,0.12433257291274166,0.0,0.22970767353034952,0.37725657971314797,0.18217095335620725,0.21086479340029537,0.1563105787480249,0.1563105787480249,0.0,0.21722883676517474,0.38979495652324064,0.09108547667810363,0.30189073003348105,0.0,0.0,1.0,0.3421626735798376,0.31263274154514786,0.12246221861146571,0.22274236626354896
128,0.26462489219130325,0.0,0.1547954151249854,75,11,0.0,0,0,120,0.3421626735798376,0.2,0.31263274154514786,0.4,0.12246221861146571,0.0,0.22274236626354896,0.4,0.2598748921913033,0.2598748921913033,0.0,0.20475,0.4023333333333333,0.0,0.3929166666666667,0.12433257291274166,0.12433257291274166,0.0,0.22970767353034952,0.37725657971314797,0.18217095335620725,0.21086479340029537,0.1563105787480249,0.1563105787480249,0.0,0.21722883676517474,0.38979495652324064,0.09108547667810363,0.30189073003348105,0.0,0.0,1.0,0.3421626735798376,0.31263274154514786,0.12246221861146571,0.22274236626354896
129,0.26462489219130325,0.0,0.1547954151249854,65,11,0.0,0,0,120,0.3421626735798376,0.2,0.31263274154514786,0.4,0.12246221861146571,0.0,0.22274236626354896,0.4,0.2598748921913033,0.2598748921913033,0.0,0.20475,0.4023333333333333,0.0,0.3929166666666667,0.12433257291274166,0.12433257291274166,0.0,0.22970767353034952,0.37725657971314797,0.18217095335620725,0.21086479340029537,0.1563105787480249,0.1563105787480249,0.0,0.21722883676517474,0.38979495652324064,0.09108547667810363,0.30189073003348105,0.0,0.0,1.0,0.3421626735798376,0.31263274154514786,0.12246221861146571,0.22274236626354896
130,0.26462489219130325,0.0,0.1547954151249854,71,11,0.0,0,1,130,0.3421626735798376,0.2,0.31263274154514786,0.4,0.12246221861146571,0.0,0.22274236626354896,0.4,0.26462489219130325,0.26462489219130325,0.0,0.2,0.4,0.0,0.4,0.11645196659827271,0.11645196659827271,0.0,0.2837459638636347,0.3373743759825231,0.0644269617293958,0.31445269842444634,0.190538429394788,0.190538429394788,0.0,0.24187298193181736,0.36868718799126154,0.0322134808646979,0.3572263492122232,0.0,0.0,1.0,0.3421626735798376,0.31263274154514786,0.12246221861146571,0.22274236626354896
131,0.26462489219130325,0.0,0.1547954151249854,73,11,0.0,0,0,130,0.3421626735798376,0.2,0.31263274154514786,0.4,0.12246221861146571,0.0,0.22274236626354896,0.4,0.26462489219130325,0.26462489219130325,0.0,0.2,0.4,0.0,0.4,0.11645196659827271,0.11645196659827271,0.0,0.2837459638636347,0.3373743759825231,0.0644269617293958,0.31445269842444634,0.190538429394788,0.190538429394788,0.0,0.24187298193181736,0.36868718799126154,0.0322134808646979,0.3572263492122232,0.0,0.0,1.0,0.3421626735798376,0.31263274154514786,0.12246221861146571,0.22274236626354896
132,0.26462489219130325,0.0,0.1547954151249854,74,11,0.0,0,0,130,0.3421626735798376,0.2,0.31263274154514786,0.4,0.12246221861146571,0.0,0.22274236626354896,0.4,0.26462489219130325,0.26462489219130325,0.0,0.2,0.4,0.0,0.4,0.11645196659827271,0.11645196659827271,0.0,0.2837459638636347,0.3373743759825231,0.0644269617293958,0.31445269842444634,0.190538429394788,0.190538429394788,0.0,0.24187298193181736,0.36868718799126154,0.0322134808646979,0.3572263492122232,0.0,0.0,1.0,0.3421626735798376,0.31263274154514786,0.12246221861146571,0.22274236626354896
133,0.26462489219130325,0.0,0.1547954151249854,79,11,0.0,0,0,130,0.3421626735798376,0.2,0.31263274154514786,0.4,0.12246221861146571,0.0,0.22274236626354896,0.4,0.26462489219130325,0.26462489219130325,0.0,0.2,0.4,0.0,0.4,0.11645196659827271,0.11645196659827271,0.0,0.2837459638636347,0.3373743759825231,0.0644269617293958,0.31445269842444634,0.190538429394788,0.190538429394788,0.0,0.24187298193181736,0.36868718799126154,0.0322134808646979,0.3572263492122232,0.0,0.0,1.0,0.3421626735798376,0.31263274154514786,0.12246221861146571,0.22274236626354896
134,0.26462489219130325,0.0,0.1547954151249854,75,11,0.0,0,0,130,0.3421626735798376,0.2,0.31263274154514786,0.4,0.12246221861146571,0.0,0.22274236626354896,0.4,0.26462489219130325,0.26462489219130325,0.0,0.2,0.4,0.0,0.4,0.11645196659827271,0.11645196659827271,0.0,0.2837459638636347,0.3373743759825231,0.0644269617293958,0.31445269842444634,0.190538429394788,0.190538429394788,0.0,0.24187298193181736,0.36868718799126154,0.0322134808646979,0.3572263492122232,0.0,0.0,1.0,0.3421626735798376,0.31263274154514786,0.12246221861146571,0.22274236626354896
135,0.26462489219130325,0.0,0.1547954151249854,71,11,0.0,0,0,130,0.3421626735798376,0.2,0.31263274154514786,0.4,0.12246221861146571,0.0,0.22274236626354896,0.4,0.26462489219130325,0.26462489219130325,0.0,0.2,0.4,0.0,0.4,0.11645196659827271,0.11645196659827271,0.0,0.2837459638636347,0.3373743759825231,0.0644269617293958,0.31445269842444634,0.190538429394788,0.190538429394788,0.0,0.24187298193181736,0.36868718799126154,0.0322134808646979,0.3572263492122232,0.0,0.0,1.0,0.3421626735798376,0.31263274154514786,0.12246221861146571,0.22274236626354896
136,0.26462489219130325,0.0,0.1547954151249854,58,11,0.0,0,0,130,0.3421626735798376,0.2,0.31263274154514786,0.4,0.12246221861146571,0.0,0.22274236626354896,0.4,0.26462489219130325,0.26462489219130325,0.0,0.2,0.4,0.0,0.4,0.11645196659827271,0.11645196659827271,0.0,0.2837459638636347,0.3373743759825231,0.0644269617293958,0.31445269842444634,0.190538429394788,0.190538429394788,0.0,0.24187298193181736,0.36868718799126154,0.0322134808646979,0.3572263492122232,0.0,0.0,1.0,0.3421626735798376,0.31263274154514786,0.12246221861146571,0.22274236626354896
137,0.26462489219130325,0.0,0.1547954151249854,80,11,0.0,0,0,130,0.3421626735798376,0.2,0.31263274154514786,0.4,0.12246221861146571,0.0,0.22274236626354896,0.4,0.26462489219130325,0.26462489219130325,0.0,0.2,0.4,0.0,0.4,0.11645196659827271,0.11645196659827271,0.0,0.2837459638636347,0.3373743759825231,0.0644269617293958,0.31445269842444634,0.190538429394788,0.190538429394788,0.0,0.24187298193181736,0.36868718799126154,0.0322134808646979,0.3572263492122232,0.0,0.0,1.0,0.3421626735798376,0.31263274154514786,0.12246221861146571,0.22274236626354896
138,0.26462489219130325,0.0,0.1547954151249854,75,11,0.0,0,0,130,0.3421626735798376,0.2,0.31263274154514786,0.4,0.12246221861146571,0.0,0.22274236626354896,0.4,0.26462489219130325,0.26462489219130325,0.0,0.2,0.4,0.0,0.4,0.11645196659827271,0.11645196659827271,0.0,0.2837459638636347,0.3373743759825231,0.0644269617293958,0.31445269842444634,0.190538429394788,0.190538429394788,0.0,0.24187298193181736,0.36868718799126154,0.0322134808646979,0.3572263492122232,0.0,0.0,1.0,0.3421626735798376,0.31263274154514786,0.12246221861146571,0.22274236626354896
139,0.26462489219130325,0.0,0.1547954151249854,62,11,0.0,0,0,130,0.3421626735798376,0.2,0.31263274154514786,0.4,0.12246221861146571,0.0,0.22274236626354896,0.4,0.26462489219130325,0.26462489219130325,0.0,0.2,0.4,0.0,0.4,0.11645196659827271,0.11645196659827271,0.0,0.2837459638636347,0.3373743759825231,0.0644269617293958,0.31445269842444634,0.190538429394788,0.190538429394788,0.0,0.24187298193181736,0.36868718799126154,0.0322134808646979,0.3572263492122232,0.0,0.0,1.0,0.3421626735798376,0.31263274154514786,0.12246221861146571,0.22274236626354896
140,0.26462489219130325,0.0,0.1547954151249854,85,11,0.0,0,1,140,0.3421626735798376,0.2,0.31263274154514786,0.4,0.12246221861146571,0.0,0.22274236626354896,0.4,0.26462489219130325,0.26462489219130325,0.0,0.2,0.4,0.0,0.4,0.11205581670468935,0.11205581670468935,1.0,0.39190684654474506,0.3749443852849297,0.05068637635389415,0.1824623918164311,0.14332828074198367,0.14332828074198367,0.0,0.2959534232723725,0.38747219264246485,0.025343188176947074,0.29123119590821556,0.0,0.0,1.0,0.3421626735798376,0.31263274154514786,0.12246221861146571,0.22274236626354896
141,0.26462489219130325,0.0,0.1547954151249854,74,11,0.0,0,0,140,0.3421626735798376,0.2,0.31263274154514786,0.4,0.12246221861146571,0.0,0.22274236626354896,0.4,0.26462489219130325,0.26462489219130325,0.0,0.2,0.4,0.0,0.4,0.11205581670468935,0.11205581670468935,1.0,0.39190684654474506,0.3749443852849297,0.05068637635389415,0.1824623918164311,0.14332828074198367,0.14332828074198367,0.0,0.2959534232723725,0.38747219264246485,0.025343188176947074,0.29123119590821556,0.0,0.0,1.0,0.3421626735798376,0.31263274154514786,0.12246221861146571,0.22274236626354896
142,0.26462489219130325,0.0,0.1547954151249854,73,11,0.0,0,0,140,0.3421626735798376,0.2,0.31263274154514786,0.4,0.12246221861146571,0.0,0.22274236626354896,0.4,0.26462489219130325,0.26462489219130325,0.0,0.2,0.4,0.0,0.4,0.11205581670468935,0.11205581670468935,1.0,0.39190684654474506,0.3749443852849297,0.05068637635389415,0.1824623918164311,0.14332828074198367,0.14332828074198367,0.0,0.2959534232723725,0.38747219264246485,0.025343188176947074,0.29123119590821556,0.0,0.0,1.0,0.3421626735798376,0.31263274154514786,0.12246221861146571,0.22274236626354896
143,0.26462489219130325,0.0,0.1547954151249854,79,11,0.0,0,0,140,0.3421626735798376,0.2,0.31263274154514786,0.4,0.12246221861146571,0.0,0.22274236626354896,0.4,0.26462489219130325,0.26462489219130325,0.0,0.2,0.4,0.0,0.4,0.11205581670468935,0.11205581670468935,1.0,0.39190684654474506,0.3749443852849297,0.05068637635389415,0.1824623918164311,0.14332828074198367,0.14332828074198367,0.0,0.2959534232723725,0.38747219264246485,0.025343188176947074,0.29123119590821556,0.0,0.0,1.0,0.3421626735798376,0.31263274154514786,0.12246221861146571,0.22274236626354896
144,0.26462489219130325,0.0,0.1547954151249854,81,11,0.0,0,0,140,0.3421626735798376,0.2,0.31263274154514786,0.4,0.12246221861146571,0.0,0.22274236626354896,0.4,0.26462489219130325,0.26462489219130325,0.0,0.2,0.4,0.0,0.4,0.11205581670468935,0.11205581670468935,1.0,0.39190684654474506,0.3749443852849297,0.05068637635389415,0.1824623918164311,0.14332828074198367,0.14332828074198367,0.0,0.2959534232723725,0.38747219264246485,0.025343188176947074,0.29123119590821556,0.0,0.0,1.0,0.3421626735798376,0.31263274154514786,0.12246221861146571,0.22274236626354896
145,0.26462489219130325,0.0,0.1547954151249854,82,11,0.0,0,0,140,0.3421626735798376,0.2,0.31263274154514786,0.4,0.12246221861146571,0.0,0.22274236626354896,0.4,0.26462489219130325,0.26462489219130325,0.0,0.2,0.4,0.0,0.4,0.11205581670468935,0.11205581670468935,1.0,0.39190684654474506,0.3749443852849297,0.05068637635389415,0.1824623918164311,0.14332828074198367,0.14332828074198367,0.0,0.2959534232723725,0.38747219264246485,0.025343188176947074,0.29123119590821556,0.0,0.0,1.0,0.3421626735798376,0.31263274154514786,0.12246221861146571,0.22274236626354896
146,0.26462489219130325,0.0,0.1547954151249854,65,11,0.0,0,0,140,0.3421626735798376,0.2,0.31263274154514786,0.4,0.12246221861146571,0.0,0.22274236626354896,0.4,0.26462489219130325,0.26462489219130325,0.0,0.2,0.4,0.0,0.4,0.11205581670468935,0.11205581670468935,1.0,0.39190684654474506,0.3749443852849297,0.05068637635389415,0.1824623918164311,0.14332828074198367,0.14332828074198367,0.0,0.2959534232723725,0.38747219264246485,0.025343188176947074,0.29123119590821556,0.0,0.0,1.0,0.3421626735798376,0.31263274154514786,0.12246221861146571,0.22274236626354896
147,0.26462489219130325,0.0,0.1547954151249854,76,11,0.0,0,0,140,0.3421626735798376,0.2,0.31263274154514786,0.4,0.12246221861146571,0.0,0.22274236626354896,0.4,0.26462489219130325,0.26462489219130325,0.0,0.2,0.4,0.0,0.4,0.11205581670468935,0.11205581670468935,1.0,0.39190684654474506,0.3749443852849297,0.05068637635389415,0.1824623918164311,0.14332828074198367,0.14332828074198367,0.0,0.2959534232723725,0.38747219264246485,0.025343188176947074,0.29123119590821556,0.0,0.0,1.0,0.3421626735798376,0.31263274154514786,0.12246221861146571,0.22274236626354896
148,0.26462489219130325,0.0,0.1547954151249854,79,11,0.0,0,0,140,0.3421626735798376,0.2,0.31263274154514786,0.4,0.12246221861146571,0.0,0.22274236626354896,0.4,0.26462489219130325,0.26462489219130325,0.0,0.2,0.4,0.0,0.4,0.11205581670468935,0.11205581670468935,1.0,0.39190684654474506,0.3749443852849297,0.05068637635389415,0.1824623918164311,0.14332828074198367,0.14332828074198367,0.0,0.2959534232723725,0.38747219264246485,0.025343188176947074,0.29123119590821556,0.0,0.0,1.0,0.3421626735798376,0.31263274154514786,0.12246221861146571,0.22274236626354896
149,0.26462489219130325,0.0,0.1547954151249854,68,11,0.0,0,0,140,0.3421626735798376,0.2,0.31263274154514786,0.4,0.12246221861146571,0.0,0.22274236626354896,0.4,0.26462489219130325,0.26462489219130325,0.0,0.2,0.4,0.0,0.4,0.11205581670468935,0.11205581670468935,1.0,0.39190684654474506,0.3749443852849297,0.05068637635389415,0.1824623918164311,0.14332828074198367,0.14332828074198367,0.0,0.2959534232723725,0.38747219264246485,0.025343188176947074,0.29123119590821556,0.0,0.0,1.0,0.3421626735798376,0.31263274154514786,0.12246221861146571,0.22274236626354896
150,0.26462489219130325,0.0,0.1547954151249854,75,11,0.0,0,1,150,0.3421626735798376,0.2,0.31263274154514786,0.4,0.12246221861146571,0.0,0.22274236626354896,0.4,0.26462489219130325,0.26462489219130325,0.0,0.2,0.4,0.0,0.4,0.08105367909394648,0.08105367909394648,1.0,0.3943304229842046,0.27173107089417076,0.08231021016849623,0.2516282959531283,0.12630457561495284,0.12630457561495284,0.0,0.2971652114921023,0.3358655354470854,0.04115510508424811,0.32581414797656416,0.0,0.0,1.0,0.3421626735798376,0.31263274154514786,0.12246221861146571,0.22274236626354896
151,0.26462489219130325,0.0,0.1547954151249854,75,11,0.0,0,0,150,0.3421626735798376,0.2,0.31263274154514786,0.4,0.12246221861146571,0.0,0.22274236626354896,0.4,0.26462489219130325,0.26462489219130325,0.0,0.2,0.4,0.0,0.4,0.08105367909394648,0.08105367909394648,1.0,0.3943304229842046,0.27173107089417076,0.08231021016849623,0.2516282959531283,0.12630457561495284,0.12630457561495284,0.0,0.2971652114921023,0.3358655354470854,0.04115510508424811,0.32581414797656416,0.0,0.0,1.0,0.3421626735798376,0.31263274154514786,0.12246221861146571,0.22274236626354896
152,0.26462489219130325,0.0,0.1547954151249854,88,11,0.0,0,0,150,0.3421626735798376,0.2,0.31263274154514786,0.4,0.12246221861146571,0.0,0.22274236626354896,0.4,0.26462489219130325,0.26462489219130325,0.0,0.2,0.4,0.0,0.4,0.08105367909394648,0.08105367909394648,1.0,0.3943304229842046,0.27173107089417076,0.08231021016849623,0.2516282959531283,0.12630457561495284,0.12630457561495284,0.0,0.2971652114921023,0.3358655354470854,0.04115510508424811,0.32581414797656416,0.0,0.0,1.0,0.3421626735798376,0.31263274154514786,0.12246221861146571,0.22274236626354896
153,0.26462489219130325,0.0,0.1547954151249854,72,11,0.0,0,0,150,0.3421626735798376,0.2,0.31263274154514786,0.4,0.12246221861146571,0.0,0.22274236626354896,0.4,0.26462489219130325,0.26462489219130325,0.0,0.2,0.4,0.0,0.4,0.08105367909394648,0.08105367909394648,1.0,0.3943304229842046,0.27173107089417076,0.08231021016849623,0.2516282959531283,0.12630457561495284,0.12630457561495284,0.0,0.2971652114921023,0.3358655354470854,0.04115510508424811,0.32581414797656416,0.0,0.0,1.0,0.3421626735798376,0.31263274154514786,0.12246221861146571,0.22274236626354896
154,0.26462489219130325,0.0,0.1547954151249854,90,11,0.0,0,0,150,0.3421626735798376,0.2,0.31263274154514786,0.4,0.12246221861146571,0.0,0.22274236626354896,0.4,0.26462489219130325,0.26462489219130325,0.0,0.2,0.4,0.0,0.4,0.08105367909394648,0.08105367909394648,1.0,0.3943304229842046,0.27173107089417076,0.08231021016849623,0.2516282959531283,0.12630457561495284,0.12630457561495284,0.0,0.2971652114921023,0.3358655354470854,0.04115510508424811,0.32581414797656416,0.0,0.0,1.0,0.3421626735798376,0.31263274154514786,0.12246221861146571,0.22274236626354896
155,0.26462489219130325,0.0,0.1547954151249854,63,11,0.0,0,0,150,0.3421626735798376,0.2,0.31263274154514786,0.4,0.12246221861146571,0.0,0.22274236626354896,0.4,0.26462489219130325,0.26462489219130325,0.0,0.2,0.4,0.0,0.4,0.08105367909394648,0.08105367909394648,1.0,0.3943304229842046,0.27173107089417076,0.08231021016849623,0.2516282959531283,0.12630457561495284,0.12630457561495284,0.0,0.2971652114921023,0.3358655354470854,0.04115510508424811,0.32581414797656416,0.0,0.0,1.0,0.3421626735798376,0.31263274154514786,0.12246221861146571,0.22274236626354896
156,0.26462489219130325,0.0,0.1547954151249854,82,11,0.0,0,0,150,0.3421626735798376,0.2,0.31263274154514786,0.4,0.12246221861146571,0.0,0.22274236626354896,0.4,0.26462489219130325,0.26462489219130325,0.0,0.2,0.4,0.0,0.4,0.08105367909394648,0.08105367909394648,1.0,0.3943304229842046,0.27173107089417076,0.08231021016849623,0.2516282959531283,0.12630457561495284,0.12630457561495284,0.0,0.2971652114921023,0.3358655354470854,0.04115510508424811,0.32581414797656416,0.0,0.0,1.0,0.3421626735798376,0.31263274154514786,0.12246221861146571,0.22274236626354896
157,0.26462489219130325,0.0,0.1547954151249854,68,11,0.0,0,0,150,0.3421626735798376,0.2,0.31263274154514786,0.4,0.12246221861146571,0.0,0.22274236626354896,0.4,0.26462489219130325,0.26462489219130325,0.0,0.2,0.4,0.0,0.4,0.08105367909394648,0.08105367909394648,1.0,0.3943304229842046,0.27173107089417076,0.08231021016849623,0.2516282959531283,0.12630457561495284,0.12630457561495284,0.0,0.2971652114921023,0.3358655354470854,0.04115510508424811,0.32581414797656416,0.0,0.0,1.0,0.3421626735798376,0.31263274154514786,0.12246221861146571,0.22274236626354896
158,0.26462489219130325,0.0,0.1547954151249854,71,11,0.0,0,0,150,0.3421626735798376,0.2,0.31263274154514786,0.4,0.12246221861146571,0.0,0.22274236626354896,0.4,0.26462489219130325,0.26462489219130325,0.0,0.2,0.4,0.0,0.4,0.08105367909394648,0.08105367909394648,1.0,0.3943304229842046,0.27173107089417076,0.08231021016849623,0.2516282959531283,0.12630457561495284,0.12630457561495284,0.0,0.2971652114921023,0.3358655354470854,0.04115510508424811,0.32581414797656416,0.0,0.0,1.0,0.3421626735798376,0.31263274154514786,0.12246221861146571,0.22274236626354896
159,0.26462489219130325,0.0,0.1547954151249854,76,11,0.0,0,0,150,0.3421626735798376,0.2,0.31263274154514786,0.4,0.12246221861146571,0.0,0.22274236626354896,0.4,0.26462489219130325,0.26462489219130325,0.0,0.2,0.4,0.0,0.4,0.08105367909394648,0.08105367909394648,1.0,0.3943304229842046,0.27173107089417076,0.08231021016849623,0.2516282959531283,0.12630457561495284,0.12630457561495284,0.0,0.2971652114921023,0.3358655354470854,0.04115510508424811,0.32581414797656416,0.0,0.0,1.0,0.3421626735798376,0.31263274154514786,0.12246221861146571,0.22274236626354896
160,0.26462489219130325,0.0,0.1547954151249854,78,11,0.0,0,1,160,0.3421626735798376,0.2,0.31263274154514786,0.4,0.12246221861146571,0.0,0.22274236626354896,0.4,0.26462489219130325,0.26462489219130325,0.0,0.2,0.4,0.0,0.4,0.07017189430281476,0.07017189430281476,1.0,0.3600446565577244,0.24246084724233308,0.1589966240652592,0.23849787213468343,0.10510425187981148,0.10510425187981148,0.0,0.2800223282788622,0.32123042362116655,0.0794983120326296,0.3192489360673417,0.0,0.0,1.0,0.3421626735798376,0.31263274154514786,0.12246221861146571,0.22274236626354896
161,0.26462489219130325,0.0,0.1547954151249854,80,11,0.0,0,0,160,0.3421626735798376,0.2,0.31263274154514786,0.4,0.12246221861146571,0.0,0.22274236626354896,0.4,0.26462489219130325,0.26462489219130325,0.0,0.2,0.4,0.0,0.4,0.07017189430281476,0.07017189430281476,1.0,0.3600446565577244,0.24246084724233308,0.1589966240652592,0.23849787213468343,0.10510425187981148,0.10510425187981148,0.0,0.2800223282788622,0.32123042362116655,0.0794983120326296,0.3192489360673417,0.0,0.0,1.0,0.3421626735798376,0.31263274154514786,0.12246221861146571,0.22274236626354896
162,0.26462489219130325,0.0,0.1547954151249854,83,11,0.0,0,0,160,0.3421626735798376,0.2,0.31263274154514786,0.4,0.12246221861146571,0.0,0.22274236626354896,0.4,0.26462489219130325,0.26462489219130325,0.0,0.2,0.4,0.0,0.4,0.07017189430281476,0.07017189430281476,1.0,0.3600446565577244,0.24246084724233308,0.1589966240652592,0.23849787213468343,0.10510425187981148,0.10510425187981148,0.0,0.2800223282788622,0.32123042362116655,0.0794983120326296,0.3192489360673417,0.0,0.0,1.0,0.3421626735798376,0.31263274154514786,0.12246221861146571,0.22274236626354896
163,0.26462489219130325,0.0,0.1547954151249854,74,11,0.0,0,0,160,0.3421626735798376,0.2,0.31263274154514786,0.4,0.12246221861146571,0.0,0.22274236626354896,0.4,0.26462489219130325,0.26462489219130325,0.0,0.2,0.4,0.0,0.4,0.07017189430281476,0.07017189430281476,1.0,0.3600446565577244,0.24246084724233308,0.1589966240652592,0.23849787213468343,0.10510425187981148,0.10510425187981148,0.0,0.2800223282788622,0.32123042362116655,0.0794983120326296,0.3192489360673417,0.0,0.0,1.0,0.3421626735798376,0.31263274154514786,0.12246221861146571,0.22274236626354896
164,0.26462489219130325,0.0,0.1547954151249854,61,11,0.0,0,0,160,0.3421626735798376,0.2,0.31263274154514786,0.4,0.12246221861146571,0.0,0.22274236626354896,0.4,0.26462489219130325,0.26462489219130325,0.0,0.2,0.4,0.0,0.4,0.07017189430281476,0.07017189430281476,1.0,0.3600446565577244,0.24246084724233308,0.1589966240652592,0.23849787213468343,0.10510425187981148,0.10510425187981148,0.0,0.2800223282788622,0.32123042362116655,0.0794983120326296,0.3192489360673417,0.0,0.0,1.0,0.3421626735798376,0.31263274154514786,0.12246221861146571,0.22274236626354896
165,0.26462489219130325,0.0,0.1547954151249854,91,11,0.0,0,0,160,0.3421626735798376,0.2,0.31263274154514786,0.4,0.12246221861146571,0.0,0.22274236626354896,0.4,0.26462489219130325,0.26462489219130325,0.0,0.2,0.4,0.0,0.4,0.07017189430281476,0.07017189430281476,1.0,0.3600446565577244,0.24246084724233308,0.1589966240652592,0.23849787213468343,0.10510425187981148,0.10510425187981148,0.0,0.2800223282788622,0.32123042362116655,0.0794983120326296,0.3192489360673417,0.0,0.0,1.0,0.3421626735798376,0.31263274154514786,0.12246221861146571,0.22274236626354896
166,0.26462489219130325,0.0,0.1547954151249854,84,11,0.0,0,0,160,0.3421626735798376,0.2,0.31263274154514786,0.4,0.12246221861146571,0.0,0.22274236626354896,0.4,0.26462489219130325,0.26462489219130325,0.0,0.2,0.4,0.0,0.4,0.07017189430281476,0.07017189430281476,1.0,0.3600446565577244,0.24246084724233308,0.1589966240652592,0.23849787213468343,0.10510425187981148,0.10510425187981148,0.0,0.2800223282788622,0.32123042362116655,0.0794983120326296,0.3192489360673417,0.0,0.0,1.0,0.3421626735798376,0.31263274154514786,0.12246221861146571,0.22274236626354896
167,0.26462489219130325,0.0,0.1547954151249854,70,11,0.0,0,0,160,0.3421626735798376,0.2,0.31263274154514786,0.4,0.12246221861146571,0.0,0.22274236626354896,0.4,0.26462489219130325,0.26462489219130325,0.0,0.2,0.4,0.0,0.4,0.07017189430281476,0.07017189430281476,1.0,0.3600446565577244,0.24246084724233308,0.1589966240652592,0.23849787213468343,0.10510425187981148,0.10510425187981148,0.0,0.2800223282788622,0.32123042362116655,0.0794983120326296,0.3192489360673417,0.0,0.0,1.0,0.3421626735798376,0.31263274154514786,0.12246221861146571,0.22274236626354896
168,0.26462489219130325,0.0,0.1547954151249854,61,11,0.0,0,0,160,0.3421626735798376,0.2,0.31263274154514786,0.4,0.12246221861146571,0.0,0.22274236626354896,0.4,0.26462489219130325,0.26462489219130325,0.0,0.2,0.4,0.0,0.4,0.07017189430281476,0.07017189430281476,1.0,0.3600446565577244,0.24246084724233308,0.1589966240652592,0.23849787213468343,0.10510425187981148,0.10510425187981148,0.0,0.2800223282788622,0.32123042362116655,0.0794983120326296,0.3192489360673417,0.0,0.0,1.0,0.3421626735798376,0.31263274154514786,0.12246221861146571,0.22274236626354896
169,0.26462489219130325,0.0,0.1547954151249854,76,11,0.0,0,0,160,0.3421626735798376,0.2,0.31263274154514786,0.4,0.12246221861146571,0.0,0.22274236626354896,0.4,0.26462489219130325,0.26462489219130325,0.0,0.2,0.4,0.0,0.4,0.07017189430281476,0.07017189430281476,1.0,0.3600446565577244,0.24246084724233308,0.1589966240652592,0.23849787213468343,0.10510425187981148,0.10510425187981148,0.0,0.2800223282788622,0.32123042362116655,0.0794983120326296,0.3192489360673417,0.0,0.0,1.0,0.3421626735798376,0.31263274154514786,0.12246221861146571,0.22274236626354896
170,0.26462489219130325,0.0,0.1547954151249854,73,11,0.0,0,1,170,0.3421626735798376,0.2,0.31263274154514786,0.4,0.12246221861146571,0.0,0.22274236626354896,0.4,0.26462489219130325,0.26462489219130325,0.0,0.2,0.4,0.0,0.4,0.17391179251670147,0.17391179251670147,0.0,0.21153903279982922,0.4014157977873812,0.07917406687477256,0.3078711025380171,0.2192683423540024,0.2192683423540024,0.0,0.20576951639991461,0.40070789889369063,0.03958703343738628,0.35393555126900855,0.0,0.0,1.0,0.3421626735798376,0.31263274154514786,0.12246221861146571,0.22274236626354896
171,0.26462489219130325,0.0,0.1547954151249854,63,11,0.0,0,0,170,0.3421626735798376,0.2,0.31263274154514786,0.4,0.12246221861146571,0.0,0.22274236626354896,0.4,0.26462489219130325,0.26462489219130325,0.0,0.2,0.4,0.0,0.4,0.17391179251670147,0.17391179251670147,0.0,0.21153903279982922,0.4014157977873812,0.07917406687477256,0.3078711025380171,0.2192683423540024,0.2192683423540024,0.0,0.20576951639991461,0.40070789889369063,0.03958703343738628,0.35393555126900855,0.0,0.0,1.0,0.3421626735798376,0.31263274154514786,0.12246221861146571,0.22274236626354896
172,0.26462489219130325,0.0,0.1547954151249854,72,11,0.0,0,0,170,0.3421626735798376,0.2,0.31263274154514786,0.4,0.12246221861146571,0.0,0.22274236626354896,0.4,0.26462489219130325,0.26462489219130325,0.0,0.2,0.4,0.0,0.4,0.17391179251670147,0.17391179251670147,0.0,0.21153903279982922,0.4014157977873812,0.07917406687477256,0.3078711025380171,0.2192683423540024,0.2192683423540024,0.0,0.20576951639991461,0.40070789889369063,0.03958703343738628,0.35393555126900855,0.0,0.0,1.0,0.3421626735798376,0.31263274154514786,0.12246221861146571,0.22274236626354896
173,0.26462489219130325,0.0,0.1547954151249854,61,11,0.0,0,0,170,0.3421626735798376,0.2,0.31263274154514786,0.4,0.12246221861146571,0.0,0.22274236626354896,0.4,0.26462489219130325,0.26462489219130325,0.0,0.2,0.4,0.0,0.4,0.17391179251670147,0.17391179251670147,0.0,0.21153903279982922,0.4014157977873812,0.07917406687477256,0.3078711025380171,0.2192683423540024,0.2192683423540024,0.0,0.20576951639991461,0.40070789889369063,0.03958703343738628,0.35393555126900855,0.0,0.0,1.0,0.3421626735798376,0.31263274154514786,0.12246221861146571,0.22274236626354896
174,0.26462489219130325,0.0,0.1547954151249854,81,11,0.0,0,0,170,0.3421626735798376,0.2,0.31263274154514786,0.4,0.12246221861146571,0.0,0.22274236626354896,0.4,0.26462489219130325,0.26462489219130325,0.0,0.2,0.4,0.0,0.4,0.17391179251670147,0.17391179251670147,0.0,0.21153903279982922,0.4014157977873812,0.07917406687477256,0.3078711025380171,0.2192683423540024,0.2192683423540024,0.0,0.20576951639991461,0.40070789889369063,0.03958703343738628,0.35393555126900855,0.0,0.0,1.0,0.3421626735798376,0.31263274154514786,0.12246221861146571,0.22274236626354896
175,0.26462489219130325,0.0,0.1547954151249854,66,11,0.0,0,0,170,0.3421626735798376,0.2,0.31263274154514786,0.4,0.12246221861146571,0.0,0.22274236626354896,0.4,0.26462489219130325,0.26462489219130325,0.0,0.2,0.4,0.0,0.4,0.17391179251670147,0.17391179251670147,0.0,0.21153903279982922,0.4014157977873812,0.07917406687477256,0.3078711025380171,0.2192683423540024,0.2192683423540024,0.0,0.20576951639991461,0.40070789889369063,0.03958703343738628,0.35393555126900855,0.0,0.0,1.0,0.3421626735798376,0.31263274154514786,0.12246221861146571,0.22274236626354896
176,0.26462489219130325,0.0,0.1547954151249854,76,11,0.0,0,0,170,0.3421626735798376,0.2,0.31263274154514786,0.4,0.12246221861146571,0.0,0.22274236626354896,0.4,0.26462489219130325,0.26462489219130325,0.0,0.2,0.4,0.0,0.4,0.17391179251670147,0.17391179251670147,0.0,0.21153903279982922,0.4014157977873812,0.07917406687477256,0.3078711025380171,0.2192683423540024,0.2192683423540024,0.0,0.20576951639991461,0.40070789889369063,0.03958703343738628,0.35393555126900855,0.0,0.0,1.0,0.3421626735798376,0.31263274154514786,0.12246221861146571,0.22274236626354896
177,0.26462489219130325,0.0,0.1547954151249854,77,11,0.0,0,0,170,0.3421626735798376,0.2,0.31263274154514786,0.4,0.12246221861146571,0.0,0.22274236626354896,0.4,0.26462489219130325,0.26462489219130325,0.0,0.2,0.4,0.0,0.4,0.17391179251670147,0.17391179251670147,0.0,0.21153903279982922,0.4014157977873812,0.07917406687477256,0.3078711025380171,0.2192683423540024,0.2192683423540024,0.0,0.20576951639991461,0.40070789889369063,0.03958703343738628,0.35393555126900855,0.0,0.0,1.0,0.3421626735798376,0.31263274154514786,0.12246221861146571,0.22274236626354896
178,0.26462489219130325,0.0,0.1547954151249854,76,11,0.0,0,0,170,0.3421626735798376,0.2,0.31263274154514786,0.4,0.12246221861146571,0.0,0.22274236626354896,0.4,0.26462489219130325,0.26462489219130325,0.0,0.2,0.4,0.0,0.4,0.17391179251670147,0.17391179251670147,0.0,0.21153903279982922,0.4014157977873812,0.07917406687477256,0.3078711025380171,0.2192683423540024,0.2192683423540024,0.0,0.20576951639991461,0.40070789889369063,0.03958703343738628,0.35393555126900855,0.0,0.0,1.0,0.3421626735798376,0.31263274154514786,0.12246221861146571,0.22274236626354896
179,0.26462489219130325,0.0,0.1547954151249854,94,11,0.0,0,0,170,0.3421626735798376,0.2,0.31263274154514786,0.4,0.12246221861146571,0.0,0.22274236626354896,0.4,0.26462489219130325,0.26462489219130325,0.0,0.2,0.4,0.0,0.4,0.17391179251670147,0.17391179251670147,0.0,0.21153903279982922,0.4014157977873812,0.07917406687477256,0.3078711025380171,0.2192683423540024,0.2192683423540024,0.0,0.20576951639991461,0.40070789889369063,0.03958703343738628,0.35393555126900855,0.0,0.0,1.0,0.3421626735798376,0.31263274154514786,0.12246221861146571,0.22274236626354896
180,0.26462489219130325,0.0,0.1547954151249854,74,11,0.0,0,1,180,0.3421626735798376,0.2,0.31263274154514786,0.4,0.12246221861146571,0.0,0.22274236626354896,0.4,0.26462489219130325,0.26462489219130325,0.0,0.2,0.4,0.0,0.4,0.10699040168628801,0.10699040168628801,1.0,0.3835443734557826,0.22852236540866913,0.09958219306165637,0.28835106807389194,0.12306160893258379,0.12306160893258379,0.0,0.2917721867278913,0.31426118270433456,0.04979109653082819,0.344175534036946,0.0,0.0,1.0,0.3421626735798376,0.31263274154514786,0.12246221861146571,0.22274236626354896
181,0.26462489219130325,0.0,0.1547954151249854,68,11,0.0,0,0,180,0.3421626735798376,0.2,0.31263274154514786,0.4,0.12246221861146571,0.0,0.22274236626354896,0.4,0.26462489219130325,0.26462489219130325,0.0,0.2,0.4,0.0,0.4,0.10699040168628801,0.10699040168628801,1.0,0.3835443734557826,0.22852236540866913,0.09958219306165637,0.28835106807389194,0.12306160893258379,0.12306160893258379,0.0,0.2917721867278913,0.31426118270433456,0.04979109653082819,0.344175534036946,0.0,0.0,1.0,0.3421626735798376,0.31263274154514786,0.12246221861146571,0.22274236626354896
182,0.26462489219130325,0.0,0.1547954151249854,88,11,0.0,0,0,180,0.3421626735798376,0.2,0.31263274154514786,0.4,0.12246221861146571,0.0,0.22274236626354896,0.4,0.26462489219130325,0.26462489219130325,0.0,0.2,0.4,0.0,0.4,0.10699040168628801,0.10699040168628801,1.0,0.3835443734557826,0.22852236540866913,0.09958219306165637,0.28835106807389194,0.12306160893258379,0.12306160893258379,0.0,0.2917721867278913,0.31426118270433456,0.04979109653082819,0.344175534036946,0.0,0.0,1.0,0.3421626735798376,0.31263274154514786,0.12246221861146571,0.22274236626354896
183,0.26462489219130325,0.0,0.1547954151249854,93,11,0.0,0,0,180,0.3421626735798376,0.2,0.31263274154514786,0.4,0.12246221861146571,0.0,0.22274236626354896,0.4,0.26462489219130325,0.26462489219130325,0.0,0.2,0.4,0.0,0.4,0.10699040168628801,0.10699040168628801,1.0,0.3835443734557826,0.22852236540866913,0.09958219306165637,0.28835106807389194,0.12306160893258379,0.12306160893258379,0.0,0.2917721867278913,0.31426118270433456,0.04979109653082819,0.344175534036946,0.0,0.0,1.0,0.3421626735798376,0.31263274154514786,0.12246221861146571,0.22274236626354896
184,0.26462489219130325,0.0,0.1547954151249854,62,11,0.0,0,0,180,0.3421626735798376,0.2,0.31263274154514786,0.4,0.12246221861146571,0.0,0.22274236626354896,0.4,0.26462489219130325,0.26462489219130325,0.0,0.2,0.4,0.0,0.4,0.10699040168628801,0.10699040168628801,1.0,0.3835443734557826,0.22852236540866913,0.09958219306165637,0.28835106807389194,0.12306160893258379,0.12306160893258379,0.0,0.2917721867278913,0.31426118270433456,0.04979109653082819,0.344175534036946,0.0,0.0,1.0,0.3421626735798376,0.31263274154514786,0.12246221861146571,0.22274236626354896
185,0.26462489219130325,0.0,0.1547954151249854,66,11,0.0,0,0,180,0.3421626735798376,0.2,0.31263274154514786,0.4,0.12246221861146571,0.0,0.22274236626354896,0.4,0.26462489219130325,0.26462489219130325,0.0,0.2,0.4,0.0,0.4,0.10699040168628801,0.10699040168628801,1.0,0.3835443734557826,0.22852236540866913,0.09958219306165637,0.28835106807389194,0.12306160893258379,0.12306160893258379,0.0,0.2917721867278913,0.31426118270433456,0.04979109653082819,0.344175534036946,0.0,0.0,1.0,0.3421626735798376,0.31263274154514786,0.12246221861146571,0.22274236626354896
186,0.26462489219130325,0.0,0.1547954151249854,80,11,0.0,0,0,180,0.3421626735798376,0.2,0.31263274154514786,0.4,0.12246221861146571,0.0,0.22274236626354896,0.4,0.26462489219130325,0.26462489219130325,0.0,0.2,0.4,0.0,0.4,0.10699040168628801,0.10699040168628801,1.0,0.3835443734557826,0.22852236540866913,0.09958219306165637,0.28835106807389194,0.12306160893258379,0.12306160893258379,0.0,0.2917721867278913,0.31426118270433456,0.04979109653082819,0.344175534036946,0.0,0.0,1.0,0.3421626735798376,0.31263274154514786,0.12246221861146571,0.22274236626354896
187,0.26462489219130325,0.0,0.1547954151249854,77,11,0.0,0,0,180,0.3421626735798376,0.2,0.31263274154514786,0.4,0.12246221861146571,0.0,0.22274236626354896,0.4,0.26462489219130325,0.26462489219130325,0.0,0.2,0.4,0.0,0.4,0.10699040168628801,0.10699040168628801,1.0,0.3835443734557826,0.22852236540866913,0.09958219306165637,0.28835106807389194,0.12306160893258379,0.12306160893258379,0.0,0.2917721867278913,0.31426118270433456,0.04979109653082819,0.344175534036946,0.0,0.0,1.0,0.3421626735798376,0.31263274154514786,0.12246221861146571,0.22274236626354896
188,0.26462489219130325,0.0,0.1547954151249854,69,11,0.0,0,0,180,0.3421626735798376,0.2,0.31263274154514786,0.4,0.12246221861146571,0.0,0.22274236626354896,0.4,0.26462489219130325,0.26462489219130325,0.0,0.2,0.4,0.0,0.4,0.10699040168628801,0.10699040168628801,1.0,0.3835443734557826,0.22852236540866913,0.09958219306165637,0.28835106807389194,0.12306160893258379,0.12306160893258379,0.0,0.2917721867278913,0.31426118270433456,0.04979109653082819,0.344175534036946,0.0,0.0,1.0,0.3421626735798376,0.31263274154514786,0.12246221861146571,0.22274236626354896
189,0.26462489219130325,0.0,0.1547954151249854,81,11,0.0,0,0,180,0.3421626735798376,0.2,0.31263274154514786,0.4,0.12246221861146571,0.0,0.22274236626354896,0.4,0.26462489219130325,0.26462489219130325,0.0,0.2,0.4,0.0,0.4,0.10699040168628801,0.10699040168628801,1.0,0.3835443734557826,0.22852236540866913,0.09958219306165637,0.28835106807389194,0.12306160893258379,0.12306160893258379,0.0,0.2917721867278913,0.31426118270433456,0.04979109653082819,0.344175534036946,0.0,0.0,1.0,0.3421626735798376,0.31263274154514786,0.12246221861146571,0.22274236626354896
190,0.26462489219130325,0.0,0.1547954151249854,77,11,0.0,0,1,190,0.3421626735798376,0.2,0.31263274154514786,0.4,0.12246221861146571,0.0,0.22274236626354896,0.4,0.26462489219130325,0.26462489219130325,0.0,0.2,0.4,0.0,0.4,0.05338955603942546,0.05338955603942546,0.0,0.336576306655213,0.3372970713900971,0.15118744480594187,0.17493917714874807,0.12074301646072584,0.12074301646072584,0.0,0.26828815332760647,0.3686485356950486,0.07559372240297094,0.28746958857437405,0.0,0.0,1.0,0.3421626735798376,0.31263274154514786,0.12246221861146571,0.22274236626354896
191,0.26462489219130325,0.0,0.1547954151249854,71,10,0.0,0,0,190,0.3421626735798376,0.2,0.31263274154514786,0.4,0.12246221861146571,0.0,0.22274236626354896,0.4,0.26462489219130325,0.26462489219130325,0.0,0.2,0.4,0.0,0.4,0.05338955603942546,0.05338955603942546,0.0,0.336576306655213,0.3372970713900971,0.15118744480594187,0.17493917714874807,0.12074301646072584,0.12074301646072584,0.0,0.26828815332760647,0.3686485356950486,0.07559372240297094,0.28746958857437405,0.0,0.0,1.0,0.3421626735798376,0.31263274154514786,0.12246221861146571,0.22274236626354896
192,0.26462489219130325,0.0,0.1547954151249854,65,10,0.0,0,0,190,0.3421626735798376,0.2,0.31263274154514786,0.4,0.12246221861146571,0.0,0.22274236626354896,0.4,0.26462489219130325,0.26462489219130325,0.0,0.2,0.4,0.0,0.4,0.05338955603942546,0.05338955603942546,0.0,0.336576306655213,0.3372970713900971,0.15118744480594187,0.17493917714874807,0.12074301646072584,0.12074301646072584,0.0,0.26828815332760647,0.3686485356950486,0.07559372240297094,0.28746958857437405,0.0,0.0,1.0,0.3421626735798376,0.31263274154514786,0.12246221861146571,0.22274236626354896
193,0.26462489219130325,0.0,0.1547954151249854,71,10,0.0,0,0,190,0.3421626735798376,0.2,0.31263274154514786,0.4,0.12246221861146571,0.0,0.22274236626354896,0.4,0.26462489219130325,0.26462489219130325,0.0,0.2,0.4,0.0,0.4,0.05338955603942546,0.05338955603942546,0.0,0.336576306655213,0.3372970713900971,0.15118744480594187,0.17493917714874807,0.12074301646072584,0.12074301646072584,0.0,0.26828815332760647,0.3686485356950486,0.07559372240297094,0.28746958857437405,0.0,0.0,1.0,0.3421626735798376,0.31263274154514786,0.12246221861146571,0.22274236626354896
194,0.26462489219130325,0.0,0.1547954151249854,90,10,0.0,0,0,190,0.3421626735798376,0.2,0.31263274154514786,0.4,0.12246221861146571,0.0,0.22274236626354896,0.4,0.26462489219130325,0.26462489219130325,0.0,0.2,0.4,0.0,0.4,0.05338955603942546,0.05338955603942546,0.0,0.336576306655213,0.3372970713900971,0.15118744480594187,0.17493917714874807,0.12074301646072584,0.12074301646072584,0.0,0.26828815332760647,0.3686485356950486,0.07559372240297094,0.28746958857437405,0.0,0.0,1.0,0.3421626735798376,0.31263274154514786,0.12246221861146571,0.22274236626354896
195,0.26462489219130325,0.0,0.1547954151249854,68,10,0.0,0,0,190,0.3421626735798376,0.2,0.31263274154514786,0.4,0.12246221861146571,0.0,0.22274236626354896,0.4,0.26462489219130325,0.26462489219130325,0.0,0.2,0.4,0.0,0.4,0.05338955603942546,0.05338955603942546,0.0,0.336576306655213,0.3372970713900971,0.15118744480594187,0.17493917714874807,0.12074301646072584,0.12074301646072584,0.0,0.26828815332760647,0.3686485356950486,0.07559372240297094,0.28746958857437405,0.0,0.0,1.0,0.3421626735798376,0.31263274154514786,0.12246221861146571,0.22274236626354896
196,0.26462489219130325,0.0,0.1547954151249854,69,10,0.0,0,0,190,0.3421626735798376,0.2,0.31263274154514786,0.4,0.12246221861146571,0.0,0.22274236626354896,0.4,0.26462489219130325,0.26462489219130325,0.0,0.2,0.4,0.0,0.4,0.05338955603942546,0.05338955603942546,0.0,0.336576306655213,0.3372970713900971,0.15118744480594187,0.17493917714874807,0.12074301646072584,0.12074301646072584,0.0,0.26828815332760647,0.3686485356950486,0.07559372240297094,0.28746958857437405,0.0,0.0,1.0,0.3421626735798376,0.31263274154514786,0.12246221861146571,0.22274236626354896
197,0.26462489219130325,0.0,0.1547954151249854,69,10,0.0,0,0,190,0.3421626735798376,0.2,0.31263274154514786,0.4,0.12246221861146571,0.0,0.22274236626354896,0.4,0.26462489219130325,0.26462489219130325,0.0,0.2,0.4,0.0,0.4,0.05338955603942546,0.05338955603942546,0.0,0.336576306655213,0.3372970713900971,0.15118744480594187,0.17493917714874807,0.12074301646072584,0.12074301646072584,0.0,0.26828815332760647,0.3686485356950486,0.07559372240297094,0.28746958857437405,0.0,0.0,1.0,0.3421626735798376,0.31263274154514786,0.12246221861146571,0.22274236626354896
198,0.26462489219130325,0.0,0.1547954151249854,74,10,0.0,0,0,190,0.3421626735798376,0.2,0.31263274154514786,0.4,0.12246221861146571,0.0,0.22274236626354896,0.4,0.26462489219130325,0.26462489219130325,0.0,0.2,0.4,0.0,0.4,0.05338955603942546,0.05338955603942546,0.0,0.336576306655213,0.3372970713900971,0.15118744480594187,0.17493917714874807,0.12074301646072584,0.12074301646072584,0.0,0.26828815332760647,0.3686485356950486,0.07559372240297094,0.28746958857437405,0.0,0.0,1.0,0.3421626735798376,0.31263274154514786,0.12246221861146571,0.22274236626354896
199,0.26462489219130325,0.0,0.1547954151249854,69,10,0.0,0,0,190,0.3421626735798376,0.2,0.31263274154514786,0.4,0.12246221861146571,0.0,0.22274236626354896,0.4,0.26462489219130325,0.26462489219130325,0.0,0.2,0.4,0.0,0.4,0.05338955603942546,0.05338955603942546,0.0,0.336576306655213,0.3372970713900971,0.15118744480594187,0.17493917714874807,0.12074301646072584,0.12074301646072584,0.0,0.26828815332760647,0.3686485356950486,0.07559372240297094,0.28746958857437405,0.0,0.0,1.0,0.3421626735798376,0.31263274154514786,0.12246221861146571,0.22274236626354896
200,0.3126327415451478,0.0,0.1547954151249854,108,6,0.0,0,1,200,0.3421626735798376,0.5083333333333333,0.31263274154514786,0.0,0.12246221861146571,0.14333333333333334,0.22274236626354896,0.34833333333333333,0.2420415588579699,0.2420415588579699,0.0,0.21541666666666667,0.38,0.007166666666666667,0.39741666666666664,0.12230742263985032,0.12230742263985032,1.0,0.4370072337859036,0.28174387585778754,0.14992508104524996,0.13132380931105891,0.05986706810905981,0.05986706810905981,0.0,0.32621195022628513,0.3308719379288938,0.0785458738559583,0.2643702379888628,0.0,0.0,1.0,0.3421626735798376,0.31263274154514786,0.12246221861146571,0.22274236626354896
201,0.3353751078086967,0.0,0.1547954151249854,107,8,0.0,0,0,200,0.3421626735798376,0.5483333333333333,0.31263274154514786,0.0,0.12246221861146571,0.25166666666666665,0.22274236626354896,0.2,0.2420415588579699,0.2420415588579699,0.0,0.21541666666666667,0.38,0.007166666666666667,0.39741666666666664,0.12230742263985032,0.12230742263985032,1.0,0.4370072337859036,0.28174387585778754,0.14992508104524996,0.13132380931105891,0.05986706810905981,0.05986706810905981,0.0,0.32621195022628513,0.3308719379288938,0.0785458738559583,0.2643702379888628,0.0,0.0,1.0,0.3421626735798376,0.31263274154514786,0.12246221861146571,0.22274236626354896
202,0.3353751078086968,0.0,0.1547954151249854,108,11,0.0,0,0,200,0.3421626735798376,0.4,0.31263274154514786,0.0,0.12246221861146571,0.4,0.22274236626354896,0.2,0.2420415588579699,0.2420415588579699,0.0,0.21541666666666667,0.38,0.007166666666666667,0.39741666666666664,0.12230742263985032,0.12230742263985032,1.0,0.4370072337859036,0.28174387585778754,0.14992508104524996,0.13132380931105891,0.05986706810905981,0.05986706810905981,0.0,0.32621195022628513,0.3308719379288938,0.0785458738559583,0.2643702379888628,0.0,0.0,1.0,0.3421626735798376,0.31263274154514786,0.12246221861146571,0.22274236626354896
203,0.3353751078086968,0.0,0.1547954151249854,128,11,0.0,0,0,200,0.3421626735798376,0.4,0.31263274154514786,0.0,0.12246221861146571,0.4,0.22274236626354896,0.2,0.2420415588579699,0.2420415588579699,0.0,0.21541666666666667,0.38,0.007166666666666667,0.39741666666666664,0.12230742263985032,0.12230742263985032,1.0,0.4370072337859036,0.28174387585778754,0.14992508104524996,0.13132380931105891,0.05986706810905981,0.05986706810905981,0.0,0.32621195022628513,0.3308719379288938,0.0785458738559583,0.2643702379888628,0.0,0.0,1.0,0.3421626735798376,0.31263274154514786,0.12246221861146571,0.22274236626354896
204,0.3353751078086968,0.0,0.1547954151249854,116,11,0.0,0,0,200,0.3421626735798376,0.4,0.31263274154514786,0.0,0.12246221861146571,0.4,0.22274236626354896,0.2,0.2420415588579699,0.2420415588579699,0.0,0.21541666666666667,0.38,0.007166666666666667,0.39741666666666664,0.12230742263985032,0.12230742263985032,1.0,0.4370072337859036,0.28174387585778754,0.14992508104524996,0.13132380931105891,0.05986706810905981,0.05986706810905981,0.0,0.32621195022628513,0.3308719379288938,0.0785458738559583,0.2643702379888628,0.0,0.0,1.0,0.3421626735798376,0.31263274154514786,0.12246221861146571,0.22274236626354896
205,0.3353751078086968,0.0,0.1547954151249854,108,11,0.0,0,0,200,0.3421626735798376,0.4,0.31263274154514786,0.0,0.12246221861146571,0.4,0.22274236626354896,0.2,0.2420415588579699,0.2420415588579699,0.0,0.21541666666666667,0.38,0.007166666666666667,0.39741666666666664,0.12230742263985032,0.12230742263985032,1.0,0.4370072337859036,0.28174387585778754,0.14992508104524996,0.13132380931105891,0.05986706810905981,0.05986706810905981,0.0,0.32621195022628513,0.3308719379288938,0.0785458738559583,0.2643702379888628,0.0,0.0,1.0,0.3421626735798376,0.31263274154514786,0.12246221861146571,0.22274236626354896
206,0.3353751078086968,0.0,0.1547954151249854,131,11,0.0,0,0,200,0.3421626735798376,0.4,0.31263274154514786,0.0,0.12246221861146571,0.4,0.22274236626354896,0.2,0.2420415588579699,0.2420415588579699,0.0,0.21541666666666667,0.38,0.007166666666666667,0.39741666666666664,0.12230742263985032,0.12230742263985032,1.0,0.4370072337859036,0.28174387585778754,0.14992508104524996,0.13132380931105891,0.05986706810905981,0.05986706810905981,0.0,0.32621195022628513,0.3308719379288938,0.0785458738559583,0.2643702379888628,0.0,0.0,1.0,0.3421626735798376,0.31263274154514786,0.12246221861146571,0.22274236626354896
207,0.3353751078086968,0.0,0.1547954151249854,101,11,0.0,0,0,200,0.3421626735798376,0.4,0.31263274154514786,0.0,0.12246221861146571,0.4,0.22274236626354896,0.2,0.2420415588579699,0.2420415588579699,0.0,0.21541666666666667,0.38,0.007166666666666667,0.39741666666666664,0.12230742263985032,0.12230742263985032,1.0,0.4370072337859036,0.28174387585778754,0.14992508104524996,0.13132380931105891,0.05986706810905981,0.05986706810905981,0.0,0.32621195022628513,0.3308719379288938,0.0785458738559583,0.2643702379888628,0.0,0.0,1.0,0.3421626735798376,0.31263274154514786,0.12246221861146571,0.22274236626354896
208,0.3353751078086968,0.0,0.1547954151249854,109,11,0.0,0,0,200,0.3421626735798376,0.4,0.31263274154514786,0.0,0.12246221861146571,0.4,0.22274236626354896,0.2,0.2420415588579699,0.2420415588579699,0.0,0.21541666666666667,0.38,0.007166666666666667,0.39741666666666664,0.12230742263985032,0.12230742263985032,1.0,0.4370072337859036,0.28174387585778754,0.14992508104524996,0.13132380931105891,0.05986706810905981,0.05986706810905981,0.0,0.32621195022628513,0.3308719379288938,0.0785458738559583,0.2643702379888628,0.0,0.0,1.0,0.3421626735798376,0.31263274154514786,0.12246221861146571,0.22274236626354896
209,0.3353751078086968,0.0,0.1547954151249854,104,11,0.0,0,0,200,0.3421626735798376,0.4,0.31263274154514786,0.0,0.12246221861146571,0.4,0.22274236626354896,0.2,0.2420415588579699,0.2420415588579699,0.0,0.21541666666666667,0.38,0.007166666666666667,0.39741666666666664,0.12230742263985032,0.12230742263985032,1.0,0.4370072337859036,0.28174387585778754,0.14992508104524996,0.13132380931105891,0.05986706810905981,0.05986706810905981,0.0,0.32621195022628513,0.3308719379288938,0.0785458738559583,0.2643702379888628,0.0,0.0,1.0,0.3421626735798376,0.31263274154514786,0.12246221861146571,0.22274236626354896
210,0.3353751078086968,0.0,0.1547954151249854,130,11,0.0,0,1,210,0.3421626735798376,0.4,0.31263274154514786,0.0,0.12246221861146571,0.4,0.22274236626354896,0.2,0.15196208179165205,0.15196208179165205,1.0,0.32283333333333336,0.18,0.19975,0.29741666666666666,0.07641999674224692,0.07641999674224692,0.0,0.36526898926889667,0.3659464225983357,0.07769209266195724,0.1910924954708105,0.03965953024597999,0.03965953024597999,1.0,0.344051161301115,0.27297321129916785,0.13872104633097862,0.2442545810687386,0.0,0.0,1.0,0.3421626735798376,0.31263274154514786,0.12246221861146571,0.22274236626354896
211,0.3353751078086968,0.0,0.1547954151249854,130,11,0.0,0,0,210,0.3421626735798376,0.4,0.31263274154514786,0.0,0.12246221861146571,0.4,0.22274236626354896,0.2,0.15196208179165205,0.15196208179165205,1.0,0.32283333333333336,0.18,0.19975,0.29741666666666666,0.07641999674224692,0.07641999674224692,0.0,0.36526898926889667,0.3659464225983357,0.07769209266195724,0.1910924954708105,0.03965953024597999,0.03965953024597999,1.0,0.344051161301115,0.27297321129916785,0.13872104633097862,0.2442545810687386,0.0,0.0,1.0,0.3421626735798376,0.31263274154514786,0.12246221861146571,0.22274236626354896
212,0.3353751078086968,0.0,0.1547954151249854,105,11,0.0,0,0,210,0.3421626735798376,0.4,0.31263274154514786,0.0,0.12246221861146571,0.4,0.22274236626354896,0.2,0.15196208179165205,0.15196208179165205,1.0,0.32283333333333336,0.18,0.19975,0.29741666666666666,0.07641999674224692,0.07641999674224692,0.0,0.36526898926889667,0.3659464225983357,0.07769209266195724,0.1910924954708105,0.03965953024597999,0.03965953024597999,1.0,0.344051161301115,0.27297321129916785,0.13872104633097862,0.2442545810687386,0.0,0.0,1.0,0.3421626735798376,0.31263274154514786,0.12246221861146571,0.22274236626354896
213,0.3353751078086968,0.0,0.1547954151249854,103,11,0.0,0,0,210,0.3421626735798376,0.4,0.31263274154514786,0.0,0.12246221861146571,0.4,0.22274236626354896,0.2,0.15196208179165205,0.15196208179165205,1.0,0.32283333333333336,0.18,0.19975,0.29741666666666666,0.07641999674224692,0.07641999674224692,0.0,0.36526898926889667,0.3659464225983357,0.07769209266195724,0.1910924954708105,0.03965953024597999,0.03965953024597999,1.0,0.344051161301115,0.27297321129916785,0.13872104633097862,0.2442545810687386,0.0,0.0,1.0,0.3421626735798376,0.31263274154514786,0.12246221861146571,0.22274236626354896
214,0.3353751078086968,0.0,0.1547954151249854,122,11,0.0,0,0,210,0.3421626735798376,0.4,0.31263274154514786,0.0,0.12246221861146571,0.4,0.22274236626354896,0.2,0.15196208179165205,0.15196208179165205,1.0,0.32283333333333336,0.18,0.19975,0.29741666666666666,0.07641999674224692,0.07641999674224692,0.0,0.36526898926889667,0.3659464225983357,0.07769209266195724,0.1910924954708105,0.03965953024597999,0.03965953024597999,1.0,0.344051161301115,0.27297321129916785,0.13872104633097862,0.2442545810687386,0.0,0.0,1.0,0.3421626735798376,0.31263274154514786,0.12246221861146571,0.22274236626354896
215,0.3353751078086968,0.0,0.1547954151249854,117,11,0.0,0,0,210,0.3421626735798376,0.4,0.31263274154514786,0.0,0.12246221861146571,0.4,0.22274236626354896,0.2,0.15196208179165205,0.15196208179165205,1.0,0.32283333333333336,0.18,0.19975,0.29741666666666666,0.07641999674224692,0.07641999674224692,0.0,0.36526898926889667,0.3659464225983357,0.07769209266195724,0.1910924954708105,0.03965953024597999,0.03965953024597999,1.0,0.344051161301115,0.27297321129916785,0.13872104633097862,0.2442545810687386,0.0,0.0,1.0,0.3421626735798376,0.31263274154514786,0.12246221861146571,0.22274236626354896
216,0.3353751078086968,0.0,0.1547954151249854,140,11,0.0,0,0,210,0.3421626735798376,0.4,0.31263274154514786,0.0,0.12246221861146571,0.4,0.22274236626354896,0.2,0.15196208179165205,0.15196208179165205,1.0,0.32283333333333336,0.18,0.19975,0.29741666666666666,0.07641999674224692,0.07641999674224692,0.0,0.36526898926889667,0.3659464225983357,0.07769209266195724,0.1910924954708105,0.03965953024597999,0.03965953024597999,1.0,0.344051161301115,0.27297321129916785,0.13872104633097862,0.2442545810687386,0.0,0.0,1.0,0.3421626735798376,0.31263274154514786,0.12246221861146571,0.22274236626354896
217,0.3353751078086968,0.0,0.1547954151249854,111,11,0.0,0,0,210,0.3421626735798376,0.4,0.31263274154514786,0.0,0.12246221861146571,0.4,0.22274236626354896,0.2,0.15196208179165205,0.15196208179165205,1.0,0.32283333333333336,0.18,0.19975,0.29741666666666666,0.07641999674224692,0.07641999674224692,0.0,0.36526898926889667,0.3659464225983357,0.07769209266195724,0.1910924954708105,0.03965953024597999,0.03965953024597999,1.0,0.344051161301115,0.27297321129916785,0.13872104633097862,0.2442545810687386,0.0,0.0,1.0,0.3421626735798376,0.31263274154514786,0.12246221861146571,0.22274236626354896
218,0.3353751078086968,0.0,0.1547954151249854,93,11,0.0,0,0,210,0.3421626735798376,0.4,0.31263274154514786,0.0,0.12246221861146571,0.4,0.22274236626354896,0.2,0.15196208179165205,0.15196208179165205,1.0,0.32283333333333336,0.18,0.19975,0.29741666666666666,0.07641999674224692,0.07641999674224692,0.0,0.36526898926889667,0.3659464225983357,0.07769209266195724,0.1910924954708105,0.03965953024597999,0.03965953024597999,1.0,0.344051161301115,0.27297321129916785,0.13872104633097862,0.2442545810687386,0.0,0.0,1.0,0.3421626735798376,0.31263274154514786,0.12246221861146571,0.22274236626354896
219,0.3353751078086968,0.0,0.1547954151249854,144,11,0.0,0,0,210,0.3421626735798376,0.4,0.31263274154514786,0.0,0.12246221861146571,0.4,0.22274236626354896,0.2,0.15196208179165205,0.15196208179165205,1.0,0.32283333333333336,0.18,0.19975,0.29741666666666666,0.07641999674224692,0.07641999674224692,0.0,0.36526898926889667,0.3659464225983357,0.07769209266195724,0.1910924954708105,0.03965953024597999,0.03965953024597999,1.0,0.344051161301115,0.27297321129916785,0.13872104633097862,0.2442545810687386,0.0,0.0,1.0,0.3421626735798376,0.31263274154514786,0.12246221861146571,0.22274236626354896
220,0.3353751078086968,0.0,0.1547954151249854,111,11,0.0,0,1,220,0.3421626735798376,0.4,0.31263274154514786,0.0,0.12246221861146571,0.4,0.22274236626354896,0.2,0.3353751078086968,0.3353751078086968,1.0,0.40741666666666665,0.0,0.39258333333333334,0.2,0.08630500394655491,0.08630500394655491,0.0,0.2688250783541735,0.29966533282425695,0.14009759701357816,0.2914119918079913,0.16684187620243685,0.16684187620243685,1.0,0.3381208725104201,0.14983266641212847,0.2663404651734558,0.24570599590399567,0.0,0.0,1.0,0.3421626735798376,0.31263274154514786,0.12246221861146571,0.22274236626354896
221,0.3353751078086968,0.0,0.1547954151249854,131,11,0.0,0,0,220,0.3421626735798376,0.4,0.31263274154514786,0.0,0.12246221861146571,0.4,0.22274236626354896,0.2,0.3353751078086968,0.3353751078086968,1.0,0.40741666666666665,0.0,0.39258333333333334,0.2,0.08630500394655491,0.08630500394655491,0.0,0.2688250783541735,0.29966533282425695,0.14009759701357816,0.2914119918079913,0.16684187620243685,0.16684187620243685,1.0,0.3381208725104201,0.14983266641212847,0.2663404651734558,0.24570599590399567,0.0,0.0,1.0,0.3421626735798376,0.31263274154514786,0.12246221861146571,0.22274236626354896
222,0.3353751078086968,0.0,0.1547954151249854,116,11,0.0,0,0,220,0.3421626735798376,0.4,0.31263274154514786,0.0,0.12246221861146571,0.4,0.22274236626354896,0.2,0.3353751078086968,0.3353751078086968,1.0,0.40741666666666665,0.0,0.39258333333333334,0.2,0.08630500394655491,0.08630500394655491,0.0,0.2688250783541735,0.29966533282425695,0.14009759701357816,0.2914119918079913,0.16684187620243685,0.16684187620243685,1.0,0.3381208725104201,0.14983266641212847,0.2663404651734558,0.24570599590399567,0.0,0.0,1.0,0.3421626735798376,0.31263274154514786,0.12246221861146571,0.22274236626354896
223,0.3353751078086968,0.0,0.1547954151249854,99,11,0.0,0,0,220,0.3421626735798376,0.4,0.31263274154514786,0.0,0.12246221861146571,0.4,0.22274236626354896,0.2,0.3353751078086968,0.3353751078086968,1.0,0.40741666666666665,0.0,0.39258333333333334,0.2,0.08630500394655491,0.08630500394655491,0.0,0.2688250783541735,0.29966533282425695,0.14009759701357816,0.2914119918079913,0.16684187620243685,0.16684187620243685,1.0,0.3381208725104201,0.14983266641212847,0.2663404651734558,0.24570599590399567,0.0,0.0,1.0,0.3421626735798376,0.31263274154514786,0.12246221861146571,0.22274236626354896
224,0.3353751078086968,0.0,0.1547954151249854,112,11,0.0,0,0,220,0.3421626735798376,0.4,0.31263274154514786,0.0,0.12246221861146571,0.4,0.22274236626354896,0.2,0.3353751078086968,0.3353751078086968,1.0,0.40741666666666665,0.0,0.39258333333333334,0.2,0.08630500394655491,0.08630500394655491,0.0,0.2688250783541735,0.29966533282425695,0.14009759701357816,0.2914119918079913,0.16684187620243685,0.16684187620243685,1.0,0.3381208725104201,0.14983266641212847,0.2663404651734558,0.24570599590399567,0.0,0.0,1.0,0.3421626735798376,0.31263274154514786,0.12246221861146571,0.22274236626354896
225,0.3353751078086968,0.0,0.1547954151249854,120,11,0.0,0,0,220,0.3421626735798376,0.4,0.31263274154514786,0.0,0.12246221861146571,0.4,0.22274236626354896,0.2,0.3353751078086968,0.3353751078086968,1.0,0.40741666666666665,0.0,0.39258333333333334,0.2,0.08630500394655491,0.08630500394655491,0.0,0.2688250783541735,0.29966533282425695,0.14009759701357816,0.2914119918079913,0.16684187620243685,0.16684187620243685,1.0,0.3381208725104201,0.14983266641212847,0.2663404651734558,0.24570599590399567,0.0,0.0,1.0,0.3421626735798376,0.31263274154514786,0.12246221861146571,0.22274236626354896
226,0.3353751078086968,0.0,0.1547954151249854,104,11,0.0,0,0,220,0.3421626735798376,0.4,0.31263274154514786,0.0,0.12246221861146571,0.4,0.22274236626354896,0.2,0.3353751078086968,0.3353751078086968,1.0,0.40741666666666665,0.0,0.39258333333333334,0.2,0.08630500394655491,0.08630500394655491,0.0,0.2688250783541735,0.29966533282425695,0.14009759701357816,0.2914119918079913,0.16684187620243685,0.16684187620243685,1.0,0.3381208725104201,0.14983266641212847,0.2663404651734558,0.24570599590399567,0.0,0.0,1.0,0.3421626735798376,0.31263274154514786,0.12246221861146571,0.22274236626354896
227,0.3353751078086968,0.0,0.1547954151249854,104,11,0.0,0,0,220,0.3421626735798376,0.4,0.31263274154514786,0.0,0.12246221861146571,0.4,0.22274236626354896,0.2,0.3353751078086968,0.3353751078086968,1.0,0.40741666666666665,0.0,0.39258333333333334,0.2,0.08630500394655491,0.08630500394655491,0.0,0.2688250783541735,0.29966533282425695,0.14009759701357816,0.2914119918079913,0.16684187620243685,0.16684187620243685,1.0,0.3381208725104201,0.14983266641212847,0.2663404651734558,0.24570599590399567,0.0,0.0,1.0,0.3421626735798376,0.31263274154514786,0.12246221861146571,0.22274236626354896
228,0.3353751078086968,0.0,0.1547954151249854,120,11,0.0,0,0,220,0.3421626735798376,0.4,0.31263274154514786,0.0,0.12246221861146571,0.4,0.22274236626354896,0.2,0.3353751078086968,0.3353751078086968,1.0,0.40741666666666665,0.0,0.39258333333333334,0.2,0.08630500394655491,0.08630500394655491,0.0,0.2688250783541735,0.29966533282425695,0.14009759701357816,0.2914119918079913,0.16684187620243685,0.16684187620243685,1.0,0.3381208725104201,0.14983266641212847,0.2663404651734558,0.24570599590399567,0.0,0.0,1.0,0.3421626735798376,0.31263274154514786,0.12246221861146571,0.22274236626354896
229,0.3353751078086968,0.0,0.1547954151249854,100,11,0.0,0,0,220,0.3421626735798376,0.4,0.31263274154514786,0.0,0.12246221861146571,0.4,0.22274236626354896,0.2,0.3353751078086968,0.3353751078086968,1.0,0.40741666666666665,0.0,0.39258333333333334,0.2,0.08630500394655491,0.08630500394655491,0.0,0.2688250783541735,0.29966533282425695,0.14009759701357816,0.2914119918079913,0.16684187620243685,0.16684187620243685,1.0,0.3381208725104201,0.14983266641212847,0.2663404651734558,0.24570599590399567,0.0,0.0,1.0,0.3421626735798376,0.31263274154514786,0.12246221861146571,0.22274236626354896
230,0.3353751078086968,0.0,0.1547954151249854,102,11,0.0,0,1,230,0.3421626735798376,0.4,0.31263274154514786,0.0,0.12246221861146571,0.4,0.22274236626354896,0.2,0.3353751078086968,0.3353751078086968,0.5,0.4,0.0,0.4,0.2,0.05028597940298787,0.05028597940298787,1.0,0.3654000117118641,0.2623467621421599,0.14348810994283606,0.22876511620313988,0.18981916863604686,0.18981916863604686,1.0,0.38270000585593206,0.13117338107107995,0.27174405497141807,0.21438255810156995,0.0,0.0,1.0,0.3421626735798376,0.31263274154514786,0.12246221861146571,0.22274236626354896
231,0.3353751078086968,0.0,0.1547954151249854,101,11,0.0,0,0,230,0.3421626735798376,0.4,0.31263274154514786,0.0,0.12246221861146571,0.4,0.22274236626354896,0.2,0.3353751078086968,0.3353751078086968,0.5,0.4,0.0,0.4,0.2,0.05028597940298787,0.05028597940298787,1.0,0.3654000117118641,0.2623467621421599,0.14348810994283606,0.22876511620313988,0.18981916863604686,0.18981916863604686,1.0,0.38270000585593206,0.13117338107107995,0.27174405497141807,0.21438255810156995,0.0,0.0,1.0,0.3421626735798376,0.31263274154514786,0.12246221861146571,0.22274236626354896
232,0.3353751078086968,0.0,0.1547954151249854,114,11,0.0,0,0,230,0.3421626735798376,0.4,0.31263274154514786,0.0,0.12246221861146571,0.4,0.22274236626354896,0.2,0.3353751078086968,0.3353751078086968,0.5,0.4,0.0,0.4,0.2,0.05028597940298787,0.05028597940298787,1.0,0.3654000117118641,0.2623467621421599,0.14348810994283606,0.22876511620313988,0.18981916863604686,0.18981916863604686,1.0,0.38270000585593206,0.13117338107107995,0.27174405497141807,0.21438255810156995,0.0,0.0,1.0,0.3421626735798376,0.31263274154514786,0.12246221861146571,0.22274236626354896
233,0.3353751078086968,0.0,0.1547954151249854,126,11,0.0,0,0,230,0.3421626735798376,0.4,0.31263274154514786,0.0,0.12246221861146571,0.4,0.22274236626354896,0.2,0.3353751078086968,0.3353751078086968,0.5,0.4,0.0,0.4,0.2,0.05028597940298787,0.05028597940298787,1.0,0.3654000117118641,0.2623467621421599,0.14348810994283606,0.22876511620313988,0.18981916863604686,0.18981916863604686,1.0,0.38270000585593206,0.13117338107107995,0.27174405497141807,0.21438255810156995,0.0,0.0,1.0,0.3421626735798376,0.31263274154514786,0.12246221861146571,0.22274236626354896
234,0.3353751078086968,0.0,0.1547954151249854,151,11,0.0,0,0,230,0.3421626735798376,0.4,0.31263274154514786,0.0,0.12246221861146571,0.4,0.22274236626354896,0.2,0.3353751078086968,0.3353751078086968,0.5,0.4,0.0,0.4,0.2,0.05028597940298787,0.05028597940298787,1.0,0.3654000117118641,0.2623467621421599,0.14348810994283606,0.22876511620313988,0.18981916863604686,0.18981916863604686,1.0,0.38270000585593206,0.13117338107107995,0.27174405497141807,0.21438255810156995,0.0,0.0,1.0,0.3421626735798376,0.31263274154514786,0.12246221861146571,0.22274236626354896
235,0.3353751078086968,0.0,0.1547954151249854,110,11,0.0,0,0,230,0.3421626735798376,0.4,0.31263274154514786,0.0,0.12246221861146571,0.4,0.22274236626354896,0.2,0.3353751078086968,0.3353751078086968,0.5,0.4,0.0,0.4,0.2,0.05028597940298787,0.05028597940298787,1.0,0.3654000117118641,0.2623467621421599,0.14348810994283606,0.22876511620313988,0.18981916863604686,0.18981916863604686,1.0,0.38270000585593206,0.13117338107107995,0.27174405497141807,0.21438255810156995,0.0,0.0,1.0,0.3421626735798376,0.31263274154514786,0.12246221861146571,0.22274236626354896
236,0.3353751078086968,0.0,0.1547954151249854,110,11,0.0,0,0,230,0.3421626735798376,0.4,0.31263274154514786,0.0,0.12246221861146571,0.4,0.22274236626354896,0.2,0.3353751078086968,0.3353751078086968,0.5,0.4,0.0,0.4,0.2,0.05028597940298787,0.05028597940298787,1.0,0.3654000117118641,0.2623467621421599,0.14348810994283606,0.22876511620313988,0.18981916863604686,0.18981916863604686,1.0,0.38270000585593206,0.13117338107107995,0.27174405497141807,0.21438255810156995,0.0,0.0,1.0,0.3421626735798376,0.31263274154514786,0.12246221861146571,0.22274236626354896
237,0.3353751078086968,0.0,0.1547954151249854,118,11,0.0,0,0,230,0.3421626735798376,0.4,0.31263274154514786,0.0,0.12246221861146571,0.4,0.22274236626354896,0.2,0.3353751078086968,0.3353751078086968,0.5,0.4,0.0,0.4,0.2,0.05028597940298787,0.05028597940298787,1.0,0.3654000117118641,0.2623467621421599,0.14348810994283606,0.22876511620313988,0.18981916863604686,0.18981916863604686,1.0,0.38270000585593206,0.13117338107107995,0.27174405497141807,0.21438255810156995,0.0,0.0,1.0,0.3421626735798376,0.31263274154514786,0.12246221861146571,0.22274236626354896
238,0.3353751078086968,0.0,0.1547954151249854,94,11,0.0,0,0,230,0.3421626735798376,0.4,0.31263274154514786,0.0,0.12246221861146571,0.4,0.22274236626354896,0.2,0.3353751078086968,0.3353751078086968,0.5,0.4,0.0,0.4,0.2,0.05028597940298787,0.05028597940298787,1.0,0.3654000117118641,0.2623467621421599,0.14348810994283606,0.22876511620313988,0.18981916863604686,0.18981916863604686,1.0,0.38270000585593206,0.13117338107107995,0.27174405497141807,0.21438255810156995,0.0,0.0,1.0,0.3421626735798376,0.31263274154514786,0.12246221861146571,0.22274236626354896
239,0.3353751078086968,0.0,0.1547954151249854,116,11,0.0,0,0,230,0.3421626735798376,0.4,0.31263274154514786,0.0,0.12246221861146571,0.4,0.22274236626354896,0.2,0.3353751078086968,0.3353751078086968,0.5,0.4,0.0,0.4,0.2,0.05028597940298787,0.05028597940298787,1.0,0.3654000117118641,0.2623467621421599,0.14348810994283606,0.22876511620313988,0.18981916863604686,0.18981916863604686,1.0,0.38270000585593206,0.13117338107107995,0.27174405497141807,0.21438255810156995,0.0,0.0,1.0,0.3421626735798376,0.31263274154514786,0.12246221861146571,0.22274236626354896
