step,attention_error,preference_change,uniform_prior_error,interactions,pool_size,official_exposure_share,official_arrivals,observation_updated,last_observed_at,truth_0,attention_0,truth_1,attention_1,truth_2,attention_2,truth_3,attention_3,error_platform,initial_error_platform,top_accuracy_platform,estimate_platform_0,estimate_platform_1,estimate_platform_2,estimate_platform_3,error_survey,initial_error_survey,top_accuracy_survey,estimate_survey_0,estimate_survey_1,estimate_survey_2,estimate_survey_3,error_fused,initial_error_fused,top_accuracy_fused,estimate_fused_0,estimate_fused_1,estimate_fused_2,estimate_fused_3,error_oracle,initial_error_oracle,top_accuracy_oracle,estimate_oracle_0,estimate_oracle_1,estimate_oracle_2,estimate_oracle_3
0,0.13381734235875356,0.0,0.24447779349884513,82,28,0.0,0,1,0,0.4578493243079131,0.5916666666666667,0.12996010739345504,0.075,0.28662846919093204,0.25,0.1255620991076998,0.08333333333333333,0.13381734235875356,0.13381734235875356,1.0,0.5916666666666667,0.075,0.25,0.08333333333333333,0.09367617887744126,0.09367617887744126,1.0,0.43989026140124987,0.06913019861392194,0.38030464806837333,0.11067489191645487,0.08645299456929978,0.08645299456929978,1.0,0.5157784640339582,0.07206509930696098,0.3151523240341867,0.0970041126248941,0.0,0.0,1.0,0.4578493243079131,0.12996010739345504,0.28662846919093204,0.1255620991076998
1,0.36215067569208687,0.0,0.24447779349884513,114,22,0.0,0,0,0,0.4578493243079131,0.82,0.12996010739345504,0.0,0.28662846919093204,0.18,0.1255620991076998,0.0,0.13381734235875356,0.13381734235875356,1.0,0.5916666666666667,0.075,0.25,0.08333333333333333,0.09367617887744126,0.09367617887744126,1.0,0.43989026140124987,0.06913019861392194,0.38030464806837333,0.11067489191645487,0.08645299456929978,0.08645299456929978,1.0,0.5157784640339582,0.07206509930696098,0.3151523240341867,0.0970041126248941,0.0,0.0,1.0,0.4578493243079131,0.12996010739345504,0.28662846919093204,0.1255620991076998
2,0.37548400902542023,0.0,0.24447779349884513,103,22,0.0,0,0,0,0.4578493243079131,0.8333333333333334,0.12996010739345504,0.0,0.28662846919093204,0.16666666666666666,0.1255620991076998,0.0,0.13381734235875356,0.13381734235875356,1.0,0.5916666666666667,0.075,0.25,0.08333333333333333,0.09367617887744126,0.09367617887744126,1.0,0.43989026140124987,0.06913019861392194,0.38030464806837333,0.11067489191645487,0.08645299456929978,0.08645299456929978,1.0,0.5157784640339582,0.07206509930696098,0.3151523240341867,0.0970041126248941,0.0,0.0,1.0,0.4578493243079131,0.12996010739345504,0.28662846919093204,0.1255620991076998
3,0.35381734235875356,0.0,0.24447779349884513,99,22,0.0,0,0,0,0.4578493243079131,0.8116666666666666,0.12996010739345504,0.0,0.28662846919093204,0.18833333333333332,0.1255620991076998,0.0,0.13381734235875356,0.13381734235875356,1.0,0.5916666666666667,0.075,0.25,0.08333333333333333,0.09367617887744126,0.09367617887744126,1.0,0.43989026140124987,0.06913019861392194,0.38030464806837333,0.11067489191645487,0.08645299456929978,0.08645299456929978,1.0,0.5157784640339582,0.07206509930696098,0.3151523240341867,0.0970041126248941,0.0,0.0,1.0,0.4578493243079131,0.12996010739345504,0.28662846919093204,0.1255620991076998
4,0.3421506756920869,0.0,0.24447779349884513,106,22,0.0,0,0,0,0.4578493243079131,0.8,0.12996010739345504,0.0,0.28662846919093204,0.2,0.1255620991076998,0.0,0.13381734235875356,0.13381734235875356,1.0,0.5916666666666667,0.075,0.25,0.08333333333333333,0.09367617887744126,0.09367617887744126,1.0,0.43989026140124987,0.06913019861392194,0.38030464806837333,0.11067489191645487,0.08645299456929978,0.08645299456929978,1.0,0.5157784640339582,0.07206509930696098,0.3151523240341867,0.0970041126248941,0.0,0.0,1.0,0.4578493243079131,0.12996010739345504,0.28662846919093204,0.1255620991076998
5,0.3421506756920869,0.0,0.24447779349884513,108,22,0.0,0,0,0,0.4578493243079131,0.8,0.12996010739345504,0.0,0.28662846919093204,0.2,0.1255620991076998,0.0,0.13381734235875356,0.13381734235875356,1.0,0.5916666666666667,0.075,0.25,0.08333333333333333,0.09367617887744126,0.09367617887744126,1.0,0.43989026140124987,0.06913019861392194,0.38030464806837333,0.11067489191645487,0.08645299456929978,0.08645299456929978,1.0,0.5157784640339582,0.07206509930696098,0.3151523240341867,0.0970041126248941,0.0,0.0,1.0,0.4578493243079131,0.12996010739345504,0.28662846919093204,0.1255620991076998
6,0.3421506756920869,0.0,0.24447779349884513,112,22,0.0,0,0,0,0.4578493243079131,0.8,0.12996010739345504,0.0,0.28662846919093204,0.2,0.1255620991076998,0.0,0.13381734235875356,0.13381734235875356,1.0,0.5916666666666667,0.075,0.25,0.08333333333333333,0.09367617887744126,0.09367617887744126,1.0,0.43989026140124987,0.06913019861392194,0.38030464806837333,0.11067489191645487,0.08645299456929978,0.08645299456929978,1.0,0.5157784640339582,0.07206509930696098,0.3151523240341867,0.0970041126248941,0.0,0.0,1.0,0.4578493243079131,0.12996010739345504,0.28662846919093204,0.1255620991076998
7,0.3421506756920869,0.0,0.24447779349884513,103,22,0.0,0,0,0,0.4578493243079131,0.8,0.12996010739345504,0.0,0.28662846919093204,0.2,0.1255620991076998,0.0,0.13381734235875356,0.13381734235875356,1.0,0.5916666666666667,0.075,0.25,0.08333333333333333,0.09367617887744126,0.09367617887744126,1.0,0.43989026140124987,0.06913019861392194,0.38030464806837333,0.11067489191645487,0.08645299456929978,0.08645299456929978,1.0,0.5157784640339582,0.07206509930696098,0.3151523240341867,0.0970041126248941,0.0,0.0,1.0,0.4578493243079131,0.12996010739345504,0.28662846919093204,0.1255620991076998
8,0.3421506756920869,0.0,0.24447779349884513,94,22,0.0,0,0,0,0.4578493243079131,0.8,0.12996010739345504,0.0,0.28662846919093204,0.2,0.1255620991076998,0.0,0.13381734235875356,0.13381734235875356,1.0,0.5916666666666667,0.075,0.25,0.08333333333333333,0.09367617887744126,0.09367617887744126,1.0,0.43989026140124987,0.06913019861392194,0.38030464806837333,0.11067489191645487,0.08645299456929978,0.08645299456929978,1.0,0.5157784640339582,0.07206509930696098,0.3151523240341867,0.0970041126248941,0.0,0.0,1.0,0.4578493243079131,0.12996010739345504,0.28662846919093204,0.1255620991076998
9,0.3421506756920869,0.0,0.24447779349884513,100,22,0.0,0,0,0,0.4578493243079131,0.8,0.12996010739345504,0.0,0.28662846919093204,0.2,0.1255620991076998,0.0,0.13381734235875356,0.13381734235875356,1.0,0.5916666666666667,0.075,0.25,0.08333333333333333,0.09367617887744126,0.09367617887744126,1.0,0.43989026140124987,0.06913019861392194,0.38030464806837333,0.11067489191645487,0.08645299456929978,0.08645299456929978,1.0,0.5157784640339582,0.07206509930696098,0.3151523240341867,0.0970041126248941,0.0,0.0,1.0,0.4578493243079131,0.12996010739345504,0.28662846919093204,0.1255620991076998
10,0.3421506756920869,0.0,0.24447779349884513,101,22,0.0,0,1,10,0.4578493243079131,0.8,0.12996010739345504,0.0,0.28662846919093204,0.2,0.1255620991076998,0.0,0.32912037266178384,0.32912037266178384,1.0,0.786969696969697,0.006818181818181818,0.19863636363636364,0.007575757575757576,0.11266743993866223,0.11266743993866223,1.0,0.5041369013228755,0.061047355980689055,0.24287378066503582,0.19194196203139965,0.18770397483837314,0.18770397483837314,1.0,0.6455532991462862,0.03393276889943544,0.22075507215069973,0.09975885980357861,0.0,0.0,1.0,0.4578493243079131,0.12996010739345504,0.28662846919093204,0.1255620991076998
11,0.3421506756920869,0.0,0.24447779349884513,108,22,0.0,0,0,10,0.4578493243079131,0.8,0.12996010739345504,0.0,0.28662846919093204,0.2,0.1255620991076998,0.0,0.32912037266178384,0.32912037266178384,1.0,0.786969696969697,0.006818181818181818,0.19863636363636364,0.007575757575757576,0.11266743993866223,0.11266743993866223,1.0,0.5041369013228755,0.061047355980689055,0.24287378066503582,0.19194196203139965,0.18770397483837314,0.18770397483837314,1.0,0.6455532991462862,0.03393276889943544,0.22075507215069973,0.09975885980357861,0.0,0.0,1.0,0.4578493243079131,0.12996010739345504,0.28662846919093204,0.1255620991076998
12,0.3421506756920869,0.0,0.24447779349884513,122,22,0.0,0,0,10,0.4578493243079131,0.8,0.12996010739345504,0.0,0.28662846919093204,0.2,0.1255620991076998,0.0,0.32912037266178384,0.32912037266178384,1.0,0.786969696969697,0.006818181818181818,0.19863636363636364,0.007575757575757576,0.11266743993866223,0.11266743993866223,1.0,0.5041369013228755,0.061047355980689055,0.24287378066503582,0.19194196203139965,0.18770397483837314,0.18770397483837314,1.0,0.6455532991462862,0.03393276889943544,0.22075507215069973,0.09975885980357861,0.0,0.0,1.0,0.4578493243079131,0.12996010739345504,0.28662846919093204,0.1255620991076998
13,0.3421506756920869,0.0,0.24447779349884513,117,22,0.0,0,0,10,0.4578493243079131,0.8,0.12996010739345504,0.0,0.28662846919093204,0.2,0.1255620991076998,0.0,0.32912037266178384,0.32912037266178384,1.0,0.786969696969697,0.006818181818181818,0.19863636363636364,0.007575757575757576,0.11266743993866223,0.11266743993866223,1.0,0.5041369013228755,0.061047355980689055,0.24287378066503582,0.19194196203139965,0.18770397483837314,0.18770397483837314,1.0,0.6455532991462862,0.03393276889943544,0.22075507215069973,0.09975885980357861,0.0,0.0,1.0,0.4578493243079131,0.12996010739345504,0.28662846919093204,0.1255620991076998
14,0.3421506756920869,0.0,0.24447779349884513,95,22,0.0,0,0,10,0.4578493243079131,0.8,0.12996010739345504,0.0,0.28662846919093204,0.2,0.1255620991076998,0.0,0.32912037266178384,0.32912037266178384,1.0,0.786969696969697,0.006818181818181818,0.19863636363636364,0.007575757575757576,0.11266743993866223,0.11266743993866223,1.0,0.5041369013228755,0.061047355980689055,0.24287378066503582,0.19194196203139965,0.18770397483837314,0.18770397483837314,1.0,0.6455532991462862,0.03393276889943544,0.22075507215069973,0.09975885980357861,0.0,0.0,1.0,0.4578493243079131,0.12996010739345504,0.28662846919093204,0.1255620991076998
15,0.3421506756920869,0.0,0.24447779349884513,117,22,0.0,0,0,10,0.4578493243079131,0.8,0.12996010739345504,0.0,0.28662846919093204,0.2,0.1255620991076998,0.0,0.32912037266178384,0.32912037266178384,1.0,0.786969696969697,0.006818181818181818,0.19863636363636364,0.007575757575757576,0.11266743993866223,0.11266743993866223,1.0,0.5041369013228755,0.061047355980689055,0.24287378066503582,0.19194196203139965,0.18770397483837314,0.18770397483837314,1.0,0.6455532991462862,0.03393276889943544,0.22075507215069973,0.09975885980357861,0.0,0.0,1.0,0.4578493243079131,0.12996010739345504,0.28662846919093204,0.1255620991076998
16,0.3421506756920869,0.0,0.24447779349884513,99,22,0.0,0,0,10,0.4578493243079131,0.8,0.12996010739345504,0.0,0.28662846919093204,0.2,0.1255620991076998,0.0,0.32912037266178384,0.32912037266178384,1.0,0.786969696969697,0.006818181818181818,0.19863636363636364,0.007575757575757576,0.11266743993866223,0.11266743993866223,1.0,0.5041369013228755,0.061047355980689055,0.24287378066503582,0.19194196203139965,0.18770397483837314,0.18770397483837314,1.0,0.6455532991462862,0.03393276889943544,0.22075507215069973,0.09975885980357861,0.0,0.0,1.0,0.4578493243079131,0.12996010739345504,0.28662846919093204,0.1255620991076998
17,0.3421506756920869,0.0,0.24447779349884513,122,22,0.0,0,0,10,0.4578493243079131,0.8,0.12996010739345504,0.0,0.28662846919093204,0.2,0.1255620991076998,0.0,0.32912037266178384,0.32912037266178384,1.0,0.786969696969697,0.006818181818181818,0.19863636363636364,0.007575757575757576,0.11266743993866223,0.11266743993866223,1.0,0.5041369013228755,0.061047355980689055,0.24287378066503582,0.19194196203139965,0.18770397483837314,0.18770397483837314,1.0,0.6455532991462862,0.03393276889943544,0.22075507215069973,0.09975885980357861,0.0,0.0,1.0,0.4578493243079131,0.12996010739345504,0.28662846919093204,0.1255620991076998
18,0.3421506756920869,0.0,0.24447779349884513,115,22,0.0,0,0,10,0.4578493243079131,0.8,0.12996010739345504,0.0,0.28662846919093204,0.2,0.1255620991076998,0.0,0.32912037266178384,0.32912037266178384,1.0,0.786969696969697,0.006818181818181818,0.19863636363636364,0.007575757575757576,0.11266743993866223,0.11266743993866223,1.0,0.5041369013228755,0.061047355980689055,0.24287378066503582,0.19194196203139965,0.18770397483837314,0.18770397483837314,1.0,0.6455532991462862,0.03393276889943544,0.22075507215069973,0.09975885980357861,0.0,0.0,1.0,0.4578493243079131,0.12996010739345504,0.28662846919093204,0.1255620991076998
19,0.3421506756920869,0.0,0.24447779349884513,104,22,0.0,0,0,10,0.4578493243079131,0.8,0.12996010739345504,0.0,0.28662846919093204,0.2,0.1255620991076998,0.0,0.32912037266178384,0.32912037266178384,1.0,0.786969696969697,0.006818181818181818,0.19863636363636364,0.007575757575757576,0.11266743993866223,0.11266743993866223,1.0,0.5041369013228755,0.061047355980689055,0.24287378066503582,0.19194196203139965,0.18770397483837314,0.18770397483837314,1.0,0.6455532991462862,0.03393276889943544,0.22075507215069973,0.09975885980357861,0.0,0.0,1.0,0.4578493243079131,0.12996010739345504,0.28662846919093204,0.1255620991076998
20,0.3421506756920869,0.0,0.24447779349884513,117,22,0.0,0,1,20,0.4578493243079131,0.8,0.12996010739345504,0.0,0.28662846919093204,0.2,0.1255620991076998,0.0,0.3454006756920869,0.3454006756920869,1.0,0.80325,0.0,0.19675,0.0,0.0778870649112515,0.0778870649112515,1.0,0.38555587306163597,0.1243664937284807,0.31366003493019673,0.17641759827968664,0.13655361222290488,0.13655361222290488,1.0,0.594402936530818,0.06218324686424035,0.2552050174650984,0.08820879913984332,0.0,0.0,1.0,0.4578493243079131,0.12996010739345504,0.28662846919093204,0.1255620991076998
21,0.3421506756920869,0.0,0.24447779349884513,110,22,0.0,0,0,20,0.4578493243079131,0.8,0.12996010739345504,0.0,0.28662846919093204,0.2,0.1255620991076998,0.0,0.3454006756920869,0.3454006756920869,1.0,0.80325,0.0,0.19675,0.0,0.0778870649112515,0.0778870649112515,1.0,0.38555587306163597,0.1243664937284807,0.31366003493019673,0.17641759827968664,0.13655361222290488,0.13655361222290488,1.0,0.594402936530818,0.06218324686424035,0.2552050174650984,0.08820879913984332,0.0,0.0,1.0,0.4578493243079131,0.12996010739345504,0.28662846919093204,0.1255620991076998
22,0.3421506756920869,0.0,0.24447779349884513,124,22,0.0,0,0,20,0.4578493243079131,0.8,0.12996010739345504,0.0,0.28662846919093204,0.2,0.1255620991076998,0.0,0.3454006756920869,0.3454006756920869,1.0,0.80325,0.0,0.19675,0.0,0.0778870649112515,0.0778870649112515,1.0,0.38555587306163597,0.1243664937284807,0.31366003493019673,0.17641759827968664,0.13655361222290488,0.13655361222290488,1.0,0.594402936530818,0.06218324686424035,0.2552050174650984,0.08820879913984332,0.0,0.0,1.0,0.4578493243079131,0.12996010739345504,0.28662846919093204,0.1255620991076998
23,0.3421506756920869,0.0,0.24447779349884513,130,22,0.0,0,0,20,0.4578493243079131,0.8,0.12996010739345504,0.0,0.28662846919093204,0.2,0.1255620991076998,0.0,0.3454006756920869,0.3454006756920869,1.0,0.80325,0.0,0.19675,0.0,0.0778870649112515,0.0778870649112515,1.0,0.38555587306163597,0.1243664937284807,0.31366003493019673,0.17641759827968664,0.13655361222290488,0.13655361222290488,1.0,0.594402936530818,0.06218324686424035,0.2552050174650984,0.08820879913984332,0.0,0.0,1.0,0.4578493243079131,0.12996010739345504,0.28662846919093204,0.1255620991076998
24,0.3421506756920869,0.0,0.24447779349884513,122,22,0.0,0,0,20,0.4578493243079131,0.8,0.12996010739345504,0.0,0.28662846919093204,0.2,0.1255620991076998,0.0,0.3454006756920869,0.3454006756920869,1.0,0.80325,0.0,0.19675,0.0,0.0778870649112515,0.0778870649112515,1.0,0.38555587306163597,0.1243664937284807,0.31366003493019673,0.17641759827968664,0.13655361222290488,0.13655361222290488,1.0,0.594402936530818,0.06218324686424035,0.2552050174650984,0.08820879913984332,0.0,0.0,1.0,0.4578493243079131,0.12996010739345504,0.28662846919093204,0.1255620991076998
25,0.3421506756920869,0.0,0.24447779349884513,100,22,0.0,0,0,20,0.4578493243079131,0.8,0.12996010739345504,0.0,0.28662846919093204,0.2,0.1255620991076998,0.0,0.3454006756920869,0.3454006756920869,1.0,0.80325,0.0,0.19675,0.0,0.0778870649112515,0.0778870649112515,1.0,0.38555587306163597,0.1243664937284807,0.31366003493019673,0.17641759827968664,0.13655361222290488,0.13655361222290488,1.0,0.594402936530818,0.06218324686424035,0.2552050174650984,0.08820879913984332,0.0,0.0,1.0,0.4578493243079131,0.12996010739345504,0.28662846919093204,0.1255620991076998
26,0.3421506756920869,0.0,0.24447779349884513,100,22,0.0,0,0,20,0.4578493243079131,0.8,0.12996010739345504,0.0,0.28662846919093204,0.2,0.1255620991076998,0.0,0.3454006756920869,0.3454006756920869,1.0,0.80325,0.0,0.19675,0.0,0.0778870649112515,0.0778870649112515,1.0,0.38555587306163597,0.1243664937284807,0.31366003493019673,0.17641759827968664,0.13655361222290488,0.13655361222290488,1.0,0.594402936530818,0.06218324686424035,0.2552050174650984,0.08820879913984332,0.0,0.0,1.0,0.4578493243079131,0.12996010739345504,0.28662846919093204,0.1255620991076998
27,0.3421506756920869,0.0,0.24447779349884513,120,22,0.0,0,0,20,0.4578493243079131,0.8,0.12996010739345504,0.0,0.28662846919093204,0.2,0.1255620991076998,0.0,0.3454006756920869,0.3454006756920869,1.0,0.80325,0.0,0.19675,0.0,0.0778870649112515,0.0778870649112515,1.0,0.38555587306163597,0.1243664937284807,0.31366003493019673,0.17641759827968664,0.13655361222290488,0.13655361222290488,1.0,0.594402936530818,0.06218324686424035,0.2552050174650984,0.08820879913984332,0.0,0.0,1.0,0.4578493243079131,0.12996010739345504,0.28662846919093204,0.1255620991076998
28,0.3421506756920869,0.0,0.24447779349884513,100,22,0.0,0,0,20,0.4578493243079131,0.8,0.12996010739345504,0.0,0.28662846919093204,0.2,0.1255620991076998,0.0,0.3454006756920869,0.3454006756920869,1.0,0.80325,0.0,0.19675,0.0,0.0778870649112515,0.0778870649112515,1.0,0.38555587306163597,0.1243664937284807,0.31366003493019673,0.17641759827968664,0.13655361222290488,0.13655361222290488,1.0,0.594402936530818,0.06218324686424035,0.2552050174650984,0.08820879913984332,0.0,0.0,1.0,0.4578493243079131,0.12996010739345504,0.28662846919093204,0.1255620991076998
29,0.3421506756920869,0.0,0.24447779349884513,108,22,0.0,0,0,20,0.4578493243079131,0.8,0.12996010739345504,0.0,0.28662846919093204,0.2,0.1255620991076998,0.0,0.3454006756920869,0.3454006756920869,1.0,0.80325,0.0,0.19675,0.0,0.0778870649112515,0.0778870649112515,1.0,0.38555587306163597,0.1243664937284807,0.31366003493019673,0.17641759827968664,0.13655361222290488,0.13655361222290488,1.0,0.594402936530818,0.06218324686424035,0.2552050174650984,0.08820879913984332,0.0,0.0,1.0,0.4578493243079131,0.12996010739345504,0.28662846919093204,0.1255620991076998
30,0.3421506756920869,0.0,0.24447779349884513,115,22,0.0,0,1,30,0.4578493243079131,0.8,0.12996010739345504,0.0,0.28662846919093204,0.2,0.1255620991076998,0.0,0.3421506756920869,0.3421506756920869,1.0,0.8,0.0,0.2,0.0,0.037232655574462106,0.037232655574462106,1.0,0.42061666873345094,0.15449097244666646,0.2921631035639185,0.132729255255964,0.1524590100588124,0.1524590100588124,1.0,0.6103083343667255,0.07724548622333323,0.24608155178195926,0.066364627627982,0.0,0.0,1.0,0.4578493243079131,0.12996010739345504,0.28662846919093204,0.1255620991076998
31,0.3421506756920869,0.0,0.24447779349884513,94,22,0.0,0,0,30,0.4578493243079131,0.8,0.12996010739345504,0.0,0.28662846919093204,0.2,0.1255620991076998,0.0,0.3421506756920869,0.3421506756920869,1.0,0.8,0.0,0.2,0.0,0.037232655574462106,0.037232655574462106,1.0,0.42061666873345094,0.15449097244666646,0.2921631035639185,0.132729255255964,0.1524590100588124,0.1524590100588124,1.0,0.6103083343667255,0.07724548622333323,0.24608155178195926,0.066364627627982,0.0,0.0,1.0,0.4578493243079131,0.12996010739345504,0.28662846919093204,0.1255620991076998
32,0.3421506756920869,0.0,0.24447779349884513,104,22,0.0,0,0,30,0.4578493243079131,0.8,0.12996010739345504,0.0,0.28662846919093204,0.2,0.1255620991076998,0.0,0.3421506756920869,0.3421506756920869,1.0,0.8,0.0,0.2,0.0,0.037232655574462106,0.037232655574462106,1.0,0.42061666873345094,0.15449097244666646,0.2921631035639185,0.132729255255964,0.1524590100588124,0.1524590100588124,1.0,0.6103083343667255,0.07724548622333323,0.24608155178195926,0.066364627627982,0.0,0.0,1.0,0.4578493243079131,0.12996010739345504,0.28662846919093204,0.1255620991076998
33,0.3421506756920869,0.0,0.24447779349884513,98,22,0.0,0,0,30,0.4578493243079131,0.8,0.12996010739345504,0.0,0.28662846919093204,0.2,0.1255620991076998,0.0,0.3421506756920869,0.3421506756920869,1.0,0.8,0.0,0.2,0.0,0.037232655574462106,0.037232655574462106,1.0,0.42061666873345094,0.15449097244666646,0.2921631035639185,0.132729255255964,0.1524590100588124,0.1524590100588124,1.0,0.6103083343667255,0.07724548622333323,0.24608155178195926,0.066364627627982,0.0,0.0,1.0,0.4578493243079131,0.12996010739345504,0.28662846919093204,0.1255620991076998
34,0.3421506756920869,0.0,0.24447779349884513,107,22,0.0,0,0,30,0.4578493243079131,0.8,0.12996010739345504,0.0,0.28662846919093204,0.2,0.1255620991076998,0.0,0.3421506756920869,0.3421506756920869,1.0,0.8,0.0,0.2,0.0,0.037232655574462106,0.037232655574462106,1.0,0.42061666873345094,0.15449097244666646,0.2921631035639185,0.132729255255964,0.1524590100588124,0.1524590100588124,1.0,0.6103083343667255,0.07724548622333323,0.24608155178195926,0.066364627627982,0.0,0.0,1.0,0.4578493243079131,0.12996010739345504,0.28662846919093204,0.1255620991076998
35,0.3421506756920869,0.0,0.24447779349884513,110,22,0.0,0,0,30,0.4578493243079131,0.8,0.12996010739345504,0.0,0.28662846919093204,0.2,0.1255620991076998,0.0,0.3421506756920869,0.3421506756920869,1.0,0.8,0.0,0.2,0.0,0.037232655574462106,0.037232655574462106,1.0,0.42061666873345094,0.15449097244666646,0.2921631035639185,0.132729255255964,0.1524590100588124,0.1524590100588124,1.0,0.6103083343667255,0.07724548622333323,0.24608155178195926,0.066364627627982,0.0,0.0,1.0,0.4578493243079131,0.12996010739345504,0.28662846919093204,0.1255620991076998
36,0.3421506756920869,0.0,0.24447779349884513,113,22,0.0,0,0,30,0.4578493243079131,0.8,0.12996010739345504,0.0,0.28662846919093204,0.2,0.1255620991076998,0.0,0.3421506756920869,0.3421506756920869,1.0,0.8,0.0,0.2,0.0,0.037232655574462106,0.037232655574462106,1.0,0.42061666873345094,0.15449097244666646,0.2921631035639185,0.132729255255964,0.1524590100588124,0.1524590100588124,1.0,0.6103083343667255,0.07724548622333323,0.24608155178195926,0.066364627627982,0.0,0.0,1.0,0.4578493243079131,0.12996010739345504,0.28662846919093204,0.1255620991076998
37,0.3421506756920869,0.0,0.24447779349884513,118,22,0.0,0,0,30,0.4578493243079131,0.8,0.12996010739345504,0.0,0.28662846919093204,0.2,0.1255620991076998,0.0,0.3421506756920869,0.3421506756920869,1.0,0.8,0.0,0.2,0.0,0.037232655574462106,0.037232655574462106,1.0,0.42061666873345094,0.15449097244666646,0.2921631035639185,0.132729255255964,0.1524590100588124,0.1524590100588124,1.0,0.6103083343667255,0.07724548622333323,0.24608155178195926,0.066364627627982,0.0,0.0,1.0,0.4578493243079131,0.12996010739345504,0.28662846919093204,0.1255620991076998
38,0.3421506756920869,0.0,0.24447779349884513,116,22,0.0,0,0,30,0.4578493243079131,0.8,0.12996010739345504,0.0,0.28662846919093204,0.2,0.1255620991076998,0.0,0.3421506756920869,0.3421506756920869,1.0,0.8,0.0,0.2,0.0,0.037232655574462106,0.037232655574462106,1.0,0.42061666873345094,0.15449097244666646,0.2921631035639185,0.132729255255964,0.1524590100588124,0.1524590100588124,1.0,0.6103083343667255,0.07724548622333323,0.24608155178195926,0.066364627627982,0.0,0.0,1.0,0.4578493243079131,0.12996010739345504,0.28662846919093204,0.1255620991076998
39,0.3421506756920869,0.0,0.24447779349884513,108,22,0.0,0,0,30,0.4578493243079131,0.8,0.12996010739345504,0.0,0.28662846919093204,0.2,0.1255620991076998,0.0,0.3421506756920869,0.3421506756920869,1.0,0.8,0.0,0.2,0.0,0.037232655574462106,0.037232655574462106,1.0,0.42061666873345094,0.15449097244666646,0.2921631035639185,0.132729255255964,0.1524590100588124,0.1524590100588124,1.0,0.6103083343667255,0.07724548622333323,0.24608155178195926,0.066364627627982,0.0,0.0,1.0,0.4578493243079131,0.12996010739345504,0.28662846919093204,0.1255620991076998
40,0.3421506756920869,0.0,0.24447779349884513,106,22,0.0,0,1,40,0.4578493243079131,0.8,0.12996010739345504,0.0,0.28662846919093204,0.2,0.1255620991076998,0.0,0.3421506756920869,0.3421506756920869,1.0,0.8,0.0,0.2,0.0,0.040228516880370054,0.040228516880370054,1.0,0.43613486600234214,0.1114460488186559,0.2953407995923186,0.15707828558668324,0.16021810869325798,0.16021810869325798,1.0,0.6180674330011711,0.05572302440932795,0.24767039979615932,0.07853914279334162,0.0,0.0,1.0,0.4578493243079131,0.12996010739345504,0.28662846919093204,0.1255620991076998
41,0.3421506756920869,0.0,0.24447779349884513,76,22,0.0,0,0,40,0.4578493243079131,0.8,0.12996010739345504,0.0,0.28662846919093204,0.2,0.1255620991076998,0.0,0.3421506756920869,0.3421506756920869,1.0,0.8,0.0,0.2,0.0,0.040228516880370054,0.040228516880370054,1.0,0.43613486600234214,0.1114460488186559,0.2953407995923186,0.15707828558668324,0.16021810869325798,0.16021810869325798,1.0,0.6180674330011711,0.05572302440932795,0.24767039979615932,0.07853914279334162,0.0,0.0,1.0,0.4578493243079131,0.12996010739345504,0.28662846919093204,0.1255620991076998
42,0.3421506756920869,0.0,0.24447779349884513,113,22,0.0,0,0,40,0.4578493243079131,0.8,0.12996010739345504,0.0,0.28662846919093204,0.2,0.1255620991076998,0.0,0.3421506756920869,0.3421506756920869,1.0,0.8,0.0,0.2,0.0,0.040228516880370054,0.040228516880370054,1.0,0.43613486600234214,0.1114460488186559,0.2953407995923186,0.15707828558668324,0.16021810869325798,0.16021810869325798,1.0,0.6180674330011711,0.05572302440932795,0.24767039979615932,0.07853914279334162,0.0,0.0,1.0,0.4578493243079131,0.12996010739345504,0.28662846919093204,0.1255620991076998
43,0.3421506756920869,0.0,0.24447779349884513,90,22,0.0,0,0,40,0.4578493243079131,0.8,0.12996010739345504,0.0,0.28662846919093204,0.2,0.1255620991076998,0.0,0.3421506756920869,0.3421506756920869,1.0,0.8,0.0,0.2,0.0,0.040228516880370054,0.040228516880370054,1.0,0.43613486600234214,0.1114460488186559,0.2953407995923186,0.15707828558668324,0.16021810869325798,0.16021810869325798,1.0,0.6180674330011711,0.05572302440932795,0.24767039979615932,0.07853914279334162,0.0,0.0,1.0,0.4578493243079131,0.12996010739345504,0.28662846919093204,0.1255620991076998
44,0.3421506756920869,0.0,0.24447779349884513,111,22,0.0,0,0,40,0.4578493243079131,0.8,0.12996010739345504,0.0,0.28662846919093204,0.2,0.1255620991076998,0.0,0.3421506756920869,0.3421506756920869,1.0,0.8,0.0,0.2,0.0,0.040228516880370054,0.040228516880370054,1.0,0.43613486600234214,0.1114460488186559,0.2953407995923186,0.15707828558668324,0.16021810869325798,0.16021810869325798,1.0,0.6180674330011711,0.05572302440932795,0.24767039979615932,0.07853914279334162,0.0,0.0,1.0,0.4578493243079131,0.12996010739345504,0.28662846919093204,0.1255620991076998
45,0.3421506756920869,0.0,0.24447779349884513,110,22,0.0,0,0,40,0.4578493243079131,0.8,0.12996010739345504,0.0,0.28662846919093204,0.2,0.1255620991076998,0.0,0.3421506756920869,0.3421506756920869,1.0,0.8,0.0,0.2,0.0,0.040228516880370054,0.040228516880370054,1.0,0.43613486600234214,0.1114460488186559,0.2953407995923186,0.15707828558668324,0.16021810869325798,0.16021810869325798,1.0,0.6180674330011711,0.05572302440932795,0.24767039979615932,0.07853914279334162,0.0,0.0,1.0,0.4578493243079131,0.12996010739345504,0.28662846919093204,0.1255620991076998
46,0.3421506756920869,0.0,0.24447779349884513,102,22,0.0,0,0,40,0.4578493243079131,0.8,0.12996010739345504,0.0,0.28662846919093204,0.2,0.1255620991076998,0.0,0.3421506756920869,0.3421506756920869,1.0,0.8,0.0,0.2,0.0,0.040228516880370054,0.040228516880370054,1.0,0.43613486600234214,0.1114460488186559,0.2953407995923186,0.15707828558668324,0.16021810869325798,0.16021810869325798,1.0,0.6180674330011711,0.05572302440932795,0.24767039979615932,0.07853914279334162,0.0,0.0,1.0,0.4578493243079131,0.12996010739345504,0.28662846919093204,0.1255620991076998
47,0.3421506756920869,0.0,0.24447779349884513,102,22,0.0,0,0,40,0.4578493243079131,0.8,0.12996010739345504,0.0,0.28662846919093204,0.2,0.1255620991076998,0.0,0.3421506756920869,0.3421506756920869,1.0,0.8,0.0,0.2,0.0,0.040228516880370054,0.040228516880370054,1.0,0.43613486600234214,0.1114460488186559,0.2953407995923186,0.15707828558668324,0.16021810869325798,0.16021810869325798,1.0,0.6180674330011711,0.05572302440932795,0.24767039979615932,0.07853914279334162,0.0,0.0,1.0,0.4578493243079131,0.12996010739345504,0.28662846919093204,0.1255620991076998
48,0.3421506756920869,0.0,0.24447779349884513,96,22,0.0,0,0,40,0.4578493243079131,0.8,0.12996010739345504,0.0,0.28662846919093204,0.2,0.1255620991076998,0.0,0.3421506756920869,0.3421506756920869,1.0,0.8,0.0,0.2,0.0,0.040228516880370054,0.040228516880370054,1.0,0.43613486600234214,0.1114460488186559,0.2953407995923186,0.15707828558668324,0.16021810869325798,0.16021810869325798,1.0,0.6180674330011711,0.05572302440932795,0.24767039979615932,0.07853914279334162,0.0,0.0,1.0,0.4578493243079131,0.12996010739345504,0.28662846919093204,0.1255620991076998
49,0.3421506756920869,0.0,0.24447779349884513,101,22,0.0,0,0,40,0.4578493243079131,0.8,0.12996010739345504,0.0,0.28662846919093204,0.2,0.1255620991076998,0.0,0.3421506756920869,0.3421506756920869,1.0,0.8,0.0,0.2,0.0,0.040228516880370054,0.040228516880370054,1.0,0.43613486600234214,0.1114460488186559,0.2953407995923186,0.15707828558668324,0.16021810869325798,0.16021810869325798,1.0,0.6180674330011711,0.05572302440932795,0.24767039979615932,0.07853914279334162,0.0,0.0,1.0,0.4578493243079131,0.12996010739345504,0.28662846919093204,0.1255620991076998
50,0.3421506756920869,0.0,0.24447779349884513,116,22,0.0,0,1,50,0.4578493243079131,0.8,0.12996010739345504,0.0,0.28662846919093204,0.2,0.1255620991076998,0.0,0.3421506756920869,0.3421506756920869,1.0,0.8,0.0,0.2,0.0,0.12471272376439596,0.12471272376439596,1.0,0.5260285840135771,0.03929123811067878,0.34316193324966404,0.09151824462608014,0.20516496769887543,0.20516496769887543,1.0,0.6630142920067885,0.01964561905533939,0.271580966624832,0.04575912231304007,0.0,0.0,1.0,0.4578493243079131,0.12996010739345504,0.28662846919093204,0.1255620991076998
51,0.3421506756920869,0.0,0.24447779349884513,101,22,0.0,0,0,50,0.4578493243079131,0.8,0.12996010739345504,0.0,0.28662846919093204,0.2,0.1255620991076998,0.0,0.3421506756920869,0.3421506756920869,1.0,0.8,0.0,0.2,0.0,0.12471272376439596,0.12471272376439596,1.0,0.5260285840135771,0.03929123811067878,0.34316193324966404,0.09151824462608014,0.20516496769887543,0.20516496769887543,1.0,0.6630142920067885,0.01964561905533939,0.271580966624832,0.04575912231304007,0.0,0.0,1.0,0.4578493243079131,0.12996010739345504,0.28662846919093204,0.1255620991076998
52,0.3421506756920869,0.0,0.24447779349884513,109,22,0.0,0,0,50,0.4578493243079131,0.8,0.12996010739345504,0.0,0.28662846919093204,0.2,0.1255620991076998,0.0,0.3421506756920869,0.3421506756920869,1.0,0.8,0.0,0.2,0.0,0.12471272376439596,0.12471272376439596,1.0,0.5260285840135771,0.03929123811067878,0.34316193324966404,0.09151824462608014,0.20516496769887543,0.20516496769887543,1.0,0.6630142920067885,0.01964561905533939,0.271580966624832,0.04575912231304007,0.0,0.0,1.0,0.4578493243079131,0.12996010739345504,0.28662846919093204,0.1255620991076998
53,0.3421506756920869,0.0,0.24447779349884513,102,22,0.0,0,0,50,0.4578493243079131,0.8,0.12996010739345504,0.0,0.28662846919093204,0.2,0.1255620991076998,0.0,0.3421506756920869,0.3421506756920869,1.0,0.8,0.0,0.2,0.0,0.12471272376439596,0.12471272376439596,1.0,0.5260285840135771,0.03929123811067878,0.34316193324966404,0.09151824462608014,0.20516496769887543,0.20516496769887543,1.0,0.6630142920067885,0.01964561905533939,0.271580966624832,0.04575912231304007,0.0,0.0,1.0,0.4578493243079131,0.12996010739345504,0.28662846919093204,0.1255620991076998
54,0.3421506756920869,0.0,0.24447779349884513,103,22,0.0,0,0,50,0.4578493243079131,0.8,0.12996010739345504,0.0,0.28662846919093204,0.2,0.1255620991076998,0.0,0.3421506756920869,0.3421506756920869,1.0,0.8,0.0,0.2,0.0,0.12471272376439596,0.12471272376439596,1.0,0.5260285840135771,0.03929123811067878,0.34316193324966404,0.09151824462608014,0.20516496769887543,0.20516496769887543,1.0,0.6630142920067885,0.01964561905533939,0.271580966624832,0.04575912231304007,0.0,0.0,1.0,0.4578493243079131,0.12996010739345504,0.28662846919093204,0.1255620991076998
55,0.3421506756920869,0.0,0.24447779349884513,118,22,0.0,0,0,50,0.4578493243079131,0.8,0.12996010739345504,0.0,0.28662846919093204,0.2,0.1255620991076998,0.0,0.3421506756920869,0.3421506756920869,1.0,0.8,0.0,0.2,0.0,0.12471272376439596,0.12471272376439596,1.0,0.5260285840135771,0.03929123811067878,0.34316193324966404,0.09151824462608014,0.20516496769887543,0.20516496769887543,1.0,0.6630142920067885,0.01964561905533939,0.271580966624832,0.04575912231304007,0.0,0.0,1.0,0.4578493243079131,0.12996010739345504,0.28662846919093204,0.1255620991076998
56,0.3421506756920869,0.0,0.24447779349884513,98,22,0.0,0,0,50,0.4578493243079131,0.8,0.12996010739345504,0.0,0.28662846919093204,0.2,0.1255620991076998,0.0,0.3421506756920869,0.3421506756920869,1.0,0.8,0.0,0.2,0.0,0.12471272376439596,0.12471272376439596,1.0,0.5260285840135771,0.03929123811067878,0.34316193324966404,0.09151824462608014,0.20516496769887543,0.20516496769887543,1.0,0.6630142920067885,0.01964561905533939,0.271580966624832,0.04575912231304007,0.0,0.0,1.0,0.4578493243079131,0.12996010739345504,0.28662846919093204,0.1255620991076998
57,0.3421506756920869,0.0,0.24447779349884513,101,22,0.0,0,0,50,0.4578493243079131,0.8,0.12996010739345504,0.0,0.28662846919093204,0.2,0.1255620991076998,0.0,0.3421506756920869,0.3421506756920869,1.0,0.8,0.0,0.2,0.0,0.12471272376439596,0.12471272376439596,1.0,0.5260285840135771,0.03929123811067878,0.34316193324966404,0.09151824462608014,0.20516496769887543,0.20516496769887543,1.0,0.6630142920067885,0.01964561905533939,0.271580966624832,0.04575912231304007,0.0,0.0,1.0,0.4578493243079131,0.12996010739345504,0.28662846919093204,0.1255620991076998
58,0.3421506756920869,0.0,0.24447779349884513,109,22,0.0,0,0,50,0.4578493243079131,0.8,0.12996010739345504,0.0,0.28662846919093204,0.2,0.1255620991076998,0.0,0.3421506756920869,0.3421506756920869,1.0,0.8,0.0,0.2,0.0,0.12471272376439596,0.12471272376439596,1.0,0.5260285840135771,0.03929123811067878,0.34316193324966404,0.09151824462608014,0.20516496769887543,0.20516496769887543,1.0,0.6630142920067885,0.01964561905533939,0.271580966624832,0.04575912231304007,0.0,0.0,1.0,0.4578493243079131,0.12996010739345504,0.28662846919093204,0.1255620991076998
59,0.3421506756920869,0.0,0.24447779349884513,100,22,0.0,0,0,50,0.4578493243079131,0.8,0.12996010739345504,0.0,0.28662846919093204,0.2,0.1255620991076998,0.0,0.3421506756920869,0.3421506756920869,1.0,0.8,0.0,0.2,0.0,0.12471272376439596,0.12471272376439596,1.0,0.5260285840135771,0.03929123811067878,0.34316193324966404,0.09151824462608014,0.20516496769887543,0.20516496769887543,1.0,0.6630142920067885,0.01964561905533939,0.271580966624832,0.04575912231304007,0.0,0.0,1.0,0.4578493243079131,0.12996010739345504,0.28662846919093204,0.1255620991076998
60,0.3421506756920869,0.0,0.24447779349884513,101,22,0.0,0,1,60,0.4578493243079131,0.8,0.12996010739345504,0.0,0.28662846919093204,0.2,0.1255620991076998,0.0,0.3421506756920869,0.3421506756920869,1.0,0.8,0.0,0.2,0.0,0.029125733421399527,0.029125733421399527,1.0,0.43607982925867644,0.13844501120870287,0.2792722308187692,0.14620292871385152,0.16019059032142516,0.16019059032142516,1.0,0.6180399146293383,0.06922250560435143,0.2396361154093846,0.07310146435692576,0.0,0.0,1.0,0.4578493243079131,0.12996010739345504,0.28662846919093204,0.1255620991076998
61,0.3421506756920869,0.0,0.24447779349884513,120,22,0.0,0,0,60,0.4578493243079131,0.8,0.12996010739345504,0.0,0.28662846919093204,0.2,0.1255620991076998,0.0,0.3421506756920869,0.3421506756920869,1.0,0.8,0.0,0.2,0.0,0.029125733421399527,0.029125733421399527,1.0,0.43607982925867644,0.13844501120870287,0.2792722308187692,0.14620292871385152,0.16019059032142516,0.16019059032142516,1.0,0.6180399146293383,0.06922250560435143,0.2396361154093846,0.07310146435692576,0.0,0.0,1.0,0.4578493243079131,0.12996010739345504,0.28662846919093204,0.1255620991076998
62,0.3421506756920869,0.0,0.24447779349884513,104,22,0.0,0,0,60,0.4578493243079131,0.8,0.12996010739345504,0.0,0.28662846919093204,0.2,0.1255620991076998,0.0,0.3421506756920869,0.3421506756920869,1.0,0.8,0.0,0.2,0.0,0.029125733421399527,0.029125733421399527,1.0,0.43607982925867644,0.13844501120870287,0.2792722308187692,0.14620292871385152,0.16019059032142516,0.16019059032142516,1.0,0.6180399146293383,0.06922250560435143,0.2396361154093846,0.07310146435692576,0.0,0.0,1.0,0.4578493243079131,0.12996010739345504,0.28662846919093204,0.1255620991076998
63,0.3421506756920869,0.0,0.24447779349884513,109,22,0.0,0,0,60,0.4578493243079131,0.8,0.12996010739345504,0.0,0.28662846919093204,0.2,0.1255620991076998,0.0,0.3421506756920869,0.3421506756920869,1.0,0.8,0.0,0.2,0.0,0.029125733421399527,0.029125733421399527,1.0,0.43607982925867644,0.13844501120870287,0.2792722308187692,0.14620292871385152,0.16019059032142516,0.16019059032142516,1.0,0.6180399146293383,0.06922250560435143,0.2396361154093846,0.07310146435692576,0.0,0.0,1.0,0.4578493243079131,0.12996010739345504,0.28662846919093204,0.1255620991076998
64,0.3421506756920869,0.0,0.24447779349884513,93,22,0.0,0,0,60,0.4578493243079131,0.8,0.12996010739345504,0.0,0.28662846919093204,0.2,0.1255620991076998,0.0,0.3421506756920869,0.3421506756920869,1.0,0.8,0.0,0.2,0.0,0.029125733421399527,0.029125733421399527,1.0,0.43607982925867644,0.13844501120870287,0.2792722308187692,0.14620292871385152,0.16019059032142516,0.16019059032142516,1.0,0.6180399146293383,0.06922250560435143,0.2396361154093846,0.07310146435692576,0.0,0.0,1.0,0.4578493243079131,0.12996010739345504,0.28662846919093204,0.1255620991076998
65,0.3421506756920869,0.0,0.24447779349884513,117,22,0.0,0,0,60,0.4578493243079131,0.8,0.12996010739345504,0.0,0.28662846919093204,0.2,0.1255620991076998,0.0,0.3421506756920869,0.3421506756920869,1.0,0.8,0.0,0.2,0.0,0.029125733421399527,0.029125733421399527,1.0,0.43607982925867644,0.13844501120870287,0.2792722308187692,0.14620292871385152,0.16019059032142516,0.16019059032142516,1.0,0.6180399146293383,0.06922250560435143,0.2396361154093846,0.07310146435692576,0.0,0.0,1.0,0.4578493243079131,0.12996010739345504,0.28662846919093204,0.1255620991076998
66,0.3421506756920869,0.0,0.24447779349884513,96,22,0.0,0,0,60,0.4578493243079131,0.8,0.12996010739345504,0.0,0.28662846919093204,0.2,0.1255620991076998,0.0,0.3421506756920869,0.3421506756920869,1.0,0.8,0.0,0.2,0.0,0.029125733421399527,0.029125733421399527,1.0,0.43607982925867644,0.13844501120870287,0.2792722308187692,0.14620292871385152,0.16019059032142516,0.16019059032142516,1.0,0.6180399146293383,0.06922250560435143,0.2396361154093846,0.07310146435692576,0.0,0.0,1.0,0.4578493243079131,0.12996010739345504,0.28662846919093204,0.1255620991076998
67,0.3421506756920869,0.0,0.24447779349884513,100,22,0.0,0,0,60,0.4578493243079131,0.8,0.12996010739345504,0.0,0.28662846919093204,0.2,0.1255620991076998,0.0,0.3421506756920869,0.3421506756920869,1.0,0.8,0.0,0.2,0.0,0.029125733421399527,0.029125733421399527,1.0,0.43607982925867644,0.13844501120870287,0.2792722308187692,0.14620292871385152,0.16019059032142516,0.16019059032142516,1.0,0.6180399146293383,0.06922250560435143,0.2396361154093846,0.07310146435692576,0.0,0.0,1.0,0.4578493243079131,0.12996010739345504,0.28662846919093204,0.1255620991076998
68,0.3421506756920869,0.0,0.24447779349884513,108,22,0.0,0,0,60,0.4578493243079131,0.8,0.12996010739345504,0.0,0.28662846919093204,0.2,0.1255620991076998,0.0,0.3421506756920869,0.3421506756920869,1.0,0.8,0.0,0.2,0.0,0.029125733421399527,0.029125733421399527,1.0,0.43607982925867644,0.13844501120870287,0.2792722308187692,0.14620292871385152,0.16019059032142516,0.16019059032142516,1.0,0.6180399146293383,0.06922250560435143,0.2396361154093846,0.07310146435692576,0.0,0.0,1.0,0.4578493243079131,0.12996010739345504,0.28662846919093204,0.1255620991076998
69,0.3421506756920869,0.0,0.24447779349884513,109,22,0.0,0,0,60,0.4578493243079131,0.8,0.12996010739345504,0.0,0.28662846919093204,0.2,0.1255620991076998,0.0,0.3421506756920869,0.3421506756920869,1.0,0.8,0.0,0.2,0.0,0.029125733421399527,0.029125733421399527,1.0,0.43607982925867644,0.13844501120870287,0.2792722308187692,0.14620292871385152,0.16019059032142516,0.16019059032142516,1.0,0.6180399146293383,0.06922250560435143,0.2396361154093846,0.07310146435692576,0.0,0.0,1.0,0.4578493243079131,0.12996010739345504,0.28662846919093204,0.1255620991076998
70,0.3421506756920869,0.0,0.24447779349884513,99,22,0.0,0,1,70,0.4578493243079131,0.8,0.12996010739345504,0.0,0.28662846919093204,0.2,0.1255620991076998,0.0,0.3421506756920869,0.3421506756920869,1.0,0.8,0.0,0.2,0.0,0.06049635520289112,0.06049635520289112,1.0,0.4345927707757084,0.17119895862972864,0.30588597315754956,0.08832229743701336,0.1594470610799411,0.1594470610799411,1.0,0.6172963853878543,0.08559947931486432,0.2529429865787748,0.04416114871850668,0.0,0.0,1.0,0.4578493243079131,0.12996010739345504,0.28662846919093204,0.1255620991076998
71,0.3421506756920869,0.0,0.24447779349884513,122,22,0.0,0,0,70,0.4578493243079131,0.8,0.12996010739345504,0.0,0.28662846919093204,0.2,0.1255620991076998,0.0,0.3421506756920869,0.3421506756920869,1.0,0.8,0.0,0.2,0.0,0.06049635520289112,0.06049635520289112,1.0,0.4345927707757084,0.17119895862972864,0.30588597315754956,0.08832229743701336,0.1594470610799411,0.1594470610799411,1.0,0.6172963853878543,0.08559947931486432,0.2529429865787748,0.04416114871850668,0.0,0.0,1.0,0.4578493243079131,0.12996010739345504,0.28662846919093204,0.1255620991076998
72,0.3421506756920869,0.0,0.24447779349884513,112,22,0.0,0,0,70,0.4578493243079131,0.8,0.12996010739345504,0.0,0.28662846919093204,0.2,0.1255620991076998,0.0,0.3421506756920869,0.3421506756920869,1.0,0.8,0.0,0.2,0.0,0.06049635520289112,0.06049635520289112,1.0,0.4345927707757084,0.17119895862972864,0.30588597315754956,0.08832229743701336,0.1594470610799411,0.1594470610799411,1.0,0.6172963853878543,0.08559947931486432,0.2529429865787748,0.04416114871850668,0.0,0.0,1.0,0.4578493243079131,0.12996010739345504,0.28662846919093204,0.1255620991076998
73,0.3421506756920869,0.0,0.24447779349884513,101,22,0.0,0,0,70,0.4578493243079131,0.8,0.12996010739345504,0.0,0.28662846919093204,0.2,0.1255620991076998,0.0,0.3421506756920869,0.3421506756920869,1.0,0.8,0.0,0.2,0.0,0.06049635520289112,0.06049635520289112,1.0,0.4345927707757084,0.17119895862972864,0.30588597315754956,0.08832229743701336,0.1594470610799411,0.1594470610799411,1.0,0.6172963853878543,0.08559947931486432,0.2529429865787748,0.04416114871850668,0.0,0.0,1.0,0.4578493243079131,0.12996010739345504,0.28662846919093204,0.1255620991076998
74,0.3421506756920869,0.0,0.24447779349884513,123,22,0.0,0,0,70,0.4578493243079131,0.8,0.12996010739345504,0.0,0.28662846919093204,0.2,0.1255620991076998,0.0,0.3421506756920869,0.3421506756920869,1.0,0.8,0.0,0.2,0.0,0.06049635520289112,0.06049635520289112,1.0,0.4345927707757084,0.17119895862972864,0.30588597315754956,0.08832229743701336,0.1594470610799411,0.1594470610799411,1.0,0.6172963853878543,0.08559947931486432,0.2529429865787748,0.04416114871850668,0.0,0.0,1.0,0.4578493243079131,0.12996010739345504,0.28662846919093204,0.1255620991076998
75,0.3421506756920869,0.0,0.24447779349884513,114,22,0.0,0,0,70,0.4578493243079131,0.8,0.12996010739345504,0.0,0.28662846919093204,0.2,0.1255620991076998,0.0,0.3421506756920869,0.3421506756920869,1.0,0.8,0.0,0.2,0.0,0.06049635520289112,0.06049635520289112,1.0,0.4345927707757084,0.17119895862972864,0.30588597315754956,0.08832229743701336,0.1594470610799411,0.1594470610799411,1.0,0.6172963853878543,0.08559947931486432,0.2529429865787748,0.04416114871850668,0.0,0.0,1.0,0.4578493243079131,0.12996010739345504,0.28662846919093204,0.1255620991076998
76,0.3421506756920869,0.0,0.24447779349884513,108,22,0.0,0,0,70,0.4578493243079131,0.8,0.12996010739345504,0.0,0.28662846919093204,0.2,0.1255620991076998,0.0,0.3421506756920869,0.3421506756920869,1.0,0.8,0.0,0.2,0.0,0.06049635520289112,0.06049635520289112,1.0,0.4345927707757084,0.17119895862972864,0.30588597315754956,0.08832229743701336,0.1594470610799411,0.1594470610799411,1.0,0.6172963853878543,0.08559947931486432,0.2529429865787748,0.04416114871850668,0.0,0.0,1.0,0.4578493243079131,0.12996010739345504,0.28662846919093204,0.1255620991076998
77,0.3421506756920869,0.0,0.24447779349884513,92,22,0.0,0,0,70,0.4578493243079131,0.8,0.12996010739345504,0.0,0.28662846919093204,0.2,0.1255620991076998,0.0,0.3421506756920869,0.3421506756920869,1.0,0.8,0.0,0.2,0.0,0.06049635520289112,0.06049635520289112,1.0,0.4345927707757084,0.17119895862972864,0.30588597315754956,0.08832229743701336,0.1594470610799411,0.1594470610799411,1.0,0.6172963853878543,0.08559947931486432,0.2529429865787748,0.04416114871850668,0.0,0.0,1.0,0.4578493243079131,0.12996010739345504,0.28662846919093204,0.1255620991076998
78,0.3421506756920869,0.0,0.24447779349884513,104,22,0.0,0,0,70,0.4578493243079131,0.8,0.12996010739345504,0.0,0.28662846919093204,0.2,0.1255620991076998,0.0,0.3421506756920869,0.3421506756920869,1.0,0.8,0.0,0.2,0.0,0.06049635520289112,0.06049635520289112,1.0,0.4345927707757084,0.17119895862972864,0.30588597315754956,0.08832229743701336,0.1594470610799411,0.1594470610799411,1.0,0.6172963853878543,0.08559947931486432,0.2529429865787748,0.04416114871850668,0.0,0.0,1.0,0.4578493243079131,0.12996010739345504,0.28662846919093204,0.1255620991076998
79,0.3421506756920869,0.0,0.24447779349884513,108,22,0.0,0,0,70,0.4578493243079131,0.8,0.12996010739345504,0.0,0.28662846919093204,0.2,0.1255620991076998,0.0,0.3421506756920869,0.3421506756920869,1.0,0.8,0.0,0.2,0.0,0.06049635520289112,0.06049635520289112,1.0,0.4345927707757084,0.17119895862972864,0.30588597315754956,0.08832229743701336,0.1594470610799411,0.1594470610799411,1.0,0.6172963853878543,0.08559947931486432,0.2529429865787748,0.04416114871850668,0.0,0.0,1.0,0.4578493243079131,0.12996010739345504,0.28662846919093204,0.1255620991076998
80,0.3421506756920869,0.0,0.24447779349884513,117,22,0.0,0,1,80,0.4578493243079131,0.8,0.12996010739345504,0.0,0.28662846919093204,0.2,0.1255620991076998,0.0,0.3421506756920869,0.3421506756920869,1.0,0.8,0.0,0.2,0.0,0.10756968958063517,0.10756968958063517,1.0,0.4490700711374449,0.09166046497134463,0.3941981587715672,0.06507130511964322,0.17715632145566096,0.17715632145566096,1.0,0.6245350355687225,0.04583023248567231,0.2970990793857836,0.03253565255982161,0.0,0.0,1.0,0.4578493243079131,0.12996010739345504,0.28662846919093204,0.1255620991076998
81,0.3421506756920869,0.0,0.24447779349884513,112,22,0.0,0,0,80,0.4578493243079131,0.8,0.12996010739345504,0.0,0.28662846919093204,0.2,0.1255620991076998,0.0,0.3421506756920869,0.3421506756920869,1.0,0.8,0.0,0.2,0.0,0.10756968958063517,0.10756968958063517,1.0,0.4490700711374449,0.09166046497134463,0.3941981587715672,0.06507130511964322,0.17715632145566096,0.17715632145566096,1.0,0.6245350355687225,0.04583023248567231,0.2970990793857836,0.03253565255982161,0.0,0.0,1.0,0.4578493243079131,0.12996010739345504,0.28662846919093204,0.1255620991076998
82,0.3421506756920869,0.0,0.24447779349884513,110,22,0.0,0,0,80,0.4578493243079131,0.8,0.12996010739345504,0.0,0.28662846919093204,0.2,0.1255620991076998,0.0,0.3421506756920869,0.3421506756920869,1.0,0.8,0.0,0.2,0.0,0.10756968958063517,0.10756968958063517,1.0,0.4490700711374449,0.09166046497134463,0.3941981587715672,0.06507130511964322,0.17715632145566096,0.17715632145566096,1.0,0.6245350355687225,0.04583023248567231,0.2970990793857836,0.03253565255982161,0.0,0.0,1.0,0.4578493243079131,0.12996010739345504,0.28662846919093204,0.1255620991076998
83,0.3421506756920869,0.0,0.24447779349884513,108,22,0.0,0,0,80,0.4578493243079131,0.8,0.12996010739345504,0.0,0.28662846919093204,0.2,0.1255620991076998,0.0,0.3421506756920869,0.3421506756920869,1.0,0.8,0.0,0.2,0.0,0.10756968958063517,0.10756968958063517,1.0,0.4490700711374449,0.09166046497134463,0.3941981587715672,0.06507130511964322,0.17715632145566096,0.17715632145566096,1.0,0.6245350355687225,0.04583023248567231,0.2970990793857836,0.03253565255982161,0.0,0.0,1.0,0.4578493243079131,0.12996010739345504,0.28662846919093204,0.1255620991076998
84,0.3421506756920869,0.0,0.24447779349884513,118,22,0.0,0,0,80,0.4578493243079131,0.8,0.12996010739345504,0.0,0.28662846919093204,0.2,0.1255620991076998,0.0,0.3421506756920869,0.3421506756920869,1.0,0.8,0.0,0.2,0.0,0.10756968958063517,0.10756968958063517,1.0,0.4490700711374449,0.09166046497134463,0.3941981587715672,0.06507130511964322,0.17715632145566096,0.17715632145566096,1.0,0.6245350355687225,0.04583023248567231,0.2970990793857836,0.03253565255982161,0.0,0.0,1.0,0.4578493243079131,0.12996010739345504,0.28662846919093204,0.1255620991076998
85,0.3421506756920869,0.0,0.24447779349884513,108,22,0.0,0,0,80,0.4578493243079131,0.8,0.12996010739345504,0.0,0.28662846919093204,0.2,0.1255620991076998,0.0,0.3421506756920869,0.3421506756920869,1.0,0.8,0.0,0.2,0.0,0.10756968958063517,0.10756968958063517,1.0,0.4490700711374449,0.09166046497134463,0.3941981587715672,0.06507130511964322,0.17715632145566096,0.17715632145566096,1.0,0.6245350355687225,0.04583023248567231,0.2970990793857836,0.03253565255982161,0.0,0.0,1.0,0.4578493243079131,0.12996010739345504,0.28662846919093204,0.1255620991076998
86,0.3421506756920869,0.0,0.24447779349884513,117,22,0.0,0,0,80,0.4578493243079131,0.8,0.12996010739345504,0.0,0.28662846919093204,0.2,0.1255620991076998,0.0,0.3421506756920869,0.3421506756920869,1.0,0.8,0.0,0.2,0.0,0.10756968958063517,0.10756968958063517,1.0,0.4490700711374449,0.09166046497134463,0.3941981587715672,0.06507130511964322,0.17715632145566096,0.17715632145566096,1.0,0.6245350355687225,0.04583023248567231,0.2970990793857836,0.03253565255982161,0.0,0.0,1.0,0.4578493243079131,0.12996010739345504,0.28662846919093204,0.1255620991076998
87,0.3421506756920869,0.0,0.24447779349884513,117,22,0.0,0,0,80,0.4578493243079131,0.8,0.12996010739345504,0.0,0.28662846919093204,0.2,0.1255620991076998,0.0,0.3421506756920869,0.3421506756920869,1.0,0.8,0.0,0.2,0.0,0.10756968958063517,0.10756968958063517,1.0,0.4490700711374449,0.09166046497134463,0.3941981587715672,0.06507130511964322,0.17715632145566096,0.17715632145566096,1.0,0.6245350355687225,0.04583023248567231,0.2970990793857836,0.03253565255982161,0.0,0.0,1.0,0.4578493243079131,0.12996010739345504,0.28662846919093204,0.1255620991076998
88,0.3421506756920869,0.0,0.24447779349884513,96,22,0.0,0,0,80,0.4578493243079131,0.8,0.12996010739345504,0.0,0.28662846919093204,0.2,0.1255620991076998,0.0,0.3421506756920869,0.3421506756920869,1.0,0.8,0.0,0.2,0.0,0.10756968958063517,0.10756968958063517,1.0,0.4490700711374449,0.09166046497134463,0.3941981587715672,0.06507130511964322,0.17715632145566096,0.17715632145566096,1.0,0.6245350355687225,0.04583023248567231,0.2970990793857836,0.03253565255982161,0.0,0.0,1.0,0.4578493243079131,0.12996010739345504,0.28662846919093204,0.1255620991076998
89,0.3421506756920869,0.0,0.24447779349884513,121,22,0.0,0,0,80,0.4578493243079131,0.8,0.12996010739345504,0.0,0.28662846919093204,0.2,0.1255620991076998,0.0,0.3421506756920869,0.3421506756920869,1.0,0.8,0.0,0.2,0.0,0.10756968958063517,0.10756968958063517,1.0,0.4490700711374449,0.09166046497134463,0.3941981587715672,0.06507130511964322,0.17715632145566096,0.17715632145566096,1.0,0.6245350355687225,0.04583023248567231,0.2970990793857836,0.03253565255982161,0.0,0.0,1.0,0.4578493243079131,0.12996010739345504,0.28662846919093204,0.1255620991076998
90,0.3421506756920869,0.0,0.24447779349884513,106,16,0.0,0,1,90,0.4578493243079131,0.8,0.12996010739345504,0.0,0.28662846919093204,0.2,0.1255620991076998,0.0,0.3421506756920869,0.3421506756920869,1.0,0.8,0.0,0.2,0.0,0.09510177185186852,0.09510177185186852,1.0,0.39797168691784074,0.12578882964270335,0.38173024104280057,0.0945092423966553,0.14537317048147552,0.14537317048147552,1.0,0.5989858434589204,0.06289441482135168,0.2908651205214003,0.04725462119832765,0.0,0.0,1.0,0.4578493243079131,0.12996010739345504,0.28662846919093204,0.1255620991076998
91,0.3421506756920869,0.0,0.24447779349884513,102,16,0.0,0,0,90,0.4578493243079131,0.8,0.12996010739345504,0.0,0.28662846919093204,0.2,0.1255620991076998,0.0,0.3421506756920869,0.3421506756920869,1.0,0.8,0.0,0.2,0.0,0.09510177185186852,0.09510177185186852,1.0,0.39797168691784074,0.12578882964270335,0.38173024104280057,0.0945092423966553,0.14537317048147552,0.14537317048147552,1.0,0.5989858434589204,0.06289441482135168,0.2908651205214003,0.04725462119832765,0.0,0.0,1.0,0.4578493243079131,0.12996010739345504,0.28662846919093204,0.1255620991076998
92,0.3421506756920869,0.0,0.24447779349884513,108,16,0.0,0,0,90,0.4578493243079131,0.8,0.12996010739345504,0.0,0.28662846919093204,0.2,0.1255620991076998,0.0,0.3421506756920869,0.3421506756920869,1.0,0.8,0.0,0.2,0.0,0.09510177185186852,0.09510177185186852,1.0,0.39797168691784074,0.12578882964270335,0.38173024104280057,0.0945092423966553,0.14537317048147552,0.14537317048147552,1.0,0.5989858434589204,0.06289441482135168,0.2908651205214003,0.04725462119832765,0.0,0.0,1.0,0.4578493243079131,0.12996010739345504,0.28662846919093204,0.1255620991076998
93,0.3421506756920869,0.0,0.24447779349884513,111,16,0.0,0,0,90,0.4578493243079131,0.8,0.12996010739345504,0.0,0.28662846919093204,0.2,0.1255620991076998,0.0,0.3421506756920869,0.3421506756920869,1.0,0.8,0.0,0.2,0.0,0.09510177185186852,0.09510177185186852,1.0,0.39797168691784074,0.12578882964270335,0.38173024104280057,0.0945092423966553,0.14537317048147552,0.14537317048147552,1.0,0.5989858434589204,0.06289441482135168,0.2908651205214003,0.04725462119832765,0.0,0.0,1.0,0.4578493243079131,0.12996010739345504,0.28662846919093204,0.1255620991076998
94,0.3421506756920869,0.0,0.24447779349884513,94,16,0.0,0,0,90,0.4578493243079131,0.8,0.12996010739345504,0.0,0.28662846919093204,0.2,0.1255620991076998,0.0,0.3421506756920869,0.3421506756920869,1.0,0.8,0.0,0.2,0.0,0.09510177185186852,0.09510177185186852,1.0,0.39797168691784074,0.12578882964270335,0.38173024104280057,0.0945092423966553,0.14537317048147552,0.14537317048147552,1.0,0.5989858434589204,0.06289441482135168,0.2908651205214003,0.04725462119832765,0.0,0.0,1.0,0.4578493243079131,0.12996010739345504,0.28662846919093204,0.1255620991076998
95,0.3421506756920869,0.0,0.24447779349884513,109,16,0.0,0,0,90,0.4578493243079131,0.8,0.12996010739345504,0.0,0.28662846919093204,0.2,0.1255620991076998,0.0,0.3421506756920869,0.3421506756920869,1.0,0.8,0.0,0.2,0.0,0.09510177185186852,0.09510177185186852,1.0,0.39797168691784074,0.12578882964270335,0.38173024104280057,0.0945092423966553,0.14537317048147552,0.14537317048147552,1.0,0.5989858434589204,0.06289441482135168,0.2908651205214003,0.04725462119832765,0.0,0.0,1.0,0.4578493243079131,0.12996010739345504,0.28662846919093204,0.1255620991076998
96,0.3421506756920869,0.0,0.24447779349884513,105,16,0.0,0,0,90,0.4578493243079131,0.8,0.12996010739345504,0.0,0.28662846919093204,0.2,0.1255620991076998,0.0,0.3421506756920869,0.3421506756920869,1.0,0.8,0.0,0.2,0.0,0.09510177185186852,0.09510177185186852,1.0,0.39797168691784074,0.12578882964270335,0.38173024104280057,0.0945092423966553,0.14537317048147552,0.14537317048147552,1.0,0.5989858434589204,0.06289441482135168,0.2908651205214003,0.04725462119832765,0.0,0.0,1.0,0.4578493243079131,0.12996010739345504,0.28662846919093204,0.1255620991076998
97,0.3421506756920869,0.0,0.24447779349884513,121,16,0.0,0,0,90,0.4578493243079131,0.8,0.12996010739345504,0.0,0.28662846919093204,0.2,0.1255620991076998,0.0,0.3421506756920869,0.3421506756920869,1.0,0.8,0.0,0.2,0.0,0.09510177185186852,0.09510177185186852,1.0,0.39797168691784074,0.12578882964270335,0.38173024104280057,0.0945092423966553,0.14537317048147552,0.14537317048147552,1.0,0.5989858434589204,0.06289441482135168,0.2908651205214003,0.04725462119832765,0.0,0.0,1.0,0.4578493243079131,0.12996010739345504,0.28662846919093204,0.1255620991076998
98,0.3421506756920869,0.0,0.24447779349884513,104,16,0.0,0,0,90,0.4578493243079131,0.8,0.12996010739345504,0.0,0.28662846919093204,0.2,0.1255620991076998,0.0,0.3421506756920869,0.3421506756920869,1.0,0.8,0.0,0.2,0.0,0.09510177185186852,0.09510177185186852,1.0,0.39797168691784074,0.12578882964270335,0.38173024104280057,0.0945092423966553,0.14537317048147552,0.14537317048147552,1.0,0.5989858434589204,0.06289441482135168,0.2908651205214003,0.04725462119832765,0.0,0.0,1.0,0.4578493243079131,0.12996010739345504,0.28662846919093204,0.1255620991076998
99,0.3421506756920869,0.0,0.24447779349884513,109,16,0.0,0,0,90,0.4578493243079131,0.8,0.12996010739345504,0.0,0.28662846919093204,0.2,0.1255620991076998,0.0,0.3421506756920869,0.3421506756920869,1.0,0.8,0.0,0.2,0.0,0.09510177185186852,0.09510177185186852,1.0,0.39797168691784074,0.12578882964270335,0.38173024104280057,0.0945092423966553,0.14537317048147552,0.14537317048147552,1.0,0.5989858434589204,0.06289441482135168,0.2908651205214003,0.04725462119832765,0.0,0.0,1.0,0.4578493243079131,0.12996010739345504,0.28662846919093204,0.1255620991076998
100,0.3744379008923002,0.0,0.24447779349884513,63,4,0.0,0,1,100,0.4578493243079131,0.25,0.12996010739345504,0.0,0.28662846919093204,0.25,0.1255620991076998,0.5,0.31992845346986465,0.31992845346986465,1.0,0.7777777777777778,0.0,0.20202020202020202,0.020202020202020204,0.05409221850534041,0.05409221850534041,1.0,0.4956705627650632,0.07680585699012354,0.3028994492391223,0.12462413100569088,0.1788748459635074,0.1788748459635074,1.0,0.6367241702714205,0.03840292849506177,0.2524598256296622,0.07241307560385554,0.0,0.0,1.0,0.4578493243079131,0.12996010739345504,0.28662846919093204,0.1255620991076998
101,0.38780943170136817,0.0,0.24447779349884513,71,8,0.0,0,0,100,0.4578493243079131,0.2,0.12996010739345504,0.0,0.28662846919093204,0.34833333333333333,0.1255620991076998,0.45166666666666666,0.31992845346986465,0.31992845346986465,1.0,0.7777777777777778,0.0,0.20202020202020202,0.020202020202020204,0.05409221850534041,0.05409221850534041,1.0,0.4956705627650632,0.07680585699012354,0.3028994492391223,0.12462413100569088,0.1788748459635074,0.1788748459635074,1.0,0.6367241702714205,0.03840292849506177,0.2524598256296622,0.07241307560385554,0.0,0.0,1.0,0.4578493243079131,0.12996010739345504,0.28662846919093204,0.1255620991076998
102,0.38780943170136817,0.0,0.24447779349884513,67,11,0.0,0,0,100,0.4578493243079131,0.2,0.12996010739345504,0.0,0.28662846919093204,0.4,0.1255620991076998,0.4,0.31992845346986465,0.31992845346986465,1.0,0.7777777777777778,0.0,0.20202020202020202,0.020202020202020204,0.05409221850534041,0.05409221850534041,1.0,0.4956705627650632,0.07680585699012354,0.3028994492391223,0.12462413100569088,0.1788748459635074,0.1788748459635074,1.0,0.6367241702714205,0.03840292849506177,0.2524598256296622,0.07241307560385554,0.0,0.0,1.0,0.4578493243079131,0.12996010739345504,0.28662846919093204,0.1255620991076998
103,0.38780943170136817,0.0,0.24447779349884513,69,11,0.0,0,0,100,0.4578493243079131,0.2,0.12996010739345504,0.0,0.28662846919093204,0.4,0.1255620991076998,0.4,0.31992845346986465,0.31992845346986465,1.0,0.7777777777777778,0.0,0.20202020202020202,0.020202020202020204,0.05409221850534041,0.05409221850534041,1.0,0.4956705627650632,0.07680585699012354,0.3028994492391223,0.12462413100569088,0.1788748459635074,0.1788748459635074,1.0,0.6367241702714205,0.03840292849506177,0.2524598256296622,0.07241307560385554,0.0,0.0,1.0,0.4578493243079131,0.12996010739345504,0.28662846919093204,0.1255620991076998
104,0.38780943170136817,0.0,0.24447779349884513,78,11,0.0,0,0,100,0.4578493243079131,0.2,0.12996010739345504,0.0,0.28662846919093204,0.4,0.1255620991076998,0.4,0.31992845346986465,0.31992845346986465,1.0,0.7777777777777778,0.0,0.20202020202020202,0.020202020202020204,0.05409221850534041,0.05409221850534041,1.0,0.4956705627650632,0.07680585699012354,0.3028994492391223,0.12462413100569088,0.1788748459635074,0.1788748459635074,1.0,0.6367241702714205,0.03840292849506177,0.2524598256296622,0.07241307560385554,0.0,0.0,1.0,0.4578493243079131,0.12996010739345504,0.28662846919093204,0.1255620991076998
105,0.38780943170136817,0.0,0.24447779349884513,58,11,0.0,0,0,100,0.4578493243079131,0.2,0.12996010739345504,0.0,0.28662846919093204,0.4,0.1255620991076998,0.4,0.31992845346986465,0.31992845346986465,1.0,0.7777777777777778,0.0,0.20202020202020202,0.020202020202020204,0.05409221850534041,0.05409221850534041,1.0,0.4956705627650632,0.07680585699012354,0.3028994492391223,0.12462413100569088,0.1788748459635074,0.1788748459635074,1.0,0.6367241702714205,0.03840292849506177,0.2524598256296622,0.07241307560385554,0.0,0.0,1.0,0.4578493243079131,0.12996010739345504,0.28662846919093204,0.1255620991076998
106,0.38780943170136817,0.0,0.24447779349884513,69,11,0.0,0,0,100,0.4578493243079131,0.2,0.12996010739345504,0.0,0.28662846919093204,0.4,0.1255620991076998,0.4,0.31992845346986465,0.31992845346986465,1.0,0.7777777777777778,0.0,0.20202020202020202,0.020202020202020204,0.05409221850534041,0.05409221850534041,1.0,0.4956705627650632,0.07680585699012354,0.3028994492391223,0.12462413100569088,0.1788748459635074,0.1788748459635074,1.0,0.6367241702714205,0.03840292849506177,0.2524598256296622,0.07241307560385554,0.0,0.0,1.0,0.4578493243079131,0.12996010739345504,0.28662846919093204,0.1255620991076998
107,0.38780943170136817,0.0,0.24447779349884513,73,11,0.0,0,0,100,0.4578493243079131,0.2,0.12996010739345504,0.0,0.28662846919093204,0.4,0.1255620991076998,0.4,0.31992845346986465,0.31992845346986465,1.0,0.7777777777777778,0.0,0.20202020202020202,0.020202020202020204,0.05409221850534041,0.05409221850534041,1.0,0.4956705627650632,0.07680585699012354,0.3028994492391223,0.12462413100569088,0.1788748459635074,0.1788748459635074,1.0,0.6367241702714205,0.03840292849506177,0.2524598256296622,0.07241307560385554,0.0,0.0,1.0,0.4578493243079131,0.12996010739345504,0.28662846919093204,0.1255620991076998
108,0.38780943170136817,0.0,0.24447779349884513,67,11,0.0,0,0,100,0.4578493243079131,0.2,0.12996010739345504,0.0,0.28662846919093204,0.4,0.1255620991076998,0.4,0.31992845346986465,0.31992845346986465,1.0,0.7777777777777778,0.0,0.20202020202020202,0.020202020202020204,0.05409221850534041,0.05409221850534041,1.0,0.4956705627650632,0.07680585699012354,0.3028994492391223,0.12462413100569088,0.1788748459635074,0.1788748459635074,1.0,0.6367241702714205,0.03840292849506177,0.2524598256296622,0.07241307560385554,0.0,0.0,1.0,0.4578493243079131,0.12996010739345504,0.28662846919093204,0.1255620991076998
109,0.38780943170136817,0.0,0.24447779349884513,54,11,0.0,0,0,100,0.4578493243079131,0.2,0.12996010739345504,0.0,0.28662846919093204,0.4,0.1255620991076998,0.4,0.31992845346986465,0.31992845346986465,1.0,0.7777777777777778,0.0,0.20202020202020202,0.020202020202020204,0.05409221850534041,0.05409221850534041,1.0,0.4956705627650632,0.07680585699012354,0.3028994492391223,0.12462413100569088,0.1788748459635074,0.1788748459635074,1.0,0.6367241702714205,0.03840292849506177,0.2524598256296622,0.07241307560385554,0.0,0.0,1.0,0.4578493243079131,0.12996010739345504,0.28662846919093204,0.1255620991076998
110,0.38780943170136817,0.0,0.24447779349884513,77,11,0.0,0,1,110,0.4578493243079131,0.2,0.12996010739345504,0.0,0.28662846919093204,0.4,0.1255620991076998,0.4,0.12996010739345504,0.12996010739345504,1.0,0.47474747474747475,0.0,0.3004208754208754,0.22483164983164983,0.04897474870962225,0.04897474870962225,1.0,0.4898356096305103,0.12849078875511144,0.2391230391196534,0.14255056249472484,0.08257122493656695,0.08257122493656695,1.0,0.4822915421889925,0.06424539437755572,0.26977195727026443,0.18369110616318735,0.0,0.0,1.0,0.4578493243079131,0.12996010739345504,0.28662846919093204,0.1255620991076998
111,0.38780943170136817,0.0,0.24447779349884513,70,11,0.0,0,0,110,0.4578493243079131,0.2,0.12996010739345504,0.0,0.28662846919093204,0.4,0.1255620991076998,0.4,0.12996010739345504,0.12996010739345504,1.0,0.47474747474747475,0.0,0.3004208754208754,0.22483164983164983,0.04897474870962225,0.04897474870962225,1.0,0.4898356096305103,0.12849078875511144,0.2391230391196534,0.14255056249472484,0.08257122493656695,0.08257122493656695,1.0,0.4822915421889925,0.06424539437755572,0.26977195727026443,0.18369110616318735,0.0,0.0,1.0,0.4578493243079131,0.12996010739345504,0.28662846919093204,0.1255620991076998
112,0.38780943170136817,0.0,0.24447779349884513,80,11,0.0,0,0,110,0.4578493243079131,0.2,0.12996010739345504,0.0,0.28662846919093204,0.4,0.1255620991076998,0.4,0.12996010739345504,0.12996010739345504,1.0,0.47474747474747475,0.0,0.3004208754208754,0.22483164983164983,0.04897474870962225,0.04897474870962225,1.0,0.4898356096305103,0.12849078875511144,0.2391230391196534,0.14255056249472484,0.08257122493656695,0.08257122493656695,1.0,0.4822915421889925,0.06424539437755572,0.26977195727026443,0.18369110616318735,0.0,0.0,1.0,0.4578493243079131,0.12996010739345504,0.28662846919093204,0.1255620991076998
113,0.38780943170136817,0.0,0.24447779349884513,57,11,0.0,0,0,110,0.4578493243079131,0.2,0.12996010739345504,0.0,0.28662846919093204,0.4,0.1255620991076998,0.4,0.12996010739345504,0.12996010739345504,1.0,0.47474747474747475,0.0,0.3004208754208754,0.22483164983164983,0.04897474870962225,0.04897474870962225,1.0,0.4898356096305103,0.12849078875511144,0.2391230391196534,0.14255056249472484,0.08257122493656695,0.08257122493656695,1.0,0.4822915421889925,0.06424539437755572,0.26977195727026443,0.18369110616318735,0.0,0.0,1.0,0.4578493243079131,0.12996010739345504,0.28662846919093204,0.1255620991076998
114,0.38780943170136817,0.0,0.24447779349884513,76,11,0.0,0,0,110,0.4578493243079131,0.2,0.12996010739345504,0.0,0.28662846919093204,0.4,0.1255620991076998,0.4,0.12996010739345504,0.12996010739345504,1.0,0.47474747474747475,0.0,0.3004208754208754,0.22483164983164983,0.04897474870962225,0.04897474870962225,1.0,0.4898356096305103,0.12849078875511144,0.2391230391196534,0.14255056249472484,0.08257122493656695,0.08257122493656695,1.0,0.4822915421889925,0.06424539437755572,0.26977195727026443,0.18369110616318735,0.0,0.0,1.0,0.4578493243079131,0.12996010739345504,0.28662846919093204,0.1255620991076998
115,0.38780943170136817,0.0,0.24447779349884513,79,11,0.0,0,0,110,0.4578493243079131,0.2,0.12996010739345504,0.0,0.28662846919093204,0.4,0.1255620991076998,0.4,0.12996010739345504,0.12996010739345504,1.0,0.47474747474747475,0.0,0.3004208754208754,0.22483164983164983,0.04897474870962225,0.04897474870962225,1.0,0.4898356096305103,0.12849078875511144,0.2391230391196534,0.14255056249472484,0.08257122493656695,0.08257122493656695,1.0,0.4822915421889925,0.06424539437755572,0.26977195727026443,0.18369110616318735,0.0,0.0,1.0,0.4578493243079131,0.12996010739345504,0.28662846919093204,0.1255620991076998
116,0.38780943170136817,0.0,0.24447779349884513,88,11,0.0,0,0,110,0.4578493243079131,0.2,0.12996010739345504,0.0,0.28662846919093204,0.4,0.1255620991076998,0.4,0.12996010739345504,0.12996010739345504,1.0,0.47474747474747475,0.0,0.3004208754208754,0.22483164983164983,0.04897474870962225,0.04897474870962225,1.0,0.4898356096305103,0.12849078875511144,0.2391230391196534,0.14255056249472484,0.08257122493656695,0.08257122493656695,1.0,0.4822915421889925,0.06424539437755572,0.26977195727026443,0.18369110616318735,0.0,0.0,1.0,0.4578493243079131,0.12996010739345504,0.28662846919093204,0.1255620991076998
117,0.38780943170136817,0.0,0.24447779349884513,84,11,0.0,0,0,110,0.4578493243079131,0.2,0.12996010739345504,0.0,0.28662846919093204,0.4,0.1255620991076998,0.4,0.12996010739345504,0.12996010739345504,1.0,0.47474747474747475,0.0,0.3004208754208754,0.22483164983164983,0.04897474870962225,0.04897474870962225,1.0,0.4898356096305103,0.12849078875511144,0.2391230391196534,0.14255056249472484,0.08257122493656695,0.08257122493656695,1.0,0.4822915421889925,0.06424539437755572,0.26977195727026443,0.18369110616318735,0.0,0.0,1.0,0.4578493243079131,0.12996010739345504,0.28662846919093204,0.1255620991076998
118,0.38780943170136817,0.0,0.24447779349884513,70,11,0.0,0,0,110,0.4578493243079131,0.2,0.12996010739345504,0.0,0.28662846919093204,0.4,0.1255620991076998,0.4,0.12996010739345504,0.12996010739345504,1.0,0.47474747474747475,0.0,0.3004208754208754,0.22483164983164983,0.04897474870962225,0.04897474870962225,1.0,0.4898356096305103,0.12849078875511144,0.2391230391196534,0.14255056249472484,0.08257122493656695,0.08257122493656695,1.0,0.4822915421889925,0.06424539437755572,0.26977195727026443,0.18369110616318735,0.0,0.0,1.0,0.4578493243079131,0.12996010739345504,0.28662846919093204,0.1255620991076998
119,0.38780943170136817,0.0,0.24447779349884513,77,11,0.0,0,0,110,0.4578493243079131,0.2,0.12996010739345504,0.0,0.28662846919093204,0.4,0.1255620991076998,0.4,0.12996010739345504,0.12996010739345504,1.0,0.47474747474747475,0.0,0.3004208754208754,0.22483164983164983,0.04897474870962225,0.04897474870962225,1.0,0.4898356096305103,0.12849078875511144,0.2391230391196534,0.14255056249472484,0.08257122493656695,0.08257122493656695,1.0,0.4822915421889925,0.06424539437755572,0.26977195727026443,0.18369110616318735,0.0,0.0,1.0,0.4578493243079131,0.12996010739345504,0.28662846919093204,0.1255620991076998
120,0.38780943170136817,0.0,0.24447779349884513,75,11,0.0,0,1,120,0.4578493243079131,0.2,0.12996010739345504,0.0,0.28662846919093204,0.4,0.1255620991076998,0.4,0.3878094317013681,0.3878094317013681,0.0,0.2,0.0,0.39741666666666664,0.40258333333333335,0.08900543079433317,0.08900543079433317,1.0,0.5193301392984068,0.10793647592484229,0.21964666986521164,0.1530867149115393,0.1741761240897436,0.1741761240897436,1.0,0.3596650696492034,0.053968237962421145,0.30853166826593914,0.2778350241224363,0.0,0.0,1.0,0.4578493243079131,0.12996010739345504,0.28662846919093204,0.1255620991076998
121,0.38780943170136817,0.0,0.24447779349884513,68,11,0.0,0,0,120,0.4578493243079131,0.2,0.12996010739345504,0.0,0.28662846919093204,0.4,0.1255620991076998,0.4,0.3878094317013681,0.3878094317013681,0.0,0.2,0.0,0.39741666666666664,0.40258333333333335,0.08900543079433317,0.08900543079433317,1.0,0.5193301392984068,0.10793647592484229,0.21964666986521164,0.1530867149115393,0.1741761240897436,0.1741761240897436,1.0,0.3596650696492034,0.053968237962421145,0.30853166826593914,0.2778350241224363,0.0,0.0,1.0,0.4578493243079131,0.12996010739345504,0.28662846919093204,0.1255620991076998
122,0.38780943170136817,0.0,0.24447779349884513,58,11,0.0,0,0,120,0.4578493243079131,0.2,0.12996010739345504,0.0,0.28662846919093204,0.4,0.1255620991076998,0.4,0.3878094317013681,0.3878094317013681,0.0,0.2,0.0,0.39741666666666664,0.40258333333333335,0.08900543079433317,0.08900543079433317,1.0,0.5193301392984068,0.10793647592484229,0.21964666986521164,0.1530867149115393,0.1741761240897436,0.1741761240897436,1.0,0.3596650696492034,0.053968237962421145,0.30853166826593914,0.2778350241224363,0.0,0.0,1.0,0.4578493243079131,0.12996010739345504,0.28662846919093204,0.1255620991076998
123,0.38780943170136817,0.0,0.24447779349884513,68,11,0.0,0,0,120,0.4578493243079131,0.2,0.12996010739345504,0.0,0.28662846919093204,0.4,0.1255620991076998,0.4,0.3878094317013681,0.3878094317013681,0.0,0.2,0.0,0.39741666666666664,0.40258333333333335,0.08900543079433317,0.08900543079433317,1.0,0.5193301392984068,0.10793647592484229,0.21964666986521164,0.1530867149115393,0.1741761240897436,0.1741761240897436,1.0,0.3596650696492034,0.053968237962421145,0.30853166826593914,0.2778350241224363,0.0,0.0,1.0,0.4578493243079131,0.12996010739345504,0.28662846919093204,0.1255620991076998
124,0.38780943170136817,0.0,0.24447779349884513,64,11,0.0,0,0,120,0.4578493243079131,0.2,0.12996010739345504,0.0,0.28662846919093204,0.4,0.1255620991076998,0.4,0.3878094317013681,0.3878094317013681,0.0,0.2,0.0,0.39741666666666664,0.40258333333333335,0.08900543079433317,0.08900543079433317,1.0,0.5193301392984068,0.10793647592484229,0.21964666986521164,0.1530867149115393,0.1741761240897436,0.1741761240897436,1.0,0.3596650696492034,0.053968237962421145,0.30853166826593914,0.2778350241224363,0.0,0.0,1.0,0.4578493243079131,0.12996010739345504,0.28662846919093204,0.1255620991076998
125,0.38780943170136817,0.0,0.24447779349884513,81,11,0.0,0,0,120,0.4578493243079131,0.2,0.12996010739345504,0.0,0.28662846919093204,0.4,0.1255620991076998,0.4,0.3878094317013681,0.3878094317013681,0.0,0.2,0.0,0.39741666666666664,0.40258333333333335,0.08900543079433317,0.08900543079433317,1.0,0.5193301392984068,0.10793647592484229,0.21964666986521164,0.1530867149115393,0.1741761240897436,0.1741761240897436,1.0,0.3596650696492034,0.053968237962421145,0.30853166826593914,0.2778350241224363,0.0,0.0,1.0,0.4578493243079131,0.12996010739345504,0.28662846919093204,0.1255620991076998
126,0.38780943170136817,0.0,0.24447779349884513,70,11,0.0,0,0,120,0.4578493243079131,0.2,0.12996010739345504,0.0,0.28662846919093204,0.4,0.1255620991076998,0.4,0.3878094317013681,0.3878094317013681,0.0,0.2,0.0,0.39741666666666664,0.40258333333333335,0.08900543079433317,0.08900543079433317,1.0,0.5193301392984068,0.10793647592484229,0.21964666986521164,0.1530867149115393,0.1741761240897436,0.1741761240897436,1.0,0.3596650696492034,0.053968237962421145,0.30853166826593914,0.2778350241224363,0.0,0.0,1.0,0.4578493243079131,0.12996010739345504,0.28662846919093204,0.1255620991076998
127,0.38780943170136817,0.0,0.24447779349884513,68,11,0.0,0,0,120,0.4578493243079131,0.2,0.12996010739345504,0.0,0.28662846919093204,0.4,0.1255620991076998,0.4,0.3878094317013681,0.3878094317013681,0.0,0.2,0.0,0.39741666666666664,0.40258333333333335,0.08900543079433317,0.08900543079433317,1.0,0.5193301392984068,0.10793647592484229,0.21964666986521164,0.1530867149115393,0.1741761240897436,0.1741761240897436,1.0,0.3596650696492034,0.053968237962421145,0.30853166826593914,0.2778350241224363,0.0,0.0,1.0,0.4578493243079131,0.12996010739345504,0.28662846919093204,0.1255620991076998
128,0.38780943170136817,0.0,0.24447779349884513,74,11,0.0,0,0,120,0.4578493243079131,0.2,0.12996010739345504,0.0,0.28662846919093204,0.4,0.1255620991076998,0.4,0.3878094317013681,0.3878094317013681,0.0,0.2,0.0,0.39741666666666664,0.40258333333333335,0.08900543079433317,0.08900543079433317,1.0,0.5193301392984068,0.10793647592484229,0.21964666986521164,0.1530867149115393,0.1741761240897436,0.1741761240897436,1.0,0.3596650696492034,0.053968237962421145,0.30853166826593914,0.2778350241224363,0.0,0.0,1.0,0.4578493243079131,0.12996010739345504,0.28662846919093204,0.1255620991076998
129,0.38780943170136817,0.0,0.24447779349884513,75,11,0.0,0,0,120,0.4578493243079131,0.2,0.12996010739345504,0.0,0.28662846919093204,0.4,0.1255620991076998,0.4,0.3878094317013681,0.3878094317013681,0.0,0.2,0.0,0.39741666666666664,0.40258333333333335,0.08900543079433317,0.08900543079433317,1.0,0.5193301392984068,0.10793647592484229,0.21964666986521164,0.1530867149115393,0.1741761240897436,0.1741761240897436,1.0,0.3596650696492034,0.053968237962421145,0.30853166826593914,0.2778350241224363,0.0,0.0,1.0,0.4578493243079131,0.12996010739345504,0.28662846919093204,0.1255620991076998
130,0.38780943170136817,0.0,0.24447779349884513,78,11,0.0,0,1,130,0.4578493243079131,0.2,0.12996010739345504,0.0,0.28662846919093204,0.4,0.1255620991076998,0.4,0.38780943170136817,0.38780943170136817,0.0,0.2,0.0,0.4,0.4,0.0696100006088295,0.0696100006088295,1.0,0.5274593249167426,0.11010493345394799,0.24743393285380264,0.11500180877550681,0.16902730251602283,0.16902730251602283,1.0,0.36372966245837135,0.055052466726973996,0.32371696642690134,0.2575009043877534,0.0,0.0,1.0,0.4578493243079131,0.12996010739345504,0.28662846919093204,0.1255620991076998
131,0.38780943170136817,0.0,0.24447779349884513,76,11,0.0,0,0,130,0.4578493243079131,0.2,0.12996010739345504,0.0,0.28662846919093204,0.4,0.1255620991076998,0.4,0.38780943170136817,0.38780943170136817,0.0,0.2,0.0,0.4,0.4,0.0696100006088295,0.0696100006088295,1.0,0.5274593249167426,0.11010493345394799,0.24743393285380264,0.11500180877550681,0.16902730251602283,0.16902730251602283,1.0,0.36372966245837135,0.055052466726973996,0.32371696642690134,0.2575009043877534,0.0,0.0,1.0,0.4578493243079131,0.12996010739345504,0.28662846919093204,0.1255620991076998
132,0.38780943170136817,0.0,0.24447779349884513,70,11,0.0,0,0,130,0.4578493243079131,0.2,0.12996010739345504,0.0,0.28662846919093204,0.4,0.1255620991076998,0.4,0.38780943170136817,0.38780943170136817,0.0,0.2,0.0,0.4,0.4,0.0696100006088295,0.0696100006088295,1.0,0.5274593249167426,0.11010493345394799,0.24743393285380264,0.11500180877550681,0.16902730251602283,0.16902730251602283,1.0,0.36372966245837135,0.055052466726973996,0.32371696642690134,0.2575009043877534,0.0,0.0,1.0,0.4578493243079131,0.12996010739345504,0.28662846919093204,0.1255620991076998
133,0.38780943170136817,0.0,0.24447779349884513,72,11,0.0,0,0,130,0.4578493243079131,0.2,0.12996010739345504,0.0,0.28662846919093204,0.4,0.1255620991076998,0.4,0.38780943170136817,0.38780943170136817,0.0,0.2,0.0,0.4,0.4,0.0696100006088295,0.0696100006088295,1.0,0.5274593249167426,0.11010493345394799,0.24743393285380264,0.11500180877550681,0.16902730251602283,0.16902730251602283,1.0,0.36372966245837135,0.055052466726973996,0.32371696642690134,0.2575009043877534,0.0,0.0,1.0,0.4578493243079131,0.12996010739345504,0.28662846919093204,0.1255620991076998
134,0.38780943170136817,0.0,0.24447779349884513,80,11,0.0,0,0,130,0.4578493243079131,0.2,0.12996010739345504,0.0,0.28662846919093204,0.4,0.1255620991076998,0.4,0.38780943170136817,0.38780943170136817,0.0,0.2,0.0,0.4,0.4,0.0696100006088295,0.0696100006088295,1.0,0.5274593249167426,0.11010493345394799,0.24743393285380264,0.11500180877550681,0.16902730251602283,0.16902730251602283,1.0,0.36372966245837135,0.055052466726973996,0.32371696642690134,0.2575009043877534,0.0,0.0,1.0,0.4578493243079131,0.12996010739345504,0.28662846919093204,0.1255620991076998
135,0.38780943170136817,0.0,0.24447779349884513,71,11,0.0,0,0,130,0.4578493243079131,0.2,0.12996010739345504,0.0,0.28662846919093204,0.4,0.1255620991076998,0.4,0.38780943170136817,0.38780943170136817,0.0,0.2,0.0,0.4,0.4,0.0696100006088295,0.0696100006088295,1.0,0.5274593249167426,0.11010493345394799,0.24743393285380264,0.11500180877550681,0.16902730251602283,0.16902730251602283,1.0,0.36372966245837135,0.055052466726973996,0.32371696642690134,0.2575009043877534,0.0,0.0,1.0,0.4578493243079131,0.12996010739345504,0.28662846919093204,0.1255620991076998
136,0.38780943170136817,0.0,0.24447779349884513,77,11,0.0,0,0,130,0.4578493243079131,0.2,0.12996010739345504,0.0,0.28662846919093204,0.4,0.1255620991076998,0.4,0.38780943170136817,0.38780943170136817,0.0,0.2,0.0,0.4,0.4,0.0696100006088295,0.0696100006088295,1.0,0.5274593249167426,0.11010493345394799,0.24743393285380264,0.11500180877550681,0.16902730251602283,0.16902730251602283,1.0,0.36372966245837135,0.055052466726973996,0.32371696642690134,0.2575009043877534,0.0,0.0,1.0,0.4578493243079131,0.12996010739345504,0.28662846919093204,0.1255620991076998
137,0.38780943170136817,0.0,0.24447779349884513,69,11,0.0,0,0,130,0.4578493243079131,0.2,0.12996010739345504,0.0,0.28662846919093204,0.4,0.1255620991076998,0.4,0.38780943170136817,0.38780943170136817,0.0,0.2,0.0,0.4,0.4,0.0696100006088295,0.0696100006088295,1.0,0.5274593249167426,0.11010493345394799,0.24743393285380264,0.11500180877550681,0.16902730251602283,0.16902730251602283,1.0,0.36372966245837135,0.055052466726973996,0.32371696642690134,0.2575009043877534,0.0,0.0,1.0,0.4578493243079131,0.12996010739345504,0.28662846919093204,0.1255620991076998
138,0.38780943170136817,0.0,0.24447779349884513,66,11,0.0,0,0,130,0.4578493243079131,0.2,0.12996010739345504,0.0,0.28662846919093204,0.4,0.1255620991076998,0.4,0.38780943170136817,0.38780943170136817,0.0,0.2,0.0,0.4,0.4,0.0696100006088295,0.0696100006088295,1.0,0.5274593249167426,0.11010493345394799,0.24743393285380264,0.11500180877550681,0.16902730251602283,0.16902730251602283,1.0,0.36372966245837135,0.055052466726973996,0.32371696642690134,0.2575009043877534,0.0,0.0,1.0,0.4578493243079131,0.12996010739345504,0.28662846919093204,0.1255620991076998
139,0.38780943170136817,0.0,0.24447779349884513,79,11,0.0,0,0,130,0.4578493243079131,0.2,0.12996010739345504,0.0,0.28662846919093204,0.4,0.1255620991076998,0.4,0.38780943170136817,0.38780943170136817,0.0,0.2,0.0,0.4,0.4,0.0696100006088295,0.0696100006088295,1.0,0.5274593249167426,0.11010493345394799,0.24743393285380264,0.11500180877550681,0.16902730251602283,0.16902730251602283,1.0,0.36372966245837135,0.055052466726973996,0.32371696642690134,0.2575009043877534,0.0,0.0,1.0,0.4578493243079131,0.12996010739345504,0.28662846919093204,0.1255620991076998
140,0.38780943170136817,0.0,0.24447779349884513,79,11,0.0,0,1,140,0.4578493243079131,0.2,0.12996010739345504,0.0,0.28662846919093204,0.4,0.1255620991076998,0.4,0.38780943170136817,0.38780943170136817,0.0,0.2,0.0,0.4,0.4,0.11111019009833857,0.11111019009833857,1.0,0.38910335745792696,0.16103238478650994,0.3666663818962157,0.08319787585934735,0.21274156057914967,0.21274156057914967,0.0,0.2945516787289635,0.08051619239325497,0.38333319094810786,0.24159893792967368,0.0,0.0,1.0,0.4578493243079131,0.12996010739345504,0.28662846919093204,0.1255620991076998
141,0.38780943170136817,0.0,0.24447779349884513,90,11,0.0,0,0,140,0.4578493243079131,0.2,0.12996010739345504,0.0,0.28662846919093204,0.4,0.1255620991076998,0.4,0.38780943170136817,0.38780943170136817,0.0,0.2,0.0,0.4,0.4,0.11111019009833857,0.11111019009833857,1.0,0.38910335745792696,0.16103238478650994,0.3666663818962157,0.08319787585934735,0.21274156057914967,0.21274156057914967,0.0,0.2945516787289635,0.08051619239325497,0.38333319094810786,0.24159893792967368,0.0,0.0,1.0,0.4578493243079131,0.12996010739345504,0.28662846919093204,0.1255620991076998
142,0.38780943170136817,0.0,0.24447779349884513,67,11,0.0,0,0,140,0.4578493243079131,0.2,0.12996010739345504,0.0,0.28662846919093204,0.4,0.1255620991076998,0.4,0.38780943170136817,0.38780943170136817,0.0,0.2,0.0,0.4,0.4,0.11111019009833857,0.11111019009833857,1.0,0.38910335745792696,0.16103238478650994,0.3666663818962157,0.08319787585934735,0.21274156057914967,0.21274156057914967,0.0,0.2945516787289635,0.08051619239325497,0.38333319094810786,0.24159893792967368,0.0,0.0,1.0,0.4578493243079131,0.12996010739345504,0.28662846919093204,0.1255620991076998
143,0.38780943170136817,0.0,0.24447779349884513,57,11,0.0,0,0,140,0.4578493243079131,0.2,0.12996010739345504,0.0,0.28662846919093204,0.4,0.1255620991076998,0.4,0.38780943170136817,0.38780943170136817,0.0,0.2,0.0,0.4,0.4,0.11111019009833857,0.11111019009833857,1.0,0.38910335745792696,0.16103238478650994,0.3666663818962157,0.08319787585934735,0.21274156057914967,0.21274156057914967,0.0,0.2945516787289635,0.08051619239325497,0.38333319094810786,0.24159893792967368,0.0,0.0,1.0,0.4578493243079131,0.12996010739345504,0.28662846919093204,0.1255620991076998
144,0.38780943170136817,0.0,0.24447779349884513,82,11,0.0,0,0,140,0.4578493243079131,0.2,0.12996010739345504,0.0,0.28662846919093204,0.4,0.1255620991076998,0.4,0.38780943170136817,0.38780943170136817,0.0,0.2,0.0,0.4,0.4,0.11111019009833857,0.11111019009833857,1.0,0.38910335745792696,0.16103238478650994,0.3666663818962157,0.08319787585934735,0.21274156057914967,0.21274156057914967,0.0,0.2945516787289635,0.08051619239325497,0.38333319094810786,0.24159893792967368,0.0,0.0,1.0,0.4578493243079131,0.12996010739345504,0.28662846919093204,0.1255620991076998
145,0.38780943170136817,0.0,0.24447779349884513,86,11,0.0,0,0,140,0.4578493243079131,0.2,0.12996010739345504,0.0,0.28662846919093204,0.4,0.1255620991076998,0.4,0.38780943170136817,0.38780943170136817,0.0,0.2,0.0,0.4,0.4,0.11111019009833857,0.11111019009833857,1.0,0.38910335745792696,0.16103238478650994,0.3666663818962157,0.08319787585934735,0.21274156057914967,0.21274156057914967,0.0,0.2945516787289635,0.08051619239325497,0.38333319094810786,0.24159893792967368,0.0,0.0,1.0,0.4578493243079131,0.12996010739345504,0.28662846919093204,0.1255620991076998
146,0.38780943170136817,0.0,0.24447779349884513,65,11,0.0,0,0,140,0.4578493243079131,0.2,0.12996010739345504,0.0,0.28662846919093204,0.4,0.1255620991076998,0.4,0.38780943170136817,0.38780943170136817,0.0,0.2,0.0,0.4,0.4,0.11111019009833857,0.11111019009833857,1.0,0.38910335745792696,0.16103238478650994,0.3666663818962157,0.08319787585934735,0.21274156057914967,0.21274156057914967,0.0,0.2945516787289635,0.08051619239325497,0.38333319094810786,0.24159893792967368,0.0,0.0,1.0,0.4578493243079131,0.12996010739345504,0.28662846919093204,0.1255620991076998
147,0.38780943170136817,0.0,0.24447779349884513,69,11,0.0,0,0,140,0.4578493243079131,0.2,0.12996010739345504,0.0,0.28662846919093204,0.4,0.1255620991076998,0.4,0.38780943170136817,0.38780943170136817,0.0,0.2,0.0,0.4,0.4,0.11111019009833857,0.11111019009833857,1.0,0.38910335745792696,0.16103238478650994,0.3666663818962157,0.08319787585934735,0.21274156057914967,0.21274156057914967,0.0,0.2945516787289635,0.08051619239325497,0.38333319094810786,0.24159893792967368,0.0,0.0,1.0,0.4578493243079131,0.12996010739345504,0.28662846919093204,0.1255620991076998
148,0.38780943170136817,0.0,0.24447779349884513,58,11,0.0,0,0,140,0.4578493243079131,0.2,0.12996010739345504,0.0,0.28662846919093204,0.4,0.1255620991076998,0.4,0.38780943170136817,0.38780943170136817,0.0,0.2,0.0,0.4,0.4,0.11111019009833857,0.11111019009833857,1.0,0.38910335745792696,0.16103238478650994,0.3666663818962157,0.08319787585934735,0.21274156057914967,0.21274156057914967,0.0,0.2945516787289635,0.08051619239325497,0.38333319094810786,0.24159893792967368,0.0,0.0,1.0,0.4578493243079131,0.12996010739345504,0.28662846919093204,0.1255620991076998
149,0.38780943170136817,0.0,0.24447779349884513,78,11,0.0,0,0,140,0.4578493243079131,0.2,0.12996010739345504,0.0,0.28662846919093204,0.4,0.1255620991076998,0.4,0.38780943170136817,0.38780943170136817,0.0,0.2,0.0,0.4,0.4,0.11111019009833857,0.11111019009833857,1.0,0.38910335745792696,0.16103238478650994,0.3666663818962157,0.08319787585934735,0.21274156057914967,0.21274156057914967,0.0,0.2945516787289635,0.08051619239325497,0.38333319094810786,0.24159893792967368,0.0,0.0,1.0,0.4578493243079131,0.12996010739345504,0.28662846919093204,0.1255620991076998
150,0.38780943170136817,0.0,0.24447779349884513,60,11,0.0,0,1,150,0.4578493243079131,0.2,0.12996010739345504,0.0,0.28662846919093204,0.4,0.1255620991076998,0.4,0.38780943170136817,0.38780943170136817,0.0,0.2,0.0,0.4,0.4,0.07185155012133529,0.07185155012133529,1.0,0.4463608618599655,0.11642639905334018,0.3584800193122673,0.07873271977442695,0.2064158012447153,0.2064158012447153,0.0,0.3231804309299827,0.05821319952667009,0.3792400096561337,0.2393663598872135,0.0,0.0,1.0,0.4578493243079131,0.12996010739345504,0.28662846919093204,0.1255620991076998
151,0.38780943170136817,0.0,0.24447779349884513,67,11,0.0,0,0,150,0.4578493243079131,0.2,0.12996010739345504,0.0,0.28662846919093204,0.4,0.1255620991076998,0.4,0.38780943170136817,0.38780943170136817,0.0,0.2,0.0,0.4,0.4,0.07185155012133529,0.07185155012133529,1.0,0.4463608618599655,0.11642639905334018,0.3584800193122673,0.07873271977442695,0.2064158012447153,0.2064158012447153,0.0,0.3231804309299827,0.05821319952667009,0.3792400096561337,0.2393663598872135,0.0,0.0,1.0,0.4578493243079131,0.12996010739345504,0.28662846919093204,0.1255620991076998
152,0.38780943170136817,0.0,0.24447779349884513,90,11,0.0,0,0,150,0.4578493243079131,0.2,0.12996010739345504,0.0,0.28662846919093204,0.4,0.1255620991076998,0.4,0.38780943170136817,0.38780943170136817,0.0,0.2,0.0,0.4,0.4,0.07185155012133529,0.07185155012133529,1.0,0.4463608618599655,0.11642639905334018,0.3584800193122673,0.07873271977442695,0.2064158012447153,0.2064158012447153,0.0,0.3231804309299827,0.05821319952667009,0.3792400096561337,0.2393663598872135,0.0,0.0,1.0,0.4578493243079131,0.12996010739345504,0.28662846919093204,0.1255620991076998
153,0.38780943170136817,0.0,0.24447779349884513,78,11,0.0,0,0,150,0.4578493243079131,0.2,0.12996010739345504,0.0,0.28662846919093204,0.4,0.1255620991076998,0.4,0.38780943170136817,0.38780943170136817,0.0,0.2,0.0,0.4,0.4,0.07185155012133529,0.07185155012133529,1.0,0.4463608618599655,0.11642639905334018,0.3584800193122673,0.07873271977442695,0.2064158012447153,0.2064158012447153,0.0,0.3231804309299827,0.05821319952667009,0.3792400096561337,0.2393663598872135,0.0,0.0,1.0,0.4578493243079131,0.12996010739345504,0.28662846919093204,0.1255620991076998
154,0.38780943170136817,0.0,0.24447779349884513,68,11,0.0,0,0,150,0.4578493243079131,0.2,0.12996010739345504,0.0,0.28662846919093204,0.4,0.1255620991076998,0.4,0.38780943170136817,0.38780943170136817,0.0,0.2,0.0,0.4,0.4,0.07185155012133529,0.07185155012133529,1.0,0.4463608618599655,0.11642639905334018,0.3584800193122673,0.07873271977442695,0.2064158012447153,0.2064158012447153,0.0,0.3231804309299827,0.05821319952667009,0.3792400096561337,0.2393663598872135,0.0,0.0,1.0,0.4578493243079131,0.12996010739345504,0.28662846919093204,0.1255620991076998
155,0.38780943170136817,0.0,0.24447779349884513,64,11,0.0,0,0,150,0.4578493243079131,0.2,0.12996010739345504,0.0,0.28662846919093204,0.4,0.1255620991076998,0.4,0.38780943170136817,0.38780943170136817,0.0,0.2,0.0,0.4,0.4,0.07185155012133529,0.07185155012133529,1.0,0.4463608618599655,0.11642639905334018,0.3584800193122673,0.07873271977442695,0.2064158012447153,0.2064158012447153,0.0,0.3231804309299827,0.05821319952667009,0.3792400096561337,0.2393663598872135,0.0,0.0,1.0,0.4578493243079131,0.12996010739345504,0.28662846919093204,0.1255620991076998
156,0.38780943170136817,0.0,0.24447779349884513,68,11,0.0,0,0,150,0.4578493243079131,0.2,0.12996010739345504,0.0,0.28662846919093204,0.4,0.1255620991076998,0.4,0.38780943170136817,0.38780943170136817,0.0,0.2,0.0,0.4,0.4,0.07185155012133529,0.07185155012133529,1.0,0.4463608618599655,0.11642639905334018,0.3584800193122673,0.07873271977442695,0.2064158012447153,0.2064158012447153,0.0,0.3231804309299827,0.05821319952667009,0.3792400096561337,0.2393663598872135,0.0,0.0,1.0,0.4578493243079131,0.12996010739345504,0.28662846919093204,0.1255620991076998
157,0.38780943170136817,0.0,0.24447779349884513,58,11,0.0,0,0,150,0.4578493243079131,0.2,0.12996010739345504,0.0,0.28662846919093204,0.4,0.1255620991076998,0.4,0.38780943170136817,0.38780943170136817,0.0,0.2,0.0,0.4,0.4,0.07185155012133529,0.07185155012133529,1.0,0.4463608618599655,0.11642639905334018,0.3584800193122673,0.07873271977442695,0.2064158012447153,0.2064158012447153,0.0,0.3231804309299827,0.05821319952667009,0.3792400096561337,0.2393663598872135,0.0,0.0,1.0,0.4578493243079131,0.12996010739345504,0.28662846919093204,0.1255620991076998
158,0.38780943170136817,0.0,0.24447779349884513,80,11,0.0,0,0,150,0.4578493243079131,0.2,0.12996010739345504,0.0,0.28662846919093204,0.4,0.1255620991076998,0.4,0.38780943170136817,0.38780943170136817,0.0,0.2,0.0,0.4,0.4,0.07185155012133529,0.07185155012133529,1.0,0.4463608618599655,0.11642639905334018,0.3584800193122673,0.07873271977442695,0.2064158012447153,0.2064158012447153,0.0,0.3231804309299827,0.05821319952667009,0.3792400096561337,0.2393663598872135,0.0,0.0,1.0,0.4578493243079131,0.12996010739345504,0.28662846919093204,0.1255620991076998
159,0.38780943170136817,0.0,0.24447779349884513,61,11,0.0,0,0,150,0.4578493243079131,0.2,0.12996010739345504,0.0,0.28662846919093204,0.4,0.1255620991076998,0.4,0.38780943170136817,0.38780943170136817,0.0,0.2,0.0,0.4,0.4,0.07185155012133529,0.07185155012133529,1.0,0.4463608618599655,0.11642639905334018,0.3584800193122673,0.07873271977442695,0.2064158012447153,0.2064158012447153,0.0,0.3231804309299827,0.05821319952667009,0.3792400096561337,0.2393663598872135,0.0,0.0,1.0,0.4578493243079131,0.12996010739345504,0.28662846919093204,0.1255620991076998
160,0.38780943170136817,0.0,0.24447779349884513,74,11,0.0,0,1,160,0.4578493243079131,0.2,0.12996010739345504,0.0,0.28662846919093204,0.4,0.1255620991076998,0.4,0.38780943170136817,0.38780943170136817,0.0,0.2,0.0,0.4,0.4,0.03525670195893238,0.03525670195893238,1.0,0.45867140362870334,0.15261286698672127,0.25137176723199967,0.1373439621525757,0.1821672963936558,0.1821672963936558,1.0,0.3293357018143517,0.07630643349336064,0.3256858836159998,0.26867198107628787,0.0,0.0,1.0,0.4578493243079131,0.12996010739345504,0.28662846919093204,0.1255620991076998
161,0.38780943170136817,0.0,0.24447779349884513,67,11,0.0,0,0,160,0.4578493243079131,0.2,0.12996010739345504,0.0,0.28662846919093204,0.4,0.1255620991076998,0.4,0.38780943170136817,0.38780943170136817,0.0,0.2,0.0,0.4,0.4,0.03525670195893238,0.03525670195893238,1.0,0.45867140362870334,0.15261286698672127,0.25137176723199967,0.1373439621525757,0.1821672963936558,0.1821672963936558,1.0,0.3293357018143517,0.07630643349336064,0.3256858836159998,0.26867198107628787,0.0,0.0,1.0,0.4578493243079131,0.12996010739345504,0.28662846919093204,0.1255620991076998
162,0.38780943170136817,0.0,0.24447779349884513,70,11,0.0,0,0,160,0.4578493243079131,0.2,0.12996010739345504,0.0,0.28662846919093204,0.4,0.1255620991076998,0.4,0.38780943170136817,0.38780943170136817,0.0,0.2,0.0,0.4,0.4,0.03525670195893238,0.03525670195893238,1.0,0.45867140362870334,0.15261286698672127,0.25137176723199967,0.1373439621525757,0.1821672963936558,0.1821672963936558,1.0,0.3293357018143517,0.07630643349336064,0.3256858836159998,0.26867198107628787,0.0,0.0,1.0,0.4578493243079131,0.12996010739345504,0.28662846919093204,0.1255620991076998
163,0.38780943170136817,0.0,0.24447779349884513,79,11,0.0,0,0,160,0.4578493243079131,0.2,0.12996010739345504,0.0,0.28662846919093204,0.4,0.1255620991076998,0.4,0.38780943170136817,0.38780943170136817,0.0,0.2,0.0,0.4,0.4,0.03525670195893238,0.03525670195893238,1.0,0.45867140362870334,0.15261286698672127,0.25137176723199967,0.1373439621525757,0.1821672963936558,0.1821672963936558,1.0,0.3293357018143517,0.07630643349336064,0.3256858836159998,0.26867198107628787,0.0,0.0,1.0,0.4578493243079131,0.12996010739345504,0.28662846919093204,0.1255620991076998
164,0.38780943170136817,0.0,0.24447779349884513,73,11,0.0,0,0,160,0.4578493243079131,0.2,0.12996010739345504,0.0,0.28662846919093204,0.4,0.1255620991076998,0.4,0.38780943170136817,0.38780943170136817,0.0,0.2,0.0,0.4,0.4,0.03525670195893238,0.03525670195893238,1.0,0.45867140362870334,0.15261286698672127,0.25137176723199967,0.1373439621525757,0.1821672963936558,0.1821672963936558,1.0,0.3293357018143517,0.07630643349336064,0.3256858836159998,0.26867198107628787,0.0,0.0,1.0,0.4578493243079131,0.12996010739345504,0.28662846919093204,0.1255620991076998
165,0.38780943170136817,0.0,0.24447779349884513,63,11,0.0,0,0,160,0.4578493243079131,0.2,0.12996010739345504,0.0,0.28662846919093204,0.4,0.1255620991076998,0.4,0.38780943170136817,0.38780943170136817,0.0,0.2,0.0,0.4,0.4,0.03525670195893238,0.03525670195893238,1.0,0.45867140362870334,0.15261286698672127,0.25137176723199967,0.1373439621525757,0.1821672963936558,0.1821672963936558,1.0,0.3293357018143517,0.07630643349336064,0.3256858836159998,0.26867198107628787,0.0,0.0,1.0,0.4578493243079131,0.12996010739345504,0.28662846919093204,0.1255620991076998
166,0.38780943170136817,0.0,0.24447779349884513,67,11,0.0,0,0,160,0.4578493243079131,0.2,0.12996010739345504,0.0,0.28662846919093204,0.4,0.1255620991076998,0.4,0.38780943170136817,0.38780943170136817,0.0,0.2,0.0,0.4,0.4,0.03525670195893238,0.03525670195893238,1.0,0.45867140362870334,0.15261286698672127,0.25137176723199967,0.1373439621525757,0.1821672963936558,0.1821672963936558,1.0,0.3293357018143517,0.07630643349336064,0.3256858836159998,0.26867198107628787,0.0,0.0,1.0,0.4578493243079131,0.12996010739345504,0.28662846919093204,0.1255620991076998
167,0.38780943170136817,0.0,0.24447779349884513,71,11,0.0,0,0,160,0.4578493243079131,0.2,0.12996010739345504,0.0,0.28662846919093204,0.4,0.1255620991076998,0.4,0.38780943170136817,0.38780943170136817,0.0,0.2,0.0,0.4,0.4,0.03525670195893238,0.03525670195893238,1.0,0.45867140362870334,0.15261286698672127,0.25137176723199967,0.1373439621525757,0.1821672963936558,0.1821672963936558,1.0,0.3293357018143517,0.07630643349336064,0.3256858836159998,0.26867198107628787,0.0,0.0,1.0,0.4578493243079131,0.12996010739345504,0.28662846919093204,0.1255620991076998
168,0.38780943170136817,0.0,0.24447779349884513,71,11,0.0,0,0,160,0.4578493243079131,0.2,0.12996010739345504,0.0,0.28662846919093204,0.4,0.1255620991076998,0.4,0.38780943170136817,0.38780943170136817,0.0,0.2,0.0,0.4,0.4,0.03525670195893238,0.03525670195893238,1.0,0.45867140362870334,0.15261286698672127,0.25137176723199967,0.1373439621525757,0.1821672963936558,0.1821672963936558,1.0,0.3293357018143517,0.07630643349336064,0.3256858836159998,0.26867198107628787,0.0,0.0,1.0,0.4578493243079131,0.12996010739345504,0.28662846919093204,0.1255620991076998
169,0.38780943170136817,0.0,0.24447779349884513,83,11,0.0,0,0,160,0.4578493243079131,0.2,0.12996010739345504,0.0,0.28662846919093204,0.4,0.1255620991076998,0.4,0.38780943170136817,0.38780943170136817,0.0,0.2,0.0,0.4,0.4,0.03525670195893238,0.03525670195893238,1.0,0.45867140362870334,0.15261286698672127,0.25137176723199967,0.1373439621525757,0.1821672963936558,0.1821672963936558,1.0,0.3293357018143517,0.07630643349336064,0.3256858836159998,0.26867198107628787,0.0,0.0,1.0,0.4578493243079131,0.12996010739345504,0.28662846919093204,0.1255620991076998
170,0.38780943170136817,0.0,0.24447779349884513,69,11,0.0,0,1,170,0.4578493243079131,0.2,0.12996010739345504,0.0,0.28662846919093204,0.4,0.1255620991076998,0.4,0.38780943170136817,0.38780943170136817,0.0,0.2,0.0,0.4,0.4,0.005974630049702383,0.005974630049702383,1.0,0.4537957820136073,0.13074440379763602,0.29181880283645345,0.1236410113523032,0.19553933879574648,0.19553933879574648,0.0,0.32689789100680366,0.06537220189881801,0.34590940141822674,0.2618205056761516,0.0,0.0,1.0,0.4578493243079131,0.12996010739345504,0.28662846919093204,0.1255620991076998
171,0.38780943170136817,0.0,0.24447779349884513,66,11,0.0,0,0,170,0.4578493243079131,0.2,0.12996010739345504,0.0,0.28662846919093204,0.4,0.1255620991076998,0.4,0.38780943170136817,0.38780943170136817,0.0,0.2,0.0,0.4,0.4,0.005974630049702383,0.005974630049702383,1.0,0.4537957820136073,0.13074440379763602,0.29181880283645345,0.1236410113523032,0.19553933879574648,0.19553933879574648,0.0,0.32689789100680366,0.06537220189881801,0.34590940141822674,0.2618205056761516,0.0,0.0,1.0,0.4578493243079131,0.12996010739345504,0.28662846919093204,0.1255620991076998
172,0.38780943170136817,0.0,0.24447779349884513,54,11,0.0,0,0,170,0.4578493243079131,0.2,0.12996010739345504,0.0,0.28662846919093204,0.4,0.1255620991076998,0.4,0.38780943170136817,0.38780943170136817,0.0,0.2,0.0,0.4,0.4,0.005974630049702383,0.005974630049702383,1.0,0.4537957820136073,0.13074440379763602,0.29181880283645345,0.1236410113523032,0.19553933879574648,0.19553933879574648,0.0,0.32689789100680366,0.06537220189881801,0.34590940141822674,0.2618205056761516,0.0,0.0,1.0,0.4578493243079131,0.12996010739345504,0.28662846919093204,0.1255620991076998
173,0.38780943170136817,0.0,0.24447779349884513,61,11,0.0,0,0,170,0.4578493243079131,0.2,0.12996010739345504,0.0,0.28662846919093204,0.4,0.1255620991076998,0.4,0.38780943170136817,0.38780943170136817,0.0,0.2,0.0,0.4,0.4,0.005974630049702383,0.005974630049702383,1.0,0.4537957820136073,0.13074440379763602,0.29181880283645345,0.1236410113523032,0.19553933879574648,0.19553933879574648,0.0,0.32689789100680366,0.06537220189881801,0.34590940141822674,0.2618205056761516,0.0,0.0,1.0,0.4578493243079131,0.12996010739345504,0.28662846919093204,0.1255620991076998
174,0.38780943170136817,0.0,0.24447779349884513,65,11,0.0,0,0,170,0.4578493243079131,0.2,0.12996010739345504,0.0,0.28662846919093204,0.4,0.1255620991076998,0.4,0.38780943170136817,0.38780943170136817,0.0,0.2,0.0,0.4,0.4,0.005974630049702383,0.005974630049702383,1.0,0.4537957820136073,0.13074440379763602,0.29181880283645345,0.1236410113523032,0.19553933879574648,0.19553933879574648,0.0,0.32689789100680366,0.06537220189881801,0.34590940141822674,0.2618205056761516,0.0,0.0,1.0,0.4578493243079131,0.12996010739345504,0.28662846919093204,0.1255620991076998
175,0.38780943170136817,0.0,0.24447779349884513,70,11,0.0,0,0,170,0.4578493243079131,0.2,0.12996010739345504,0.0,0.28662846919093204,0.4,0.1255620991076998,0.4,0.38780943170136817,0.38780943170136817,0.0,0.2,0.0,0.4,0.4,0.005974630049702383,0.005974630049702383,1.0,0.4537957820136073,0.13074440379763602,0.29181880283645345,0.1236410113523032,0.19553933879574648,0.19553933879574648,0.0,0.32689789100680366,0.06537220189881801,0.34590940141822674,0.2618205056761516,0.0,0.0,1.0,0.4578493243079131,0.12996010739345504,0.28662846919093204,0.1255620991076998
176,0.38780943170136817,0.0,0.24447779349884513,69,11,0.0,0,0,170,0.4578493243079131,0.2,0.12996010739345504,0.0,0.28662846919093204,0.4,0.1255620991076998,0.4,0.38780943170136817,0.38780943170136817,0.0,0.2,0.0,0.4,0.4,0.005974630049702383,0.005974630049702383,1.0,0.4537957820136073,0.13074440379763602,0.29181880283645345,0.1236410113523032,0.19553933879574648,0.19553933879574648,0.0,0.32689789100680366,0.06537220189881801,0.34590940141822674,0.2618205056761516,0.0,0.0,1.0,0.4578493243079131,0.12996010739345504,0.28662846919093204,0.1255620991076998
177,0.38780943170136817,0.0,0.24447779349884513,85,11,0.0,0,0,170,0.4578493243079131,0.2,0.12996010739345504,0.0,0.28662846919093204,0.4,0.1255620991076998,0.4,0.38780943170136817,0.38780943170136817,0.0,0.2,0.0,0.4,0.4,0.005974630049702383,0.005974630049702383,1.0,0.4537957820136073,0.13074440379763602,0.29181880283645345,0.1236410113523032,0.19553933879574648,0.19553933879574648,0.0,0.32689789100680366,0.06537220189881801,0.34590940141822674,0.2618205056761516,0.0,0.0,1.0,0.4578493243079131,0.12996010739345504,0.28662846919093204,0.1255620991076998
178,0.38780943170136817,0.0,0.24447779349884513,78,11,0.0,0,0,170,0.4578493243079131,0.2,0.12996010739345504,0.0,0.28662846919093204,0.4,0.1255620991076998,0.4,0.38780943170136817,0.38780943170136817,0.0,0.2,0.0,0.4,0.4,0.005974630049702383,0.005974630049702383,1.0,0.4537957820136073,0.13074440379763602,0.29181880283645345,0.1236410113523032,0.19553933879574648,0.19553933879574648,0.0,0.32689789100680366,0.06537220189881801,0.34590940141822674,0.2618205056761516,0.0,0.0,1.0,0.4578493243079131,0.12996010739345504,0.28662846919093204,0.1255620991076998
179,0.38780943170136817,0.0,0.24447779349884513,68,11,0.0,0,0,170,0.4578493243079131,0.2,0.12996010739345504,0.0,0.28662846919093204,0.4,0.1255620991076998,0.4,0.38780943170136817,0.38780943170136817,0.0,0.2,0.0,0.4,0.4,0.005974630049702383,0.005974630049702383,1.0,0.4537957820136073,0.13074440379763602,0.29181880283645345,0.1236410113523032,0.19553933879574648,0.19553933879574648,0.0,0.32689789100680366,0.06537220189881801,0.34590940141822674,0.2618205056761516,0.0,0.0,1.0,0.4578493243079131,0.12996010739345504,0.28662846919093204,0.1255620991076998
180,0.38780943170136817,0.0,0.24447779349884513,64,11,0.0,0,1,180,0.4578493243079131,0.2,0.12996010739345504,0.0,0.28662846919093204,0.4,0.1255620991076998,0.4,0.38780943170136817,0.38780943170136817,0.0,0.2,0.0,0.4,0.4,0.03535382712333969,0.03535382712333969,1.0,0.4609168143039059,0.10282200171237393,0.2784127477486735,0.15784843623504669,0.20594002369322822,0.20594002369322822,0.0,0.33045840715195296,0.05141100085618697,0.3392063738743367,0.2789242181175233,0.0,0.0,1.0,0.4578493243079131,0.12996010739345504,0.28662846919093204,0.1255620991076998
181,0.38780943170136817,0.0,0.24447779349884513,58,11,0.0,0,0,180,0.4578493243079131,0.2,0.12996010739345504,0.0,0.28662846919093204,0.4,0.1255620991076998,0.4,0.38780943170136817,0.38780943170136817,0.0,0.2,0.0,0.4,0.4,0.03535382712333969,0.03535382712333969,1.0,0.4609168143039059,0.10282200171237393,0.2784127477486735,0.15784843623504669,0.20594002369322822,0.20594002369322822,0.0,0.33045840715195296,0.05141100085618697,0.3392063738743367,0.2789242181175233,0.0,0.0,1.0,0.4578493243079131,0.12996010739345504,0.28662846919093204,0.1255620991076998
182,0.38780943170136817,0.0,0.24447779349884513,72,11,0.0,0,0,180,0.4578493243079131,0.2,0.12996010739345504,0.0,0.28662846919093204,0.4,0.1255620991076998,0.4,0.38780943170136817,0.38780943170136817,0.0,0.2,0.0,0.4,0.4,0.03535382712333969,0.03535382712333969,1.0,0.4609168143039059,0.10282200171237393,0.2784127477486735,0.15784843623504669,0.20594002369322822,0.20594002369322822,0.0,0.33045840715195296,0.05141100085618697,0.3392063738743367,0.2789242181175233,0.0,0.0,1.0,0.4578493243079131,0.12996010739345504,0.28662846919093204,0.1255620991076998
183,0.38780943170136817,0.0,0.24447779349884513,76,11,0.0,0,0,180,0.4578493243079131,0.2,0.12996010739345504,0.0,0.28662846919093204,0.4,0.1255620991076998,0.4,0.38780943170136817,0.38780943170136817,0.0,0.2,0.0,0.4,0.4,0.03535382712333969,0.03535382712333969,1.0,0.4609168143039059,0.10282200171237393,0.2784127477486735,0.15784843623504669,0.20594002369322822,0.20594002369322822,0.0,0.33045840715195296,0.05141100085618697,0.3392063738743367,0.2789242181175233,0.0,0.0,1.0,0.4578493243079131,0.12996010739345504,0.28662846919093204,0.1255620991076998
184,0.38780943170136817,0.0,0.24447779349884513,72,11,0.0,0,0,180,0.4578493243079131,0.2,0.12996010739345504,0.0,0.28662846919093204,0.4,0.1255620991076998,0.4,0.38780943170136817,0.38780943170136817,0.0,0.2,0.0,0.4,0.4,0.03535382712333969,0.03535382712333969,1.0,0.4609168143039059,0.10282200171237393,0.2784127477486735,0.15784843623504669,0.20594002369322822,0.20594002369322822,0.0,0.33045840715195296,0.05141100085618697,0.3392063738743367,0.2789242181175233,0.0,0.0,1.0,0.4578493243079131,0.12996010739345504,0.28662846919093204,0.1255620991076998
185,0.38780943170136817,0.0,0.24447779349884513,77,11,0.0,0,0,180,0.4578493243079131,0.2,0.12996010739345504,0.0,0.28662846919093204,0.4,0.1255620991076998,0.4,0.38780943170136817,0.38780943170136817,0.0,0.2,0.0,0.4,0.4,0.03535382712333969,0.03535382712333969,1.0,0.4609168143039059,0.10282200171237393,0.2784127477486735,0.15784843623504669,0.20594002369322822,0.20594002369322822,0.0,0.33045840715195296,0.05141100085618697,0.3392063738743367,0.2789242181175233,0.0,0.0,1.0,0.4578493243079131,0.12996010739345504,0.28662846919093204,0.1255620991076998
186,0.38780943170136817,0.0,0.24447779349884513,83,11,0.0,0,0,180,0.4578493243079131,0.2,0.12996010739345504,0.0,0.28662846919093204,0.4,0.1255620991076998,0.4,0.38780943170136817,0.38780943170136817,0.0,0.2,0.0,0.4,0.4,0.03535382712333969,0.03535382712333969,1.0,0.4609168143039059,0.10282200171237393,0.2784127477486735,0.15784843623504669,0.20594002369322822,0.20594002369322822,0.0,0.33045840715195296,0.05141100085618697,0.3392063738743367,0.2789242181175233,0.0,0.0,1.0,0.4578493243079131,0.12996010739345504,0.28662846919093204,0.1255620991076998
187,0.38780943170136817,0.0,0.24447779349884513,56,11,0.0,0,0,180,0.4578493243079131,0.2,0.12996010739345504,0.0,0.28662846919093204,0.4,0.1255620991076998,0.4,0.38780943170136817,0.38780943170136817,0.0,0.2,0.0,0.4,0.4,0.03535382712333969,0.03535382712333969,1.0,0.4609168143039059,0.10282200171237393,0.2784127477486735,0.15784843623504669,0.20594002369322822,0.20594002369322822,0.0,0.33045840715195296,0.05141100085618697,0.3392063738743367,0.2789242181175233,0.0,0.0,1.0,0.4578493243079131,0.12996010739345504,0.28662846919093204,0.1255620991076998
188,0.38780943170136817,0.0,0.24447779349884513,81,11,0.0,0,0,180,0.4578493243079131,0.2,0.12996010739345504,0.0,0.28662846919093204,0.4,0.1255620991076998,0.4,0.38780943170136817,0.38780943170136817,0.0,0.2,0.0,0.4,0.4,0.03535382712333969,0.03535382712333969,1.0,0.4609168143039059,0.10282200171237393,0.2784127477486735,0.15784843623504669,0.20594002369322822,0.20594002369322822,0.0,0.33045840715195296,0.05141100085618697,0.3392063738743367,0.2789242181175233,0.0,0.0,1.0,0.4578493243079131,0.12996010739345504,0.28662846919093204,0.1255620991076998
189,0.38780943170136817,0.0,0.24447779349884513,71,11,0.0,0,0,180,0.4578493243079131,0.2,0.12996010739345504,0.0,0.28662846919093204,0.4,0.1255620991076998,0.4,0.38780943170136817,0.38780943170136817,0.0,0.2,0.0,0.4,0.4,0.03535382712333969,0.03535382712333969,1.0,0.4609168143039059,0.10282200171237393,0.2784127477486735,0.15784843623504669,0.20594002369322822,0.20594002369322822,0.0,0.33045840715195296,0.05141100085618697,0.3392063738743367,0.2789242181175233,0.0,0.0,1.0,0.4578493243079131,0.12996010739345504,0.28662846919093204,0.1255620991076998
190,0.38780943170136817,0.0,0.24447779349884513,72,11,0.0,0,1,190,0.4578493243079131,0.2,0.12996010739345504,0.0,0.28662846919093204,0.4,0.1255620991076998,0.4,0.38780943170136817,0.38780943170136817,0.0,0.2,0.0,0.4,0.4,0.09405719929323496,0.09405719929323496,1.0,0.5509408652280608,0.08318049938956971,0.2393508779015824,0.126527757480787,0.17074874939255286,0.17074874939255286,1.0,0.37547043261403046,0.04159024969478486,0.3196754389507912,0.26326387874039353,0.0,0.0,1.0,0.4578493243079131,0.12996010739345504,0.28662846919093204,0.1255620991076998
191,0.38780943170136817,0.0,0.24447779349884513,76,10,0.0,0,0,190,0.4578493243079131,0.2,0.12996010739345504,0.0,0.28662846919093204,0.4,0.1255620991076998,0.4,0.38780943170136817,0.38780943170136817,0.0,0.2,0.0,0.4,0.4,0.09405719929323496,0.09405719929323496,1.0,0.5509408652280608,0.08318049938956971,0.2393508779015824,0.126527757480787,0.17074874939255286,0.17074874939255286,1.0,0.37547043261403046,0.04159024969478486,0.3196754389507912,0.26326387874039353,0.0,0.0,1.0,0.4578493243079131,0.12996010739345504,0.28662846919093204,0.1255620991076998
192,0.38780943170136817,0.0,0.24447779349884513,77,10,0.0,0,0,190,0.4578493243079131,0.2,0.12996010739345504,0.0,0.28662846919093204,0.4,0.1255620991076998,0.4,0.38780943170136817,0.38780943170136817,0.0,0.2,0.0,0.4,0.4,0.09405719929323496,0.09405719929323496,1.0,0.5509408652280608,0.08318049938956971,0.2393508779015824,0.126527757480787,0.17074874939255286,0.17074874939255286,1.0,0.37547043261403046,0.04159024969478486,0.3196754389507912,0.26326387874039353,0.0,0.0,1.0,0.4578493243079131,0.12996010739345504,0.28662846919093204,0.1255620991076998
193,0.38780943170136817,0.0,0.24447779349884513,82,10,0.0,0,0,190,0.4578493243079131,0.2,0.12996010739345504,0.0,0.28662846919093204,0.4,0.1255620991076998,0.4,0.38780943170136817,0.38780943170136817,0.0,0.2,0.0,0.4,0.4,0.09405719929323496,0.09405719929323496,1.0,0.5509408652280608,0.08318049938956971,0.2393508779015824,0.126527757480787,0.17074874939255286,0.17074874939255286,1.0,0.37547043261403046,0.04159024969478486,0.3196754389507912,0.26326387874039353,0.0,0.0,1.0,0.4578493243079131,0.12996010739345504,0.28662846919093204,0.1255620991076998
194,0.38780943170136817,0.0,0.24447779349884513,80,10,0.0,0,0,190,0.4578493243079131,0.2,0.12996010739345504,0.0,0.28662846919093204,0.4,0.1255620991076998,0.4,0.38780943170136817,0.38780943170136817,0.0,0.2,0.0,0.4,0.4,0.09405719929323496,0.09405719929323496,1.0,0.5509408652280608,0.08318049938956971,0.2393508779015824,0.126527757480787,0.17074874939255286,0.17074874939255286,1.0,0.37547043261403046,0.04159024969478486,0.3196754389507912,0.26326387874039353,0.0,0.0,1.0,0.4578493243079131,0.12996010739345504,0.28662846919093204,0.1255620991076998
195,0.38780943170136817,0.0,0.24447779349884513,62,10,0.0,0,0,190,0.4578493243079131,0.2,0.12996010739345504,0.0,0.28662846919093204,0.4,0.1255620991076998,0.4,0.38780943170136817,0.38780943170136817,0.0,0.2,0.0,0.4,0.4,0.09405719929323496,0.09405719929323496,1.0,0.5509408652280608,0.08318049938956971,0.2393508779015824,0.126527757480787,0.17074874939255286,0.17074874939255286,1.0,0.37547043261403046,0.04159024969478486,0.3196754389507912,0.26326387874039353,0.0,0.0,1.0,0.4578493243079131,0.12996010739345504,0.28662846919093204,0.1255620991076998
196,0.38780943170136817,0.0,0.24447779349884513,85,10,0.0,0,0,190,0.4578493243079131,0.2,0.12996010739345504,0.0,0.28662846919093204,0.4,0.1255620991076998,0.4,0.38780943170136817,0.38780943170136817,0.0,0.2,0.0,0.4,0.4,0.09405719929323496,0.09405719929323496,1.0,0.5509408652280608,0.08318049938956971,0.2393508779015824,0.126527757480787,0.17074874939255286,0.17074874939255286,1.0,0.37547043261403046,0.04159024969478486,0.3196754389507912,0.26326387874039353,0.0,0.0,1.0,0.4578493243079131,0.12996010739345504,0.28662846919093204,0.1255620991076998
197,0.38780943170136817,0.0,0.24447779349884513,70,10,0.0,0,0,190,0.4578493243079131,0.2,0.12996010739345504,0.0,0.28662846919093204,0.4,0.1255620991076998,0.4,0.38780943170136817,0.38780943170136817,0.0,0.2,0.0,0.4,0.4,0.09405719929323496,0.09405719929323496,1.0,0.5509408652280608,0.08318049938956971,0.2393508779015824,0.126527757480787,0.17074874939255286,0.17074874939255286,1.0,0.37547043261403046,0.04159024969478486,0.3196754389507912,0.26326387874039353,0.0,0.0,1.0,0.4578493243079131,0.12996010739345504,0.28662846919093204,0.1255620991076998
198,0.38780943170136817,0.0,0.24447779349884513,80,10,0.0,0,0,190,0.4578493243079131,0.2,0.12996010739345504,0.0,0.28662846919093204,0.4,0.1255620991076998,0.4,0.38780943170136817,0.38780943170136817,0.0,0.2,0.0,0.4,0.4,0.09405719929323496,0.09405719929323496,1.0,0.5509408652280608,0.08318049938956971,0.2393508779015824,0.126527757480787,0.17074874939255286,0.17074874939255286,1.0,0.37547043261403046,0.04159024969478486,0.3196754389507912,0.26326387874039353,0.0,0.0,1.0,0.4578493243079131,0.12996010739345504,0.28662846919093204,0.1255620991076998
199,0.38780943170136817,0.0,0.24447779349884513,68,10,0.0,0,0,190,0.4578493243079131,0.2,0.12996010739345504,0.0,0.28662846919093204,0.4,0.1255620991076998,0.4,0.38780943170136817,0.38780943170136817,0.0,0.2,0.0,0.4,0.4,0.09405719929323496,0.09405719929323496,1.0,0.5509408652280608,0.08318049938956971,0.2393508779015824,0.126527757480787,0.17074874939255286,0.17074874939255286,1.0,0.37547043261403046,0.04159024969478486,0.3196754389507912,0.26326387874039353,0.0,0.0,1.0,0.4578493243079131,0.12996010739345504,0.28662846919093204,0.1255620991076998
200,0.09337153080906795,0.0,0.24447779349884513,72,6,0.0,0,1,200,0.4578493243079131,0.39166666666666666,0.12996010739345504,0.125,0.28662846919093204,0.38,0.1255620991076998,0.10333333333333333,0.3719760983680348,0.3719760983680348,0.0,0.20958333333333334,0.00625,0.399,0.38516666666666666,0.08154909912794807,0.08154909912794807,1.0,0.5393984234358612,0.07874493477047236,0.27583687681113506,0.10601976498253146,0.1708210859315347,0.1708210859315347,1.0,0.37449087838459727,0.04249746738523618,0.3374184384055675,0.24559321582459906,0.0,0.0,1.0,0.4578493243079131,0.12996010739345504,0.28662846919093204,0.1255620991076998
201,0.23662846919093206,0.0,0.24447779349884513,74,8,0.0,0,0,200,0.4578493243079131,0.5183333333333333,0.12996010739345504,0.215,0.28662846919093204,0.05,0.1255620991076998,0.21666666666666667,0.3719760983680348,0.3719760983680348,0.0,0.20958333333333334,0.00625,0.399,0.38516666666666666,0.08154909912794807,0.08154909912794807,1.0,0.5393984234358612,0.07874493477047236,0.27583687681113506,0.10601976498253146,0.1708210859315347,0.1708210859315347,1.0,0.37449087838459727,0.04249746738523618,0.3374184384055675,0.24559321582459906,0.0,0.0,1.0,0.4578493243079131,0.12996010739345504,0.28662846919093204,0.1255620991076998
202,0.28662846919093204,0.0,0.24447779349884513,77,10,0.0,0,0,200,0.4578493243079131,0.6,0.12996010739345504,0.2,0.28662846919093204,0.0,0.1255620991076998,0.2,0.3719760983680348,0.3719760983680348,0.0,0.20958333333333334,0.00625,0.399,0.38516666666666666,0.08154909912794807,0.08154909912794807,1.0,0.5393984234358612,0.07874493477047236,0.27583687681113506,0.10601976498253146,0.1708210859315347,0.1708210859315347,1.0,0.37449087838459727,0.04249746738523618,0.3374184384055675,0.24559321582459906,0.0,0.0,1.0,0.4578493243079131,0.12996010739345504,0.28662846919093204,0.1255620991076998
203,0.28662846919093204,0.0,0.24447779349884513,85,10,0.0,0,0,200,0.4578493243079131,0.6,0.12996010739345504,0.2,0.28662846919093204,0.0,0.1255620991076998,0.2,0.3719760983680348,0.3719760983680348,0.0,0.20958333333333334,0.00625,0.399,0.38516666666666666,0.08154909912794807,0.08154909912794807,1.0,0.5393984234358612,0.07874493477047236,0.27583687681113506,0.10601976498253146,0.1708210859315347,0.1708210859315347,1.0,0.37449087838459727,0.04249746738523618,0.3374184384055675,0.24559321582459906,0.0,0.0,1.0,0.4578493243079131,0.12996010739345504,0.28662846919093204,0.1255620991076998
204,0.28662846919093204,0.0,0.24447779349884513,83,10,0.0,0,0,200,0.4578493243079131,0.6,0.12996010739345504,0.2,0.28662846919093204,0.0,0.1255620991076998,0.2,0.3719760983680348,0.3719760983680348,0.0,0.20958333333333334,0.00625,0.399,0.38516666666666666,0.08154909912794807,0.08154909912794807,1.0,0.5393984234358612,0.07874493477047236,0.27583687681113506,0.10601976498253146,0.1708210859315347,0.1708210859315347,1.0,0.37449087838459727,0.04249746738523618,0.3374184384055675,0.24559321582459906,0.0,0.0,1.0,0.4578493243079131,0.12996010739345504,0.28662846919093204,0.1255620991076998
205,0.28662846919093204,0.0,0.24447779349884513,85,10,0.0,0,0,200,0.4578493243079131,0.6,0.12996010739345504,0.2,0.28662846919093204,0.0,0.1255620991076998,0.2,0.3719760983680348,0.3719760983680348,0.0,0.20958333333333334,0.00625,0.399,0.38516666666666666,0.08154909912794807,0.08154909912794807,1.0,0.5393984234358612,0.07874493477047236,0.27583687681113506,0.10601976498253146,0.1708210859315347,0.1708210859315347,1.0,0.37449087838459727,0.04249746738523618,0.3374184384055675,0.24559321582459906,0.0,0.0,1.0,0.4578493243079131,0.12996010739345504,0.28662846919093204,0.1255620991076998
206,0.28662846919093204,0.0,0.24447779349884513,79,10,0.0,0,0,200,0.4578493243079131,0.6,0.12996010739345504,0.2,0.28662846919093204,0.0,0.1255620991076998,0.2,0.3719760983680348,0.3719760983680348,0.0,0.20958333333333334,0.00625,0.399,0.38516666666666666,0.08154909912794807,0.08154909912794807,1.0,0.5393984234358612,0.07874493477047236,0.27583687681113506,0.10601976498253146,0.1708210859315347,0.1708210859315347,1.0,0.37449087838459727,0.04249746738523618,0.3374184384055675,0.24559321582459906,0.0,0.0,1.0,0.4578493243079131,0.12996010739345504,0.28662846919093204,0.1255620991076998
207,0.28662846919093204,0.0,0.24447779349884513,77,10,0.0,0,0,200,0.4578493243079131,0.6,0.12996010739345504,0.2,0.28662846919093204,0.0,0.1255620991076998,0.2,0.3719760983680348,0.3719760983680348,0.0,0.20958333333333334,0.00625,0.399,0.38516666666666666,0.08154909912794807,0.08154909912794807,1.0,0.5393984234358612,0.07874493477047236,0.27583687681113506,0.10601976498253146,0.1708210859315347,0.1708210859315347,1.0,0.37449087838459727,0.04249746738523618,0.3374184384055675,0.24559321582459906,0.0,0.0,1.0,0.4578493243079131,0.12996010739345504,0.28662846919093204,0.1255620991076998
208,0.28662846919093204,0.0,0.24447779349884513,70,10,0.0,0,0,200,0.4578493243079131,0.6,0.12996010739345504,0.2,0.28662846919093204,0.0,0.1255620991076998,0.2,0.3719760983680348,0.3719760983680348,0.0,0.20958333333333334,0.00625,0.399,0.38516666666666666,0.08154909912794807,0.08154909912794807,1.0,0.5393984234358612,0.07874493477047236,0.27583687681113506,0.10601976498253146,0.1708210859315347,0.1708210859315347,1.0,0.37449087838459727,0.04249746738523618,0.3374184384055675,0.24559321582459906,0.0,0.0,1.0,0.4578493243079131,0.12996010739345504,0.28662846919093204,0.1255620991076998
209,0.28662846919093204,0.0,0.24447779349884513,84,10,0.0,0,0,200,0.4578493243079131,0.6,0.12996010739345504,0.2,0.28662846919093204,0.0,0.1255620991076998,0.2,0.3719760983680348,0.3719760983680348,0.0,0.20958333333333334,0.00625,0.399,0.38516666666666666,0.08154909912794807,0.08154909912794807,1.0,0.5393984234358612,0.07874493477047236,0.27583687681113506,0.10601976498253146,0.1708210859315347,0.1708210859315347,1.0,0.37449087838459727,0.04249746738523618,0.3374184384055675,0.24559321582459906,0.0,0.0,1.0,0.4578493243079131,0.12996010739345504,0.28662846919093204,0.1255620991076998
210,0.28662846919093204,0.0,0.24447779349884513,73,10,0.0,0,1,210,0.4578493243079131,0.6,0.12996010739345504,0.2,0.28662846919093204,0.0,0.1255620991076998,0.2,0.16043790089230014,0.16043790089230014,1.0,0.4055,0.107,0.2015,0.286,0.036140380549568044,0.036140380549568044,1.0,0.421708943758345,0.14222461335697406,0.2946712635116359,0.1413951793730449,0.08813549057882267,0.08813549057882267,1.0,0.4136044718791725,0.12461230667848702,0.24808563175581796,0.21369758968652244,0.0,0.0,1.0,0.4578493243079131,0.12996010739345504,0.28662846919093204,0.1255620991076998
211,0.28662846919093204,0.0,0.24447779349884513,69,10,0.0,0,0,210,0.4578493243079131,0.6,0.12996010739345504,0.2,0.28662846919093204,0.0,0.1255620991076998,0.2,0.16043790089230014,0.16043790089230014,1.0,0.4055,0.107,0.2015,0.286,0.036140380549568044,0.036140380549568044,1.0,0.421708943758345,0.14222461335697406,0.2946712635116359,0.1413951793730449,0.08813549057882267,0.08813549057882267,1.0,0.4136044718791725,0.12461230667848702,0.24808563175581796,0.21369758968652244,0.0,0.0,1.0,0.4578493243079131,0.12996010739345504,0.28662846919093204,0.1255620991076998
212,0.28662846919093204,0.0,0.24447779349884513,86,10,0.0,0,0,210,0.4578493243079131,0.6,0.12996010739345504,0.2,0.28662846919093204,0.0,0.1255620991076998,0.2,0.16043790089230014,0.16043790089230014,1.0,0.4055,0.107,0.2015,0.286,0.036140380549568044,0.036140380549568044,1.0,0.421708943758345,0.14222461335697406,0.2946712635116359,0.1413951793730449,0.08813549057882267,0.08813549057882267,1.0,0.4136044718791725,0.12461230667848702,0.24808563175581796,0.21369758968652244,0.0,0.0,1.0,0.4578493243079131,0.12996010739345504,0.28662846919093204,0.1255620991076998
213,0.28662846919093204,0.0,0.24447779349884513,93,10,0.0,0,0,210,0.4578493243079131,0.6,0.12996010739345504,0.2,0.28662846919093204,0.0,0.1255620991076998,0.2,0.16043790089230014,0.16043790089230014,1.0,0.4055,0.107,0.2015,0.286,0.036140380549568044,0.036140380549568044,1.0,0.421708943758345,0.14222461335697406,0.2946712635116359,0.1413951793730449,0.08813549057882267,0.08813549057882267,1.0,0.4136044718791725,0.12461230667848702,0.24808563175581796,0.21369758968652244,0.0,0.0,1.0,0.4578493243079131,0.12996010739345504,0.28662846919093204,0.1255620991076998
214,0.28662846919093204,0.0,0.24447779349884513,90,10,0.0,0,0,210,0.4578493243079131,0.6,0.12996010739345504,0.2,0.28662846919093204,0.0,0.1255620991076998,0.2,0.16043790089230014,0.16043790089230014,1.0,0.4055,0.107,0.2015,0.286,0.036140380549568044,0.036140380549568044,1.0,0.421708943758345,0.14222461335697406,0.2946712635116359,0.1413951793730449,0.08813549057882267,0.08813549057882267,1.0,0.4136044718791725,0.12461230667848702,0.24808563175581796,0.21369758968652244,0.0,0.0,1.0,0.4578493243079131,0.12996010739345504,0.28662846919093204,0.1255620991076998
215,0.28662846919093204,0.0,0.24447779349884513,89,10,0.0,0,0,210,0.4578493243079131,0.6,0.12996010739345504,0.2,0.28662846919093204,0.0,0.1255620991076998,0.2,0.16043790089230014,0.16043790089230014,1.0,0.4055,0.107,0.2015,0.286,0.036140380549568044,0.036140380549568044,1.0,0.421708943758345,0.14222461335697406,0.2946712635116359,0.1413951793730449,0.08813549057882267,0.08813549057882267,1.0,0.4136044718791725,0.12461230667848702,0.24808563175581796,0.21369758968652244,0.0,0.0,1.0,0.4578493243079131,0.12996010739345504,0.28662846919093204,0.1255620991076998
216,0.28662846919093204,0.0,0.24447779349884513,95,10,0.0,0,0,210,0.4578493243079131,0.6,0.12996010739345504,0.2,0.28662846919093204,0.0,0.1255620991076998,0.2,0.16043790089230014,0.16043790089230014,1.0,0.4055,0.107,0.2015,0.286,0.036140380549568044,0.036140380549568044,1.0,0.421708943758345,0.14222461335697406,0.2946712635116359,0.1413951793730449,0.08813549057882267,0.08813549057882267,1.0,0.4136044718791725,0.12461230667848702,0.24808563175581796,0.21369758968652244,0.0,0.0,1.0,0.4578493243079131,0.12996010739345504,0.28662846919093204,0.1255620991076998
217,0.28662846919093204,0.0,0.24447779349884513,73,10,0.0,0,0,210,0.4578493243079131,0.6,0.12996010739345504,0.2,0.28662846919093204,0.0,0.1255620991076998,0.2,0.16043790089230014,0.16043790089230014,1.0,0.4055,0.107,0.2015,0.286,0.036140380549568044,0.036140380549568044,1.0,0.421708943758345,0.14222461335697406,0.2946712635116359,0.1413951793730449,0.08813549057882267,0.08813549057882267,1.0,0.4136044718791725,0.12461230667848702,0.24808563175581796,0.21369758968652244,0.0,0.0,1.0,0.4578493243079131,0.12996010739345504,0.28662846919093204,0.1255620991076998
218,0.28662846919093204,0.0,0.24447779349884513,89,10,0.0,0,0,210,0.4578493243079131,0.6,0.12996010739345504,0.2,0.28662846919093204,0.0,0.1255620991076998,0.2,0.16043790089230014,0.16043790089230014,1.0,0.4055,0.107,0.2015,0.286,0.036140380549568044,0.036140380549568044,1.0,0.421708943758345,0.14222461335697406,0.2946712635116359,0.1413951793730449,0.08813549057882267,0.08813549057882267,1.0,0.4136044718791725,0.12461230667848702,0.24808563175581796,0.21369758968652244,0.0,0.0,1.0,0.4578493243079131,0.12996010739345504,0.28662846919093204,0.1255620991076998
219,0.28662846919093204,0.0,0.24447779349884513,89,10,0.0,0,0,210,0.4578493243079131,0.6,0.12996010739345504,0.2,0.28662846919093204,0.0,0.1255620991076998,0.2,0.16043790089230014,0.16043790089230014,1.0,0.4055,0.107,0.2015,0.286,0.036140380549568044,0.036140380549568044,1.0,0.421708943758345,0.14222461335697406,0.2946712635116359,0.1413951793730449,0.08813549057882267,0.08813549057882267,1.0,0.4136044718791725,0.12461230667848702,0.24808563175581796,0.21369758968652244,0.0,0.0,1.0,0.4578493243079131,0.12996010739345504,0.28662846919093204,0.1255620991076998
220,0.28662846919093204,0.0,0.24447779349884513,78,10,0.0,0,1,220,0.4578493243079131,0.6,0.12996010739345504,0.2,0.28662846919093204,0.0,0.1255620991076998,0.2,0.28412846919093204,0.28412846919093204,1.0,0.5959166666666667,0.20075,0.0025,0.20083333333333334,0.06604815341176953,0.06604815341176953,1.0,0.3984952665357881,0.18349939858008557,0.2991373314160711,0.11886800346805527,0.13580980348289654,0.13580980348289654,1.0,0.4972059666012274,0.19212469929004278,0.15081866570803554,0.1598506684006943,0.0,0.0,1.0,0.4578493243079131,0.12996010739345504,0.28662846919093204,0.1255620991076998
221,0.28662846919093204,0.0,0.24447779349884513,90,10,0.0,0,0,220,0.4578493243079131,0.6,0.12996010739345504,0.2,0.28662846919093204,0.0,0.1255620991076998,0.2,0.28412846919093204,0.28412846919093204,1.0,0.5959166666666667,0.20075,0.0025,0.20083333333333334,0.06604815341176953,0.06604815341176953,1.0,0.3984952665357881,0.18349939858008557,0.2991373314160711,0.11886800346805527,0.13580980348289654,0.13580980348289654,1.0,0.4972059666012274,0.19212469929004278,0.15081866570803554,0.1598506684006943,0.0,0.0,1.0,0.4578493243079131,0.12996010739345504,0.28662846919093204,0.1255620991076998
222,0.28662846919093204,0.0,0.24447779349884513,78,10,0.0,0,0,220,0.4578493243079131,0.6,0.12996010739345504,0.2,0.28662846919093204,0.0,0.1255620991076998,0.2,0.28412846919093204,0.28412846919093204,1.0,0.5959166666666667,0.20075,0.0025,0.20083333333333334,0.06604815341176953,0.06604815341176953,1.0,0.3984952665357881,0.18349939858008557,0.2991373314160711,0.11886800346805527,0.13580980348289654,0.13580980348289654,1.0,0.4972059666012274,0.19212469929004278,0.15081866570803554,0.1598506684006943,0.0,0.0,1.0,0.4578493243079131,0.12996010739345504,0.28662846919093204,0.1255620991076998
223,0.28662846919093204,0.0,0.24447779349884513,67,10,0.0,0,0,220,0.4578493243079131,0.6,0.12996010739345504,0.2,0.28662846919093204,0.0,0.1255620991076998,0.2,0.28412846919093204,0.28412846919093204,1.0,0.5959166666666667,0.20075,0.0025,0.20083333333333334,0.06604815341176953,0.06604815341176953,1.0,0.3984952665357881,0.18349939858008557,0.2991373314160711,0.11886800346805527,0.13580980348289654,0.13580980348289654,1.0,0.4972059666012274,0.19212469929004278,0.15081866570803554,0.1598506684006943,0.0,0.0,1.0,0.4578493243079131,0.12996010739345504,0.28662846919093204,0.1255620991076998
224,0.28662846919093204,0.0,0.24447779349884513,73,10,0.0,0,0,220,0.4578493243079131,0.6,0.12996010739345504,0.2,0.28662846919093204,0.0,0.1255620991076998,0.2,0.28412846919093204,0.28412846919093204,1.0,0.5959166666666667,0.20075,0.0025,0.20083333333333334,0.06604815341176953,0.06604815341176953,1.0,0.3984952665357881,0.18349939858008557,0.2991373314160711,0.11886800346805527,0.13580980348289654,0.13580980348289654,1.0,0.4972059666012274,0.19212469929004278,0.15081866570803554,0.1598506684006943,0.0,0.0,1.0,0.4578493243079131,0.12996010739345504,0.28662846919093204,0.1255620991076998
225,0.28662846919093204,0.0,0.24447779349884513,77,10,0.0,0,0,220,0.4578493243079131,0.6,0.12996010739345504,0.2,0.28662846919093204,0.0,0.1255620991076998,0.2,0.28412846919093204,0.28412846919093204,1.0,0.5959166666666667,0.20075,0.0025,0.20083333333333334,0.06604815341176953,0.06604815341176953,1.0,0.3984952665357881,0.18349939858008557,0.2991373314160711,0.11886800346805527,0.13580980348289654,0.13580980348289654,1.0,0.4972059666012274,0.19212469929004278,0.15081866570803554,0.1598506684006943,0.0,0.0,1.0,0.4578493243079131,0.12996010739345504,0.28662846919093204,0.1255620991076998
226,0.28662846919093204,0.0,0.24447779349884513,62,10,0.0,0,0,220,0.4578493243079131,0.6,0.12996010739345504,0.2,0.28662846919093204,0.0,0.1255620991076998,0.2,0.28412846919093204,0.28412846919093204,1.0,0.5959166666666667,0.20075,0.0025,0.20083333333333334,0.06604815341176953,0.06604815341176953,1.0,0.3984952665357881,0.18349939858008557,0.2991373314160711,0.11886800346805527,0.13580980348289654,0.13580980348289654,1.0,0.4972059666012274,0.19212469929004278,0.15081866570803554,0.1598506684006943,0.0,0.0,1.0,0.4578493243079131,0.12996010739345504,0.28662846919093204,0.1255620991076998
227,0.28662846919093204,0.0,0.24447779349884513,92,10,0.0,0,0,220,0.4578493243079131,0.6,0.12996010739345504,0.2,0.28662846919093204,0.0,0.1255620991076998,0.2,0.28412846919093204,0.28412846919093204,1.0,0.5959166666666667,0.20075,0.0025,0.20083333333333334,0.06604815341176953,0.06604815341176953,1.0,0.3984952665357881,0.18349939858008557,0.2991373314160711,0.11886800346805527,0.13580980348289654,0.13580980348289654,1.0,0.4972059666012274,0.19212469929004278,0.15081866570803554,0.1598506684006943,0.0,0.0,1.0,0.4578493243079131,0.12996010739345504,0.28662846919093204,0.1255620991076998
228,0.28662846919093204,0.0,0.24447779349884513,81,10,0.0,0,0,220,0.4578493243079131,0.6,0.12996010739345504,0.2,0.28662846919093204,0.0,0.1255620991076998,0.2,0.28412846919093204,0.28412846919093204,1.0,0.5959166666666667,0.20075,0.0025,0.20083333333333334,0.06604815341176953,0.06604815341176953,1.0,0.3984952665357881,0.18349939858008557,0.2991373314160711,0.11886800346805527,0.13580980348289654,0.13580980348289654,1.0,0.4972059666012274,0.19212469929004278,0.15081866570803554,0.1598506684006943,0.0,0.0,1.0,0.4578493243079131,0.12996010739345504,0.28662846919093204,0.1255620991076998
229,0.28662846919093204,0.0,0.24447779349884513,76,10,0.0,0,0,220,0.4578493243079131,0.6,0.12996010739345504,0.2,0.28662846919093204,0.0,0.1255620991076998,0.2,0.28412846919093204,0.28412846919093204,1.0,0.5959166666666667,0.20075,0.0025,0.20083333333333334,0.06604815341176953,0.06604815341176953,1.0,0.3984952665357881,0.18349939858008557,0.2991373314160711,0.11886800346805527,0.13580980348289654,0.13580980348289654,1.0,0.4972059666012274,0.19212469929004278,0.15081866570803554,0.1598506684006943,0.0,0.0,1.0,0.4578493243079131,0.12996010739345504,0.28662846919093204,0.1255620991076998
230,0.28662846919093204,0.0,0.24447779349884513,89,10,0.0,0,1,230,0.4578493243079131,0.6,0.12996010739345504,0.2,0.28662846919093204,0.0,0.1255620991076998,0.2,0.28662846919093204,0.28662846919093204,1.0,0.6,0.2,0.0,0.2,0.1134333105837517,0.1134333105837517,1.0,0.4105900827117408,0.2110594992364165,0.2204544002033527,0.15789601784849008,0.17640126908925569,0.17640126908925569,1.0,0.5052950413558703,0.20552974961820825,0.11022720010167635,0.17894800892424506,0.0,0.0,1.0,0.4578493243079131,0.12996010739345504,0.28662846919093204,0.1255620991076998
231,0.28662846919093204,0.0,0.24447779349884513,98,10,0.0,0,0,230,0.4578493243079131,0.6,0.12996010739345504,0.2,0.28662846919093204,0.0,0.1255620991076998,0.2,0.28662846919093204,0.28662846919093204,1.0,0.6,0.2,0.0,0.2,0.1134333105837517,0.1134333105837517,1.0,0.4105900827117408,0.2110594992364165,0.2204544002033527,0.15789601784849008,0.17640126908925569,0.17640126908925569,1.0,0.5052950413558703,0.20552974961820825,0.11022720010167635,0.17894800892424506,0.0,0.0,1.0,0.4578493243079131,0.12996010739345504,0.28662846919093204,0.1255620991076998
232,0.28662846919093204,0.0,0.24447779349884513,84,10,0.0,0,0,230,0.4578493243079131,0.6,0.12996010739345504,0.2,0.28662846919093204,0.0,0.1255620991076998,0.2,0.28662846919093204,0.28662846919093204,1.0,0.6,0.2,0.0,0.2,0.1134333105837517,0.1134333105837517,1.0,0.4105900827117408,0.2110594992364165,0.2204544002033527,0.15789601784849008,0.17640126908925569,0.17640126908925569,1.0,0.5052950413558703,0.20552974961820825,0.11022720010167635,0.17894800892424506,0.0,0.0,1.0,0.4578493243079131,0.12996010739345504,0.28662846919093204,0.1255620991076998
233,0.28662846919093204,0.0,0.24447779349884513,79,10,0.0,0,0,230,0.4578493243079131,0.6,0.12996010739345504,0.2,0.28662846919093204,0.0,0.1255620991076998,0.2,0.28662846919093204,0.28662846919093204,1.0,0.6,0.2,0.0,0.2,0.1134333105837517,0.1134333105837517,1.0,0.4105900827117408,0.2110594992364165,0.2204544002033527,0.15789601784849008,0.17640126908925569,0.17640126908925569,1.0,0.5052950413558703,0.20552974961820825,0.11022720010167635,0.17894800892424506,0.0,0.0,1.0,0.4578493243079131,0.12996010739345504,0.28662846919093204,0.1255620991076998
234,0.28662846919093204,0.0,0.24447779349884513,71,10,0.0,0,0,230,0.4578493243079131,0.6,0.12996010739345504,0.2,0.28662846919093204,0.0,0.1255620991076998,0.2,0.28662846919093204,0.28662846919093204,1.0,0.6,0.2,0.0,0.2,0.1134333105837517,0.1134333105837517,1.0,0.4105900827117408,0.2110594992364165,0.2204544002033527,0.15789601784849008,0.17640126908925569,0.17640126908925569,1.0,0.5052950413558703,0.20552974961820825,0.11022720010167635,0.17894800892424506,0.0,0.0,1.0,0.4578493243079131,0.12996010739345504,0.28662846919093204,0.1255620991076998
235,0.28662846919093204,0.0,0.24447779349884513,65,10,0.0,0,0,230,0.4578493243079131,0.6,0.12996010739345504,0.2,0.28662846919093204,0.0,0.1255620991076998,0.2,0.28662846919093204,0.28662846919093204,1.0,0.6,0.2,0.0,0.2,0.1134333105837517,0.1134333105837517,1.0,0.4105900827117408,0.2110594992364165,0.2204544002033527,0.15789601784849008,0.17640126908925569,0.17640126908925569,1.0,0.5052950413558703,0.20552974961820825,0.11022720010167635,0.17894800892424506,0.0,0.0,1.0,0.4578493243079131,0.12996010739345504,0.28662846919093204,0.1255620991076998
236,0.28662846919093204,0.0,0.24447779349884513,88,10,0.0,0,0,230,0.4578493243079131,0.6,0.12996010739345504,0.2,0.28662846919093204,0.0,0.1255620991076998,0.2,0.28662846919093204,0.28662846919093204,1.0,0.6,0.2,0.0,0.2,0.1134333105837517,0.1134333105837517,1.0,0.4105900827117408,0.2110594992364165,0.2204544002033527,0.15789601784849008,0.17640126908925569,0.17640126908925569,1.0,0.5052950413558703,0.20552974961820825,0.11022720010167635,0.17894800892424506,0.0,0.0,1.0,0.4578493243079131,0.12996010739345504,0.28662846919093204,0.1255620991076998
237,0.28662846919093204,0.0,0.24447779349884513,71,10,0.0,0,0,230,0.4578493243079131,0.6,0.12996010739345504,0.2,0.28662846919093204,0.0,0.1255620991076998,0.2,0.28662846919093204,0.28662846919093204,1.0,0.6,0.2,0.0,0.2,0.1134333105837517,0.1134333105837517,1.0,0.4105900827117408,0.2110594992364165,0.2204544002033527,0.15789601784849008,0.17640126908925569,0.17640126908925569,1.0,0.5052950413558703,0.20552974961820825,0.11022720010167635,0.17894800892424506,0.0,0.0,1.0,0.4578493243079131,0.12996010739345504,0.28662846919093204,0.1255620991076998
238,0.28662846919093204,0.0,0.24447779349884513,61,10,0.0,0,0,230,0.4578493243079131,0.6,0.12996010739345504,0.2,0.28662846919093204,0.0,0.1255620991076998,0.2,0.28662846919093204,0.28662846919093204,1.0,0.6,0.2,0.0,0.2,0.1134333105837517,0.1134333105837517,1.0,0.4105900827117408,0.2110594992364165,0.2204544002033527,0.15789601784849008,0.17640126908925569,0.17640126908925569,1.0,0.5052950413558703,0.20552974961820825,0.11022720010167635,0.17894800892424506,0.0,0.0,1.0,0.4578493243079131,0.12996010739345504,0.28662846919093204,0.1255620991076998
239,0.28662846919093204,0.0,0.24447779349884513,78,10,0.0,0,0,230,0.4578493243079131,0.6,0.12996010739345504,0.2,0.28662846919093204,0.0,0.1255620991076998,0.2,0.28662846919093204,0.28662846919093204,1.0,0.6,0.2,0.0,0.2,0.1134333105837517,0.1134333105837517,1.0,0.4105900827117408,0.2110594992364165,0.2204544002033527,0.15789601784849008,0.17640126908925569,0.17640126908925569,1.0,0.5052950413558703,0.20552974961820825,0.11022720010167635,0.17894800892424506,0.0,0.0,1.0,0.4578493243079131,0.12996010739345504,0.28662846919093204,0.1255620991076998
