step,attention_error,preference_change,uniform_prior_error,interactions,pool_size,official_exposure_share,official_arrivals,observation_updated,last_observed_at,truth_0,attention_0,truth_1,attention_1,truth_2,attention_2,truth_3,attention_3,error_platform,initial_error_platform,top_accuracy_platform,estimate_platform_0,estimate_platform_1,estimate_platform_2,estimate_platform_3,error_survey,initial_error_survey,top_accuracy_survey,estimate_survey_0,estimate_survey_1,estimate_survey_2,estimate_survey_3,error_fused,initial_error_fused,top_accuracy_fused,estimate_fused_0,estimate_fused_1,estimate_fused_2,estimate_fused_3,error_oracle,initial_error_oracle,top_accuracy_oracle,estimate_oracle_0,estimate_oracle_1,estimate_oracle_2,estimate_oracle_3
0,0.08676162682328016,0.0,0.1547954151249854,48,28,0.0,0,1,0,0.3421626735798376,0.425,0.31263274154514786,0.23333333333333334,0.12246221861146571,0.115,0.22274236626354896,0.22666666666666666,0.08676162682328016,0.08676162682328016,1.0,0.425,0.23333333333333334,0.115,0.22666666666666666,0.06563700019017324,0.06563700019017324,1.0,0.3947474671259685,0.2647983992836029,0.10465956068283734,0.2357945729075912,0.0761993135067267,0.0761993135067267,1.0,0.40987373356298423,0.2490658663084681,0.10982978034141867,0.23123061978712894,0.0,0.0,1.0,0.3421626735798376,0.31263274154514786,0.12246221861146571,0.22274236626354896
1,0.14353791820834794,0.0,0.1547954151249854,75,21,0.0,0,0,0,0.3421626735798376,0.4666666666666667,0.31263274154514786,0.33166666666666667,0.12246221861146571,0.09166666666666666,0.22274236626354896,0.11,0.08676162682328016,0.08676162682328016,1.0,0.425,0.23333333333333334,0.115,0.22666666666666666,0.06563700019017324,0.06563700019017324,1.0,0.3947474671259685,0.2647983992836029,0.10465956068283734,0.2357945729075912,0.0761993135067267,0.0761993135067267,1.0,0.40987373356298423,0.2490658663084681,0.10982978034141867,0.23123061978712894,0.0,0.0,1.0,0.3421626735798376,0.31263274154514786,0.12246221861146571,0.22274236626354896
2,0.11020458487501461,0.0,0.1547954151249854,83,23,0.0,0,0,0,0.3421626735798376,0.45,0.31263274154514786,0.315,0.12246221861146571,0.09666666666666666,0.22274236626354896,0.13833333333333334,0.08676162682328016,0.08676162682328016,1.0,0.425,0.23333333333333334,0.115,0.22666666666666666,0.06563700019017324,0.06563700019017324,1.0,0.3947474671259685,0.2647983992836029,0.10465956068283734,0.2357945729075912,0.0761993135067267,0.0761993135067267,1.0,0.40987373356298423,0.2490658663084681,0.10982978034141867,0.23123061978712894,0.0,0.0,1.0,0.3421626735798376,0.31263274154514786,0.12246221861146571,0.22274236626354896
3,0.08783732642016245,0.0,0.1547954151249854,64,25,0.0,0,0,0,0.3421626735798376,0.43,0.31263274154514786,0.29833333333333334,0.12246221861146571,0.09,0.22274236626354896,0.18166666666666667,0.08676162682328016,0.08676162682328016,1.0,0.425,0.23333333333333334,0.115,0.22666666666666666,0.06563700019017324,0.06563700019017324,1.0,0.3947474671259685,0.2647983992836029,0.10465956068283734,0.2357945729075912,0.0761993135067267,0.0761993135067267,1.0,0.40987373356298423,0.2490658663084681,0.10982978034141867,0.23123061978712894,0.0,0.0,1.0,0.3421626735798376,0.31263274154514786,0.12246221861146571,0.22274236626354896
4,0.08283732642016246,0.0,0.1547954151249854,72,26,0.0,0,0,0,0.3421626735798376,0.425,0.31263274154514786,0.30333333333333334,0.12246221861146571,0.08333333333333333,0.22274236626354896,0.18833333333333332,0.08676162682328016,0.08676162682328016,1.0,0.425,0.23333333333333334,0.115,0.22666666666666666,0.06563700019017324,0.06563700019017324,1.0,0.3947474671259685,0.2647983992836029,0.10465956068283734,0.2357945729075912,0.0761993135067267,0.0761993135067267,1.0,0.40987373356298423,0.2490658663084681,0.10982978034141867,0.23123061978712894,0.0,0.0,1.0,0.3421626735798376,0.31263274154514786,0.12246221861146571,0.22274236626354896
5,0.08450399308682914,0.0,0.1547954151249854,63,26,0.0,0,0,0,0.3421626735798376,0.4266666666666667,0.31263274154514786,0.29833333333333334,0.12246221861146571,0.08,0.22274236626354896,0.195,0.08676162682328016,0.08676162682328016,1.0,0.425,0.23333333333333334,0.115,0.22666666666666666,0.06563700019017324,0.06563700019017324,1.0,0.3947474671259685,0.2647983992836029,0.10465956068283734,0.2357945729075912,0.0761993135067267,0.0761993135067267,1.0,0.40987373356298423,0.2490658663084681,0.10982978034141867,0.23123061978712894,0.0,0.0,1.0,0.3421626735798376,0.31263274154514786,0.12246221861146571,0.22274236626354896
6,0.07950399308682914,0.0,0.1547954151249854,67,26,0.0,0,0,0,0.3421626735798376,0.4216666666666667,0.31263274154514786,0.3016666666666667,0.12246221861146571,0.08166666666666667,0.22274236626354896,0.195,0.08676162682328016,0.08676162682328016,1.0,0.425,0.23333333333333334,0.115,0.22666666666666666,0.06563700019017324,0.06563700019017324,1.0,0.3947474671259685,0.2647983992836029,0.10465956068283734,0.2357945729075912,0.0761993135067267,0.0761993135067267,1.0,0.40987373356298423,0.2490658663084681,0.10982978034141867,0.23123061978712894,0.0,0.0,1.0,0.3421626735798376,0.31263274154514786,0.12246221861146571,0.22274236626354896
7,0.07617065975349581,0.0,0.1547954151249854,66,26,0.0,0,0,0,0.3421626735798376,0.41833333333333333,0.31263274154514786,0.30333333333333334,0.12246221861146571,0.08166666666666667,0.22274236626354896,0.19666666666666666,0.08676162682328016,0.08676162682328016,1.0,0.425,0.23333333333333334,0.115,0.22666666666666666,0.06563700019017324,0.06563700019017324,1.0,0.3947474671259685,0.2647983992836029,0.10465956068283734,0.2357945729075912,0.0761993135067267,0.0761993135067267,1.0,0.40987373356298423,0.2490658663084681,0.10982978034141867,0.23123061978712894,0.0,0.0,1.0,0.3421626735798376,0.31263274154514786,0.12246221861146571,0.22274236626354896
8,0.07783732642016246,0.0,0.1547954151249854,75,26,0.0,0,0,0,0.3421626735798376,0.42,0.31263274154514786,0.3016666666666667,0.12246221861146571,0.08166666666666667,0.22274236626354896,0.19666666666666666,0.08676162682328016,0.08676162682328016,1.0,0.425,0.23333333333333334,0.115,0.22666666666666666,0.06563700019017324,0.06563700019017324,1.0,0.3947474671259685,0.2647983992836029,0.10465956068283734,0.2357945729075912,0.0761993135067267,0.0761993135067267,1.0,0.40987373356298423,0.2490658663084681,0.10982978034141867,0.23123061978712894,0.0,0.0,1.0,0.3421626735798376,0.31263274154514786,0.12246221861146571,0.22274236626354896
9,0.0711706597534958,0.0,0.1547954151249854,65,26,0.0,0,0,0,0.3421626735798376,0.41333333333333333,0.31263274154514786,0.305,0.12246221861146571,0.08333333333333333,0.22274236626354896,0.19833333333333333,0.08676162682328016,0.08676162682328016,1.0,0.425,0.23333333333333334,0.115,0.22666666666666666,0.06563700019017324,0.06563700019017324,1.0,0.3947474671259685,0.2647983992836029,0.10465956068283734,0.2357945729075912,0.0761993135067267,0.0761993135067267,1.0,0.40987373356298423,0.2490658663084681,0.10982978034141867,0.23123061978712894,0.0,0.0,1.0,0.3421626735798376,0.31263274154514786,0.12246221861146571,0.22274236626354896
10,0.07283732642016247,0.0,0.1547954151249854,92,26,0.0,0,1,10,0.3421626735798376,0.415,0.31263274154514786,0.30666666666666664,0.12246221861146571,0.08166666666666667,0.22274236626354896,0.19666666666666666,0.0861706597534958,0.0861706597534958,1.0,0.42833333333333334,0.29984848484848486,0.08787878787878788,0.18393939393939393,0.039183341768759206,0.039183341768759206,1.0,0.3627260674042316,0.331252689489513,0.10770658155637068,0.19831466154988467,0.05628487241279599,0.05628487241279599,1.0,0.39552970036878243,0.3155505871689989,0.09779268471757928,0.1911270277446393,0.0,0.0,1.0,0.3421626735798376,0.31263274154514786,0.12246221861146571,0.22274236626354896
11,0.07283732642016247,0.0,0.1547954151249854,75,26,0.0,0,0,10,0.3421626735798376,0.415,0.31263274154514786,0.305,0.12246221861146571,0.08166666666666667,0.22274236626354896,0.19833333333333333,0.0861706597534958,0.0861706597534958,1.0,0.42833333333333334,0.29984848484848486,0.08787878787878788,0.18393939393939393,0.039183341768759206,0.039183341768759206,1.0,0.3627260674042316,0.331252689489513,0.10770658155637068,0.19831466154988467,0.05628487241279599,0.05628487241279599,1.0,0.39552970036878243,0.3155505871689989,0.09779268471757928,0.1911270277446393,0.0,0.0,1.0,0.3421626735798376,0.31263274154514786,0.12246221861146571,0.22274236626354896
12,0.07617065975349581,0.0,0.1547954151249854,62,26,0.0,0,0,10,0.3421626735798376,0.41833333333333333,0.31263274154514786,0.305,0.12246221861146571,0.08,0.22274236626354896,0.19666666666666666,0.0861706597534958,0.0861706597534958,1.0,0.42833333333333334,0.29984848484848486,0.08787878787878788,0.18393939393939393,0.039183341768759206,0.039183341768759206,1.0,0.3627260674042316,0.331252689489513,0.10770658155637068,0.19831466154988467,0.05628487241279599,0.05628487241279599,1.0,0.39552970036878243,0.3155505871689989,0.09779268471757928,0.1911270277446393,0.0,0.0,1.0,0.3421626735798376,0.31263274154514786,0.12246221861146571,0.22274236626354896
13,0.07283732642016247,0.0,0.1547954151249854,74,26,0.0,0,0,10,0.3421626735798376,0.415,0.31263274154514786,0.30666666666666664,0.12246221861146571,0.08,0.22274236626354896,0.19833333333333333,0.0861706597534958,0.0861706597534958,1.0,0.42833333333333334,0.29984848484848486,0.08787878787878788,0.18393939393939393,0.039183341768759206,0.039183341768759206,1.0,0.3627260674042316,0.331252689489513,0.10770658155637068,0.19831466154988467,0.05628487241279599,0.05628487241279599,1.0,0.39552970036878243,0.3155505871689989,0.09779268471757928,0.1911270277446393,0.0,0.0,1.0,0.3421626735798376,0.31263274154514786,0.12246221861146571,0.22274236626354896
14,0.06950399308682916,0.0,0.1547954151249854,66,26,0.0,0,0,10,0.3421626735798376,0.4116666666666667,0.31263274154514786,0.30666666666666664,0.12246221861146571,0.08333333333333333,0.22274236626354896,0.19833333333333333,0.0861706597534958,0.0861706597534958,1.0,0.42833333333333334,0.29984848484848486,0.08787878787878788,0.18393939393939393,0.039183341768759206,0.039183341768759206,1.0,0.3627260674042316,0.331252689489513,0.10770658155637068,0.19831466154988467,0.05628487241279599,0.05628487241279599,1.0,0.39552970036878243,0.3155505871689989,0.09779268471757928,0.1911270277446393,0.0,0.0,1.0,0.3421626735798376,0.31263274154514786,0.12246221861146571,0.22274236626354896
15,0.06783732642016246,0.0,0.1547954151249854,84,26,0.0,0,0,10,0.3421626735798376,0.41,0.31263274154514786,0.31,0.12246221861146571,0.08333333333333333,0.22274236626354896,0.19666666666666666,0.0861706597534958,0.0861706597534958,1.0,0.42833333333333334,0.29984848484848486,0.08787878787878788,0.18393939393939393,0.039183341768759206,0.039183341768759206,1.0,0.3627260674042316,0.331252689489513,0.10770658155637068,0.19831466154988467,0.05628487241279599,0.05628487241279599,1.0,0.39552970036878243,0.3155505871689989,0.09779268471757928,0.1911270277446393,0.0,0.0,1.0,0.3421626735798376,0.31263274154514786,0.12246221861146571,0.22274236626354896
16,0.06783732642016246,0.0,0.1547954151249854,69,26,0.0,0,0,10,0.3421626735798376,0.41,0.31263274154514786,0.305,0.12246221861146571,0.08666666666666667,0.22274236626354896,0.19833333333333333,0.0861706597534958,0.0861706597534958,1.0,0.42833333333333334,0.29984848484848486,0.08787878787878788,0.18393939393939393,0.039183341768759206,0.039183341768759206,1.0,0.3627260674042316,0.331252689489513,0.10770658155637068,0.19831466154988467,0.05628487241279599,0.05628487241279599,1.0,0.39552970036878243,0.3155505871689989,0.09779268471757928,0.1911270277446393,0.0,0.0,1.0,0.3421626735798376,0.31263274154514786,0.12246221861146571,0.22274236626354896
17,0.06783732642016246,0.0,0.1547954151249854,73,26,0.0,0,0,10,0.3421626735798376,0.41,0.31263274154514786,0.30666666666666664,0.12246221861146571,0.085,0.22274236626354896,0.19833333333333333,0.0861706597534958,0.0861706597534958,1.0,0.42833333333333334,0.29984848484848486,0.08787878787878788,0.18393939393939393,0.039183341768759206,0.039183341768759206,1.0,0.3627260674042316,0.331252689489513,0.10770658155637068,0.19831466154988467,0.05628487241279599,0.05628487241279599,1.0,0.39552970036878243,0.3155505871689989,0.09779268471757928,0.1911270277446393,0.0,0.0,1.0,0.3421626735798376,0.31263274154514786,0.12246221861146571,0.22274236626354896
18,0.06783732642016245,0.0,0.1547954151249854,60,26,0.0,0,0,10,0.3421626735798376,0.41,0.31263274154514786,0.305,0.12246221861146571,0.085,0.22274236626354896,0.2,0.0861706597534958,0.0861706597534958,1.0,0.42833333333333334,0.29984848484848486,0.08787878787878788,0.18393939393939393,0.039183341768759206,0.039183341768759206,1.0,0.3627260674042316,0.331252689489513,0.10770658155637068,0.19831466154988467,0.05628487241279599,0.05628487241279599,1.0,0.39552970036878243,0.3155505871689989,0.09779268471757928,0.1911270277446393,0.0,0.0,1.0,0.3421626735798376,0.31263274154514786,0.12246221861146571,0.22274236626354896
19,0.07117065975349579,0.0,0.1547954151249854,56,26,0.0,0,0,10,0.3421626735798376,0.41333333333333333,0.31263274154514786,0.30333333333333334,0.12246221861146571,0.085,0.22274236626354896,0.19833333333333333,0.0861706597534958,0.0861706597534958,1.0,0.42833333333333334,0.29984848484848486,0.08787878787878788,0.18393939393939393,0.039183341768759206,0.039183341768759206,1.0,0.3627260674042316,0.331252689489513,0.10770658155637068,0.19831466154988467,0.05628487241279599,0.05628487241279599,1.0,0.39552970036878243,0.3155505871689989,0.09779268471757928,0.1911270277446393,0.0,0.0,1.0,0.3421626735798376,0.31263274154514786,0.12246221861146571,0.22274236626354896
20,0.06950399308682914,0.0,0.1547954151249854,81,26,0.0,0,1,20,0.3421626735798376,0.4116666666666667,0.31263274154514786,0.305,0.12246221861146571,0.085,0.22274236626354896,0.19833333333333333,0.0784206597534958,0.0784206597534958,1.0,0.4205833333333333,0.30616666666666664,0.08433333333333333,0.18891666666666668,0.050161292574873347,0.050161292574873347,1.0,0.32364629786361937,0.28128106053534324,0.17262351118633898,0.22244913041469838,0.03596834566700929,0.03596834566700929,1.0,0.37211481559847637,0.29372386360100494,0.12847842225983616,0.20568289854068253,0.0,0.0,1.0,0.3421626735798376,0.31263274154514786,0.12246221861146571,0.22274236626354896
21,0.07283732642016247,0.0,0.1547954151249854,67,26,0.0,0,0,20,0.3421626735798376,0.415,0.31263274154514786,0.305,0.12246221861146571,0.08333333333333333,0.22274236626354896,0.19666666666666666,0.0784206597534958,0.0784206597534958,1.0,0.4205833333333333,0.30616666666666664,0.08433333333333333,0.18891666666666668,0.050161292574873347,0.050161292574873347,1.0,0.32364629786361937,0.28128106053534324,0.17262351118633898,0.22244913041469838,0.03596834566700929,0.03596834566700929,1.0,0.37211481559847637,0.29372386360100494,0.12847842225983616,0.20568289854068253,0.0,0.0,1.0,0.3421626735798376,0.31263274154514786,0.12246221861146571,0.22274236626354896
22,0.07283732642016244,0.0,0.1547954151249854,61,26,0.0,0,0,20,0.3421626735798376,0.415,0.31263274154514786,0.3016666666666667,0.12246221861146571,0.08333333333333333,0.22274236626354896,0.2,0.0784206597534958,0.0784206597534958,1.0,0.4205833333333333,0.30616666666666664,0.08433333333333333,0.18891666666666668,0.050161292574873347,0.050161292574873347,1.0,0.32364629786361937,0.28128106053534324,0.17262351118633898,0.22244913041469838,0.03596834566700929,0.03596834566700929,1.0,0.37211481559847637,0.29372386360100494,0.12847842225983616,0.20568289854068253,0.0,0.0,1.0,0.3421626735798376,0.31263274154514786,0.12246221861146571,0.22274236626354896
23,0.07117065975349579,0.0,0.1547954151249854,68,26,0.0,0,0,20,0.3421626735798376,0.41333333333333333,0.31263274154514786,0.30333333333333334,0.12246221861146571,0.085,0.22274236626354896,0.19833333333333333,0.0784206597534958,0.0784206597534958,1.0,0.4205833333333333,0.30616666666666664,0.08433333333333333,0.18891666666666668,0.050161292574873347,0.050161292574873347,1.0,0.32364629786361937,0.28128106053534324,0.17262351118633898,0.22244913041469838,0.03596834566700929,0.03596834566700929,1.0,0.37211481559847637,0.29372386360100494,0.12847842225983616,0.20568289854068253,0.0,0.0,1.0,0.3421626735798376,0.31263274154514786,0.12246221861146571,0.22274236626354896
24,0.07117065975349579,0.0,0.1547954151249854,72,26,0.0,0,0,20,0.3421626735798376,0.41333333333333333,0.31263274154514786,0.30333333333333334,0.12246221861146571,0.085,0.22274236626354896,0.19833333333333333,0.0784206597534958,0.0784206597534958,1.0,0.4205833333333333,0.30616666666666664,0.08433333333333333,0.18891666666666668,0.050161292574873347,0.050161292574873347,1.0,0.32364629786361937,0.28128106053534324,0.17262351118633898,0.22244913041469838,0.03596834566700929,0.03596834566700929,1.0,0.37211481559847637,0.29372386360100494,0.12847842225983616,0.20568289854068253,0.0,0.0,1.0,0.3421626735798376,0.31263274154514786,0.12246221861146571,0.22274236626354896
25,0.0711706597534958,0.0,0.1547954151249854,71,26,0.0,0,0,20,0.3421626735798376,0.41333333333333333,0.31263274154514786,0.305,0.12246221861146571,0.085,0.22274236626354896,0.19666666666666666,0.0784206597534958,0.0784206597534958,1.0,0.4205833333333333,0.30616666666666664,0.08433333333333333,0.18891666666666668,0.050161292574873347,0.050161292574873347,1.0,0.32364629786361937,0.28128106053534324,0.17262351118633898,0.22244913041469838,0.03596834566700929,0.03596834566700929,1.0,0.37211481559847637,0.29372386360100494,0.12847842225983616,0.20568289854068253,0.0,0.0,1.0,0.3421626735798376,0.31263274154514786,0.12246221861146571,0.22274236626354896
26,0.0711706597534958,0.0,0.1547954151249854,52,26,0.0,0,0,20,0.3421626735798376,0.41333333333333333,0.31263274154514786,0.305,0.12246221861146571,0.085,0.22274236626354896,0.19666666666666666,0.0784206597534958,0.0784206597534958,1.0,0.4205833333333333,0.30616666666666664,0.08433333333333333,0.18891666666666668,0.050161292574873347,0.050161292574873347,1.0,0.32364629786361937,0.28128106053534324,0.17262351118633898,0.22244913041469838,0.03596834566700929,0.03596834566700929,1.0,0.37211481559847637,0.29372386360100494,0.12847842225983616,0.20568289854068253,0.0,0.0,1.0,0.3421626735798376,0.31263274154514786,0.12246221861146571,0.22274236626354896
27,0.0711706597534958,0.0,0.1547954151249854,78,26,0.0,0,0,20,0.3421626735798376,0.41333333333333333,0.31263274154514786,0.305,0.12246221861146571,0.085,0.22274236626354896,0.19666666666666666,0.0784206597534958,0.0784206597534958,1.0,0.4205833333333333,0.30616666666666664,0.08433333333333333,0.18891666666666668,0.050161292574873347,0.050161292574873347,1.0,0.32364629786361937,0.28128106053534324,0.17262351118633898,0.22244913041469838,0.03596834566700929,0.03596834566700929,1.0,0.37211481559847637,0.29372386360100494,0.12847842225983616,0.20568289854068253,0.0,0.0,1.0,0.3421626735798376,0.31263274154514786,0.12246221861146571,0.22274236626354896
28,0.06950399308682916,0.0,0.1547954151249854,67,26,0.0,0,0,20,0.3421626735798376,0.4116666666666667,0.31263274154514786,0.30666666666666664,0.12246221861146571,0.085,0.22274236626354896,0.19666666666666666,0.0784206597534958,0.0784206597534958,1.0,0.4205833333333333,0.30616666666666664,0.08433333333333333,0.18891666666666668,0.050161292574873347,0.050161292574873347,1.0,0.32364629786361937,0.28128106053534324,0.17262351118633898,0.22244913041469838,0.03596834566700929,0.03596834566700929,1.0,0.37211481559847637,0.29372386360100494,0.12847842225983616,0.20568289854068253,0.0,0.0,1.0,0.3421626735798376,0.31263274154514786,0.12246221861146571,0.22274236626354896
29,0.06950399308682916,0.0,0.1547954151249854,74,26,0.0,0,0,20,0.3421626735798376,0.4116666666666667,0.31263274154514786,0.30666666666666664,0.12246221861146571,0.085,0.22274236626354896,0.19666666666666666,0.0784206597534958,0.0784206597534958,1.0,0.4205833333333333,0.30616666666666664,0.08433333333333333,0.18891666666666668,0.050161292574873347,0.050161292574873347,1.0,0.32364629786361937,0.28128106053534324,0.17262351118633898,0.22244913041469838,0.03596834566700929,0.03596834566700929,1.0,0.37211481559847637,0.29372386360100494,0.12847842225983616,0.20568289854068253,0.0,0.0,1.0,0.3421626735798376,0.31263274154514786,0.12246221861146571,0.22274236626354896
30,0.06783732642016245,0.0,0.1547954151249854,65,26,0.0,0,1,30,0.3421626735798376,0.41,0.31263274154514786,0.30833333333333335,0.12246221861146571,0.085,0.22274236626354896,0.19666666666666666,0.07058732642016247,0.07058732642016247,1.0,0.41275,0.30541666666666667,0.08408333333333333,0.19775,0.04754084542243147,0.04754084542243147,1.0,0.35812644169041197,0.33845925979644326,0.12821277767202735,0.17520152084111743,0.052580768951775554,0.052580768951775554,1.0,0.38543822084520596,0.321937963231555,0.10614805550268033,0.18647576042055872,0.0,0.0,1.0,0.3421626735798376,0.31263274154514786,0.12246221861146571,0.22274236626354896
31,0.06950399308682913,0.0,0.1547954151249854,75,26,0.0,0,0,30,0.3421626735798376,0.4116666666666667,0.31263274154514786,0.30333333333333334,0.12246221861146571,0.085,0.22274236626354896,0.2,0.07058732642016247,0.07058732642016247,1.0,0.41275,0.30541666666666667,0.08408333333333333,0.19775,0.04754084542243147,0.04754084542243147,1.0,0.35812644169041197,0.33845925979644326,0.12821277767202735,0.17520152084111743,0.052580768951775554,0.052580768951775554,1.0,0.38543822084520596,0.321937963231555,0.10614805550268033,0.18647576042055872,0.0,0.0,1.0,0.3421626735798376,0.31263274154514786,0.12246221861146571,0.22274236626354896
32,0.06950399308682914,0.0,0.1547954151249854,69,26,0.0,0,0,30,0.3421626735798376,0.4116666666666667,0.31263274154514786,0.305,0.12246221861146571,0.085,0.22274236626354896,0.19833333333333333,0.07058732642016247,0.07058732642016247,1.0,0.41275,0.30541666666666667,0.08408333333333333,0.19775,0.04754084542243147,0.04754084542243147,1.0,0.35812644169041197,0.33845925979644326,0.12821277767202735,0.17520152084111743,0.052580768951775554,0.052580768951775554,1.0,0.38543822084520596,0.321937963231555,0.10614805550268033,0.18647576042055872,0.0,0.0,1.0,0.3421626735798376,0.31263274154514786,0.12246221861146571,0.22274236626354896
33,0.07283732642016245,0.0,0.1547954151249854,71,26,0.0,0,0,30,0.3421626735798376,0.415,0.31263274154514786,0.30333333333333334,0.12246221861146571,0.08333333333333333,0.22274236626354896,0.19833333333333333,0.07058732642016247,0.07058732642016247,1.0,0.41275,0.30541666666666667,0.08408333333333333,0.19775,0.04754084542243147,0.04754084542243147,1.0,0.35812644169041197,0.33845925979644326,0.12821277767202735,0.17520152084111743,0.052580768951775554,0.052580768951775554,1.0,0.38543822084520596,0.321937963231555,0.10614805550268033,0.18647576042055872,0.0,0.0,1.0,0.3421626735798376,0.31263274154514786,0.12246221861146571,0.22274236626354896
34,0.0711706597534958,0.0,0.1547954151249854,69,26,0.0,0,0,30,0.3421626735798376,0.41333333333333333,0.31263274154514786,0.305,0.12246221861146571,0.08333333333333333,0.22274236626354896,0.19833333333333333,0.07058732642016247,0.07058732642016247,1.0,0.41275,0.30541666666666667,0.08408333333333333,0.19775,0.04754084542243147,0.04754084542243147,1.0,0.35812644169041197,0.33845925979644326,0.12821277767202735,0.17520152084111743,0.052580768951775554,0.052580768951775554,1.0,0.38543822084520596,0.321937963231555,0.10614805550268033,0.18647576042055872,0.0,0.0,1.0,0.3421626735798376,0.31263274154514786,0.12246221861146571,0.22274236626354896
35,0.0711706597534958,0.0,0.1547954151249854,55,26,0.0,0,0,30,0.3421626735798376,0.41333333333333333,0.31263274154514786,0.305,0.12246221861146571,0.08333333333333333,0.22274236626354896,0.19833333333333333,0.07058732642016247,0.07058732642016247,1.0,0.41275,0.30541666666666667,0.08408333333333333,0.19775,0.04754084542243147,0.04754084542243147,1.0,0.35812644169041197,0.33845925979644326,0.12821277767202735,0.17520152084111743,0.052580768951775554,0.052580768951775554,1.0,0.38543822084520596,0.321937963231555,0.10614805550268033,0.18647576042055872,0.0,0.0,1.0,0.3421626735798376,0.31263274154514786,0.12246221861146571,0.22274236626354896
36,0.0711706597534958,0.0,0.1547954151249854,67,26,0.0,0,0,30,0.3421626735798376,0.41333333333333333,0.31263274154514786,0.305,0.12246221861146571,0.08333333333333333,0.22274236626354896,0.19833333333333333,0.07058732642016247,0.07058732642016247,1.0,0.41275,0.30541666666666667,0.08408333333333333,0.19775,0.04754084542243147,0.04754084542243147,1.0,0.35812644169041197,0.33845925979644326,0.12821277767202735,0.17520152084111743,0.052580768951775554,0.052580768951775554,1.0,0.38543822084520596,0.321937963231555,0.10614805550268033,0.18647576042055872,0.0,0.0,1.0,0.3421626735798376,0.31263274154514786,0.12246221861146571,0.22274236626354896
37,0.0711706597534958,0.0,0.1547954151249854,70,26,0.0,0,0,30,0.3421626735798376,0.41333333333333333,0.31263274154514786,0.305,0.12246221861146571,0.08333333333333333,0.22274236626354896,0.19833333333333333,0.07058732642016247,0.07058732642016247,1.0,0.41275,0.30541666666666667,0.08408333333333333,0.19775,0.04754084542243147,0.04754084542243147,1.0,0.35812644169041197,0.33845925979644326,0.12821277767202735,0.17520152084111743,0.052580768951775554,0.052580768951775554,1.0,0.38543822084520596,0.321937963231555,0.10614805550268033,0.18647576042055872,0.0,0.0,1.0,0.3421626735798376,0.31263274154514786,0.12246221861146571,0.22274236626354896
38,0.0711706597534958,0.0,0.1547954151249854,64,26,0.0,0,0,30,0.3421626735798376,0.41333333333333333,0.31263274154514786,0.305,0.12246221861146571,0.08333333333333333,0.22274236626354896,0.19833333333333333,0.07058732642016247,0.07058732642016247,1.0,0.41275,0.30541666666666667,0.08408333333333333,0.19775,0.04754084542243147,0.04754084542243147,1.0,0.35812644169041197,0.33845925979644326,0.12821277767202735,0.17520152084111743,0.052580768951775554,0.052580768951775554,1.0,0.38543822084520596,0.321937963231555,0.10614805550268033,0.18647576042055872,0.0,0.0,1.0,0.3421626735798376,0.31263274154514786,0.12246221861146571,0.22274236626354896
39,0.06950399308682916,0.0,0.1547954151249854,58,26,0.0,0,0,30,0.3421626735798376,0.4116666666666667,0.31263274154514786,0.30666666666666664,0.12246221861146571,0.08333333333333333,0.22274236626354896,0.19833333333333333,0.07058732642016247,0.07058732642016247,1.0,0.41275,0.30541666666666667,0.08408333333333333,0.19775,0.04754084542243147,0.04754084542243147,1.0,0.35812644169041197,0.33845925979644326,0.12821277767202735,0.17520152084111743,0.052580768951775554,0.052580768951775554,1.0,0.38543822084520596,0.321937963231555,0.10614805550268033,0.18647576042055872,0.0,0.0,1.0,0.3421626735798376,0.31263274154514786,0.12246221861146571,0.22274236626354896
40,0.06783732642016246,0.0,0.1547954151249854,69,26,0.0,0,1,40,0.3421626735798376,0.41,0.31263274154514786,0.30666666666666664,0.12246221861146571,0.085,0.22274236626354896,0.19833333333333333,0.0706706597534958,0.0706706597534958,1.0,0.41283333333333333,0.305,0.08425,0.19791666666666666,0.07497873975778593,0.07497873975778593,1.0,0.3618392723468276,0.29407878222973916,0.06603743816908844,0.2780445072543448,0.06041184995719969,0.06041184995719969,1.0,0.38733630284008047,0.2995393911148696,0.07514371908454423,0.23798058696050572,0.0,0.0,1.0,0.3421626735798376,0.31263274154514786,0.12246221861146571,0.22274236626354896
41,0.06950399308682914,0.0,0.1547954151249854,77,26,0.0,0,0,40,0.3421626735798376,0.4116666666666667,0.31263274154514786,0.305,0.12246221861146571,0.08333333333333333,0.22274236626354896,0.2,0.0706706597534958,0.0706706597534958,1.0,0.41283333333333333,0.305,0.08425,0.19791666666666666,0.07497873975778593,0.07497873975778593,1.0,0.3618392723468276,0.29407878222973916,0.06603743816908844,0.2780445072543448,0.06041184995719969,0.06041184995719969,1.0,0.38733630284008047,0.2995393911148696,0.07514371908454423,0.23798058696050572,0.0,0.0,1.0,0.3421626735798376,0.31263274154514786,0.12246221861146571,0.22274236626354896
42,0.06950399308682914,0.0,0.1547954151249854,78,26,0.0,0,0,40,0.3421626735798376,0.4116666666666667,0.31263274154514786,0.305,0.12246221861146571,0.08333333333333333,0.22274236626354896,0.2,0.0706706597534958,0.0706706597534958,1.0,0.41283333333333333,0.305,0.08425,0.19791666666666666,0.07497873975778593,0.07497873975778593,1.0,0.3618392723468276,0.29407878222973916,0.06603743816908844,0.2780445072543448,0.06041184995719969,0.06041184995719969,1.0,0.38733630284008047,0.2995393911148696,0.07514371908454423,0.23798058696050572,0.0,0.0,1.0,0.3421626735798376,0.31263274154514786,0.12246221861146571,0.22274236626354896
43,0.06783732642016246,0.0,0.1547954151249854,71,26,0.0,0,0,40,0.3421626735798376,0.41,0.31263274154514786,0.30666666666666664,0.12246221861146571,0.085,0.22274236626354896,0.19833333333333333,0.0706706597534958,0.0706706597534958,1.0,0.41283333333333333,0.305,0.08425,0.19791666666666666,0.07497873975778593,0.07497873975778593,1.0,0.3618392723468276,0.29407878222973916,0.06603743816908844,0.2780445072543448,0.06041184995719969,0.06041184995719969,1.0,0.38733630284008047,0.2995393911148696,0.07514371908454423,0.23798058696050572,0.0,0.0,1.0,0.3421626735798376,0.31263274154514786,0.12246221861146571,0.22274236626354896
44,0.06950399308682916,0.0,0.1547954151249854,73,26,0.0,0,0,40,0.3421626735798376,0.4116666666666667,0.31263274154514786,0.30666666666666664,0.12246221861146571,0.085,0.22274236626354896,0.19666666666666666,0.0706706597534958,0.0706706597534958,1.0,0.41283333333333333,0.305,0.08425,0.19791666666666666,0.07497873975778593,0.07497873975778593,1.0,0.3618392723468276,0.29407878222973916,0.06603743816908844,0.2780445072543448,0.06041184995719969,0.06041184995719969,1.0,0.38733630284008047,0.2995393911148696,0.07514371908454423,0.23798058696050572,0.0,0.0,1.0,0.3421626735798376,0.31263274154514786,0.12246221861146571,0.22274236626354896
45,0.06950399308682916,0.0,0.1547954151249854,56,26,0.0,0,0,40,0.3421626735798376,0.4116666666666667,0.31263274154514786,0.30666666666666664,0.12246221861146571,0.085,0.22274236626354896,0.19666666666666666,0.0706706597534958,0.0706706597534958,1.0,0.41283333333333333,0.305,0.08425,0.19791666666666666,0.07497873975778593,0.07497873975778593,1.0,0.3618392723468276,0.29407878222973916,0.06603743816908844,0.2780445072543448,0.06041184995719969,0.06041184995719969,1.0,0.38733630284008047,0.2995393911148696,0.07514371908454423,0.23798058696050572,0.0,0.0,1.0,0.3421626735798376,0.31263274154514786,0.12246221861146571,0.22274236626354896
46,0.06950399308682916,0.0,0.1547954151249854,73,26,0.0,0,0,40,0.3421626735798376,0.4116666666666667,0.31263274154514786,0.30666666666666664,0.12246221861146571,0.085,0.22274236626354896,0.19666666666666666,0.0706706597534958,0.0706706597534958,1.0,0.41283333333333333,0.305,0.08425,0.19791666666666666,0.07497873975778593,0.07497873975778593,1.0,0.3618392723468276,0.29407878222973916,0.06603743816908844,0.2780445072543448,0.06041184995719969,0.06041184995719969,1.0,0.38733630284008047,0.2995393911148696,0.07514371908454423,0.23798058696050572,0.0,0.0,1.0,0.3421626735798376,0.31263274154514786,0.12246221861146571,0.22274236626354896
47,0.07117065975349582,0.0,0.1547954151249854,76,26,0.0,0,0,40,0.3421626735798376,0.41333333333333333,0.31263274154514786,0.30666666666666664,0.12246221861146571,0.08333333333333333,0.22274236626354896,0.19666666666666666,0.0706706597534958,0.0706706597534958,1.0,0.41283333333333333,0.305,0.08425,0.19791666666666666,0.07497873975778593,0.07497873975778593,1.0,0.3618392723468276,0.29407878222973916,0.06603743816908844,0.2780445072543448,0.06041184995719969,0.06041184995719969,1.0,0.38733630284008047,0.2995393911148696,0.07514371908454423,0.23798058696050572,0.0,0.0,1.0,0.3421626735798376,0.31263274154514786,0.12246221861146571,0.22274236626354896
48,0.07283732642016247,0.0,0.1547954151249854,56,26,0.0,0,0,40,0.3421626735798376,0.415,0.31263274154514786,0.305,0.12246221861146571,0.08333333333333333,0.22274236626354896,0.19666666666666666,0.0706706597534958,0.0706706597534958,1.0,0.41283333333333333,0.305,0.08425,0.19791666666666666,0.07497873975778593,0.07497873975778593,1.0,0.3618392723468276,0.29407878222973916,0.06603743816908844,0.2780445072543448,0.06041184995719969,0.06041184995719969,1.0,0.38733630284008047,0.2995393911148696,0.07514371908454423,0.23798058696050572,0.0,0.0,1.0,0.3421626735798376,0.31263274154514786,0.12246221861146571,0.22274236626354896
49,0.07117065975349582,0.0,0.1547954151249854,54,26,0.0,0,0,40,0.3421626735798376,0.41333333333333333,0.31263274154514786,0.30666666666666664,0.12246221861146571,0.08333333333333333,0.22274236626354896,0.19666666666666666,0.0706706597534958,0.0706706597534958,1.0,0.41283333333333333,0.305,0.08425,0.19791666666666666,0.07497873975778593,0.07497873975778593,1.0,0.3618392723468276,0.29407878222973916,0.06603743816908844,0.2780445072543448,0.06041184995719969,0.06041184995719969,1.0,0.38733630284008047,0.2995393911148696,0.07514371908454423,0.23798058696050572,0.0,0.0,1.0,0.3421626735798376,0.31263274154514786,0.12246221861146571,0.22274236626354896
50,0.06950399308682916,0.0,0.1547954151249854,67,26,0.0,0,1,50,0.3421626735798376,0.4116666666666667,0.31263274154514786,0.30666666666666664,0.12246221861146571,0.085,0.22274236626354896,0.19666666666666666,0.07025399308682913,0.07025399308682913,1.0,0.41241666666666665,0.3055833333333333,0.084,0.198,0.07348679651700693,0.07348679651700693,1.0,0.31573456991859766,0.3079244396335008,0.1959490151284726,0.18039197531942897,0.0394252336655652,0.0394252336655652,1.0,0.36407561829263213,0.30675388648341706,0.1399745075642363,0.1891959876597145,0.0,0.0,1.0,0.3421626735798376,0.31263274154514786,0.12246221861146571,0.22274236626354896
51,0.06950399308682916,0.0,0.1547954151249854,64,26,0.0,0,0,50,0.3421626735798376,0.4116666666666667,0.31263274154514786,0.30666666666666664,0.12246221861146571,0.085,0.22274236626354896,0.19666666666666666,0.07025399308682913,0.07025399308682913,1.0,0.41241666666666665,0.3055833333333333,0.084,0.198,0.07348679651700693,0.07348679651700693,1.0,0.31573456991859766,0.3079244396335008,0.1959490151284726,0.18039197531942897,0.0394252336655652,0.0394252336655652,1.0,0.36407561829263213,0.30675388648341706,0.1399745075642363,0.1891959876597145,0.0,0.0,1.0,0.3421626735798376,0.31263274154514786,0.12246221861146571,0.22274236626354896
52,0.06950399308682916,0.0,0.1547954151249854,63,26,0.0,0,0,50,0.3421626735798376,0.4116666666666667,0.31263274154514786,0.30666666666666664,0.12246221861146571,0.085,0.22274236626354896,0.19666666666666666,0.07025399308682913,0.07025399308682913,1.0,0.41241666666666665,0.3055833333333333,0.084,0.198,0.07348679651700693,0.07348679651700693,1.0,0.31573456991859766,0.3079244396335008,0.1959490151284726,0.18039197531942897,0.0394252336655652,0.0394252336655652,1.0,0.36407561829263213,0.30675388648341706,0.1399745075642363,0.1891959876597145,0.0,0.0,1.0,0.3421626735798376,0.31263274154514786,0.12246221861146571,0.22274236626354896
53,0.0711706597534958,0.0,0.1547954151249854,62,26,0.0,0,0,50,0.3421626735798376,0.41333333333333333,0.31263274154514786,0.305,0.12246221861146571,0.085,0.22274236626354896,0.19666666666666666,0.07025399308682913,0.07025399308682913,1.0,0.41241666666666665,0.3055833333333333,0.084,0.198,0.07348679651700693,0.07348679651700693,1.0,0.31573456991859766,0.3079244396335008,0.1959490151284726,0.18039197531942897,0.0394252336655652,0.0394252336655652,1.0,0.36407561829263213,0.30675388648341706,0.1399745075642363,0.1891959876597145,0.0,0.0,1.0,0.3421626735798376,0.31263274154514786,0.12246221861146571,0.22274236626354896
54,0.06950399308682914,0.0,0.1547954151249854,69,26,0.0,0,0,50,0.3421626735798376,0.4116666666666667,0.31263274154514786,0.305,0.12246221861146571,0.085,0.22274236626354896,0.19833333333333333,0.07025399308682913,0.07025399308682913,1.0,0.41241666666666665,0.3055833333333333,0.084,0.198,0.07348679651700693,0.07348679651700693,1.0,0.31573456991859766,0.3079244396335008,0.1959490151284726,0.18039197531942897,0.0394252336655652,0.0394252336655652,1.0,0.36407561829263213,0.30675388648341706,0.1399745075642363,0.1891959876597145,0.0,0.0,1.0,0.3421626735798376,0.31263274154514786,0.12246221861146571,0.22274236626354896
55,0.0661706597534958,0.0,0.1547954151249854,65,26,0.0,0,0,50,0.3421626735798376,0.4083333333333333,0.31263274154514786,0.30666666666666664,0.12246221861146571,0.085,0.22274236626354896,0.2,0.07025399308682913,0.07025399308682913,1.0,0.41241666666666665,0.3055833333333333,0.084,0.198,0.07348679651700693,0.07348679651700693,1.0,0.31573456991859766,0.3079244396335008,0.1959490151284726,0.18039197531942897,0.0394252336655652,0.0394252336655652,1.0,0.36407561829263213,0.30675388648341706,0.1399745075642363,0.1891959876597145,0.0,0.0,1.0,0.3421626735798376,0.31263274154514786,0.12246221861146571,0.22274236626354896
56,0.06950399308682914,0.0,0.1547954151249854,76,26,0.0,0,0,50,0.3421626735798376,0.4116666666666667,0.31263274154514786,0.305,0.12246221861146571,0.085,0.22274236626354896,0.19833333333333333,0.07025399308682913,0.07025399308682913,1.0,0.41241666666666665,0.3055833333333333,0.084,0.198,0.07348679651700693,0.07348679651700693,1.0,0.31573456991859766,0.3079244396335008,0.1959490151284726,0.18039197531942897,0.0394252336655652,0.0394252336655652,1.0,0.36407561829263213,0.30675388648341706,0.1399745075642363,0.1891959876597145,0.0,0.0,1.0,0.3421626735798376,0.31263274154514786,0.12246221861146571,0.22274236626354896
57,0.06950399308682914,0.0,0.1547954151249854,55,26,0.0,0,0,50,0.3421626735798376,0.4116666666666667,0.31263274154514786,0.305,0.12246221861146571,0.085,0.22274236626354896,0.19833333333333333,0.07025399308682913,0.07025399308682913,1.0,0.41241666666666665,0.3055833333333333,0.084,0.198,0.07348679651700693,0.07348679651700693,1.0,0.31573456991859766,0.3079244396335008,0.1959490151284726,0.18039197531942897,0.0394252336655652,0.0394252336655652,1.0,0.36407561829263213,0.30675388648341706,0.1399745075642363,0.1891959876597145,0.0,0.0,1.0,0.3421626735798376,0.31263274154514786,0.12246221861146571,0.22274236626354896
58,0.06783732642016245,0.0,0.1547954151249854,59,26,0.0,0,0,50,0.3421626735798376,0.41,0.31263274154514786,0.305,0.12246221861146571,0.085,0.22274236626354896,0.2,0.07025399308682913,0.07025399308682913,1.0,0.41241666666666665,0.3055833333333333,0.084,0.198,0.07348679651700693,0.07348679651700693,1.0,0.31573456991859766,0.3079244396335008,0.1959490151284726,0.18039197531942897,0.0394252336655652,0.0394252336655652,1.0,0.36407561829263213,0.30675388648341706,0.1399745075642363,0.1891959876597145,0.0,0.0,1.0,0.3421626735798376,0.31263274154514786,0.12246221861146571,0.22274236626354896
59,0.06783732642016245,0.0,0.1547954151249854,67,26,0.0,0,0,50,0.3421626735798376,0.41,0.31263274154514786,0.305,0.12246221861146571,0.085,0.22274236626354896,0.2,0.07025399308682913,0.07025399308682913,1.0,0.41241666666666665,0.3055833333333333,0.084,0.198,0.07348679651700693,0.07348679651700693,1.0,0.31573456991859766,0.3079244396335008,0.1959490151284726,0.18039197531942897,0.0394252336655652,0.0394252336655652,1.0,0.36407561829263213,0.30675388648341706,0.1399745075642363,0.1891959876597145,0.0,0.0,1.0,0.3421626735798376,0.31263274154514786,0.12246221861146571,0.22274236626354896
60,0.06950399308682914,0.0,0.1547954151249854,73,26,0.0,0,1,60,0.3421626735798376,0.4116666666666667,0.31263274154514786,0.305,0.12246221861146571,0.085,0.22274236626354896,0.19833333333333333,0.06950399308682914,0.06950399308682914,1.0,0.4116666666666667,0.30583333333333335,0.08458333333333333,0.19791666666666666,0.08915972843592221,0.08915972843592221,1.0,0.2845001386940934,0.2811355479949698,0.15375737134555603,0.28060694196538083,0.022440167153017283,0.022440167153017283,1.0,0.34808340268038007,0.2934844406641516,0.11917035233944467,0.23926180431602373,0.0,0.0,1.0,0.3421626735798376,0.31263274154514786,0.12246221861146571,0.22274236626354896
61,0.0661706597534958,0.0,0.1547954151249854,78,26,0.0,0,0,60,0.3421626735798376,0.4083333333333333,0.31263274154514786,0.305,0.12246221861146571,0.085,0.22274236626354896,0.20166666666666666,0.06950399308682914,0.06950399308682914,1.0,0.4116666666666667,0.30583333333333335,0.08458333333333333,0.19791666666666666,0.08915972843592221,0.08915972843592221,1.0,0.2845001386940934,0.2811355479949698,0.15375737134555603,0.28060694196538083,0.022440167153017283,0.022440167153017283,1.0,0.34808340268038007,0.2934844406641516,0.11917035233944467,0.23926180431602373,0.0,0.0,1.0,0.3421626735798376,0.31263274154514786,0.12246221861146571,0.22274236626354896
62,0.0661706597534958,0.0,0.1547954151249854,59,26,0.0,0,0,60,0.3421626735798376,0.4083333333333333,0.31263274154514786,0.305,0.12246221861146571,0.085,0.22274236626354896,0.20166666666666666,0.06950399308682914,0.06950399308682914,1.0,0.4116666666666667,0.30583333333333335,0.08458333333333333,0.19791666666666666,0.08915972843592221,0.08915972843592221,1.0,0.2845001386940934,0.2811355479949698,0.15375737134555603,0.28060694196538083,0.022440167153017283,0.022440167153017283,1.0,0.34808340268038007,0.2934844406641516,0.11917035233944467,0.23926180431602373,0.0,0.0,1.0,0.3421626735798376,0.31263274154514786,0.12246221861146571,0.22274236626354896
63,0.0661706597534958,0.0,0.1547954151249854,66,26,0.0,0,0,60,0.3421626735798376,0.4083333333333333,0.31263274154514786,0.305,0.12246221861146571,0.085,0.22274236626354896,0.20166666666666666,0.06950399308682914,0.06950399308682914,1.0,0.4116666666666667,0.30583333333333335,0.08458333333333333,0.19791666666666666,0.08915972843592221,0.08915972843592221,1.0,0.2845001386940934,0.2811355479949698,0.15375737134555603,0.28060694196538083,0.022440167153017283,0.022440167153017283,1.0,0.34808340268038007,0.2934844406641516,0.11917035233944467,0.23926180431602373,0.0,0.0,1.0,0.3421626735798376,0.31263274154514786,0.12246221861146571,0.22274236626354896
64,0.06617065975349581,0.0,0.1547954151249854,66,26,0.0,0,0,60,0.3421626735798376,0.4083333333333333,0.31263274154514786,0.30666666666666664,0.12246221861146571,0.08333333333333333,0.22274236626354896,0.20166666666666666,0.06950399308682914,0.06950399308682914,1.0,0.4116666666666667,0.30583333333333335,0.08458333333333333,0.19791666666666666,0.08915972843592221,0.08915972843592221,1.0,0.2845001386940934,0.2811355479949698,0.15375737134555603,0.28060694196538083,0.022440167153017283,0.022440167153017283,1.0,0.34808340268038007,0.2934844406641516,0.11917035233944467,0.23926180431602373,0.0,0.0,1.0,0.3421626735798376,0.31263274154514786,0.12246221861146571,0.22274236626354896
65,0.06617065975349579,0.0,0.1547954151249854,62,26,0.0,0,0,60,0.3421626735798376,0.4083333333333333,0.31263274154514786,0.30833333333333335,0.12246221861146571,0.08333333333333333,0.22274236626354896,0.2,0.06950399308682914,0.06950399308682914,1.0,0.4116666666666667,0.30583333333333335,0.08458333333333333,0.19791666666666666,0.08915972843592221,0.08915972843592221,1.0,0.2845001386940934,0.2811355479949698,0.15375737134555603,0.28060694196538083,0.022440167153017283,0.022440167153017283,1.0,0.34808340268038007,0.2934844406641516,0.11917035233944467,0.23926180431602373,0.0,0.0,1.0,0.3421626735798376,0.31263274154514786,0.12246221861146571,0.22274236626354896
66,0.06450399308682914,0.0,0.1547954151249854,73,26,0.0,0,0,60,0.3421626735798376,0.4066666666666667,0.31263274154514786,0.30666666666666664,0.12246221861146571,0.08666666666666667,0.22274236626354896,0.2,0.06950399308682914,0.06950399308682914,1.0,0.4116666666666667,0.30583333333333335,0.08458333333333333,0.19791666666666666,0.08915972843592221,0.08915972843592221,1.0,0.2845001386940934,0.2811355479949698,0.15375737134555603,0.28060694196538083,0.022440167153017283,0.022440167153017283,1.0,0.34808340268038007,0.2934844406641516,0.11917035233944467,0.23926180431602373,0.0,0.0,1.0,0.3421626735798376,0.31263274154514786,0.12246221861146571,0.22274236626354896
67,0.06450399308682912,0.0,0.1547954151249854,70,26,0.0,0,0,60,0.3421626735798376,0.4066666666666667,0.31263274154514786,0.30833333333333335,0.12246221861146571,0.085,0.22274236626354896,0.2,0.06950399308682914,0.06950399308682914,1.0,0.4116666666666667,0.30583333333333335,0.08458333333333333,0.19791666666666666,0.08915972843592221,0.08915972843592221,1.0,0.2845001386940934,0.2811355479949698,0.15375737134555603,0.28060694196538083,0.022440167153017283,0.022440167153017283,1.0,0.34808340268038007,0.2934844406641516,0.11917035233944467,0.23926180431602373,0.0,0.0,1.0,0.3421626735798376,0.31263274154514786,0.12246221861146571,0.22274236626354896
68,0.06450399308682912,0.0,0.1547954151249854,64,26,0.0,0,0,60,0.3421626735798376,0.4066666666666667,0.31263274154514786,0.30833333333333335,0.12246221861146571,0.085,0.22274236626354896,0.2,0.06950399308682914,0.06950399308682914,1.0,0.4116666666666667,0.30583333333333335,0.08458333333333333,0.19791666666666666,0.08915972843592221,0.08915972843592221,1.0,0.2845001386940934,0.2811355479949698,0.15375737134555603,0.28060694196538083,0.022440167153017283,0.022440167153017283,1.0,0.34808340268038007,0.2934844406641516,0.11917035233944467,0.23926180431602373,0.0,0.0,1.0,0.3421626735798376,0.31263274154514786,0.12246221861146571,0.22274236626354896
69,0.06450399308682912,0.0,0.1547954151249854,76,26,0.0,0,0,60,0.3421626735798376,0.4066666666666667,0.31263274154514786,0.30833333333333335,0.12246221861146571,0.085,0.22274236626354896,0.2,0.06950399308682914,0.06950399308682914,1.0,0.4116666666666667,0.30583333333333335,0.08458333333333333,0.19791666666666666,0.08915972843592221,0.08915972843592221,1.0,0.2845001386940934,0.2811355479949698,0.15375737134555603,0.28060694196538083,0.022440167153017283,0.022440167153017283,1.0,0.34808340268038007,0.2934844406641516,0.11917035233944467,0.23926180431602373,0.0,0.0,1.0,0.3421626735798376,0.31263274154514786,0.12246221861146571,0.22274236626354896
70,0.06450399308682912,0.0,0.1547954151249854,60,26,0.0,0,1,70,0.3421626735798376,0.4066666666666667,0.31263274154514786,0.30833333333333335,0.12246221861146571,0.085,0.22274236626354896,0.2,0.06717065975349579,0.06717065975349579,1.0,0.4093333333333333,0.30625,0.08491666666666667,0.1995,0.05097787022830581,0.05097787022830581,0.0,0.34674070736337953,0.35903257798991167,0.09685930885148729,0.1973674057952215,0.05588289421832685,0.05588289421832685,1.0,0.3780370203483564,0.3326412889949558,0.09088798775907697,0.19843370289761075,0.0,0.0,1.0,0.3421626735798376,0.31263274154514786,0.12246221861146571,0.22274236626354896
71,0.06450399308682912,0.0,0.1547954151249854,69,26,0.0,0,0,70,0.3421626735798376,0.4066666666666667,0.31263274154514786,0.30833333333333335,0.12246221861146571,0.085,0.22274236626354896,0.2,0.06717065975349579,0.06717065975349579,1.0,0.4093333333333333,0.30625,0.08491666666666667,0.1995,0.05097787022830581,0.05097787022830581,0.0,0.34674070736337953,0.35903257798991167,0.09685930885148729,0.1973674057952215,0.05588289421832685,0.05588289421832685,1.0,0.3780370203483564,0.3326412889949558,0.09088798775907697,0.19843370289761075,0.0,0.0,1.0,0.3421626735798376,0.31263274154514786,0.12246221861146571,0.22274236626354896
72,0.06950399308682916,0.0,0.1547954151249854,72,26,0.0,0,0,70,0.3421626735798376,0.4116666666666667,0.31263274154514786,0.30666666666666664,0.12246221861146571,0.08333333333333333,0.22274236626354896,0.19833333333333333,0.06717065975349579,0.06717065975349579,1.0,0.4093333333333333,0.30625,0.08491666666666667,0.1995,0.05097787022830581,0.05097787022830581,0.0,0.34674070736337953,0.35903257798991167,0.09685930885148729,0.1973674057952215,0.05588289421832685,0.05588289421832685,1.0,0.3780370203483564,0.3326412889949558,0.09088798775907697,0.19843370289761075,0.0,0.0,1.0,0.3421626735798376,0.31263274154514786,0.12246221861146571,0.22274236626354896
73,0.07117065975349582,0.0,0.1547954151249854,70,26,0.0,0,0,70,0.3421626735798376,0.41333333333333333,0.31263274154514786,0.30666666666666664,0.12246221861146571,0.08166666666666667,0.22274236626354896,0.19833333333333333,0.06717065975349579,0.06717065975349579,1.0,0.4093333333333333,0.30625,0.08491666666666667,0.1995,0.05097787022830581,0.05097787022830581,0.0,0.34674070736337953,0.35903257798991167,0.09685930885148729,0.1973674057952215,0.05588289421832685,0.05588289421832685,1.0,0.3780370203483564,0.3326412889949558,0.09088798775907697,0.19843370289761075,0.0,0.0,1.0,0.3421626735798376,0.31263274154514786,0.12246221861146571,0.22274236626354896
74,0.07117065975349579,0.0,0.1547954151249854,76,26,0.0,0,0,70,0.3421626735798376,0.41333333333333333,0.31263274154514786,0.305,0.12246221861146571,0.08166666666666667,0.22274236626354896,0.2,0.06717065975349579,0.06717065975349579,1.0,0.4093333333333333,0.30625,0.08491666666666667,0.1995,0.05097787022830581,0.05097787022830581,0.0,0.34674070736337953,0.35903257798991167,0.09685930885148729,0.1973674057952215,0.05588289421832685,0.05588289421832685,1.0,0.3780370203483564,0.3326412889949558,0.09088798775907697,0.19843370289761075,0.0,0.0,1.0,0.3421626735798376,0.31263274154514786,0.12246221861146571,0.22274236626354896
75,0.06950399308682914,0.0,0.1547954151249854,77,26,0.0,0,0,70,0.3421626735798376,0.4116666666666667,0.31263274154514786,0.305,0.12246221861146571,0.08333333333333333,0.22274236626354896,0.2,0.06717065975349579,0.06717065975349579,1.0,0.4093333333333333,0.30625,0.08491666666666667,0.1995,0.05097787022830581,0.05097787022830581,0.0,0.34674070736337953,0.35903257798991167,0.09685930885148729,0.1973674057952215,0.05588289421832685,0.05588289421832685,1.0,0.3780370203483564,0.3326412889949558,0.09088798775907697,0.19843370289761075,0.0,0.0,1.0,0.3421626735798376,0.31263274154514786,0.12246221861146571,0.22274236626354896
76,0.06783732642016245,0.0,0.1547954151249854,67,26,0.0,0,0,70,0.3421626735798376,0.41,0.31263274154514786,0.305,0.12246221861146571,0.085,0.22274236626354896,0.2,0.06717065975349579,0.06717065975349579,1.0,0.4093333333333333,0.30625,0.08491666666666667,0.1995,0.05097787022830581,0.05097787022830581,0.0,0.34674070736337953,0.35903257798991167,0.09685930885148729,0.1973674057952215,0.05588289421832685,0.05588289421832685,1.0,0.3780370203483564,0.3326412889949558,0.09088798775907697,0.19843370289761075,0.0,0.0,1.0,0.3421626735798376,0.31263274154514786,0.12246221861146571,0.22274236626354896
77,0.06950399308682914,0.0,0.1547954151249854,64,26,0.0,0,0,70,0.3421626735798376,0.4116666666666667,0.31263274154514786,0.305,0.12246221861146571,0.08333333333333333,0.22274236626354896,0.2,0.06717065975349579,0.06717065975349579,1.0,0.4093333333333333,0.30625,0.08491666666666667,0.1995,0.05097787022830581,0.05097787022830581,0.0,0.34674070736337953,0.35903257798991167,0.09685930885148729,0.1973674057952215,0.05588289421832685,0.05588289421832685,1.0,0.3780370203483564,0.3326412889949558,0.09088798775907697,0.19843370289761075,0.0,0.0,1.0,0.3421626735798376,0.31263274154514786,0.12246221861146571,0.22274236626354896
78,0.06950399308682914,0.0,0.1547954151249854,61,26,0.0,0,0,70,0.3421626735798376,0.4116666666666667,0.31263274154514786,0.305,0.12246221861146571,0.08333333333333333,0.22274236626354896,0.2,0.06717065975349579,0.06717065975349579,1.0,0.4093333333333333,0.30625,0.08491666666666667,0.1995,0.05097787022830581,0.05097787022830581,0.0,0.34674070736337953,0.35903257798991167,0.09685930885148729,0.1973674057952215,0.05588289421832685,0.05588289421832685,1.0,0.3780370203483564,0.3326412889949558,0.09088798775907697,0.19843370289761075,0.0,0.0,1.0,0.3421626735798376,0.31263274154514786,0.12246221861146571,0.22274236626354896
79,0.06950399308682914,0.0,0.1547954151249854,72,26,0.0,0,0,70,0.3421626735798376,0.4116666666666667,0.31263274154514786,0.305,0.12246221861146571,0.08333333333333333,0.22274236626354896,0.2,0.06717065975349579,0.06717065975349579,1.0,0.4093333333333333,0.30625,0.08491666666666667,0.1995,0.05097787022830581,0.05097787022830581,0.0,0.34674070736337953,0.35903257798991167,0.09685930885148729,0.1973674057952215,0.05588289421832685,0.05588289421832685,1.0,0.3780370203483564,0.3326412889949558,0.09088798775907697,0.19843370289761075,0.0,0.0,1.0,0.3421626735798376,0.31263274154514786,0.12246221861146571,0.22274236626354896
80,0.07117065975349579,0.0,0.1547954151249854,75,26,0.0,0,1,80,0.3421626735798376,0.41333333333333333,0.31263274154514786,0.305,0.12246221861146571,0.08166666666666667,0.22274236626354896,0.2,0.06733732642016245,0.06733732642016245,1.0,0.4095,0.30633333333333335,0.084,0.20016666666666666,0.13552930812508834,0.13552930812508834,1.0,0.3716303279770185,0.17710343342005944,0.16632270274615255,0.28494353585676946,0.0709143581684514,0.0709143581684514,1.0,0.39056516398850927,0.24171838337669638,0.12516135137307627,0.24255510126171806,0.0,0.0,1.0,0.3421626735798376,0.31263274154514786,0.12246221861146571,0.22274236626354896
81,0.07117065975349579,0.0,0.1547954151249854,74,26,0.0,0,0,80,0.3421626735798376,0.41333333333333333,0.31263274154514786,0.305,0.12246221861146571,0.08166666666666667,0.22274236626354896,0.2,0.06733732642016245,0.06733732642016245,1.0,0.4095,0.30633333333333335,0.084,0.20016666666666666,0.13552930812508834,0.13552930812508834,1.0,0.3716303279770185,0.17710343342005944,0.16632270274615255,0.28494353585676946,0.0709143581684514,0.0709143581684514,1.0,0.39056516398850927,0.24171838337669638,0.12516135137307627,0.24255510126171806,0.0,0.0,1.0,0.3421626735798376,0.31263274154514786,0.12246221861146571,0.22274236626354896
82,0.07117065975349579,0.0,0.1547954151249854,69,26,0.0,0,0,80,0.3421626735798376,0.41333333333333333,0.31263274154514786,0.305,0.12246221861146571,0.08166666666666667,0.22274236626354896,0.2,0.06733732642016245,0.06733732642016245,1.0,0.4095,0.30633333333333335,0.084,0.20016666666666666,0.13552930812508834,0.13552930812508834,1.0,0.3716303279770185,0.17710343342005944,0.16632270274615255,0.28494353585676946,0.0709143581684514,0.0709143581684514,1.0,0.39056516398850927,0.24171838337669638,0.12516135137307627,0.24255510126171806,0.0,0.0,1.0,0.3421626735798376,0.31263274154514786,0.12246221861146571,0.22274236626354896
83,0.07117065975349579,0.0,0.1547954151249854,66,26,0.0,0,0,80,0.3421626735798376,0.41333333333333333,0.31263274154514786,0.305,0.12246221861146571,0.08166666666666667,0.22274236626354896,0.2,0.06733732642016245,0.06733732642016245,1.0,0.4095,0.30633333333333335,0.084,0.20016666666666666,0.13552930812508834,0.13552930812508834,1.0,0.3716303279770185,0.17710343342005944,0.16632270274615255,0.28494353585676946,0.0709143581684514,0.0709143581684514,1.0,0.39056516398850927,0.24171838337669638,0.12516135137307627,0.24255510126171806,0.0,0.0,1.0,0.3421626735798376,0.31263274154514786,0.12246221861146571,0.22274236626354896
84,0.07117065975349579,0.0,0.1547954151249854,78,26,0.0,0,0,80,0.3421626735798376,0.41333333333333333,0.31263274154514786,0.305,0.12246221861146571,0.08166666666666667,0.22274236626354896,0.2,0.06733732642016245,0.06733732642016245,1.0,0.4095,0.30633333333333335,0.084,0.20016666666666666,0.13552930812508834,0.13552930812508834,1.0,0.3716303279770185,0.17710343342005944,0.16632270274615255,0.28494353585676946,0.0709143581684514,0.0709143581684514,1.0,0.39056516398850927,0.24171838337669638,0.12516135137307627,0.24255510126171806,0.0,0.0,1.0,0.3421626735798376,0.31263274154514786,0.12246221861146571,0.22274236626354896
85,0.07117065975349579,0.0,0.1547954151249854,66,26,0.0,0,0,80,0.3421626735798376,0.41333333333333333,0.31263274154514786,0.305,0.12246221861146571,0.08166666666666667,0.22274236626354896,0.2,0.06733732642016245,0.06733732642016245,1.0,0.4095,0.30633333333333335,0.084,0.20016666666666666,0.13552930812508834,0.13552930812508834,1.0,0.3716303279770185,0.17710343342005944,0.16632270274615255,0.28494353585676946,0.0709143581684514,0.0709143581684514,1.0,0.39056516398850927,0.24171838337669638,0.12516135137307627,0.24255510126171806,0.0,0.0,1.0,0.3421626735798376,0.31263274154514786,0.12246221861146571,0.22274236626354896
86,0.07117065975349582,0.0,0.1547954151249854,63,26,0.0,0,0,80,0.3421626735798376,0.41333333333333333,0.31263274154514786,0.30666666666666664,0.12246221861146571,0.08166666666666667,0.22274236626354896,0.19833333333333333,0.06733732642016245,0.06733732642016245,1.0,0.4095,0.30633333333333335,0.084,0.20016666666666666,0.13552930812508834,0.13552930812508834,1.0,0.3716303279770185,0.17710343342005944,0.16632270274615255,0.28494353585676946,0.0709143581684514,0.0709143581684514,1.0,0.39056516398850927,0.24171838337669638,0.12516135137307627,0.24255510126171806,0.0,0.0,1.0,0.3421626735798376,0.31263274154514786,0.12246221861146571,0.22274236626354896
87,0.06950399308682914,0.0,0.1547954151249854,66,26,0.0,0,0,80,0.3421626735798376,0.4116666666666667,0.31263274154514786,0.30666666666666664,0.12246221861146571,0.08166666666666667,0.22274236626354896,0.2,0.06733732642016245,0.06733732642016245,1.0,0.4095,0.30633333333333335,0.084,0.20016666666666666,0.13552930812508834,0.13552930812508834,1.0,0.3716303279770185,0.17710343342005944,0.16632270274615255,0.28494353585676946,0.0709143581684514,0.0709143581684514,1.0,0.39056516398850927,0.24171838337669638,0.12516135137307627,0.24255510126171806,0.0,0.0,1.0,0.3421626735798376,0.31263274154514786,0.12246221861146571,0.22274236626354896
88,0.0661706597534958,0.0,0.1547954151249854,65,26,0.0,0,0,80,0.3421626735798376,0.4083333333333333,0.31263274154514786,0.30666666666666664,0.12246221861146571,0.085,0.22274236626354896,0.2,0.06733732642016245,0.06733732642016245,1.0,0.4095,0.30633333333333335,0.084,0.20016666666666666,0.13552930812508834,0.13552930812508834,1.0,0.3716303279770185,0.17710343342005944,0.16632270274615255,0.28494353585676946,0.0709143581684514,0.0709143581684514,1.0,0.39056516398850927,0.24171838337669638,0.12516135137307627,0.24255510126171806,0.0,0.0,1.0,0.3421626735798376,0.31263274154514786,0.12246221861146571,0.22274236626354896
89,0.06783732642016246,0.0,0.1547954151249854,62,26,0.0,0,0,80,0.3421626735798376,0.41,0.31263274154514786,0.30666666666666664,0.12246221861146571,0.08333333333333333,0.22274236626354896,0.2,0.06733732642016245,0.06733732642016245,1.0,0.4095,0.30633333333333335,0.084,0.20016666666666666,0.13552930812508834,0.13552930812508834,1.0,0.3716303279770185,0.17710343342005944,0.16632270274615255,0.28494353585676946,0.0709143581684514,0.0709143581684514,1.0,0.39056516398850927,0.24171838337669638,0.12516135137307627,0.24255510126171806,0.0,0.0,1.0,0.3421626735798376,0.31263274154514786,0.12246221861146571,0.22274236626354896
90,0.0661706597534958,0.0,0.1547954151249854,75,25,0.0,0,1,90,0.3421626735798376,0.4083333333333333,0.31263274154514786,0.305,0.12246221861146571,0.085,0.22274236626354896,0.20166666666666666,0.06950399308682916,0.06950399308682916,1.0,0.4116666666666667,0.30566666666666664,0.08283333333333333,0.19983333333333334,0.017851393438105892,0.017851393438105892,1.0,0.32616092954108494,0.32136120469590496,0.1206125692121124,0.2318652965508977,0.027632318660176236,0.027632318660176236,1.0,0.3689137981038758,0.3135139356812858,0.10172295127272286,0.2158493149421155,0.0,0.0,1.0,0.3421626735798376,0.31263274154514786,0.12246221861146571,0.22274236626354896
91,0.0661706597534958,0.0,0.1547954151249854,72,25,0.0,0,0,90,0.3421626735798376,0.4083333333333333,0.31263274154514786,0.305,0.12246221861146571,0.08333333333333333,0.22274236626354896,0.20333333333333334,0.06950399308682916,0.06950399308682916,1.0,0.4116666666666667,0.30566666666666664,0.08283333333333333,0.19983333333333334,0.017851393438105892,0.017851393438105892,1.0,0.32616092954108494,0.32136120469590496,0.1206125692121124,0.2318652965508977,0.027632318660176236,0.027632318660176236,1.0,0.3689137981038758,0.3135139356812858,0.10172295127272286,0.2158493149421155,0.0,0.0,1.0,0.3421626735798376,0.31263274154514786,0.12246221861146571,0.22274236626354896
92,0.06617065975349579,0.0,0.1547954151249854,68,25,0.0,0,0,90,0.3421626735798376,0.4083333333333333,0.31263274154514786,0.30333333333333334,0.12246221861146571,0.085,0.22274236626354896,0.20333333333333334,0.06950399308682916,0.06950399308682916,1.0,0.4116666666666667,0.30566666666666664,0.08283333333333333,0.19983333333333334,0.017851393438105892,0.017851393438105892,1.0,0.32616092954108494,0.32136120469590496,0.1206125692121124,0.2318652965508977,0.027632318660176236,0.027632318660176236,1.0,0.3689137981038758,0.3135139356812858,0.10172295127272286,0.2158493149421155,0.0,0.0,1.0,0.3421626735798376,0.31263274154514786,0.12246221861146571,0.22274236626354896
93,0.0661706597534958,0.0,0.1547954151249854,73,25,0.0,0,0,90,0.3421626735798376,0.4083333333333333,0.31263274154514786,0.305,0.12246221861146571,0.08333333333333333,0.22274236626354896,0.20333333333333334,0.06950399308682916,0.06950399308682916,1.0,0.4116666666666667,0.30566666666666664,0.08283333333333333,0.19983333333333334,0.017851393438105892,0.017851393438105892,1.0,0.32616092954108494,0.32136120469590496,0.1206125692121124,0.2318652965508977,0.027632318660176236,0.027632318660176236,1.0,0.3689137981038758,0.3135139356812858,0.10172295127272286,0.2158493149421155,0.0,0.0,1.0,0.3421626735798376,0.31263274154514786,0.12246221861146571,0.22274236626354896
94,0.0661706597534958,0.0,0.1547954151249854,76,25,0.0,0,0,90,0.3421626735798376,0.4083333333333333,0.31263274154514786,0.305,0.12246221861146571,0.08333333333333333,0.22274236626354896,0.20333333333333334,0.06950399308682916,0.06950399308682916,1.0,0.4116666666666667,0.30566666666666664,0.08283333333333333,0.19983333333333334,0.017851393438105892,0.017851393438105892,1.0,0.32616092954108494,0.32136120469590496,0.1206125692121124,0.2318652965508977,0.027632318660176236,0.027632318660176236,1.0,0.3689137981038758,0.3135139356812858,0.10172295127272286,0.2158493149421155,0.0,0.0,1.0,0.3421626735798376,0.31263274154514786,0.12246221861146571,0.22274236626354896
95,0.0661706597534958,0.0,0.1547954151249854,82,25,0.0,0,0,90,0.3421626735798376,0.4083333333333333,0.31263274154514786,0.305,0.12246221861146571,0.08333333333333333,0.22274236626354896,0.20333333333333334,0.06950399308682916,0.06950399308682916,1.0,0.4116666666666667,0.30566666666666664,0.08283333333333333,0.19983333333333334,0.017851393438105892,0.017851393438105892,1.0,0.32616092954108494,0.32136120469590496,0.1206125692121124,0.2318652965508977,0.027632318660176236,0.027632318660176236,1.0,0.3689137981038758,0.3135139356812858,0.10172295127272286,0.2158493149421155,0.0,0.0,1.0,0.3421626735798376,0.31263274154514786,0.12246221861146571,0.22274236626354896
96,0.0661706597534958,0.0,0.1547954151249854,71,25,0.0,0,0,90,0.3421626735798376,0.4083333333333333,0.31263274154514786,0.305,0.12246221861146571,0.08333333333333333,0.22274236626354896,0.20333333333333334,0.06950399308682916,0.06950399308682916,1.0,0.4116666666666667,0.30566666666666664,0.08283333333333333,0.19983333333333334,0.017851393438105892,0.017851393438105892,1.0,0.32616092954108494,0.32136120469590496,0.1206125692121124,0.2318652965508977,0.027632318660176236,0.027632318660176236,1.0,0.3689137981038758,0.3135139356812858,0.10172295127272286,0.2158493149421155,0.0,0.0,1.0,0.3421626735798376,0.31263274154514786,0.12246221861146571,0.22274236626354896
97,0.0661706597534958,0.0,0.1547954151249854,84,25,0.0,0,0,90,0.3421626735798376,0.4083333333333333,0.31263274154514786,0.305,0.12246221861146571,0.08333333333333333,0.22274236626354896,0.20333333333333334,0.06950399308682916,0.06950399308682916,1.0,0.4116666666666667,0.30566666666666664,0.08283333333333333,0.19983333333333334,0.017851393438105892,0.017851393438105892,1.0,0.32616092954108494,0.32136120469590496,0.1206125692121124,0.2318652965508977,0.027632318660176236,0.027632318660176236,1.0,0.3689137981038758,0.3135139356812858,0.10172295127272286,0.2158493149421155,0.0,0.0,1.0,0.3421626735798376,0.31263274154514786,0.12246221861146571,0.22274236626354896
98,0.06617065975349579,0.0,0.1547954151249854,67,25,0.0,0,0,90,0.3421626735798376,0.4083333333333333,0.31263274154514786,0.30333333333333334,0.12246221861146571,0.085,0.22274236626354896,0.20333333333333334,0.06950399308682916,0.06950399308682916,1.0,0.4116666666666667,0.30566666666666664,0.08283333333333333,0.19983333333333334,0.017851393438105892,0.017851393438105892,1.0,0.32616092954108494,0.32136120469590496,0.1206125692121124,0.2318652965508977,0.027632318660176236,0.027632318660176236,1.0,0.3689137981038758,0.3135139356812858,0.10172295127272286,0.2158493149421155,0.0,0.0,1.0,0.3421626735798376,0.31263274154514786,0.12246221861146571,0.22274236626354896
99,0.06617065975349579,0.0,0.1547954151249854,66,25,0.0,0,0,90,0.3421626735798376,0.4083333333333333,0.31263274154514786,0.30333333333333334,0.12246221861146571,0.085,0.22274236626354896,0.20333333333333334,0.06950399308682916,0.06950399308682916,1.0,0.4116666666666667,0.30566666666666664,0.08283333333333333,0.19983333333333334,0.017851393438105892,0.017851393438105892,1.0,0.32616092954108494,0.32136120469590496,0.1206125692121124,0.2318652965508977,0.027632318660176236,0.027632318660176236,1.0,0.3689137981038758,0.3135139356812858,0.10172295127272286,0.2158493149421155,0.0,0.0,1.0,0.3421626735798376,0.31263274154514786,0.12246221861146571,0.22274236626354896
100,0.3612915588579699,0.0,0.1547954151249854,80,9,0.0,0,1,100,0.3421626735798376,0.10333333333333333,0.31263274154514786,0.575,0.12246221861146571,0.0,0.22274236626354896,0.32166666666666666,0.058621251541681255,0.058621251541681255,1.0,0.3948333333333333,0.31858333333333333,0.079,0.20758333333333334,0.022352012879771246,0.022352012879771246,0.0,0.33111332514569725,0.33430532203176216,0.12314165100462264,0.21143970181791805,0.03462224179707761,0.03462224179707761,1.0,0.3629733292395153,0.3264443276825477,0.10107082550231132,0.2095115175756257,0.0,0.0,1.0,0.3421626735798376,0.31263274154514786,0.12246221861146571,0.22274236626354896
101,0.32962489219130325,0.0,0.1547954151249854,74,11,0.0,0,0,100,0.3421626735798376,0.105,0.31263274154514786,0.5,0.12246221861146571,0.03,0.22274236626354896,0.365,0.058621251541681255,0.058621251541681255,1.0,0.3948333333333333,0.31858333333333333,0.079,0.20758333333333334,0.022352012879771246,0.022352012879771246,0.0,0.33111332514569725,0.33430532203176216,0.12314165100462264,0.21143970181791805,0.03462224179707761,0.03462224179707761,1.0,0.3629733292395153,0.3264443276825477,0.10107082550231132,0.2095115175756257,0.0,0.0,1.0,0.3421626735798376,0.31263274154514786,0.12246221861146571,0.22274236626354896
102,0.23903392512151883,0.0,0.1547954151249854,80,13,0.0,0,0,100,0.3421626735798376,0.17666666666666667,0.31263274154514786,0.5516666666666666,0.12246221861146571,0.058333333333333334,0.22274236626354896,0.21333333333333335,0.058621251541681255,0.058621251541681255,1.0,0.3948333333333333,0.31858333333333333,0.079,0.20758333333333334,0.022352012879771246,0.022352012879771246,0.0,0.33111332514569725,0.33430532203176216,0.12314165100462264,0.21143970181791805,0.03462224179707761,0.03462224179707761,1.0,0.3629733292395153,0.3264443276825477,0.10107082550231132,0.2095115175756257,0.0,0.0,1.0,0.3421626735798376,0.31263274154514786,0.12246221861146571,0.22274236626354896
103,0.24570059178818554,0.0,0.1547954151249854,72,15,0.0,0,0,100,0.3421626735798376,0.24,0.31263274154514786,0.5583333333333333,0.12246221861146571,0.07333333333333333,0.22274236626354896,0.12833333333333333,0.058621251541681255,0.058621251541681255,1.0,0.3948333333333333,0.31858333333333333,0.079,0.20758333333333334,0.022352012879771246,0.022352012879771246,0.0,0.33111332514569725,0.33430532203176216,0.12314165100462264,0.21143970181791805,0.03462224179707761,0.03462224179707761,1.0,0.3629733292395153,0.3264443276825477,0.10107082550231132,0.2095115175756257,0.0,0.0,1.0,0.3421626735798376,0.31263274154514786,0.12246221861146571,0.22274236626354896
104,0.21070059178818554,0.0,0.1547954151249854,87,17,0.0,0,0,100,0.3421626735798376,0.295,0.31263274154514786,0.5233333333333333,0.12246221861146571,0.09166666666666666,0.22274236626354896,0.09,0.058621251541681255,0.058621251541681255,1.0,0.3948333333333333,0.31858333333333333,0.079,0.20758333333333334,0.022352012879771246,0.022352012879771246,0.0,0.33111332514569725,0.33430532203176216,0.12314165100462264,0.21143970181791805,0.03462224179707761,0.03462224179707761,1.0,0.3629733292395153,0.3264443276825477,0.10107082550231132,0.2095115175756257,0.0,0.0,1.0,0.3421626735798376,0.31263274154514786,0.12246221861146571,0.22274236626354896
105,0.14353791820834794,0.0,0.1547954151249854,72,19,0.0,0,0,100,0.3421626735798376,0.34833333333333333,0.31263274154514786,0.45,0.12246221861146571,0.09333333333333334,0.22274236626354896,0.10833333333333334,0.058621251541681255,0.058621251541681255,1.0,0.3948333333333333,0.31858333333333333,0.079,0.20758333333333334,0.022352012879771246,0.022352012879771246,0.0,0.33111332514569725,0.33430532203176216,0.12314165100462264,0.21143970181791805,0.03462224179707761,0.03462224179707761,1.0,0.3629733292395153,0.3264443276825477,0.10107082550231132,0.2095115175756257,0.0,0.0,1.0,0.3421626735798376,0.31263274154514786,0.12246221861146571,0.22274236626354896
106,0.17070059178818553,0.0,0.1547954151249854,83,19,0.0,0,0,100,0.3421626735798376,0.2966666666666667,0.31263274154514786,0.48333333333333334,0.12246221861146571,0.10166666666666667,0.22274236626354896,0.11833333333333333,0.058621251541681255,0.058621251541681255,1.0,0.3948333333333333,0.31858333333333333,0.079,0.20758333333333334,0.022352012879771246,0.022352012879771246,0.0,0.33111332514569725,0.33430532203176216,0.12314165100462264,0.21143970181791805,0.03462224179707761,0.03462224179707761,1.0,0.3629733292395153,0.3264443276825477,0.10107082550231132,0.2095115175756257,0.0,0.0,1.0,0.3421626735798376,0.31263274154514786,0.12246221861146571,0.22274236626354896
107,0.09236725845485222,0.0,0.1547954151249854,71,21,0.0,0,0,100,0.3421626735798376,0.3383333333333333,0.31263274154514786,0.405,0.12246221861146571,0.09166666666666666,0.22274236626354896,0.165,0.058621251541681255,0.058621251541681255,1.0,0.3948333333333333,0.31858333333333333,0.079,0.20758333333333334,0.022352012879771246,0.022352012879771246,0.0,0.33111332514569725,0.33430532203176216,0.12314165100462264,0.21143970181791805,0.03462224179707761,0.03462224179707761,1.0,0.3629733292395153,0.3264443276825477,0.10107082550231132,0.2095115175756257,0.0,0.0,1.0,0.3421626735798376,0.31263274154514786,0.12246221861146571,0.22274236626354896
108,0.10853791820834792,0.0,0.1547954151249854,74,22,0.0,0,0,100,0.3421626735798376,0.345,0.31263274154514786,0.41833333333333333,0.12246221861146571,0.095,0.22274236626354896,0.14166666666666666,0.058621251541681255,0.058621251541681255,1.0,0.3948333333333333,0.31858333333333333,0.079,0.20758333333333334,0.022352012879771246,0.022352012879771246,0.0,0.33111332514569725,0.33430532203176216,0.12314165100462264,0.21143970181791805,0.03462224179707761,0.03462224179707761,1.0,0.3629733292395153,0.3264443276825477,0.10107082550231132,0.2095115175756257,0.0,0.0,1.0,0.3421626735798376,0.31263274154514786,0.12246221861146571,0.22274236626354896
109,0.13353791820834793,0.0,0.1547954151249854,80,22,0.0,0,0,100,0.3421626735798376,0.36,0.31263274154514786,0.42833333333333334,0.12246221861146571,0.09666666666666666,0.22274236626354896,0.115,0.058621251541681255,0.058621251541681255,1.0,0.3948333333333333,0.31858333333333333,0.079,0.20758333333333334,0.022352012879771246,0.022352012879771246,0.0,0.33111332514569725,0.33430532203176216,0.12314165100462264,0.21143970181791805,0.03462224179707761,0.03462224179707761,1.0,0.3629733292395153,0.3264443276825477,0.10107082550231132,0.2095115175756257,0.0,0.0,1.0,0.3421626735798376,0.31263274154514786,0.12246221861146571,0.22274236626354896
110,0.11187125154168126,0.0,0.1547954151249854,90,22,0.0,0,1,110,0.3421626735798376,0.35833333333333334,0.31263274154514786,0.4083333333333333,0.12246221861146571,0.09333333333333334,0.22274236626354896,0.14,0.08945059178818554,0.08945059178818554,0.0,0.33208333333333334,0.40208333333333335,0.079,0.18683333333333332,0.08087660063597843,0.08087660063597843,1.0,0.3803740341903941,0.2950033218794798,0.16512745863688758,0.15949518529323853,0.04997659624328491,0.04997659624328491,1.0,0.35622868376186373,0.3485433276064066,0.12206372931844378,0.17316425931328594,0.0,0.0,1.0,0.3421626735798376,0.31263274154514786,0.12246221861146571,0.22274236626354896
111,0.1052045848750146,0.0,0.1547954151249854,76,23,0.0,0,0,110,0.3421626735798376,0.35833333333333334,0.31263274154514786,0.40166666666666667,0.12246221861146571,0.095,0.22274236626354896,0.145,0.08945059178818554,0.08945059178818554,0.0,0.33208333333333334,0.40208333333333335,0.079,0.18683333333333332,0.08087660063597843,0.08087660063597843,1.0,0.3803740341903941,0.2950033218794798,0.16512745863688758,0.15949518529323853,0.04997659624328491,0.04997659624328491,1.0,0.35622868376186373,0.3485433276064066,0.12206372931844378,0.17316425931328594,0.0,0.0,1.0,0.3421626735798376,0.31263274154514786,0.12246221861146571,0.22274236626354896
112,0.08187125154168126,0.0,0.1547954151249854,85,23,0.0,0,0,110,0.3421626735798376,0.355,0.31263274154514786,0.38166666666666665,0.12246221861146571,0.09666666666666666,0.22274236626354896,0.16666666666666666,0.08945059178818554,0.08945059178818554,0.0,0.33208333333333334,0.40208333333333335,0.079,0.18683333333333332,0.08087660063597843,0.08087660063597843,1.0,0.3803740341903941,0.2950033218794798,0.16512745863688758,0.15949518529323853,0.04997659624328491,0.04997659624328491,1.0,0.35622868376186373,0.3485433276064066,0.12206372931844378,0.17316425931328594,0.0,0.0,1.0,0.3421626735798376,0.31263274154514786,0.12246221861146571,0.22274236626354896
113,0.08187125154168126,0.0,0.1547954151249854,87,23,0.0,0,0,110,0.3421626735798376,0.36,0.31263274154514786,0.37666666666666665,0.12246221861146571,0.095,0.22274236626354896,0.16833333333333333,0.08945059178818554,0.08945059178818554,0.0,0.33208333333333334,0.40208333333333335,0.079,0.18683333333333332,0.08087660063597843,0.08087660063597843,1.0,0.3803740341903941,0.2950033218794798,0.16512745863688758,0.15949518529323853,0.04997659624328491,0.04997659624328491,1.0,0.35622868376186373,0.3485433276064066,0.12206372931844378,0.17316425931328594,0.0,0.0,1.0,0.3421626735798376,0.31263274154514786,0.12246221861146571,0.22274236626354896
114,0.07853791820834793,0.0,0.1547954151249854,76,24,0.0,0,0,110,0.3421626735798376,0.36,0.31263274154514786,0.37333333333333335,0.12246221861146571,0.095,0.22274236626354896,0.17166666666666666,0.08945059178818554,0.08945059178818554,0.0,0.33208333333333334,0.40208333333333335,0.079,0.18683333333333332,0.08087660063597843,0.08087660063597843,1.0,0.3803740341903941,0.2950033218794798,0.16512745863688758,0.15949518529323853,0.04997659624328491,0.04997659624328491,1.0,0.35622868376186373,0.3485433276064066,0.12206372931844378,0.17316425931328594,0.0,0.0,1.0,0.3421626735798376,0.31263274154514786,0.12246221861146571,0.22274236626354896
115,0.07687125154168128,0.0,0.1547954151249854,80,24,0.0,0,0,110,0.3421626735798376,0.3616666666666667,0.31263274154514786,0.37,0.12246221861146571,0.095,0.22274236626354896,0.17333333333333334,0.08945059178818554,0.08945059178818554,0.0,0.33208333333333334,0.40208333333333335,0.079,0.18683333333333332,0.08087660063597843,0.08087660063597843,1.0,0.3803740341903941,0.2950033218794798,0.16512745863688758,0.15949518529323853,0.04997659624328491,0.04997659624328491,1.0,0.35622868376186373,0.3485433276064066,0.12206372931844378,0.17316425931328594,0.0,0.0,1.0,0.3421626735798376,0.31263274154514786,0.12246221861146571,0.22274236626354896
116,0.07353791820834794,0.0,0.1547954151249854,86,24,0.0,0,0,110,0.3421626735798376,0.36333333333333334,0.31263274154514786,0.365,0.12246221861146571,0.09666666666666666,0.22274236626354896,0.175,0.08945059178818554,0.08945059178818554,0.0,0.33208333333333334,0.40208333333333335,0.079,0.18683333333333332,0.08087660063597843,0.08087660063597843,1.0,0.3803740341903941,0.2950033218794798,0.16512745863688758,0.15949518529323853,0.04997659624328491,0.04997659624328491,1.0,0.35622868376186373,0.3485433276064066,0.12206372931844378,0.17316425931328594,0.0,0.0,1.0,0.3421626735798376,0.31263274154514786,0.12246221861146571,0.22274236626354896
117,0.06853791820834794,0.0,0.1547954151249854,96,24,0.0,0,0,110,0.3421626735798376,0.36,0.31263274154514786,0.36333333333333334,0.12246221861146571,0.09666666666666666,0.22274236626354896,0.18,0.08945059178818554,0.08945059178818554,0.0,0.33208333333333334,0.40208333333333335,0.079,0.18683333333333332,0.08087660063597843,0.08087660063597843,1.0,0.3803740341903941,0.2950033218794798,0.16512745863688758,0.15949518529323853,0.04997659624328491,0.04997659624328491,1.0,0.35622868376186373,0.3485433276064066,0.12206372931844378,0.17316425931328594,0.0,0.0,1.0,0.3421626735798376,0.31263274154514786,0.12246221861146571,0.22274236626354896
118,0.06687125154168128,0.0,0.1547954151249854,78,24,0.0,0,0,110,0.3421626735798376,0.3616666666666667,0.31263274154514786,0.36,0.12246221861146571,0.09333333333333334,0.22274236626354896,0.185,0.08945059178818554,0.08945059178818554,0.0,0.33208333333333334,0.40208333333333335,0.079,0.18683333333333332,0.08087660063597843,0.08087660063597843,1.0,0.3803740341903941,0.2950033218794798,0.16512745863688758,0.15949518529323853,0.04997659624328491,0.04997659624328491,1.0,0.35622868376186373,0.3485433276064066,0.12206372931844378,0.17316425931328594,0.0,0.0,1.0,0.3421626735798376,0.31263274154514786,0.12246221861146571,0.22274236626354896
119,0.06187125154168128,0.0,0.1547954151249854,86,24,0.0,0,0,110,0.3421626735798376,0.35833333333333334,0.31263274154514786,0.35833333333333334,0.12246221861146571,0.095,0.22274236626354896,0.18833333333333332,0.08945059178818554,0.08945059178818554,0.0,0.33208333333333334,0.40208333333333335,0.079,0.18683333333333332,0.08087660063597843,0.08087660063597843,1.0,0.3803740341903941,0.2950033218794798,0.16512745863688758,0.15949518529323853,0.04997659624328491,0.04997659624328491,1.0,0.35622868376186373,0.3485433276064066,0.12206372931844378,0.17316425931328594,0.0,0.0,1.0,0.3421626735798376,0.31263274154514786,0.12246221861146571,0.22274236626354896
120,0.06520458487501461,0.0,0.1547954151249854,90,24,0.0,0,1,120,0.3421626735798376,0.36333333333333334,0.31263274154514786,0.3566666666666667,0.12246221861146571,0.09333333333333334,0.22274236626354896,0.18666666666666668,0.10903392512151888,0.10903392512151888,0.0,0.32325,0.4216666666666667,0.08883333333333333,0.16625,0.12433257291274166,0.12433257291274166,0.0,0.22970767353034952,0.37725657971314797,0.18217095335620725,0.21086479340029537,0.09986880637806404,0.09986880637806404,0.0,0.27647883676517476,0.3994616231899073,0.1355021433447703,0.1885573967001477,0.0,0.0,1.0,0.3421626735798376,0.31263274154514786,0.12246221861146571,0.22274236626354896
121,0.06353791820834795,0.0,0.1547954151249854,82,24,0.0,0,0,120,0.3421626735798376,0.3616666666666667,0.31263274154514786,0.3566666666666667,0.12246221861146571,0.095,0.22274236626354896,0.18666666666666668,0.10903392512151888,0.10903392512151888,0.0,0.32325,0.4216666666666667,0.08883333333333333,0.16625,0.12433257291274166,0.12433257291274166,0.0,0.22970767353034952,0.37725657971314797,0.18217095335620725,0.21086479340029537,0.09986880637806404,0.09986880637806404,0.0,0.27647883676517476,0.3994616231899073,0.1355021433447703,0.1885573967001477,0.0,0.0,1.0,0.3421626735798376,0.31263274154514786,0.12246221861146571,0.22274236626354896
122,0.060204584875014594,0.0,0.1547954151249854,83,24,0.0,0,0,120,0.3421626735798376,0.36,0.31263274154514786,0.355,0.12246221861146571,0.09666666666666666,0.22274236626354896,0.18833333333333332,0.10903392512151888,0.10903392512151888,0.0,0.32325,0.4216666666666667,0.08883333333333333,0.16625,0.12433257291274166,0.12433257291274166,0.0,0.22970767353034952,0.37725657971314797,0.18217095335620725,0.21086479340029537,0.09986880637806404,0.09986880637806404,0.0,0.27647883676517476,0.3994616231899073,0.1355021433447703,0.1885573967001477,0.0,0.0,1.0,0.3421626735798376,0.31263274154514786,0.12246221861146571,0.22274236626354896
123,0.051871251541681276,0.0,0.1547954151249854,114,24,0.0,0,0,120,0.3421626735798376,0.3566666666666667,0.31263274154514786,0.35,0.12246221861146571,0.09666666666666666,0.22274236626354896,0.19666666666666666,0.10903392512151888,0.10903392512151888,0.0,0.32325,0.4216666666666667,0.08883333333333333,0.16625,0.12433257291274166,0.12433257291274166,0.0,0.22970767353034952,0.37725657971314797,0.18217095335620725,0.21086479340029537,0.09986880637806404,0.09986880637806404,0.0,0.27647883676517476,0.3994616231899073,0.1355021433447703,0.1885573967001477,0.0,0.0,1.0,0.3421626735798376,0.31263274154514786,0.12246221861146571,0.22274236626354896
124,0.05187125154168126,0.0,0.1547954151249854,80,24,0.0,0,0,120,0.3421626735798376,0.3616666666666667,0.31263274154514786,0.345,0.12246221861146571,0.09333333333333334,0.22274236626354896,0.2,0.10903392512151888,0.10903392512151888,0.0,0.32325,0.4216666666666667,0.08883333333333333,0.16625,0.12433257291274166,0.12433257291274166,0.0,0.22970767353034952,0.37725657971314797,0.18217095335620725,0.21086479340029537,0.09986880637806404,0.09986880637806404,0.0,0.27647883676517476,0.3994616231899073,0.1355021433447703,0.1885573967001477,0.0,0.0,1.0,0.3421626735798376,0.31263274154514786,0.12246221861146571,0.22274236626354896
125,0.05353791820834796,0.0,0.1547954151249854,75,24,0.0,0,0,120,0.3421626735798376,0.3616666666666667,0.31263274154514786,0.3466666666666667,0.12246221861146571,0.095,0.22274236626354896,0.19666666666666666,0.10903392512151888,0.10903392512151888,0.0,0.32325,0.4216666666666667,0.08883333333333333,0.16625,0.12433257291274166,0.12433257291274166,0.0,0.22970767353034952,0.37725657971314797,0.18217095335620725,0.21086479340029537,0.09986880637806404,0.09986880637806404,0.0,0.27647883676517476,0.3994616231899073,0.1355021433447703,0.1885573967001477,0.0,0.0,1.0,0.3421626735798376,0.31263274154514786,0.12246221861146571,0.22274236626354896
126,0.05187125154168127,0.0,0.1547954151249854,71,24,0.0,0,0,120,0.3421626735798376,0.36333333333333334,0.31263274154514786,0.3433333333333333,0.12246221861146571,0.095,0.22274236626354896,0.19833333333333333,0.10903392512151888,0.10903392512151888,0.0,0.32325,0.4216666666666667,0.08883333333333333,0.16625,0.12433257291274166,0.12433257291274166,0.0,0.22970767353034952,0.37725657971314797,0.18217095335620725,0.21086479340029537,0.09986880637806404,0.09986880637806404,0.0,0.27647883676517476,0.3994616231899073,0.1355021433447703,0.1885573967001477,0.0,0.0,1.0,0.3421626735798376,0.31263274154514786,0.12246221861146571,0.22274236626354896
127,0.05020458487501461,0.0,0.1547954151249854,80,24,0.0,0,0,120,0.3421626735798376,0.35833333333333334,0.31263274154514786,0.3466666666666667,0.12246221861146571,0.09666666666666666,0.22274236626354896,0.19833333333333333,0.10903392512151888,0.10903392512151888,0.0,0.32325,0.4216666666666667,0.08883333333333333,0.16625,0.12433257291274166,0.12433257291274166,0.0,0.22970767353034952,0.37725657971314797,0.18217095335620725,0.21086479340029537,0.09986880637806404,0.09986880637806404,0.0,0.27647883676517476,0.3994616231899073,0.1355021433447703,0.1885573967001477,0.0,0.0,1.0,0.3421626735798376,0.31263274154514786,0.12246221861146571,0.22274236626354896
128,0.050204584875014606,0.0,0.1547954151249854,73,24,0.0,0,0,120,0.3421626735798376,0.3616666666666667,0.31263274154514786,0.3433333333333333,0.12246221861146571,0.095,0.22274236626354896,0.2,0.10903392512151888,0.10903392512151888,0.0,0.32325,0.4216666666666667,0.08883333333333333,0.16625,0.12433257291274166,0.12433257291274166,0.0,0.22970767353034952,0.37725657971314797,0.18217095335620725,0.21086479340029537,0.09986880637806404,0.09986880637806404,0.0,0.27647883676517476,0.3994616231899073,0.1355021433447703,0.1885573967001477,0.0,0.0,1.0,0.3421626735798376,0.31263274154514786,0.12246221861146571,0.22274236626354896
129,0.050204584875014606,0.0,0.1547954151249854,72,24,0.0,0,0,120,0.3421626735798376,0.3616666666666667,0.31263274154514786,0.3433333333333333,0.12246221861146571,0.095,0.22274236626354896,0.2,0.10903392512151888,0.10903392512151888,0.0,0.32325,0.4216666666666667,0.08883333333333333,0.16625,0.12433257291274166,0.12433257291274166,0.0,0.22970767353034952,0.37725657971314797,0.18217095335620725,0.21086479340029537,0.09986880637806404,0.09986880637806404,0.0,0.27647883676517476,0.3994616231899073,0.1355021433447703,0.1885573967001477,0.0,0.0,1.0,0.3421626735798376,0.31263274154514786,0.12246221861146571,0.22274236626354896
130,0.05353791820834793,0.0,0.1547954151249854,85,24,0.0,0,1,130,0.3421626735798376,0.365,0.31263274154514786,0.3433333333333333,0.12246221861146571,0.095,0.22274236626354896,0.19666666666666666,0.06487125154168127,0.06487125154168127,1.0,0.3606666666666667,0.359,0.09525,0.18508333333333332,0.11645196659827271,0.11645196659827271,0.0,0.2837459638636347,0.3373743759825231,0.0644269617293958,0.31445269842444634,0.06258009606145465,0.06258009606145465,0.0,0.3222063152651507,0.3481871879912616,0.0798384808646979,0.24976801587888983,0.0,0.0,1.0,0.3421626735798376,0.31263274154514786,0.12246221861146571,0.22274236626354896
131,0.05520458487501458,0.0,0.1547954151249854,83,24,0.0,0,0,130,0.3421626735798376,0.36666666666666664,0.31263274154514786,0.3433333333333333,0.12246221861146571,0.095,0.22274236626354896,0.195,0.06487125154168127,0.06487125154168127,1.0,0.3606666666666667,0.359,0.09525,0.18508333333333332,0.11645196659827271,0.11645196659827271,0.0,0.2837459638636347,0.3373743759825231,0.0644269617293958,0.31445269842444634,0.06258009606145465,0.06258009606145465,0.0,0.3222063152651507,0.3481871879912616,0.0798384808646979,0.24976801587888983,0.0,0.0,1.0,0.3421626735798376,0.31263274154514786,0.12246221861146571,0.22274236626354896
132,0.05520458487501461,0.0,0.1547954151249854,72,24,0.0,0,0,130,0.3421626735798376,0.37,0.31263274154514786,0.34,0.12246221861146571,0.095,0.22274236626354896,0.195,0.06487125154168127,0.06487125154168127,1.0,0.3606666666666667,0.359,0.09525,0.18508333333333332,0.11645196659827271,0.11645196659827271,0.0,0.2837459638636347,0.3373743759825231,0.0644269617293958,0.31445269842444634,0.06258009606145465,0.06258009606145465,0.0,0.3222063152651507,0.3481871879912616,0.0798384808646979,0.24976801587888983,0.0,0.0,1.0,0.3421626735798376,0.31263274154514786,0.12246221861146571,0.22274236626354896
133,0.056871251541681274,0.0,0.1547954151249854,77,24,0.0,0,0,130,0.3421626735798376,0.37,0.31263274154514786,0.3416666666666667,0.12246221861146571,0.095,0.22274236626354896,0.19333333333333333,0.06487125154168127,0.06487125154168127,1.0,0.3606666666666667,0.359,0.09525,0.18508333333333332,0.11645196659827271,0.11645196659827271,0.0,0.2837459638636347,0.3373743759825231,0.0644269617293958,0.31445269842444634,0.06258009606145465,0.06258009606145465,0.0,0.3222063152651507,0.3481871879912616,0.0798384808646979,0.24976801587888983,0.0,0.0,1.0,0.3421626735798376,0.31263274154514786,0.12246221861146571,0.22274236626354896
134,0.056871251541681274,0.0,0.1547954151249854,85,24,0.0,0,0,130,0.3421626735798376,0.37,0.31263274154514786,0.3416666666666667,0.12246221861146571,0.095,0.22274236626354896,0.19333333333333333,0.06487125154168127,0.06487125154168127,1.0,0.3606666666666667,0.359,0.09525,0.18508333333333332,0.11645196659827271,0.11645196659827271,0.0,0.2837459638636347,0.3373743759825231,0.0644269617293958,0.31445269842444634,0.06258009606145465,0.06258009606145465,0.0,0.3222063152651507,0.3481871879912616,0.0798384808646979,0.24976801587888983,0.0,0.0,1.0,0.3421626735798376,0.31263274154514786,0.12246221861146571,0.22274236626354896
135,0.05687125154168127,0.0,0.1547954151249854,77,24,0.0,0,0,130,0.3421626735798376,0.37166666666666665,0.31263274154514786,0.34,0.12246221861146571,0.09333333333333334,0.22274236626354896,0.195,0.06487125154168127,0.06487125154168127,1.0,0.3606666666666667,0.359,0.09525,0.18508333333333332,0.11645196659827271,0.11645196659827271,0.0,0.2837459638636347,0.3373743759825231,0.0644269617293958,0.31445269842444634,0.06258009606145465,0.06258009606145465,0.0,0.3222063152651507,0.3481871879912616,0.0798384808646979,0.24976801587888983,0.0,0.0,1.0,0.3421626735798376,0.31263274154514786,0.12246221861146571,0.22274236626354896
136,0.05687125154168127,0.0,0.1547954151249854,62,24,0.0,0,0,130,0.3421626735798376,0.37166666666666665,0.31263274154514786,0.34,0.12246221861146571,0.09333333333333334,0.22274236626354896,0.195,0.06487125154168127,0.06487125154168127,1.0,0.3606666666666667,0.359,0.09525,0.18508333333333332,0.11645196659827271,0.11645196659827271,0.0,0.2837459638636347,0.3373743759825231,0.0644269617293958,0.31445269842444634,0.06258009606145465,0.06258009606145465,0.0,0.3222063152651507,0.3481871879912616,0.0798384808646979,0.24976801587888983,0.0,0.0,1.0,0.3421626735798376,0.31263274154514786,0.12246221861146571,0.22274236626354896
137,0.05687125154168127,0.0,0.1547954151249854,72,24,0.0,0,0,130,0.3421626735798376,0.37,0.31263274154514786,0.3416666666666667,0.12246221861146571,0.09333333333333334,0.22274236626354896,0.195,0.06487125154168127,0.06487125154168127,1.0,0.3606666666666667,0.359,0.09525,0.18508333333333332,0.11645196659827271,0.11645196659827271,0.0,0.2837459638636347,0.3373743759825231,0.0644269617293958,0.31445269842444634,0.06258009606145465,0.06258009606145465,0.0,0.3222063152651507,0.3481871879912616,0.0798384808646979,0.24976801587888983,0.0,0.0,1.0,0.3421626735798376,0.31263274154514786,0.12246221861146571,0.22274236626354896
138,0.05687125154168127,0.0,0.1547954151249854,71,24,0.0,0,0,130,0.3421626735798376,0.37166666666666665,0.31263274154514786,0.34,0.12246221861146571,0.09333333333333334,0.22274236626354896,0.195,0.06487125154168127,0.06487125154168127,1.0,0.3606666666666667,0.359,0.09525,0.18508333333333332,0.11645196659827271,0.11645196659827271,0.0,0.2837459638636347,0.3373743759825231,0.0644269617293958,0.31445269842444634,0.06258009606145465,0.06258009606145465,0.0,0.3222063152651507,0.3481871879912616,0.0798384808646979,0.24976801587888983,0.0,0.0,1.0,0.3421626735798376,0.31263274154514786,0.12246221861146571,0.22274236626354896
139,0.060204584875014594,0.0,0.1547954151249854,72,24,0.0,0,0,130,0.3421626735798376,0.37166666666666665,0.31263274154514786,0.3433333333333333,0.12246221861146571,0.09166666666666666,0.22274236626354896,0.19333333333333333,0.06487125154168127,0.06487125154168127,1.0,0.3606666666666667,0.359,0.09525,0.18508333333333332,0.11645196659827271,0.11645196659827271,0.0,0.2837459638636347,0.3373743759825231,0.0644269617293958,0.31445269842444634,0.06258009606145465,0.06258009606145465,0.0,0.3222063152651507,0.3481871879912616,0.0798384808646979,0.24976801587888983,0.0,0.0,1.0,0.3421626735798376,0.31263274154514786,0.12246221861146571,0.22274236626354896
140,0.060204584875014594,0.0,0.1547954151249854,95,24,0.0,0,1,140,0.3421626735798376,0.37166666666666665,0.31263274154514786,0.3433333333333333,0.12246221861146571,0.09166666666666666,0.22274236626354896,0.19333333333333333,0.0554545848750146,0.0554545848750146,1.0,0.36583333333333334,0.34441666666666665,0.0945,0.19525,0.11205581670468935,0.11205581670468935,1.0,0.39190684654474506,0.3749443852849297,0.05068637635389415,0.1824623918164311,0.08375520078985195,0.08375520078985195,1.0,0.3788700899390392,0.35968052597579814,0.07259318817694707,0.18885619590821556,0.0,0.0,1.0,0.3421626735798376,0.31263274154514786,0.12246221861146571,0.22274236626354896
141,0.05853791820834793,0.0,0.1547954151249854,78,24,0.0,0,0,140,0.3421626735798376,0.37166666666666665,0.31263274154514786,0.3416666666666667,0.12246221861146571,0.09166666666666666,0.22274236626354896,0.195,0.0554545848750146,0.0554545848750146,1.0,0.36583333333333334,0.34441666666666665,0.0945,0.19525,0.11205581670468935,0.11205581670468935,1.0,0.39190684654474506,0.3749443852849297,0.05068637635389415,0.1824623918164311,0.08375520078985195,0.08375520078985195,1.0,0.3788700899390392,0.35968052597579814,0.07259318817694707,0.18885619590821556,0.0,0.0,1.0,0.3421626735798376,0.31263274154514786,0.12246221861146571,0.22274236626354896
142,0.05520458487501462,0.0,0.1547954151249854,77,24,0.0,0,0,140,0.3421626735798376,0.36833333333333335,0.31263274154514786,0.3416666666666667,0.12246221861146571,0.09166666666666666,0.22274236626354896,0.19833333333333333,0.0554545848750146,0.0554545848750146,1.0,0.36583333333333334,0.34441666666666665,0.0945,0.19525,0.11205581670468935,0.11205581670468935,1.0,0.39190684654474506,0.3749443852849297,0.05068637635389415,0.1824623918164311,0.08375520078985195,0.08375520078985195,1.0,0.3788700899390392,0.35968052597579814,0.07259318817694707,0.18885619590821556,0.0,0.0,1.0,0.3421626735798376,0.31263274154514786,0.12246221861146571,0.22274236626354896
143,0.05520458487501462,0.0,0.1547954151249854,85,24,0.0,0,0,140,0.3421626735798376,0.36833333333333335,0.31263274154514786,0.3416666666666667,0.12246221861146571,0.09166666666666666,0.22274236626354896,0.19833333333333333,0.0554545848750146,0.0554545848750146,1.0,0.36583333333333334,0.34441666666666665,0.0945,0.19525,0.11205581670468935,0.11205581670468935,1.0,0.39190684654474506,0.3749443852849297,0.05068637635389415,0.1824623918164311,0.08375520078985195,0.08375520078985195,1.0,0.3788700899390392,0.35968052597579814,0.07259318817694707,0.18885619590821556,0.0,0.0,1.0,0.3421626735798376,0.31263274154514786,0.12246221861146571,0.22274236626354896
144,0.05520458487501462,0.0,0.1547954151249854,79,24,0.0,0,0,140,0.3421626735798376,0.36833333333333335,0.31263274154514786,0.3416666666666667,0.12246221861146571,0.09166666666666666,0.22274236626354896,0.19833333333333333,0.0554545848750146,0.0554545848750146,1.0,0.36583333333333334,0.34441666666666665,0.0945,0.19525,0.11205581670468935,0.11205581670468935,1.0,0.39190684654474506,0.3749443852849297,0.05068637635389415,0.1824623918164311,0.08375520078985195,0.08375520078985195,1.0,0.3788700899390392,0.35968052597579814,0.07259318817694707,0.18885619590821556,0.0,0.0,1.0,0.3421626735798376,0.31263274154514786,0.12246221861146571,0.22274236626354896
145,0.056871251541681274,0.0,0.1547954151249854,84,24,0.0,0,0,140,0.3421626735798376,0.37333333333333335,0.31263274154514786,0.3383333333333333,0.12246221861146571,0.09,0.22274236626354896,0.19833333333333333,0.0554545848750146,0.0554545848750146,1.0,0.36583333333333334,0.34441666666666665,0.0945,0.19525,0.11205581670468935,0.11205581670468935,1.0,0.39190684654474506,0.3749443852849297,0.05068637635389415,0.1824623918164311,0.08375520078985195,0.08375520078985195,1.0,0.3788700899390392,0.35968052597579814,0.07259318817694707,0.18885619590821556,0.0,0.0,1.0,0.3421626735798376,0.31263274154514786,0.12246221861146571,0.22274236626354896
146,0.06353791820834795,0.0,0.1547954151249854,72,24,0.0,0,0,140,0.3421626735798376,0.37833333333333335,0.31263274154514786,0.34,0.12246221861146571,0.08666666666666667,0.22274236626354896,0.195,0.0554545848750146,0.0554545848750146,1.0,0.36583333333333334,0.34441666666666665,0.0945,0.19525,0.11205581670468935,0.11205581670468935,1.0,0.39190684654474506,0.3749443852849297,0.05068637635389415,0.1824623918164311,0.08375520078985195,0.08375520078985195,1.0,0.3788700899390392,0.35968052597579814,0.07259318817694707,0.18885619590821556,0.0,0.0,1.0,0.3421626735798376,0.31263274154514786,0.12246221861146571,0.22274236626354896
147,0.06020458487501459,0.0,0.1547954151249854,69,24,0.0,0,0,140,0.3421626735798376,0.37166666666666665,0.31263274154514786,0.3433333333333333,0.12246221861146571,0.09,0.22274236626354896,0.195,0.0554545848750146,0.0554545848750146,1.0,0.36583333333333334,0.34441666666666665,0.0945,0.19525,0.11205581670468935,0.11205581670468935,1.0,0.39190684654474506,0.3749443852849297,0.05068637635389415,0.1824623918164311,0.08375520078985195,0.08375520078985195,1.0,0.3788700899390392,0.35968052597579814,0.07259318817694707,0.18885619590821556,0.0,0.0,1.0,0.3421626735798376,0.31263274154514786,0.12246221861146571,0.22274236626354896
148,0.05520458487501459,0.0,0.1547954151249854,80,24,0.0,0,0,140,0.3421626735798376,0.37166666666666665,0.31263274154514786,0.3383333333333333,0.12246221861146571,0.09166666666666666,0.22274236626354896,0.19833333333333333,0.0554545848750146,0.0554545848750146,1.0,0.36583333333333334,0.34441666666666665,0.0945,0.19525,0.11205581670468935,0.11205581670468935,1.0,0.39190684654474506,0.3749443852849297,0.05068637635389415,0.1824623918164311,0.08375520078985195,0.08375520078985195,1.0,0.3788700899390392,0.35968052597579814,0.07259318817694707,0.18885619590821556,0.0,0.0,1.0,0.3421626735798376,0.31263274154514786,0.12246221861146571,0.22274236626354896
149,0.05853791820834794,0.0,0.1547954151249854,69,24,0.0,0,0,140,0.3421626735798376,0.37,0.31263274154514786,0.3433333333333333,0.12246221861146571,0.09,0.22274236626354896,0.19666666666666666,0.0554545848750146,0.0554545848750146,1.0,0.36583333333333334,0.34441666666666665,0.0945,0.19525,0.11205581670468935,0.11205581670468935,1.0,0.39190684654474506,0.3749443852849297,0.05068637635389415,0.1824623918164311,0.08375520078985195,0.08375520078985195,1.0,0.3788700899390392,0.35968052597579814,0.07259318817694707,0.18885619590821556,0.0,0.0,1.0,0.3421626735798376,0.31263274154514786,0.12246221861146571,0.22274236626354896
150,0.053537918208347926,0.0,0.1547954151249854,76,24,0.0,0,1,150,0.3421626735798376,0.36666666666666664,0.31263274154514786,0.3416666666666667,0.12246221861146571,0.09166666666666666,0.22274236626354896,0.2,0.05720458487501459,0.05720458487501459,1.0,0.37066666666666664,0.3413333333333333,0.09216666666666666,0.19583333333333333,0.08105367909394648,0.08105367909394648,1.0,0.3943304229842046,0.27173107089417076,0.08231021016849623,0.2516282959531283,0.04132431962528,0.04132431962528,1.0,0.38249854482543566,0.30653220211375204,0.08723843841758144,0.2237308146432308,0.0,0.0,1.0,0.3421626735798376,0.31263274154514786,0.12246221861146571,0.22274236626354896
151,0.056871251541681274,0.0,0.1547954151249854,71,24,0.0,0,0,150,0.3421626735798376,0.37,0.31263274154514786,0.3416666666666667,0.12246221861146571,0.09,0.22274236626354896,0.19833333333333333,0.05720458487501459,0.05720458487501459,1.0,0.37066666666666664,0.3413333333333333,0.09216666666666666,0.19583333333333333,0.08105367909394648,0.08105367909394648,1.0,0.3943304229842046,0.27173107089417076,0.08231021016849623,0.2516282959531283,0.04132431962528,0.04132431962528,1.0,0.38249854482543566,0.30653220211375204,0.08723843841758144,0.2237308146432308,0.0,0.0,1.0,0.3421626735798376,0.31263274154514786,0.12246221861146571,0.22274236626354896
152,0.05520458487501462,0.0,0.1547954151249854,87,24,0.0,0,0,150,0.3421626735798376,0.37,0.31263274154514786,0.34,0.12246221861146571,0.09166666666666666,0.22274236626354896,0.19833333333333333,0.05720458487501459,0.05720458487501459,1.0,0.37066666666666664,0.3413333333333333,0.09216666666666666,0.19583333333333333,0.08105367909394648,0.08105367909394648,1.0,0.3943304229842046,0.27173107089417076,0.08231021016849623,0.2516282959531283,0.04132431962528,0.04132431962528,1.0,0.38249854482543566,0.30653220211375204,0.08723843841758144,0.2237308146432308,0.0,0.0,1.0,0.3421626735798376,0.31263274154514786,0.12246221861146571,0.22274236626354896
153,0.05520458487501462,0.0,0.1547954151249854,70,24,0.0,0,0,150,0.3421626735798376,0.36833333333333335,0.31263274154514786,0.3416666666666667,0.12246221861146571,0.09166666666666666,0.22274236626354896,0.19833333333333333,0.05720458487501459,0.05720458487501459,1.0,0.37066666666666664,0.3413333333333333,0.09216666666666666,0.19583333333333333,0.08105367909394648,0.08105367909394648,1.0,0.3943304229842046,0.27173107089417076,0.08231021016849623,0.2516282959531283,0.04132431962528,0.04132431962528,1.0,0.38249854482543566,0.30653220211375204,0.08723843841758144,0.2237308146432308,0.0,0.0,1.0,0.3421626735798376,0.31263274154514786,0.12246221861146571,0.22274236626354896
154,0.05520458487501462,0.0,0.1547954151249854,95,24,0.0,0,0,150,0.3421626735798376,0.36833333333333335,0.31263274154514786,0.3416666666666667,0.12246221861146571,0.09166666666666666,0.22274236626354896,0.19833333333333333,0.05720458487501459,0.05720458487501459,1.0,0.37066666666666664,0.3413333333333333,0.09216666666666666,0.19583333333333333,0.08105367909394648,0.08105367909394648,1.0,0.3943304229842046,0.27173107089417076,0.08231021016849623,0.2516282959531283,0.04132431962528,0.04132431962528,1.0,0.38249854482543566,0.30653220211375204,0.08723843841758144,0.2237308146432308,0.0,0.0,1.0,0.3421626735798376,0.31263274154514786,0.12246221861146571,0.22274236626354896
155,0.053537918208347926,0.0,0.1547954151249854,80,24,0.0,0,0,150,0.3421626735798376,0.36666666666666664,0.31263274154514786,0.3416666666666667,0.12246221861146571,0.09166666666666666,0.22274236626354896,0.2,0.05720458487501459,0.05720458487501459,1.0,0.37066666666666664,0.3413333333333333,0.09216666666666666,0.19583333333333333,0.08105367909394648,0.08105367909394648,1.0,0.3943304229842046,0.27173107089417076,0.08231021016849623,0.2516282959531283,0.04132431962528,0.04132431962528,1.0,0.38249854482543566,0.30653220211375204,0.08723843841758144,0.2237308146432308,0.0,0.0,1.0,0.3421626735798376,0.31263274154514786,0.12246221861146571,0.22274236626354896
156,0.05520458487501459,0.0,0.1547954151249854,76,24,0.0,0,0,150,0.3421626735798376,0.36666666666666664,0.31263274154514786,0.3433333333333333,0.12246221861146571,0.09166666666666666,0.22274236626354896,0.19833333333333333,0.05720458487501459,0.05720458487501459,1.0,0.37066666666666664,0.3413333333333333,0.09216666666666666,0.19583333333333333,0.08105367909394648,0.08105367909394648,1.0,0.3943304229842046,0.27173107089417076,0.08231021016849623,0.2516282959531283,0.04132431962528,0.04132431962528,1.0,0.38249854482543566,0.30653220211375204,0.08723843841758144,0.2237308146432308,0.0,0.0,1.0,0.3421626735798376,0.31263274154514786,0.12246221861146571,0.22274236626354896
157,0.05520458487501459,0.0,0.1547954151249854,71,24,0.0,0,0,150,0.3421626735798376,0.36666666666666664,0.31263274154514786,0.3433333333333333,0.12246221861146571,0.09166666666666666,0.22274236626354896,0.19833333333333333,0.05720458487501459,0.05720458487501459,1.0,0.37066666666666664,0.3413333333333333,0.09216666666666666,0.19583333333333333,0.08105367909394648,0.08105367909394648,1.0,0.3943304229842046,0.27173107089417076,0.08231021016849623,0.2516282959531283,0.04132431962528,0.04132431962528,1.0,0.38249854482543566,0.30653220211375204,0.08723843841758144,0.2237308146432308,0.0,0.0,1.0,0.3421626735798376,0.31263274154514786,0.12246221861146571,0.22274236626354896
158,0.05853791820834794,0.0,0.1547954151249854,86,24,0.0,0,0,150,0.3421626735798376,0.37166666666666665,0.31263274154514786,0.3416666666666667,0.12246221861146571,0.09,0.22274236626354896,0.19666666666666666,0.05720458487501459,0.05720458487501459,1.0,0.37066666666666664,0.3413333333333333,0.09216666666666666,0.19583333333333333,0.08105367909394648,0.08105367909394648,1.0,0.3943304229842046,0.27173107089417076,0.08231021016849623,0.2516282959531283,0.04132431962528,0.04132431962528,1.0,0.38249854482543566,0.30653220211375204,0.08723843841758144,0.2237308146432308,0.0,0.0,1.0,0.3421626735798376,0.31263274154514786,0.12246221861146571,0.22274236626354896
159,0.060204584875014594,0.0,0.1547954151249854,83,24,0.0,0,0,150,0.3421626735798376,0.37666666666666665,0.31263274154514786,0.3383333333333333,0.12246221861146571,0.08833333333333333,0.22274236626354896,0.19666666666666666,0.05720458487501459,0.05720458487501459,1.0,0.37066666666666664,0.3413333333333333,0.09216666666666666,0.19583333333333333,0.08105367909394648,0.08105367909394648,1.0,0.3943304229842046,0.27173107089417076,0.08231021016849623,0.2516282959531283,0.04132431962528,0.04132431962528,1.0,0.38249854482543566,0.30653220211375204,0.08723843841758144,0.2237308146432308,0.0,0.0,1.0,0.3421626735798376,0.31263274154514786,0.12246221861146571,0.22274236626354896
160,0.05853791820834793,0.0,0.1547954151249854,75,24,0.0,0,1,160,0.3421626735798376,0.37666666666666665,0.31263274154514786,0.33666666666666667,0.12246221861146571,0.08833333333333333,0.22274236626354896,0.19833333333333333,0.056787918208347936,0.056787918208347936,1.0,0.3705,0.34108333333333335,0.09066666666666667,0.19775,0.07017189430281476,0.07017189430281476,1.0,0.3600446565577244,0.24246084724233308,0.1589966240652592,0.23849787213468343,0.025479081453521846,0.025479081453521846,1.0,0.3652723282788622,0.29177209028783324,0.12483164536596293,0.2181239360673417,0.0,0.0,1.0,0.3421626735798376,0.31263274154514786,0.12246221861146571,0.22274236626354896
161,0.05853791820834794,0.0,0.1547954151249854,84,24,0.0,0,0,160,0.3421626735798376,0.37166666666666665,0.31263274154514786,0.3416666666666667,0.12246221861146571,0.09,0.22274236626354896,0.19666666666666666,0.056787918208347936,0.056787918208347936,1.0,0.3705,0.34108333333333335,0.09066666666666667,0.19775,0.07017189430281476,0.07017189430281476,1.0,0.3600446565577244,0.24246084724233308,0.1589966240652592,0.23849787213468343,0.025479081453521846,0.025479081453521846,1.0,0.3652723282788622,0.29177209028783324,0.12483164536596293,0.2181239360673417,0.0,0.0,1.0,0.3421626735798376,0.31263274154514786,0.12246221861146571,0.22274236626354896
162,0.05853791820834796,0.0,0.1547954151249854,79,24,0.0,0,0,160,0.3421626735798376,0.37333333333333335,0.31263274154514786,0.34,0.12246221861146571,0.08833333333333333,0.22274236626354896,0.19833333333333333,0.056787918208347936,0.056787918208347936,1.0,0.3705,0.34108333333333335,0.09066666666666667,0.19775,0.07017189430281476,0.07017189430281476,1.0,0.3600446565577244,0.24246084724233308,0.1589966240652592,0.23849787213468343,0.025479081453521846,0.025479081453521846,1.0,0.3652723282788622,0.29177209028783324,0.12483164536596293,0.2181239360673417,0.0,0.0,1.0,0.3421626735798376,0.31263274154514786,0.12246221861146571,0.22274236626354896
163,0.05853791820834793,0.0,0.1547954151249854,67,24,0.0,0,0,160,0.3421626735798376,0.37666666666666665,0.31263274154514786,0.33666666666666667,0.12246221861146571,0.08833333333333333,0.22274236626354896,0.19833333333333333,0.056787918208347936,0.056787918208347936,1.0,0.3705,0.34108333333333335,0.09066666666666667,0.19775,0.07017189430281476,0.07017189430281476,1.0,0.3600446565577244,0.24246084724233308,0.1589966240652592,0.23849787213468343,0.025479081453521846,0.025479081453521846,1.0,0.3652723282788622,0.29177209028783324,0.12483164536596293,0.2181239360673417,0.0,0.0,1.0,0.3421626735798376,0.31263274154514786,0.12246221861146571,0.22274236626354896
164,0.060204584875014594,0.0,0.1547954151249854,65,24,0.0,0,0,160,0.3421626735798376,0.37666666666666665,0.31263274154514786,0.3383333333333333,0.12246221861146571,0.08833333333333333,0.22274236626354896,0.19666666666666666,0.056787918208347936,0.056787918208347936,1.0,0.3705,0.34108333333333335,0.09066666666666667,0.19775,0.07017189430281476,0.07017189430281476,1.0,0.3600446565577244,0.24246084724233308,0.1589966240652592,0.23849787213468343,0.025479081453521846,0.025479081453521846,1.0,0.3652723282788622,0.29177209028783324,0.12483164536596293,0.2181239360673417,0.0,0.0,1.0,0.3421626735798376,0.31263274154514786,0.12246221861146571,0.22274236626354896
165,0.060204584875014594,0.0,0.1547954151249854,85,24,0.0,0,0,160,0.3421626735798376,0.37666666666666665,0.31263274154514786,0.3383333333333333,0.12246221861146571,0.08833333333333333,0.22274236626354896,0.19666666666666666,0.056787918208347936,0.056787918208347936,1.0,0.3705,0.34108333333333335,0.09066666666666667,0.19775,0.07017189430281476,0.07017189430281476,1.0,0.3600446565577244,0.24246084724233308,0.1589966240652592,0.23849787213468343,0.025479081453521846,0.025479081453521846,1.0,0.3652723282788622,0.29177209028783324,0.12483164536596293,0.2181239360673417,0.0,0.0,1.0,0.3421626735798376,0.31263274154514786,0.12246221861146571,0.22274236626354896
166,0.06187125154168128,0.0,0.1547954151249854,80,24,0.0,0,0,160,0.3421626735798376,0.37666666666666665,0.31263274154514786,0.34,0.12246221861146571,0.08666666666666667,0.22274236626354896,0.19666666666666666,0.056787918208347936,0.056787918208347936,1.0,0.3705,0.34108333333333335,0.09066666666666667,0.19775,0.07017189430281476,0.07017189430281476,1.0,0.3600446565577244,0.24246084724233308,0.1589966240652592,0.23849787213468343,0.025479081453521846,0.025479081453521846,1.0,0.3652723282788622,0.29177209028783324,0.12483164536596293,0.2181239360673417,0.0,0.0,1.0,0.3421626735798376,0.31263274154514786,0.12246221861146571,0.22274236626354896
167,0.06187125154168127,0.0,0.1547954151249854,66,24,0.0,0,0,160,0.3421626735798376,0.37333333333333335,0.31263274154514786,0.3433333333333333,0.12246221861146571,0.08833333333333333,0.22274236626354896,0.195,0.056787918208347936,0.056787918208347936,1.0,0.3705,0.34108333333333335,0.09066666666666667,0.19775,0.07017189430281476,0.07017189430281476,1.0,0.3600446565577244,0.24246084724233308,0.1589966240652592,0.23849787213468343,0.025479081453521846,0.025479081453521846,1.0,0.3652723282788622,0.29177209028783324,0.12483164536596293,0.2181239360673417,0.0,0.0,1.0,0.3421626735798376,0.31263274154514786,0.12246221861146571,0.22274236626354896
168,0.06187125154168128,0.0,0.1547954151249854,79,24,0.0,0,0,160,0.3421626735798376,0.375,0.31263274154514786,0.3416666666666667,0.12246221861146571,0.08666666666666667,0.22274236626354896,0.19666666666666666,0.056787918208347936,0.056787918208347936,1.0,0.3705,0.34108333333333335,0.09066666666666667,0.19775,0.07017189430281476,0.07017189430281476,1.0,0.3600446565577244,0.24246084724233308,0.1589966240652592,0.23849787213468343,0.025479081453521846,0.025479081453521846,1.0,0.3652723282788622,0.29177209028783324,0.12483164536596293,0.2181239360673417,0.0,0.0,1.0,0.3421626735798376,0.31263274154514786,0.12246221861146571,0.22274236626354896
169,0.05853791820834794,0.0,0.1547954151249854,83,24,0.0,0,0,160,0.3421626735798376,0.37,0.31263274154514786,0.3433333333333333,0.12246221861146571,0.09,0.22274236626354896,0.19666666666666666,0.056787918208347936,0.056787918208347936,1.0,0.3705,0.34108333333333335,0.09066666666666667,0.19775,0.07017189430281476,0.07017189430281476,1.0,0.3600446565577244,0.24246084724233308,0.1589966240652592,0.23849787213468343,0.025479081453521846,0.025479081453521846,1.0,0.3652723282788622,0.29177209028783324,0.12483164536596293,0.2181239360673417,0.0,0.0,1.0,0.3421626735798376,0.31263274154514786,0.12246221861146571,0.22274236626354896
170,0.05853791820834794,0.0,0.1547954151249854,79,24,0.0,0,1,170,0.3421626735798376,0.37,0.31263274154514786,0.3433333333333333,0.12246221861146571,0.09,0.22274236626354896,0.19666666666666666,0.058121251541681254,0.058121251541681254,1.0,0.3720833333333333,0.3408333333333333,0.08958333333333333,0.1975,0.17391179251670147,0.17391179251670147,0.0,0.21153903279982922,0.4014157977873812,0.07917406687477256,0.3078711025380171,0.08843500902066902,0.08843500902066902,0.0,0.29181118306658127,0.3711245655603572,0.08437870010405295,0.25268555126900855,0.0,0.0,1.0,0.3421626735798376,0.31263274154514786,0.12246221861146571,0.22274236626354896
171,0.06020458487501462,0.0,0.1547954151249854,70,24,0.0,0,0,170,0.3421626735798376,0.37333333333333335,0.31263274154514786,0.3416666666666667,0.12246221861146571,0.08833333333333333,0.22274236626354896,0.19666666666666666,0.058121251541681254,0.058121251541681254,1.0,0.3720833333333333,0.3408333333333333,0.08958333333333333,0.1975,0.17391179251670147,0.17391179251670147,0.0,0.21153903279982922,0.4014157977873812,0.07917406687477256,0.3078711025380171,0.08843500902066902,0.08843500902066902,0.0,0.29181118306658127,0.3711245655603572,0.08437870010405295,0.25268555126900855,0.0,0.0,1.0,0.3421626735798376,0.31263274154514786,0.12246221861146571,0.22274236626354896
172,0.05520458487501462,0.0,0.1547954151249854,82,24,0.0,0,0,170,0.3421626735798376,0.37,0.31263274154514786,0.34,0.12246221861146571,0.09333333333333334,0.22274236626354896,0.19666666666666666,0.058121251541681254,0.058121251541681254,1.0,0.3720833333333333,0.3408333333333333,0.08958333333333333,0.1975,0.17391179251670147,0.17391179251670147,0.0,0.21153903279982922,0.4014157977873812,0.07917406687477256,0.3078711025380171,0.08843500902066902,0.08843500902066902,0.0,0.29181118306658127,0.3711245655603572,0.08437870010405295,0.25268555126900855,0.0,0.0,1.0,0.3421626735798376,0.31263274154514786,0.12246221861146571,0.22274236626354896
173,0.05520458487501462,0.0,0.1547954151249854,69,24,0.0,0,0,170,0.3421626735798376,0.37,0.31263274154514786,0.34,0.12246221861146571,0.09333333333333334,0.22274236626354896,0.19666666666666666,0.058121251541681254,0.058121251541681254,1.0,0.3720833333333333,0.3408333333333333,0.08958333333333333,0.1975,0.17391179251670147,0.17391179251670147,0.0,0.21153903279982922,0.4014157977873812,0.07917406687477256,0.3078711025380171,0.08843500902066902,0.08843500902066902,0.0,0.29181118306658127,0.3711245655603572,0.08437870010405295,0.25268555126900855,0.0,0.0,1.0,0.3421626735798376,0.31263274154514786,0.12246221861146571,0.22274236626354896
174,0.05687125154168128,0.0,0.1547954151249854,79,24,0.0,0,0,170,0.3421626735798376,0.37166666666666665,0.31263274154514786,0.34,0.12246221861146571,0.09166666666666666,0.22274236626354896,0.19666666666666666,0.058121251541681254,0.058121251541681254,1.0,0.3720833333333333,0.3408333333333333,0.08958333333333333,0.1975,0.17391179251670147,0.17391179251670147,0.0,0.21153903279982922,0.4014157977873812,0.07917406687477256,0.3078711025380171,0.08843500902066902,0.08843500902066902,0.0,0.29181118306658127,0.3711245655603572,0.08437870010405295,0.25268555126900855,0.0,0.0,1.0,0.3421626735798376,0.31263274154514786,0.12246221861146571,0.22274236626354896
175,0.05520458487501462,0.0,0.1547954151249854,73,24,0.0,0,0,170,0.3421626735798376,0.37,0.31263274154514786,0.34,0.12246221861146571,0.09333333333333334,0.22274236626354896,0.19666666666666666,0.058121251541681254,0.058121251541681254,1.0,0.3720833333333333,0.3408333333333333,0.08958333333333333,0.1975,0.17391179251670147,0.17391179251670147,0.0,0.21153903279982922,0.4014157977873812,0.07917406687477256,0.3078711025380171,0.08843500902066902,0.08843500902066902,0.0,0.29181118306658127,0.3711245655603572,0.08437870010405295,0.25268555126900855,0.0,0.0,1.0,0.3421626735798376,0.31263274154514786,0.12246221861146571,0.22274236626354896
176,0.05520458487501462,0.0,0.1547954151249854,80,24,0.0,0,0,170,0.3421626735798376,0.37,0.31263274154514786,0.34,0.12246221861146571,0.09333333333333334,0.22274236626354896,0.19666666666666666,0.058121251541681254,0.058121251541681254,1.0,0.3720833333333333,0.3408333333333333,0.08958333333333333,0.1975,0.17391179251670147,0.17391179251670147,0.0,0.21153903279982922,0.4014157977873812,0.07917406687477256,0.3078711025380171,0.08843500902066902,0.08843500902066902,0.0,0.29181118306658127,0.3711245655603572,0.08437870010405295,0.25268555126900855,0.0,0.0,1.0,0.3421626735798376,0.31263274154514786,0.12246221861146571,0.22274236626354896
177,0.05520458487501462,0.0,0.1547954151249854,74,24,0.0,0,0,170,0.3421626735798376,0.37,0.31263274154514786,0.34,0.12246221861146571,0.09333333333333334,0.22274236626354896,0.19666666666666666,0.058121251541681254,0.058121251541681254,1.0,0.3720833333333333,0.3408333333333333,0.08958333333333333,0.1975,0.17391179251670147,0.17391179251670147,0.0,0.21153903279982922,0.4014157977873812,0.07917406687477256,0.3078711025380171,0.08843500902066902,0.08843500902066902,0.0,0.29181118306658127,0.3711245655603572,0.08437870010405295,0.25268555126900855,0.0,0.0,1.0,0.3421626735798376,0.31263274154514786,0.12246221861146571,0.22274236626354896
178,0.05520458487501462,0.0,0.1547954151249854,90,24,0.0,0,0,170,0.3421626735798376,0.37,0.31263274154514786,0.34,0.12246221861146571,0.09333333333333334,0.22274236626354896,0.19666666666666666,0.058121251541681254,0.058121251541681254,1.0,0.3720833333333333,0.3408333333333333,0.08958333333333333,0.1975,0.17391179251670147,0.17391179251670147,0.0,0.21153903279982922,0.4014157977873812,0.07917406687477256,0.3078711025380171,0.08843500902066902,0.08843500902066902,0.0,0.29181118306658127,0.3711245655603572,0.08437870010405295,0.25268555126900855,0.0,0.0,1.0,0.3421626735798376,0.31263274154514786,0.12246221861146571,0.22274236626354896
179,0.05520458487501462,0.0,0.1547954151249854,87,24,0.0,0,0,170,0.3421626735798376,0.37,0.31263274154514786,0.34,0.12246221861146571,0.09333333333333334,0.22274236626354896,0.19666666666666666,0.058121251541681254,0.058121251541681254,1.0,0.3720833333333333,0.3408333333333333,0.08958333333333333,0.1975,0.17391179251670147,0.17391179251670147,0.0,0.21153903279982922,0.4014157977873812,0.07917406687477256,0.3078711025380171,0.08843500902066902,0.08843500902066902,0.0,0.29181118306658127,0.3711245655603572,0.08437870010405295,0.25268555126900855,0.0,0.0,1.0,0.3421626735798376,0.31263274154514786,0.12246221861146571,0.22274236626354896
180,0.05520458487501462,0.0,0.1547954151249854,71,24,0.0,0,1,180,0.3421626735798376,0.37,0.31263274154514786,0.34,0.12246221861146571,0.09333333333333334,0.22274236626354896,0.19666666666666666,0.05787125154168127,0.05787125154168127,1.0,0.37225,0.34041666666666665,0.09058333333333334,0.19675,0.10699040168628801,0.10699040168628801,1.0,0.3835443734557826,0.22852236540866913,0.09958219306165637,0.28835106807389194,0.055542680921450774,0.055542680921450774,1.0,0.3778971867278913,0.2844695160376679,0.09508276319749485,0.242550534036946,0.0,0.0,1.0,0.3421626735798376,0.31263274154514786,0.12246221861146571,0.22274236626354896
181,0.05687125154168127,0.0,0.1547954151249854,80,24,0.0,0,0,180,0.3421626735798376,0.37,0.31263274154514786,0.3416666666666667,0.12246221861146571,0.09333333333333334,0.22274236626354896,0.195,0.05787125154168127,0.05787125154168127,1.0,0.37225,0.34041666666666665,0.09058333333333334,0.19675,0.10699040168628801,0.10699040168628801,1.0,0.3835443734557826,0.22852236540866913,0.09958219306165637,0.28835106807389194,0.055542680921450774,0.055542680921450774,1.0,0.3778971867278913,0.2844695160376679,0.09508276319749485,0.242550534036946,0.0,0.0,1.0,0.3421626735798376,0.31263274154514786,0.12246221861146571,0.22274236626354896
182,0.05853791820834793,0.0,0.1547954151249854,89,24,0.0,0,0,180,0.3421626735798376,0.37,0.31263274154514786,0.3433333333333333,0.12246221861146571,0.09333333333333334,0.22274236626354896,0.19333333333333333,0.05787125154168127,0.05787125154168127,1.0,0.37225,0.34041666666666665,0.09058333333333334,0.19675,0.10699040168628801,0.10699040168628801,1.0,0.3835443734557826,0.22852236540866913,0.09958219306165637,0.28835106807389194,0.055542680921450774,0.055542680921450774,1.0,0.3778971867278913,0.2844695160376679,0.09508276319749485,0.242550534036946,0.0,0.0,1.0,0.3421626735798376,0.31263274154514786,0.12246221861146571,0.22274236626354896
183,0.06020458487501458,0.0,0.1547954151249854,88,24,0.0,0,0,180,0.3421626735798376,0.37166666666666665,0.31263274154514786,0.3433333333333333,0.12246221861146571,0.09333333333333334,0.22274236626354896,0.19166666666666668,0.05787125154168127,0.05787125154168127,1.0,0.37225,0.34041666666666665,0.09058333333333334,0.19675,0.10699040168628801,0.10699040168628801,1.0,0.3835443734557826,0.22852236540866913,0.09958219306165637,0.28835106807389194,0.055542680921450774,0.055542680921450774,1.0,0.3778971867278913,0.2844695160376679,0.09508276319749485,0.242550534036946,0.0,0.0,1.0,0.3421626735798376,0.31263274154514786,0.12246221861146571,0.22274236626354896
184,0.05853791820834793,0.0,0.1547954151249854,68,24,0.0,0,0,180,0.3421626735798376,0.37166666666666665,0.31263274154514786,0.3416666666666667,0.12246221861146571,0.09333333333333334,0.22274236626354896,0.19333333333333333,0.05787125154168127,0.05787125154168127,1.0,0.37225,0.34041666666666665,0.09058333333333334,0.19675,0.10699040168628801,0.10699040168628801,1.0,0.3835443734557826,0.22852236540866913,0.09958219306165637,0.28835106807389194,0.055542680921450774,0.055542680921450774,1.0,0.3778971867278913,0.2844695160376679,0.09508276319749485,0.242550534036946,0.0,0.0,1.0,0.3421626735798376,0.31263274154514786,0.12246221861146571,0.22274236626354896
185,0.06020458487501462,0.0,0.1547954151249854,73,24,0.0,0,0,180,0.3421626735798376,0.37333333333333335,0.31263274154514786,0.3416666666666667,0.12246221861146571,0.09166666666666666,0.22274236626354896,0.19333333333333333,0.05787125154168127,0.05787125154168127,1.0,0.37225,0.34041666666666665,0.09058333333333334,0.19675,0.10699040168628801,0.10699040168628801,1.0,0.3835443734557826,0.22852236540866913,0.09958219306165637,0.28835106807389194,0.055542680921450774,0.055542680921450774,1.0,0.3778971867278913,0.2844695160376679,0.09508276319749485,0.242550534036946,0.0,0.0,1.0,0.3421626735798376,0.31263274154514786,0.12246221861146571,0.22274236626354896
186,0.06020458487501462,0.0,0.1547954151249854,75,24,0.0,0,0,180,0.3421626735798376,0.37333333333333335,0.31263274154514786,0.3416666666666667,0.12246221861146571,0.09166666666666666,0.22274236626354896,0.19333333333333333,0.05787125154168127,0.05787125154168127,1.0,0.37225,0.34041666666666665,0.09058333333333334,0.19675,0.10699040168628801,0.10699040168628801,1.0,0.3835443734557826,0.22852236540866913,0.09958219306165637,0.28835106807389194,0.055542680921450774,0.055542680921450774,1.0,0.3778971867278913,0.2844695160376679,0.09508276319749485,0.242550534036946,0.0,0.0,1.0,0.3421626735798376,0.31263274154514786,0.12246221861146571,0.22274236626354896
187,0.06187125154168127,0.0,0.1547954151249854,81,24,0.0,0,0,180,0.3421626735798376,0.375,0.31263274154514786,0.3416666666666667,0.12246221861146571,0.08833333333333333,0.22274236626354896,0.195,0.05787125154168127,0.05787125154168127,1.0,0.37225,0.34041666666666665,0.09058333333333334,0.19675,0.10699040168628801,0.10699040168628801,1.0,0.3835443734557826,0.22852236540866913,0.09958219306165637,0.28835106807389194,0.055542680921450774,0.055542680921450774,1.0,0.3778971867278913,0.2844695160376679,0.09508276319749485,0.242550534036946,0.0,0.0,1.0,0.3421626735798376,0.31263274154514786,0.12246221861146571,0.22274236626354896
188,0.058537918208347965,0.0,0.1547954151249854,56,24,0.0,0,0,180,0.3421626735798376,0.37333333333333335,0.31263274154514786,0.34,0.12246221861146571,0.09,0.22274236626354896,0.19666666666666666,0.05787125154168127,0.05787125154168127,1.0,0.37225,0.34041666666666665,0.09058333333333334,0.19675,0.10699040168628801,0.10699040168628801,1.0,0.3835443734557826,0.22852236540866913,0.09958219306165637,0.28835106807389194,0.055542680921450774,0.055542680921450774,1.0,0.3778971867278913,0.2844695160376679,0.09508276319749485,0.242550534036946,0.0,0.0,1.0,0.3421626735798376,0.31263274154514786,0.12246221861146571,0.22274236626354896
189,0.060204584875014615,0.0,0.1547954151249854,94,24,0.0,0,0,180,0.3421626735798376,0.37333333333333335,0.31263274154514786,0.3416666666666667,0.12246221861146571,0.09,0.22274236626354896,0.195,0.05787125154168127,0.05787125154168127,1.0,0.37225,0.34041666666666665,0.09058333333333334,0.19675,0.10699040168628801,0.10699040168628801,1.0,0.3835443734557826,0.22852236540866913,0.09958219306165637,0.28835106807389194,0.055542680921450774,0.055542680921450774,1.0,0.3778971867278913,0.2844695160376679,0.09508276319749485,0.242550534036946,0.0,0.0,1.0,0.3421626735798376,0.31263274154514786,0.12246221861146571,0.22274236626354896
190,0.05853791820834796,0.0,0.1547954151249854,79,24,0.0,0,1,190,0.3421626735798376,0.37333333333333335,0.31263274154514786,0.34,0.12246221861146571,0.09166666666666666,0.22274236626354896,0.195,0.05762125154168127,0.05762125154168127,1.0,0.3715,0.34091666666666665,0.09216666666666666,0.19541666666666666,0.05338955603942546,0.05338955603942546,0.0,0.336576306655213,0.3372970713900971,0.15118744480594187,0.17493917714874807,0.038349607231002954,0.038349607231002954,1.0,0.35403815332760646,0.3391068690283819,0.12167705573630427,0.18517792190770738,0.0,0.0,1.0,0.3421626735798376,0.31263274154514786,0.12246221861146571,0.22274236626354896
191,0.05687125154168127,0.0,0.1547954151249854,66,24,0.0,0,0,190,0.3421626735798376,0.37166666666666665,0.31263274154514786,0.34,0.12246221861146571,0.09333333333333334,0.22274236626354896,0.195,0.05762125154168127,0.05762125154168127,1.0,0.3715,0.34091666666666665,0.09216666666666666,0.19541666666666666,0.05338955603942546,0.05338955603942546,0.0,0.336576306655213,0.3372970713900971,0.15118744480594187,0.17493917714874807,0.038349607231002954,0.038349607231002954,1.0,0.35403815332760646,0.3391068690283819,0.12167705573630427,0.18517792190770738,0.0,0.0,1.0,0.3421626735798376,0.31263274154514786,0.12246221861146571,0.22274236626354896
192,0.05687125154168128,0.0,0.1547954151249854,82,24,0.0,0,0,190,0.3421626735798376,0.37333333333333335,0.31263274154514786,0.3383333333333333,0.12246221861146571,0.09166666666666666,0.22274236626354896,0.19666666666666666,0.05762125154168127,0.05762125154168127,1.0,0.3715,0.34091666666666665,0.09216666666666666,0.19541666666666666,0.05338955603942546,0.05338955603942546,0.0,0.336576306655213,0.3372970713900971,0.15118744480594187,0.17493917714874807,0.038349607231002954,0.038349607231002954,1.0,0.35403815332760646,0.3391068690283819,0.12167705573630427,0.18517792190770738,0.0,0.0,1.0,0.3421626735798376,0.31263274154514786,0.12246221861146571,0.22274236626354896
193,0.05687125154168127,0.0,0.1547954151249854,81,24,0.0,0,0,190,0.3421626735798376,0.37166666666666665,0.31263274154514786,0.34,0.12246221861146571,0.09333333333333334,0.22274236626354896,0.195,0.05762125154168127,0.05762125154168127,1.0,0.3715,0.34091666666666665,0.09216666666666666,0.19541666666666666,0.05338955603942546,0.05338955603942546,0.0,0.336576306655213,0.3372970713900971,0.15118744480594187,0.17493917714874807,0.038349607231002954,0.038349607231002954,1.0,0.35403815332760646,0.3391068690283819,0.12167705573630427,0.18517792190770738,0.0,0.0,1.0,0.3421626735798376,0.31263274154514786,0.12246221861146571,0.22274236626354896
194,0.05520458487501462,0.0,0.1547954151249854,81,24,0.0,0,0,190,0.3421626735798376,0.37,0.31263274154514786,0.34,0.12246221861146571,0.09333333333333334,0.22274236626354896,0.19666666666666666,0.05762125154168127,0.05762125154168127,1.0,0.3715,0.34091666666666665,0.09216666666666666,0.19541666666666666,0.05338955603942546,0.05338955603942546,0.0,0.336576306655213,0.3372970713900971,0.15118744480594187,0.17493917714874807,0.038349607231002954,0.038349607231002954,1.0,0.35403815332760646,0.3391068690283819,0.12167705573630427,0.18517792190770738,0.0,0.0,1.0,0.3421626735798376,0.31263274154514786,0.12246221861146571,0.22274236626354896
195,0.05520458487501459,0.0,0.1547954151249854,71,24,0.0,0,0,190,0.3421626735798376,0.37166666666666665,0.31263274154514786,0.3383333333333333,0.12246221861146571,0.09333333333333334,0.22274236626354896,0.19666666666666666,0.05762125154168127,0.05762125154168127,1.0,0.3715,0.34091666666666665,0.09216666666666666,0.19541666666666666,0.05338955603942546,0.05338955603942546,0.0,0.336576306655213,0.3372970713900971,0.15118744480594187,0.17493917714874807,0.038349607231002954,0.038349607231002954,1.0,0.35403815332760646,0.3391068690283819,0.12167705573630427,0.18517792190770738,0.0,0.0,1.0,0.3421626735798376,0.31263274154514786,0.12246221861146571,0.22274236626354896
196,0.05687125154168127,0.0,0.1547954151249854,73,24,0.0,0,0,190,0.3421626735798376,0.37166666666666665,0.31263274154514786,0.34,0.12246221861146571,0.09333333333333334,0.22274236626354896,0.195,0.05762125154168127,0.05762125154168127,1.0,0.3715,0.34091666666666665,0.09216666666666666,0.19541666666666666,0.05338955603942546,0.05338955603942546,0.0,0.336576306655213,0.3372970713900971,0.15118744480594187,0.17493917714874807,0.038349607231002954,0.038349607231002954,1.0,0.35403815332760646,0.3391068690283819,0.12167705573630427,0.18517792190770738,0.0,0.0,1.0,0.3421626735798376,0.31263274154514786,0.12246221861146571,0.22274236626354896
197,0.05520458487501462,0.0,0.1547954151249854,76,24,0.0,0,0,190,0.3421626735798376,0.37,0.31263274154514786,0.34,0.12246221861146571,0.09333333333333334,0.22274236626354896,0.19666666666666666,0.05762125154168127,0.05762125154168127,1.0,0.3715,0.34091666666666665,0.09216666666666666,0.19541666666666666,0.05338955603942546,0.05338955603942546,0.0,0.336576306655213,0.3372970713900971,0.15118744480594187,0.17493917714874807,0.038349607231002954,0.038349607231002954,1.0,0.35403815332760646,0.3391068690283819,0.12167705573630427,0.18517792190770738,0.0,0.0,1.0,0.3421626735798376,0.31263274154514786,0.12246221861146571,0.22274236626354896
198,0.05520458487501462,0.0,0.1547954151249854,67,24,0.0,0,0,190,0.3421626735798376,0.37,0.31263274154514786,0.34,0.12246221861146571,0.09333333333333334,0.22274236626354896,0.19666666666666666,0.05762125154168127,0.05762125154168127,1.0,0.3715,0.34091666666666665,0.09216666666666666,0.19541666666666666,0.05338955603942546,0.05338955603942546,0.0,0.336576306655213,0.3372970713900971,0.15118744480594187,0.17493917714874807,0.038349607231002954,0.038349607231002954,1.0,0.35403815332760646,0.3391068690283819,0.12167705573630427,0.18517792190770738,0.0,0.0,1.0,0.3421626735798376,0.31263274154514786,0.12246221861146571,0.22274236626354896
199,0.05687125154168127,0.0,0.1547954151249854,82,24,0.0,0,0,190,0.3421626735798376,0.37,0.31263274154514786,0.3416666666666667,0.12246221861146571,0.09333333333333334,0.22274236626354896,0.195,0.05762125154168127,0.05762125154168127,1.0,0.3715,0.34091666666666665,0.09216666666666666,0.19541666666666666,0.05338955603942546,0.05338955603942546,0.0,0.336576306655213,0.3372970713900971,0.15118744480594187,0.17493917714874807,0.038349607231002954,0.038349607231002954,1.0,0.35403815332760646,0.3391068690283819,0.12167705573630427,0.18517792190770738,0.0,0.0,1.0,0.3421626735798376,0.31263274154514786,0.12246221861146571,0.22274236626354896
200,0.11176162682328018,0.0,0.1547954151249854,91,20,0.0,0,1,200,0.3421626735798376,0.44333333333333336,0.31263274154514786,0.20833333333333334,0.12246221861146571,0.115,0.22274236626354896,0.23333333333333334,0.05478791820834795,0.05478791820834795,1.0,0.3754166666666667,0.33416666666666667,0.0935,0.19691666666666666,0.12230742263985032,0.12230742263985032,1.0,0.4370072337859036,0.28174387585778754,0.14992508104524996,0.13132380931105891,0.0640492766464476,0.0640492766464476,1.0,0.40621195022628515,0.3079552712622271,0.12171254052262498,0.16412023798886277,0.0,0.0,1.0,0.3421626735798376,0.31263274154514786,0.12246221861146571,0.22274236626354896
201,0.14842829348994685,0.0,0.1547954151249854,76,18,0.0,0,0,200,0.3421626735798376,0.46,0.31263274154514786,0.19166666666666668,0.12246221861146571,0.095,0.22274236626354896,0.25333333333333335,0.05478791820834795,0.05478791820834795,1.0,0.3754166666666667,0.33416666666666667,0.0935,0.19691666666666666,0.12230742263985032,0.12230742263985032,1.0,0.4370072337859036,0.28174387585778754,0.14992508104524996,0.13132380931105891,0.0640492766464476,0.0640492766464476,1.0,0.40621195022628515,0.3079552712622271,0.12171254052262498,0.16412023798886277,0.0,0.0,1.0,0.3421626735798376,0.31263274154514786,0.12246221861146571,0.22274236626354896
202,0.1411706597534958,0.0,0.1547954151249854,90,17,0.0,0,0,200,0.3421626735798376,0.48333333333333334,0.31263274154514786,0.24833333333333332,0.12246221861146571,0.09166666666666666,0.22274236626354896,0.17666666666666667,0.05478791820834795,0.05478791820834795,1.0,0.3754166666666667,0.33416666666666667,0.0935,0.19691666666666666,0.12230742263985032,0.12230742263985032,1.0,0.4370072337859036,0.28174387585778754,0.14992508104524996,0.13132380931105891,0.0640492766464476,0.0640492766464476,1.0,0.40621195022628515,0.3079552712622271,0.12171254052262498,0.16412023798886277,0.0,0.0,1.0,0.3421626735798376,0.31263274154514786,0.12246221861146571,0.22274236626354896
203,0.11783732642016247,0.0,0.1547954151249854,106,18,0.0,0,0,200,0.3421626735798376,0.46,0.31263274154514786,0.275,0.12246221861146571,0.09166666666666666,0.22274236626354896,0.17333333333333334,0.05478791820834795,0.05478791820834795,1.0,0.3754166666666667,0.33416666666666667,0.0935,0.19691666666666666,0.12230742263985032,0.12230742263985032,1.0,0.4370072337859036,0.28174387585778754,0.14992508104524996,0.13132380931105891,0.0640492766464476,0.0640492766464476,1.0,0.40621195022628515,0.3079552712622271,0.12171254052262498,0.16412023798886277,0.0,0.0,1.0,0.3421626735798376,0.31263274154514786,0.12246221861146571,0.22274236626354896
204,0.052367258454852184,0.0,0.1547954151249854,72,18,0.0,0,0,200,0.3421626735798376,0.34,0.31263274154514786,0.365,0.12246221861146571,0.08333333333333333,0.22274236626354896,0.21166666666666667,0.05478791820834795,0.05478791820834795,1.0,0.3754166666666667,0.33416666666666667,0.0935,0.19691666666666666,0.12230742263985032,0.12230742263985032,1.0,0.4370072337859036,0.28174387585778754,0.14992508104524996,0.13132380931105891,0.0640492766464476,0.0640492766464476,1.0,0.40621195022628515,0.3079552712622271,0.12171254052262498,0.16412023798886277,0.0,0.0,1.0,0.3421626735798376,0.31263274154514786,0.12246221861146571,0.22274236626354896
205,0.055700591788185524,0.0,0.1547954151249854,74,19,0.0,0,0,200,0.3421626735798376,0.34,0.31263274154514786,0.36833333333333335,0.12246221861146571,0.085,0.22274236626354896,0.20666666666666667,0.05478791820834795,0.05478791820834795,1.0,0.3754166666666667,0.33416666666666667,0.0935,0.19691666666666666,0.12230742263985032,0.12230742263985032,1.0,0.4370072337859036,0.28174387585778754,0.14992508104524996,0.13132380931105891,0.0640492766464476,0.0640492766464476,1.0,0.40621195022628515,0.3079552712622271,0.12171254052262498,0.16412023798886277,0.0,0.0,1.0,0.3421626735798376,0.31263274154514786,0.12246221861146571,0.22274236626354896
206,0.13187125154168128,0.0,0.1547954151249854,107,18,0.0,0,0,200,0.3421626735798376,0.4083333333333333,0.31263274154514786,0.37833333333333335,0.12246221861146571,0.058333333333333334,0.22274236626354896,0.155,0.05478791820834795,0.05478791820834795,1.0,0.3754166666666667,0.33416666666666667,0.0935,0.19691666666666666,0.12230742263985032,0.12230742263985032,1.0,0.4370072337859036,0.28174387585778754,0.14992508104524996,0.13132380931105891,0.0640492766464476,0.0640492766464476,1.0,0.40621195022628515,0.3079552712622271,0.12171254052262498,0.16412023798886277,0.0,0.0,1.0,0.3421626735798376,0.31263274154514786,0.12246221861146571,0.22274236626354896
207,0.10187125154168127,0.0,0.1547954151249854,78,20,0.0,0,0,200,0.3421626735798376,0.37666666666666665,0.31263274154514786,0.38,0.12246221861146571,0.06666666666666667,0.22274236626354896,0.17666666666666667,0.05478791820834795,0.05478791820834795,1.0,0.3754166666666667,0.33416666666666667,0.0935,0.19691666666666666,0.12230742263985032,0.12230742263985032,1.0,0.4370072337859036,0.28174387585778754,0.14992508104524996,0.13132380931105891,0.0640492766464476,0.0640492766464476,1.0,0.40621195022628515,0.3079552712622271,0.12171254052262498,0.16412023798886277,0.0,0.0,1.0,0.3421626735798376,0.31263274154514786,0.12246221861146571,0.22274236626354896
208,0.0802045848750146,0.0,0.1547954151249854,65,21,0.0,0,0,200,0.3421626735798376,0.37666666666666665,0.31263274154514786,0.35833333333333334,0.12246221861146571,0.07,0.22274236626354896,0.195,0.05478791820834795,0.05478791820834795,1.0,0.3754166666666667,0.33416666666666667,0.0935,0.19691666666666666,0.12230742263985032,0.12230742263985032,1.0,0.4370072337859036,0.28174387585778754,0.14992508104524996,0.13132380931105891,0.0640492766464476,0.0640492766464476,1.0,0.40621195022628515,0.3079552712622271,0.12171254052262498,0.16412023798886277,0.0,0.0,1.0,0.3421626735798376,0.31263274154514786,0.12246221861146571,0.22274236626354896
209,0.07353791820834793,0.0,0.1547954151249854,62,22,0.0,0,0,200,0.3421626735798376,0.37166666666666665,0.31263274154514786,0.3566666666666667,0.12246221861146571,0.07833333333333334,0.22274236626354896,0.19333333333333333,0.05478791820834795,0.05478791820834795,1.0,0.3754166666666667,0.33416666666666667,0.0935,0.19691666666666666,0.12230742263985032,0.12230742263985032,1.0,0.4370072337859036,0.28174387585778754,0.14992508104524996,0.13132380931105891,0.0640492766464476,0.0640492766464476,1.0,0.40621195022628515,0.3079552712622271,0.12171254052262498,0.16412023798886277,0.0,0.0,1.0,0.3421626735798376,0.31263274154514786,0.12246221861146571,0.22274236626354896
210,0.08853791820834794,0.0,0.1547954151249854,83,21,0.0,0,1,210,0.3421626735798376,0.37833333333333335,0.31263274154514786,0.365,0.12246221861146571,0.085,0.22274236626354896,0.17166666666666666,0.06178791820834794,0.06178791820834794,1.0,0.3889166666666667,0.32766666666666666,0.08791666666666667,0.1955,0.07641999674224692,0.07641999674224692,0.0,0.36526898926889667,0.3659464225983357,0.07769209266195724,0.1910924954708105,0.0691039574752974,0.0691039574752974,1.0,0.37709282796778165,0.34680654463250116,0.08280437966431195,0.19329624773540527,0.0,0.0,1.0,0.3421626735798376,0.31263274154514786,0.12246221861146571,0.22274236626354896
211,0.0852045848750146,0.0,0.1547954151249854,90,23,0.0,0,0,210,0.3421626735798376,0.38,0.31263274154514786,0.36,0.12246221861146571,0.085,0.22274236626354896,0.175,0.06178791820834794,0.06178791820834794,1.0,0.3889166666666667,0.32766666666666666,0.08791666666666667,0.1955,0.07641999674224692,0.07641999674224692,0.0,0.36526898926889667,0.3659464225983357,0.07769209266195724,0.1910924954708105,0.0691039574752974,0.0691039574752974,1.0,0.37709282796778165,0.34680654463250116,0.08280437966431195,0.19329624773540527,0.0,0.0,1.0,0.3421626735798376,0.31263274154514786,0.12246221861146571,0.22274236626354896
212,0.09353791820834796,0.0,0.1547954151249854,75,23,0.0,0,0,210,0.3421626735798376,0.38666666666666666,0.31263274154514786,0.3616666666666667,0.12246221861146571,0.07666666666666666,0.22274236626354896,0.175,0.06178791820834794,0.06178791820834794,1.0,0.3889166666666667,0.32766666666666666,0.08791666666666667,0.1955,0.07641999674224692,0.07641999674224692,0.0,0.36526898926889667,0.3659464225983357,0.07769209266195724,0.1910924954708105,0.0691039574752974,0.0691039574752974,1.0,0.37709282796778165,0.34680654463250116,0.08280437966431195,0.19329624773540527,0.0,0.0,1.0,0.3421626735798376,0.31263274154514786,0.12246221861146571,0.22274236626354896
213,0.10353791820834793,0.0,0.1547954151249854,78,22,0.0,0,0,210,0.3421626735798376,0.3933333333333333,0.31263274154514786,0.365,0.12246221861146571,0.08,0.22274236626354896,0.16166666666666665,0.06178791820834794,0.06178791820834794,1.0,0.3889166666666667,0.32766666666666666,0.08791666666666667,0.1955,0.07641999674224692,0.07641999674224692,0.0,0.36526898926889667,0.3659464225983357,0.07769209266195724,0.1910924954708105,0.0691039574752974,0.0691039574752974,1.0,0.37709282796778165,0.34680654463250116,0.08280437966431195,0.19329624773540527,0.0,0.0,1.0,0.3421626735798376,0.31263274154514786,0.12246221861146571,0.22274236626354896
214,0.09520458487501461,0.0,0.1547954151249854,89,22,0.0,0,0,210,0.3421626735798376,0.39,0.31263274154514786,0.36,0.12246221861146571,0.08666666666666667,0.22274236626354896,0.16333333333333333,0.06178791820834794,0.06178791820834794,1.0,0.3889166666666667,0.32766666666666666,0.08791666666666667,0.1955,0.07641999674224692,0.07641999674224692,0.0,0.36526898926889667,0.3659464225983357,0.07769209266195724,0.1910924954708105,0.0691039574752974,0.0691039574752974,1.0,0.37709282796778165,0.34680654463250116,0.08280437966431195,0.19329624773540527,0.0,0.0,1.0,0.3421626735798376,0.31263274154514786,0.12246221861146571,0.22274236626354896
215,0.09187125154168127,0.0,0.1547954151249854,86,24,0.0,0,0,210,0.3421626735798376,0.3883333333333333,0.31263274154514786,0.35833333333333334,0.12246221861146571,0.08666666666666667,0.22274236626354896,0.16666666666666666,0.06178791820834794,0.06178791820834794,1.0,0.3889166666666667,0.32766666666666666,0.08791666666666667,0.1955,0.07641999674224692,0.07641999674224692,0.0,0.36526898926889667,0.3659464225983357,0.07769209266195724,0.1910924954708105,0.0691039574752974,0.0691039574752974,1.0,0.37709282796778165,0.34680654463250116,0.08280437966431195,0.19329624773540527,0.0,0.0,1.0,0.3421626735798376,0.31263274154514786,0.12246221861146571,0.22274236626354896
216,0.08853791820834794,0.0,0.1547954151249854,99,24,0.0,0,0,210,0.3421626735798376,0.38666666666666666,0.31263274154514786,0.3566666666666667,0.12246221861146571,0.08833333333333333,0.22274236626354896,0.16833333333333333,0.06178791820834794,0.06178791820834794,1.0,0.3889166666666667,0.32766666666666666,0.08791666666666667,0.1955,0.07641999674224692,0.07641999674224692,0.0,0.36526898926889667,0.3659464225983357,0.07769209266195724,0.1910924954708105,0.0691039574752974,0.0691039574752974,1.0,0.37709282796778165,0.34680654463250116,0.08280437966431195,0.19329624773540527,0.0,0.0,1.0,0.3421626735798376,0.31263274154514786,0.12246221861146571,0.22274236626354896
217,0.08187125154168128,0.0,0.1547954151249854,79,24,0.0,0,0,210,0.3421626735798376,0.385,0.31263274154514786,0.3516666666666667,0.12246221861146571,0.09333333333333334,0.22274236626354896,0.17,0.06178791820834794,0.06178791820834794,1.0,0.3889166666666667,0.32766666666666666,0.08791666666666667,0.1955,0.07641999674224692,0.07641999674224692,0.0,0.36526898926889667,0.3659464225983357,0.07769209266195724,0.1910924954708105,0.0691039574752974,0.0691039574752974,1.0,0.37709282796778165,0.34680654463250116,0.08280437966431195,0.19329624773540527,0.0,0.0,1.0,0.3421626735798376,0.31263274154514786,0.12246221861146571,0.22274236626354896
218,0.07687125154168126,0.0,0.1547954151249854,74,24,0.0,0,0,210,0.3421626735798376,0.38166666666666665,0.31263274154514786,0.35,0.12246221861146571,0.095,0.22274236626354896,0.17333333333333334,0.06178791820834794,0.06178791820834794,1.0,0.3889166666666667,0.32766666666666666,0.08791666666666667,0.1955,0.07641999674224692,0.07641999674224692,0.0,0.36526898926889667,0.3659464225983357,0.07769209266195724,0.1910924954708105,0.0691039574752974,0.0691039574752974,1.0,0.37709282796778165,0.34680654463250116,0.08280437966431195,0.19329624773540527,0.0,0.0,1.0,0.3421626735798376,0.31263274154514786,0.12246221861146571,0.22274236626354896
219,0.07353791820834794,0.0,0.1547954151249854,88,24,0.0,0,0,210,0.3421626735798376,0.38,0.31263274154514786,0.34833333333333333,0.12246221861146571,0.09666666666666666,0.22274236626354896,0.175,0.06178791820834794,0.06178791820834794,1.0,0.3889166666666667,0.32766666666666666,0.08791666666666667,0.1955,0.07641999674224692,0.07641999674224692,0.0,0.36526898926889667,0.3659464225983357,0.07769209266195724,0.1910924954708105,0.0691039574752974,0.0691039574752974,1.0,0.37709282796778165,0.34680654463250116,0.08280437966431195,0.19329624773540527,0.0,0.0,1.0,0.3421626735798376,0.31263274154514786,0.12246221861146571,0.22274236626354896
220,0.0752045848750146,0.0,0.1547954151249854,73,24,0.0,0,1,220,0.3421626735798376,0.38166666666666665,0.31263274154514786,0.34833333333333333,0.12246221861146571,0.09666666666666666,0.22274236626354896,0.17333333333333334,0.07995458487501461,0.07995458487501461,1.0,0.3924166666666667,0.3423333333333333,0.0845,0.18075,0.08630500394655491,0.08630500394655491,0.0,0.2688250783541735,0.29966533282425695,0.14009759701357816,0.2914119918079913,0.02170522117409405,0.02170522117409405,1.0,0.3306208725104201,0.32099933307879513,0.11229879850678909,0.23608099590399567,0.0,0.0,1.0,0.3421626735798376,0.31263274154514786,0.12246221861146571,0.22274236626354896
221,0.0752045848750146,0.0,0.1547954151249854,93,24,0.0,0,0,220,0.3421626735798376,0.38166666666666665,0.31263274154514786,0.34833333333333333,0.12246221861146571,0.09666666666666666,0.22274236626354896,0.17333333333333334,0.07995458487501461,0.07995458487501461,1.0,0.3924166666666667,0.3423333333333333,0.0845,0.18075,0.08630500394655491,0.08630500394655491,0.0,0.2688250783541735,0.29966533282425695,0.14009759701357816,0.2914119918079913,0.02170522117409405,0.02170522117409405,1.0,0.3306208725104201,0.32099933307879513,0.11229879850678909,0.23608099590399567,0.0,0.0,1.0,0.3421626735798376,0.31263274154514786,0.12246221861146571,0.22274236626354896
222,0.07520458487501461,0.0,0.1547954151249854,89,24,0.0,0,0,220,0.3421626735798376,0.38166666666666665,0.31263274154514786,0.34833333333333333,0.12246221861146571,0.09833333333333333,0.22274236626354896,0.17166666666666666,0.07995458487501461,0.07995458487501461,1.0,0.3924166666666667,0.3423333333333333,0.0845,0.18075,0.08630500394655491,0.08630500394655491,0.0,0.2688250783541735,0.29966533282425695,0.14009759701357816,0.2914119918079913,0.02170522117409405,0.02170522117409405,1.0,0.3306208725104201,0.32099933307879513,0.11229879850678909,0.23608099590399567,0.0,0.0,1.0,0.3421626735798376,0.31263274154514786,0.12246221861146571,0.22274236626354896
223,0.07187125154168125,0.0,0.1547954151249854,79,24,0.0,0,0,220,0.3421626735798376,0.38166666666666665,0.31263274154514786,0.345,0.12246221861146571,0.1,0.22274236626354896,0.17333333333333334,0.07995458487501461,0.07995458487501461,1.0,0.3924166666666667,0.3423333333333333,0.0845,0.18075,0.08630500394655491,0.08630500394655491,0.0,0.2688250783541735,0.29966533282425695,0.14009759701357816,0.2914119918079913,0.02170522117409405,0.02170522117409405,1.0,0.3306208725104201,0.32099933307879513,0.11229879850678909,0.23608099590399567,0.0,0.0,1.0,0.3421626735798376,0.31263274154514786,0.12246221861146571,0.22274236626354896
224,0.07187125154168125,0.0,0.1547954151249854,67,24,0.0,0,0,220,0.3421626735798376,0.38166666666666665,0.31263274154514786,0.345,0.12246221861146571,0.1,0.22274236626354896,0.17333333333333334,0.07995458487501461,0.07995458487501461,1.0,0.3924166666666667,0.3423333333333333,0.0845,0.18075,0.08630500394655491,0.08630500394655491,0.0,0.2688250783541735,0.29966533282425695,0.14009759701357816,0.2914119918079913,0.02170522117409405,0.02170522117409405,1.0,0.3306208725104201,0.32099933307879513,0.11229879850678909,0.23608099590399567,0.0,0.0,1.0,0.3421626735798376,0.31263274154514786,0.12246221861146571,0.22274236626354896
225,0.0702045848750146,0.0,0.1547954151249854,76,24,0.0,0,0,220,0.3421626735798376,0.38,0.31263274154514786,0.345,0.12246221861146571,0.09833333333333333,0.22274236626354896,0.17666666666666667,0.07995458487501461,0.07995458487501461,1.0,0.3924166666666667,0.3423333333333333,0.0845,0.18075,0.08630500394655491,0.08630500394655491,0.0,0.2688250783541735,0.29966533282425695,0.14009759701357816,0.2914119918079913,0.02170522117409405,0.02170522117409405,1.0,0.3306208725104201,0.32099933307879513,0.11229879850678909,0.23608099590399567,0.0,0.0,1.0,0.3421626735798376,0.31263274154514786,0.12246221861146571,0.22274236626354896
226,0.07187125154168125,0.0,0.1547954151249854,67,24,0.0,0,0,220,0.3421626735798376,0.38166666666666665,0.31263274154514786,0.345,0.12246221861146571,0.09833333333333333,0.22274236626354896,0.175,0.07995458487501461,0.07995458487501461,1.0,0.3924166666666667,0.3423333333333333,0.0845,0.18075,0.08630500394655491,0.08630500394655491,0.0,0.2688250783541735,0.29966533282425695,0.14009759701357816,0.2914119918079913,0.02170522117409405,0.02170522117409405,1.0,0.3306208725104201,0.32099933307879513,0.11229879850678909,0.23608099590399567,0.0,0.0,1.0,0.3421626735798376,0.31263274154514786,0.12246221861146571,0.22274236626354896
227,0.07187125154168128,0.0,0.1547954151249854,73,24,0.0,0,0,220,0.3421626735798376,0.38333333333333336,0.31263274154514786,0.3433333333333333,0.12246221861146571,0.09833333333333333,0.22274236626354896,0.175,0.07995458487501461,0.07995458487501461,1.0,0.3924166666666667,0.3423333333333333,0.0845,0.18075,0.08630500394655491,0.08630500394655491,0.0,0.2688250783541735,0.29966533282425695,0.14009759701357816,0.2914119918079913,0.02170522117409405,0.02170522117409405,1.0,0.3306208725104201,0.32099933307879513,0.11229879850678909,0.23608099590399567,0.0,0.0,1.0,0.3421626735798376,0.31263274154514786,0.12246221861146571,0.22274236626354896
228,0.07187125154168128,0.0,0.1547954151249854,78,24,0.0,0,0,220,0.3421626735798376,0.38333333333333336,0.31263274154514786,0.3433333333333333,0.12246221861146571,0.09833333333333333,0.22274236626354896,0.175,0.07995458487501461,0.07995458487501461,1.0,0.3924166666666667,0.3423333333333333,0.0845,0.18075,0.08630500394655491,0.08630500394655491,0.0,0.2688250783541735,0.29966533282425695,0.14009759701357816,0.2914119918079913,0.02170522117409405,0.02170522117409405,1.0,0.3306208725104201,0.32099933307879513,0.11229879850678909,0.23608099590399567,0.0,0.0,1.0,0.3421626735798376,0.31263274154514786,0.12246221861146571,0.22274236626354896
229,0.07187125154168128,0.0,0.1547954151249854,72,24,0.0,0,0,220,0.3421626735798376,0.38333333333333336,0.31263274154514786,0.3433333333333333,0.12246221861146571,0.09833333333333333,0.22274236626354896,0.175,0.07995458487501461,0.07995458487501461,1.0,0.3924166666666667,0.3423333333333333,0.0845,0.18075,0.08630500394655491,0.08630500394655491,0.0,0.2688250783541735,0.29966533282425695,0.14009759701357816,0.2914119918079913,0.02170522117409405,0.02170522117409405,1.0,0.3306208725104201,0.32099933307879513,0.11229879850678909,0.23608099590399567,0.0,0.0,1.0,0.3421626735798376,0.31263274154514786,0.12246221861146571,0.22274236626354896
230,0.06853791820834797,0.0,0.1547954151249854,74,24,0.0,0,1,230,0.3421626735798376,0.38333333333333336,0.31263274154514786,0.34,0.12246221861146571,0.09666666666666666,0.22274236626354896,0.18,0.07928791820834794,0.07928791820834794,1.0,0.38375,0.35033333333333333,0.09341666666666666,0.1725,0.05028597940298787,0.05028597940298787,1.0,0.3654000117118641,0.2623467621421599,0.14348810994283606,0.22876511620313988,0.03241233227609456,0.03241233227609456,1.0,0.37457500585593206,0.3063400477377466,0.11845238830475135,0.20063255810156994,0.0,0.0,1.0,0.3421626735798376,0.31263274154514786,0.12246221861146571,0.22274236626354896
231,0.06853791820834797,0.0,0.1547954151249854,66,24,0.0,0,0,230,0.3421626735798376,0.38333333333333336,0.31263274154514786,0.34,0.12246221861146571,0.09666666666666666,0.22274236626354896,0.18,0.07928791820834794,0.07928791820834794,1.0,0.38375,0.35033333333333333,0.09341666666666666,0.1725,0.05028597940298787,0.05028597940298787,1.0,0.3654000117118641,0.2623467621421599,0.14348810994283606,0.22876511620313988,0.03241233227609456,0.03241233227609456,1.0,0.37457500585593206,0.3063400477377466,0.11845238830475135,0.20063255810156994,0.0,0.0,1.0,0.3421626735798376,0.31263274154514786,0.12246221861146571,0.22274236626354896
232,0.06853791820834797,0.0,0.1547954151249854,83,24,0.0,0,0,230,0.3421626735798376,0.38333333333333336,0.31263274154514786,0.34,0.12246221861146571,0.09666666666666666,0.22274236626354896,0.18,0.07928791820834794,0.07928791820834794,1.0,0.38375,0.35033333333333333,0.09341666666666666,0.1725,0.05028597940298787,0.05028597940298787,1.0,0.3654000117118641,0.2623467621421599,0.14348810994283606,0.22876511620313988,0.03241233227609456,0.03241233227609456,1.0,0.37457500585593206,0.3063400477377466,0.11845238830475135,0.20063255810156994,0.0,0.0,1.0,0.3421626735798376,0.31263274154514786,0.12246221861146571,0.22274236626354896
233,0.07187125154168128,0.0,0.1547954151249854,97,24,0.0,0,0,230,0.3421626735798376,0.385,0.31263274154514786,0.3416666666666667,0.12246221861146571,0.09666666666666666,0.22274236626354896,0.17666666666666667,0.07928791820834794,0.07928791820834794,1.0,0.38375,0.35033333333333333,0.09341666666666666,0.1725,0.05028597940298787,0.05028597940298787,1.0,0.3654000117118641,0.2623467621421599,0.14348810994283606,0.22876511620313988,0.03241233227609456,0.03241233227609456,1.0,0.37457500585593206,0.3063400477377466,0.11845238830475135,0.20063255810156994,0.0,0.0,1.0,0.3421626735798376,0.31263274154514786,0.12246221861146571,0.22274236626354896
234,0.07020458487501463,0.0,0.1547954151249854,89,24,0.0,0,0,230,0.3421626735798376,0.385,0.31263274154514786,0.34,0.12246221861146571,0.095,0.22274236626354896,0.18,0.07928791820834794,0.07928791820834794,1.0,0.38375,0.35033333333333333,0.09341666666666666,0.1725,0.05028597940298787,0.05028597940298787,1.0,0.3654000117118641,0.2623467621421599,0.14348810994283606,0.22876511620313988,0.03241233227609456,0.03241233227609456,1.0,0.37457500585593206,0.3063400477377466,0.11845238830475135,0.20063255810156994,0.0,0.0,1.0,0.3421626735798376,0.31263274154514786,0.12246221861146571,0.22274236626354896
235,0.07020458487501463,0.0,0.1547954151249854,69,24,0.0,0,0,230,0.3421626735798376,0.385,0.31263274154514786,0.34,0.12246221861146571,0.095,0.22274236626354896,0.18,0.07928791820834794,0.07928791820834794,1.0,0.38375,0.35033333333333333,0.09341666666666666,0.1725,0.05028597940298787,0.05028597940298787,1.0,0.3654000117118641,0.2623467621421599,0.14348810994283606,0.22876511620313988,0.03241233227609456,0.03241233227609456,1.0,0.37457500585593206,0.3063400477377466,0.11845238830475135,0.20063255810156994,0.0,0.0,1.0,0.3421626735798376,0.31263274154514786,0.12246221861146571,0.22274236626354896
236,0.07353791820834793,0.0,0.1547954151249854,73,24,0.0,0,0,230,0.3421626735798376,0.38666666666666666,0.31263274154514786,0.3416666666666667,0.12246221861146571,0.095,0.22274236626354896,0.17666666666666667,0.07928791820834794,0.07928791820834794,1.0,0.38375,0.35033333333333333,0.09341666666666666,0.1725,0.05028597940298787,0.05028597940298787,1.0,0.3654000117118641,0.2623467621421599,0.14348810994283606,0.22876511620313988,0.03241233227609456,0.03241233227609456,1.0,0.37457500585593206,0.3063400477377466,0.11845238830475135,0.20063255810156994,0.0,0.0,1.0,0.3421626735798376,0.31263274154514786,0.12246221861146571,0.22274236626354896
237,0.07020458487501463,0.0,0.1547954151249854,67,24,0.0,0,0,230,0.3421626735798376,0.385,0.31263274154514786,0.34,0.12246221861146571,0.095,0.22274236626354896,0.18,0.07928791820834794,0.07928791820834794,1.0,0.38375,0.35033333333333333,0.09341666666666666,0.1725,0.05028597940298787,0.05028597940298787,1.0,0.3654000117118641,0.2623467621421599,0.14348810994283606,0.22876511620313988,0.03241233227609456,0.03241233227609456,1.0,0.37457500585593206,0.3063400477377466,0.11845238830475135,0.20063255810156994,0.0,0.0,1.0,0.3421626735798376,0.31263274154514786,0.12246221861146571,0.22274236626354896
238,0.06853791820834797,0.0,0.1547954151249854,59,24,0.0,0,0,230,0.3421626735798376,0.38333333333333336,0.31263274154514786,0.34,0.12246221861146571,0.09666666666666666,0.22274236626354896,0.18,0.07928791820834794,0.07928791820834794,1.0,0.38375,0.35033333333333333,0.09341666666666666,0.1725,0.05028597940298787,0.05028597940298787,1.0,0.3654000117118641,0.2623467621421599,0.14348810994283606,0.22876511620313988,0.03241233227609456,0.03241233227609456,1.0,0.37457500585593206,0.3063400477377466,0.11845238830475135,0.20063255810156994,0.0,0.0,1.0,0.3421626735798376,0.31263274154514786,0.12246221861146571,0.22274236626354896
239,0.07020458487501463,0.0,0.1547954151249854,83,24,0.0,0,0,230,0.3421626735798376,0.385,0.31263274154514786,0.34,0.12246221861146571,0.095,0.22274236626354896,0.18,0.07928791820834794,0.07928791820834794,1.0,0.38375,0.35033333333333333,0.09341666666666666,0.1725,0.05028597940298787,0.05028597940298787,1.0,0.3654000117118641,0.2623467621421599,0.14348810994283606,0.22876511620313988,0.03241233227609456,0.03241233227609456,1.0,0.37457500585593206,0.3063400477377466,0.11845238830475135,0.20063255810156994,0.0,0.0,1.0,0.3421626735798376,0.31263274154514786,0.12246221861146571,0.22274236626354896
