step,attention_error,preference_change,uniform_prior_error,interactions,pool_size,official_exposure_share,official_arrivals,observation_updated,last_observed_at,truth_0,attention_0,truth_1,attention_1,truth_2,attention_2,truth_3,attention_3,error_platform,initial_error_platform,top_accuracy_platform,estimate_platform_0,estimate_platform_1,estimate_platform_2,estimate_platform_3,error_survey,initial_error_survey,top_accuracy_survey,estimate_survey_0,estimate_survey_1,estimate_survey_2,estimate_survey_3,error_fused,initial_error_fused,top_accuracy_fused,estimate_fused_0,estimate_fused_1,estimate_fused_2,estimate_fused_3,error_oracle,initial_error_oracle,top_accuracy_oracle,estimate_oracle_0,estimate_oracle_1,estimate_oracle_2,estimate_oracle_3
0,0.07900993890182509,0.0,0.17932339443150824,44,28,0.0,0,1,0,0.19558930061525984,0.16666666666666666,0.3608527322386855,0.4166666666666667,0.12508730495323178,0.075,0.3184706621928226,0.3416666666666667,0.07900993890182509,0.07900993890182509,1.0,0.16666666666666666,0.4166666666666667,0.075,0.3416666666666667,0.09110152588859503,0.09110152588859503,0.0,0.180936440461926,0.2844040665034245,0.12854975588109427,0.4061097371535553,0.05541753971728823,0.05541753971728823,0.0,0.17380155356429633,0.3505353665850456,0.10177487794054713,0.37388820191011096,0.0,0.0,1.0,0.19558930061525984,0.3608527322386855,0.12508730495323178,0.3184706621928226
1,0.10081393442798102,0.0,0.17932339443150824,66,25,0.0,0,0,0,0.19558930061525984,0.185,0.3608527322386855,0.46166666666666667,0.12508730495323178,0.07666666666666666,0.3184706621928226,0.27666666666666667,0.07900993890182509,0.07900993890182509,1.0,0.16666666666666666,0.4166666666666667,0.075,0.3416666666666667,0.09110152588859503,0.09110152588859503,0.0,0.180936440461926,0.2844040665034245,0.12854975588109427,0.4061097371535553,0.05541753971728823,0.05541753971728823,0.0,0.17380155356429633,0.3505353665850456,0.10177487794054713,0.37388820191011096,0.0,0.0,1.0,0.19558930061525984,0.3608527322386855,0.12508730495323178,0.3184706621928226
2,0.07900993890182509,0.0,0.17932339443150824,63,29,0.0,0,0,0,0.19558930061525984,0.16666666666666666,0.3608527322386855,0.4166666666666667,0.12508730495323178,0.075,0.3184706621928226,0.3416666666666667,0.07900993890182509,0.07900993890182509,1.0,0.16666666666666666,0.4166666666666667,0.075,0.3416666666666667,0.09110152588859503,0.09110152588859503,0.0,0.180936440461926,0.2844040665034245,0.12854975588109427,0.4061097371535553,0.05541753971728823,0.05541753971728823,0.0,0.17380155356429633,0.3505353665850456,0.10177487794054713,0.37388820191011096,0.0,0.0,1.0,0.19558930061525984,0.3608527322386855,0.12508730495323178,0.3184706621928226
3,0.09067660556849172,0.0,0.17932339443150824,67,31,0.0,0,0,0,0.19558930061525984,0.17,0.3608527322386855,0.425,0.12508730495323178,0.06,0.3184706621928226,0.345,0.07900993890182509,0.07900993890182509,1.0,0.16666666666666666,0.4166666666666667,0.075,0.3416666666666667,0.09110152588859503,0.09110152588859503,0.0,0.180936440461926,0.2844040665034245,0.12854975588109427,0.4061097371535553,0.05541753971728823,0.05541753971728823,0.0,0.17380155356429633,0.3505353665850456,0.10177487794054713,0.37388820191011096,0.0,0.0,1.0,0.19558930061525984,0.3608527322386855,0.12508730495323178,0.3184706621928226
4,0.09067660556849172,0.0,0.17932339443150824,61,34,0.0,0,0,0,0.19558930061525984,0.17,0.3608527322386855,0.425,0.12508730495323178,0.06,0.3184706621928226,0.345,0.07900993890182509,0.07900993890182509,1.0,0.16666666666666666,0.4166666666666667,0.075,0.3416666666666667,0.09110152588859503,0.09110152588859503,0.0,0.180936440461926,0.2844040665034245,0.12854975588109427,0.4061097371535553,0.05541753971728823,0.05541753971728823,0.0,0.17380155356429633,0.3505353665850456,0.10177487794054713,0.37388820191011096,0.0,0.0,1.0,0.19558930061525984,0.3608527322386855,0.12508730495323178,0.3184706621928226
5,0.07900993890182509,0.0,0.17932339443150824,61,38,0.0,0,0,0,0.19558930061525984,0.16666666666666666,0.3608527322386855,0.4166666666666667,0.12508730495323178,0.075,0.3184706621928226,0.3416666666666667,0.07900993890182509,0.07900993890182509,1.0,0.16666666666666666,0.4166666666666667,0.075,0.3416666666666667,0.09110152588859503,0.09110152588859503,0.0,0.180936440461926,0.2844040665034245,0.12854975588109427,0.4061097371535553,0.05541753971728823,0.05541753971728823,0.0,0.17380155356429633,0.3505353665850456,0.10177487794054713,0.37388820191011096,0.0,0.0,1.0,0.19558930061525984,0.3608527322386855,0.12508730495323178,0.3184706621928226
6,0.09067660556849172,0.0,0.17932339443150824,57,40,0.0,0,0,0,0.19558930061525984,0.17,0.3608527322386855,0.425,0.12508730495323178,0.06,0.3184706621928226,0.345,0.07900993890182509,0.07900993890182509,1.0,0.16666666666666666,0.4166666666666667,0.075,0.3416666666666667,0.09110152588859503,0.09110152588859503,0.0,0.180936440461926,0.2844040665034245,0.12854975588109427,0.4061097371535553,0.05541753971728823,0.05541753971728823,0.0,0.17380155356429633,0.3505353665850456,0.10177487794054713,0.37388820191011096,0.0,0.0,1.0,0.19558930061525984,0.3608527322386855,0.12508730495323178,0.3184706621928226
7,0.09067660556849172,0.0,0.17932339443150824,54,42,0.0,0,0,0,0.19558930061525984,0.17,0.3608527322386855,0.425,0.12508730495323178,0.06,0.3184706621928226,0.345,0.07900993890182509,0.07900993890182509,1.0,0.16666666666666666,0.4166666666666667,0.075,0.3416666666666667,0.09110152588859503,0.09110152588859503,0.0,0.180936440461926,0.2844040665034245,0.12854975588109427,0.4061097371535553,0.05541753971728823,0.05541753971728823,0.0,0.17380155356429633,0.3505353665850456,0.10177487794054713,0.37388820191011096,0.0,0.0,1.0,0.19558930061525984,0.3608527322386855,0.12508730495323178,0.3184706621928226
8,0.07900993890182509,0.0,0.17932339443150824,50,45,0.0,0,0,0,0.19558930061525984,0.16666666666666666,0.3608527322386855,0.4166666666666667,0.12508730495323178,0.075,0.3184706621928226,0.3416666666666667,0.07900993890182509,0.07900993890182509,1.0,0.16666666666666666,0.4166666666666667,0.075,0.3416666666666667,0.09110152588859503,0.09110152588859503,0.0,0.180936440461926,0.2844040665034245,0.12854975588109427,0.4061097371535553,0.05541753971728823,0.05541753971728823,0.0,0.17380155356429633,0.3505353665850456,0.10177487794054713,0.37388820191011096,0.0,0.0,1.0,0.19558930061525984,0.3608527322386855,0.12508730495323178,0.3184706621928226
9,0.07900993890182509,0.0,0.17932339443150824,76,48,0.0,0,0,0,0.19558930061525984,0.16666666666666666,0.3608527322386855,0.4166666666666667,0.12508730495323178,0.075,0.3184706621928226,0.3416666666666667,0.07900993890182509,0.07900993890182509,1.0,0.16666666666666666,0.4166666666666667,0.075,0.3416666666666667,0.09110152588859503,0.09110152588859503,0.0,0.180936440461926,0.2844040665034245,0.12854975588109427,0.4061097371535553,0.05541753971728823,0.05541753971728823,0.0,0.17380155356429633,0.3505353665850456,0.10177487794054713,0.37388820191011096,0.0,0.0,1.0,0.19558930061525984,0.3608527322386855,0.12508730495323178,0.3184706621928226
10,0.07900993890182509,0.0,0.17932339443150824,64,51,0.0,0,1,10,0.19558930061525984,0.16666666666666666,0.3608527322386855,0.4166666666666667,0.12508730495323178,0.075,0.3184706621928226,0.3416666666666667,0.08143418132606749,0.08143418132606749,1.0,0.16954545454545455,0.42378787878787877,0.0696969696969697,0.336969696969697,0.10997000573917637,0.10997000573917637,0.0,0.17849224883726614,0.2931205390263814,0.09994654420435338,0.42844066793199914,0.06423452025802531,0.06423452025802531,0.0,0.17401885169136033,0.3584542089071301,0.08482175695066155,0.38270518245084806,0.0,0.0,1.0,0.19558930061525984,0.3608527322386855,0.12508730495323178,0.3184706621928226
11,0.07900993890182509,0.0,0.17932339443150824,62,55,0.0,0,0,10,0.19558930061525984,0.16666666666666666,0.3608527322386855,0.4166666666666667,0.12508730495323178,0.075,0.3184706621928226,0.3416666666666667,0.08143418132606749,0.08143418132606749,1.0,0.16954545454545455,0.42378787878787877,0.0696969696969697,0.336969696969697,0.10997000573917637,0.10997000573917637,0.0,0.17849224883726614,0.2931205390263814,0.09994654420435338,0.42844066793199914,0.06423452025802531,0.06423452025802531,0.0,0.17401885169136033,0.3584542089071301,0.08482175695066155,0.38270518245084806,0.0,0.0,1.0,0.19558930061525984,0.3608527322386855,0.12508730495323178,0.3184706621928226
12,0.07900993890182509,0.0,0.17932339443150824,59,58,0.0,0,0,10,0.19558930061525984,0.16666666666666666,0.3608527322386855,0.4166666666666667,0.12508730495323178,0.075,0.3184706621928226,0.3416666666666667,0.08143418132606749,0.08143418132606749,1.0,0.16954545454545455,0.42378787878787877,0.0696969696969697,0.336969696969697,0.10997000573917637,0.10997000573917637,0.0,0.17849224883726614,0.2931205390263814,0.09994654420435338,0.42844066793199914,0.06423452025802531,0.06423452025802531,0.0,0.17401885169136033,0.3584542089071301,0.08482175695066155,0.38270518245084806,0.0,0.0,1.0,0.19558930061525984,0.3608527322386855,0.12508730495323178,0.3184706621928226
13,0.07900993890182509,0.0,0.17932339443150824,55,61,0.0,0,0,10,0.19558930061525984,0.16666666666666666,0.3608527322386855,0.4166666666666667,0.12508730495323178,0.075,0.3184706621928226,0.3416666666666667,0.08143418132606749,0.08143418132606749,1.0,0.16954545454545455,0.42378787878787877,0.0696969696969697,0.336969696969697,0.10997000573917637,0.10997000573917637,0.0,0.17849224883726614,0.2931205390263814,0.09994654420435338,0.42844066793199914,0.06423452025802531,0.06423452025802531,0.0,0.17401885169136033,0.3584542089071301,0.08482175695066155,0.38270518245084806,0.0,0.0,1.0,0.19558930061525984,0.3608527322386855,0.12508730495323178,0.3184706621928226
14,0.07900993890182509,0.0,0.17932339443150824,60,63,0.0,0,0,10,0.19558930061525984,0.16666666666666666,0.3608527322386855,0.4166666666666667,0.12508730495323178,0.075,0.3184706621928226,0.3416666666666667,0.08143418132606749,0.08143418132606749,1.0,0.16954545454545455,0.42378787878787877,0.0696969696969697,0.336969696969697,0.10997000573917637,0.10997000573917637,0.0,0.17849224883726614,0.2931205390263814,0.09994654420435338,0.42844066793199914,0.06423452025802531,0.06423452025802531,0.0,0.17401885169136033,0.3584542089071301,0.08482175695066155,0.38270518245084806,0.0,0.0,1.0,0.19558930061525984,0.3608527322386855,0.12508730495323178,0.3184706621928226
15,0.07900993890182509,0.0,0.17932339443150824,59,64,0.0,0,0,10,0.19558930061525984,0.16666666666666666,0.3608527322386855,0.4166666666666667,0.12508730495323178,0.075,0.3184706621928226,0.3416666666666667,0.08143418132606749,0.08143418132606749,1.0,0.16954545454545455,0.42378787878787877,0.0696969696969697,0.336969696969697,0.10997000573917637,0.10997000573917637,0.0,0.17849224883726614,0.2931205390263814,0.09994654420435338,0.42844066793199914,0.06423452025802531,0.06423452025802531,0.0,0.17401885169136033,0.3584542089071301,0.08482175695066155,0.38270518245084806,0.0,0.0,1.0,0.19558930061525984,0.3608527322386855,0.12508730495323178,0.3184706621928226
16,0.07900993890182509,0.0,0.17932339443150824,74,66,0.0,0,0,10,0.19558930061525984,0.16666666666666666,0.3608527322386855,0.4166666666666667,0.12508730495323178,0.075,0.3184706621928226,0.3416666666666667,0.08143418132606749,0.08143418132606749,1.0,0.16954545454545455,0.42378787878787877,0.0696969696969697,0.336969696969697,0.10997000573917637,0.10997000573917637,0.0,0.17849224883726614,0.2931205390263814,0.09994654420435338,0.42844066793199914,0.06423452025802531,0.06423452025802531,0.0,0.17401885169136033,0.3584542089071301,0.08482175695066155,0.38270518245084806,0.0,0.0,1.0,0.19558930061525984,0.3608527322386855,0.12508730495323178,0.3184706621928226
17,0.07900993890182509,0.0,0.17932339443150824,72,68,0.0,0,0,10,0.19558930061525984,0.16666666666666666,0.3608527322386855,0.4166666666666667,0.12508730495323178,0.075,0.3184706621928226,0.3416666666666667,0.08143418132606749,0.08143418132606749,1.0,0.16954545454545455,0.42378787878787877,0.0696969696969697,0.336969696969697,0.10997000573917637,0.10997000573917637,0.0,0.17849224883726614,0.2931205390263814,0.09994654420435338,0.42844066793199914,0.06423452025802531,0.06423452025802531,0.0,0.17401885169136033,0.3584542089071301,0.08482175695066155,0.38270518245084806,0.0,0.0,1.0,0.19558930061525984,0.3608527322386855,0.12508730495323178,0.3184706621928226
18,0.07900993890182509,0.0,0.17932339443150824,69,70,0.0,0,0,10,0.19558930061525984,0.16666666666666666,0.3608527322386855,0.4166666666666667,0.12508730495323178,0.075,0.3184706621928226,0.3416666666666667,0.08143418132606749,0.08143418132606749,1.0,0.16954545454545455,0.42378787878787877,0.0696969696969697,0.336969696969697,0.10997000573917637,0.10997000573917637,0.0,0.17849224883726614,0.2931205390263814,0.09994654420435338,0.42844066793199914,0.06423452025802531,0.06423452025802531,0.0,0.17401885169136033,0.3584542089071301,0.08482175695066155,0.38270518245084806,0.0,0.0,1.0,0.19558930061525984,0.3608527322386855,0.12508730495323178,0.3184706621928226
19,0.07900993890182509,0.0,0.17932339443150824,63,72,0.0,0,0,10,0.19558930061525984,0.16666666666666666,0.3608527322386855,0.4166666666666667,0.12508730495323178,0.075,0.3184706621928226,0.3416666666666667,0.08143418132606749,0.08143418132606749,1.0,0.16954545454545455,0.42378787878787877,0.0696969696969697,0.336969696969697,0.10997000573917637,0.10997000573917637,0.0,0.17849224883726614,0.2931205390263814,0.09994654420435338,0.42844066793199914,0.06423452025802531,0.06423452025802531,0.0,0.17401885169136033,0.3584542089071301,0.08482175695066155,0.38270518245084806,0.0,0.0,1.0,0.19558930061525984,0.3608527322386855,0.12508730495323178,0.3184706621928226
20,0.07900993890182509,0.0,0.17932339443150824,79,75,0.0,0,1,20,0.19558930061525984,0.16666666666666666,0.3608527322386855,0.4166666666666667,0.12508730495323178,0.075,0.3184706621928226,0.3416666666666667,0.0803432722351584,0.0803432722351584,1.0,0.16825,0.4205833333333333,0.07208333333333333,0.33908333333333335,0.08469626440578544,0.08469626440578544,1.0,0.1581714096980364,0.4085588654795012,0.16207743611820163,0.2711922887042607,0.05371836716773162,0.05371836716773162,1.0,0.1632107048490182,0.41457109940641723,0.11708038472576748,0.305137811018797,0.0,0.0,1.0,0.19558930061525984,0.3608527322386855,0.12508730495323178,0.3184706621928226
21,0.07900993890182509,0.0,0.17932339443150824,71,77,0.0,0,0,20,0.19558930061525984,0.16666666666666666,0.3608527322386855,0.4166666666666667,0.12508730495323178,0.075,0.3184706621928226,0.3416666666666667,0.0803432722351584,0.0803432722351584,1.0,0.16825,0.4205833333333333,0.07208333333333333,0.33908333333333335,0.08469626440578544,0.08469626440578544,1.0,0.1581714096980364,0.4085588654795012,0.16207743611820163,0.2711922887042607,0.05371836716773162,0.05371836716773162,1.0,0.1632107048490182,0.41457109940641723,0.11708038472576748,0.305137811018797,0.0,0.0,1.0,0.19558930061525984,0.3608527322386855,0.12508730495323178,0.3184706621928226
22,0.07900993890182509,0.0,0.17932339443150824,79,80,0.0,0,0,20,0.19558930061525984,0.16666666666666666,0.3608527322386855,0.4166666666666667,0.12508730495323178,0.075,0.3184706621928226,0.3416666666666667,0.0803432722351584,0.0803432722351584,1.0,0.16825,0.4205833333333333,0.07208333333333333,0.33908333333333335,0.08469626440578544,0.08469626440578544,1.0,0.1581714096980364,0.4085588654795012,0.16207743611820163,0.2711922887042607,0.05371836716773162,0.05371836716773162,1.0,0.1632107048490182,0.41457109940641723,0.11708038472576748,0.305137811018797,0.0,0.0,1.0,0.19558930061525984,0.3608527322386855,0.12508730495323178,0.3184706621928226
23,0.07900993890182509,0.0,0.17932339443150824,64,83,0.0,0,0,20,0.19558930061525984,0.16666666666666666,0.3608527322386855,0.4166666666666667,0.12508730495323178,0.075,0.3184706621928226,0.3416666666666667,0.0803432722351584,0.0803432722351584,1.0,0.16825,0.4205833333333333,0.07208333333333333,0.33908333333333335,0.08469626440578544,0.08469626440578544,1.0,0.1581714096980364,0.4085588654795012,0.16207743611820163,0.2711922887042607,0.05371836716773162,0.05371836716773162,1.0,0.1632107048490182,0.41457109940641723,0.11708038472576748,0.305137811018797,0.0,0.0,1.0,0.19558930061525984,0.3608527322386855,0.12508730495323178,0.3184706621928226
24,0.07900993890182509,0.0,0.17932339443150824,63,85,0.0,0,0,20,0.19558930061525984,0.16666666666666666,0.3608527322386855,0.4166666666666667,0.12508730495323178,0.075,0.3184706621928226,0.3416666666666667,0.0803432722351584,0.0803432722351584,1.0,0.16825,0.4205833333333333,0.07208333333333333,0.33908333333333335,0.08469626440578544,0.08469626440578544,1.0,0.1581714096980364,0.4085588654795012,0.16207743611820163,0.2711922887042607,0.05371836716773162,0.05371836716773162,1.0,0.1632107048490182,0.41457109940641723,0.11708038472576748,0.305137811018797,0.0,0.0,1.0,0.19558930061525984,0.3608527322386855,0.12508730495323178,0.3184706621928226
25,0.07900993890182509,0.0,0.17932339443150824,63,86,0.0,0,0,20,0.19558930061525984,0.16666666666666666,0.3608527322386855,0.4166666666666667,0.12508730495323178,0.075,0.3184706621928226,0.3416666666666667,0.0803432722351584,0.0803432722351584,1.0,0.16825,0.4205833333333333,0.07208333333333333,0.33908333333333335,0.08469626440578544,0.08469626440578544,1.0,0.1581714096980364,0.4085588654795012,0.16207743611820163,0.2711922887042607,0.05371836716773162,0.05371836716773162,1.0,0.1632107048490182,0.41457109940641723,0.11708038472576748,0.305137811018797,0.0,0.0,1.0,0.19558930061525984,0.3608527322386855,0.12508730495323178,0.3184706621928226
26,0.07900993890182509,0.0,0.17932339443150824,60,89,0.0,0,0,20,0.19558930061525984,0.16666666666666666,0.3608527322386855,0.4166666666666667,0.12508730495323178,0.075,0.3184706621928226,0.3416666666666667,0.0803432722351584,0.0803432722351584,1.0,0.16825,0.4205833333333333,0.07208333333333333,0.33908333333333335,0.08469626440578544,0.08469626440578544,1.0,0.1581714096980364,0.4085588654795012,0.16207743611820163,0.2711922887042607,0.05371836716773162,0.05371836716773162,1.0,0.1632107048490182,0.41457109940641723,0.11708038472576748,0.305137811018797,0.0,0.0,1.0,0.19558930061525984,0.3608527322386855,0.12508730495323178,0.3184706621928226
27,0.07900993890182509,0.0,0.17932339443150824,72,91,0.0,0,0,20,0.19558930061525984,0.16666666666666666,0.3608527322386855,0.4166666666666667,0.12508730495323178,0.075,0.3184706621928226,0.3416666666666667,0.0803432722351584,0.0803432722351584,1.0,0.16825,0.4205833333333333,0.07208333333333333,0.33908333333333335,0.08469626440578544,0.08469626440578544,1.0,0.1581714096980364,0.4085588654795012,0.16207743611820163,0.2711922887042607,0.05371836716773162,0.05371836716773162,1.0,0.1632107048490182,0.41457109940641723,0.11708038472576748,0.305137811018797,0.0,0.0,1.0,0.19558930061525984,0.3608527322386855,0.12508730495323178,0.3184706621928226
28,0.07900993890182509,0.0,0.17932339443150824,68,92,0.0,0,0,20,0.19558930061525984,0.16666666666666666,0.3608527322386855,0.4166666666666667,0.12508730495323178,0.075,0.3184706621928226,0.3416666666666667,0.0803432722351584,0.0803432722351584,1.0,0.16825,0.4205833333333333,0.07208333333333333,0.33908333333333335,0.08469626440578544,0.08469626440578544,1.0,0.1581714096980364,0.4085588654795012,0.16207743611820163,0.2711922887042607,0.05371836716773162,0.05371836716773162,1.0,0.1632107048490182,0.41457109940641723,0.11708038472576748,0.305137811018797,0.0,0.0,1.0,0.19558930061525984,0.3608527322386855,0.12508730495323178,0.3184706621928226
29,0.07900993890182509,0.0,0.17932339443150824,58,93,0.0,0,0,20,0.19558930061525984,0.16666666666666666,0.3608527322386855,0.4166666666666667,0.12508730495323178,0.075,0.3184706621928226,0.3416666666666667,0.0803432722351584,0.0803432722351584,1.0,0.16825,0.4205833333333333,0.07208333333333333,0.33908333333333335,0.08469626440578544,0.08469626440578544,1.0,0.1581714096980364,0.4085588654795012,0.16207743611820163,0.2711922887042607,0.05371836716773162,0.05371836716773162,1.0,0.1632107048490182,0.41457109940641723,0.11708038472576748,0.305137811018797,0.0,0.0,1.0,0.19558930061525984,0.3608527322386855,0.12508730495323178,0.3184706621928226
30,0.07900993890182509,0.0,0.17932339443150824,68,96,0.0,0,1,30,0.19558930061525984,0.16666666666666666,0.3608527322386855,0.4166666666666667,0.12508730495323178,0.075,0.3184706621928226,0.3416666666666667,0.07900993890182509,0.07900993890182509,1.0,0.16666666666666666,0.4166666666666667,0.075,0.3416666666666667,0.07751075403241955,0.07751075403241955,1.0,0.12537466570052583,0.3805876969705346,0.18286309425380243,0.3111745430751372,0.04956863443166375,0.04956863443166375,1.0,0.14602066618359624,0.39862718181860063,0.12893154712690122,0.32642060487090196,0.0,0.0,1.0,0.19558930061525984,0.3608527322386855,0.12508730495323178,0.3184706621928226
31,0.07900993890182509,0.0,0.17932339443150824,73,96,0.0,0,0,30,0.19558930061525984,0.16666666666666666,0.3608527322386855,0.4166666666666667,0.12508730495323178,0.075,0.3184706621928226,0.3416666666666667,0.07900993890182509,0.07900993890182509,1.0,0.16666666666666666,0.4166666666666667,0.075,0.3416666666666667,0.07751075403241955,0.07751075403241955,1.0,0.12537466570052583,0.3805876969705346,0.18286309425380243,0.3111745430751372,0.04956863443166375,0.04956863443166375,1.0,0.14602066618359624,0.39862718181860063,0.12893154712690122,0.32642060487090196,0.0,0.0,1.0,0.19558930061525984,0.3608527322386855,0.12508730495323178,0.3184706621928226
32,0.07900993890182509,0.0,0.17932339443150824,70,97,0.0,0,0,30,0.19558930061525984,0.16666666666666666,0.3608527322386855,0.4166666666666667,0.12508730495323178,0.075,0.3184706621928226,0.3416666666666667,0.07900993890182509,0.07900993890182509,1.0,0.16666666666666666,0.4166666666666667,0.075,0.3416666666666667,0.07751075403241955,0.07751075403241955,1.0,0.12537466570052583,0.3805876969705346,0.18286309425380243,0.3111745430751372,0.04956863443166375,0.04956863443166375,1.0,0.14602066618359624,0.39862718181860063,0.12893154712690122,0.32642060487090196,0.0,0.0,1.0,0.19558930061525984,0.3608527322386855,0.12508730495323178,0.3184706621928226
33,0.07900993890182509,0.0,0.17932339443150824,70,98,0.0,0,0,30,0.19558930061525984,0.16666666666666666,0.3608527322386855,0.4166666666666667,0.12508730495323178,0.075,0.3184706621928226,0.3416666666666667,0.07900993890182509,0.07900993890182509,1.0,0.16666666666666666,0.4166666666666667,0.075,0.3416666666666667,0.07751075403241955,0.07751075403241955,1.0,0.12537466570052583,0.3805876969705346,0.18286309425380243,0.3111745430751372,0.04956863443166375,0.04956863443166375,1.0,0.14602066618359624,0.39862718181860063,0.12893154712690122,0.32642060487090196,0.0,0.0,1.0,0.19558930061525984,0.3608527322386855,0.12508730495323178,0.3184706621928226
34,0.07900993890182509,0.0,0.17932339443150824,62,100,0.0,0,0,30,0.19558930061525984,0.16666666666666666,0.3608527322386855,0.4166666666666667,0.12508730495323178,0.075,0.3184706621928226,0.3416666666666667,0.07900993890182509,0.07900993890182509,1.0,0.16666666666666666,0.4166666666666667,0.075,0.3416666666666667,0.07751075403241955,0.07751075403241955,1.0,0.12537466570052583,0.3805876969705346,0.18286309425380243,0.3111745430751372,0.04956863443166375,0.04956863443166375,1.0,0.14602066618359624,0.39862718181860063,0.12893154712690122,0.32642060487090196,0.0,0.0,1.0,0.19558930061525984,0.3608527322386855,0.12508730495323178,0.3184706621928226
35,0.07900993890182509,0.0,0.17932339443150824,58,101,0.0,0,0,30,0.19558930061525984,0.16666666666666666,0.3608527322386855,0.4166666666666667,0.12508730495323178,0.075,0.3184706621928226,0.3416666666666667,0.07900993890182509,0.07900993890182509,1.0,0.16666666666666666,0.4166666666666667,0.075,0.3416666666666667,0.07751075403241955,0.07751075403241955,1.0,0.12537466570052583,0.3805876969705346,0.18286309425380243,0.3111745430751372,0.04956863443166375,0.04956863443166375,1.0,0.14602066618359624,0.39862718181860063,0.12893154712690122,0.32642060487090196,0.0,0.0,1.0,0.19558930061525984,0.3608527322386855,0.12508730495323178,0.3184706621928226
36,0.07900993890182509,0.0,0.17932339443150824,66,102,0.0,0,0,30,0.19558930061525984,0.16666666666666666,0.3608527322386855,0.4166666666666667,0.12508730495323178,0.075,0.3184706621928226,0.3416666666666667,0.07900993890182509,0.07900993890182509,1.0,0.16666666666666666,0.4166666666666667,0.075,0.3416666666666667,0.07751075403241955,0.07751075403241955,1.0,0.12537466570052583,0.3805876969705346,0.18286309425380243,0.3111745430751372,0.04956863443166375,0.04956863443166375,1.0,0.14602066618359624,0.39862718181860063,0.12893154712690122,0.32642060487090196,0.0,0.0,1.0,0.19558930061525984,0.3608527322386855,0.12508730495323178,0.3184706621928226
37,0.07900993890182509,0.0,0.17932339443150824,53,103,0.0,0,0,30,0.19558930061525984,0.16666666666666666,0.3608527322386855,0.4166666666666667,0.12508730495323178,0.075,0.3184706621928226,0.3416666666666667,0.07900993890182509,0.07900993890182509,1.0,0.16666666666666666,0.4166666666666667,0.075,0.3416666666666667,0.07751075403241955,0.07751075403241955,1.0,0.12537466570052583,0.3805876969705346,0.18286309425380243,0.3111745430751372,0.04956863443166375,0.04956863443166375,1.0,0.14602066618359624,0.39862718181860063,0.12893154712690122,0.32642060487090196,0.0,0.0,1.0,0.19558930061525984,0.3608527322386855,0.12508730495323178,0.3184706621928226
38,0.07900993890182509,0.0,0.17932339443150824,70,105,0.0,0,0,30,0.19558930061525984,0.16666666666666666,0.3608527322386855,0.4166666666666667,0.12508730495323178,0.075,0.3184706621928226,0.3416666666666667,0.07900993890182509,0.07900993890182509,1.0,0.16666666666666666,0.4166666666666667,0.075,0.3416666666666667,0.07751075403241955,0.07751075403241955,1.0,0.12537466570052583,0.3805876969705346,0.18286309425380243,0.3111745430751372,0.04956863443166375,0.04956863443166375,1.0,0.14602066618359624,0.39862718181860063,0.12893154712690122,0.32642060487090196,0.0,0.0,1.0,0.19558930061525984,0.3608527322386855,0.12508730495323178,0.3184706621928226
39,0.07900993890182509,0.0,0.17932339443150824,52,107,0.0,0,0,30,0.19558930061525984,0.16666666666666666,0.3608527322386855,0.4166666666666667,0.12508730495323178,0.075,0.3184706621928226,0.3416666666666667,0.07900993890182509,0.07900993890182509,1.0,0.16666666666666666,0.4166666666666667,0.075,0.3416666666666667,0.07751075403241955,0.07751075403241955,1.0,0.12537466570052583,0.3805876969705346,0.18286309425380243,0.3111745430751372,0.04956863443166375,0.04956863443166375,1.0,0.14602066618359624,0.39862718181860063,0.12893154712690122,0.32642060487090196,0.0,0.0,1.0,0.19558930061525984,0.3608527322386855,0.12508730495323178,0.3184706621928226
40,0.07900993890182509,0.0,0.17932339443150824,66,108,0.0,0,1,40,0.19558930061525984,0.16666666666666666,0.3608527322386855,0.4166666666666667,0.12508730495323178,0.075,0.3184706621928226,0.3416666666666667,0.07900993890182509,0.07900993890182509,1.0,0.16666666666666666,0.4166666666666667,0.075,0.3416666666666667,0.14676210059551903,0.14676210059551903,1.0,0.15835958878397982,0.47962907461382626,0.15307306317361016,0.20893827342858365,0.08729513840156086,0.08729513840156086,1.0,0.16251312772532323,0.44814787064024647,0.11403653158680507,0.27530247004762515,0.0,0.0,1.0,0.19558930061525984,0.3608527322386855,0.12508730495323178,0.3184706621928226
41,0.07900993890182509,0.0,0.17932339443150824,65,111,0.0,0,0,40,0.19558930061525984,0.16666666666666666,0.3608527322386855,0.4166666666666667,0.12508730495323178,0.075,0.3184706621928226,0.3416666666666667,0.07900993890182509,0.07900993890182509,1.0,0.16666666666666666,0.4166666666666667,0.075,0.3416666666666667,0.14676210059551903,0.14676210059551903,1.0,0.15835958878397982,0.47962907461382626,0.15307306317361016,0.20893827342858365,0.08729513840156086,0.08729513840156086,1.0,0.16251312772532323,0.44814787064024647,0.11403653158680507,0.27530247004762515,0.0,0.0,1.0,0.19558930061525984,0.3608527322386855,0.12508730495323178,0.3184706621928226
42,0.07900993890182509,0.0,0.17932339443150824,60,113,0.0,0,0,40,0.19558930061525984,0.16666666666666666,0.3608527322386855,0.4166666666666667,0.12508730495323178,0.075,0.3184706621928226,0.3416666666666667,0.07900993890182509,0.07900993890182509,1.0,0.16666666666666666,0.4166666666666667,0.075,0.3416666666666667,0.14676210059551903,0.14676210059551903,1.0,0.15835958878397982,0.47962907461382626,0.15307306317361016,0.20893827342858365,0.08729513840156086,0.08729513840156086,1.0,0.16251312772532323,0.44814787064024647,0.11403653158680507,0.27530247004762515,0.0,0.0,1.0,0.19558930061525984,0.3608527322386855,0.12508730495323178,0.3184706621928226
43,0.07900993890182509,0.0,0.17932339443150824,84,114,0.0,0,0,40,0.19558930061525984,0.16666666666666666,0.3608527322386855,0.4166666666666667,0.12508730495323178,0.075,0.3184706621928226,0.3416666666666667,0.07900993890182509,0.07900993890182509,1.0,0.16666666666666666,0.4166666666666667,0.075,0.3416666666666667,0.14676210059551903,0.14676210059551903,1.0,0.15835958878397982,0.47962907461382626,0.15307306317361016,0.20893827342858365,0.08729513840156086,0.08729513840156086,1.0,0.16251312772532323,0.44814787064024647,0.11403653158680507,0.27530247004762515,0.0,0.0,1.0,0.19558930061525984,0.3608527322386855,0.12508730495323178,0.3184706621928226
44,0.07900993890182509,0.0,0.17932339443150824,53,117,0.0,0,0,40,0.19558930061525984,0.16666666666666666,0.3608527322386855,0.4166666666666667,0.12508730495323178,0.075,0.3184706621928226,0.3416666666666667,0.07900993890182509,0.07900993890182509,1.0,0.16666666666666666,0.4166666666666667,0.075,0.3416666666666667,0.14676210059551903,0.14676210059551903,1.0,0.15835958878397982,0.47962907461382626,0.15307306317361016,0.20893827342858365,0.08729513840156086,0.08729513840156086,1.0,0.16251312772532323,0.44814787064024647,0.11403653158680507,0.27530247004762515,0.0,0.0,1.0,0.19558930061525984,0.3608527322386855,0.12508730495323178,0.3184706621928226
45,0.07900993890182509,0.0,0.17932339443150824,75,118,0.0,0,0,40,0.19558930061525984,0.16666666666666666,0.3608527322386855,0.4166666666666667,0.12508730495323178,0.075,0.3184706621928226,0.3416666666666667,0.07900993890182509,0.07900993890182509,1.0,0.16666666666666666,0.4166666666666667,0.075,0.3416666666666667,0.14676210059551903,0.14676210059551903,1.0,0.15835958878397982,0.47962907461382626,0.15307306317361016,0.20893827342858365,0.08729513840156086,0.08729513840156086,1.0,0.16251312772532323,0.44814787064024647,0.11403653158680507,0.27530247004762515,0.0,0.0,1.0,0.19558930061525984,0.3608527322386855,0.12508730495323178,0.3184706621928226
46,0.07900993890182509,0.0,0.17932339443150824,63,120,0.0,0,0,40,0.19558930061525984,0.16666666666666666,0.3608527322386855,0.4166666666666667,0.12508730495323178,0.075,0.3184706621928226,0.3416666666666667,0.07900993890182509,0.07900993890182509,1.0,0.16666666666666666,0.4166666666666667,0.075,0.3416666666666667,0.14676210059551903,0.14676210059551903,1.0,0.15835958878397982,0.47962907461382626,0.15307306317361016,0.20893827342858365,0.08729513840156086,0.08729513840156086,1.0,0.16251312772532323,0.44814787064024647,0.11403653158680507,0.27530247004762515,0.0,0.0,1.0,0.19558930061525984,0.3608527322386855,0.12508730495323178,0.3184706621928226
47,0.07900993890182509,0.0,0.17932339443150824,61,122,0.0,0,0,40,0.19558930061525984,0.16666666666666666,0.3608527322386855,0.4166666666666667,0.12508730495323178,0.075,0.3184706621928226,0.3416666666666667,0.07900993890182509,0.07900993890182509,1.0,0.16666666666666666,0.4166666666666667,0.075,0.3416666666666667,0.14676210059551903,0.14676210059551903,1.0,0.15835958878397982,0.47962907461382626,0.15307306317361016,0.20893827342858365,0.08729513840156086,0.08729513840156086,1.0,0.16251312772532323,0.44814787064024647,0.11403653158680507,0.27530247004762515,0.0,0.0,1.0,0.19558930061525984,0.3608527322386855,0.12508730495323178,0.3184706621928226
48,0.07900993890182509,0.0,0.17932339443150824,77,123,0.0,0,0,40,0.19558930061525984,0.16666666666666666,0.3608527322386855,0.4166666666666667,0.12508730495323178,0.075,0.3184706621928226,0.3416666666666667,0.07900993890182509,0.07900993890182509,1.0,0.16666666666666666,0.4166666666666667,0.075,0.3416666666666667,0.14676210059551903,0.14676210059551903,1.0,0.15835958878397982,0.47962907461382626,0.15307306317361016,0.20893827342858365,0.08729513840156086,0.08729513840156086,1.0,0.16251312772532323,0.44814787064024647,0.11403653158680507,0.27530247004762515,0.0,0.0,1.0,0.19558930061525984,0.3608527322386855,0.12508730495323178,0.3184706621928226
49,0.07900993890182509,0.0,0.17932339443150824,77,124,0.0,0,0,40,0.19558930061525984,0.16666666666666666,0.3608527322386855,0.4166666666666667,0.12508730495323178,0.075,0.3184706621928226,0.3416666666666667,0.07900993890182509,0.07900993890182509,1.0,0.16666666666666666,0.4166666666666667,0.075,0.3416666666666667,0.14676210059551903,0.14676210059551903,1.0,0.15835958878397982,0.47962907461382626,0.15307306317361016,0.20893827342858365,0.08729513840156086,0.08729513840156086,1.0,0.16251312772532323,0.44814787064024647,0.11403653158680507,0.27530247004762515,0.0,0.0,1.0,0.19558930061525984,0.3608527322386855,0.12508730495323178,0.3184706621928226
50,0.07900993890182509,0.0,0.17932339443150824,65,125,0.0,0,1,50,0.19558930061525984,0.16666666666666666,0.3608527322386855,0.4166666666666667,0.12508730495323178,0.075,0.3184706621928226,0.3416666666666667,0.07900993890182509,0.07900993890182509,1.0,0.16666666666666666,0.4166666666666667,0.075,0.3416666666666667,0.04545238109669516,0.04545238109669516,1.0,0.20955364225206943,0.368190722120259,0.07963492385653671,0.3426207117711348,0.055248989180855315,0.055248989180855315,1.0,0.18811015445936805,0.39242869439346284,0.07731746192826836,0.3421436892189007,0.0,0.0,1.0,0.19558930061525984,0.3608527322386855,0.12508730495323178,0.3184706621928226
51,0.07900993890182509,0.0,0.17932339443150824,77,126,0.0,0,0,50,0.19558930061525984,0.16666666666666666,0.3608527322386855,0.4166666666666667,0.12508730495323178,0.075,0.3184706621928226,0.3416666666666667,0.07900993890182509,0.07900993890182509,1.0,0.16666666666666666,0.4166666666666667,0.075,0.3416666666666667,0.04545238109669516,0.04545238109669516,1.0,0.20955364225206943,0.368190722120259,0.07963492385653671,0.3426207117711348,0.055248989180855315,0.055248989180855315,1.0,0.18811015445936805,0.39242869439346284,0.07731746192826836,0.3421436892189007,0.0,0.0,1.0,0.19558930061525984,0.3608527322386855,0.12508730495323178,0.3184706621928226
52,0.07900993890182509,0.0,0.17932339443150824,63,126,0.0,0,0,50,0.19558930061525984,0.16666666666666666,0.3608527322386855,0.4166666666666667,0.12508730495323178,0.075,0.3184706621928226,0.3416666666666667,0.07900993890182509,0.07900993890182509,1.0,0.16666666666666666,0.4166666666666667,0.075,0.3416666666666667,0.04545238109669516,0.04545238109669516,1.0,0.20955364225206943,0.368190722120259,0.07963492385653671,0.3426207117711348,0.055248989180855315,0.055248989180855315,1.0,0.18811015445936805,0.39242869439346284,0.07731746192826836,0.3421436892189007,0.0,0.0,1.0,0.19558930061525984,0.3608527322386855,0.12508730495323178,0.3184706621928226
53,0.07900993890182509,0.0,0.17932339443150824,55,127,0.0,0,0,50,0.19558930061525984,0.16666666666666666,0.3608527322386855,0.4166666666666667,0.12508730495323178,0.075,0.3184706621928226,0.3416666666666667,0.07900993890182509,0.07900993890182509,1.0,0.16666666666666666,0.4166666666666667,0.075,0.3416666666666667,0.04545238109669516,0.04545238109669516,1.0,0.20955364225206943,0.368190722120259,0.07963492385653671,0.3426207117711348,0.055248989180855315,0.055248989180855315,1.0,0.18811015445936805,0.39242869439346284,0.07731746192826836,0.3421436892189007,0.0,0.0,1.0,0.19558930061525984,0.3608527322386855,0.12508730495323178,0.3184706621928226
54,0.07900993890182509,0.0,0.17932339443150824,59,128,0.0,0,0,50,0.19558930061525984,0.16666666666666666,0.3608527322386855,0.4166666666666667,0.12508730495323178,0.075,0.3184706621928226,0.3416666666666667,0.07900993890182509,0.07900993890182509,1.0,0.16666666666666666,0.4166666666666667,0.075,0.3416666666666667,0.04545238109669516,0.04545238109669516,1.0,0.20955364225206943,0.368190722120259,0.07963492385653671,0.3426207117711348,0.055248989180855315,0.055248989180855315,1.0,0.18811015445936805,0.39242869439346284,0.07731746192826836,0.3421436892189007,0.0,0.0,1.0,0.19558930061525984,0.3608527322386855,0.12508730495323178,0.3184706621928226
55,0.07900993890182509,0.0,0.17932339443150824,71,129,0.0,0,0,50,0.19558930061525984,0.16666666666666666,0.3608527322386855,0.4166666666666667,0.12508730495323178,0.075,0.3184706621928226,0.3416666666666667,0.07900993890182509,0.07900993890182509,1.0,0.16666666666666666,0.4166666666666667,0.075,0.3416666666666667,0.04545238109669516,0.04545238109669516,1.0,0.20955364225206943,0.368190722120259,0.07963492385653671,0.3426207117711348,0.055248989180855315,0.055248989180855315,1.0,0.18811015445936805,0.39242869439346284,0.07731746192826836,0.3421436892189007,0.0,0.0,1.0,0.19558930061525984,0.3608527322386855,0.12508730495323178,0.3184706621928226
56,0.07900993890182509,0.0,0.17932339443150824,60,131,0.0,0,0,50,0.19558930061525984,0.16666666666666666,0.3608527322386855,0.4166666666666667,0.12508730495323178,0.075,0.3184706621928226,0.3416666666666667,0.07900993890182509,0.07900993890182509,1.0,0.16666666666666666,0.4166666666666667,0.075,0.3416666666666667,0.04545238109669516,0.04545238109669516,1.0,0.20955364225206943,0.368190722120259,0.07963492385653671,0.3426207117711348,0.055248989180855315,0.055248989180855315,1.0,0.18811015445936805,0.39242869439346284,0.07731746192826836,0.3421436892189007,0.0,0.0,1.0,0.19558930061525984,0.3608527322386855,0.12508730495323178,0.3184706621928226
57,0.07900993890182509,0.0,0.17932339443150824,72,133,0.0,0,0,50,0.19558930061525984,0.16666666666666666,0.3608527322386855,0.4166666666666667,0.12508730495323178,0.075,0.3184706621928226,0.3416666666666667,0.07900993890182509,0.07900993890182509,1.0,0.16666666666666666,0.4166666666666667,0.075,0.3416666666666667,0.04545238109669516,0.04545238109669516,1.0,0.20955364225206943,0.368190722120259,0.07963492385653671,0.3426207117711348,0.055248989180855315,0.055248989180855315,1.0,0.18811015445936805,0.39242869439346284,0.07731746192826836,0.3421436892189007,0.0,0.0,1.0,0.19558930061525984,0.3608527322386855,0.12508730495323178,0.3184706621928226
58,0.07900993890182509,0.0,0.17932339443150824,71,133,0.0,0,0,50,0.19558930061525984,0.16666666666666666,0.3608527322386855,0.4166666666666667,0.12508730495323178,0.075,0.3184706621928226,0.3416666666666667,0.07900993890182509,0.07900993890182509,1.0,0.16666666666666666,0.4166666666666667,0.075,0.3416666666666667,0.04545238109669516,0.04545238109669516,1.0,0.20955364225206943,0.368190722120259,0.07963492385653671,0.3426207117711348,0.055248989180855315,0.055248989180855315,1.0,0.18811015445936805,0.39242869439346284,0.07731746192826836,0.3421436892189007,0.0,0.0,1.0,0.19558930061525984,0.3608527322386855,0.12508730495323178,0.3184706621928226
59,0.07900993890182509,0.0,0.17932339443150824,61,135,0.0,0,0,50,0.19558930061525984,0.16666666666666666,0.3608527322386855,0.4166666666666667,0.12508730495323178,0.075,0.3184706621928226,0.3416666666666667,0.07900993890182509,0.07900993890182509,1.0,0.16666666666666666,0.4166666666666667,0.075,0.3416666666666667,0.04545238109669516,0.04545238109669516,1.0,0.20955364225206943,0.368190722120259,0.07963492385653671,0.3426207117711348,0.055248989180855315,0.055248989180855315,1.0,0.18811015445936805,0.39242869439346284,0.07731746192826836,0.3421436892189007,0.0,0.0,1.0,0.19558930061525984,0.3608527322386855,0.12508730495323178,0.3184706621928226
60,0.07900993890182509,0.0,0.17932339443150824,65,137,0.0,0,1,60,0.19558930061525984,0.16666666666666666,0.3608527322386855,0.4166666666666667,0.12508730495323178,0.075,0.3184706621928226,0.3416666666666667,0.07900993890182509,0.07900993890182509,1.0,0.16666666666666666,0.4166666666666667,0.075,0.3416666666666667,0.08099884504207991,0.08099884504207991,1.0,0.12999781904815041,0.40372428235447133,0.10967994147826142,0.35659795711911685,0.0800043919719525,0.0800043919719525,1.0,0.14833224285740854,0.41019547451056904,0.09233997073913071,0.34913231189289173,0.0,0.0,1.0,0.19558930061525984,0.3608527322386855,0.12508730495323178,0.3184706621928226
61,0.07900993890182509,0.0,0.17932339443150824,72,138,0.0,0,0,60,0.19558930061525984,0.16666666666666666,0.3608527322386855,0.4166666666666667,0.12508730495323178,0.075,0.3184706621928226,0.3416666666666667,0.07900993890182509,0.07900993890182509,1.0,0.16666666666666666,0.4166666666666667,0.075,0.3416666666666667,0.08099884504207991,0.08099884504207991,1.0,0.12999781904815041,0.40372428235447133,0.10967994147826142,0.35659795711911685,0.0800043919719525,0.0800043919719525,1.0,0.14833224285740854,0.41019547451056904,0.09233997073913071,0.34913231189289173,0.0,0.0,1.0,0.19558930061525984,0.3608527322386855,0.12508730495323178,0.3184706621928226
62,0.07900993890182509,0.0,0.17932339443150824,57,140,0.0,0,0,60,0.19558930061525984,0.16666666666666666,0.3608527322386855,0.4166666666666667,0.12508730495323178,0.075,0.3184706621928226,0.3416666666666667,0.07900993890182509,0.07900993890182509,1.0,0.16666666666666666,0.4166666666666667,0.075,0.3416666666666667,0.08099884504207991,0.08099884504207991,1.0,0.12999781904815041,0.40372428235447133,0.10967994147826142,0.35659795711911685,0.0800043919719525,0.0800043919719525,1.0,0.14833224285740854,0.41019547451056904,0.09233997073913071,0.34913231189289173,0.0,0.0,1.0,0.19558930061525984,0.3608527322386855,0.12508730495323178,0.3184706621928226
63,0.07900993890182509,0.0,0.17932339443150824,68,141,0.0,0,0,60,0.19558930061525984,0.16666666666666666,0.3608527322386855,0.4166666666666667,0.12508730495323178,0.075,0.3184706621928226,0.3416666666666667,0.07900993890182509,0.07900993890182509,1.0,0.16666666666666666,0.4166666666666667,0.075,0.3416666666666667,0.08099884504207991,0.08099884504207991,1.0,0.12999781904815041,0.40372428235447133,0.10967994147826142,0.35659795711911685,0.0800043919719525,0.0800043919719525,1.0,0.14833224285740854,0.41019547451056904,0.09233997073913071,0.34913231189289173,0.0,0.0,1.0,0.19558930061525984,0.3608527322386855,0.12508730495323178,0.3184706621928226
64,0.07900993890182509,0.0,0.17932339443150824,63,141,0.0,0,0,60,0.19558930061525984,0.16666666666666666,0.3608527322386855,0.4166666666666667,0.12508730495323178,0.075,0.3184706621928226,0.3416666666666667,0.07900993890182509,0.07900993890182509,1.0,0.16666666666666666,0.4166666666666667,0.075,0.3416666666666667,0.08099884504207991,0.08099884504207991,1.0,0.12999781904815041,0.40372428235447133,0.10967994147826142,0.35659795711911685,0.0800043919719525,0.0800043919719525,1.0,0.14833224285740854,0.41019547451056904,0.09233997073913071,0.34913231189289173,0.0,0.0,1.0,0.19558930061525984,0.3608527322386855,0.12508730495323178,0.3184706621928226
65,0.07900993890182509,0.0,0.17932339443150824,65,141,0.0,0,0,60,0.19558930061525984,0.16666666666666666,0.3608527322386855,0.4166666666666667,0.12508730495323178,0.075,0.3184706621928226,0.3416666666666667,0.07900993890182509,0.07900993890182509,1.0,0.16666666666666666,0.4166666666666667,0.075,0.3416666666666667,0.08099884504207991,0.08099884504207991,1.0,0.12999781904815041,0.40372428235447133,0.10967994147826142,0.35659795711911685,0.0800043919719525,0.0800043919719525,1.0,0.14833224285740854,0.41019547451056904,0.09233997073913071,0.34913231189289173,0.0,0.0,1.0,0.19558930061525984,0.3608527322386855,0.12508730495323178,0.3184706621928226
66,0.07900993890182509,0.0,0.17932339443150824,62,142,0.0,0,0,60,0.19558930061525984,0.16666666666666666,0.3608527322386855,0.4166666666666667,0.12508730495323178,0.075,0.3184706621928226,0.3416666666666667,0.07900993890182509,0.07900993890182509,1.0,0.16666666666666666,0.4166666666666667,0.075,0.3416666666666667,0.08099884504207991,0.08099884504207991,1.0,0.12999781904815041,0.40372428235447133,0.10967994147826142,0.35659795711911685,0.0800043919719525,0.0800043919719525,1.0,0.14833224285740854,0.41019547451056904,0.09233997073913071,0.34913231189289173,0.0,0.0,1.0,0.19558930061525984,0.3608527322386855,0.12508730495323178,0.3184706621928226
67,0.07900993890182509,0.0,0.17932339443150824,60,142,0.0,0,0,60,0.19558930061525984,0.16666666666666666,0.3608527322386855,0.4166666666666667,0.12508730495323178,0.075,0.3184706621928226,0.3416666666666667,0.07900993890182509,0.07900993890182509,1.0,0.16666666666666666,0.4166666666666667,0.075,0.3416666666666667,0.08099884504207991,0.08099884504207991,1.0,0.12999781904815041,0.40372428235447133,0.10967994147826142,0.35659795711911685,0.0800043919719525,0.0800043919719525,1.0,0.14833224285740854,0.41019547451056904,0.09233997073913071,0.34913231189289173,0.0,0.0,1.0,0.19558930061525984,0.3608527322386855,0.12508730495323178,0.3184706621928226
68,0.07900993890182509,0.0,0.17932339443150824,83,142,0.0,0,0,60,0.19558930061525984,0.16666666666666666,0.3608527322386855,0.4166666666666667,0.12508730495323178,0.075,0.3184706621928226,0.3416666666666667,0.07900993890182509,0.07900993890182509,1.0,0.16666666666666666,0.4166666666666667,0.075,0.3416666666666667,0.08099884504207991,0.08099884504207991,1.0,0.12999781904815041,0.40372428235447133,0.10967994147826142,0.35659795711911685,0.0800043919719525,0.0800043919719525,1.0,0.14833224285740854,0.41019547451056904,0.09233997073913071,0.34913231189289173,0.0,0.0,1.0,0.19558930061525984,0.3608527322386855,0.12508730495323178,0.3184706621928226
69,0.07900993890182509,0.0,0.17932339443150824,62,143,0.0,0,0,60,0.19558930061525984,0.16666666666666666,0.3608527322386855,0.4166666666666667,0.12508730495323178,0.075,0.3184706621928226,0.3416666666666667,0.07900993890182509,0.07900993890182509,1.0,0.16666666666666666,0.4166666666666667,0.075,0.3416666666666667,0.08099884504207991,0.08099884504207991,1.0,0.12999781904815041,0.40372428235447133,0.10967994147826142,0.35659795711911685,0.0800043919719525,0.0800043919719525,1.0,0.14833224285740854,0.41019547451056904,0.09233997073913071,0.34913231189289173,0.0,0.0,1.0,0.19558930061525984,0.3608527322386855,0.12508730495323178,0.3184706621928226
70,0.07900993890182509,0.0,0.17932339443150824,56,145,0.0,0,1,70,0.19558930061525984,0.16666666666666666,0.3608527322386855,0.4166666666666667,0.12508730495323178,0.075,0.3184706621928226,0.3416666666666667,0.07900993890182509,0.07900993890182509,1.0,0.16666666666666666,0.4166666666666667,0.075,0.3416666666666667,0.05858206614927767,0.05858206614927767,1.0,0.22732361720457117,0.3505696484470429,0.07678832259559683,0.34531841175278905,0.049193143655433494,0.049193143655433494,1.0,0.1969951419356189,0.3836181575568548,0.07589416129779841,0.3434925392097279,0.0,0.0,1.0,0.19558930061525984,0.3608527322386855,0.12508730495323178,0.3184706621928226
71,0.07900993890182509,0.0,0.17932339443150824,78,147,0.0,0,0,70,0.19558930061525984,0.16666666666666666,0.3608527322386855,0.4166666666666667,0.12508730495323178,0.075,0.3184706621928226,0.3416666666666667,0.07900993890182509,0.07900993890182509,1.0,0.16666666666666666,0.4166666666666667,0.075,0.3416666666666667,0.05858206614927767,0.05858206614927767,1.0,0.22732361720457117,0.3505696484470429,0.07678832259559683,0.34531841175278905,0.049193143655433494,0.049193143655433494,1.0,0.1969951419356189,0.3836181575568548,0.07589416129779841,0.3434925392097279,0.0,0.0,1.0,0.19558930061525984,0.3608527322386855,0.12508730495323178,0.3184706621928226
72,0.07900993890182509,0.0,0.17932339443150824,73,148,0.0,0,0,70,0.19558930061525984,0.16666666666666666,0.3608527322386855,0.4166666666666667,0.12508730495323178,0.075,0.3184706621928226,0.3416666666666667,0.07900993890182509,0.07900993890182509,1.0,0.16666666666666666,0.4166666666666667,0.075,0.3416666666666667,0.05858206614927767,0.05858206614927767,1.0,0.22732361720457117,0.3505696484470429,0.07678832259559683,0.34531841175278905,0.049193143655433494,0.049193143655433494,1.0,0.1969951419356189,0.3836181575568548,0.07589416129779841,0.3434925392097279,0.0,0.0,1.0,0.19558930061525984,0.3608527322386855,0.12508730495323178,0.3184706621928226
73,0.07900993890182509,0.0,0.17932339443150824,58,149,0.0,0,0,70,0.19558930061525984,0.16666666666666666,0.3608527322386855,0.4166666666666667,0.12508730495323178,0.075,0.3184706621928226,0.3416666666666667,0.07900993890182509,0.07900993890182509,1.0,0.16666666666666666,0.4166666666666667,0.075,0.3416666666666667,0.05858206614927767,0.05858206614927767,1.0,0.22732361720457117,0.3505696484470429,0.07678832259559683,0.34531841175278905,0.049193143655433494,0.049193143655433494,1.0,0.1969951419356189,0.3836181575568548,0.07589416129779841,0.3434925392097279,0.0,0.0,1.0,0.19558930061525984,0.3608527322386855,0.12508730495323178,0.3184706621928226
74,0.07900993890182509,0.0,0.17932339443150824,61,150,0.0,0,0,70,0.19558930061525984,0.16666666666666666,0.3608527322386855,0.4166666666666667,0.12508730495323178,0.075,0.3184706621928226,0.3416666666666667,0.07900993890182509,0.07900993890182509,1.0,0.16666666666666666,0.4166666666666667,0.075,0.3416666666666667,0.05858206614927767,0.05858206614927767,1.0,0.22732361720457117,0.3505696484470429,0.07678832259559683,0.34531841175278905,0.049193143655433494,0.049193143655433494,1.0,0.1969951419356189,0.3836181575568548,0.07589416129779841,0.3434925392097279,0.0,0.0,1.0,0.19558930061525984,0.3608527322386855,0.12508730495323178,0.3184706621928226
75,0.07900993890182509,0.0,0.17932339443150824,80,151,0.0,0,0,70,0.19558930061525984,0.16666666666666666,0.3608527322386855,0.4166666666666667,0.12508730495323178,0.075,0.3184706621928226,0.3416666666666667,0.07900993890182509,0.07900993890182509,1.0,0.16666666666666666,0.4166666666666667,0.075,0.3416666666666667,0.05858206614927767,0.05858206614927767,1.0,0.22732361720457117,0.3505696484470429,0.07678832259559683,0.34531841175278905,0.049193143655433494,0.049193143655433494,1.0,0.1969951419356189,0.3836181575568548,0.07589416129779841,0.3434925392097279,0.0,0.0,1.0,0.19558930061525984,0.3608527322386855,0.12508730495323178,0.3184706621928226
76,0.07900993890182509,0.0,0.17932339443150824,55,153,0.0,0,0,70,0.19558930061525984,0.16666666666666666,0.3608527322386855,0.4166666666666667,0.12508730495323178,0.075,0.3184706621928226,0.3416666666666667,0.07900993890182509,0.07900993890182509,1.0,0.16666666666666666,0.4166666666666667,0.075,0.3416666666666667,0.05858206614927767,0.05858206614927767,1.0,0.22732361720457117,0.3505696484470429,0.07678832259559683,0.34531841175278905,0.049193143655433494,0.049193143655433494,1.0,0.1969951419356189,0.3836181575568548,0.07589416129779841,0.3434925392097279,0.0,0.0,1.0,0.19558930061525984,0.3608527322386855,0.12508730495323178,0.3184706621928226
77,0.07900993890182509,0.0,0.17932339443150824,51,153,0.0,0,0,70,0.19558930061525984,0.16666666666666666,0.3608527322386855,0.4166666666666667,0.12508730495323178,0.075,0.3184706621928226,0.3416666666666667,0.07900993890182509,0.07900993890182509,1.0,0.16666666666666666,0.4166666666666667,0.075,0.3416666666666667,0.05858206614927767,0.05858206614927767,1.0,0.22732361720457117,0.3505696484470429,0.07678832259559683,0.34531841175278905,0.049193143655433494,0.049193143655433494,1.0,0.1969951419356189,0.3836181575568548,0.07589416129779841,0.3434925392097279,0.0,0.0,1.0,0.19558930061525984,0.3608527322386855,0.12508730495323178,0.3184706621928226
78,0.07900993890182509,0.0,0.17932339443150824,66,154,0.0,0,0,70,0.19558930061525984,0.16666666666666666,0.3608527322386855,0.4166666666666667,0.12508730495323178,0.075,0.3184706621928226,0.3416666666666667,0.07900993890182509,0.07900993890182509,1.0,0.16666666666666666,0.4166666666666667,0.075,0.3416666666666667,0.05858206614927767,0.05858206614927767,1.0,0.22732361720457117,0.3505696484470429,0.07678832259559683,0.34531841175278905,0.049193143655433494,0.049193143655433494,1.0,0.1969951419356189,0.3836181575568548,0.07589416129779841,0.3434925392097279,0.0,0.0,1.0,0.19558930061525984,0.3608527322386855,0.12508730495323178,0.3184706621928226
79,0.07900993890182509,0.0,0.17932339443150824,67,155,0.0,0,0,70,0.19558930061525984,0.16666666666666666,0.3608527322386855,0.4166666666666667,0.12508730495323178,0.075,0.3184706621928226,0.3416666666666667,0.07900993890182509,0.07900993890182509,1.0,0.16666666666666666,0.4166666666666667,0.075,0.3416666666666667,0.05858206614927767,0.05858206614927767,1.0,0.22732361720457117,0.3505696484470429,0.07678832259559683,0.34531841175278905,0.049193143655433494,0.049193143655433494,1.0,0.1969951419356189,0.3836181575568548,0.07589416129779841,0.3434925392097279,0.0,0.0,1.0,0.19558930061525984,0.3608527322386855,0.12508730495323178,0.3184706621928226
80,0.07900993890182509,0.0,0.17932339443150824,71,158,0.0,0,1,80,0.19558930061525984,0.16666666666666666,0.3608527322386855,0.4166666666666667,0.12508730495323178,0.075,0.3184706621928226,0.3416666666666667,0.07900993890182509,0.07900993890182509,1.0,0.16666666666666666,0.4166666666666667,0.075,0.3416666666666667,0.0446671471166851,0.0446671471166851,1.0,0.2036610490628329,0.39744813090779774,0.08198776272069687,0.3169030573086726,0.057018866343393565,0.057018866343393565,1.0,0.18516385786474976,0.40705739878723224,0.07849388136034843,0.3292848619876696,0.0,0.0,1.0,0.19558930061525984,0.3608527322386855,0.12508730495323178,0.3184706621928226
81,0.07900993890182509,0.0,0.17932339443150824,72,159,0.0,0,0,80,0.19558930061525984,0.16666666666666666,0.3608527322386855,0.4166666666666667,0.12508730495323178,0.075,0.3184706621928226,0.3416666666666667,0.07900993890182509,0.07900993890182509,1.0,0.16666666666666666,0.4166666666666667,0.075,0.3416666666666667,0.0446671471166851,0.0446671471166851,1.0,0.2036610490628329,0.39744813090779774,0.08198776272069687,0.3169030573086726,0.057018866343393565,0.057018866343393565,1.0,0.18516385786474976,0.40705739878723224,0.07849388136034843,0.3292848619876696,0.0,0.0,1.0,0.19558930061525984,0.3608527322386855,0.12508730495323178,0.3184706621928226
82,0.07900993890182509,0.0,0.17932339443150824,80,161,0.0,0,0,80,0.19558930061525984,0.16666666666666666,0.3608527322386855,0.4166666666666667,0.12508730495323178,0.075,0.3184706621928226,0.3416666666666667,0.07900993890182509,0.07900993890182509,1.0,0.16666666666666666,0.4166666666666667,0.075,0.3416666666666667,0.0446671471166851,0.0446671471166851,1.0,0.2036610490628329,0.39744813090779774,0.08198776272069687,0.3169030573086726,0.057018866343393565,0.057018866343393565,1.0,0.18516385786474976,0.40705739878723224,0.07849388136034843,0.3292848619876696,0.0,0.0,1.0,0.19558930061525984,0.3608527322386855,0.12508730495323178,0.3184706621928226
83,0.07900993890182509,0.0,0.17932339443150824,69,163,0.0,0,0,80,0.19558930061525984,0.16666666666666666,0.3608527322386855,0.4166666666666667,0.12508730495323178,0.075,0.3184706621928226,0.3416666666666667,0.07900993890182509,0.07900993890182509,1.0,0.16666666666666666,0.4166666666666667,0.075,0.3416666666666667,0.0446671471166851,0.0446671471166851,1.0,0.2036610490628329,0.39744813090779774,0.08198776272069687,0.3169030573086726,0.057018866343393565,0.057018866343393565,1.0,0.18516385786474976,0.40705739878723224,0.07849388136034843,0.3292848619876696,0.0,0.0,1.0,0.19558930061525984,0.3608527322386855,0.12508730495323178,0.3184706621928226
84,0.07900993890182509,0.0,0.17932339443150824,75,163,0.0,0,0,80,0.19558930061525984,0.16666666666666666,0.3608527322386855,0.4166666666666667,0.12508730495323178,0.075,0.3184706621928226,0.3416666666666667,0.07900993890182509,0.07900993890182509,1.0,0.16666666666666666,0.4166666666666667,0.075,0.3416666666666667,0.0446671471166851,0.0446671471166851,1.0,0.2036610490628329,0.39744813090779774,0.08198776272069687,0.3169030573086726,0.057018866343393565,0.057018866343393565,1.0,0.18516385786474976,0.40705739878723224,0.07849388136034843,0.3292848619876696,0.0,0.0,1.0,0.19558930061525984,0.3608527322386855,0.12508730495323178,0.3184706621928226
85,0.07900993890182509,0.0,0.17932339443150824,55,165,0.0,0,0,80,0.19558930061525984,0.16666666666666666,0.3608527322386855,0.4166666666666667,0.12508730495323178,0.075,0.3184706621928226,0.3416666666666667,0.07900993890182509,0.07900993890182509,1.0,0.16666666666666666,0.4166666666666667,0.075,0.3416666666666667,0.0446671471166851,0.0446671471166851,1.0,0.2036610490628329,0.39744813090779774,0.08198776272069687,0.3169030573086726,0.057018866343393565,0.057018866343393565,1.0,0.18516385786474976,0.40705739878723224,0.07849388136034843,0.3292848619876696,0.0,0.0,1.0,0.19558930061525984,0.3608527322386855,0.12508730495323178,0.3184706621928226
86,0.07900993890182509,0.0,0.17932339443150824,89,166,0.0,0,0,80,0.19558930061525984,0.16666666666666666,0.3608527322386855,0.4166666666666667,0.12508730495323178,0.075,0.3184706621928226,0.3416666666666667,0.07900993890182509,0.07900993890182509,1.0,0.16666666666666666,0.4166666666666667,0.075,0.3416666666666667,0.0446671471166851,0.0446671471166851,1.0,0.2036610490628329,0.39744813090779774,0.08198776272069687,0.3169030573086726,0.057018866343393565,0.057018866343393565,1.0,0.18516385786474976,0.40705739878723224,0.07849388136034843,0.3292848619876696,0.0,0.0,1.0,0.19558930061525984,0.3608527322386855,0.12508730495323178,0.3184706621928226
87,0.07900993890182509,0.0,0.17932339443150824,74,168,0.0,0,0,80,0.19558930061525984,0.16666666666666666,0.3608527322386855,0.4166666666666667,0.12508730495323178,0.075,0.3184706621928226,0.3416666666666667,0.07900993890182509,0.07900993890182509,1.0,0.16666666666666666,0.4166666666666667,0.075,0.3416666666666667,0.0446671471166851,0.0446671471166851,1.0,0.2036610490628329,0.39744813090779774,0.08198776272069687,0.3169030573086726,0.057018866343393565,0.057018866343393565,1.0,0.18516385786474976,0.40705739878723224,0.07849388136034843,0.3292848619876696,0.0,0.0,1.0,0.19558930061525984,0.3608527322386855,0.12508730495323178,0.3184706621928226
88,0.07900993890182509,0.0,0.17932339443150824,52,168,0.0,0,0,80,0.19558930061525984,0.16666666666666666,0.3608527322386855,0.4166666666666667,0.12508730495323178,0.075,0.3184706621928226,0.3416666666666667,0.07900993890182509,0.07900993890182509,1.0,0.16666666666666666,0.4166666666666667,0.075,0.3416666666666667,0.0446671471166851,0.0446671471166851,1.0,0.2036610490628329,0.39744813090779774,0.08198776272069687,0.3169030573086726,0.057018866343393565,0.057018866343393565,1.0,0.18516385786474976,0.40705739878723224,0.07849388136034843,0.3292848619876696,0.0,0.0,1.0,0.19558930061525984,0.3608527322386855,0.12508730495323178,0.3184706621928226
89,0.07900993890182509,0.0,0.17932339443150824,69,168,0.0,0,0,80,0.19558930061525984,0.16666666666666666,0.3608527322386855,0.4166666666666667,0.12508730495323178,0.075,0.3184706621928226,0.3416666666666667,0.07900993890182509,0.07900993890182509,1.0,0.16666666666666666,0.4166666666666667,0.075,0.3416666666666667,0.0446671471166851,0.0446671471166851,1.0,0.2036610490628329,0.39744813090779774,0.08198776272069687,0.3169030573086726,0.057018866343393565,0.057018866343393565,1.0,0.18516385786474976,0.40705739878723224,0.07849388136034843,0.3292848619876696,0.0,0.0,1.0,0.19558930061525984,0.3608527322386855,0.12508730495323178,0.3184706621928226
90,0.07900993890182509,0.0,0.17932339443150824,62,169,0.0,0,1,90,0.19558930061525984,0.16666666666666666,0.3608527322386855,0.4166666666666667,0.12508730495323178,0.075,0.3184706621928226,0.3416666666666667,0.07900993890182509,0.07900993890182509,1.0,0.16666666666666666,0.4166666666666667,0.075,0.3416666666666667,0.0694711828292413,0.0694711828292413,1.0,0.1688230502849245,0.39715728348032336,0.15825393654083542,0.27576572969391683,0.04605924283480936,0.04605924283480936,1.0,0.16774485847579557,0.406911975073495,0.11662696827041771,0.3087161981802917,0.0,0.0,1.0,0.19558930061525984,0.3608527322386855,0.12508730495323178,0.3184706621928226
91,0.07900993890182509,0.0,0.17932339443150824,61,172,0.0,0,0,90,0.19558930061525984,0.16666666666666666,0.3608527322386855,0.4166666666666667,0.12508730495323178,0.075,0.3184706621928226,0.3416666666666667,0.07900993890182509,0.07900993890182509,1.0,0.16666666666666666,0.4166666666666667,0.075,0.3416666666666667,0.0694711828292413,0.0694711828292413,1.0,0.1688230502849245,0.39715728348032336,0.15825393654083542,0.27576572969391683,0.04605924283480936,0.04605924283480936,1.0,0.16774485847579557,0.406911975073495,0.11662696827041771,0.3087161981802917,0.0,0.0,1.0,0.19558930061525984,0.3608527322386855,0.12508730495323178,0.3184706621928226
92,0.07900993890182509,0.0,0.17932339443150824,69,172,0.0,0,0,90,0.19558930061525984,0.16666666666666666,0.3608527322386855,0.4166666666666667,0.12508730495323178,0.075,0.3184706621928226,0.3416666666666667,0.07900993890182509,0.07900993890182509,1.0,0.16666666666666666,0.4166666666666667,0.075,0.3416666666666667,0.0694711828292413,0.0694711828292413,1.0,0.1688230502849245,0.39715728348032336,0.15825393654083542,0.27576572969391683,0.04605924283480936,0.04605924283480936,1.0,0.16774485847579557,0.406911975073495,0.11662696827041771,0.3087161981802917,0.0,0.0,1.0,0.19558930061525984,0.3608527322386855,0.12508730495323178,0.3184706621928226
93,0.07900993890182509,0.0,0.17932339443150824,60,172,0.0,0,0,90,0.19558930061525984,0.16666666666666666,0.3608527322386855,0.4166666666666667,0.12508730495323178,0.075,0.3184706621928226,0.3416666666666667,0.07900993890182509,0.07900993890182509,1.0,0.16666666666666666,0.4166666666666667,0.075,0.3416666666666667,0.0694711828292413,0.0694711828292413,1.0,0.1688230502849245,0.39715728348032336,0.15825393654083542,0.27576572969391683,0.04605924283480936,0.04605924283480936,1.0,0.16774485847579557,0.406911975073495,0.11662696827041771,0.3087161981802917,0.0,0.0,1.0,0.19558930061525984,0.3608527322386855,0.12508730495323178,0.3184706621928226
94,0.07900993890182509,0.0,0.17932339443150824,58,173,0.0,0,0,90,0.19558930061525984,0.16666666666666666,0.3608527322386855,0.4166666666666667,0.12508730495323178,0.075,0.3184706621928226,0.3416666666666667,0.07900993890182509,0.07900993890182509,1.0,0.16666666666666666,0.4166666666666667,0.075,0.3416666666666667,0.0694711828292413,0.0694711828292413,1.0,0.1688230502849245,0.39715728348032336,0.15825393654083542,0.27576572969391683,0.04605924283480936,0.04605924283480936,1.0,0.16774485847579557,0.406911975073495,0.11662696827041771,0.3087161981802917,0.0,0.0,1.0,0.19558930061525984,0.3608527322386855,0.12508730495323178,0.3184706621928226
95,0.07900993890182509,0.0,0.17932339443150824,67,173,0.0,0,0,90,0.19558930061525984,0.16666666666666666,0.3608527322386855,0.4166666666666667,0.12508730495323178,0.075,0.3184706621928226,0.3416666666666667,0.07900993890182509,0.07900993890182509,1.0,0.16666666666666666,0.4166666666666667,0.075,0.3416666666666667,0.0694711828292413,0.0694711828292413,1.0,0.1688230502849245,0.39715728348032336,0.15825393654083542,0.27576572969391683,0.04605924283480936,0.04605924283480936,1.0,0.16774485847579557,0.406911975073495,0.11662696827041771,0.3087161981802917,0.0,0.0,1.0,0.19558930061525984,0.3608527322386855,0.12508730495323178,0.3184706621928226
96,0.07900993890182509,0.0,0.17932339443150824,77,173,0.0,0,0,90,0.19558930061525984,0.16666666666666666,0.3608527322386855,0.4166666666666667,0.12508730495323178,0.075,0.3184706621928226,0.3416666666666667,0.07900993890182509,0.07900993890182509,1.0,0.16666666666666666,0.4166666666666667,0.075,0.3416666666666667,0.0694711828292413,0.0694711828292413,1.0,0.1688230502849245,0.39715728348032336,0.15825393654083542,0.27576572969391683,0.04605924283480936,0.04605924283480936,1.0,0.16774485847579557,0.406911975073495,0.11662696827041771,0.3087161981802917,0.0,0.0,1.0,0.19558930061525984,0.3608527322386855,0.12508730495323178,0.3184706621928226
97,0.07900993890182509,0.0,0.17932339443150824,70,174,0.0,0,0,90,0.19558930061525984,0.16666666666666666,0.3608527322386855,0.4166666666666667,0.12508730495323178,0.075,0.3184706621928226,0.3416666666666667,0.07900993890182509,0.07900993890182509,1.0,0.16666666666666666,0.4166666666666667,0.075,0.3416666666666667,0.0694711828292413,0.0694711828292413,1.0,0.1688230502849245,0.39715728348032336,0.15825393654083542,0.27576572969391683,0.04605924283480936,0.04605924283480936,1.0,0.16774485847579557,0.406911975073495,0.11662696827041771,0.3087161981802917,0.0,0.0,1.0,0.19558930061525984,0.3608527322386855,0.12508730495323178,0.3184706621928226
98,0.07900993890182509,0.0,0.17932339443150824,73,175,0.0,0,0,90,0.19558930061525984,0.16666666666666666,0.3608527322386855,0.4166666666666667,0.12508730495323178,0.075,0.3184706621928226,0.3416666666666667,0.07900993890182509,0.07900993890182509,1.0,0.16666666666666666,0.4166666666666667,0.075,0.3416666666666667,0.0694711828292413,0.0694711828292413,1.0,0.1688230502849245,0.39715728348032336,0.15825393654083542,0.27576572969391683,0.04605924283480936,0.04605924283480936,1.0,0.16774485847579557,0.406911975073495,0.11662696827041771,0.3087161981802917,0.0,0.0,1.0,0.19558930061525984,0.3608527322386855,0.12508730495323178,0.3184706621928226
99,0.07900993890182509,0.0,0.17932339443150824,80,178,0.0,0,0,90,0.19558930061525984,0.16666666666666666,0.3608527322386855,0.4166666666666667,0.12508730495323178,0.075,0.3184706621928226,0.3416666666666667,0.07900993890182509,0.07900993890182509,1.0,0.16666666666666666,0.4166666666666667,0.075,0.3416666666666667,0.0694711828292413,0.0694711828292413,1.0,0.1688230502849245,0.39715728348032336,0.15825393654083542,0.27576572969391683,0.04605924283480936,0.04605924283480936,1.0,0.16774485847579557,0.406911975073495,0.11662696827041771,0.3087161981802917,0.0,0.0,1.0,0.19558930061525984,0.3608527322386855,0.12508730495323178,0.3184706621928226
100,0.07900993890182509,0.0,0.17932339443150824,51,158,0.0,0,1,100,0.19558930061525984,0.16666666666666666,0.3608527322386855,0.4166666666666667,0.12508730495323178,0.075,0.3184706621928226,0.3416666666666667,0.07900993890182509,0.07900993890182509,1.0,0.16666666666666666,0.4166666666666667,0.075,0.3416666666666667,0.12563194639553255,0.12563194639553255,1.0,0.16250151608916674,0.4181973103411328,0.1933746732463172,0.22592650032338332,0.06567928793514088,0.06567928793514088,1.0,0.16458409137791669,0.41743198850389973,0.1341873366231586,0.283796583495025,0.0,0.0,1.0,0.19558930061525984,0.3608527322386855,0.12508730495323178,0.3184706621928226
101,0.07900993890182509,0.0,0.17932339443150824,77,155,0.0,0,0,100,0.19558930061525984,0.16666666666666666,0.3608527322386855,0.4166666666666667,0.12508730495323178,0.075,0.3184706621928226,0.3416666666666667,0.07900993890182509,0.07900993890182509,1.0,0.16666666666666666,0.4166666666666667,0.075,0.3416666666666667,0.12563194639553255,0.12563194639553255,1.0,0.16250151608916674,0.4181973103411328,0.1933746732463172,0.22592650032338332,0.06567928793514088,0.06567928793514088,1.0,0.16458409137791669,0.41743198850389973,0.1341873366231586,0.283796583495025,0.0,0.0,1.0,0.19558930061525984,0.3608527322386855,0.12508730495323178,0.3184706621928226
102,0.07900993890182509,0.0,0.17932339443150824,67,154,0.0,0,0,100,0.19558930061525984,0.16666666666666666,0.3608527322386855,0.4166666666666667,0.12508730495323178,0.075,0.3184706621928226,0.3416666666666667,0.07900993890182509,0.07900993890182509,1.0,0.16666666666666666,0.4166666666666667,0.075,0.3416666666666667,0.12563194639553255,0.12563194639553255,1.0,0.16250151608916674,0.4181973103411328,0.1933746732463172,0.22592650032338332,0.06567928793514088,0.06567928793514088,1.0,0.16458409137791669,0.41743198850389973,0.1341873366231586,0.283796583495025,0.0,0.0,1.0,0.19558930061525984,0.3608527322386855,0.12508730495323178,0.3184706621928226
103,0.07900993890182509,0.0,0.17932339443150824,70,151,0.0,0,0,100,0.19558930061525984,0.16666666666666666,0.3608527322386855,0.4166666666666667,0.12508730495323178,0.075,0.3184706621928226,0.3416666666666667,0.07900993890182509,0.07900993890182509,1.0,0.16666666666666666,0.4166666666666667,0.075,0.3416666666666667,0.12563194639553255,0.12563194639553255,1.0,0.16250151608916674,0.4181973103411328,0.1933746732463172,0.22592650032338332,0.06567928793514088,0.06567928793514088,1.0,0.16458409137791669,0.41743198850389973,0.1341873366231586,0.283796583495025,0.0,0.0,1.0,0.19558930061525984,0.3608527322386855,0.12508730495323178,0.3184706621928226
104,0.07900993890182509,0.0,0.17932339443150824,58,148,0.0,0,0,100,0.19558930061525984,0.16666666666666666,0.3608527322386855,0.4166666666666667,0.12508730495323178,0.075,0.3184706621928226,0.3416666666666667,0.07900993890182509,0.07900993890182509,1.0,0.16666666666666666,0.4166666666666667,0.075,0.3416666666666667,0.12563194639553255,0.12563194639553255,1.0,0.16250151608916674,0.4181973103411328,0.1933746732463172,0.22592650032338332,0.06567928793514088,0.06567928793514088,1.0,0.16458409137791669,0.41743198850389973,0.1341873366231586,0.283796583495025,0.0,0.0,1.0,0.19558930061525984,0.3608527322386855,0.12508730495323178,0.3184706621928226
105,0.07900993890182509,0.0,0.17932339443150824,70,146,0.0,0,0,100,0.19558930061525984,0.16666666666666666,0.3608527322386855,0.4166666666666667,0.12508730495323178,0.075,0.3184706621928226,0.3416666666666667,0.07900993890182509,0.07900993890182509,1.0,0.16666666666666666,0.4166666666666667,0.075,0.3416666666666667,0.12563194639553255,0.12563194639553255,1.0,0.16250151608916674,0.4181973103411328,0.1933746732463172,0.22592650032338332,0.06567928793514088,0.06567928793514088,1.0,0.16458409137791669,0.41743198850389973,0.1341873366231586,0.283796583495025,0.0,0.0,1.0,0.19558930061525984,0.3608527322386855,0.12508730495323178,0.3184706621928226
106,0.07900993890182509,0.0,0.17932339443150824,72,144,0.0,0,0,100,0.19558930061525984,0.16666666666666666,0.3608527322386855,0.4166666666666667,0.12508730495323178,0.075,0.3184706621928226,0.3416666666666667,0.07900993890182509,0.07900993890182509,1.0,0.16666666666666666,0.4166666666666667,0.075,0.3416666666666667,0.12563194639553255,0.12563194639553255,1.0,0.16250151608916674,0.4181973103411328,0.1933746732463172,0.22592650032338332,0.06567928793514088,0.06567928793514088,1.0,0.16458409137791669,0.41743198850389973,0.1341873366231586,0.283796583495025,0.0,0.0,1.0,0.19558930061525984,0.3608527322386855,0.12508730495323178,0.3184706621928226
107,0.07900993890182509,0.0,0.17932339443150824,59,141,0.0,0,0,100,0.19558930061525984,0.16666666666666666,0.3608527322386855,0.4166666666666667,0.12508730495323178,0.075,0.3184706621928226,0.3416666666666667,0.07900993890182509,0.07900993890182509,1.0,0.16666666666666666,0.4166666666666667,0.075,0.3416666666666667,0.12563194639553255,0.12563194639553255,1.0,0.16250151608916674,0.4181973103411328,0.1933746732463172,0.22592650032338332,0.06567928793514088,0.06567928793514088,1.0,0.16458409137791669,0.41743198850389973,0.1341873366231586,0.283796583495025,0.0,0.0,1.0,0.19558930061525984,0.3608527322386855,0.12508730495323178,0.3184706621928226
108,0.07900993890182509,0.0,0.17932339443150824,77,139,0.0,0,0,100,0.19558930061525984,0.16666666666666666,0.3608527322386855,0.4166666666666667,0.12508730495323178,0.075,0.3184706621928226,0.3416666666666667,0.07900993890182509,0.07900993890182509,1.0,0.16666666666666666,0.4166666666666667,0.075,0.3416666666666667,0.12563194639553255,0.12563194639553255,1.0,0.16250151608916674,0.4181973103411328,0.1933746732463172,0.22592650032338332,0.06567928793514088,0.06567928793514088,1.0,0.16458409137791669,0.41743198850389973,0.1341873366231586,0.283796583495025,0.0,0.0,1.0,0.19558930061525984,0.3608527322386855,0.12508730495323178,0.3184706621928226
109,0.07900993890182509,0.0,0.17932339443150824,78,139,0.0,0,0,100,0.19558930061525984,0.16666666666666666,0.3608527322386855,0.4166666666666667,0.12508730495323178,0.075,0.3184706621928226,0.3416666666666667,0.07900993890182509,0.07900993890182509,1.0,0.16666666666666666,0.4166666666666667,0.075,0.3416666666666667,0.12563194639553255,0.12563194639553255,1.0,0.16250151608916674,0.4181973103411328,0.1933746732463172,0.22592650032338332,0.06567928793514088,0.06567928793514088,1.0,0.16458409137791669,0.41743198850389973,0.1341873366231586,0.283796583495025,0.0,0.0,1.0,0.19558930061525984,0.3608527322386855,0.12508730495323178,0.3184706621928226
110,0.07900993890182509,0.0,0.17932339443150824,57,135,0.0,0,1,110,0.19558930061525984,0.16666666666666666,0.3608527322386855,0.4166666666666667,0.12508730495323178,0.075,0.3184706621928226,0.3416666666666667,0.07900993890182509,0.07900993890182509,1.0,0.16666666666666666,0.4166666666666667,0.075,0.3416666666666667,0.07985670042943199,0.07985670042943199,1.0,0.2754460010446919,0.333764073117975,0.11823078506878724,0.27255914076854576,0.039829670894054654,0.039829670894054654,1.0,0.2210563338556793,0.37521536989232085,0.09661539253439362,0.30711290371760624,0.0,0.0,1.0,0.19558930061525984,0.3608527322386855,0.12508730495323178,0.3184706621928226
111,0.07900993890182509,0.0,0.17932339443150824,78,133,0.0,0,0,110,0.19558930061525984,0.16666666666666666,0.3608527322386855,0.4166666666666667,0.12508730495323178,0.075,0.3184706621928226,0.3416666666666667,0.07900993890182509,0.07900993890182509,1.0,0.16666666666666666,0.4166666666666667,0.075,0.3416666666666667,0.07985670042943199,0.07985670042943199,1.0,0.2754460010446919,0.333764073117975,0.11823078506878724,0.27255914076854576,0.039829670894054654,0.039829670894054654,1.0,0.2210563338556793,0.37521536989232085,0.09661539253439362,0.30711290371760624,0.0,0.0,1.0,0.19558930061525984,0.3608527322386855,0.12508730495323178,0.3184706621928226
112,0.07900993890182509,0.0,0.17932339443150824,76,130,0.0,0,0,110,0.19558930061525984,0.16666666666666666,0.3608527322386855,0.4166666666666667,0.12508730495323178,0.075,0.3184706621928226,0.3416666666666667,0.07900993890182509,0.07900993890182509,1.0,0.16666666666666666,0.4166666666666667,0.075,0.3416666666666667,0.07985670042943199,0.07985670042943199,1.0,0.2754460010446919,0.333764073117975,0.11823078506878724,0.27255914076854576,0.039829670894054654,0.039829670894054654,1.0,0.2210563338556793,0.37521536989232085,0.09661539253439362,0.30711290371760624,0.0,0.0,1.0,0.19558930061525984,0.3608527322386855,0.12508730495323178,0.3184706621928226
113,0.07900993890182509,0.0,0.17932339443150824,71,130,0.0,0,0,110,0.19558930061525984,0.16666666666666666,0.3608527322386855,0.4166666666666667,0.12508730495323178,0.075,0.3184706621928226,0.3416666666666667,0.07900993890182509,0.07900993890182509,1.0,0.16666666666666666,0.4166666666666667,0.075,0.3416666666666667,0.07985670042943199,0.07985670042943199,1.0,0.2754460010446919,0.333764073117975,0.11823078506878724,0.27255914076854576,0.039829670894054654,0.039829670894054654,1.0,0.2210563338556793,0.37521536989232085,0.09661539253439362,0.30711290371760624,0.0,0.0,1.0,0.19558930061525984,0.3608527322386855,0.12508730495323178,0.3184706621928226
114,0.07900993890182509,0.0,0.17932339443150824,76,131,0.0,0,0,110,0.19558930061525984,0.16666666666666666,0.3608527322386855,0.4166666666666667,0.12508730495323178,0.075,0.3184706621928226,0.3416666666666667,0.07900993890182509,0.07900993890182509,1.0,0.16666666666666666,0.4166666666666667,0.075,0.3416666666666667,0.07985670042943199,0.07985670042943199,1.0,0.2754460010446919,0.333764073117975,0.11823078506878724,0.27255914076854576,0.039829670894054654,0.039829670894054654,1.0,0.2210563338556793,0.37521536989232085,0.09661539253439362,0.30711290371760624,0.0,0.0,1.0,0.19558930061525984,0.3608527322386855,0.12508730495323178,0.3184706621928226
115,0.07900993890182509,0.0,0.17932339443150824,69,131,0.0,0,0,110,0.19558930061525984,0.16666666666666666,0.3608527322386855,0.4166666666666667,0.12508730495323178,0.075,0.3184706621928226,0.3416666666666667,0.07900993890182509,0.07900993890182509,1.0,0.16666666666666666,0.4166666666666667,0.075,0.3416666666666667,0.07985670042943199,0.07985670042943199,1.0,0.2754460010446919,0.333764073117975,0.11823078506878724,0.27255914076854576,0.039829670894054654,0.039829670894054654,1.0,0.2210563338556793,0.37521536989232085,0.09661539253439362,0.30711290371760624,0.0,0.0,1.0,0.19558930061525984,0.3608527322386855,0.12508730495323178,0.3184706621928226
116,0.07900993890182509,0.0,0.17932339443150824,67,131,0.0,0,0,110,0.19558930061525984,0.16666666666666666,0.3608527322386855,0.4166666666666667,0.12508730495323178,0.075,0.3184706621928226,0.3416666666666667,0.07900993890182509,0.07900993890182509,1.0,0.16666666666666666,0.4166666666666667,0.075,0.3416666666666667,0.07985670042943199,0.07985670042943199,1.0,0.2754460010446919,0.333764073117975,0.11823078506878724,0.27255914076854576,0.039829670894054654,0.039829670894054654,1.0,0.2210563338556793,0.37521536989232085,0.09661539253439362,0.30711290371760624,0.0,0.0,1.0,0.19558930061525984,0.3608527322386855,0.12508730495323178,0.3184706621928226
117,0.07900993890182509,0.0,0.17932339443150824,74,129,0.0,0,0,110,0.19558930061525984,0.16666666666666666,0.3608527322386855,0.4166666666666667,0.12508730495323178,0.075,0.3184706621928226,0.3416666666666667,0.07900993890182509,0.07900993890182509,1.0,0.16666666666666666,0.4166666666666667,0.075,0.3416666666666667,0.07985670042943199,0.07985670042943199,1.0,0.2754460010446919,0.333764073117975,0.11823078506878724,0.27255914076854576,0.039829670894054654,0.039829670894054654,1.0,0.2210563338556793,0.37521536989232085,0.09661539253439362,0.30711290371760624,0.0,0.0,1.0,0.19558930061525984,0.3608527322386855,0.12508730495323178,0.3184706621928226
118,0.07900993890182509,0.0,0.17932339443150824,70,127,0.0,0,0,110,0.19558930061525984,0.16666666666666666,0.3608527322386855,0.4166666666666667,0.12508730495323178,0.075,0.3184706621928226,0.3416666666666667,0.07900993890182509,0.07900993890182509,1.0,0.16666666666666666,0.4166666666666667,0.075,0.3416666666666667,0.07985670042943199,0.07985670042943199,1.0,0.2754460010446919,0.333764073117975,0.11823078506878724,0.27255914076854576,0.039829670894054654,0.039829670894054654,1.0,0.2210563338556793,0.37521536989232085,0.09661539253439362,0.30711290371760624,0.0,0.0,1.0,0.19558930061525984,0.3608527322386855,0.12508730495323178,0.3184706621928226
119,0.07900993890182509,0.0,0.17932339443150824,66,125,0.0,0,0,110,0.19558930061525984,0.16666666666666666,0.3608527322386855,0.4166666666666667,0.12508730495323178,0.075,0.3184706621928226,0.3416666666666667,0.07900993890182509,0.07900993890182509,1.0,0.16666666666666666,0.4166666666666667,0.075,0.3416666666666667,0.07985670042943199,0.07985670042943199,1.0,0.2754460010446919,0.333764073117975,0.11823078506878724,0.27255914076854576,0.039829670894054654,0.039829670894054654,1.0,0.2210563338556793,0.37521536989232085,0.09661539253439362,0.30711290371760624,0.0,0.0,1.0,0.19558930061525984,0.3608527322386855,0.12508730495323178,0.3184706621928226
120,0.07900993890182509,0.0,0.17932339443150824,63,124,0.0,0,1,120,0.19558930061525984,0.16666666666666666,0.3608527322386855,0.4166666666666667,0.12508730495323178,0.075,0.3184706621928226,0.3416666666666667,0.07900993890182509,0.07900993890182509,1.0,0.16666666666666666,0.4166666666666667,0.075,0.3416666666666667,0.054514983704401256,0.054514983704401256,1.0,0.2278603279173068,0.38309668864104,0.08503731854159928,0.30400566490005404,0.045068645682432316,0.045068645682432316,1.0,0.19726349729198672,0.39988167765385335,0.08001865927079964,0.3228361657833604,0.0,0.0,1.0,0.19558930061525984,0.3608527322386855,0.12508730495323178,0.3184706621928226
121,0.07900993890182509,0.0,0.17932339443150824,70,122,0.0,0,0,120,0.19558930061525984,0.16666666666666666,0.3608527322386855,0.4166666666666667,0.12508730495323178,0.075,0.3184706621928226,0.3416666666666667,0.07900993890182509,0.07900993890182509,1.0,0.16666666666666666,0.4166666666666667,0.075,0.3416666666666667,0.054514983704401256,0.054514983704401256,1.0,0.2278603279173068,0.38309668864104,0.08503731854159928,0.30400566490005404,0.045068645682432316,0.045068645682432316,1.0,0.19726349729198672,0.39988167765385335,0.08001865927079964,0.3228361657833604,0.0,0.0,1.0,0.19558930061525984,0.3608527322386855,0.12508730495323178,0.3184706621928226
122,0.07900993890182509,0.0,0.17932339443150824,60,119,0.0,0,0,120,0.19558930061525984,0.16666666666666666,0.3608527322386855,0.4166666666666667,0.12508730495323178,0.075,0.3184706621928226,0.3416666666666667,0.07900993890182509,0.07900993890182509,1.0,0.16666666666666666,0.4166666666666667,0.075,0.3416666666666667,0.054514983704401256,0.054514983704401256,1.0,0.2278603279173068,0.38309668864104,0.08503731854159928,0.30400566490005404,0.045068645682432316,0.045068645682432316,1.0,0.19726349729198672,0.39988167765385335,0.08001865927079964,0.3228361657833604,0.0,0.0,1.0,0.19558930061525984,0.3608527322386855,0.12508730495323178,0.3184706621928226
123,0.07900993890182509,0.0,0.17932339443150824,85,117,0.0,0,0,120,0.19558930061525984,0.16666666666666666,0.3608527322386855,0.4166666666666667,0.12508730495323178,0.075,0.3184706621928226,0.3416666666666667,0.07900993890182509,0.07900993890182509,1.0,0.16666666666666666,0.4166666666666667,0.075,0.3416666666666667,0.054514983704401256,0.054514983704401256,1.0,0.2278603279173068,0.38309668864104,0.08503731854159928,0.30400566490005404,0.045068645682432316,0.045068645682432316,1.0,0.19726349729198672,0.39988167765385335,0.08001865927079964,0.3228361657833604,0.0,0.0,1.0,0.19558930061525984,0.3608527322386855,0.12508730495323178,0.3184706621928226
124,0.07900993890182509,0.0,0.17932339443150824,70,117,0.0,0,0,120,0.19558930061525984,0.16666666666666666,0.3608527322386855,0.4166666666666667,0.12508730495323178,0.075,0.3184706621928226,0.3416666666666667,0.07900993890182509,0.07900993890182509,1.0,0.16666666666666666,0.4166666666666667,0.075,0.3416666666666667,0.054514983704401256,0.054514983704401256,1.0,0.2278603279173068,0.38309668864104,0.08503731854159928,0.30400566490005404,0.045068645682432316,0.045068645682432316,1.0,0.19726349729198672,0.39988167765385335,0.08001865927079964,0.3228361657833604,0.0,0.0,1.0,0.19558930061525984,0.3608527322386855,0.12508730495323178,0.3184706621928226
125,0.07900993890182509,0.0,0.17932339443150824,67,114,0.0,0,0,120,0.19558930061525984,0.16666666666666666,0.3608527322386855,0.4166666666666667,0.12508730495323178,0.075,0.3184706621928226,0.3416666666666667,0.07900993890182509,0.07900993890182509,1.0,0.16666666666666666,0.4166666666666667,0.075,0.3416666666666667,0.054514983704401256,0.054514983704401256,1.0,0.2278603279173068,0.38309668864104,0.08503731854159928,0.30400566490005404,0.045068645682432316,0.045068645682432316,1.0,0.19726349729198672,0.39988167765385335,0.08001865927079964,0.3228361657833604,0.0,0.0,1.0,0.19558930061525984,0.3608527322386855,0.12508730495323178,0.3184706621928226
126,0.07900993890182509,0.0,0.17932339443150824,60,113,0.0,0,0,120,0.19558930061525984,0.16666666666666666,0.3608527322386855,0.4166666666666667,0.12508730495323178,0.075,0.3184706621928226,0.3416666666666667,0.07900993890182509,0.07900993890182509,1.0,0.16666666666666666,0.4166666666666667,0.075,0.3416666666666667,0.054514983704401256,0.054514983704401256,1.0,0.2278603279173068,0.38309668864104,0.08503731854159928,0.30400566490005404,0.045068645682432316,0.045068645682432316,1.0,0.19726349729198672,0.39988167765385335,0.08001865927079964,0.3228361657833604,0.0,0.0,1.0,0.19558930061525984,0.3608527322386855,0.12508730495323178,0.3184706621928226
127,0.07900993890182509,0.0,0.17932339443150824,65,113,0.0,0,0,120,0.19558930061525984,0.16666666666666666,0.3608527322386855,0.4166666666666667,0.12508730495323178,0.075,0.3184706621928226,0.3416666666666667,0.07900993890182509,0.07900993890182509,1.0,0.16666666666666666,0.4166666666666667,0.075,0.3416666666666667,0.054514983704401256,0.054514983704401256,1.0,0.2278603279173068,0.38309668864104,0.08503731854159928,0.30400566490005404,0.045068645682432316,0.045068645682432316,1.0,0.19726349729198672,0.39988167765385335,0.08001865927079964,0.3228361657833604,0.0,0.0,1.0,0.19558930061525984,0.3608527322386855,0.12508730495323178,0.3184706621928226
128,0.07900993890182509,0.0,0.17932339443150824,77,112,0.0,0,0,120,0.19558930061525984,0.16666666666666666,0.3608527322386855,0.4166666666666667,0.12508730495323178,0.075,0.3184706621928226,0.3416666666666667,0.07900993890182509,0.07900993890182509,1.0,0.16666666666666666,0.4166666666666667,0.075,0.3416666666666667,0.054514983704401256,0.054514983704401256,1.0,0.2278603279173068,0.38309668864104,0.08503731854159928,0.30400566490005404,0.045068645682432316,0.045068645682432316,1.0,0.19726349729198672,0.39988167765385335,0.08001865927079964,0.3228361657833604,0.0,0.0,1.0,0.19558930061525984,0.3608527322386855,0.12508730495323178,0.3184706621928226
129,0.07900993890182509,0.0,0.17932339443150824,65,109,0.0,0,0,120,0.19558930061525984,0.16666666666666666,0.3608527322386855,0.4166666666666667,0.12508730495323178,0.075,0.3184706621928226,0.3416666666666667,0.07900993890182509,0.07900993890182509,1.0,0.16666666666666666,0.4166666666666667,0.075,0.3416666666666667,0.054514983704401256,0.054514983704401256,1.0,0.2278603279173068,0.38309668864104,0.08503731854159928,0.30400566490005404,0.045068645682432316,0.045068645682432316,1.0,0.19726349729198672,0.39988167765385335,0.08001865927079964,0.3228361657833604,0.0,0.0,1.0,0.19558930061525984,0.3608527322386855,0.12508730495323178,0.3184706621928226
130,0.07900993890182509,0.0,0.17932339443150824,58,110,0.0,0,1,130,0.19558930061525984,0.16666666666666666,0.3608527322386855,0.4166666666666667,0.12508730495323178,0.075,0.3184706621928226,0.3416666666666667,0.07900993890182509,0.07900993890182509,1.0,0.16666666666666666,0.4166666666666667,0.075,0.3416666666666667,0.0647974432718357,0.0647974432718357,1.0,0.21200378345560367,0.346891862176311,0.1734702653847238,0.26763408898336155,0.020926532182803187,0.020926532182803187,1.0,0.18933522506113515,0.38177926442148885,0.12423513269236189,0.30465037782501414,0.0,0.0,1.0,0.19558930061525984,0.3608527322386855,0.12508730495323178,0.3184706621928226
131,0.07900993890182509,0.0,0.17932339443150824,67,110,0.0,0,0,130,0.19558930061525984,0.16666666666666666,0.3608527322386855,0.4166666666666667,0.12508730495323178,0.075,0.3184706621928226,0.3416666666666667,0.07900993890182509,0.07900993890182509,1.0,0.16666666666666666,0.4166666666666667,0.075,0.3416666666666667,0.0647974432718357,0.0647974432718357,1.0,0.21200378345560367,0.346891862176311,0.1734702653847238,0.26763408898336155,0.020926532182803187,0.020926532182803187,1.0,0.18933522506113515,0.38177926442148885,0.12423513269236189,0.30465037782501414,0.0,0.0,1.0,0.19558930061525984,0.3608527322386855,0.12508730495323178,0.3184706621928226
132,0.07900993890182509,0.0,0.17932339443150824,68,111,0.0,0,0,130,0.19558930061525984,0.16666666666666666,0.3608527322386855,0.4166666666666667,0.12508730495323178,0.075,0.3184706621928226,0.3416666666666667,0.07900993890182509,0.07900993890182509,1.0,0.16666666666666666,0.4166666666666667,0.075,0.3416666666666667,0.0647974432718357,0.0647974432718357,1.0,0.21200378345560367,0.346891862176311,0.1734702653847238,0.26763408898336155,0.020926532182803187,0.020926532182803187,1.0,0.18933522506113515,0.38177926442148885,0.12423513269236189,0.30465037782501414,0.0,0.0,1.0,0.19558930061525984,0.3608527322386855,0.12508730495323178,0.3184706621928226
133,0.07900993890182509,0.0,0.17932339443150824,62,112,0.0,0,0,130,0.19558930061525984,0.16666666666666666,0.3608527322386855,0.4166666666666667,0.12508730495323178,0.075,0.3184706621928226,0.3416666666666667,0.07900993890182509,0.07900993890182509,1.0,0.16666666666666666,0.4166666666666667,0.075,0.3416666666666667,0.0647974432718357,0.0647974432718357,1.0,0.21200378345560367,0.346891862176311,0.1734702653847238,0.26763408898336155,0.020926532182803187,0.020926532182803187,1.0,0.18933522506113515,0.38177926442148885,0.12423513269236189,0.30465037782501414,0.0,0.0,1.0,0.19558930061525984,0.3608527322386855,0.12508730495323178,0.3184706621928226
134,0.07900993890182509,0.0,0.17932339443150824,52,113,0.0,0,0,130,0.19558930061525984,0.16666666666666666,0.3608527322386855,0.4166666666666667,0.12508730495323178,0.075,0.3184706621928226,0.3416666666666667,0.07900993890182509,0.07900993890182509,1.0,0.16666666666666666,0.4166666666666667,0.075,0.3416666666666667,0.0647974432718357,0.0647974432718357,1.0,0.21200378345560367,0.346891862176311,0.1734702653847238,0.26763408898336155,0.020926532182803187,0.020926532182803187,1.0,0.18933522506113515,0.38177926442148885,0.12423513269236189,0.30465037782501414,0.0,0.0,1.0,0.19558930061525984,0.3608527322386855,0.12508730495323178,0.3184706621928226
135,0.07900993890182509,0.0,0.17932339443150824,70,113,0.0,0,0,130,0.19558930061525984,0.16666666666666666,0.3608527322386855,0.4166666666666667,0.12508730495323178,0.075,0.3184706621928226,0.3416666666666667,0.07900993890182509,0.07900993890182509,1.0,0.16666666666666666,0.4166666666666667,0.075,0.3416666666666667,0.0647974432718357,0.0647974432718357,1.0,0.21200378345560367,0.346891862176311,0.1734702653847238,0.26763408898336155,0.020926532182803187,0.020926532182803187,1.0,0.18933522506113515,0.38177926442148885,0.12423513269236189,0.30465037782501414,0.0,0.0,1.0,0.19558930061525984,0.3608527322386855,0.12508730495323178,0.3184706621928226
136,0.07900993890182509,0.0,0.17932339443150824,78,114,0.0,0,0,130,0.19558930061525984,0.16666666666666666,0.3608527322386855,0.4166666666666667,0.12508730495323178,0.075,0.3184706621928226,0.3416666666666667,0.07900993890182509,0.07900993890182509,1.0,0.16666666666666666,0.4166666666666667,0.075,0.3416666666666667,0.0647974432718357,0.0647974432718357,1.0,0.21200378345560367,0.346891862176311,0.1734702653847238,0.26763408898336155,0.020926532182803187,0.020926532182803187,1.0,0.18933522506113515,0.38177926442148885,0.12423513269236189,0.30465037782501414,0.0,0.0,1.0,0.19558930061525984,0.3608527322386855,0.12508730495323178,0.3184706621928226
137,0.07900993890182509,0.0,0.17932339443150824,76,113,0.0,0,0,130,0.19558930061525984,0.16666666666666666,0.3608527322386855,0.4166666666666667,0.12508730495323178,0.075,0.3184706621928226,0.3416666666666667,0.07900993890182509,0.07900993890182509,1.0,0.16666666666666666,0.4166666666666667,0.075,0.3416666666666667,0.0647974432718357,0.0647974432718357,1.0,0.21200378345560367,0.346891862176311,0.1734702653847238,0.26763408898336155,0.020926532182803187,0.020926532182803187,1.0,0.18933522506113515,0.38177926442148885,0.12423513269236189,0.30465037782501414,0.0,0.0,1.0,0.19558930061525984,0.3608527322386855,0.12508730495323178,0.3184706621928226
138,0.07900993890182509,0.0,0.17932339443150824,67,113,0.0,0,0,130,0.19558930061525984,0.16666666666666666,0.3608527322386855,0.4166666666666667,0.12508730495323178,0.075,0.3184706621928226,0.3416666666666667,0.07900993890182509,0.07900993890182509,1.0,0.16666666666666666,0.4166666666666667,0.075,0.3416666666666667,0.0647974432718357,0.0647974432718357,1.0,0.21200378345560367,0.346891862176311,0.1734702653847238,0.26763408898336155,0.020926532182803187,0.020926532182803187,1.0,0.18933522506113515,0.38177926442148885,0.12423513269236189,0.30465037782501414,0.0,0.0,1.0,0.19558930061525984,0.3608527322386855,0.12508730495323178,0.3184706621928226
139,0.07900993890182509,0.0,0.17932339443150824,63,115,0.0,0,0,130,0.19558930061525984,0.16666666666666666,0.3608527322386855,0.4166666666666667,0.12508730495323178,0.075,0.3184706621928226,0.3416666666666667,0.07900993890182509,0.07900993890182509,1.0,0.16666666666666666,0.4166666666666667,0.075,0.3416666666666667,0.0647974432718357,0.0647974432718357,1.0,0.21200378345560367,0.346891862176311,0.1734702653847238,0.26763408898336155,0.020926532182803187,0.020926532182803187,1.0,0.18933522506113515,0.38177926442148885,0.12423513269236189,0.30465037782501414,0.0,0.0,1.0,0.19558930061525984,0.3608527322386855,0.12508730495323178,0.3184706621928226
140,0.07900993890182509,0.0,0.17932339443150824,68,114,0.0,0,1,140,0.19558930061525984,0.16666666666666666,0.3608527322386855,0.4166666666666667,0.12508730495323178,0.075,0.3184706621928226,0.3416666666666667,0.07900993890182509,0.07900993890182509,1.0,0.16666666666666666,0.4166666666666667,0.075,0.3416666666666667,0.07996891730488948,0.07996891730488948,1.0,0.24293001411945478,0.3934809360393802,0.10665008707826205,0.256938962762903,0.05343010889213868,0.05343010889213868,1.0,0.20479834039306072,0.40507380135302345,0.09082504353913103,0.2993028147147848,0.0,0.0,1.0,0.19558930061525984,0.3608527322386855,0.12508730495323178,0.3184706621928226
141,0.07900993890182509,0.0,0.17932339443150824,83,113,0.0,0,0,140,0.19558930061525984,0.16666666666666666,0.3608527322386855,0.4166666666666667,0.12508730495323178,0.075,0.3184706621928226,0.3416666666666667,0.07900993890182509,0.07900993890182509,1.0,0.16666666666666666,0.4166666666666667,0.075,0.3416666666666667,0.07996891730488948,0.07996891730488948,1.0,0.24293001411945478,0.3934809360393802,0.10665008707826205,0.256938962762903,0.05343010889213868,0.05343010889213868,1.0,0.20479834039306072,0.40507380135302345,0.09082504353913103,0.2993028147147848,0.0,0.0,1.0,0.19558930061525984,0.3608527322386855,0.12508730495323178,0.3184706621928226
142,0.07900993890182509,0.0,0.17932339443150824,67,114,0.0,0,0,140,0.19558930061525984,0.16666666666666666,0.3608527322386855,0.4166666666666667,0.12508730495323178,0.075,0.3184706621928226,0.3416666666666667,0.07900993890182509,0.07900993890182509,1.0,0.16666666666666666,0.4166666666666667,0.075,0.3416666666666667,0.07996891730488948,0.07996891730488948,1.0,0.24293001411945478,0.3934809360393802,0.10665008707826205,0.256938962762903,0.05343010889213868,0.05343010889213868,1.0,0.20479834039306072,0.40507380135302345,0.09082504353913103,0.2993028147147848,0.0,0.0,1.0,0.19558930061525984,0.3608527322386855,0.12508730495323178,0.3184706621928226
143,0.07900993890182509,0.0,0.17932339443150824,68,113,0.0,0,0,140,0.19558930061525984,0.16666666666666666,0.3608527322386855,0.4166666666666667,0.12508730495323178,0.075,0.3184706621928226,0.3416666666666667,0.07900993890182509,0.07900993890182509,1.0,0.16666666666666666,0.4166666666666667,0.075,0.3416666666666667,0.07996891730488948,0.07996891730488948,1.0,0.24293001411945478,0.3934809360393802,0.10665008707826205,0.256938962762903,0.05343010889213868,0.05343010889213868,1.0,0.20479834039306072,0.40507380135302345,0.09082504353913103,0.2993028147147848,0.0,0.0,1.0,0.19558930061525984,0.3608527322386855,0.12508730495323178,0.3184706621928226
144,0.07900993890182509,0.0,0.17932339443150824,65,115,0.0,0,0,140,0.19558930061525984,0.16666666666666666,0.3608527322386855,0.4166666666666667,0.12508730495323178,0.075,0.3184706621928226,0.3416666666666667,0.07900993890182509,0.07900993890182509,1.0,0.16666666666666666,0.4166666666666667,0.075,0.3416666666666667,0.07996891730488948,0.07996891730488948,1.0,0.24293001411945478,0.3934809360393802,0.10665008707826205,0.256938962762903,0.05343010889213868,0.05343010889213868,1.0,0.20479834039306072,0.40507380135302345,0.09082504353913103,0.2993028147147848,0.0,0.0,1.0,0.19558930061525984,0.3608527322386855,0.12508730495323178,0.3184706621928226
145,0.07900993890182509,0.0,0.17932339443150824,71,114,0.0,0,0,140,0.19558930061525984,0.16666666666666666,0.3608527322386855,0.4166666666666667,0.12508730495323178,0.075,0.3184706621928226,0.3416666666666667,0.07900993890182509,0.07900993890182509,1.0,0.16666666666666666,0.4166666666666667,0.075,0.3416666666666667,0.07996891730488948,0.07996891730488948,1.0,0.24293001411945478,0.3934809360393802,0.10665008707826205,0.256938962762903,0.05343010889213868,0.05343010889213868,1.0,0.20479834039306072,0.40507380135302345,0.09082504353913103,0.2993028147147848,0.0,0.0,1.0,0.19558930061525984,0.3608527322386855,0.12508730495323178,0.3184706621928226
146,0.07900993890182509,0.0,0.17932339443150824,83,113,0.0,0,0,140,0.19558930061525984,0.16666666666666666,0.3608527322386855,0.4166666666666667,0.12508730495323178,0.075,0.3184706621928226,0.3416666666666667,0.07900993890182509,0.07900993890182509,1.0,0.16666666666666666,0.4166666666666667,0.075,0.3416666666666667,0.07996891730488948,0.07996891730488948,1.0,0.24293001411945478,0.3934809360393802,0.10665008707826205,0.256938962762903,0.05343010889213868,0.05343010889213868,1.0,0.20479834039306072,0.40507380135302345,0.09082504353913103,0.2993028147147848,0.0,0.0,1.0,0.19558930061525984,0.3608527322386855,0.12508730495323178,0.3184706621928226
147,0.07900993890182509,0.0,0.17932339443150824,61,114,0.0,0,0,140,0.19558930061525984,0.16666666666666666,0.3608527322386855,0.4166666666666667,0.12508730495323178,0.075,0.3184706621928226,0.3416666666666667,0.07900993890182509,0.07900993890182509,1.0,0.16666666666666666,0.4166666666666667,0.075,0.3416666666666667,0.07996891730488948,0.07996891730488948,1.0,0.24293001411945478,0.3934809360393802,0.10665008707826205,0.256938962762903,0.05343010889213868,0.05343010889213868,1.0,0.20479834039306072,0.40507380135302345,0.09082504353913103,0.2993028147147848,0.0,0.0,1.0,0.19558930061525984,0.3608527322386855,0.12508730495323178,0.3184706621928226
148,0.07900993890182509,0.0,0.17932339443150824,56,115,0.0,0,0,140,0.19558930061525984,0.16666666666666666,0.3608527322386855,0.4166666666666667,0.12508730495323178,0.075,0.3184706621928226,0.3416666666666667,0.07900993890182509,0.07900993890182509,1.0,0.16666666666666666,0.4166666666666667,0.075,0.3416666666666667,0.07996891730488948,0.07996891730488948,1.0,0.24293001411945478,0.3934809360393802,0.10665008707826205,0.256938962762903,0.05343010889213868,0.05343010889213868,1.0,0.20479834039306072,0.40507380135302345,0.09082504353913103,0.2993028147147848,0.0,0.0,1.0,0.19558930061525984,0.3608527322386855,0.12508730495323178,0.3184706621928226
149,0.07900993890182509,0.0,0.17932339443150824,79,115,0.0,0,0,140,0.19558930061525984,0.16666666666666666,0.3608527322386855,0.4166666666666667,0.12508730495323178,0.075,0.3184706621928226,0.3416666666666667,0.07900993890182509,0.07900993890182509,1.0,0.16666666666666666,0.4166666666666667,0.075,0.3416666666666667,0.07996891730488948,0.07996891730488948,1.0,0.24293001411945478,0.3934809360393802,0.10665008707826205,0.256938962762903,0.05343010889213868,0.05343010889213868,1.0,0.20479834039306072,0.40507380135302345,0.09082504353913103,0.2993028147147848,0.0,0.0,1.0,0.19558930061525984,0.3608527322386855,0.12508730495323178,0.3184706621928226
150,0.07900993890182509,0.0,0.17932339443150824,74,114,0.0,0,1,150,0.19558930061525984,0.16666666666666666,0.3608527322386855,0.4166666666666667,0.12508730495323178,0.075,0.3184706621928226,0.3416666666666667,0.07900993890182509,0.07900993890182509,1.0,0.16666666666666666,0.4166666666666667,0.075,0.3416666666666667,0.11440800683397262,0.11440800683397262,1.0,0.2610424303032987,0.4098076093846194,0.09311447619709416,0.23603548411498776,0.07064965365668024,0.07064965365668024,1.0,0.2138545484849827,0.41323713802564305,0.08405723809854708,0.2888510753908272,0.0,0.0,1.0,0.19558930061525984,0.3608527322386855,0.12508730495323178,0.3184706621928226
151,0.07900993890182509,0.0,0.17932339443150824,77,117,0.0,0,0,150,0.19558930061525984,0.16666666666666666,0.3608527322386855,0.4166666666666667,0.12508730495323178,0.075,0.3184706621928226,0.3416666666666667,0.07900993890182509,0.07900993890182509,1.0,0.16666666666666666,0.4166666666666667,0.075,0.3416666666666667,0.11440800683397262,0.11440800683397262,1.0,0.2610424303032987,0.4098076093846194,0.09311447619709416,0.23603548411498776,0.07064965365668024,0.07064965365668024,1.0,0.2138545484849827,0.41323713802564305,0.08405723809854708,0.2888510753908272,0.0,0.0,1.0,0.19558930061525984,0.3608527322386855,0.12508730495323178,0.3184706621928226
152,0.07900993890182509,0.0,0.17932339443150824,73,117,0.0,0,0,150,0.19558930061525984,0.16666666666666666,0.3608527322386855,0.4166666666666667,0.12508730495323178,0.075,0.3184706621928226,0.3416666666666667,0.07900993890182509,0.07900993890182509,1.0,0.16666666666666666,0.4166666666666667,0.075,0.3416666666666667,0.11440800683397262,0.11440800683397262,1.0,0.2610424303032987,0.4098076093846194,0.09311447619709416,0.23603548411498776,0.07064965365668024,0.07064965365668024,1.0,0.2138545484849827,0.41323713802564305,0.08405723809854708,0.2888510753908272,0.0,0.0,1.0,0.19558930061525984,0.3608527322386855,0.12508730495323178,0.3184706621928226
153,0.07900993890182509,0.0,0.17932339443150824,72,116,0.0,0,0,150,0.19558930061525984,0.16666666666666666,0.3608527322386855,0.4166666666666667,0.12508730495323178,0.075,0.3184706621928226,0.3416666666666667,0.07900993890182509,0.07900993890182509,1.0,0.16666666666666666,0.4166666666666667,0.075,0.3416666666666667,0.11440800683397262,0.11440800683397262,1.0,0.2610424303032987,0.4098076093846194,0.09311447619709416,0.23603548411498776,0.07064965365668024,0.07064965365668024,1.0,0.2138545484849827,0.41323713802564305,0.08405723809854708,0.2888510753908272,0.0,0.0,1.0,0.19558930061525984,0.3608527322386855,0.12508730495323178,0.3184706621928226
154,0.07900993890182509,0.0,0.17932339443150824,64,116,0.0,0,0,150,0.19558930061525984,0.16666666666666666,0.3608527322386855,0.4166666666666667,0.12508730495323178,0.075,0.3184706621928226,0.3416666666666667,0.07900993890182509,0.07900993890182509,1.0,0.16666666666666666,0.4166666666666667,0.075,0.3416666666666667,0.11440800683397262,0.11440800683397262,1.0,0.2610424303032987,0.4098076093846194,0.09311447619709416,0.23603548411498776,0.07064965365668024,0.07064965365668024,1.0,0.2138545484849827,0.41323713802564305,0.08405723809854708,0.2888510753908272,0.0,0.0,1.0,0.19558930061525984,0.3608527322386855,0.12508730495323178,0.3184706621928226
155,0.07900993890182509,0.0,0.17932339443150824,56,116,0.0,0,0,150,0.19558930061525984,0.16666666666666666,0.3608527322386855,0.4166666666666667,0.12508730495323178,0.075,0.3184706621928226,0.3416666666666667,0.07900993890182509,0.07900993890182509,1.0,0.16666666666666666,0.4166666666666667,0.075,0.3416666666666667,0.11440800683397262,0.11440800683397262,1.0,0.2610424303032987,0.4098076093846194,0.09311447619709416,0.23603548411498776,0.07064965365668024,0.07064965365668024,1.0,0.2138545484849827,0.41323713802564305,0.08405723809854708,0.2888510753908272,0.0,0.0,1.0,0.19558930061525984,0.3608527322386855,0.12508730495323178,0.3184706621928226
156,0.07900993890182509,0.0,0.17932339443150824,60,114,0.0,0,0,150,0.19558930061525984,0.16666666666666666,0.3608527322386855,0.4166666666666667,0.12508730495323178,0.075,0.3184706621928226,0.3416666666666667,0.07900993890182509,0.07900993890182509,1.0,0.16666666666666666,0.4166666666666667,0.075,0.3416666666666667,0.11440800683397262,0.11440800683397262,1.0,0.2610424303032987,0.4098076093846194,0.09311447619709416,0.23603548411498776,0.07064965365668024,0.07064965365668024,1.0,0.2138545484849827,0.41323713802564305,0.08405723809854708,0.2888510753908272,0.0,0.0,1.0,0.19558930061525984,0.3608527322386855,0.12508730495323178,0.3184706621928226
157,0.07900993890182509,0.0,0.17932339443150824,83,116,0.0,0,0,150,0.19558930061525984,0.16666666666666666,0.3608527322386855,0.4166666666666667,0.12508730495323178,0.075,0.3184706621928226,0.3416666666666667,0.07900993890182509,0.07900993890182509,1.0,0.16666666666666666,0.4166666666666667,0.075,0.3416666666666667,0.11440800683397262,0.11440800683397262,1.0,0.2610424303032987,0.4098076093846194,0.09311447619709416,0.23603548411498776,0.07064965365668024,0.07064965365668024,1.0,0.2138545484849827,0.41323713802564305,0.08405723809854708,0.2888510753908272,0.0,0.0,1.0,0.19558930061525984,0.3608527322386855,0.12508730495323178,0.3184706621928226
158,0.07900993890182509,0.0,0.17932339443150824,63,115,0.0,0,0,150,0.19558930061525984,0.16666666666666666,0.3608527322386855,0.4166666666666667,0.12508730495323178,0.075,0.3184706621928226,0.3416666666666667,0.07900993890182509,0.07900993890182509,1.0,0.16666666666666666,0.4166666666666667,0.075,0.3416666666666667,0.11440800683397262,0.11440800683397262,1.0,0.2610424303032987,0.4098076093846194,0.09311447619709416,0.23603548411498776,0.07064965365668024,0.07064965365668024,1.0,0.2138545484849827,0.41323713802564305,0.08405723809854708,0.2888510753908272,0.0,0.0,1.0,0.19558930061525984,0.3608527322386855,0.12508730495323178,0.3184706621928226
159,0.07900993890182509,0.0,0.17932339443150824,57,114,0.0,0,0,150,0.19558930061525984,0.16666666666666666,0.3608527322386855,0.4166666666666667,0.12508730495323178,0.075,0.3184706621928226,0.3416666666666667,0.07900993890182509,0.07900993890182509,1.0,0.16666666666666666,0.4166666666666667,0.075,0.3416666666666667,0.11440800683397262,0.11440800683397262,1.0,0.2610424303032987,0.4098076093846194,0.09311447619709416,0.23603548411498776,0.07064965365668024,0.07064965365668024,1.0,0.2138545484849827,0.41323713802564305,0.08405723809854708,0.2888510753908272,0.0,0.0,1.0,0.19558930061525984,0.3608527322386855,0.12508730495323178,0.3184706621928226
160,0.07900993890182509,0.0,0.17932339443150824,85,114,0.0,0,1,160,0.19558930061525984,0.16666666666666666,0.3608527322386855,0.4166666666666667,0.12508730495323178,0.075,0.3184706621928226,0.3416666666666667,0.07900993890182509,0.07900993890182509,1.0,0.16666666666666666,0.4166666666666667,0.075,0.3416666666666667,0.055796271535896266,0.055796271535896266,1.0,0.13979302907936372,0.3771007325226529,0.15624145148985327,0.32686478690813014,0.05182603195054994,0.05182603195054994,1.0,0.1532298478730152,0.3968836995946598,0.11562072574492663,0.3342657267873984,0.0,0.0,1.0,0.19558930061525984,0.3608527322386855,0.12508730495323178,0.3184706621928226
161,0.07900993890182509,0.0,0.17932339443150824,85,113,0.0,0,0,160,0.19558930061525984,0.16666666666666666,0.3608527322386855,0.4166666666666667,0.12508730495323178,0.075,0.3184706621928226,0.3416666666666667,0.07900993890182509,0.07900993890182509,1.0,0.16666666666666666,0.4166666666666667,0.075,0.3416666666666667,0.055796271535896266,0.055796271535896266,1.0,0.13979302907936372,0.3771007325226529,0.15624145148985327,0.32686478690813014,0.05182603195054994,0.05182603195054994,1.0,0.1532298478730152,0.3968836995946598,0.11562072574492663,0.3342657267873984,0.0,0.0,1.0,0.19558930061525984,0.3608527322386855,0.12508730495323178,0.3184706621928226
162,0.07900993890182509,0.0,0.17932339443150824,60,112,0.0,0,0,160,0.19558930061525984,0.16666666666666666,0.3608527322386855,0.4166666666666667,0.12508730495323178,0.075,0.3184706621928226,0.3416666666666667,0.07900993890182509,0.07900993890182509,1.0,0.16666666666666666,0.4166666666666667,0.075,0.3416666666666667,0.055796271535896266,0.055796271535896266,1.0,0.13979302907936372,0.3771007325226529,0.15624145148985327,0.32686478690813014,0.05182603195054994,0.05182603195054994,1.0,0.1532298478730152,0.3968836995946598,0.11562072574492663,0.3342657267873984,0.0,0.0,1.0,0.19558930061525984,0.3608527322386855,0.12508730495323178,0.3184706621928226
163,0.07900993890182509,0.0,0.17932339443150824,69,113,0.0,0,0,160,0.19558930061525984,0.16666666666666666,0.3608527322386855,0.4166666666666667,0.12508730495323178,0.075,0.3184706621928226,0.3416666666666667,0.07900993890182509,0.07900993890182509,1.0,0.16666666666666666,0.4166666666666667,0.075,0.3416666666666667,0.055796271535896266,0.055796271535896266,1.0,0.13979302907936372,0.3771007325226529,0.15624145148985327,0.32686478690813014,0.05182603195054994,0.05182603195054994,1.0,0.1532298478730152,0.3968836995946598,0.11562072574492663,0.3342657267873984,0.0,0.0,1.0,0.19558930061525984,0.3608527322386855,0.12508730495323178,0.3184706621928226
164,0.07900993890182509,0.0,0.17932339443150824,84,113,0.0,0,0,160,0.19558930061525984,0.16666666666666666,0.3608527322386855,0.4166666666666667,0.12508730495323178,0.075,0.3184706621928226,0.3416666666666667,0.07900993890182509,0.07900993890182509,1.0,0.16666666666666666,0.4166666666666667,0.075,0.3416666666666667,0.055796271535896266,0.055796271535896266,1.0,0.13979302907936372,0.3771007325226529,0.15624145148985327,0.32686478690813014,0.05182603195054994,0.05182603195054994,1.0,0.1532298478730152,0.3968836995946598,0.11562072574492663,0.3342657267873984,0.0,0.0,1.0,0.19558930061525984,0.3608527322386855,0.12508730495323178,0.3184706621928226
165,0.07900993890182509,0.0,0.17932339443150824,72,114,0.0,0,0,160,0.19558930061525984,0.16666666666666666,0.3608527322386855,0.4166666666666667,0.12508730495323178,0.075,0.3184706621928226,0.3416666666666667,0.07900993890182509,0.07900993890182509,1.0,0.16666666666666666,0.4166666666666667,0.075,0.3416666666666667,0.055796271535896266,0.055796271535896266,1.0,0.13979302907936372,0.3771007325226529,0.15624145148985327,0.32686478690813014,0.05182603195054994,0.05182603195054994,1.0,0.1532298478730152,0.3968836995946598,0.11562072574492663,0.3342657267873984,0.0,0.0,1.0,0.19558930061525984,0.3608527322386855,0.12508730495323178,0.3184706621928226
166,0.07900993890182509,0.0,0.17932339443150824,78,115,0.0,0,0,160,0.19558930061525984,0.16666666666666666,0.3608527322386855,0.4166666666666667,0.12508730495323178,0.075,0.3184706621928226,0.3416666666666667,0.07900993890182509,0.07900993890182509,1.0,0.16666666666666666,0.4166666666666667,0.075,0.3416666666666667,0.055796271535896266,0.055796271535896266,1.0,0.13979302907936372,0.3771007325226529,0.15624145148985327,0.32686478690813014,0.05182603195054994,0.05182603195054994,1.0,0.1532298478730152,0.3968836995946598,0.11562072574492663,0.3342657267873984,0.0,0.0,1.0,0.19558930061525984,0.3608527322386855,0.12508730495323178,0.3184706621928226
167,0.07900993890182509,0.0,0.17932339443150824,78,116,0.0,0,0,160,0.19558930061525984,0.16666666666666666,0.3608527322386855,0.4166666666666667,0.12508730495323178,0.075,0.3184706621928226,0.3416666666666667,0.07900993890182509,0.07900993890182509,1.0,0.16666666666666666,0.4166666666666667,0.075,0.3416666666666667,0.055796271535896266,0.055796271535896266,1.0,0.13979302907936372,0.3771007325226529,0.15624145148985327,0.32686478690813014,0.05182603195054994,0.05182603195054994,1.0,0.1532298478730152,0.3968836995946598,0.11562072574492663,0.3342657267873984,0.0,0.0,1.0,0.19558930061525984,0.3608527322386855,0.12508730495323178,0.3184706621928226
168,0.07900993890182509,0.0,0.17932339443150824,65,116,0.0,0,0,160,0.19558930061525984,0.16666666666666666,0.3608527322386855,0.4166666666666667,0.12508730495323178,0.075,0.3184706621928226,0.3416666666666667,0.07900993890182509,0.07900993890182509,1.0,0.16666666666666666,0.4166666666666667,0.075,0.3416666666666667,0.055796271535896266,0.055796271535896266,1.0,0.13979302907936372,0.3771007325226529,0.15624145148985327,0.32686478690813014,0.05182603195054994,0.05182603195054994,1.0,0.1532298478730152,0.3968836995946598,0.11562072574492663,0.3342657267873984,0.0,0.0,1.0,0.19558930061525984,0.3608527322386855,0.12508730495323178,0.3184706621928226
169,0.07900993890182509,0.0,0.17932339443150824,60,116,0.0,0,0,160,0.19558930061525984,0.16666666666666666,0.3608527322386855,0.4166666666666667,0.12508730495323178,0.075,0.3184706621928226,0.3416666666666667,0.07900993890182509,0.07900993890182509,1.0,0.16666666666666666,0.4166666666666667,0.075,0.3416666666666667,0.055796271535896266,0.055796271535896266,1.0,0.13979302907936372,0.3771007325226529,0.15624145148985327,0.32686478690813014,0.05182603195054994,0.05182603195054994,1.0,0.1532298478730152,0.3968836995946598,0.11562072574492663,0.3342657267873984,0.0,0.0,1.0,0.19558930061525984,0.3608527322386855,0.12508730495323178,0.3184706621928226
170,0.07900993890182509,0.0,0.17932339443150824,72,114,0.0,0,1,170,0.19558930061525984,0.16666666666666666,0.3608527322386855,0.4166666666666667,0.12508730495323178,0.075,0.3184706621928226,0.3416666666666667,0.07900993890182509,0.07900993890182509,1.0,0.16666666666666666,0.4166666666666667,0.075,0.3416666666666667,0.022162759192321087,0.022162759192321087,1.0,0.2120826767097267,0.3409998676581556,0.12277741034144075,0.32414004529067697,0.03241322870957472,0.03241322870957472,1.0,0.18937467168819666,0.37883326716241117,0.09888870517072038,0.3329033559786718,0.0,0.0,1.0,0.19558930061525984,0.3608527322386855,0.12508730495323178,0.3184706621928226
171,0.07900993890182509,0.0,0.17932339443150824,82,113,0.0,0,0,170,0.19558930061525984,0.16666666666666666,0.3608527322386855,0.4166666666666667,0.12508730495323178,0.075,0.3184706621928226,0.3416666666666667,0.07900993890182509,0.07900993890182509,1.0,0.16666666666666666,0.4166666666666667,0.075,0.3416666666666667,0.022162759192321087,0.022162759192321087,1.0,0.2120826767097267,0.3409998676581556,0.12277741034144075,0.32414004529067697,0.03241322870957472,0.03241322870957472,1.0,0.18937467168819666,0.37883326716241117,0.09888870517072038,0.3329033559786718,0.0,0.0,1.0,0.19558930061525984,0.3608527322386855,0.12508730495323178,0.3184706621928226
172,0.07900993890182509,0.0,0.17932339443150824,77,112,0.0,0,0,170,0.19558930061525984,0.16666666666666666,0.3608527322386855,0.4166666666666667,0.12508730495323178,0.075,0.3184706621928226,0.3416666666666667,0.07900993890182509,0.07900993890182509,1.0,0.16666666666666666,0.4166666666666667,0.075,0.3416666666666667,0.022162759192321087,0.022162759192321087,1.0,0.2120826767097267,0.3409998676581556,0.12277741034144075,0.32414004529067697,0.03241322870957472,0.03241322870957472,1.0,0.18937467168819666,0.37883326716241117,0.09888870517072038,0.3329033559786718,0.0,0.0,1.0,0.19558930061525984,0.3608527322386855,0.12508730495323178,0.3184706621928226
173,0.07900993890182509,0.0,0.17932339443150824,76,112,0.0,0,0,170,0.19558930061525984,0.16666666666666666,0.3608527322386855,0.4166666666666667,0.12508730495323178,0.075,0.3184706621928226,0.3416666666666667,0.07900993890182509,0.07900993890182509,1.0,0.16666666666666666,0.4166666666666667,0.075,0.3416666666666667,0.022162759192321087,0.022162759192321087,1.0,0.2120826767097267,0.3409998676581556,0.12277741034144075,0.32414004529067697,0.03241322870957472,0.03241322870957472,1.0,0.18937467168819666,0.37883326716241117,0.09888870517072038,0.3329033559786718,0.0,0.0,1.0,0.19558930061525984,0.3608527322386855,0.12508730495323178,0.3184706621928226
174,0.07900993890182509,0.0,0.17932339443150824,84,111,0.0,0,0,170,0.19558930061525984,0.16666666666666666,0.3608527322386855,0.4166666666666667,0.12508730495323178,0.075,0.3184706621928226,0.3416666666666667,0.07900993890182509,0.07900993890182509,1.0,0.16666666666666666,0.4166666666666667,0.075,0.3416666666666667,0.022162759192321087,0.022162759192321087,1.0,0.2120826767097267,0.3409998676581556,0.12277741034144075,0.32414004529067697,0.03241322870957472,0.03241322870957472,1.0,0.18937467168819666,0.37883326716241117,0.09888870517072038,0.3329033559786718,0.0,0.0,1.0,0.19558930061525984,0.3608527322386855,0.12508730495323178,0.3184706621928226
175,0.07900993890182509,0.0,0.17932339443150824,68,111,0.0,0,0,170,0.19558930061525984,0.16666666666666666,0.3608527322386855,0.4166666666666667,0.12508730495323178,0.075,0.3184706621928226,0.3416666666666667,0.07900993890182509,0.07900993890182509,1.0,0.16666666666666666,0.4166666666666667,0.075,0.3416666666666667,0.022162759192321087,0.022162759192321087,1.0,0.2120826767097267,0.3409998676581556,0.12277741034144075,0.32414004529067697,0.03241322870957472,0.03241322870957472,1.0,0.18937467168819666,0.37883326716241117,0.09888870517072038,0.3329033559786718,0.0,0.0,1.0,0.19558930061525984,0.3608527322386855,0.12508730495323178,0.3184706621928226
176,0.07900993890182509,0.0,0.17932339443150824,75,113,0.0,0,0,170,0.19558930061525984,0.16666666666666666,0.3608527322386855,0.4166666666666667,0.12508730495323178,0.075,0.3184706621928226,0.3416666666666667,0.07900993890182509,0.07900993890182509,1.0,0.16666666666666666,0.4166666666666667,0.075,0.3416666666666667,0.022162759192321087,0.022162759192321087,1.0,0.2120826767097267,0.3409998676581556,0.12277741034144075,0.32414004529067697,0.03241322870957472,0.03241322870957472,1.0,0.18937467168819666,0.37883326716241117,0.09888870517072038,0.3329033559786718,0.0,0.0,1.0,0.19558930061525984,0.3608527322386855,0.12508730495323178,0.3184706621928226
177,0.07900993890182509,0.0,0.17932339443150824,83,112,0.0,0,0,170,0.19558930061525984,0.16666666666666666,0.3608527322386855,0.4166666666666667,0.12508730495323178,0.075,0.3184706621928226,0.3416666666666667,0.07900993890182509,0.07900993890182509,1.0,0.16666666666666666,0.4166666666666667,0.075,0.3416666666666667,0.022162759192321087,0.022162759192321087,1.0,0.2120826767097267,0.3409998676581556,0.12277741034144075,0.32414004529067697,0.03241322870957472,0.03241322870957472,1.0,0.18937467168819666,0.37883326716241117,0.09888870517072038,0.3329033559786718,0.0,0.0,1.0,0.19558930061525984,0.3608527322386855,0.12508730495323178,0.3184706621928226
178,0.07900993890182509,0.0,0.17932339443150824,73,113,0.0,0,0,170,0.19558930061525984,0.16666666666666666,0.3608527322386855,0.4166666666666667,0.12508730495323178,0.075,0.3184706621928226,0.3416666666666667,0.07900993890182509,0.07900993890182509,1.0,0.16666666666666666,0.4166666666666667,0.075,0.3416666666666667,0.022162759192321087,0.022162759192321087,1.0,0.2120826767097267,0.3409998676581556,0.12277741034144075,0.32414004529067697,0.03241322870957472,0.03241322870957472,1.0,0.18937467168819666,0.37883326716241117,0.09888870517072038,0.3329033559786718,0.0,0.0,1.0,0.19558930061525984,0.3608527322386855,0.12508730495323178,0.3184706621928226
179,0.07900993890182509,0.0,0.17932339443150824,73,110,0.0,0,0,170,0.19558930061525984,0.16666666666666666,0.3608527322386855,0.4166666666666667,0.12508730495323178,0.075,0.3184706621928226,0.3416666666666667,0.07900993890182509,0.07900993890182509,1.0,0.16666666666666666,0.4166666666666667,0.075,0.3416666666666667,0.022162759192321087,0.022162759192321087,1.0,0.2120826767097267,0.3409998676581556,0.12277741034144075,0.32414004529067697,0.03241322870957472,0.03241322870957472,1.0,0.18937467168819666,0.37883326716241117,0.09888870517072038,0.3329033559786718,0.0,0.0,1.0,0.19558930061525984,0.3608527322386855,0.12508730495323178,0.3184706621928226
180,0.07900993890182509,0.0,0.17932339443150824,74,113,0.0,0,1,180,0.19558930061525984,0.16666666666666666,0.3608527322386855,0.4166666666666667,0.12508730495323178,0.075,0.3184706621928226,0.3416666666666667,0.07900993890182509,0.07900993890182509,1.0,0.16666666666666666,0.4166666666666667,0.075,0.3416666666666667,0.023977304041309107,0.023977304041309107,1.0,0.19863324668776502,0.3418750971733988,0.12008763597720949,0.33940402016162663,0.040482830902671164,0.040482830902671164,1.0,0.18264995667721584,0.3792708819200328,0.09754381798860474,0.34053534341414665,0.0,0.0,1.0,0.19558930061525984,0.3608527322386855,0.12508730495323178,0.3184706621928226
181,0.07900993890182509,0.0,0.17932339443150824,63,113,0.0,0,0,180,0.19558930061525984,0.16666666666666666,0.3608527322386855,0.4166666666666667,0.12508730495323178,0.075,0.3184706621928226,0.3416666666666667,0.07900993890182509,0.07900993890182509,1.0,0.16666666666666666,0.4166666666666667,0.075,0.3416666666666667,0.023977304041309107,0.023977304041309107,1.0,0.19863324668776502,0.3418750971733988,0.12008763597720949,0.33940402016162663,0.040482830902671164,0.040482830902671164,1.0,0.18264995667721584,0.3792708819200328,0.09754381798860474,0.34053534341414665,0.0,0.0,1.0,0.19558930061525984,0.3608527322386855,0.12508730495323178,0.3184706621928226
182,0.07900993890182509,0.0,0.17932339443150824,75,111,0.0,0,0,180,0.19558930061525984,0.16666666666666666,0.3608527322386855,0.4166666666666667,0.12508730495323178,0.075,0.3184706621928226,0.3416666666666667,0.07900993890182509,0.07900993890182509,1.0,0.16666666666666666,0.4166666666666667,0.075,0.3416666666666667,0.023977304041309107,0.023977304041309107,1.0,0.19863324668776502,0.3418750971733988,0.12008763597720949,0.33940402016162663,0.040482830902671164,0.040482830902671164,1.0,0.18264995667721584,0.3792708819200328,0.09754381798860474,0.34053534341414665,0.0,0.0,1.0,0.19558930061525984,0.3608527322386855,0.12508730495323178,0.3184706621928226
183,0.07900993890182509,0.0,0.17932339443150824,80,113,0.0,0,0,180,0.19558930061525984,0.16666666666666666,0.3608527322386855,0.4166666666666667,0.12508730495323178,0.075,0.3184706621928226,0.3416666666666667,0.07900993890182509,0.07900993890182509,1.0,0.16666666666666666,0.4166666666666667,0.075,0.3416666666666667,0.023977304041309107,0.023977304041309107,1.0,0.19863324668776502,0.3418750971733988,0.12008763597720949,0.33940402016162663,0.040482830902671164,0.040482830902671164,1.0,0.18264995667721584,0.3792708819200328,0.09754381798860474,0.34053534341414665,0.0,0.0,1.0,0.19558930061525984,0.3608527322386855,0.12508730495323178,0.3184706621928226
184,0.07900993890182509,0.0,0.17932339443150824,78,112,0.0,0,0,180,0.19558930061525984,0.16666666666666666,0.3608527322386855,0.4166666666666667,0.12508730495323178,0.075,0.3184706621928226,0.3416666666666667,0.07900993890182509,0.07900993890182509,1.0,0.16666666666666666,0.4166666666666667,0.075,0.3416666666666667,0.023977304041309107,0.023977304041309107,1.0,0.19863324668776502,0.3418750971733988,0.12008763597720949,0.33940402016162663,0.040482830902671164,0.040482830902671164,1.0,0.18264995667721584,0.3792708819200328,0.09754381798860474,0.34053534341414665,0.0,0.0,1.0,0.19558930061525984,0.3608527322386855,0.12508730495323178,0.3184706621928226
185,0.07900993890182509,0.0,0.17932339443150824,75,112,0.0,0,0,180,0.19558930061525984,0.16666666666666666,0.3608527322386855,0.4166666666666667,0.12508730495323178,0.075,0.3184706621928226,0.3416666666666667,0.07900993890182509,0.07900993890182509,1.0,0.16666666666666666,0.4166666666666667,0.075,0.3416666666666667,0.023977304041309107,0.023977304041309107,1.0,0.19863324668776502,0.3418750971733988,0.12008763597720949,0.33940402016162663,0.040482830902671164,0.040482830902671164,1.0,0.18264995667721584,0.3792708819200328,0.09754381798860474,0.34053534341414665,0.0,0.0,1.0,0.19558930061525984,0.3608527322386855,0.12508730495323178,0.3184706621928226
186,0.07900993890182509,0.0,0.17932339443150824,74,112,0.0,0,0,180,0.19558930061525984,0.16666666666666666,0.3608527322386855,0.4166666666666667,0.12508730495323178,0.075,0.3184706621928226,0.3416666666666667,0.07900993890182509,0.07900993890182509,1.0,0.16666666666666666,0.4166666666666667,0.075,0.3416666666666667,0.023977304041309107,0.023977304041309107,1.0,0.19863324668776502,0.3418750971733988,0.12008763597720949,0.33940402016162663,0.040482830902671164,0.040482830902671164,1.0,0.18264995667721584,0.3792708819200328,0.09754381798860474,0.34053534341414665,0.0,0.0,1.0,0.19558930061525984,0.3608527322386855,0.12508730495323178,0.3184706621928226
187,0.07900993890182509,0.0,0.17932339443150824,55,113,0.0,0,0,180,0.19558930061525984,0.16666666666666666,0.3608527322386855,0.4166666666666667,0.12508730495323178,0.075,0.3184706621928226,0.3416666666666667,0.07900993890182509,0.07900993890182509,1.0,0.16666666666666666,0.4166666666666667,0.075,0.3416666666666667,0.023977304041309107,0.023977304041309107,1.0,0.19863324668776502,0.3418750971733988,0.12008763597720949,0.33940402016162663,0.040482830902671164,0.040482830902671164,1.0,0.18264995667721584,0.3792708819200328,0.09754381798860474,0.34053534341414665,0.0,0.0,1.0,0.19558930061525984,0.3608527322386855,0.12508730495323178,0.3184706621928226
188,0.07900993890182509,0.0,0.17932339443150824,70,114,0.0,0,0,180,0.19558930061525984,0.16666666666666666,0.3608527322386855,0.4166666666666667,0.12508730495323178,0.075,0.3184706621928226,0.3416666666666667,0.07900993890182509,0.07900993890182509,1.0,0.16666666666666666,0.4166666666666667,0.075,0.3416666666666667,0.023977304041309107,0.023977304041309107,1.0,0.19863324668776502,0.3418750971733988,0.12008763597720949,0.33940402016162663,0.040482830902671164,0.040482830902671164,1.0,0.18264995667721584,0.3792708819200328,0.09754381798860474,0.34053534341414665,0.0,0.0,1.0,0.19558930061525984,0.3608527322386855,0.12508730495323178,0.3184706621928226
189,0.07900993890182509,0.0,0.17932339443150824,74,114,0.0,0,0,180,0.19558930061525984,0.16666666666666666,0.3608527322386855,0.4166666666666667,0.12508730495323178,0.075,0.3184706621928226,0.3416666666666667,0.07900993890182509,0.07900993890182509,1.0,0.16666666666666666,0.4166666666666667,0.075,0.3416666666666667,0.023977304041309107,0.023977304041309107,1.0,0.19863324668776502,0.3418750971733988,0.12008763597720949,0.33940402016162663,0.040482830902671164,0.040482830902671164,1.0,0.18264995667721584,0.3792708819200328,0.09754381798860474,0.34053534341414665,0.0,0.0,1.0,0.19558930061525984,0.3608527322386855,0.12508730495323178,0.3184706621928226
190,0.07900993890182509,0.0,0.17932339443150824,66,113,0.0,0,1,190,0.19558930061525984,0.16666666666666666,0.3608527322386855,0.4166666666666667,0.12508730495323178,0.075,0.3184706621928226,0.3416666666666667,0.07900993890182509,0.07900993890182509,1.0,0.16666666666666666,0.4166666666666667,0.075,0.3416666666666667,0.12833138370846686,0.12833138370846686,0.0,0.1290376129539765,0.29907303619150216,0.16271444954110284,0.40917490131341855,0.056950121797219866,0.056950121797219866,0.0,0.14785213981032158,0.35786985142908445,0.11885722477055141,0.37542078399004264,0.0,0.0,1.0,0.19558930061525984,0.3608527322386855,0.12508730495323178,0.3184706621928226
191,0.07900993890182509,0.0,0.17932339443150824,62,114,0.0,0,0,190,0.19558930061525984,0.16666666666666666,0.3608527322386855,0.4166666666666667,0.12508730495323178,0.075,0.3184706621928226,0.3416666666666667,0.07900993890182509,0.07900993890182509,1.0,0.16666666666666666,0.4166666666666667,0.075,0.3416666666666667,0.12833138370846686,0.12833138370846686,0.0,0.1290376129539765,0.29907303619150216,0.16271444954110284,0.40917490131341855,0.056950121797219866,0.056950121797219866,0.0,0.14785213981032158,0.35786985142908445,0.11885722477055141,0.37542078399004264,0.0,0.0,1.0,0.19558930061525984,0.3608527322386855,0.12508730495323178,0.3184706621928226
192,0.07900993890182509,0.0,0.17932339443150824,61,114,0.0,0,0,190,0.19558930061525984,0.16666666666666666,0.3608527322386855,0.4166666666666667,0.12508730495323178,0.075,0.3184706621928226,0.3416666666666667,0.07900993890182509,0.07900993890182509,1.0,0.16666666666666666,0.4166666666666667,0.075,0.3416666666666667,0.12833138370846686,0.12833138370846686,0.0,0.1290376129539765,0.29907303619150216,0.16271444954110284,0.40917490131341855,0.056950121797219866,0.056950121797219866,0.0,0.14785213981032158,0.35786985142908445,0.11885722477055141,0.37542078399004264,0.0,0.0,1.0,0.19558930061525984,0.3608527322386855,0.12508730495323178,0.3184706621928226
193,0.07900993890182509,0.0,0.17932339443150824,66,114,0.0,0,0,190,0.19558930061525984,0.16666666666666666,0.3608527322386855,0.4166666666666667,0.12508730495323178,0.075,0.3184706621928226,0.3416666666666667,0.07900993890182509,0.07900993890182509,1.0,0.16666666666666666,0.4166666666666667,0.075,0.3416666666666667,0.12833138370846686,0.12833138370846686,0.0,0.1290376129539765,0.29907303619150216,0.16271444954110284,0.40917490131341855,0.056950121797219866,0.056950121797219866,0.0,0.14785213981032158,0.35786985142908445,0.11885722477055141,0.37542078399004264,0.0,0.0,1.0,0.19558930061525984,0.3608527322386855,0.12508730495323178,0.3184706621928226
194,0.07900993890182509,0.0,0.17932339443150824,60,116,0.0,0,0,190,0.19558930061525984,0.16666666666666666,0.3608527322386855,0.4166666666666667,0.12508730495323178,0.075,0.3184706621928226,0.3416666666666667,0.07900993890182509,0.07900993890182509,1.0,0.16666666666666666,0.4166666666666667,0.075,0.3416666666666667,0.12833138370846686,0.12833138370846686,0.0,0.1290376129539765,0.29907303619150216,0.16271444954110284,0.40917490131341855,0.056950121797219866,0.056950121797219866,0.0,0.14785213981032158,0.35786985142908445,0.11885722477055141,0.37542078399004264,0.0,0.0,1.0,0.19558930061525984,0.3608527322386855,0.12508730495323178,0.3184706621928226
195,0.07900993890182509,0.0,0.17932339443150824,85,117,0.0,0,0,190,0.19558930061525984,0.16666666666666666,0.3608527322386855,0.4166666666666667,0.12508730495323178,0.075,0.3184706621928226,0.3416666666666667,0.07900993890182509,0.07900993890182509,1.0,0.16666666666666666,0.4166666666666667,0.075,0.3416666666666667,0.12833138370846686,0.12833138370846686,0.0,0.1290376129539765,0.29907303619150216,0.16271444954110284,0.40917490131341855,0.056950121797219866,0.056950121797219866,0.0,0.14785213981032158,0.35786985142908445,0.11885722477055141,0.37542078399004264,0.0,0.0,1.0,0.19558930061525984,0.3608527322386855,0.12508730495323178,0.3184706621928226
196,0.07900993890182509,0.0,0.17932339443150824,61,116,0.0,0,0,190,0.19558930061525984,0.16666666666666666,0.3608527322386855,0.4166666666666667,0.12508730495323178,0.075,0.3184706621928226,0.3416666666666667,0.07900993890182509,0.07900993890182509,1.0,0.16666666666666666,0.4166666666666667,0.075,0.3416666666666667,0.12833138370846686,0.12833138370846686,0.0,0.1290376129539765,0.29907303619150216,0.16271444954110284,0.40917490131341855,0.056950121797219866,0.056950121797219866,0.0,0.14785213981032158,0.35786985142908445,0.11885722477055141,0.37542078399004264,0.0,0.0,1.0,0.19558930061525984,0.3608527322386855,0.12508730495323178,0.3184706621928226
197,0.07900993890182509,0.0,0.17932339443150824,70,118,0.0,0,0,190,0.19558930061525984,0.16666666666666666,0.3608527322386855,0.4166666666666667,0.12508730495323178,0.075,0.3184706621928226,0.3416666666666667,0.07900993890182509,0.07900993890182509,1.0,0.16666666666666666,0.4166666666666667,0.075,0.3416666666666667,0.12833138370846686,0.12833138370846686,0.0,0.1290376129539765,0.29907303619150216,0.16271444954110284,0.40917490131341855,0.056950121797219866,0.056950121797219866,0.0,0.14785213981032158,0.35786985142908445,0.11885722477055141,0.37542078399004264,0.0,0.0,1.0,0.19558930061525984,0.3608527322386855,0.12508730495323178,0.3184706621928226
198,0.07900993890182509,0.0,0.17932339443150824,76,117,0.0,0,0,190,0.19558930061525984,0.16666666666666666,0.3608527322386855,0.4166666666666667,0.12508730495323178,0.075,0.3184706621928226,0.3416666666666667,0.07900993890182509,0.07900993890182509,1.0,0.16666666666666666,0.4166666666666667,0.075,0.3416666666666667,0.12833138370846686,0.12833138370846686,0.0,0.1290376129539765,0.29907303619150216,0.16271444954110284,0.40917490131341855,0.056950121797219866,0.056950121797219866,0.0,0.14785213981032158,0.35786985142908445,0.11885722477055141,0.37542078399004264,0.0,0.0,1.0,0.19558930061525984,0.3608527322386855,0.12508730495323178,0.3184706621928226
199,0.07900993890182509,0.0,0.17932339443150824,65,118,0.0,0,0,190,0.19558930061525984,0.16666666666666666,0.3608527322386855,0.4166666666666667,0.12508730495323178,0.075,0.3184706621928226,0.3416666666666667,0.07900993890182509,0.07900993890182509,1.0,0.16666666666666666,0.4166666666666667,0.075,0.3416666666666667,0.12833138370846686,0.12833138370846686,0.0,0.1290376129539765,0.29907303619150216,0.16271444954110284,0.40917490131341855,0.056950121797219866,0.056950121797219866,0.0,0.14785213981032158,0.35786985142908445,0.11885722477055141,0.37542078399004264,0.0,0.0,1.0,0.19558930061525984,0.3608527322386855,0.12508730495323178,0.3184706621928226
200,0.07900993890182509,0.0,0.17932339443150824,60,118,0.0,0,1,200,0.19558930061525984,0.16666666666666666,0.3608527322386855,0.4166666666666667,0.12508730495323178,0.075,0.3184706621928226,0.3416666666666667,0.07900993890182509,0.07900993890182509,1.0,0.16666666666666666,0.4166666666666667,0.075,0.3416666666666667,0.10470669375395283,0.10470669375395283,1.0,0.3002959943692128,0.3598293866370745,0.06474980470843646,0.27512481428527624,0.06528732431586483,0.06528732431586483,1.0,0.23348133051793973,0.3882480266518706,0.06987490235421823,0.30839574047597146,0.0,0.0,1.0,0.19558930061525984,0.3608527322386855,0.12508730495323178,0.3184706621928226
201,0.07900993890182509,0.0,0.17932339443150824,81,118,0.0,0,0,200,0.19558930061525984,0.16666666666666666,0.3608527322386855,0.4166666666666667,0.12508730495323178,0.075,0.3184706621928226,0.3416666666666667,0.07900993890182509,0.07900993890182509,1.0,0.16666666666666666,0.4166666666666667,0.075,0.3416666666666667,0.10470669375395283,0.10470669375395283,1.0,0.3002959943692128,0.3598293866370745,0.06474980470843646,0.27512481428527624,0.06528732431586483,0.06528732431586483,1.0,0.23348133051793973,0.3882480266518706,0.06987490235421823,0.30839574047597146,0.0,0.0,1.0,0.19558930061525984,0.3608527322386855,0.12508730495323178,0.3184706621928226
202,0.07900993890182509,0.0,0.17932339443150824,67,118,0.0,0,0,200,0.19558930061525984,0.16666666666666666,0.3608527322386855,0.4166666666666667,0.12508730495323178,0.075,0.3184706621928226,0.3416666666666667,0.07900993890182509,0.07900993890182509,1.0,0.16666666666666666,0.4166666666666667,0.075,0.3416666666666667,0.10470669375395283,0.10470669375395283,1.0,0.3002959943692128,0.3598293866370745,0.06474980470843646,0.27512481428527624,0.06528732431586483,0.06528732431586483,1.0,0.23348133051793973,0.3882480266518706,0.06987490235421823,0.30839574047597146,0.0,0.0,1.0,0.19558930061525984,0.3608527322386855,0.12508730495323178,0.3184706621928226
203,0.07900993890182509,0.0,0.17932339443150824,62,118,0.0,0,0,200,0.19558930061525984,0.16666666666666666,0.3608527322386855,0.4166666666666667,0.12508730495323178,0.075,0.3184706621928226,0.3416666666666667,0.07900993890182509,0.07900993890182509,1.0,0.16666666666666666,0.4166666666666667,0.075,0.3416666666666667,0.10470669375395283,0.10470669375395283,1.0,0.3002959943692128,0.3598293866370745,0.06474980470843646,0.27512481428527624,0.06528732431586483,0.06528732431586483,1.0,0.23348133051793973,0.3882480266518706,0.06987490235421823,0.30839574047597146,0.0,0.0,1.0,0.19558930061525984,0.3608527322386855,0.12508730495323178,0.3184706621928226
204,0.07900993890182509,0.0,0.17932339443150824,69,119,0.0,0,0,200,0.19558930061525984,0.16666666666666666,0.3608527322386855,0.4166666666666667,0.12508730495323178,0.075,0.3184706621928226,0.3416666666666667,0.07900993890182509,0.07900993890182509,1.0,0.16666666666666666,0.4166666666666667,0.075,0.3416666666666667,0.10470669375395283,0.10470669375395283,1.0,0.3002959943692128,0.3598293866370745,0.06474980470843646,0.27512481428527624,0.06528732431586483,0.06528732431586483,1.0,0.23348133051793973,0.3882480266518706,0.06987490235421823,0.30839574047597146,0.0,0.0,1.0,0.19558930061525984,0.3608527322386855,0.12508730495323178,0.3184706621928226
205,0.07900993890182509,0.0,0.17932339443150824,74,121,0.0,0,0,200,0.19558930061525984,0.16666666666666666,0.3608527322386855,0.4166666666666667,0.12508730495323178,0.075,0.3184706621928226,0.3416666666666667,0.07900993890182509,0.07900993890182509,1.0,0.16666666666666666,0.4166666666666667,0.075,0.3416666666666667,0.10470669375395283,0.10470669375395283,1.0,0.3002959943692128,0.3598293866370745,0.06474980470843646,0.27512481428527624,0.06528732431586483,0.06528732431586483,1.0,0.23348133051793973,0.3882480266518706,0.06987490235421823,0.30839574047597146,0.0,0.0,1.0,0.19558930061525984,0.3608527322386855,0.12508730495323178,0.3184706621928226
206,0.07900993890182509,0.0,0.17932339443150824,64,123,0.0,0,0,200,0.19558930061525984,0.16666666666666666,0.3608527322386855,0.4166666666666667,0.12508730495323178,0.075,0.3184706621928226,0.3416666666666667,0.07900993890182509,0.07900993890182509,1.0,0.16666666666666666,0.4166666666666667,0.075,0.3416666666666667,0.10470669375395283,0.10470669375395283,1.0,0.3002959943692128,0.3598293866370745,0.06474980470843646,0.27512481428527624,0.06528732431586483,0.06528732431586483,1.0,0.23348133051793973,0.3882480266518706,0.06987490235421823,0.30839574047597146,0.0,0.0,1.0,0.19558930061525984,0.3608527322386855,0.12508730495323178,0.3184706621928226
207,0.07900993890182509,0.0,0.17932339443150824,80,122,0.0,0,0,200,0.19558930061525984,0.16666666666666666,0.3608527322386855,0.4166666666666667,0.12508730495323178,0.075,0.3184706621928226,0.3416666666666667,0.07900993890182509,0.07900993890182509,1.0,0.16666666666666666,0.4166666666666667,0.075,0.3416666666666667,0.10470669375395283,0.10470669375395283,1.0,0.3002959943692128,0.3598293866370745,0.06474980470843646,0.27512481428527624,0.06528732431586483,0.06528732431586483,1.0,0.23348133051793973,0.3882480266518706,0.06987490235421823,0.30839574047597146,0.0,0.0,1.0,0.19558930061525984,0.3608527322386855,0.12508730495323178,0.3184706621928226
208,0.07900993890182509,0.0,0.17932339443150824,68,121,0.0,0,0,200,0.19558930061525984,0.16666666666666666,0.3608527322386855,0.4166666666666667,0.12508730495323178,0.075,0.3184706621928226,0.3416666666666667,0.07900993890182509,0.07900993890182509,1.0,0.16666666666666666,0.4166666666666667,0.075,0.3416666666666667,0.10470669375395283,0.10470669375395283,1.0,0.3002959943692128,0.3598293866370745,0.06474980470843646,0.27512481428527624,0.06528732431586483,0.06528732431586483,1.0,0.23348133051793973,0.3882480266518706,0.06987490235421823,0.30839574047597146,0.0,0.0,1.0,0.19558930061525984,0.3608527322386855,0.12508730495323178,0.3184706621928226
209,0.07900993890182509,0.0,0.17932339443150824,75,124,0.0,0,0,200,0.19558930061525984,0.16666666666666666,0.3608527322386855,0.4166666666666667,0.12508730495323178,0.075,0.3184706621928226,0.3416666666666667,0.07900993890182509,0.07900993890182509,1.0,0.16666666666666666,0.4166666666666667,0.075,0.3416666666666667,0.10470669375395283,0.10470669375395283,1.0,0.3002959943692128,0.3598293866370745,0.06474980470843646,0.27512481428527624,0.06528732431586483,0.06528732431586483,1.0,0.23348133051793973,0.3882480266518706,0.06987490235421823,0.30839574047597146,0.0,0.0,1.0,0.19558930061525984,0.3608527322386855,0.12508730495323178,0.3184706621928226
210,0.07900993890182509,0.0,0.17932339443150824,73,124,0.0,0,1,210,0.19558930061525984,0.16666666666666666,0.3608527322386855,0.4166666666666667,0.12508730495323178,0.075,0.3184706621928226,0.3416666666666667,0.07900993890182509,0.07900993890182509,1.0,0.16666666666666666,0.4166666666666667,0.075,0.3416666666666667,0.0647422121162229,0.0647422121162229,1.0,0.1872567648797763,0.34368778599756267,0.1898295170694548,0.2792259320532062,0.026651947674924653,0.026651947674924653,1.0,0.17696171577322148,0.3801772263321147,0.1324147585347274,0.31044629935993645,0.0,0.0,1.0,0.19558930061525984,0.3608527322386855,0.12508730495323178,0.3184706621928226
211,0.07900993890182509,0.0,0.17932339443150824,74,127,0.0,0,0,210,0.19558930061525984,0.16666666666666666,0.3608527322386855,0.4166666666666667,0.12508730495323178,0.075,0.3184706621928226,0.3416666666666667,0.07900993890182509,0.07900993890182509,1.0,0.16666666666666666,0.4166666666666667,0.075,0.3416666666666667,0.0647422121162229,0.0647422121162229,1.0,0.1872567648797763,0.34368778599756267,0.1898295170694548,0.2792259320532062,0.026651947674924653,0.026651947674924653,1.0,0.17696171577322148,0.3801772263321147,0.1324147585347274,0.31044629935993645,0.0,0.0,1.0,0.19558930061525984,0.3608527322386855,0.12508730495323178,0.3184706621928226
212,0.07900993890182509,0.0,0.17932339443150824,63,125,0.0,0,0,210,0.19558930061525984,0.16666666666666666,0.3608527322386855,0.4166666666666667,0.12508730495323178,0.075,0.3184706621928226,0.3416666666666667,0.07900993890182509,0.07900993890182509,1.0,0.16666666666666666,0.4166666666666667,0.075,0.3416666666666667,0.0647422121162229,0.0647422121162229,1.0,0.1872567648797763,0.34368778599756267,0.1898295170694548,0.2792259320532062,0.026651947674924653,0.026651947674924653,1.0,0.17696171577322148,0.3801772263321147,0.1324147585347274,0.31044629935993645,0.0,0.0,1.0,0.19558930061525984,0.3608527322386855,0.12508730495323178,0.3184706621928226
213,0.07900993890182509,0.0,0.17932339443150824,76,124,0.0,0,0,210,0.19558930061525984,0.16666666666666666,0.3608527322386855,0.4166666666666667,0.12508730495323178,0.075,0.3184706621928226,0.3416666666666667,0.07900993890182509,0.07900993890182509,1.0,0.16666666666666666,0.4166666666666667,0.075,0.3416666666666667,0.0647422121162229,0.0647422121162229,1.0,0.1872567648797763,0.34368778599756267,0.1898295170694548,0.2792259320532062,0.026651947674924653,0.026651947674924653,1.0,0.17696171577322148,0.3801772263321147,0.1324147585347274,0.31044629935993645,0.0,0.0,1.0,0.19558930061525984,0.3608527322386855,0.12508730495323178,0.3184706621928226
214,0.07900993890182509,0.0,0.17932339443150824,87,124,0.0,0,0,210,0.19558930061525984,0.16666666666666666,0.3608527322386855,0.4166666666666667,0.12508730495323178,0.075,0.3184706621928226,0.3416666666666667,0.07900993890182509,0.07900993890182509,1.0,0.16666666666666666,0.4166666666666667,0.075,0.3416666666666667,0.0647422121162229,0.0647422121162229,1.0,0.1872567648797763,0.34368778599756267,0.1898295170694548,0.2792259320532062,0.026651947674924653,0.026651947674924653,1.0,0.17696171577322148,0.3801772263321147,0.1324147585347274,0.31044629935993645,0.0,0.0,1.0,0.19558930061525984,0.3608527322386855,0.12508730495323178,0.3184706621928226
215,0.07900993890182509,0.0,0.17932339443150824,63,125,0.0,0,0,210,0.19558930061525984,0.16666666666666666,0.3608527322386855,0.4166666666666667,0.12508730495323178,0.075,0.3184706621928226,0.3416666666666667,0.07900993890182509,0.07900993890182509,1.0,0.16666666666666666,0.4166666666666667,0.075,0.3416666666666667,0.0647422121162229,0.0647422121162229,1.0,0.1872567648797763,0.34368778599756267,0.1898295170694548,0.2792259320532062,0.026651947674924653,0.026651947674924653,1.0,0.17696171577322148,0.3801772263321147,0.1324147585347274,0.31044629935993645,0.0,0.0,1.0,0.19558930061525984,0.3608527322386855,0.12508730495323178,0.3184706621928226
216,0.07900993890182509,0.0,0.17932339443150824,78,126,0.0,0,0,210,0.19558930061525984,0.16666666666666666,0.3608527322386855,0.4166666666666667,0.12508730495323178,0.075,0.3184706621928226,0.3416666666666667,0.07900993890182509,0.07900993890182509,1.0,0.16666666666666666,0.4166666666666667,0.075,0.3416666666666667,0.0647422121162229,0.0647422121162229,1.0,0.1872567648797763,0.34368778599756267,0.1898295170694548,0.2792259320532062,0.026651947674924653,0.026651947674924653,1.0,0.17696171577322148,0.3801772263321147,0.1324147585347274,0.31044629935993645,0.0,0.0,1.0,0.19558930061525984,0.3608527322386855,0.12508730495323178,0.3184706621928226
217,0.07900993890182509,0.0,0.17932339443150824,78,127,0.0,0,0,210,0.19558930061525984,0.16666666666666666,0.3608527322386855,0.4166666666666667,0.12508730495323178,0.075,0.3184706621928226,0.3416666666666667,0.07900993890182509,0.07900993890182509,1.0,0.16666666666666666,0.4166666666666667,0.075,0.3416666666666667,0.0647422121162229,0.0647422121162229,1.0,0.1872567648797763,0.34368778599756267,0.1898295170694548,0.2792259320532062,0.026651947674924653,0.026651947674924653,1.0,0.17696171577322148,0.3801772263321147,0.1324147585347274,0.31044629935993645,0.0,0.0,1.0,0.19558930061525984,0.3608527322386855,0.12508730495323178,0.3184706621928226
218,0.07900993890182509,0.0,0.17932339443150824,67,127,0.0,0,0,210,0.19558930061525984,0.16666666666666666,0.3608527322386855,0.4166666666666667,0.12508730495323178,0.075,0.3184706621928226,0.3416666666666667,0.07900993890182509,0.07900993890182509,1.0,0.16666666666666666,0.4166666666666667,0.075,0.3416666666666667,0.0647422121162229,0.0647422121162229,1.0,0.1872567648797763,0.34368778599756267,0.1898295170694548,0.2792259320532062,0.026651947674924653,0.026651947674924653,1.0,0.17696171577322148,0.3801772263321147,0.1324147585347274,0.31044629935993645,0.0,0.0,1.0,0.19558930061525984,0.3608527322386855,0.12508730495323178,0.3184706621928226
219,0.07900993890182509,0.0,0.17932339443150824,66,126,0.0,0,0,210,0.19558930061525984,0.16666666666666666,0.3608527322386855,0.4166666666666667,0.12508730495323178,0.075,0.3184706621928226,0.3416666666666667,0.07900993890182509,0.07900993890182509,1.0,0.16666666666666666,0.4166666666666667,0.075,0.3416666666666667,0.0647422121162229,0.0647422121162229,1.0,0.1872567648797763,0.34368778599756267,0.1898295170694548,0.2792259320532062,0.026651947674924653,0.026651947674924653,1.0,0.17696171577322148,0.3801772263321147,0.1324147585347274,0.31044629935993645,0.0,0.0,1.0,0.19558930061525984,0.3608527322386855,0.12508730495323178,0.3184706621928226
220,0.07900993890182509,0.0,0.17932339443150824,70,126,0.0,0,1,220,0.19558930061525984,0.16666666666666666,0.3608527322386855,0.4166666666666667,0.12508730495323178,0.075,0.3184706621928226,0.3416666666666667,0.07900993890182509,0.07900993890182509,1.0,0.16666666666666666,0.4166666666666667,0.075,0.3416666666666667,0.07414150554331377,0.07414150554331377,0.0,0.16942412307033025,0.31287640424030155,0.12786099697780232,0.38983847571156605,0.05120071221109218,0.05120071221109218,0.0,0.16804539486849845,0.3647715354534841,0.10143049848890115,0.36575257118911636,0.0,0.0,1.0,0.19558930061525984,0.3608527322386855,0.12508730495323178,0.3184706621928226
221,0.07900993890182509,0.0,0.17932339443150824,70,127,0.0,0,0,220,0.19558930061525984,0.16666666666666666,0.3608527322386855,0.4166666666666667,0.12508730495323178,0.075,0.3184706621928226,0.3416666666666667,0.07900993890182509,0.07900993890182509,1.0,0.16666666666666666,0.4166666666666667,0.075,0.3416666666666667,0.07414150554331377,0.07414150554331377,0.0,0.16942412307033025,0.31287640424030155,0.12786099697780232,0.38983847571156605,0.05120071221109218,0.05120071221109218,0.0,0.16804539486849845,0.3647715354534841,0.10143049848890115,0.36575257118911636,0.0,0.0,1.0,0.19558930061525984,0.3608527322386855,0.12508730495323178,0.3184706621928226
222,0.07900993890182509,0.0,0.17932339443150824,64,128,0.0,0,0,220,0.19558930061525984,0.16666666666666666,0.3608527322386855,0.4166666666666667,0.12508730495323178,0.075,0.3184706621928226,0.3416666666666667,0.07900993890182509,0.07900993890182509,1.0,0.16666666666666666,0.4166666666666667,0.075,0.3416666666666667,0.07414150554331377,0.07414150554331377,0.0,0.16942412307033025,0.31287640424030155,0.12786099697780232,0.38983847571156605,0.05120071221109218,0.05120071221109218,0.0,0.16804539486849845,0.3647715354534841,0.10143049848890115,0.36575257118911636,0.0,0.0,1.0,0.19558930061525984,0.3608527322386855,0.12508730495323178,0.3184706621928226
223,0.07900993890182509,0.0,0.17932339443150824,76,127,0.0,0,0,220,0.19558930061525984,0.16666666666666666,0.3608527322386855,0.4166666666666667,0.12508730495323178,0.075,0.3184706621928226,0.3416666666666667,0.07900993890182509,0.07900993890182509,1.0,0.16666666666666666,0.4166666666666667,0.075,0.3416666666666667,0.07414150554331377,0.07414150554331377,0.0,0.16942412307033025,0.31287640424030155,0.12786099697780232,0.38983847571156605,0.05120071221109218,0.05120071221109218,0.0,0.16804539486849845,0.3647715354534841,0.10143049848890115,0.36575257118911636,0.0,0.0,1.0,0.19558930061525984,0.3608527322386855,0.12508730495323178,0.3184706621928226
224,0.07900993890182509,0.0,0.17932339443150824,76,127,0.0,0,0,220,0.19558930061525984,0.16666666666666666,0.3608527322386855,0.4166666666666667,0.12508730495323178,0.075,0.3184706621928226,0.3416666666666667,0.07900993890182509,0.07900993890182509,1.0,0.16666666666666666,0.4166666666666667,0.075,0.3416666666666667,0.07414150554331377,0.07414150554331377,0.0,0.16942412307033025,0.31287640424030155,0.12786099697780232,0.38983847571156605,0.05120071221109218,0.05120071221109218,0.0,0.16804539486849845,0.3647715354534841,0.10143049848890115,0.36575257118911636,0.0,0.0,1.0,0.19558930061525984,0.3608527322386855,0.12508730495323178,0.3184706621928226
225,0.07900993890182509,0.0,0.17932339443150824,88,128,0.0,0,0,220,0.19558930061525984,0.16666666666666666,0.3608527322386855,0.4166666666666667,0.12508730495323178,0.075,0.3184706621928226,0.3416666666666667,0.07900993890182509,0.07900993890182509,1.0,0.16666666666666666,0.4166666666666667,0.075,0.3416666666666667,0.07414150554331377,0.07414150554331377,0.0,0.16942412307033025,0.31287640424030155,0.12786099697780232,0.38983847571156605,0.05120071221109218,0.05120071221109218,0.0,0.16804539486849845,0.3647715354534841,0.10143049848890115,0.36575257118911636,0.0,0.0,1.0,0.19558930061525984,0.3608527322386855,0.12508730495323178,0.3184706621928226
226,0.07900993890182509,0.0,0.17932339443150824,79,129,0.0,0,0,220,0.19558930061525984,0.16666666666666666,0.3608527322386855,0.4166666666666667,0.12508730495323178,0.075,0.3184706621928226,0.3416666666666667,0.07900993890182509,0.07900993890182509,1.0,0.16666666666666666,0.4166666666666667,0.075,0.3416666666666667,0.07414150554331377,0.07414150554331377,0.0,0.16942412307033025,0.31287640424030155,0.12786099697780232,0.38983847571156605,0.05120071221109218,0.05120071221109218,0.0,0.16804539486849845,0.3647715354534841,0.10143049848890115,0.36575257118911636,0.0,0.0,1.0,0.19558930061525984,0.3608527322386855,0.12508730495323178,0.3184706621928226
227,0.07900993890182509,0.0,0.17932339443150824,63,132,0.0,0,0,220,0.19558930061525984,0.16666666666666666,0.3608527322386855,0.4166666666666667,0.12508730495323178,0.075,0.3184706621928226,0.3416666666666667,0.07900993890182509,0.07900993890182509,1.0,0.16666666666666666,0.4166666666666667,0.075,0.3416666666666667,0.07414150554331377,0.07414150554331377,0.0,0.16942412307033025,0.31287640424030155,0.12786099697780232,0.38983847571156605,0.05120071221109218,0.05120071221109218,0.0,0.16804539486849845,0.3647715354534841,0.10143049848890115,0.36575257118911636,0.0,0.0,1.0,0.19558930061525984,0.3608527322386855,0.12508730495323178,0.3184706621928226
228,0.07900993890182509,0.0,0.17932339443150824,81,132,0.0,0,0,220,0.19558930061525984,0.16666666666666666,0.3608527322386855,0.4166666666666667,0.12508730495323178,0.075,0.3184706621928226,0.3416666666666667,0.07900993890182509,0.07900993890182509,1.0,0.16666666666666666,0.4166666666666667,0.075,0.3416666666666667,0.07414150554331377,0.07414150554331377,0.0,0.16942412307033025,0.31287640424030155,0.12786099697780232,0.38983847571156605,0.05120071221109218,0.05120071221109218,0.0,0.16804539486849845,0.3647715354534841,0.10143049848890115,0.36575257118911636,0.0,0.0,1.0,0.19558930061525984,0.3608527322386855,0.12508730495323178,0.3184706621928226
229,0.07900993890182509,0.0,0.17932339443150824,74,132,0.0,0,0,220,0.19558930061525984,0.16666666666666666,0.3608527322386855,0.4166666666666667,0.12508730495323178,0.075,0.3184706621928226,0.3416666666666667,0.07900993890182509,0.07900993890182509,1.0,0.16666666666666666,0.4166666666666667,0.075,0.3416666666666667,0.07414150554331377,0.07414150554331377,0.0,0.16942412307033025,0.31287640424030155,0.12786099697780232,0.38983847571156605,0.05120071221109218,0.05120071221109218,0.0,0.16804539486849845,0.3647715354534841,0.10143049848890115,0.36575257118911636,0.0,0.0,1.0,0.19558930061525984,0.3608527322386855,0.12508730495323178,0.3184706621928226
230,0.07900993890182509,0.0,0.17932339443150824,72,132,0.0,0,1,230,0.19558930061525984,0.16666666666666666,0.3608527322386855,0.4166666666666667,0.12508730495323178,0.075,0.3184706621928226,0.3416666666666667,0.07900993890182509,0.07900993890182509,1.0,0.16666666666666666,0.4166666666666667,0.075,0.3416666666666667,0.08454269935979404,0.08454269935979404,1.0,0.1519372704865173,0.43367892895539467,0.1368038075963168,0.2775799929617712,0.06432006557234504,0.06432006557234504,1.0,0.15930196857659198,0.4251727978110307,0.10590190379815839,0.3096233298142189,0.0,0.0,1.0,0.19558930061525984,0.3608527322386855,0.12508730495323178,0.3184706621928226
231,0.07900993890182509,0.0,0.17932339443150824,75,132,0.0,0,0,230,0.19558930061525984,0.16666666666666666,0.3608527322386855,0.4166666666666667,0.12508730495323178,0.075,0.3184706621928226,0.3416666666666667,0.07900993890182509,0.07900993890182509,1.0,0.16666666666666666,0.4166666666666667,0.075,0.3416666666666667,0.08454269935979404,0.08454269935979404,1.0,0.1519372704865173,0.43367892895539467,0.1368038075963168,0.2775799929617712,0.06432006557234504,0.06432006557234504,1.0,0.15930196857659198,0.4251727978110307,0.10590190379815839,0.3096233298142189,0.0,0.0,1.0,0.19558930061525984,0.3608527322386855,0.12508730495323178,0.3184706621928226
232,0.07900993890182509,0.0,0.17932339443150824,82,131,0.0,0,0,230,0.19558930061525984,0.16666666666666666,0.3608527322386855,0.4166666666666667,0.12508730495323178,0.075,0.3184706621928226,0.3416666666666667,0.07900993890182509,0.07900993890182509,1.0,0.16666666666666666,0.4166666666666667,0.075,0.3416666666666667,0.08454269935979404,0.08454269935979404,1.0,0.1519372704865173,0.43367892895539467,0.1368038075963168,0.2775799929617712,0.06432006557234504,0.06432006557234504,1.0,0.15930196857659198,0.4251727978110307,0.10590190379815839,0.3096233298142189,0.0,0.0,1.0,0.19558930061525984,0.3608527322386855,0.12508730495323178,0.3184706621928226
233,0.07900993890182509,0.0,0.17932339443150824,67,130,0.0,0,0,230,0.19558930061525984,0.16666666666666666,0.3608527322386855,0.4166666666666667,0.12508730495323178,0.075,0.3184706621928226,0.3416666666666667,0.07900993890182509,0.07900993890182509,1.0,0.16666666666666666,0.4166666666666667,0.075,0.3416666666666667,0.08454269935979404,0.08454269935979404,1.0,0.1519372704865173,0.43367892895539467,0.1368038075963168,0.2775799929617712,0.06432006557234504,0.06432006557234504,1.0,0.15930196857659198,0.4251727978110307,0.10590190379815839,0.3096233298142189,0.0,0.0,1.0,0.19558930061525984,0.3608527322386855,0.12508730495323178,0.3184706621928226
234,0.07900993890182509,0.0,0.17932339443150824,70,130,0.0,0,0,230,0.19558930061525984,0.16666666666666666,0.3608527322386855,0.4166666666666667,0.12508730495323178,0.075,0.3184706621928226,0.3416666666666667,0.07900993890182509,0.07900993890182509,1.0,0.16666666666666666,0.4166666666666667,0.075,0.3416666666666667,0.08454269935979404,0.08454269935979404,1.0,0.1519372704865173,0.43367892895539467,0.1368038075963168,0.2775799929617712,0.06432006557234504,0.06432006557234504,1.0,0.15930196857659198,0.4251727978110307,0.10590190379815839,0.3096233298142189,0.0,0.0,1.0,0.19558930061525984,0.3608527322386855,0.12508730495323178,0.3184706621928226
235,0.07900993890182509,0.0,0.17932339443150824,61,129,0.0,0,0,230,0.19558930061525984,0.16666666666666666,0.3608527322386855,0.4166666666666667,0.12508730495323178,0.075,0.3184706621928226,0.3416666666666667,0.07900993890182509,0.07900993890182509,1.0,0.16666666666666666,0.4166666666666667,0.075,0.3416666666666667,0.08454269935979404,0.08454269935979404,1.0,0.1519372704865173,0.43367892895539467,0.1368038075963168,0.2775799929617712,0.06432006557234504,0.06432006557234504,1.0,0.15930196857659198,0.4251727978110307,0.10590190379815839,0.3096233298142189,0.0,0.0,1.0,0.19558930061525984,0.3608527322386855,0.12508730495323178,0.3184706621928226
236,0.07900993890182509,0.0,0.17932339443150824,68,130,0.0,0,0,230,0.19558930061525984,0.16666666666666666,0.3608527322386855,0.4166666666666667,0.12508730495323178,0.075,0.3184706621928226,0.3416666666666667,0.07900993890182509,0.07900993890182509,1.0,0.16666666666666666,0.4166666666666667,0.075,0.3416666666666667,0.08454269935979404,0.08454269935979404,1.0,0.1519372704865173,0.43367892895539467,0.1368038075963168,0.2775799929617712,0.06432006557234504,0.06432006557234504,1.0,0.15930196857659198,0.4251727978110307,0.10590190379815839,0.3096233298142189,0.0,0.0,1.0,0.19558930061525984,0.3608527322386855,0.12508730495323178,0.3184706621928226
237,0.07900993890182509,0.0,0.17932339443150824,83,130,0.0,0,0,230,0.19558930061525984,0.16666666666666666,0.3608527322386855,0.4166666666666667,0.12508730495323178,0.075,0.3184706621928226,0.3416666666666667,0.07900993890182509,0.07900993890182509,1.0,0.16666666666666666,0.4166666666666667,0.075,0.3416666666666667,0.08454269935979404,0.08454269935979404,1.0,0.1519372704865173,0.43367892895539467,0.1368038075963168,0.2775799929617712,0.06432006557234504,0.06432006557234504,1.0,0.15930196857659198,0.4251727978110307,0.10590190379815839,0.3096233298142189,0.0,0.0,1.0,0.19558930061525984,0.3608527322386855,0.12508730495323178,0.3184706621928226
238,0.07900993890182509,0.0,0.17932339443150824,75,128,0.0,0,0,230,0.19558930061525984,0.16666666666666666,0.3608527322386855,0.4166666666666667,0.12508730495323178,0.075,0.3184706621928226,0.3416666666666667,0.07900993890182509,0.07900993890182509,1.0,0.16666666666666666,0.4166666666666667,0.075,0.3416666666666667,0.08454269935979404,0.08454269935979404,1.0,0.1519372704865173,0.43367892895539467,0.1368038075963168,0.2775799929617712,0.06432006557234504,0.06432006557234504,1.0,0.15930196857659198,0.4251727978110307,0.10590190379815839,0.3096233298142189,0.0,0.0,1.0,0.19558930061525984,0.3608527322386855,0.12508730495323178,0.3184706621928226
239,0.07900993890182509,0.0,0.17932339443150824,69,126,0.0,0,0,230,0.19558930061525984,0.16666666666666666,0.3608527322386855,0.4166666666666667,0.12508730495323178,0.075,0.3184706621928226,0.3416666666666667,0.07900993890182509,0.07900993890182509,1.0,0.16666666666666666,0.4166666666666667,0.075,0.3416666666666667,0.08454269935979404,0.08454269935979404,1.0,0.1519372704865173,0.43367892895539467,0.1368038075963168,0.2775799929617712,0.06432006557234504,0.06432006557234504,1.0,0.15930196857659198,0.4251727978110307,0.10590190379815839,0.3096233298142189,0.0,0.0,1.0,0.19558930061525984,0.3608527322386855,0.12508730495323178,0.3184706621928226
