step,attention_error,preference_change,uniform_prior_error,interactions,pool_size,official_exposure_share,official_arrivals,observation_updated,last_observed_at,truth_0,attention_0,truth_1,attention_1,truth_2,attention_2,truth_3,attention_3,error_platform,initial_error_platform,top_accuracy_platform,estimate_platform_0,estimate_platform_1,estimate_platform_2,estimate_platform_3,error_survey,initial_error_survey,top_accuracy_survey,estimate_survey_0,estimate_survey_1,estimate_survey_2,estimate_survey_3,error_fused,initial_error_fused,top_accuracy_fused,estimate_fused_0,estimate_fused_1,estimate_fused_2,estimate_fused_3,error_oracle,initial_error_oracle,top_accuracy_oracle,estimate_oracle_0,estimate_oracle_1,estimate_oracle_2,estimate_oracle_3
0,0.13881025794388785,0.0,0.21952307538944546,65,28,0.0,0,1,0,0.46952307538944554,0.6083333333333333,0.185925968218926,0.15,0.2448579045859331,0.2,0.09969305180569553,0.041666666666666664,0.13881025794388785,0.13881025794388785,1.0,0.6083333333333333,0.15,0.2,0.041666666666666664,0.07197066405333308,0.07197066405333308,1.0,0.40907613409362087,0.22197307862421142,0.28078145823398065,0.08816932904818703,0.039242229417211366,0.039242229417211366,1.0,0.5087047337134771,0.1859865393121057,0.24039072911699033,0.06491799785742684,0.0,0.0,1.0,0.46952307538944554,0.185925968218926,0.2448579045859331,0.09969305180569553
1,0.2854769246105545,0.0,0.21952307538944546,90,25,0.0,0,0,0,0.46952307538944554,0.755,0.185925968218926,0.095,0.2448579045859331,0.13833333333333334,0.09969305180569553,0.011666666666666667,0.13881025794388785,0.13881025794388785,1.0,0.6083333333333333,0.15,0.2,0.041666666666666664,0.07197066405333308,0.07197066405333308,1.0,0.40907613409362087,0.22197307862421142,0.28078145823398065,0.08816932904818703,0.039242229417211366,0.039242229417211366,1.0,0.5087047337134771,0.1859865393121057,0.24039072911699033,0.06491799785742684,0.0,0.0,1.0,0.46952307538944554,0.185925968218926,0.2448579045859331,0.09969305180569553
2,0.3021435912772212,0.0,0.21952307538944546,98,25,0.0,0,0,0,0.46952307538944554,0.7716666666666666,0.185925968218926,0.07666666666666666,0.2448579045859331,0.14166666666666666,0.09969305180569553,0.01,0.13881025794388785,0.13881025794388785,1.0,0.6083333333333333,0.15,0.2,0.041666666666666664,0.07197066405333308,0.07197066405333308,1.0,0.40907613409362087,0.22197307862421142,0.28078145823398065,0.08816932904818703,0.039242229417211366,0.039242229417211366,1.0,0.5087047337134771,0.1859865393121057,0.24039072911699033,0.06491799785742684,0.0,0.0,1.0,0.46952307538944554,0.185925968218926,0.2448579045859331,0.09969305180569553
3,0.31214359127722124,0.0,0.21952307538944546,92,25,0.0,0,0,0,0.46952307538944554,0.7816666666666666,0.185925968218926,0.07333333333333333,0.2448579045859331,0.13666666666666666,0.09969305180569553,0.008333333333333333,0.13881025794388785,0.13881025794388785,1.0,0.6083333333333333,0.15,0.2,0.041666666666666664,0.07197066405333308,0.07197066405333308,1.0,0.40907613409362087,0.22197307862421142,0.28078145823398065,0.08816932904818703,0.039242229417211366,0.039242229417211366,1.0,0.5087047337134771,0.1859865393121057,0.24039072911699033,0.06491799785742684,0.0,0.0,1.0,0.46952307538944554,0.185925968218926,0.2448579045859331,0.09969305180569553
4,0.3238102579438879,0.0,0.21952307538944546,101,25,0.0,0,0,0,0.46952307538944554,0.7933333333333333,0.185925968218926,0.07333333333333333,0.2448579045859331,0.12833333333333333,0.09969305180569553,0.005,0.13881025794388785,0.13881025794388785,1.0,0.6083333333333333,0.15,0.2,0.041666666666666664,0.07197066405333308,0.07197066405333308,1.0,0.40907613409362087,0.22197307862421142,0.28078145823398065,0.08816932904818703,0.039242229417211366,0.039242229417211366,1.0,0.5087047337134771,0.1859865393121057,0.24039072911699033,0.06491799785742684,0.0,0.0,1.0,0.46952307538944554,0.185925968218926,0.2448579045859331,0.09969305180569553
5,0.3238102579438879,0.0,0.21952307538944546,86,25,0.0,0,0,0,0.46952307538944554,0.7933333333333333,0.185925968218926,0.07666666666666666,0.2448579045859331,0.12666666666666668,0.09969305180569553,0.0033333333333333335,0.13881025794388785,0.13881025794388785,1.0,0.6083333333333333,0.15,0.2,0.041666666666666664,0.07197066405333308,0.07197066405333308,1.0,0.40907613409362087,0.22197307862421142,0.28078145823398065,0.08816932904818703,0.039242229417211366,0.039242229417211366,1.0,0.5087047337134771,0.1859865393121057,0.24039072911699033,0.06491799785742684,0.0,0.0,1.0,0.46952307538944554,0.185925968218926,0.2448579045859331,0.09969305180569553
6,0.3188102579438879,0.0,0.21952307538944546,105,25,0.0,0,0,0,0.46952307538944554,0.7883333333333333,0.185925968218926,0.08166666666666667,0.2448579045859331,0.12666666666666668,0.09969305180569553,0.0033333333333333335,0.13881025794388785,0.13881025794388785,1.0,0.6083333333333333,0.15,0.2,0.041666666666666664,0.07197066405333308,0.07197066405333308,1.0,0.40907613409362087,0.22197307862421142,0.28078145823398065,0.08816932904818703,0.039242229417211366,0.039242229417211366,1.0,0.5087047337134771,0.1859865393121057,0.24039072911699033,0.06491799785742684,0.0,0.0,1.0,0.46952307538944554,0.185925968218926,0.2448579045859331,0.09969305180569553
7,0.31547692461055454,0.0,0.21952307538944546,93,25,0.0,0,0,0,0.46952307538944554,0.785,0.185925968218926,0.08666666666666667,0.2448579045859331,0.12333333333333334,0.09969305180569553,0.005,0.13881025794388785,0.13881025794388785,1.0,0.6083333333333333,0.15,0.2,0.041666666666666664,0.07197066405333308,0.07197066405333308,1.0,0.40907613409362087,0.22197307862421142,0.28078145823398065,0.08816932904818703,0.039242229417211366,0.039242229417211366,1.0,0.5087047337134771,0.1859865393121057,0.24039072911699033,0.06491799785742684,0.0,0.0,1.0,0.46952307538944554,0.185925968218926,0.2448579045859331,0.09969305180569553
8,0.3121435912772212,0.0,0.21952307538944546,96,25,0.0,0,0,0,0.46952307538944554,0.7816666666666666,0.185925968218926,0.085,0.2448579045859331,0.12833333333333333,0.09969305180569553,0.005,0.13881025794388785,0.13881025794388785,1.0,0.6083333333333333,0.15,0.2,0.041666666666666664,0.07197066405333308,0.07197066405333308,1.0,0.40907613409362087,0.22197307862421142,0.28078145823398065,0.08816932904818703,0.039242229417211366,0.039242229417211366,1.0,0.5087047337134771,0.1859865393121057,0.24039072911699033,0.06491799785742684,0.0,0.0,1.0,0.46952307538944554,0.185925968218926,0.2448579045859331,0.09969305180569553
9,0.3088102579438879,0.0,0.21952307538944546,112,25,0.0,0,0,0,0.46952307538944554,0.7783333333333333,0.185925968218926,0.08833333333333333,0.2448579045859331,0.12833333333333333,0.09969305180569553,0.005,0.13881025794388785,0.13881025794388785,1.0,0.6083333333333333,0.15,0.2,0.041666666666666664,0.07197066405333308,0.07197066405333308,1.0,0.40907613409362087,0.22197307862421142,0.28078145823398065,0.08816932904818703,0.039242229417211366,0.039242229417211366,1.0,0.5087047337134771,0.1859865393121057,0.24039072911699033,0.06491799785742684,0.0,0.0,1.0,0.46952307538944554,0.185925968218926,0.2448579045859331,0.09969305180569553
10,0.3071435912772212,0.0,0.21952307538944546,114,25,0.0,0,1,10,0.46952307538944554,0.7766666666666666,0.185925968218926,0.08833333333333333,0.2448579045859331,0.13,0.09969305180569553,0.005,0.2953254094590394,0.2953254094590394,1.0,0.7648484848484849,0.08863636363636364,0.13712121212121212,0.009393939393939394,0.030095609444097435,0.030095609444097435,1.0,0.4996186848335429,0.17195914055489717,0.24084562025331216,0.08757655435824778,0.16271050945156842,0.16271050945156842,1.0,0.6322335848410139,0.1302977520956304,0.18898341618726214,0.04848524687609359,0.0,0.0,1.0,0.46952307538944554,0.185925968218926,0.2448579045859331,0.09969305180569553
11,0.3054769246105546,0.0,0.21952307538944546,99,25,0.0,0,0,10,0.46952307538944554,0.775,0.185925968218926,0.09,0.2448579045859331,0.13,0.09969305180569553,0.005,0.2953254094590394,0.2953254094590394,1.0,0.7648484848484849,0.08863636363636364,0.13712121212121212,0.009393939393939394,0.030095609444097435,0.030095609444097435,1.0,0.4996186848335429,0.17195914055489717,0.24084562025331216,0.08757655435824778,0.16271050945156842,0.16271050945156842,1.0,0.6322335848410139,0.1302977520956304,0.18898341618726214,0.04848524687609359,0.0,0.0,1.0,0.46952307538944554,0.185925968218926,0.2448579045859331,0.09969305180569553
12,0.31047692461055454,0.0,0.21952307538944546,99,25,0.0,0,0,10,0.46952307538944554,0.78,0.185925968218926,0.08833333333333333,0.2448579045859331,0.12666666666666668,0.09969305180569553,0.005,0.2953254094590394,0.2953254094590394,1.0,0.7648484848484849,0.08863636363636364,0.13712121212121212,0.009393939393939394,0.030095609444097435,0.030095609444097435,1.0,0.4996186848335429,0.17195914055489717,0.24084562025331216,0.08757655435824778,0.16271050945156842,0.16271050945156842,1.0,0.6322335848410139,0.1302977520956304,0.18898341618726214,0.04848524687609359,0.0,0.0,1.0,0.46952307538944554,0.185925968218926,0.2448579045859331,0.09969305180569553
13,0.3121435912772212,0.0,0.21952307538944546,115,25,0.0,0,0,10,0.46952307538944554,0.7816666666666666,0.185925968218926,0.08833333333333333,0.2448579045859331,0.125,0.09969305180569553,0.005,0.2953254094590394,0.2953254094590394,1.0,0.7648484848484849,0.08863636363636364,0.13712121212121212,0.009393939393939394,0.030095609444097435,0.030095609444097435,1.0,0.4996186848335429,0.17195914055489717,0.24084562025331216,0.08757655435824778,0.16271050945156842,0.16271050945156842,1.0,0.6322335848410139,0.1302977520956304,0.18898341618726214,0.04848524687609359,0.0,0.0,1.0,0.46952307538944554,0.185925968218926,0.2448579045859331,0.09969305180569553
14,0.3088102579438879,0.0,0.21952307538944546,91,25,0.0,0,0,10,0.46952307538944554,0.7783333333333333,0.185925968218926,0.09166666666666666,0.2448579045859331,0.125,0.09969305180569553,0.005,0.2953254094590394,0.2953254094590394,1.0,0.7648484848484849,0.08863636363636364,0.13712121212121212,0.009393939393939394,0.030095609444097435,0.030095609444097435,1.0,0.4996186848335429,0.17195914055489717,0.24084562025331216,0.08757655435824778,0.16271050945156842,0.16271050945156842,1.0,0.6322335848410139,0.1302977520956304,0.18898341618726214,0.04848524687609359,0.0,0.0,1.0,0.46952307538944554,0.185925968218926,0.2448579045859331,0.09969305180569553
15,0.3071435912772212,0.0,0.21952307538944546,107,25,0.0,0,0,10,0.46952307538944554,0.7766666666666666,0.185925968218926,0.09166666666666666,0.2448579045859331,0.12666666666666668,0.09969305180569553,0.005,0.2953254094590394,0.2953254094590394,1.0,0.7648484848484849,0.08863636363636364,0.13712121212121212,0.009393939393939394,0.030095609444097435,0.030095609444097435,1.0,0.4996186848335429,0.17195914055489717,0.24084562025331216,0.08757655435824778,0.16271050945156842,0.16271050945156842,1.0,0.6322335848410139,0.1302977520956304,0.18898341618726214,0.04848524687609359,0.0,0.0,1.0,0.46952307538944554,0.185925968218926,0.2448579045859331,0.09969305180569553
16,0.3088102579438879,0.0,0.21952307538944546,94,25,0.0,0,0,10,0.46952307538944554,0.7783333333333333,0.185925968218926,0.095,0.2448579045859331,0.12166666666666667,0.09969305180569553,0.005,0.2953254094590394,0.2953254094590394,1.0,0.7648484848484849,0.08863636363636364,0.13712121212121212,0.009393939393939394,0.030095609444097435,0.030095609444097435,1.0,0.4996186848335429,0.17195914055489717,0.24084562025331216,0.08757655435824778,0.16271050945156842,0.16271050945156842,1.0,0.6322335848410139,0.1302977520956304,0.18898341618726214,0.04848524687609359,0.0,0.0,1.0,0.46952307538944554,0.185925968218926,0.2448579045859331,0.09969305180569553
17,0.3088102579438879,0.0,0.21952307538944546,89,25,0.0,0,0,10,0.46952307538944554,0.7783333333333333,0.185925968218926,0.095,0.2448579045859331,0.12166666666666667,0.09969305180569553,0.005,0.2953254094590394,0.2953254094590394,1.0,0.7648484848484849,0.08863636363636364,0.13712121212121212,0.009393939393939394,0.030095609444097435,0.030095609444097435,1.0,0.4996186848335429,0.17195914055489717,0.24084562025331216,0.08757655435824778,0.16271050945156842,0.16271050945156842,1.0,0.6322335848410139,0.1302977520956304,0.18898341618726214,0.04848524687609359,0.0,0.0,1.0,0.46952307538944554,0.185925968218926,0.2448579045859331,0.09969305180569553
18,0.3038102579438879,0.0,0.21952307538944546,106,25,0.0,0,0,10,0.46952307538944554,0.7733333333333333,0.185925968218926,0.095,0.2448579045859331,0.12666666666666668,0.09969305180569553,0.005,0.2953254094590394,0.2953254094590394,1.0,0.7648484848484849,0.08863636363636364,0.13712121212121212,0.009393939393939394,0.030095609444097435,0.030095609444097435,1.0,0.4996186848335429,0.17195914055489717,0.24084562025331216,0.08757655435824778,0.16271050945156842,0.16271050945156842,1.0,0.6322335848410139,0.1302977520956304,0.18898341618726214,0.04848524687609359,0.0,0.0,1.0,0.46952307538944554,0.185925968218926,0.2448579045859331,0.09969305180569553
19,0.3054769246105546,0.0,0.21952307538944546,96,25,0.0,0,0,10,0.46952307538944554,0.775,0.185925968218926,0.095,0.2448579045859331,0.125,0.09969305180569553,0.005,0.2953254094590394,0.2953254094590394,1.0,0.7648484848484849,0.08863636363636364,0.13712121212121212,0.009393939393939394,0.030095609444097435,0.030095609444097435,1.0,0.4996186848335429,0.17195914055489717,0.24084562025331216,0.08757655435824778,0.16271050945156842,0.16271050945156842,1.0,0.6322335848410139,0.1302977520956304,0.18898341618726214,0.04848524687609359,0.0,0.0,1.0,0.46952307538944554,0.185925968218926,0.2448579045859331,0.09969305180569553
20,0.3038102579438879,0.0,0.21952307538944546,98,25,0.0,0,1,20,0.46952307538944554,0.7733333333333333,0.185925968218926,0.095,0.2448579045859331,0.12666666666666668,0.09969305180569553,0.005,0.30922692461055457,0.30922692461055457,1.0,0.77875,0.0875,0.12816666666666668,0.005583333333333333,0.14222636422253782,0.14222636422253782,1.0,0.39215668122704433,0.30654566979962766,0.2664645672277692,0.03483308174555882,0.1270271319049645,0.1270271319049645,1.0,0.5854533406135222,0.19702283489981381,0.19731561694721794,0.020208207539446077,0.0,0.0,1.0,0.46952307538944554,0.185925968218926,0.2448579045859331,0.09969305180569553
21,0.3004769246105546,0.0,0.21952307538944546,99,25,0.0,0,0,20,0.46952307538944554,0.77,0.185925968218926,0.09666666666666666,0.2448579045859331,0.12833333333333333,0.09969305180569553,0.005,0.30922692461055457,0.30922692461055457,1.0,0.77875,0.0875,0.12816666666666668,0.005583333333333333,0.14222636422253782,0.14222636422253782,1.0,0.39215668122704433,0.30654566979962766,0.2664645672277692,0.03483308174555882,0.1270271319049645,0.1270271319049645,1.0,0.5854533406135222,0.19702283489981381,0.19731561694721794,0.020208207539446077,0.0,0.0,1.0,0.46952307538944554,0.185925968218926,0.2448579045859331,0.09969305180569553
22,0.3021435912772212,0.0,0.21952307538944546,102,25,0.0,0,0,20,0.46952307538944554,0.7716666666666666,0.185925968218926,0.09666666666666666,0.2448579045859331,0.12666666666666668,0.09969305180569553,0.005,0.30922692461055457,0.30922692461055457,1.0,0.77875,0.0875,0.12816666666666668,0.005583333333333333,0.14222636422253782,0.14222636422253782,1.0,0.39215668122704433,0.30654566979962766,0.2664645672277692,0.03483308174555882,0.1270271319049645,0.1270271319049645,1.0,0.5854533406135222,0.19702283489981381,0.19731561694721794,0.020208207539446077,0.0,0.0,1.0,0.46952307538944554,0.185925968218926,0.2448579045859331,0.09969305180569553
23,0.3021435912772212,0.0,0.21952307538944546,105,25,0.0,0,0,20,0.46952307538944554,0.7716666666666666,0.185925968218926,0.09666666666666666,0.2448579045859331,0.12666666666666668,0.09969305180569553,0.005,0.30922692461055457,0.30922692461055457,1.0,0.77875,0.0875,0.12816666666666668,0.005583333333333333,0.14222636422253782,0.14222636422253782,1.0,0.39215668122704433,0.30654566979962766,0.2664645672277692,0.03483308174555882,0.1270271319049645,0.1270271319049645,1.0,0.5854533406135222,0.19702283489981381,0.19731561694721794,0.020208207539446077,0.0,0.0,1.0,0.46952307538944554,0.185925968218926,0.2448579045859331,0.09969305180569553
24,0.3004769246105546,0.0,0.21952307538944546,85,25,0.0,0,0,20,0.46952307538944554,0.77,0.185925968218926,0.09666666666666666,0.2448579045859331,0.12833333333333333,0.09969305180569553,0.005,0.30922692461055457,0.30922692461055457,1.0,0.77875,0.0875,0.12816666666666668,0.005583333333333333,0.14222636422253782,0.14222636422253782,1.0,0.39215668122704433,0.30654566979962766,0.2664645672277692,0.03483308174555882,0.1270271319049645,0.1270271319049645,1.0,0.5854533406135222,0.19702283489981381,0.19731561694721794,0.020208207539446077,0.0,0.0,1.0,0.46952307538944554,0.185925968218926,0.2448579045859331,0.09969305180569553
25,0.3004769246105546,0.0,0.21952307538944546,101,25,0.0,0,0,20,0.46952307538944554,0.77,0.185925968218926,0.09666666666666666,0.2448579045859331,0.12833333333333333,0.09969305180569553,0.005,0.30922692461055457,0.30922692461055457,1.0,0.77875,0.0875,0.12816666666666668,0.005583333333333333,0.14222636422253782,0.14222636422253782,1.0,0.39215668122704433,0.30654566979962766,0.2664645672277692,0.03483308174555882,0.1270271319049645,0.1270271319049645,1.0,0.5854533406135222,0.19702283489981381,0.19731561694721794,0.020208207539446077,0.0,0.0,1.0,0.46952307538944554,0.185925968218926,0.2448579045859331,0.09969305180569553
26,0.3004769246105546,0.0,0.21952307538944546,98,25,0.0,0,0,20,0.46952307538944554,0.77,0.185925968218926,0.09666666666666666,0.2448579045859331,0.12833333333333333,0.09969305180569553,0.005,0.30922692461055457,0.30922692461055457,1.0,0.77875,0.0875,0.12816666666666668,0.005583333333333333,0.14222636422253782,0.14222636422253782,1.0,0.39215668122704433,0.30654566979962766,0.2664645672277692,0.03483308174555882,0.1270271319049645,0.1270271319049645,1.0,0.5854533406135222,0.19702283489981381,0.19731561694721794,0.020208207539446077,0.0,0.0,1.0,0.46952307538944554,0.185925968218926,0.2448579045859331,0.09969305180569553
27,0.2988102579438879,0.0,0.21952307538944546,90,25,0.0,0,0,20,0.46952307538944554,0.7683333333333333,0.185925968218926,0.1,0.2448579045859331,0.12666666666666668,0.09969305180569553,0.005,0.30922692461055457,0.30922692461055457,1.0,0.77875,0.0875,0.12816666666666668,0.005583333333333333,0.14222636422253782,0.14222636422253782,1.0,0.39215668122704433,0.30654566979962766,0.2664645672277692,0.03483308174555882,0.1270271319049645,0.1270271319049645,1.0,0.5854533406135222,0.19702283489981381,0.19731561694721794,0.020208207539446077,0.0,0.0,1.0,0.46952307538944554,0.185925968218926,0.2448579045859331,0.09969305180569553
28,0.2954769246105545,0.0,0.21952307538944546,109,25,0.0,0,0,20,0.46952307538944554,0.765,0.185925968218926,0.1,0.2448579045859331,0.13,0.09969305180569553,0.005,0.30922692461055457,0.30922692461055457,1.0,0.77875,0.0875,0.12816666666666668,0.005583333333333333,0.14222636422253782,0.14222636422253782,1.0,0.39215668122704433,0.30654566979962766,0.2664645672277692,0.03483308174555882,0.1270271319049645,0.1270271319049645,1.0,0.5854533406135222,0.19702283489981381,0.19731561694721794,0.020208207539446077,0.0,0.0,1.0,0.46952307538944554,0.185925968218926,0.2448579045859331,0.09969305180569553
29,0.2954769246105545,0.0,0.21952307538944546,100,25,0.0,0,0,20,0.46952307538944554,0.765,0.185925968218926,0.1,0.2448579045859331,0.13,0.09969305180569553,0.005,0.30922692461055457,0.30922692461055457,1.0,0.77875,0.0875,0.12816666666666668,0.005583333333333333,0.14222636422253782,0.14222636422253782,1.0,0.39215668122704433,0.30654566979962766,0.2664645672277692,0.03483308174555882,0.1270271319049645,0.1270271319049645,1.0,0.5854533406135222,0.19702283489981381,0.19731561694721794,0.020208207539446077,0.0,0.0,1.0,0.46952307538944554,0.185925968218926,0.2448579045859331,0.09969305180569553
30,0.2938102579438879,0.0,0.21952307538944546,91,25,0.0,0,1,30,0.46952307538944554,0.7633333333333333,0.185925968218926,0.10166666666666667,0.2448579045859331,0.13,0.09969305180569553,0.005,0.30322692461055456,0.30322692461055456,1.0,0.77275,0.09533333333333334,0.12691666666666668,0.005,0.0861990239909297,0.0861990239909297,1.0,0.5394853086668053,0.16189308023687263,0.18269176857705668,0.11592984251926534,0.18659457894395717,0.18659457894395717,1.0,0.6561176543334026,0.128613206785103,0.1548042176218617,0.060464921259632674,0.0,0.0,1.0,0.46952307538944554,0.185925968218926,0.2448579045859331,0.09969305180569553
31,0.2921435912772212,0.0,0.21952307538944546,106,25,0.0,0,0,30,0.46952307538944554,0.7616666666666667,0.185925968218926,0.10166666666666667,0.2448579045859331,0.13166666666666665,0.09969305180569553,0.005,0.30322692461055456,0.30322692461055456,1.0,0.77275,0.09533333333333334,0.12691666666666668,0.005,0.0861990239909297,0.0861990239909297,1.0,0.5394853086668053,0.16189308023687263,0.18269176857705668,0.11592984251926534,0.18659457894395717,0.18659457894395717,1.0,0.6561176543334026,0.128613206785103,0.1548042176218617,0.060464921259632674,0.0,0.0,1.0,0.46952307538944554,0.185925968218926,0.2448579045859331,0.09969305180569553
32,0.28881025794388787,0.0,0.21952307538944546,104,25,0.0,0,0,30,0.46952307538944554,0.7583333333333333,0.185925968218926,0.10333333333333333,0.2448579045859331,0.13333333333333333,0.09969305180569553,0.005,0.30322692461055456,0.30322692461055456,1.0,0.77275,0.09533333333333334,0.12691666666666668,0.005,0.0861990239909297,0.0861990239909297,1.0,0.5394853086668053,0.16189308023687263,0.18269176857705668,0.11592984251926534,0.18659457894395717,0.18659457894395717,1.0,0.6561176543334026,0.128613206785103,0.1548042176218617,0.060464921259632674,0.0,0.0,1.0,0.46952307538944554,0.185925968218926,0.2448579045859331,0.09969305180569553
33,0.2904769246105546,0.0,0.21952307538944546,99,25,0.0,0,0,30,0.46952307538944554,0.76,0.185925968218926,0.10333333333333333,0.2448579045859331,0.13166666666666665,0.09969305180569553,0.005,0.30322692461055456,0.30322692461055456,1.0,0.77275,0.09533333333333334,0.12691666666666668,0.005,0.0861990239909297,0.0861990239909297,1.0,0.5394853086668053,0.16189308023687263,0.18269176857705668,0.11592984251926534,0.18659457894395717,0.18659457894395717,1.0,0.6561176543334026,0.128613206785103,0.1548042176218617,0.060464921259632674,0.0,0.0,1.0,0.46952307538944554,0.185925968218926,0.2448579045859331,0.09969305180569553
34,0.28881025794388787,0.0,0.21952307538944546,94,25,0.0,0,0,30,0.46952307538944554,0.7583333333333333,0.185925968218926,0.105,0.2448579045859331,0.13166666666666665,0.09969305180569553,0.005,0.30322692461055456,0.30322692461055456,1.0,0.77275,0.09533333333333334,0.12691666666666668,0.005,0.0861990239909297,0.0861990239909297,1.0,0.5394853086668053,0.16189308023687263,0.18269176857705668,0.11592984251926534,0.18659457894395717,0.18659457894395717,1.0,0.6561176543334026,0.128613206785103,0.1548042176218617,0.060464921259632674,0.0,0.0,1.0,0.46952307538944554,0.185925968218926,0.2448579045859331,0.09969305180569553
35,0.2871435912772212,0.0,0.21952307538944546,86,25,0.0,0,0,30,0.46952307538944554,0.7566666666666667,0.185925968218926,0.105,0.2448579045859331,0.13333333333333333,0.09969305180569553,0.005,0.30322692461055456,0.30322692461055456,1.0,0.77275,0.09533333333333334,0.12691666666666668,0.005,0.0861990239909297,0.0861990239909297,1.0,0.5394853086668053,0.16189308023687263,0.18269176857705668,0.11592984251926534,0.18659457894395717,0.18659457894395717,1.0,0.6561176543334026,0.128613206785103,0.1548042176218617,0.060464921259632674,0.0,0.0,1.0,0.46952307538944554,0.185925968218926,0.2448579045859331,0.09969305180569553
36,0.2871435912772212,0.0,0.21952307538944546,85,25,0.0,0,0,30,0.46952307538944554,0.7566666666666667,0.185925968218926,0.10666666666666667,0.2448579045859331,0.13166666666666665,0.09969305180569553,0.005,0.30322692461055456,0.30322692461055456,1.0,0.77275,0.09533333333333334,0.12691666666666668,0.005,0.0861990239909297,0.0861990239909297,1.0,0.5394853086668053,0.16189308023687263,0.18269176857705668,0.11592984251926534,0.18659457894395717,0.18659457894395717,1.0,0.6561176543334026,0.128613206785103,0.1548042176218617,0.060464921259632674,0.0,0.0,1.0,0.46952307538944554,0.185925968218926,0.2448579045859331,0.09969305180569553
37,0.2871435912772212,0.0,0.21952307538944546,96,25,0.0,0,0,30,0.46952307538944554,0.7566666666666667,0.185925968218926,0.10666666666666667,0.2448579045859331,0.13166666666666665,0.09969305180569553,0.005,0.30322692461055456,0.30322692461055456,1.0,0.77275,0.09533333333333334,0.12691666666666668,0.005,0.0861990239909297,0.0861990239909297,1.0,0.5394853086668053,0.16189308023687263,0.18269176857705668,0.11592984251926534,0.18659457894395717,0.18659457894395717,1.0,0.6561176543334026,0.128613206785103,0.1548042176218617,0.060464921259632674,0.0,0.0,1.0,0.46952307538944554,0.185925968218926,0.2448579045859331,0.09969305180569553
38,0.2871435912772212,0.0,0.21952307538944546,85,25,0.0,0,0,30,0.46952307538944554,0.7566666666666667,0.185925968218926,0.10666666666666667,0.2448579045859331,0.13166666666666665,0.09969305180569553,0.005,0.30322692461055456,0.30322692461055456,1.0,0.77275,0.09533333333333334,0.12691666666666668,0.005,0.0861990239909297,0.0861990239909297,1.0,0.5394853086668053,0.16189308023687263,0.18269176857705668,0.11592984251926534,0.18659457894395717,0.18659457894395717,1.0,0.6561176543334026,0.128613206785103,0.1548042176218617,0.060464921259632674,0.0,0.0,1.0,0.46952307538944554,0.185925968218926,0.2448579045859331,0.09969305180569553
39,0.2871435912772212,0.0,0.21952307538944546,88,25,0.0,0,0,30,0.46952307538944554,0.7566666666666667,0.185925968218926,0.10666666666666667,0.2448579045859331,0.13166666666666665,0.09969305180569553,0.005,0.30322692461055456,0.30322692461055456,1.0,0.77275,0.09533333333333334,0.12691666666666668,0.005,0.0861990239909297,0.0861990239909297,1.0,0.5394853086668053,0.16189308023687263,0.18269176857705668,0.11592984251926534,0.18659457894395717,0.18659457894395717,1.0,0.6561176543334026,0.128613206785103,0.1548042176218617,0.060464921259632674,0.0,0.0,1.0,0.46952307538944554,0.185925968218926,0.2448579045859331,0.09969305180569553
40,0.28547692461055457,0.0,0.21952307538944546,121,25,0.0,0,1,40,0.46952307538944554,0.755,0.185925968218926,0.10666666666666667,0.2448579045859331,0.13333333333333333,0.09969305180569553,0.005,0.2935602579438879,0.2935602579438879,1.0,0.7630833333333333,0.10166666666666667,0.13025,0.005,0.0847692518482492,0.0847692518482492,1.0,0.534844265582814,0.12717390923219274,0.2643059662408138,0.07367585894417954,0.17944072406862818,0.17944072406862818,1.0,0.6489637994580737,0.11442028794942971,0.1972779831204069,0.03933792947208977,0.0,0.0,1.0,0.46952307538944554,0.185925968218926,0.2448579045859331,0.09969305180569553
41,0.2871435912772212,0.0,0.21952307538944546,103,25,0.0,0,0,40,0.46952307538944554,0.7566666666666667,0.185925968218926,0.10666666666666667,0.2448579045859331,0.13166666666666665,0.09969305180569553,0.005,0.2935602579438879,0.2935602579438879,1.0,0.7630833333333333,0.10166666666666667,0.13025,0.005,0.0847692518482492,0.0847692518482492,1.0,0.534844265582814,0.12717390923219274,0.2643059662408138,0.07367585894417954,0.17944072406862818,0.17944072406862818,1.0,0.6489637994580737,0.11442028794942971,0.1972779831204069,0.03933792947208977,0.0,0.0,1.0,0.46952307538944554,0.185925968218926,0.2448579045859331,0.09969305180569553
42,0.2871435912772212,0.0,0.21952307538944546,98,25,0.0,0,0,40,0.46952307538944554,0.7566666666666667,0.185925968218926,0.10666666666666667,0.2448579045859331,0.13166666666666665,0.09969305180569553,0.005,0.2935602579438879,0.2935602579438879,1.0,0.7630833333333333,0.10166666666666667,0.13025,0.005,0.0847692518482492,0.0847692518482492,1.0,0.534844265582814,0.12717390923219274,0.2643059662408138,0.07367585894417954,0.17944072406862818,0.17944072406862818,1.0,0.6489637994580737,0.11442028794942971,0.1972779831204069,0.03933792947208977,0.0,0.0,1.0,0.46952307538944554,0.185925968218926,0.2448579045859331,0.09969305180569553
43,0.2871435912772212,0.0,0.21952307538944546,123,25,0.0,0,0,40,0.46952307538944554,0.7566666666666667,0.185925968218926,0.10666666666666667,0.2448579045859331,0.13166666666666665,0.09969305180569553,0.005,0.2935602579438879,0.2935602579438879,1.0,0.7630833333333333,0.10166666666666667,0.13025,0.005,0.0847692518482492,0.0847692518482492,1.0,0.534844265582814,0.12717390923219274,0.2643059662408138,0.07367585894417954,0.17944072406862818,0.17944072406862818,1.0,0.6489637994580737,0.11442028794942971,0.1972779831204069,0.03933792947208977,0.0,0.0,1.0,0.46952307538944554,0.185925968218926,0.2448579045859331,0.09969305180569553
44,0.28547692461055457,0.0,0.21952307538944546,93,25,0.0,0,0,40,0.46952307538944554,0.755,0.185925968218926,0.10666666666666667,0.2448579045859331,0.13333333333333333,0.09969305180569553,0.005,0.2935602579438879,0.2935602579438879,1.0,0.7630833333333333,0.10166666666666667,0.13025,0.005,0.0847692518482492,0.0847692518482492,1.0,0.534844265582814,0.12717390923219274,0.2643059662408138,0.07367585894417954,0.17944072406862818,0.17944072406862818,1.0,0.6489637994580737,0.11442028794942971,0.1972779831204069,0.03933792947208977,0.0,0.0,1.0,0.46952307538944554,0.185925968218926,0.2448579045859331,0.09969305180569553
45,0.28547692461055457,0.0,0.21952307538944546,86,25,0.0,0,0,40,0.46952307538944554,0.755,0.185925968218926,0.10666666666666667,0.2448579045859331,0.13333333333333333,0.09969305180569553,0.005,0.2935602579438879,0.2935602579438879,1.0,0.7630833333333333,0.10166666666666667,0.13025,0.005,0.0847692518482492,0.0847692518482492,1.0,0.534844265582814,0.12717390923219274,0.2643059662408138,0.07367585894417954,0.17944072406862818,0.17944072406862818,1.0,0.6489637994580737,0.11442028794942971,0.1972779831204069,0.03933792947208977,0.0,0.0,1.0,0.46952307538944554,0.185925968218926,0.2448579045859331,0.09969305180569553
46,0.28381025794388787,0.0,0.21952307538944546,112,25,0.0,0,0,40,0.46952307538944554,0.7533333333333333,0.185925968218926,0.10666666666666667,0.2448579045859331,0.135,0.09969305180569553,0.005,0.2935602579438879,0.2935602579438879,1.0,0.7630833333333333,0.10166666666666667,0.13025,0.005,0.0847692518482492,0.0847692518482492,1.0,0.534844265582814,0.12717390923219274,0.2643059662408138,0.07367585894417954,0.17944072406862818,0.17944072406862818,1.0,0.6489637994580737,0.11442028794942971,0.1972779831204069,0.03933792947208977,0.0,0.0,1.0,0.46952307538944554,0.185925968218926,0.2448579045859331,0.09969305180569553
47,0.28381025794388787,0.0,0.21952307538944546,101,25,0.0,0,0,40,0.46952307538944554,0.7533333333333333,0.185925968218926,0.10666666666666667,0.2448579045859331,0.135,0.09969305180569553,0.005,0.2935602579438879,0.2935602579438879,1.0,0.7630833333333333,0.10166666666666667,0.13025,0.005,0.0847692518482492,0.0847692518482492,1.0,0.534844265582814,0.12717390923219274,0.2643059662408138,0.07367585894417954,0.17944072406862818,0.17944072406862818,1.0,0.6489637994580737,0.11442028794942971,0.1972779831204069,0.03933792947208977,0.0,0.0,1.0,0.46952307538944554,0.185925968218926,0.2448579045859331,0.09969305180569553
48,0.28547692461055457,0.0,0.21952307538944546,130,25,0.0,0,0,40,0.46952307538944554,0.755,0.185925968218926,0.10666666666666667,0.2448579045859331,0.13333333333333333,0.09969305180569553,0.005,0.2935602579438879,0.2935602579438879,1.0,0.7630833333333333,0.10166666666666667,0.13025,0.005,0.0847692518482492,0.0847692518482492,1.0,0.534844265582814,0.12717390923219274,0.2643059662408138,0.07367585894417954,0.17944072406862818,0.17944072406862818,1.0,0.6489637994580737,0.11442028794942971,0.1972779831204069,0.03933792947208977,0.0,0.0,1.0,0.46952307538944554,0.185925968218926,0.2448579045859331,0.09969305180569553
49,0.28381025794388787,0.0,0.21952307538944546,98,25,0.0,0,0,40,0.46952307538944554,0.7533333333333333,0.185925968218926,0.10666666666666667,0.2448579045859331,0.135,0.09969305180569553,0.005,0.2935602579438879,0.2935602579438879,1.0,0.7630833333333333,0.10166666666666667,0.13025,0.005,0.0847692518482492,0.0847692518482492,1.0,0.534844265582814,0.12717390923219274,0.2643059662408138,0.07367585894417954,0.17944072406862818,0.17944072406862818,1.0,0.6489637994580737,0.11442028794942971,0.1972779831204069,0.03933792947208977,0.0,0.0,1.0,0.46952307538944554,0.185925968218926,0.2448579045859331,0.09969305180569553
50,0.28381025794388787,0.0,0.21952307538944546,112,25,0.0,0,1,50,0.46952307538944554,0.7533333333333333,0.185925968218926,0.10666666666666667,0.2448579045859331,0.135,0.09969305180569553,0.005,0.28672692461055455,0.28672692461055455,1.0,0.75625,0.10591666666666667,0.13283333333333333,0.005,0.08210687609843574,0.08210687609843574,1.0,0.5382596519194575,0.19929626778734977,0.20142008477144258,0.06102399552175023,0.17773175057028323,0.17773175057028323,1.0,0.6472548259597287,0.1526064672270082,0.16712670905238797,0.033011997760875114,0.0,0.0,1.0,0.46952307538944554,0.185925968218926,0.2448579045859331,0.09969305180569553
51,0.28381025794388787,0.0,0.21952307538944546,113,25,0.0,0,0,50,0.46952307538944554,0.7533333333333333,0.185925968218926,0.10666666666666667,0.2448579045859331,0.135,0.09969305180569553,0.005,0.28672692461055455,0.28672692461055455,1.0,0.75625,0.10591666666666667,0.13283333333333333,0.005,0.08210687609843574,0.08210687609843574,1.0,0.5382596519194575,0.19929626778734977,0.20142008477144258,0.06102399552175023,0.17773175057028323,0.17773175057028323,1.0,0.6472548259597287,0.1526064672270082,0.16712670905238797,0.033011997760875114,0.0,0.0,1.0,0.46952307538944554,0.185925968218926,0.2448579045859331,0.09969305180569553
52,0.2821435912772212,0.0,0.21952307538944546,95,25,0.0,0,0,50,0.46952307538944554,0.7516666666666667,0.185925968218926,0.10833333333333334,0.2448579045859331,0.135,0.09969305180569553,0.005,0.28672692461055455,0.28672692461055455,1.0,0.75625,0.10591666666666667,0.13283333333333333,0.005,0.08210687609843574,0.08210687609843574,1.0,0.5382596519194575,0.19929626778734977,0.20142008477144258,0.06102399552175023,0.17773175057028323,0.17773175057028323,1.0,0.6472548259597287,0.1526064672270082,0.16712670905238797,0.033011997760875114,0.0,0.0,1.0,0.46952307538944554,0.185925968218926,0.2448579045859331,0.09969305180569553
53,0.2821435912772212,0.0,0.21952307538944546,103,25,0.0,0,0,50,0.46952307538944554,0.7516666666666667,0.185925968218926,0.10833333333333334,0.2448579045859331,0.135,0.09969305180569553,0.005,0.28672692461055455,0.28672692461055455,1.0,0.75625,0.10591666666666667,0.13283333333333333,0.005,0.08210687609843574,0.08210687609843574,1.0,0.5382596519194575,0.19929626778734977,0.20142008477144258,0.06102399552175023,0.17773175057028323,0.17773175057028323,1.0,0.6472548259597287,0.1526064672270082,0.16712670905238797,0.033011997760875114,0.0,0.0,1.0,0.46952307538944554,0.185925968218926,0.2448579045859331,0.09969305180569553
54,0.28381025794388787,0.0,0.21952307538944546,103,25,0.0,0,0,50,0.46952307538944554,0.7533333333333333,0.185925968218926,0.10833333333333334,0.2448579045859331,0.13333333333333333,0.09969305180569553,0.005,0.28672692461055455,0.28672692461055455,1.0,0.75625,0.10591666666666667,0.13283333333333333,0.005,0.08210687609843574,0.08210687609843574,1.0,0.5382596519194575,0.19929626778734977,0.20142008477144258,0.06102399552175023,0.17773175057028323,0.17773175057028323,1.0,0.6472548259597287,0.1526064672270082,0.16712670905238797,0.033011997760875114,0.0,0.0,1.0,0.46952307538944554,0.185925968218926,0.2448579045859331,0.09969305180569553
55,0.2804769246105545,0.0,0.21952307538944546,106,25,0.0,0,0,50,0.46952307538944554,0.75,0.185925968218926,0.11,0.2448579045859331,0.135,0.09969305180569553,0.005,0.28672692461055455,0.28672692461055455,1.0,0.75625,0.10591666666666667,0.13283333333333333,0.005,0.08210687609843574,0.08210687609843574,1.0,0.5382596519194575,0.19929626778734977,0.20142008477144258,0.06102399552175023,0.17773175057028323,0.17773175057028323,1.0,0.6472548259597287,0.1526064672270082,0.16712670905238797,0.033011997760875114,0.0,0.0,1.0,0.46952307538944554,0.185925968218926,0.2448579045859331,0.09969305180569553
56,0.27881025794388786,0.0,0.21952307538944546,102,25,0.0,0,0,50,0.46952307538944554,0.7483333333333333,0.185925968218926,0.11,0.2448579045859331,0.13666666666666666,0.09969305180569553,0.005,0.28672692461055455,0.28672692461055455,1.0,0.75625,0.10591666666666667,0.13283333333333333,0.005,0.08210687609843574,0.08210687609843574,1.0,0.5382596519194575,0.19929626778734977,0.20142008477144258,0.06102399552175023,0.17773175057028323,0.17773175057028323,1.0,0.6472548259597287,0.1526064672270082,0.16712670905238797,0.033011997760875114,0.0,0.0,1.0,0.46952307538944554,0.185925968218926,0.2448579045859331,0.09969305180569553
57,0.2771435912772212,0.0,0.21952307538944546,97,25,0.0,0,0,50,0.46952307538944554,0.7466666666666667,0.185925968218926,0.11,0.2448579045859331,0.13833333333333334,0.09969305180569553,0.005,0.28672692461055455,0.28672692461055455,1.0,0.75625,0.10591666666666667,0.13283333333333333,0.005,0.08210687609843574,0.08210687609843574,1.0,0.5382596519194575,0.19929626778734977,0.20142008477144258,0.06102399552175023,0.17773175057028323,0.17773175057028323,1.0,0.6472548259597287,0.1526064672270082,0.16712670905238797,0.033011997760875114,0.0,0.0,1.0,0.46952307538944554,0.185925968218926,0.2448579045859331,0.09969305180569553
58,0.27881025794388786,0.0,0.21952307538944546,91,25,0.0,0,0,50,0.46952307538944554,0.7483333333333333,0.185925968218926,0.10833333333333334,0.2448579045859331,0.13833333333333334,0.09969305180569553,0.005,0.28672692461055455,0.28672692461055455,1.0,0.75625,0.10591666666666667,0.13283333333333333,0.005,0.08210687609843574,0.08210687609843574,1.0,0.5382596519194575,0.19929626778734977,0.20142008477144258,0.06102399552175023,0.17773175057028323,0.17773175057028323,1.0,0.6472548259597287,0.1526064672270082,0.16712670905238797,0.033011997760875114,0.0,0.0,1.0,0.46952307538944554,0.185925968218926,0.2448579045859331,0.09969305180569553
59,0.2771435912772212,0.0,0.21952307538944546,107,25,0.0,0,0,50,0.46952307538944554,0.7466666666666667,0.185925968218926,0.10833333333333334,0.2448579045859331,0.14,0.09969305180569553,0.005,0.28672692461055455,0.28672692461055455,1.0,0.75625,0.10591666666666667,0.13283333333333333,0.005,0.08210687609843574,0.08210687609843574,1.0,0.5382596519194575,0.19929626778734977,0.20142008477144258,0.06102399552175023,0.17773175057028323,0.17773175057028323,1.0,0.6472548259597287,0.1526064672270082,0.16712670905238797,0.033011997760875114,0.0,0.0,1.0,0.46952307538944554,0.185925968218926,0.2448579045859331,0.09969305180569553
60,0.27547692461055456,0.0,0.21952307538944546,96,25,0.0,0,1,60,0.46952307538944554,0.745,0.185925968218926,0.11166666666666666,0.2448579045859331,0.14,0.09969305180569553,0.0033333333333333335,0.28264359127722116,0.28264359127722116,1.0,0.7521666666666667,0.10783333333333334,0.13508333333333333,0.004916666666666666,0.1512739350919356,0.1512739350919356,1.0,0.3651110297180115,0.255117955113441,0.32693985278335363,0.052831162385193926,0.08911577280289362,0.08911577280289362,1.0,0.5586388481923391,0.18147564422338716,0.23101159305834348,0.028873914525930296,0.0,0.0,1.0,0.46952307538944554,0.185925968218926,0.2448579045859331,0.09969305180569553
61,0.2771435912772212,0.0,0.21952307538944546,113,25,0.0,0,0,60,0.46952307538944554,0.7466666666666667,0.185925968218926,0.11,0.2448579045859331,0.14,0.09969305180569553,0.0033333333333333335,0.28264359127722116,0.28264359127722116,1.0,0.7521666666666667,0.10783333333333334,0.13508333333333333,0.004916666666666666,0.1512739350919356,0.1512739350919356,1.0,0.3651110297180115,0.255117955113441,0.32693985278335363,0.052831162385193926,0.08911577280289362,0.08911577280289362,1.0,0.5586388481923391,0.18147564422338716,0.23101159305834348,0.028873914525930296,0.0,0.0,1.0,0.46952307538944554,0.185925968218926,0.2448579045859331,0.09969305180569553
62,0.2771435912772212,0.0,0.21952307538944546,95,25,0.0,0,0,60,0.46952307538944554,0.7466666666666667,0.185925968218926,0.11,0.2448579045859331,0.14,0.09969305180569553,0.0033333333333333335,0.28264359127722116,0.28264359127722116,1.0,0.7521666666666667,0.10783333333333334,0.13508333333333333,0.004916666666666666,0.1512739350919356,0.1512739350919356,1.0,0.3651110297180115,0.255117955113441,0.32693985278335363,0.052831162385193926,0.08911577280289362,0.08911577280289362,1.0,0.5586388481923391,0.18147564422338716,0.23101159305834348,0.028873914525930296,0.0,0.0,1.0,0.46952307538944554,0.185925968218926,0.2448579045859331,0.09969305180569553
63,0.27547692461055456,0.0,0.21952307538944546,99,25,0.0,0,0,60,0.46952307538944554,0.745,0.185925968218926,0.10833333333333334,0.2448579045859331,0.14166666666666666,0.09969305180569553,0.005,0.28264359127722116,0.28264359127722116,1.0,0.7521666666666667,0.10783333333333334,0.13508333333333333,0.004916666666666666,0.1512739350919356,0.1512739350919356,1.0,0.3651110297180115,0.255117955113441,0.32693985278335363,0.052831162385193926,0.08911577280289362,0.08911577280289362,1.0,0.5586388481923391,0.18147564422338716,0.23101159305834348,0.028873914525930296,0.0,0.0,1.0,0.46952307538944554,0.185925968218926,0.2448579045859331,0.09969305180569553
64,0.27047692461055456,0.0,0.21952307538944546,102,25,0.0,0,0,60,0.46952307538944554,0.74,0.185925968218926,0.11,0.2448579045859331,0.145,0.09969305180569553,0.005,0.28264359127722116,0.28264359127722116,1.0,0.7521666666666667,0.10783333333333334,0.13508333333333333,0.004916666666666666,0.1512739350919356,0.1512739350919356,1.0,0.3651110297180115,0.255117955113441,0.32693985278335363,0.052831162385193926,0.08911577280289362,0.08911577280289362,1.0,0.5586388481923391,0.18147564422338716,0.23101159305834348,0.028873914525930296,0.0,0.0,1.0,0.46952307538944554,0.185925968218926,0.2448579045859331,0.09969305180569553
65,0.27047692461055456,0.0,0.21952307538944546,106,25,0.0,0,0,60,0.46952307538944554,0.74,0.185925968218926,0.11,0.2448579045859331,0.145,0.09969305180569553,0.005,0.28264359127722116,0.28264359127722116,1.0,0.7521666666666667,0.10783333333333334,0.13508333333333333,0.004916666666666666,0.1512739350919356,0.1512739350919356,1.0,0.3651110297180115,0.255117955113441,0.32693985278335363,0.052831162385193926,0.08911577280289362,0.08911577280289362,1.0,0.5586388481923391,0.18147564422338716,0.23101159305834348,0.028873914525930296,0.0,0.0,1.0,0.46952307538944554,0.185925968218926,0.2448579045859331,0.09969305180569553
66,0.26547692461055455,0.0,0.21952307538944546,95,25,0.0,0,0,60,0.46952307538944554,0.735,0.185925968218926,0.11,0.2448579045859331,0.15,0.09969305180569553,0.005,0.28264359127722116,0.28264359127722116,1.0,0.7521666666666667,0.10783333333333334,0.13508333333333333,0.004916666666666666,0.1512739350919356,0.1512739350919356,1.0,0.3651110297180115,0.255117955113441,0.32693985278335363,0.052831162385193926,0.08911577280289362,0.08911577280289362,1.0,0.5586388481923391,0.18147564422338716,0.23101159305834348,0.028873914525930296,0.0,0.0,1.0,0.46952307538944554,0.185925968218926,0.2448579045859331,0.09969305180569553
67,0.26881025794388785,0.0,0.21952307538944546,99,25,0.0,0,0,60,0.46952307538944554,0.7383333333333333,0.185925968218926,0.10833333333333334,0.2448579045859331,0.14833333333333334,0.09969305180569553,0.005,0.28264359127722116,0.28264359127722116,1.0,0.7521666666666667,0.10783333333333334,0.13508333333333333,0.004916666666666666,0.1512739350919356,0.1512739350919356,1.0,0.3651110297180115,0.255117955113441,0.32693985278335363,0.052831162385193926,0.08911577280289362,0.08911577280289362,1.0,0.5586388481923391,0.18147564422338716,0.23101159305834348,0.028873914525930296,0.0,0.0,1.0,0.46952307538944554,0.185925968218926,0.2448579045859331,0.09969305180569553
68,0.26881025794388785,0.0,0.21952307538944546,112,25,0.0,0,0,60,0.46952307538944554,0.7383333333333333,0.185925968218926,0.10833333333333334,0.2448579045859331,0.14833333333333334,0.09969305180569553,0.005,0.28264359127722116,0.28264359127722116,1.0,0.7521666666666667,0.10783333333333334,0.13508333333333333,0.004916666666666666,0.1512739350919356,0.1512739350919356,1.0,0.3651110297180115,0.255117955113441,0.32693985278335363,0.052831162385193926,0.08911577280289362,0.08911577280289362,1.0,0.5586388481923391,0.18147564422338716,0.23101159305834348,0.028873914525930296,0.0,0.0,1.0,0.46952307538944554,0.185925968218926,0.2448579045859331,0.09969305180569553
69,0.26547692461055455,0.0,0.21952307538944546,109,25,0.0,0,0,60,0.46952307538944554,0.735,0.185925968218926,0.11,0.2448579045859331,0.15,0.09969305180569553,0.005,0.28264359127722116,0.28264359127722116,1.0,0.7521666666666667,0.10783333333333334,0.13508333333333333,0.004916666666666666,0.1512739350919356,0.1512739350919356,1.0,0.3651110297180115,0.255117955113441,0.32693985278335363,0.052831162385193926,0.08911577280289362,0.08911577280289362,1.0,0.5586388481923391,0.18147564422338716,0.23101159305834348,0.028873914525930296,0.0,0.0,1.0,0.46952307538944554,0.185925968218926,0.2448579045859331,0.09969305180569553
70,0.26547692461055455,0.0,0.21952307538944546,85,25,0.0,0,1,70,0.46952307538944554,0.735,0.185925968218926,0.11,0.2448579045859331,0.15,0.09969305180569553,0.005,0.2752269246105546,0.2752269246105546,1.0,0.74475,0.10925,0.14125,0.00475,0.08891624706116102,0.08891624706116102,1.0,0.40391028485670444,0.16262251169050598,0.2690937430506279,0.16437346040216164,0.1048070670389068,0.1048070670389068,1.0,0.5743301424283522,0.13593625584525298,0.20517187152531394,0.08456173020108082,0.0,0.0,1.0,0.46952307538944554,0.185925968218926,0.2448579045859331,0.09969305180569553
71,0.26547692461055455,0.0,0.21952307538944546,100,25,0.0,0,0,70,0.46952307538944554,0.735,0.185925968218926,0.11,0.2448579045859331,0.15,0.09969305180569553,0.005,0.2752269246105546,0.2752269246105546,1.0,0.74475,0.10925,0.14125,0.00475,0.08891624706116102,0.08891624706116102,1.0,0.40391028485670444,0.16262251169050598,0.2690937430506279,0.16437346040216164,0.1048070670389068,0.1048070670389068,1.0,0.5743301424283522,0.13593625584525298,0.20517187152531394,0.08456173020108082,0.0,0.0,1.0,0.46952307538944554,0.185925968218926,0.2448579045859331,0.09969305180569553
72,0.2671435912772212,0.0,0.21952307538944546,92,25,0.0,0,0,70,0.46952307538944554,0.7366666666666667,0.185925968218926,0.11,0.2448579045859331,0.14833333333333334,0.09969305180569553,0.005,0.2752269246105546,0.2752269246105546,1.0,0.74475,0.10925,0.14125,0.00475,0.08891624706116102,0.08891624706116102,1.0,0.40391028485670444,0.16262251169050598,0.2690937430506279,0.16437346040216164,0.1048070670389068,0.1048070670389068,1.0,0.5743301424283522,0.13593625584525298,0.20517187152531394,0.08456173020108082,0.0,0.0,1.0,0.46952307538944554,0.185925968218926,0.2448579045859331,0.09969305180569553
73,0.2671435912772212,0.0,0.21952307538944546,103,25,0.0,0,0,70,0.46952307538944554,0.7366666666666667,0.185925968218926,0.11,0.2448579045859331,0.14833333333333334,0.09969305180569553,0.005,0.2752269246105546,0.2752269246105546,1.0,0.74475,0.10925,0.14125,0.00475,0.08891624706116102,0.08891624706116102,1.0,0.40391028485670444,0.16262251169050598,0.2690937430506279,0.16437346040216164,0.1048070670389068,0.1048070670389068,1.0,0.5743301424283522,0.13593625584525298,0.20517187152531394,0.08456173020108082,0.0,0.0,1.0,0.46952307538944554,0.185925968218926,0.2448579045859331,0.09969305180569553
74,0.26881025794388785,0.0,0.21952307538944546,117,25,0.0,0,0,70,0.46952307538944554,0.7383333333333333,0.185925968218926,0.11,0.2448579045859331,0.14666666666666667,0.09969305180569553,0.005,0.2752269246105546,0.2752269246105546,1.0,0.74475,0.10925,0.14125,0.00475,0.08891624706116102,0.08891624706116102,1.0,0.40391028485670444,0.16262251169050598,0.2690937430506279,0.16437346040216164,0.1048070670389068,0.1048070670389068,1.0,0.5743301424283522,0.13593625584525298,0.20517187152531394,0.08456173020108082,0.0,0.0,1.0,0.46952307538944554,0.185925968218926,0.2448579045859331,0.09969305180569553
75,0.2671435912772212,0.0,0.21952307538944546,105,25,0.0,0,0,70,0.46952307538944554,0.7366666666666667,0.185925968218926,0.11,0.2448579045859331,0.14833333333333334,0.09969305180569553,0.005,0.2752269246105546,0.2752269246105546,1.0,0.74475,0.10925,0.14125,0.00475,0.08891624706116102,0.08891624706116102,1.0,0.40391028485670444,0.16262251169050598,0.2690937430506279,0.16437346040216164,0.1048070670389068,0.1048070670389068,1.0,0.5743301424283522,0.13593625584525298,0.20517187152531394,0.08456173020108082,0.0,0.0,1.0,0.46952307538944554,0.185925968218926,0.2448579045859331,0.09969305180569553
76,0.2671435912772212,0.0,0.21952307538944546,105,25,0.0,0,0,70,0.46952307538944554,0.7366666666666667,0.185925968218926,0.11,0.2448579045859331,0.14833333333333334,0.09969305180569553,0.005,0.2752269246105546,0.2752269246105546,1.0,0.74475,0.10925,0.14125,0.00475,0.08891624706116102,0.08891624706116102,1.0,0.40391028485670444,0.16262251169050598,0.2690937430506279,0.16437346040216164,0.1048070670389068,0.1048070670389068,1.0,0.5743301424283522,0.13593625584525298,0.20517187152531394,0.08456173020108082,0.0,0.0,1.0,0.46952307538944554,0.185925968218926,0.2448579045859331,0.09969305180569553
77,0.2671435912772212,0.0,0.21952307538944546,120,25,0.0,0,0,70,0.46952307538944554,0.7366666666666667,0.185925968218926,0.11,0.2448579045859331,0.14833333333333334,0.09969305180569553,0.005,0.2752269246105546,0.2752269246105546,1.0,0.74475,0.10925,0.14125,0.00475,0.08891624706116102,0.08891624706116102,1.0,0.40391028485670444,0.16262251169050598,0.2690937430506279,0.16437346040216164,0.1048070670389068,0.1048070670389068,1.0,0.5743301424283522,0.13593625584525298,0.20517187152531394,0.08456173020108082,0.0,0.0,1.0,0.46952307538944554,0.185925968218926,0.2448579045859331,0.09969305180569553
78,0.26547692461055455,0.0,0.21952307538944546,99,25,0.0,0,0,70,0.46952307538944554,0.735,0.185925968218926,0.11,0.2448579045859331,0.15,0.09969305180569553,0.005,0.2752269246105546,0.2752269246105546,1.0,0.74475,0.10925,0.14125,0.00475,0.08891624706116102,0.08891624706116102,1.0,0.40391028485670444,0.16262251169050598,0.2690937430506279,0.16437346040216164,0.1048070670389068,0.1048070670389068,1.0,0.5743301424283522,0.13593625584525298,0.20517187152531394,0.08456173020108082,0.0,0.0,1.0,0.46952307538944554,0.185925968218926,0.2448579045859331,0.09969305180569553
79,0.26547692461055455,0.0,0.21952307538944546,104,25,0.0,0,0,70,0.46952307538944554,0.735,0.185925968218926,0.11,0.2448579045859331,0.15,0.09969305180569553,0.005,0.2752269246105546,0.2752269246105546,1.0,0.74475,0.10925,0.14125,0.00475,0.08891624706116102,0.08891624706116102,1.0,0.40391028485670444,0.16262251169050598,0.2690937430506279,0.16437346040216164,0.1048070670389068,0.1048070670389068,1.0,0.5743301424283522,0.13593625584525298,0.20517187152531394,0.08456173020108082,0.0,0.0,1.0,0.46952307538944554,0.185925968218926,0.2448579045859331,0.09969305180569553
80,0.26547692461055455,0.0,0.21952307538944546,97,25,0.0,0,1,80,0.46952307538944554,0.735,0.185925968218926,0.11,0.2448579045859331,0.15,0.09969305180569553,0.005,0.2685602579438879,0.2685602579438879,1.0,0.7380833333333333,0.10975,0.14733333333333334,0.004833333333333334,0.16663072906702286,0.16663072906702286,1.0,0.6361538044564683,0.10033907557934524,0.22541591759843574,0.03809120236575068,0.2175954935054554,0.2175954935054554,1.0,0.6871185688949009,0.10504453778967263,0.18637462546588454,0.021462267849542006,0.0,0.0,1.0,0.46952307538944554,0.185925968218926,0.2448579045859331,0.09969305180569553
81,0.26547692461055455,0.0,0.21952307538944546,101,25,0.0,0,0,80,0.46952307538944554,0.735,0.185925968218926,0.11,0.2448579045859331,0.15,0.09969305180569553,0.005,0.2685602579438879,0.2685602579438879,1.0,0.7380833333333333,0.10975,0.14733333333333334,0.004833333333333334,0.16663072906702286,0.16663072906702286,1.0,0.6361538044564683,0.10033907557934524,0.22541591759843574,0.03809120236575068,0.2175954935054554,0.2175954935054554,1.0,0.6871185688949009,0.10504453778967263,0.18637462546588454,0.021462267849542006,0.0,0.0,1.0,0.46952307538944554,0.185925968218926,0.2448579045859331,0.09969305180569553
82,0.2671435912772212,0.0,0.21952307538944546,102,25,0.0,0,0,80,0.46952307538944554,0.7366666666666667,0.185925968218926,0.11,0.2448579045859331,0.14833333333333334,0.09969305180569553,0.005,0.2685602579438879,0.2685602579438879,1.0,0.7380833333333333,0.10975,0.14733333333333334,0.004833333333333334,0.16663072906702286,0.16663072906702286,1.0,0.6361538044564683,0.10033907557934524,0.22541591759843574,0.03809120236575068,0.2175954935054554,0.2175954935054554,1.0,0.6871185688949009,0.10504453778967263,0.18637462546588454,0.021462267849542006,0.0,0.0,1.0,0.46952307538944554,0.185925968218926,0.2448579045859331,0.09969305180569553
83,0.26547692461055455,0.0,0.21952307538944546,97,25,0.0,0,0,80,0.46952307538944554,0.735,0.185925968218926,0.11,0.2448579045859331,0.15,0.09969305180569553,0.005,0.2685602579438879,0.2685602579438879,1.0,0.7380833333333333,0.10975,0.14733333333333334,0.004833333333333334,0.16663072906702286,0.16663072906702286,1.0,0.6361538044564683,0.10033907557934524,0.22541591759843574,0.03809120236575068,0.2175954935054554,0.2175954935054554,1.0,0.6871185688949009,0.10504453778967263,0.18637462546588454,0.021462267849542006,0.0,0.0,1.0,0.46952307538944554,0.185925968218926,0.2448579045859331,0.09969305180569553
84,0.26547692461055455,0.0,0.21952307538944546,104,25,0.0,0,0,80,0.46952307538944554,0.735,0.185925968218926,0.11,0.2448579045859331,0.15,0.09969305180569553,0.005,0.2685602579438879,0.2685602579438879,1.0,0.7380833333333333,0.10975,0.14733333333333334,0.004833333333333334,0.16663072906702286,0.16663072906702286,1.0,0.6361538044564683,0.10033907557934524,0.22541591759843574,0.03809120236575068,0.2175954935054554,0.2175954935054554,1.0,0.6871185688949009,0.10504453778967263,0.18637462546588454,0.021462267849542006,0.0,0.0,1.0,0.46952307538944554,0.185925968218926,0.2448579045859331,0.09969305180569553
85,0.26547692461055455,0.0,0.21952307538944546,109,25,0.0,0,0,80,0.46952307538944554,0.735,0.185925968218926,0.11,0.2448579045859331,0.15,0.09969305180569553,0.005,0.2685602579438879,0.2685602579438879,1.0,0.7380833333333333,0.10975,0.14733333333333334,0.004833333333333334,0.16663072906702286,0.16663072906702286,1.0,0.6361538044564683,0.10033907557934524,0.22541591759843574,0.03809120236575068,0.2175954935054554,0.2175954935054554,1.0,0.6871185688949009,0.10504453778967263,0.18637462546588454,0.021462267849542006,0.0,0.0,1.0,0.46952307538944554,0.185925968218926,0.2448579045859331,0.09969305180569553
86,0.2671435912772212,0.0,0.21952307538944546,108,25,0.0,0,0,80,0.46952307538944554,0.7366666666666667,0.185925968218926,0.11,0.2448579045859331,0.14833333333333334,0.09969305180569553,0.005,0.2685602579438879,0.2685602579438879,1.0,0.7380833333333333,0.10975,0.14733333333333334,0.004833333333333334,0.16663072906702286,0.16663072906702286,1.0,0.6361538044564683,0.10033907557934524,0.22541591759843574,0.03809120236575068,0.2175954935054554,0.2175954935054554,1.0,0.6871185688949009,0.10504453778967263,0.18637462546588454,0.021462267849542006,0.0,0.0,1.0,0.46952307538944554,0.185925968218926,0.2448579045859331,0.09969305180569553
87,0.2671435912772212,0.0,0.21952307538944546,95,25,0.0,0,0,80,0.46952307538944554,0.7366666666666667,0.185925968218926,0.11,0.2448579045859331,0.14833333333333334,0.09969305180569553,0.005,0.2685602579438879,0.2685602579438879,1.0,0.7380833333333333,0.10975,0.14733333333333334,0.004833333333333334,0.16663072906702286,0.16663072906702286,1.0,0.6361538044564683,0.10033907557934524,0.22541591759843574,0.03809120236575068,0.2175954935054554,0.2175954935054554,1.0,0.6871185688949009,0.10504453778967263,0.18637462546588454,0.021462267849542006,0.0,0.0,1.0,0.46952307538944554,0.185925968218926,0.2448579045859331,0.09969305180569553
88,0.27214359127722126,0.0,0.21952307538944546,98,25,0.0,0,0,80,0.46952307538944554,0.7416666666666667,0.185925968218926,0.11,0.2448579045859331,0.145,0.09969305180569553,0.0033333333333333335,0.2685602579438879,0.2685602579438879,1.0,0.7380833333333333,0.10975,0.14733333333333334,0.004833333333333334,0.16663072906702286,0.16663072906702286,1.0,0.6361538044564683,0.10033907557934524,0.22541591759843574,0.03809120236575068,0.2175954935054554,0.2175954935054554,1.0,0.6871185688949009,0.10504453778967263,0.18637462546588454,0.021462267849542006,0.0,0.0,1.0,0.46952307538944554,0.185925968218926,0.2448579045859331,0.09969305180569553
89,0.26881025794388785,0.0,0.21952307538944546,102,25,0.0,0,0,80,0.46952307538944554,0.7383333333333333,0.185925968218926,0.11,0.2448579045859331,0.14833333333333334,0.09969305180569553,0.0033333333333333335,0.2685602579438879,0.2685602579438879,1.0,0.7380833333333333,0.10975,0.14733333333333334,0.004833333333333334,0.16663072906702286,0.16663072906702286,1.0,0.6361538044564683,0.10033907557934524,0.22541591759843574,0.03809120236575068,0.2175954935054554,0.2175954935054554,1.0,0.6871185688949009,0.10504453778967263,0.18637462546588454,0.021462267849542006,0.0,0.0,1.0,0.46952307538944554,0.185925968218926,0.2448579045859331,0.09969305180569553
90,0.26881025794388785,0.0,0.21952307538944546,125,21,0.0,0,1,90,0.46952307538944554,0.7383333333333333,0.185925968218926,0.11,0.2448579045859331,0.14833333333333334,0.09969305180569553,0.0033333333333333335,0.26697692461055456,0.26697692461055456,1.0,0.7365,0.11,0.14875,0.00475,0.12477364486468508,0.12477364486468508,1.0,0.45277593593868826,0.310699613083611,0.17042446834859595,0.06609998262910478,0.14953873090277814,0.14953873090277814,1.0,0.5946379679693441,0.2103498065418055,0.159587234174298,0.035424991314552394,0.0,0.0,1.0,0.46952307538944554,0.185925968218926,0.2448579045859331,0.09969305180569553
91,0.26881025794388785,0.0,0.21952307538944546,99,21,0.0,0,0,90,0.46952307538944554,0.7383333333333333,0.185925968218926,0.11,0.2448579045859331,0.14833333333333334,0.09969305180569553,0.0033333333333333335,0.26697692461055456,0.26697692461055456,1.0,0.7365,0.11,0.14875,0.00475,0.12477364486468508,0.12477364486468508,1.0,0.45277593593868826,0.310699613083611,0.17042446834859595,0.06609998262910478,0.14953873090277814,0.14953873090277814,1.0,0.5946379679693441,0.2103498065418055,0.159587234174298,0.035424991314552394,0.0,0.0,1.0,0.46952307538944554,0.185925968218926,0.2448579045859331,0.09969305180569553
92,0.26881025794388785,0.0,0.21952307538944546,109,21,0.0,0,0,90,0.46952307538944554,0.7383333333333333,0.185925968218926,0.11,0.2448579045859331,0.14833333333333334,0.09969305180569553,0.0033333333333333335,0.26697692461055456,0.26697692461055456,1.0,0.7365,0.11,0.14875,0.00475,0.12477364486468508,0.12477364486468508,1.0,0.45277593593868826,0.310699613083611,0.17042446834859595,0.06609998262910478,0.14953873090277814,0.14953873090277814,1.0,0.5946379679693441,0.2103498065418055,0.159587234174298,0.035424991314552394,0.0,0.0,1.0,0.46952307538944554,0.185925968218926,0.2448579045859331,0.09969305180569553
93,0.26881025794388785,0.0,0.21952307538944546,95,21,0.0,0,0,90,0.46952307538944554,0.7383333333333333,0.185925968218926,0.11,0.2448579045859331,0.14833333333333334,0.09969305180569553,0.0033333333333333335,0.26697692461055456,0.26697692461055456,1.0,0.7365,0.11,0.14875,0.00475,0.12477364486468508,0.12477364486468508,1.0,0.45277593593868826,0.310699613083611,0.17042446834859595,0.06609998262910478,0.14953873090277814,0.14953873090277814,1.0,0.5946379679693441,0.2103498065418055,0.159587234174298,0.035424991314552394,0.0,0.0,1.0,0.46952307538944554,0.185925968218926,0.2448579045859331,0.09969305180569553
94,0.26881025794388785,0.0,0.21952307538944546,110,21,0.0,0,0,90,0.46952307538944554,0.7383333333333333,0.185925968218926,0.11,0.2448579045859331,0.14833333333333334,0.09969305180569553,0.0033333333333333335,0.26697692461055456,0.26697692461055456,1.0,0.7365,0.11,0.14875,0.00475,0.12477364486468508,0.12477364486468508,1.0,0.45277593593868826,0.310699613083611,0.17042446834859595,0.06609998262910478,0.14953873090277814,0.14953873090277814,1.0,0.5946379679693441,0.2103498065418055,0.159587234174298,0.035424991314552394,0.0,0.0,1.0,0.46952307538944554,0.185925968218926,0.2448579045859331,0.09969305180569553
95,0.27047692461055456,0.0,0.21952307538944546,112,21,0.0,0,0,90,0.46952307538944554,0.74,0.185925968218926,0.10833333333333334,0.2448579045859331,0.14833333333333334,0.09969305180569553,0.0033333333333333335,0.26697692461055456,0.26697692461055456,1.0,0.7365,0.11,0.14875,0.00475,0.12477364486468508,0.12477364486468508,1.0,0.45277593593868826,0.310699613083611,0.17042446834859595,0.06609998262910478,0.14953873090277814,0.14953873090277814,1.0,0.5946379679693441,0.2103498065418055,0.159587234174298,0.035424991314552394,0.0,0.0,1.0,0.46952307538944554,0.185925968218926,0.2448579045859331,0.09969305180569553
96,0.26714359127722126,0.0,0.21952307538944546,106,21,0.0,0,0,90,0.46952307538944554,0.7366666666666667,0.185925968218926,0.11,0.2448579045859331,0.15,0.09969305180569553,0.0033333333333333335,0.26697692461055456,0.26697692461055456,1.0,0.7365,0.11,0.14875,0.00475,0.12477364486468508,0.12477364486468508,1.0,0.45277593593868826,0.310699613083611,0.17042446834859595,0.06609998262910478,0.14953873090277814,0.14953873090277814,1.0,0.5946379679693441,0.2103498065418055,0.159587234174298,0.035424991314552394,0.0,0.0,1.0,0.46952307538944554,0.185925968218926,0.2448579045859331,0.09969305180569553
97,0.26714359127722126,0.0,0.21952307538944546,111,21,0.0,0,0,90,0.46952307538944554,0.7366666666666667,0.185925968218926,0.11,0.2448579045859331,0.15,0.09969305180569553,0.0033333333333333335,0.26697692461055456,0.26697692461055456,1.0,0.7365,0.11,0.14875,0.00475,0.12477364486468508,0.12477364486468508,1.0,0.45277593593868826,0.310699613083611,0.17042446834859595,0.06609998262910478,0.14953873090277814,0.14953873090277814,1.0,0.5946379679693441,0.2103498065418055,0.159587234174298,0.035424991314552394,0.0,0.0,1.0,0.46952307538944554,0.185925968218926,0.2448579045859331,0.09969305180569553
98,0.26547692461055455,0.0,0.21952307538944546,87,21,0.0,0,0,90,0.46952307538944554,0.735,0.185925968218926,0.11333333333333333,0.2448579045859331,0.14833333333333334,0.09969305180569553,0.0033333333333333335,0.26697692461055456,0.26697692461055456,1.0,0.7365,0.11,0.14875,0.00475,0.12477364486468508,0.12477364486468508,1.0,0.45277593593868826,0.310699613083611,0.17042446834859595,0.06609998262910478,0.14953873090277814,0.14953873090277814,1.0,0.5946379679693441,0.2103498065418055,0.159587234174298,0.035424991314552394,0.0,0.0,1.0,0.46952307538944554,0.185925968218926,0.2448579045859331,0.09969305180569553
99,0.26547692461055455,0.0,0.21952307538944546,98,21,0.0,0,0,90,0.46952307538944554,0.735,0.185925968218926,0.11333333333333333,0.2448579045859331,0.14833333333333334,0.09969305180569553,0.0033333333333333335,0.26697692461055456,0.26697692461055456,1.0,0.7365,0.11,0.14875,0.00475,0.12477364486468508,0.12477364486468508,1.0,0.45277593593868826,0.310699613083611,0.17042446834859595,0.06609998262910478,0.14953873090277814,0.14953873090277814,1.0,0.5946379679693441,0.2103498065418055,0.159587234174298,0.035424991314552394,0.0,0.0,1.0,0.46952307538944554,0.185925968218926,0.2448579045859331,0.09969305180569553
100,0.3192161271951409,0.0,0.21952307538944546,69,4,0.0,0,1,100,0.46952307538944554,0.25,0.185925968218926,0.5,0.2448579045859331,0.25,0.09969305180569553,0.0,0.24790116703479695,0.24790116703479695,1.0,0.7174242424242424,0.12601010101010102,0.1527777777777778,0.003787878787878788,0.09826218899148018,0.09826218899148018,1.0,0.4246889836731443,0.1735363849580105,0.20381939057166962,0.19795524079717564,0.10271204564607958,0.10271204564607958,1.0,0.5710566130486934,0.14977324298405575,0.17829858417472372,0.10087155979252721,0.0,0.0,1.0,0.46952307538944554,0.185925968218926,0.2448579045859331,0.09969305180569553
101,0.33588279386180764,0.0,0.21952307538944546,101,8,0.0,0,0,100,0.46952307538944554,0.2,0.185925968218926,0.45666666666666667,0.2448579045859331,0.31,0.09969305180569553,0.03333333333333333,0.24790116703479695,0.24790116703479695,1.0,0.7174242424242424,0.12601010101010102,0.1527777777777778,0.003787878787878788,0.09826218899148018,0.09826218899148018,1.0,0.4246889836731443,0.1735363849580105,0.20381939057166962,0.19795524079717564,0.10271204564607958,0.10271204564607958,1.0,0.5710566130486934,0.14977324298405575,0.17829858417472372,0.10087155979252721,0.0,0.0,1.0,0.46952307538944554,0.185925968218926,0.2448579045859331,0.09969305180569553
102,0.28588279386180765,0.0,0.21952307538944546,94,12,0.0,0,0,100,0.46952307538944554,0.27666666666666667,0.185925968218926,0.4483333333333333,0.2448579045859331,0.2683333333333333,0.09969305180569553,0.006666666666666667,0.24790116703479695,0.24790116703479695,1.0,0.7174242424242424,0.12601010101010102,0.1527777777777778,0.003787878787878788,0.09826218899148018,0.09826218899148018,1.0,0.4246889836731443,0.1735363849580105,0.20381939057166962,0.19795524079717564,0.10271204564607958,0.10271204564607958,1.0,0.5710566130486934,0.14977324298405575,0.17829858417472372,0.10087155979252721,0.0,0.0,1.0,0.46952307538944554,0.185925968218926,0.2448579045859331,0.09969305180569553
103,0.2375494605284743,0.0,0.21952307538944546,101,13,0.0,0,0,100,0.46952307538944554,0.32666666666666666,0.185925968218926,0.39666666666666667,0.2448579045859331,0.27166666666666667,0.09969305180569553,0.005,0.24790116703479695,0.24790116703479695,1.0,0.7174242424242424,0.12601010101010102,0.1527777777777778,0.003787878787878788,0.09826218899148018,0.09826218899148018,1.0,0.4246889836731443,0.1735363849580105,0.20381939057166962,0.19795524079717564,0.10271204564607958,0.10271204564607958,1.0,0.5710566130486934,0.14977324298405575,0.17829858417472372,0.10087155979252721,0.0,0.0,1.0,0.46952307538944554,0.185925968218926,0.2448579045859331,0.09969305180569553
104,0.1775494605284743,0.0,0.21952307538944546,102,14,0.0,0,0,100,0.46952307538944554,0.38666666666666666,0.185925968218926,0.3383333333333333,0.2448579045859331,0.27,0.09969305180569553,0.005,0.24790116703479695,0.24790116703479695,1.0,0.7174242424242424,0.12601010101010102,0.1527777777777778,0.003787878787878788,0.09826218899148018,0.09826218899148018,1.0,0.4246889836731443,0.1735363849580105,0.20381939057166962,0.19795524079717564,0.10271204564607958,0.10271204564607958,1.0,0.5710566130486934,0.14977324298405575,0.17829858417472372,0.10087155979252721,0.0,0.0,1.0,0.46952307538944554,0.185925968218926,0.2448579045859331,0.09969305180569553
105,0.1075494605284743,0.0,0.21952307538944546,86,15,0.0,0,0,100,0.46952307538944554,0.45666666666666667,0.185925968218926,0.2683333333333333,0.2448579045859331,0.27,0.09969305180569553,0.005,0.24790116703479695,0.24790116703479695,1.0,0.7174242424242424,0.12601010101010102,0.1527777777777778,0.003787878787878788,0.09826218899148018,0.09826218899148018,1.0,0.4246889836731443,0.1735363849580105,0.20381939057166962,0.19795524079717564,0.10271204564607958,0.10271204564607958,1.0,0.5710566130486934,0.14977324298405575,0.17829858417472372,0.10087155979252721,0.0,0.0,1.0,0.46952307538944554,0.185925968218926,0.2448579045859331,0.09969305180569553
106,0.09469305180569543,0.0,0.21952307538944546,103,15,0.0,0,0,100,0.46952307538944554,0.48333333333333334,0.185925968218926,0.26,0.2448579045859331,0.25166666666666665,0.09969305180569553,0.005,0.24790116703479695,0.24790116703479695,1.0,0.7174242424242424,0.12601010101010102,0.1527777777777778,0.003787878787878788,0.09826218899148018,0.09826218899148018,1.0,0.4246889836731443,0.1735363849580105,0.20381939057166962,0.19795524079717564,0.10271204564607958,0.10271204564607958,1.0,0.5710566130486934,0.14977324298405575,0.17829858417472372,0.10087155979252721,0.0,0.0,1.0,0.46952307538944554,0.185925968218926,0.2448579045859331,0.09969305180569553
107,0.0946930518056954,0.0,0.21952307538944546,95,15,0.0,0,0,100,0.46952307538944554,0.49166666666666664,0.185925968218926,0.25166666666666665,0.2448579045859331,0.25166666666666665,0.09969305180569553,0.005,0.24790116703479695,0.24790116703479695,1.0,0.7174242424242424,0.12601010101010102,0.1527777777777778,0.003787878787878788,0.09826218899148018,0.09826218899148018,1.0,0.4246889836731443,0.1735363849580105,0.20381939057166962,0.19795524079717564,0.10271204564607958,0.10271204564607958,1.0,0.5710566130486934,0.14977324298405575,0.17829858417472372,0.10087155979252721,0.0,0.0,1.0,0.46952307538944554,0.185925968218926,0.2448579045859331,0.09969305180569553
108,0.09469305180569543,0.0,0.21952307538944546,96,15,0.0,0,0,100,0.46952307538944554,0.5383333333333333,0.185925968218926,0.21166666666666667,0.2448579045859331,0.245,0.09969305180569553,0.005,0.24790116703479695,0.24790116703479695,1.0,0.7174242424242424,0.12601010101010102,0.1527777777777778,0.003787878787878788,0.09826218899148018,0.09826218899148018,1.0,0.4246889836731443,0.1735363849580105,0.20381939057166962,0.19795524079717564,0.10271204564607958,0.10271204564607958,1.0,0.5710566130486934,0.14977324298405575,0.17829858417472372,0.10087155979252721,0.0,0.0,1.0,0.46952307538944554,0.185925968218926,0.2448579045859331,0.09969305180569553
109,0.11288428972496187,0.0,0.21952307538944546,82,16,0.0,0,0,100,0.46952307538944554,0.5766666666666667,0.185925968218926,0.19166666666666668,0.2448579045859331,0.22833333333333333,0.09969305180569553,0.0033333333333333335,0.24790116703479695,0.24790116703479695,1.0,0.7174242424242424,0.12601010101010102,0.1527777777777778,0.003787878787878788,0.09826218899148018,0.09826218899148018,1.0,0.4246889836731443,0.1735363849580105,0.20381939057166962,0.19795524079717564,0.10271204564607958,0.10271204564607958,1.0,0.5710566130486934,0.14977324298405575,0.17829858417472372,0.10087155979252721,0.0,0.0,1.0,0.46952307538944554,0.185925968218926,0.2448579045859331,0.09969305180569553
110,0.14047692461055455,0.0,0.21952307538944546,109,16,0.0,0,1,110,0.46952307538944554,0.61,0.185925968218926,0.18,0.2448579045859331,0.20666666666666667,0.09969305180569553,0.0033333333333333335,0.13150381834449046,0.13150381834449046,1.0,0.5648148148148148,0.22213804713804713,0.20765993265993266,0.0053872053872053875,0.11594508706826329,0.11594508706826329,1.0,0.38077159068362915,0.18511844789769938,0.21847182254471273,0.2156381388739587,0.03179202698361029,0.03179202698361029,1.0,0.472793202749222,0.20362824751787326,0.2130658776023227,0.11051267213058204,0.0,0.0,1.0,0.46952307538944554,0.185925968218926,0.2448579045859331,0.09969305180569553
111,0.15381025794388786,0.0,0.21952307538944546,103,16,0.0,0,0,110,0.46952307538944554,0.6233333333333333,0.185925968218926,0.17166666666666666,0.2448579045859331,0.20333333333333334,0.09969305180569553,0.0016666666666666668,0.13150381834449046,0.13150381834449046,1.0,0.5648148148148148,0.22213804713804713,0.20765993265993266,0.0053872053872053875,0.11594508706826329,0.11594508706826329,1.0,0.38077159068362915,0.18511844789769938,0.21847182254471273,0.2156381388739587,0.03179202698361029,0.03179202698361029,1.0,0.472793202749222,0.20362824751787326,0.2130658776023227,0.11051267213058204,0.0,0.0,1.0,0.46952307538944554,0.185925968218926,0.2448579045859331,0.09969305180569553
112,0.15547692461055454,0.0,0.21952307538944546,103,16,0.0,0,0,110,0.46952307538944554,0.625,0.185925968218926,0.17,0.2448579045859331,0.20333333333333334,0.09969305180569553,0.0016666666666666668,0.13150381834449046,0.13150381834449046,1.0,0.5648148148148148,0.22213804713804713,0.20765993265993266,0.0053872053872053875,0.11594508706826329,0.11594508706826329,1.0,0.38077159068362915,0.18511844789769938,0.21847182254471273,0.2156381388739587,0.03179202698361029,0.03179202698361029,1.0,0.472793202749222,0.20362824751787326,0.2130658776023227,0.11051267213058204,0.0,0.0,1.0,0.46952307538944554,0.185925968218926,0.2448579045859331,0.09969305180569553
113,0.16714359127722123,0.0,0.21952307538944546,118,16,0.0,0,0,110,0.46952307538944554,0.6366666666666667,0.185925968218926,0.16166666666666665,0.2448579045859331,0.2,0.09969305180569553,0.0016666666666666668,0.13150381834449046,0.13150381834449046,1.0,0.5648148148148148,0.22213804713804713,0.20765993265993266,0.0053872053872053875,0.11594508706826329,0.11594508706826329,1.0,0.38077159068362915,0.18511844789769938,0.21847182254471273,0.2156381388739587,0.03179202698361029,0.03179202698361029,1.0,0.472793202749222,0.20362824751787326,0.2130658776023227,0.11051267213058204,0.0,0.0,1.0,0.46952307538944554,0.185925968218926,0.2448579045859331,0.09969305180569553
114,0.2038102579438879,0.0,0.21952307538944546,121,17,0.0,0,0,110,0.46952307538944554,0.6733333333333333,0.185925968218926,0.15,0.2448579045859331,0.175,0.09969305180569553,0.0016666666666666668,0.13150381834449046,0.13150381834449046,1.0,0.5648148148148148,0.22213804713804713,0.20765993265993266,0.0053872053872053875,0.11594508706826329,0.11594508706826329,1.0,0.38077159068362915,0.18511844789769938,0.21847182254471273,0.2156381388739587,0.03179202698361029,0.03179202698361029,1.0,0.472793202749222,0.20362824751787326,0.2130658776023227,0.11051267213058204,0.0,0.0,1.0,0.46952307538944554,0.185925968218926,0.2448579045859331,0.09969305180569553
115,0.22381025794388787,0.0,0.21952307538944546,101,17,0.0,0,0,110,0.46952307538944554,0.6933333333333334,0.185925968218926,0.145,0.2448579045859331,0.16,0.09969305180569553,0.0016666666666666668,0.13150381834449046,0.13150381834449046,1.0,0.5648148148148148,0.22213804713804713,0.20765993265993266,0.0053872053872053875,0.11594508706826329,0.11594508706826329,1.0,0.38077159068362915,0.18511844789769938,0.21847182254471273,0.2156381388739587,0.03179202698361029,0.03179202698361029,1.0,0.472793202749222,0.20362824751787326,0.2130658776023227,0.11051267213058204,0.0,0.0,1.0,0.46952307538944554,0.185925968218926,0.2448579045859331,0.09969305180569553
116,0.22881025794388787,0.0,0.21952307538944546,89,17,0.0,0,0,110,0.46952307538944554,0.6983333333333334,0.185925968218926,0.145,0.2448579045859331,0.155,0.09969305180569553,0.0016666666666666668,0.13150381834449046,0.13150381834449046,1.0,0.5648148148148148,0.22213804713804713,0.20765993265993266,0.0053872053872053875,0.11594508706826329,0.11594508706826329,1.0,0.38077159068362915,0.18511844789769938,0.21847182254471273,0.2156381388739587,0.03179202698361029,0.03179202698361029,1.0,0.472793202749222,0.20362824751787326,0.2130658776023227,0.11051267213058204,0.0,0.0,1.0,0.46952307538944554,0.185925968218926,0.2448579045859331,0.09969305180569553
117,0.23547692461055453,0.0,0.21952307538944546,105,17,0.0,0,0,110,0.46952307538944554,0.705,0.185925968218926,0.14166666666666666,0.2448579045859331,0.15166666666666667,0.09969305180569553,0.0016666666666666668,0.13150381834449046,0.13150381834449046,1.0,0.5648148148148148,0.22213804713804713,0.20765993265993266,0.0053872053872053875,0.11594508706826329,0.11594508706826329,1.0,0.38077159068362915,0.18511844789769938,0.21847182254471273,0.2156381388739587,0.03179202698361029,0.03179202698361029,1.0,0.472793202749222,0.20362824751787326,0.2130658776023227,0.11051267213058204,0.0,0.0,1.0,0.46952307538944554,0.185925968218926,0.2448579045859331,0.09969305180569553
118,0.2438102579438879,0.0,0.21952307538944546,107,17,0.0,0,0,110,0.46952307538944554,0.7133333333333334,0.185925968218926,0.13833333333333334,0.2448579045859331,0.14666666666666667,0.09969305180569553,0.0016666666666666668,0.13150381834449046,0.13150381834449046,1.0,0.5648148148148148,0.22213804713804713,0.20765993265993266,0.0053872053872053875,0.11594508706826329,0.11594508706826329,1.0,0.38077159068362915,0.18511844789769938,0.21847182254471273,0.2156381388739587,0.03179202698361029,0.03179202698361029,1.0,0.472793202749222,0.20362824751787326,0.2130658776023227,0.11051267213058204,0.0,0.0,1.0,0.46952307538944554,0.185925968218926,0.2448579045859331,0.09969305180569553
119,0.2488102579438879,0.0,0.21952307538944546,101,17,0.0,0,0,110,0.46952307538944554,0.7183333333333334,0.185925968218926,0.13666666666666666,0.2448579045859331,0.14333333333333334,0.09969305180569553,0.0016666666666666668,0.13150381834449046,0.13150381834449046,1.0,0.5648148148148148,0.22213804713804713,0.20765993265993266,0.0053872053872053875,0.11594508706826329,0.11594508706826329,1.0,0.38077159068362915,0.18511844789769938,0.21847182254471273,0.2156381388739587,0.03179202698361029,0.03179202698361029,1.0,0.472793202749222,0.20362824751787326,0.2130658776023227,0.11051267213058204,0.0,0.0,1.0,0.46952307538944554,0.185925968218926,0.2448579045859331,0.09969305180569553
120,0.26214359127722126,0.0,0.21952307538944546,117,17,0.0,0,1,120,0.46952307538944554,0.7316666666666667,0.185925968218926,0.13166666666666665,0.2448579045859331,0.135,0.09969305180569553,0.0016666666666666668,0.12755095639162856,0.12755095639162856,1.0,0.55825,0.22475,0.21233333333333335,0.004666666666666667,0.03514517609398106,0.03514517609398106,1.0,0.4596991157415682,0.19946781471841013,0.26646123418042994,0.07437183535959173,0.06563442162161767,0.06563442162161767,1.0,0.508974557870784,0.21210890735920507,0.23939728375688163,0.0395192510131292,0.0,0.0,1.0,0.46952307538944554,0.185925968218926,0.2448579045859331,0.09969305180569553
121,0.26214359127722126,0.0,0.21952307538944546,116,17,0.0,0,0,120,0.46952307538944554,0.7316666666666667,0.185925968218926,0.13166666666666665,0.2448579045859331,0.135,0.09969305180569553,0.0016666666666666668,0.12755095639162856,0.12755095639162856,1.0,0.55825,0.22475,0.21233333333333335,0.004666666666666667,0.03514517609398106,0.03514517609398106,1.0,0.4596991157415682,0.19946781471841013,0.26646123418042994,0.07437183535959173,0.06563442162161767,0.06563442162161767,1.0,0.508974557870784,0.21210890735920507,0.23939728375688163,0.0395192510131292,0.0,0.0,1.0,0.46952307538944554,0.185925968218926,0.2448579045859331,0.09969305180569553
122,0.26547692461055455,0.0,0.21952307538944546,98,17,0.0,0,0,120,0.46952307538944554,0.735,0.185925968218926,0.13,0.2448579045859331,0.13166666666666665,0.09969305180569553,0.0033333333333333335,0.12755095639162856,0.12755095639162856,1.0,0.55825,0.22475,0.21233333333333335,0.004666666666666667,0.03514517609398106,0.03514517609398106,1.0,0.4596991157415682,0.19946781471841013,0.26646123418042994,0.07437183535959173,0.06563442162161767,0.06563442162161767,1.0,0.508974557870784,0.21210890735920507,0.23939728375688163,0.0395192510131292,0.0,0.0,1.0,0.46952307538944554,0.185925968218926,0.2448579045859331,0.09969305180569553
123,0.27047692461055456,0.0,0.21952307538944546,92,17,0.0,0,0,120,0.46952307538944554,0.74,0.185925968218926,0.13,0.2448579045859331,0.12666666666666668,0.09969305180569553,0.0033333333333333335,0.12755095639162856,0.12755095639162856,1.0,0.55825,0.22475,0.21233333333333335,0.004666666666666667,0.03514517609398106,0.03514517609398106,1.0,0.4596991157415682,0.19946781471841013,0.26646123418042994,0.07437183535959173,0.06563442162161767,0.06563442162161767,1.0,0.508974557870784,0.21210890735920507,0.23939728375688163,0.0395192510131292,0.0,0.0,1.0,0.46952307538944554,0.185925968218926,0.2448579045859331,0.09969305180569553
124,0.27214359127722126,0.0,0.21952307538944546,113,17,0.0,0,0,120,0.46952307538944554,0.7416666666666667,0.185925968218926,0.12833333333333333,0.2448579045859331,0.12666666666666668,0.09969305180569553,0.0033333333333333335,0.12755095639162856,0.12755095639162856,1.0,0.55825,0.22475,0.21233333333333335,0.004666666666666667,0.03514517609398106,0.03514517609398106,1.0,0.4596991157415682,0.19946781471841013,0.26646123418042994,0.07437183535959173,0.06563442162161767,0.06563442162161767,1.0,0.508974557870784,0.21210890735920507,0.23939728375688163,0.0395192510131292,0.0,0.0,1.0,0.46952307538944554,0.185925968218926,0.2448579045859331,0.09969305180569553
125,0.27381025794388786,0.0,0.21952307538944546,92,17,0.0,0,0,120,0.46952307538944554,0.7433333333333333,0.185925968218926,0.12833333333333333,0.2448579045859331,0.125,0.09969305180569553,0.0033333333333333335,0.12755095639162856,0.12755095639162856,1.0,0.55825,0.22475,0.21233333333333335,0.004666666666666667,0.03514517609398106,0.03514517609398106,1.0,0.4596991157415682,0.19946781471841013,0.26646123418042994,0.07437183535959173,0.06563442162161767,0.06563442162161767,1.0,0.508974557870784,0.21210890735920507,0.23939728375688163,0.0395192510131292,0.0,0.0,1.0,0.46952307538944554,0.185925968218926,0.2448579045859331,0.09969305180569553
126,0.27547692461055456,0.0,0.21952307538944546,113,17,0.0,0,0,120,0.46952307538944554,0.745,0.185925968218926,0.12833333333333333,0.2448579045859331,0.12333333333333334,0.09969305180569553,0.0033333333333333335,0.12755095639162856,0.12755095639162856,1.0,0.55825,0.22475,0.21233333333333335,0.004666666666666667,0.03514517609398106,0.03514517609398106,1.0,0.4596991157415682,0.19946781471841013,0.26646123418042994,0.07437183535959173,0.06563442162161767,0.06563442162161767,1.0,0.508974557870784,0.21210890735920507,0.23939728375688163,0.0395192510131292,0.0,0.0,1.0,0.46952307538944554,0.185925968218926,0.2448579045859331,0.09969305180569553
127,0.27881025794388786,0.0,0.21952307538944546,109,17,0.0,0,0,120,0.46952307538944554,0.7483333333333333,0.185925968218926,0.12666666666666668,0.2448579045859331,0.12166666666666667,0.09969305180569553,0.0033333333333333335,0.12755095639162856,0.12755095639162856,1.0,0.55825,0.22475,0.21233333333333335,0.004666666666666667,0.03514517609398106,0.03514517609398106,1.0,0.4596991157415682,0.19946781471841013,0.26646123418042994,0.07437183535959173,0.06563442162161767,0.06563442162161767,1.0,0.508974557870784,0.21210890735920507,0.23939728375688163,0.0395192510131292,0.0,0.0,1.0,0.46952307538944554,0.185925968218926,0.2448579045859331,0.09969305180569553
128,0.28547692461055457,0.0,0.21952307538944546,112,17,0.0,0,0,120,0.46952307538944554,0.755,0.185925968218926,0.125,0.2448579045859331,0.11666666666666667,0.09969305180569553,0.0033333333333333335,0.12755095639162856,0.12755095639162856,1.0,0.55825,0.22475,0.21233333333333335,0.004666666666666667,0.03514517609398106,0.03514517609398106,1.0,0.4596991157415682,0.19946781471841013,0.26646123418042994,0.07437183535959173,0.06563442162161767,0.06563442162161767,1.0,0.508974557870784,0.21210890735920507,0.23939728375688163,0.0395192510131292,0.0,0.0,1.0,0.46952307538944554,0.185925968218926,0.2448579045859331,0.09969305180569553
129,0.2904769246105546,0.0,0.21952307538944546,104,17,0.0,0,0,120,0.46952307538944554,0.76,0.185925968218926,0.12333333333333334,0.2448579045859331,0.115,0.09969305180569553,0.0016666666666666668,0.12755095639162856,0.12755095639162856,1.0,0.55825,0.22475,0.21233333333333335,0.004666666666666667,0.03514517609398106,0.03514517609398106,1.0,0.4596991157415682,0.19946781471841013,0.26646123418042994,0.07437183535959173,0.06563442162161767,0.06563442162161767,1.0,0.508974557870784,0.21210890735920507,0.23939728375688163,0.0395192510131292,0.0,0.0,1.0,0.46952307538944554,0.185925968218926,0.2448579045859331,0.09969305180569553
130,0.2954769246105546,0.0,0.21952307538944546,108,17,0.0,0,1,130,0.46952307538944554,0.765,0.185925968218926,0.11833333333333333,0.2448579045859331,0.115,0.09969305180569553,0.0016666666666666668,0.24464359127722116,0.24464359127722116,1.0,0.7141666666666666,0.13808333333333334,0.1455,0.00225,0.1261263740075289,0.1261263740075289,1.0,0.5709119340254022,0.11658414067751473,0.2695954199575053,0.042908505339577845,0.17301622495658897,0.17301622495658897,1.0,0.6425393003460345,0.12733373700542402,0.20754770997875266,0.022579252669788923,0.0,0.0,1.0,0.46952307538944554,0.185925968218926,0.2448579045859331,0.09969305180569553
131,0.2954769246105546,0.0,0.21952307538944546,104,17,0.0,0,0,130,0.46952307538944554,0.765,0.185925968218926,0.11833333333333333,0.2448579045859331,0.115,0.09969305180569553,0.0016666666666666668,0.24464359127722116,0.24464359127722116,1.0,0.7141666666666666,0.13808333333333334,0.1455,0.00225,0.1261263740075289,0.1261263740075289,1.0,0.5709119340254022,0.11658414067751473,0.2695954199575053,0.042908505339577845,0.17301622495658897,0.17301622495658897,1.0,0.6425393003460345,0.12733373700542402,0.20754770997875266,0.022579252669788923,0.0,0.0,1.0,0.46952307538944554,0.185925968218926,0.2448579045859331,0.09969305180569553
132,0.29714359127722123,0.0,0.21952307538944546,107,17,0.0,0,0,130,0.46952307538944554,0.7666666666666667,0.185925968218926,0.11833333333333333,0.2448579045859331,0.11333333333333333,0.09969305180569553,0.0016666666666666668,0.24464359127722116,0.24464359127722116,1.0,0.7141666666666666,0.13808333333333334,0.1455,0.00225,0.1261263740075289,0.1261263740075289,1.0,0.5709119340254022,0.11658414067751473,0.2695954199575053,0.042908505339577845,0.17301622495658897,0.17301622495658897,1.0,0.6425393003460345,0.12733373700542402,0.20754770997875266,0.022579252669788923,0.0,0.0,1.0,0.46952307538944554,0.185925968218926,0.2448579045859331,0.09969305180569553
133,0.29714359127722123,0.0,0.21952307538944546,98,17,0.0,0,0,130,0.46952307538944554,0.7666666666666667,0.185925968218926,0.11666666666666667,0.2448579045859331,0.115,0.09969305180569553,0.0016666666666666668,0.24464359127722116,0.24464359127722116,1.0,0.7141666666666666,0.13808333333333334,0.1455,0.00225,0.1261263740075289,0.1261263740075289,1.0,0.5709119340254022,0.11658414067751473,0.2695954199575053,0.042908505339577845,0.17301622495658897,0.17301622495658897,1.0,0.6425393003460345,0.12733373700542402,0.20754770997875266,0.022579252669788923,0.0,0.0,1.0,0.46952307538944554,0.185925968218926,0.2448579045859331,0.09969305180569553
134,0.30047692461055453,0.0,0.21952307538944546,105,17,0.0,0,0,130,0.46952307538944554,0.77,0.185925968218926,0.11833333333333333,0.2448579045859331,0.11,0.09969305180569553,0.0016666666666666668,0.24464359127722116,0.24464359127722116,1.0,0.7141666666666666,0.13808333333333334,0.1455,0.00225,0.1261263740075289,0.1261263740075289,1.0,0.5709119340254022,0.11658414067751473,0.2695954199575053,0.042908505339577845,0.17301622495658897,0.17301622495658897,1.0,0.6425393003460345,0.12733373700542402,0.20754770997875266,0.022579252669788923,0.0,0.0,1.0,0.46952307538944554,0.185925968218926,0.2448579045859331,0.09969305180569553
135,0.30381025794388783,0.0,0.21952307538944546,104,17,0.0,0,0,130,0.46952307538944554,0.7733333333333333,0.185925968218926,0.11666666666666667,0.2448579045859331,0.10833333333333334,0.09969305180569553,0.0016666666666666668,0.24464359127722116,0.24464359127722116,1.0,0.7141666666666666,0.13808333333333334,0.1455,0.00225,0.1261263740075289,0.1261263740075289,1.0,0.5709119340254022,0.11658414067751473,0.2695954199575053,0.042908505339577845,0.17301622495658897,0.17301622495658897,1.0,0.6425393003460345,0.12733373700542402,0.20754770997875266,0.022579252669788923,0.0,0.0,1.0,0.46952307538944554,0.185925968218926,0.2448579045859331,0.09969305180569553
136,0.3071435912772212,0.0,0.21952307538944546,96,17,0.0,0,0,130,0.46952307538944554,0.7766666666666666,0.185925968218926,0.11666666666666667,0.2448579045859331,0.105,0.09969305180569553,0.0016666666666666668,0.24464359127722116,0.24464359127722116,1.0,0.7141666666666666,0.13808333333333334,0.1455,0.00225,0.1261263740075289,0.1261263740075289,1.0,0.5709119340254022,0.11658414067751473,0.2695954199575053,0.042908505339577845,0.17301622495658897,0.17301622495658897,1.0,0.6425393003460345,0.12733373700542402,0.20754770997875266,0.022579252669788923,0.0,0.0,1.0,0.46952307538944554,0.185925968218926,0.2448579045859331,0.09969305180569553
137,0.3071435912772212,0.0,0.21952307538944546,98,17,0.0,0,0,130,0.46952307538944554,0.7766666666666666,0.185925968218926,0.11666666666666667,0.2448579045859331,0.105,0.09969305180569553,0.0016666666666666668,0.24464359127722116,0.24464359127722116,1.0,0.7141666666666666,0.13808333333333334,0.1455,0.00225,0.1261263740075289,0.1261263740075289,1.0,0.5709119340254022,0.11658414067751473,0.2695954199575053,0.042908505339577845,0.17301622495658897,0.17301622495658897,1.0,0.6425393003460345,0.12733373700542402,0.20754770997875266,0.022579252669788923,0.0,0.0,1.0,0.46952307538944554,0.185925968218926,0.2448579045859331,0.09969305180569553
138,0.31047692461055454,0.0,0.21952307538944546,104,17,0.0,0,0,130,0.46952307538944554,0.78,0.185925968218926,0.115,0.2448579045859331,0.10333333333333333,0.09969305180569553,0.0016666666666666668,0.24464359127722116,0.24464359127722116,1.0,0.7141666666666666,0.13808333333333334,0.1455,0.00225,0.1261263740075289,0.1261263740075289,1.0,0.5709119340254022,0.11658414067751473,0.2695954199575053,0.042908505339577845,0.17301622495658897,0.17301622495658897,1.0,0.6425393003460345,0.12733373700542402,0.20754770997875266,0.022579252669788923,0.0,0.0,1.0,0.46952307538944554,0.185925968218926,0.2448579045859331,0.09969305180569553
139,0.31047692461055454,0.0,0.21952307538944546,116,17,0.0,0,0,130,0.46952307538944554,0.78,0.185925968218926,0.11666666666666667,0.2448579045859331,0.10166666666666667,0.09969305180569553,0.0016666666666666668,0.24464359127722116,0.24464359127722116,1.0,0.7141666666666666,0.13808333333333334,0.1455,0.00225,0.1261263740075289,0.1261263740075289,1.0,0.5709119340254022,0.11658414067751473,0.2695954199575053,0.042908505339577845,0.17301622495658897,0.17301622495658897,1.0,0.6425393003460345,0.12733373700542402,0.20754770997875266,0.022579252669788923,0.0,0.0,1.0,0.46952307538944554,0.185925968218926,0.2448579045859331,0.09969305180569553
140,0.31381025794388784,0.0,0.21952307538944546,94,17,0.0,0,1,140,0.46952307538944554,0.7833333333333333,0.185925968218926,0.115,0.2448579045859331,0.1,0.09969305180569553,0.0016666666666666668,0.2906435912772212,0.2906435912772212,1.0,0.7601666666666667,0.12191666666666667,0.11566666666666667,0.00225,0.038887393575386835,0.038887393575386835,1.0,0.46431730124609705,0.15315901984618577,0.2837452981613198,0.09877838074639733,0.14271890856693642,0.14271890856693642,1.0,0.6122419839563819,0.1375378432564262,0.19970598241399323,0.05051419037319867,0.0,0.0,1.0,0.46952307538944554,0.185925968218926,0.2448579045859331,0.09969305180569553
141,0.31381025794388784,0.0,0.21952307538944546,89,17,0.0,0,0,140,0.46952307538944554,0.7833333333333333,0.185925968218926,0.115,0.2448579045859331,0.1,0.09969305180569553,0.0016666666666666668,0.2906435912772212,0.2906435912772212,1.0,0.7601666666666667,0.12191666666666667,0.11566666666666667,0.00225,0.038887393575386835,0.038887393575386835,1.0,0.46431730124609705,0.15315901984618577,0.2837452981613198,0.09877838074639733,0.14271890856693642,0.14271890856693642,1.0,0.6122419839563819,0.1375378432564262,0.19970598241399323,0.05051419037319867,0.0,0.0,1.0,0.46952307538944554,0.185925968218926,0.2448579045859331,0.09969305180569553
142,0.31381025794388784,0.0,0.21952307538944546,108,17,0.0,0,0,140,0.46952307538944554,0.7833333333333333,0.185925968218926,0.115,0.2448579045859331,0.1,0.09969305180569553,0.0016666666666666668,0.2906435912772212,0.2906435912772212,1.0,0.7601666666666667,0.12191666666666667,0.11566666666666667,0.00225,0.038887393575386835,0.038887393575386835,1.0,0.46431730124609705,0.15315901984618577,0.2837452981613198,0.09877838074639733,0.14271890856693642,0.14271890856693642,1.0,0.6122419839563819,0.1375378432564262,0.19970598241399323,0.05051419037319867,0.0,0.0,1.0,0.46952307538944554,0.185925968218926,0.2448579045859331,0.09969305180569553
143,0.31547692461055454,0.0,0.21952307538944546,102,17,0.0,0,0,140,0.46952307538944554,0.785,0.185925968218926,0.11166666666666666,0.2448579045859331,0.10166666666666667,0.09969305180569553,0.0016666666666666668,0.2906435912772212,0.2906435912772212,1.0,0.7601666666666667,0.12191666666666667,0.11566666666666667,0.00225,0.038887393575386835,0.038887393575386835,1.0,0.46431730124609705,0.15315901984618577,0.2837452981613198,0.09877838074639733,0.14271890856693642,0.14271890856693642,1.0,0.6122419839563819,0.1375378432564262,0.19970598241399323,0.05051419037319867,0.0,0.0,1.0,0.46952307538944554,0.185925968218926,0.2448579045859331,0.09969305180569553
144,0.31547692461055454,0.0,0.21952307538944546,104,17,0.0,0,0,140,0.46952307538944554,0.785,0.185925968218926,0.11166666666666666,0.2448579045859331,0.10166666666666667,0.09969305180569553,0.0016666666666666668,0.2906435912772212,0.2906435912772212,1.0,0.7601666666666667,0.12191666666666667,0.11566666666666667,0.00225,0.038887393575386835,0.038887393575386835,1.0,0.46431730124609705,0.15315901984618577,0.2837452981613198,0.09877838074639733,0.14271890856693642,0.14271890856693642,1.0,0.6122419839563819,0.1375378432564262,0.19970598241399323,0.05051419037319867,0.0,0.0,1.0,0.46952307538944554,0.185925968218926,0.2448579045859331,0.09969305180569553
145,0.31547692461055454,0.0,0.21952307538944546,91,17,0.0,0,0,140,0.46952307538944554,0.785,0.185925968218926,0.11333333333333333,0.2448579045859331,0.1,0.09969305180569553,0.0016666666666666668,0.2906435912772212,0.2906435912772212,1.0,0.7601666666666667,0.12191666666666667,0.11566666666666667,0.00225,0.038887393575386835,0.038887393575386835,1.0,0.46431730124609705,0.15315901984618577,0.2837452981613198,0.09877838074639733,0.14271890856693642,0.14271890856693642,1.0,0.6122419839563819,0.1375378432564262,0.19970598241399323,0.05051419037319867,0.0,0.0,1.0,0.46952307538944554,0.185925968218926,0.2448579045859331,0.09969305180569553
146,0.3171435912772212,0.0,0.21952307538944546,112,17,0.0,0,0,140,0.46952307538944554,0.7866666666666666,0.185925968218926,0.11166666666666666,0.2448579045859331,0.1,0.09969305180569553,0.0016666666666666668,0.2906435912772212,0.2906435912772212,1.0,0.7601666666666667,0.12191666666666667,0.11566666666666667,0.00225,0.038887393575386835,0.038887393575386835,1.0,0.46431730124609705,0.15315901984618577,0.2837452981613198,0.09877838074639733,0.14271890856693642,0.14271890856693642,1.0,0.6122419839563819,0.1375378432564262,0.19970598241399323,0.05051419037319867,0.0,0.0,1.0,0.46952307538944554,0.185925968218926,0.2448579045859331,0.09969305180569553
147,0.31381025794388784,0.0,0.21952307538944546,86,17,0.0,0,0,140,0.46952307538944554,0.7833333333333333,0.185925968218926,0.11166666666666666,0.2448579045859331,0.10333333333333333,0.09969305180569553,0.0016666666666666668,0.2906435912772212,0.2906435912772212,1.0,0.7601666666666667,0.12191666666666667,0.11566666666666667,0.00225,0.038887393575386835,0.038887393575386835,1.0,0.46431730124609705,0.15315901984618577,0.2837452981613198,0.09877838074639733,0.14271890856693642,0.14271890856693642,1.0,0.6122419839563819,0.1375378432564262,0.19970598241399323,0.05051419037319867,0.0,0.0,1.0,0.46952307538944554,0.185925968218926,0.2448579045859331,0.09969305180569553
148,0.31714359127722114,0.0,0.21952307538944546,110,17,0.0,0,0,140,0.46952307538944554,0.7866666666666666,0.185925968218926,0.11,0.2448579045859331,0.10166666666666667,0.09969305180569553,0.0016666666666666668,0.2906435912772212,0.2906435912772212,1.0,0.7601666666666667,0.12191666666666667,0.11566666666666667,0.00225,0.038887393575386835,0.038887393575386835,1.0,0.46431730124609705,0.15315901984618577,0.2837452981613198,0.09877838074639733,0.14271890856693642,0.14271890856693642,1.0,0.6122419839563819,0.1375378432564262,0.19970598241399323,0.05051419037319867,0.0,0.0,1.0,0.46952307538944554,0.185925968218926,0.2448579045859331,0.09969305180569553
149,0.31714359127722114,0.0,0.21952307538944546,114,17,0.0,0,0,140,0.46952307538944554,0.7866666666666666,0.185925968218926,0.11,0.2448579045859331,0.10166666666666667,0.09969305180569553,0.0016666666666666668,0.2906435912772212,0.2906435912772212,1.0,0.7601666666666667,0.12191666666666667,0.11566666666666667,0.00225,0.038887393575386835,0.038887393575386835,1.0,0.46431730124609705,0.15315901984618577,0.2837452981613198,0.09877838074639733,0.14271890856693642,0.14271890856693642,1.0,0.6122419839563819,0.1375378432564262,0.19970598241399323,0.05051419037319867,0.0,0.0,1.0,0.46952307538944554,0.185925968218926,0.2448579045859331,0.09969305180569553
150,0.31547692461055454,0.0,0.21952307538944546,92,17,0.0,0,1,150,0.46952307538944554,0.785,0.185925968218926,0.11,0.2448579045859331,0.10333333333333333,0.09969305180569553,0.0016666666666666668,0.3098935912772212,0.3098935912772212,1.0,0.7794166666666666,0.11441666666666667,0.1045,0.0016666666666666668,0.13630802863797764,0.13630802863797764,1.0,0.3491592652042001,0.2769893948758211,0.22891368613320084,0.14493765378677806,0.10454195309830577,0.10454195309830577,1.0,0.5642879659354334,0.19570303077124387,0.1667068430666004,0.07330216022672237,0.0,0.0,1.0,0.46952307538944554,0.185925968218926,0.2448579045859331,0.09969305180569553
151,0.31881025794388784,0.0,0.21952307538944546,102,17,0.0,0,0,150,0.46952307538944554,0.7883333333333333,0.185925968218926,0.11,0.2448579045859331,0.1,0.09969305180569553,0.0016666666666666668,0.3098935912772212,0.3098935912772212,1.0,0.7794166666666666,0.11441666666666667,0.1045,0.0016666666666666668,0.13630802863797764,0.13630802863797764,1.0,0.3491592652042001,0.2769893948758211,0.22891368613320084,0.14493765378677806,0.10454195309830577,0.10454195309830577,1.0,0.5642879659354334,0.19570303077124387,0.1667068430666004,0.07330216022672237,0.0,0.0,1.0,0.46952307538944554,0.185925968218926,0.2448579045859331,0.09969305180569553
152,0.31714359127722114,0.0,0.21952307538944546,97,17,0.0,0,0,150,0.46952307538944554,0.7866666666666666,0.185925968218926,0.11,0.2448579045859331,0.10166666666666667,0.09969305180569553,0.0016666666666666668,0.3098935912772212,0.3098935912772212,1.0,0.7794166666666666,0.11441666666666667,0.1045,0.0016666666666666668,0.13630802863797764,0.13630802863797764,1.0,0.3491592652042001,0.2769893948758211,0.22891368613320084,0.14493765378677806,0.10454195309830577,0.10454195309830577,1.0,0.5642879659354334,0.19570303077124387,0.1667068430666004,0.07330216022672237,0.0,0.0,1.0,0.46952307538944554,0.185925968218926,0.2448579045859331,0.09969305180569553
153,0.31714359127722114,0.0,0.21952307538944546,100,17,0.0,0,0,150,0.46952307538944554,0.7866666666666666,0.185925968218926,0.11,0.2448579045859331,0.10166666666666667,0.09969305180569553,0.0016666666666666668,0.3098935912772212,0.3098935912772212,1.0,0.7794166666666666,0.11441666666666667,0.1045,0.0016666666666666668,0.13630802863797764,0.13630802863797764,1.0,0.3491592652042001,0.2769893948758211,0.22891368613320084,0.14493765378677806,0.10454195309830577,0.10454195309830577,1.0,0.5642879659354334,0.19570303077124387,0.1667068430666004,0.07330216022672237,0.0,0.0,1.0,0.46952307538944554,0.185925968218926,0.2448579045859331,0.09969305180569553
154,0.3171435912772212,0.0,0.21952307538944546,97,17,0.0,0,0,150,0.46952307538944554,0.7866666666666666,0.185925968218926,0.11166666666666666,0.2448579045859331,0.1,0.09969305180569553,0.0016666666666666668,0.3098935912772212,0.3098935912772212,1.0,0.7794166666666666,0.11441666666666667,0.1045,0.0016666666666666668,0.13630802863797764,0.13630802863797764,1.0,0.3491592652042001,0.2769893948758211,0.22891368613320084,0.14493765378677806,0.10454195309830577,0.10454195309830577,1.0,0.5642879659354334,0.19570303077124387,0.1667068430666004,0.07330216022672237,0.0,0.0,1.0,0.46952307538944554,0.185925968218926,0.2448579045859331,0.09969305180569553
155,0.3171435912772212,0.0,0.21952307538944546,104,17,0.0,0,0,150,0.46952307538944554,0.7866666666666666,0.185925968218926,0.11166666666666666,0.2448579045859331,0.1,0.09969305180569553,0.0016666666666666668,0.3098935912772212,0.3098935912772212,1.0,0.7794166666666666,0.11441666666666667,0.1045,0.0016666666666666668,0.13630802863797764,0.13630802863797764,1.0,0.3491592652042001,0.2769893948758211,0.22891368613320084,0.14493765378677806,0.10454195309830577,0.10454195309830577,1.0,0.5642879659354334,0.19570303077124387,0.1667068430666004,0.07330216022672237,0.0,0.0,1.0,0.46952307538944554,0.185925968218926,0.2448579045859331,0.09969305180569553
156,0.31714359127722114,0.0,0.21952307538944546,72,17,0.0,0,0,150,0.46952307538944554,0.7866666666666666,0.185925968218926,0.11,0.2448579045859331,0.10166666666666667,0.09969305180569553,0.0016666666666666668,0.3098935912772212,0.3098935912772212,1.0,0.7794166666666666,0.11441666666666667,0.1045,0.0016666666666666668,0.13630802863797764,0.13630802863797764,1.0,0.3491592652042001,0.2769893948758211,0.22891368613320084,0.14493765378677806,0.10454195309830577,0.10454195309830577,1.0,0.5642879659354334,0.19570303077124387,0.1667068430666004,0.07330216022672237,0.0,0.0,1.0,0.46952307538944554,0.185925968218926,0.2448579045859331,0.09969305180569553
157,0.31714359127722114,0.0,0.21952307538944546,92,17,0.0,0,0,150,0.46952307538944554,0.7866666666666666,0.185925968218926,0.11,0.2448579045859331,0.10166666666666667,0.09969305180569553,0.0016666666666666668,0.3098935912772212,0.3098935912772212,1.0,0.7794166666666666,0.11441666666666667,0.1045,0.0016666666666666668,0.13630802863797764,0.13630802863797764,1.0,0.3491592652042001,0.2769893948758211,0.22891368613320084,0.14493765378677806,0.10454195309830577,0.10454195309830577,1.0,0.5642879659354334,0.19570303077124387,0.1667068430666004,0.07330216022672237,0.0,0.0,1.0,0.46952307538944554,0.185925968218926,0.2448579045859331,0.09969305180569553
158,0.3171435912772212,0.0,0.21952307538944546,92,17,0.0,0,0,150,0.46952307538944554,0.7866666666666666,0.185925968218926,0.11166666666666666,0.2448579045859331,0.1,0.09969305180569553,0.0016666666666666668,0.3098935912772212,0.3098935912772212,1.0,0.7794166666666666,0.11441666666666667,0.1045,0.0016666666666666668,0.13630802863797764,0.13630802863797764,1.0,0.3491592652042001,0.2769893948758211,0.22891368613320084,0.14493765378677806,0.10454195309830577,0.10454195309830577,1.0,0.5642879659354334,0.19570303077124387,0.1667068430666004,0.07330216022672237,0.0,0.0,1.0,0.46952307538944554,0.185925968218926,0.2448579045859331,0.09969305180569553
159,0.3171435912772212,0.0,0.21952307538944546,91,17,0.0,0,0,150,0.46952307538944554,0.7866666666666666,0.185925968218926,0.11166666666666666,0.2448579045859331,0.1,0.09969305180569553,0.0016666666666666668,0.3098935912772212,0.3098935912772212,1.0,0.7794166666666666,0.11441666666666667,0.1045,0.0016666666666666668,0.13630802863797764,0.13630802863797764,1.0,0.3491592652042001,0.2769893948758211,0.22891368613320084,0.14493765378677806,0.10454195309830577,0.10454195309830577,1.0,0.5642879659354334,0.19570303077124387,0.1667068430666004,0.07330216022672237,0.0,0.0,1.0,0.46952307538944554,0.185925968218926,0.2448579045859331,0.09969305180569553
160,0.31714359127722114,0.0,0.21952307538944546,98,17,0.0,0,1,160,0.46952307538944554,0.7866666666666666,0.185925968218926,0.11,0.2448579045859331,0.10166666666666667,0.09969305180569553,0.0016666666666666668,0.3163935912772212,0.3163935912772212,1.0,0.7859166666666667,0.11133333333333334,0.10108333333333333,0.0016666666666666668,0.05925453795236414,0.05925453795236414,1.0,0.4544511225281605,0.14174338312784682,0.2801578828422713,0.12364761150172139,0.1506608192079682,0.1506608192079682,1.0,0.6201838945974136,0.12653835823059006,0.1906206080878023,0.06265713908419403,0.0,0.0,1.0,0.46952307538944554,0.185925968218926,0.2448579045859331,0.09969305180569553
161,0.31714359127722114,0.0,0.21952307538944546,99,17,0.0,0,0,160,0.46952307538944554,0.7866666666666666,0.185925968218926,0.11,0.2448579045859331,0.10166666666666667,0.09969305180569553,0.0016666666666666668,0.3163935912772212,0.3163935912772212,1.0,0.7859166666666667,0.11133333333333334,0.10108333333333333,0.0016666666666666668,0.05925453795236414,0.05925453795236414,1.0,0.4544511225281605,0.14174338312784682,0.2801578828422713,0.12364761150172139,0.1506608192079682,0.1506608192079682,1.0,0.6201838945974136,0.12653835823059006,0.1906206080878023,0.06265713908419403,0.0,0.0,1.0,0.46952307538944554,0.185925968218926,0.2448579045859331,0.09969305180569553
162,0.31881025794388784,0.0,0.21952307538944546,105,17,0.0,0,0,160,0.46952307538944554,0.7883333333333333,0.185925968218926,0.11,0.2448579045859331,0.1,0.09969305180569553,0.0016666666666666668,0.3163935912772212,0.3163935912772212,1.0,0.7859166666666667,0.11133333333333334,0.10108333333333333,0.0016666666666666668,0.05925453795236414,0.05925453795236414,1.0,0.4544511225281605,0.14174338312784682,0.2801578828422713,0.12364761150172139,0.1506608192079682,0.1506608192079682,1.0,0.6201838945974136,0.12653835823059006,0.1906206080878023,0.06265713908419403,0.0,0.0,1.0,0.46952307538944554,0.185925968218926,0.2448579045859331,0.09969305180569553
163,0.32047692461055455,0.0,0.21952307538944546,114,17,0.0,0,0,160,0.46952307538944554,0.79,0.185925968218926,0.10833333333333334,0.2448579045859331,0.1,0.09969305180569553,0.0016666666666666668,0.3163935912772212,0.3163935912772212,1.0,0.7859166666666667,0.11133333333333334,0.10108333333333333,0.0016666666666666668,0.05925453795236414,0.05925453795236414,1.0,0.4544511225281605,0.14174338312784682,0.2801578828422713,0.12364761150172139,0.1506608192079682,0.1506608192079682,1.0,0.6201838945974136,0.12653835823059006,0.1906206080878023,0.06265713908419403,0.0,0.0,1.0,0.46952307538944554,0.185925968218926,0.2448579045859331,0.09969305180569553
164,0.32047692461055455,0.0,0.21952307538944546,102,17,0.0,0,0,160,0.46952307538944554,0.79,0.185925968218926,0.10833333333333334,0.2448579045859331,0.1,0.09969305180569553,0.0016666666666666668,0.3163935912772212,0.3163935912772212,1.0,0.7859166666666667,0.11133333333333334,0.10108333333333333,0.0016666666666666668,0.05925453795236414,0.05925453795236414,1.0,0.4544511225281605,0.14174338312784682,0.2801578828422713,0.12364761150172139,0.1506608192079682,0.1506608192079682,1.0,0.6201838945974136,0.12653835823059006,0.1906206080878023,0.06265713908419403,0.0,0.0,1.0,0.46952307538944554,0.185925968218926,0.2448579045859331,0.09969305180569553
165,0.32047692461055455,0.0,0.21952307538944546,88,17,0.0,0,0,160,0.46952307538944554,0.79,0.185925968218926,0.10833333333333334,0.2448579045859331,0.1,0.09969305180569553,0.0016666666666666668,0.3163935912772212,0.3163935912772212,1.0,0.7859166666666667,0.11133333333333334,0.10108333333333333,0.0016666666666666668,0.05925453795236414,0.05925453795236414,1.0,0.4544511225281605,0.14174338312784682,0.2801578828422713,0.12364761150172139,0.1506608192079682,0.1506608192079682,1.0,0.6201838945974136,0.12653835823059006,0.1906206080878023,0.06265713908419403,0.0,0.0,1.0,0.46952307538944554,0.185925968218926,0.2448579045859331,0.09969305180569553
166,0.32047692461055455,0.0,0.21952307538944546,116,17,0.0,0,0,160,0.46952307538944554,0.79,0.185925968218926,0.10833333333333334,0.2448579045859331,0.1,0.09969305180569553,0.0016666666666666668,0.3163935912772212,0.3163935912772212,1.0,0.7859166666666667,0.11133333333333334,0.10108333333333333,0.0016666666666666668,0.05925453795236414,0.05925453795236414,1.0,0.4544511225281605,0.14174338312784682,0.2801578828422713,0.12364761150172139,0.1506608192079682,0.1506608192079682,1.0,0.6201838945974136,0.12653835823059006,0.1906206080878023,0.06265713908419403,0.0,0.0,1.0,0.46952307538944554,0.185925968218926,0.2448579045859331,0.09969305180569553
167,0.31881025794388784,0.0,0.21952307538944546,113,17,0.0,0,0,160,0.46952307538944554,0.7883333333333333,0.185925968218926,0.11,0.2448579045859331,0.1,0.09969305180569553,0.0016666666666666668,0.3163935912772212,0.3163935912772212,1.0,0.7859166666666667,0.11133333333333334,0.10108333333333333,0.0016666666666666668,0.05925453795236414,0.05925453795236414,1.0,0.4544511225281605,0.14174338312784682,0.2801578828422713,0.12364761150172139,0.1506608192079682,0.1506608192079682,1.0,0.6201838945974136,0.12653835823059006,0.1906206080878023,0.06265713908419403,0.0,0.0,1.0,0.46952307538944554,0.185925968218926,0.2448579045859331,0.09969305180569553
168,0.31881025794388784,0.0,0.21952307538944546,107,17,0.0,0,0,160,0.46952307538944554,0.7883333333333333,0.185925968218926,0.11,0.2448579045859331,0.1,0.09969305180569553,0.0016666666666666668,0.3163935912772212,0.3163935912772212,1.0,0.7859166666666667,0.11133333333333334,0.10108333333333333,0.0016666666666666668,0.05925453795236414,0.05925453795236414,1.0,0.4544511225281605,0.14174338312784682,0.2801578828422713,0.12364761150172139,0.1506608192079682,0.1506608192079682,1.0,0.6201838945974136,0.12653835823059006,0.1906206080878023,0.06265713908419403,0.0,0.0,1.0,0.46952307538944554,0.185925968218926,0.2448579045859331,0.09969305180569553
169,0.31881025794388784,0.0,0.21952307538944546,109,17,0.0,0,0,160,0.46952307538944554,0.7883333333333333,0.185925968218926,0.11,0.2448579045859331,0.1,0.09969305180569553,0.0016666666666666668,0.3163935912772212,0.3163935912772212,1.0,0.7859166666666667,0.11133333333333334,0.10108333333333333,0.0016666666666666668,0.05925453795236414,0.05925453795236414,1.0,0.4544511225281605,0.14174338312784682,0.2801578828422713,0.12364761150172139,0.1506608192079682,0.1506608192079682,1.0,0.6201838945974136,0.12653835823059006,0.1906206080878023,0.06265713908419403,0.0,0.0,1.0,0.46952307538944554,0.185925968218926,0.2448579045859331,0.09969305180569553
170,0.31881025794388784,0.0,0.21952307538944546,92,17,0.0,0,1,170,0.46952307538944554,0.7883333333333333,0.185925968218926,0.11,0.2448579045859331,0.1,0.09969305180569553,0.0016666666666666668,0.3183102579438879,0.3183102579438879,1.0,0.7878333333333334,0.11,0.1005,0.0016666666666666668,0.11067960605765875,0.11067960605765875,1.0,0.4329778624533802,0.22515849291508605,0.1707235114643396,0.17114013316719415,0.14088252250391134,0.14088252250391134,1.0,0.6104055978933568,0.16757924645754302,0.1356117557321698,0.08640339991693041,0.0,0.0,1.0,0.46952307538944554,0.185925968218926,0.2448579045859331,0.09969305180569553
171,0.31881025794388784,0.0,0.21952307538944546,106,17,0.0,0,0,170,0.46952307538944554,0.7883333333333333,0.185925968218926,0.11,0.2448579045859331,0.1,0.09969305180569553,0.0016666666666666668,0.3183102579438879,0.3183102579438879,1.0,0.7878333333333334,0.11,0.1005,0.0016666666666666668,0.11067960605765875,0.11067960605765875,1.0,0.4329778624533802,0.22515849291508605,0.1707235114643396,0.17114013316719415,0.14088252250391134,0.14088252250391134,1.0,0.6104055978933568,0.16757924645754302,0.1356117557321698,0.08640339991693041,0.0,0.0,1.0,0.46952307538944554,0.185925968218926,0.2448579045859331,0.09969305180569553
172,0.31881025794388784,0.0,0.21952307538944546,102,17,0.0,0,0,170,0.46952307538944554,0.7883333333333333,0.185925968218926,0.11,0.2448579045859331,0.1,0.09969305180569553,0.0016666666666666668,0.3183102579438879,0.3183102579438879,1.0,0.7878333333333334,0.11,0.1005,0.0016666666666666668,0.11067960605765875,0.11067960605765875,1.0,0.4329778624533802,0.22515849291508605,0.1707235114643396,0.17114013316719415,0.14088252250391134,0.14088252250391134,1.0,0.6104055978933568,0.16757924645754302,0.1356117557321698,0.08640339991693041,0.0,0.0,1.0,0.46952307538944554,0.185925968218926,0.2448579045859331,0.09969305180569553
173,0.32047692461055455,0.0,0.21952307538944546,96,17,0.0,0,0,170,0.46952307538944554,0.79,0.185925968218926,0.10833333333333334,0.2448579045859331,0.1,0.09969305180569553,0.0016666666666666668,0.3183102579438879,0.3183102579438879,1.0,0.7878333333333334,0.11,0.1005,0.0016666666666666668,0.11067960605765875,0.11067960605765875,1.0,0.4329778624533802,0.22515849291508605,0.1707235114643396,0.17114013316719415,0.14088252250391134,0.14088252250391134,1.0,0.6104055978933568,0.16757924645754302,0.1356117557321698,0.08640339991693041,0.0,0.0,1.0,0.46952307538944554,0.185925968218926,0.2448579045859331,0.09969305180569553
174,0.32047692461055455,0.0,0.21952307538944546,88,17,0.0,0,0,170,0.46952307538944554,0.79,0.185925968218926,0.10833333333333334,0.2448579045859331,0.1,0.09969305180569553,0.0016666666666666668,0.3183102579438879,0.3183102579438879,1.0,0.7878333333333334,0.11,0.1005,0.0016666666666666668,0.11067960605765875,0.11067960605765875,1.0,0.4329778624533802,0.22515849291508605,0.1707235114643396,0.17114013316719415,0.14088252250391134,0.14088252250391134,1.0,0.6104055978933568,0.16757924645754302,0.1356117557321698,0.08640339991693041,0.0,0.0,1.0,0.46952307538944554,0.185925968218926,0.2448579045859331,0.09969305180569553
175,0.32381025794388785,0.0,0.21952307538944546,101,17,0.0,0,0,170,0.46952307538944554,0.7933333333333333,0.185925968218926,0.10666666666666667,0.2448579045859331,0.09833333333333333,0.09969305180569553,0.0016666666666666668,0.3183102579438879,0.3183102579438879,1.0,0.7878333333333334,0.11,0.1005,0.0016666666666666668,0.11067960605765875,0.11067960605765875,1.0,0.4329778624533802,0.22515849291508605,0.1707235114643396,0.17114013316719415,0.14088252250391134,0.14088252250391134,1.0,0.6104055978933568,0.16757924645754302,0.1356117557321698,0.08640339991693041,0.0,0.0,1.0,0.46952307538944554,0.185925968218926,0.2448579045859331,0.09969305180569553
176,0.32381025794388785,0.0,0.21952307538944546,100,17,0.0,0,0,170,0.46952307538944554,0.7933333333333333,0.185925968218926,0.10666666666666667,0.2448579045859331,0.09833333333333333,0.09969305180569553,0.0016666666666666668,0.3183102579438879,0.3183102579438879,1.0,0.7878333333333334,0.11,0.1005,0.0016666666666666668,0.11067960605765875,0.11067960605765875,1.0,0.4329778624533802,0.22515849291508605,0.1707235114643396,0.17114013316719415,0.14088252250391134,0.14088252250391134,1.0,0.6104055978933568,0.16757924645754302,0.1356117557321698,0.08640339991693041,0.0,0.0,1.0,0.46952307538944554,0.185925968218926,0.2448579045859331,0.09969305180569553
177,0.32547692461055455,0.0,0.21952307538944546,83,17,0.0,0,0,170,0.46952307538944554,0.795,0.185925968218926,0.105,0.2448579045859331,0.09833333333333333,0.09969305180569553,0.0016666666666666668,0.3183102579438879,0.3183102579438879,1.0,0.7878333333333334,0.11,0.1005,0.0016666666666666668,0.11067960605765875,0.11067960605765875,1.0,0.4329778624533802,0.22515849291508605,0.1707235114643396,0.17114013316719415,0.14088252250391134,0.14088252250391134,1.0,0.6104055978933568,0.16757924645754302,0.1356117557321698,0.08640339991693041,0.0,0.0,1.0,0.46952307538944554,0.185925968218926,0.2448579045859331,0.09969305180569553
178,0.32381025794388785,0.0,0.21952307538944546,110,17,0.0,0,0,170,0.46952307538944554,0.7933333333333333,0.185925968218926,0.10666666666666667,0.2448579045859331,0.09833333333333333,0.09969305180569553,0.0016666666666666668,0.3183102579438879,0.3183102579438879,1.0,0.7878333333333334,0.11,0.1005,0.0016666666666666668,0.11067960605765875,0.11067960605765875,1.0,0.4329778624533802,0.22515849291508605,0.1707235114643396,0.17114013316719415,0.14088252250391134,0.14088252250391134,1.0,0.6104055978933568,0.16757924645754302,0.1356117557321698,0.08640339991693041,0.0,0.0,1.0,0.46952307538944554,0.185925968218926,0.2448579045859331,0.09969305180569553
179,0.32547692461055455,0.0,0.21952307538944546,95,17,0.0,0,0,170,0.46952307538944554,0.795,0.185925968218926,0.105,0.2448579045859331,0.09833333333333333,0.09969305180569553,0.0016666666666666668,0.3183102579438879,0.3183102579438879,1.0,0.7878333333333334,0.11,0.1005,0.0016666666666666668,0.11067960605765875,0.11067960605765875,1.0,0.4329778624533802,0.22515849291508605,0.1707235114643396,0.17114013316719415,0.14088252250391134,0.14088252250391134,1.0,0.6104055978933568,0.16757924645754302,0.1356117557321698,0.08640339991693041,0.0,0.0,1.0,0.46952307538944554,0.185925968218926,0.2448579045859331,0.09969305180569553
180,0.33047692461055456,0.0,0.21952307538944546,103,17,0.0,0,1,180,0.46952307538944554,0.8,0.185925968218926,0.10166666666666667,0.2448579045859331,0.09666666666666666,0.09969305180569553,0.0016666666666666668,0.3212269246105545,0.3212269246105545,1.0,0.79075,0.10808333333333334,0.0995,0.0016666666666666668,0.05100275672636807,0.05100275672636807,1.0,0.4428024285826116,0.23132704183368047,0.2504595876975466,0.0754109418861613,0.14725313890186034,0.14725313890186034,1.0,0.6167762142913058,0.1697051875835069,0.17497979384877332,0.038538804276413985,0.0,0.0,1.0,0.46952307538944554,0.185925968218926,0.2448579045859331,0.09969305180569553
181,0.33047692461055456,0.0,0.21952307538944546,97,17,0.0,0,0,180,0.46952307538944554,0.8,0.185925968218926,0.10166666666666667,0.2448579045859331,0.09666666666666666,0.09969305180569553,0.0016666666666666668,0.3212269246105545,0.3212269246105545,1.0,0.79075,0.10808333333333334,0.0995,0.0016666666666666668,0.05100275672636807,0.05100275672636807,1.0,0.4428024285826116,0.23132704183368047,0.2504595876975466,0.0754109418861613,0.14725313890186034,0.14725313890186034,1.0,0.6167762142913058,0.1697051875835069,0.17497979384877332,0.038538804276413985,0.0,0.0,1.0,0.46952307538944554,0.185925968218926,0.2448579045859331,0.09969305180569553
182,0.33047692461055456,0.0,0.21952307538944546,104,17,0.0,0,0,180,0.46952307538944554,0.8,0.185925968218926,0.10333333333333333,0.2448579045859331,0.095,0.09969305180569553,0.0016666666666666668,0.3212269246105545,0.3212269246105545,1.0,0.79075,0.10808333333333334,0.0995,0.0016666666666666668,0.05100275672636807,0.05100275672636807,1.0,0.4428024285826116,0.23132704183368047,0.2504595876975466,0.0754109418861613,0.14725313890186034,0.14725313890186034,1.0,0.6167762142913058,0.1697051875835069,0.17497979384877332,0.038538804276413985,0.0,0.0,1.0,0.46952307538944554,0.185925968218926,0.2448579045859331,0.09969305180569553
183,0.3321435912772212,0.0,0.21952307538944546,106,17,0.0,0,0,180,0.46952307538944554,0.8016666666666666,0.185925968218926,0.10166666666666667,0.2448579045859331,0.095,0.09969305180569553,0.0016666666666666668,0.3212269246105545,0.3212269246105545,1.0,0.79075,0.10808333333333334,0.0995,0.0016666666666666668,0.05100275672636807,0.05100275672636807,1.0,0.4428024285826116,0.23132704183368047,0.2504595876975466,0.0754109418861613,0.14725313890186034,0.14725313890186034,1.0,0.6167762142913058,0.1697051875835069,0.17497979384877332,0.038538804276413985,0.0,0.0,1.0,0.46952307538944554,0.185925968218926,0.2448579045859331,0.09969305180569553
184,0.33047692461055456,0.0,0.21952307538944546,95,17,0.0,0,0,180,0.46952307538944554,0.8,0.185925968218926,0.10333333333333333,0.2448579045859331,0.095,0.09969305180569553,0.0016666666666666668,0.3212269246105545,0.3212269246105545,1.0,0.79075,0.10808333333333334,0.0995,0.0016666666666666668,0.05100275672636807,0.05100275672636807,1.0,0.4428024285826116,0.23132704183368047,0.2504595876975466,0.0754109418861613,0.14725313890186034,0.14725313890186034,1.0,0.6167762142913058,0.1697051875835069,0.17497979384877332,0.038538804276413985,0.0,0.0,1.0,0.46952307538944554,0.185925968218926,0.2448579045859331,0.09969305180569553
185,0.33381025794388786,0.0,0.21952307538944546,96,17,0.0,0,0,180,0.46952307538944554,0.8033333333333333,0.185925968218926,0.1,0.2448579045859331,0.095,0.09969305180569553,0.0016666666666666668,0.3212269246105545,0.3212269246105545,1.0,0.79075,0.10808333333333334,0.0995,0.0016666666666666668,0.05100275672636807,0.05100275672636807,1.0,0.4428024285826116,0.23132704183368047,0.2504595876975466,0.0754109418861613,0.14725313890186034,0.14725313890186034,1.0,0.6167762142913058,0.1697051875835069,0.17497979384877332,0.038538804276413985,0.0,0.0,1.0,0.46952307538944554,0.185925968218926,0.2448579045859331,0.09969305180569553
186,0.33547692461055456,0.0,0.21952307538944546,105,17,0.0,0,0,180,0.46952307538944554,0.805,0.185925968218926,0.1,0.2448579045859331,0.09333333333333334,0.09969305180569553,0.0016666666666666668,0.3212269246105545,0.3212269246105545,1.0,0.79075,0.10808333333333334,0.0995,0.0016666666666666668,0.05100275672636807,0.05100275672636807,1.0,0.4428024285826116,0.23132704183368047,0.2504595876975466,0.0754109418861613,0.14725313890186034,0.14725313890186034,1.0,0.6167762142913058,0.1697051875835069,0.17497979384877332,0.038538804276413985,0.0,0.0,1.0,0.46952307538944554,0.185925968218926,0.2448579045859331,0.09969305180569553
187,0.33547692461055456,0.0,0.21952307538944546,101,17,0.0,0,0,180,0.46952307538944554,0.805,0.185925968218926,0.1,0.2448579045859331,0.09333333333333334,0.09969305180569553,0.0016666666666666668,0.3212269246105545,0.3212269246105545,1.0,0.79075,0.10808333333333334,0.0995,0.0016666666666666668,0.05100275672636807,0.05100275672636807,1.0,0.4428024285826116,0.23132704183368047,0.2504595876975466,0.0754109418861613,0.14725313890186034,0.14725313890186034,1.0,0.6167762142913058,0.1697051875835069,0.17497979384877332,0.038538804276413985,0.0,0.0,1.0,0.46952307538944554,0.185925968218926,0.2448579045859331,0.09969305180569553
188,0.33547692461055456,0.0,0.21952307538944546,115,17,0.0,0,0,180,0.46952307538944554,0.805,0.185925968218926,0.1,0.2448579045859331,0.09333333333333334,0.09969305180569553,0.0016666666666666668,0.3212269246105545,0.3212269246105545,1.0,0.79075,0.10808333333333334,0.0995,0.0016666666666666668,0.05100275672636807,0.05100275672636807,1.0,0.4428024285826116,0.23132704183368047,0.2504595876975466,0.0754109418861613,0.14725313890186034,0.14725313890186034,1.0,0.6167762142913058,0.1697051875835069,0.17497979384877332,0.038538804276413985,0.0,0.0,1.0,0.46952307538944554,0.185925968218926,0.2448579045859331,0.09969305180569553
189,0.33381025794388786,0.0,0.21952307538944546,86,17,0.0,0,0,180,0.46952307538944554,0.8033333333333333,0.185925968218926,0.1,0.2448579045859331,0.095,0.09969305180569553,0.0016666666666666668,0.3212269246105545,0.3212269246105545,1.0,0.79075,0.10808333333333334,0.0995,0.0016666666666666668,0.05100275672636807,0.05100275672636807,1.0,0.4428024285826116,0.23132704183368047,0.2504595876975466,0.0754109418861613,0.14725313890186034,0.14725313890186034,1.0,0.6167762142913058,0.1697051875835069,0.17497979384877332,0.038538804276413985,0.0,0.0,1.0,0.46952307538944554,0.185925968218926,0.2448579045859331,0.09969305180569553
190,0.3321435912772212,0.0,0.21952307538944546,105,17,0.0,0,1,190,0.46952307538944554,0.8016666666666666,0.185925968218926,0.10166666666666667,0.2448579045859331,0.095,0.09969305180569553,0.0016666666666666668,0.3280602579438878,0.3280602579438878,1.0,0.7975833333333333,0.104,0.09675,0.0016666666666666668,0.11069006671461373,0.11069006671461373,1.0,0.5802131421040592,0.14898323436581626,0.18935238771064614,0.08145123581947838,0.21937516232925083,0.21937516232925083,1.0,0.6888982377186963,0.12649161718290813,0.14305119385532306,0.041558951243072524,0.0,0.0,1.0,0.46952307538944554,0.185925968218926,0.2448579045859331,0.09969305180569553
191,0.3321435912772212,0.0,0.21952307538944546,105,17,0.0,0,0,190,0.46952307538944554,0.8016666666666666,0.185925968218926,0.10166666666666667,0.2448579045859331,0.095,0.09969305180569553,0.0016666666666666668,0.3280602579438878,0.3280602579438878,1.0,0.7975833333333333,0.104,0.09675,0.0016666666666666668,0.11069006671461373,0.11069006671461373,1.0,0.5802131421040592,0.14898323436581626,0.18935238771064614,0.08145123581947838,0.21937516232925083,0.21937516232925083,1.0,0.6888982377186963,0.12649161718290813,0.14305119385532306,0.041558951243072524,0.0,0.0,1.0,0.46952307538944554,0.185925968218926,0.2448579045859331,0.09969305180569553
192,0.3321435912772212,0.0,0.21952307538944546,101,17,0.0,0,0,190,0.46952307538944554,0.8016666666666666,0.185925968218926,0.10166666666666667,0.2448579045859331,0.095,0.09969305180569553,0.0016666666666666668,0.3280602579438878,0.3280602579438878,1.0,0.7975833333333333,0.104,0.09675,0.0016666666666666668,0.11069006671461373,0.11069006671461373,1.0,0.5802131421040592,0.14898323436581626,0.18935238771064614,0.08145123581947838,0.21937516232925083,0.21937516232925083,1.0,0.6888982377186963,0.12649161718290813,0.14305119385532306,0.041558951243072524,0.0,0.0,1.0,0.46952307538944554,0.185925968218926,0.2448579045859331,0.09969305180569553
193,0.33381025794388786,0.0,0.21952307538944546,93,17,0.0,0,0,190,0.46952307538944554,0.8033333333333333,0.185925968218926,0.1,0.2448579045859331,0.095,0.09969305180569553,0.0016666666666666668,0.3280602579438878,0.3280602579438878,1.0,0.7975833333333333,0.104,0.09675,0.0016666666666666668,0.11069006671461373,0.11069006671461373,1.0,0.5802131421040592,0.14898323436581626,0.18935238771064614,0.08145123581947838,0.21937516232925083,0.21937516232925083,1.0,0.6888982377186963,0.12649161718290813,0.14305119385532306,0.041558951243072524,0.0,0.0,1.0,0.46952307538944554,0.185925968218926,0.2448579045859331,0.09969305180569553
194,0.33381025794388786,0.0,0.21952307538944546,100,17,0.0,0,0,190,0.46952307538944554,0.8033333333333333,0.185925968218926,0.1,0.2448579045859331,0.095,0.09969305180569553,0.0016666666666666668,0.3280602579438878,0.3280602579438878,1.0,0.7975833333333333,0.104,0.09675,0.0016666666666666668,0.11069006671461373,0.11069006671461373,1.0,0.5802131421040592,0.14898323436581626,0.18935238771064614,0.08145123581947838,0.21937516232925083,0.21937516232925083,1.0,0.6888982377186963,0.12649161718290813,0.14305119385532306,0.041558951243072524,0.0,0.0,1.0,0.46952307538944554,0.185925968218926,0.2448579045859331,0.09969305180569553
195,0.33381025794388786,0.0,0.21952307538944546,114,17,0.0,0,0,190,0.46952307538944554,0.8033333333333333,0.185925968218926,0.1,0.2448579045859331,0.095,0.09969305180569553,0.0016666666666666668,0.3280602579438878,0.3280602579438878,1.0,0.7975833333333333,0.104,0.09675,0.0016666666666666668,0.11069006671461373,0.11069006671461373,1.0,0.5802131421040592,0.14898323436581626,0.18935238771064614,0.08145123581947838,0.21937516232925083,0.21937516232925083,1.0,0.6888982377186963,0.12649161718290813,0.14305119385532306,0.041558951243072524,0.0,0.0,1.0,0.46952307538944554,0.185925968218926,0.2448579045859331,0.09969305180569553
196,0.33381025794388786,0.0,0.21952307538944546,106,17,0.0,0,0,190,0.46952307538944554,0.8033333333333333,0.185925968218926,0.1,0.2448579045859331,0.095,0.09969305180569553,0.0016666666666666668,0.3280602579438878,0.3280602579438878,1.0,0.7975833333333333,0.104,0.09675,0.0016666666666666668,0.11069006671461373,0.11069006671461373,1.0,0.5802131421040592,0.14898323436581626,0.18935238771064614,0.08145123581947838,0.21937516232925083,0.21937516232925083,1.0,0.6888982377186963,0.12649161718290813,0.14305119385532306,0.041558951243072524,0.0,0.0,1.0,0.46952307538944554,0.185925968218926,0.2448579045859331,0.09969305180569553
197,0.3321435912772212,0.0,0.21952307538944546,91,17,0.0,0,0,190,0.46952307538944554,0.8016666666666666,0.185925968218926,0.10166666666666667,0.2448579045859331,0.095,0.09969305180569553,0.0016666666666666668,0.3280602579438878,0.3280602579438878,1.0,0.7975833333333333,0.104,0.09675,0.0016666666666666668,0.11069006671461373,0.11069006671461373,1.0,0.5802131421040592,0.14898323436581626,0.18935238771064614,0.08145123581947838,0.21937516232925083,0.21937516232925083,1.0,0.6888982377186963,0.12649161718290813,0.14305119385532306,0.041558951243072524,0.0,0.0,1.0,0.46952307538944554,0.185925968218926,0.2448579045859331,0.09969305180569553
198,0.3321435912772212,0.0,0.21952307538944546,89,17,0.0,0,0,190,0.46952307538944554,0.8016666666666666,0.185925968218926,0.10166666666666667,0.2448579045859331,0.095,0.09969305180569553,0.0016666666666666668,0.3280602579438878,0.3280602579438878,1.0,0.7975833333333333,0.104,0.09675,0.0016666666666666668,0.11069006671461373,0.11069006671461373,1.0,0.5802131421040592,0.14898323436581626,0.18935238771064614,0.08145123581947838,0.21937516232925083,0.21937516232925083,1.0,0.6888982377186963,0.12649161718290813,0.14305119385532306,0.041558951243072524,0.0,0.0,1.0,0.46952307538944554,0.185925968218926,0.2448579045859331,0.09969305180569553
199,0.3321435912772212,0.0,0.21952307538944546,101,17,0.0,0,0,190,0.46952307538944554,0.8016666666666666,0.185925968218926,0.10166666666666667,0.2448579045859331,0.095,0.09969305180569553,0.0016666666666666668,0.3280602579438878,0.3280602579438878,1.0,0.7975833333333333,0.104,0.09675,0.0016666666666666668,0.11069006671461373,0.11069006671461373,1.0,0.5802131421040592,0.14898323436581626,0.18935238771064614,0.08145123581947838,0.21937516232925083,0.21937516232925083,1.0,0.6888982377186963,0.12649161718290813,0.14305119385532306,0.041558951243072524,0.0,0.0,1.0,0.46952307538944554,0.185925968218926,0.2448579045859331,0.09969305180569553
200,0.3271435912772212,0.0,0.21952307538944546,78,13,0.0,0,1,200,0.46952307538944554,0.7966666666666666,0.185925968218926,0.09333333333333334,0.2448579045859331,0.10666666666666667,0.09969305180569553,0.0033333333333333335,0.33264359127722126,0.33264359127722126,1.0,0.8021666666666667,0.10066666666666667,0.09541666666666666,0.00175,0.06384204824981164,0.06384204824981164,1.0,0.5141556992821381,0.15109818722936838,0.215843637325679,0.1189024761628145,0.18863810758495697,0.18863810758495697,1.0,0.6581611829744024,0.12588242694801752,0.15563015199617283,0.06032623808140725,0.0,0.0,1.0,0.46952307538944554,0.185925968218926,0.2448579045859331,0.09969305180569553
201,0.4321435912772212,0.0,0.21952307538944546,90,10,0.0,0,0,200,0.46952307538944554,0.9016666666666666,0.185925968218926,0.018333333333333333,0.2448579045859331,0.075,0.09969305180569553,0.005,0.33264359127722126,0.33264359127722126,1.0,0.8021666666666667,0.10066666666666667,0.09541666666666666,0.00175,0.06384204824981164,0.06384204824981164,1.0,0.5141556992821381,0.15109818722936838,0.215843637325679,0.1189024761628145,0.18863810758495697,0.18863810758495697,1.0,0.6581611829744024,0.12588242694801752,0.15563015199617283,0.06032623808140725,0.0,0.0,1.0,0.46952307538944554,0.185925968218926,0.2448579045859331,0.09969305180569553
202,0.2854769246105545,0.0,0.21952307538944546,79,9,0.0,0,0,200,0.46952307538944554,0.755,0.185925968218926,0.023333333333333334,0.2448579045859331,0.215,0.09969305180569553,0.006666666666666667,0.33264359127722126,0.33264359127722126,1.0,0.8021666666666667,0.10066666666666667,0.09541666666666666,0.00175,0.06384204824981164,0.06384204824981164,1.0,0.5141556992821381,0.15109818722936838,0.215843637325679,0.1189024761628145,0.18863810758495697,0.18863810758495697,1.0,0.6581611829744024,0.12588242694801752,0.15563015199617283,0.06032623808140725,0.0,0.0,1.0,0.46952307538944554,0.185925968218926,0.2448579045859331,0.09969305180569553
203,0.31214359127722113,0.0,0.21952307538944546,73,9,0.0,0,0,200,0.46952307538944554,0.7816666666666666,0.185925968218926,0.16833333333333333,0.2448579045859331,0.0,0.09969305180569553,0.05,0.33264359127722126,0.33264359127722126,1.0,0.8021666666666667,0.10066666666666667,0.09541666666666666,0.00175,0.06384204824981164,0.06384204824981164,1.0,0.5141556992821381,0.15109818722936838,0.215843637325679,0.1189024761628145,0.18863810758495697,0.18863810758495697,1.0,0.6581611829744024,0.12588242694801752,0.15563015199617283,0.06032623808140725,0.0,0.0,1.0,0.46952307538944554,0.185925968218926,0.2448579045859331,0.09969305180569553
204,0.3162176230582952,0.0,0.21952307538944546,68,10,0.0,0,0,200,0.46952307538944554,0.725,0.185925968218926,0.24666666666666667,0.2448579045859331,0.0,0.09969305180569553,0.028333333333333332,0.33264359127722126,0.33264359127722126,1.0,0.8021666666666667,0.10066666666666667,0.09541666666666666,0.00175,0.06384204824981164,0.06384204824981164,1.0,0.5141556992821381,0.15109818722936838,0.215843637325679,0.1189024761628145,0.18863810758495697,0.18863810758495697,1.0,0.6581611829744024,0.12588242694801752,0.15563015199617283,0.06032623808140725,0.0,0.0,1.0,0.46952307538944554,0.185925968218926,0.2448579045859331,0.09969305180569553
205,0.3638102579438879,0.0,0.21952307538944546,96,12,0.0,0,0,200,0.46952307538944554,0.8333333333333334,0.185925968218926,0.125,0.2448579045859331,0.03,0.09969305180569553,0.011666666666666667,0.33264359127722126,0.33264359127722126,1.0,0.8021666666666667,0.10066666666666667,0.09541666666666666,0.00175,0.06384204824981164,0.06384204824981164,1.0,0.5141556992821381,0.15109818722936838,0.215843637325679,0.1189024761628145,0.18863810758495697,0.18863810758495697,1.0,0.6581611829744024,0.12588242694801752,0.15563015199617283,0.06032623808140725,0.0,0.0,1.0,0.46952307538944554,0.185925968218926,0.2448579045859331,0.09969305180569553
206,0.35714359127722123,0.0,0.21952307538944546,91,16,0.0,0,0,200,0.46952307538944554,0.8266666666666667,0.185925968218926,0.11666666666666667,0.2448579045859331,0.043333333333333335,0.09969305180569553,0.013333333333333334,0.33264359127722126,0.33264359127722126,1.0,0.8021666666666667,0.10066666666666667,0.09541666666666666,0.00175,0.06384204824981164,0.06384204824981164,1.0,0.5141556992821381,0.15109818722936838,0.215843637325679,0.1189024761628145,0.18863810758495697,0.18863810758495697,1.0,0.6581611829744024,0.12588242694801752,0.15563015199617283,0.06032623808140725,0.0,0.0,1.0,0.46952307538944554,0.185925968218926,0.2448579045859331,0.09969305180569553
207,0.36714359127722124,0.0,0.21952307538944546,83,17,0.0,0,0,200,0.46952307538944554,0.8366666666666667,0.185925968218926,0.10833333333333334,0.2448579045859331,0.04833333333333333,0.09969305180569553,0.006666666666666667,0.33264359127722126,0.33264359127722126,1.0,0.8021666666666667,0.10066666666666667,0.09541666666666666,0.00175,0.06384204824981164,0.06384204824981164,1.0,0.5141556992821381,0.15109818722936838,0.215843637325679,0.1189024761628145,0.18863810758495697,0.18863810758495697,1.0,0.6581611829744024,0.12588242694801752,0.15563015199617283,0.06032623808140725,0.0,0.0,1.0,0.46952307538944554,0.185925968218926,0.2448579045859331,0.09969305180569553
208,0.3271435912772212,0.0,0.21952307538944546,58,16,0.0,0,0,200,0.46952307538944554,0.7966666666666666,0.185925968218926,0.145,0.2448579045859331,0.04833333333333333,0.09969305180569553,0.01,0.33264359127722126,0.33264359127722126,1.0,0.8021666666666667,0.10066666666666667,0.09541666666666666,0.00175,0.06384204824981164,0.06384204824981164,1.0,0.5141556992821381,0.15109818722936838,0.215843637325679,0.1189024761628145,0.18863810758495697,0.18863810758495697,1.0,0.6581611829744024,0.12588242694801752,0.15563015199617283,0.06032623808140725,0.0,0.0,1.0,0.46952307538944554,0.185925968218926,0.2448579045859331,0.09969305180569553
209,0.34381025794388786,0.0,0.21952307538944546,49,16,0.0,0,0,200,0.46952307538944554,0.8133333333333334,0.185925968218926,0.13333333333333333,0.2448579045859331,0.043333333333333335,0.09969305180569553,0.01,0.33264359127722126,0.33264359127722126,1.0,0.8021666666666667,0.10066666666666667,0.09541666666666666,0.00175,0.06384204824981164,0.06384204824981164,1.0,0.5141556992821381,0.15109818722936838,0.215843637325679,0.1189024761628145,0.18863810758495697,0.18863810758495697,1.0,0.6581611829744024,0.12588242694801752,0.15563015199617283,0.06032623808140725,0.0,0.0,1.0,0.46952307538944554,0.185925968218926,0.2448579045859331,0.09969305180569553
210,0.35381025794388793,0.0,0.21952307538944546,63,16,0.0,0,1,210,0.46952307538944554,0.8233333333333334,0.185925968218926,0.12333333333333334,0.2448579045859331,0.045,0.09969305180569553,0.008333333333333333,0.33606025794388783,0.33606025794388783,1.0,0.8055833333333333,0.1105,0.0755,0.008416666666666666,0.05096317006929899,0.05096317006929899,1.0,0.4747892981027735,0.15040618897788804,0.22941451375767197,0.14538999916166648,0.17066324032860797,0.17066324032860797,1.0,0.6401863157180534,0.13045309448894402,0.152457256878836,0.07690333291416657,0.0,0.0,1.0,0.46952307538944554,0.185925968218926,0.2448579045859331,0.09969305180569553
211,0.3721435912772212,0.0,0.21952307538944546,56,16,0.0,0,0,210,0.46952307538944554,0.8416666666666667,0.185925968218926,0.11666666666666667,0.2448579045859331,0.035,0.09969305180569553,0.006666666666666667,0.33606025794388783,0.33606025794388783,1.0,0.8055833333333333,0.1105,0.0755,0.008416666666666666,0.05096317006929899,0.05096317006929899,1.0,0.4747892981027735,0.15040618897788804,0.22941451375767197,0.14538999916166648,0.17066324032860797,0.17066324032860797,1.0,0.6401863157180534,0.13045309448894402,0.152457256878836,0.07690333291416657,0.0,0.0,1.0,0.46952307538944554,0.185925968218926,0.2448579045859331,0.09969305180569553
212,0.3688102579438879,0.0,0.21952307538944546,62,16,0.0,0,0,210,0.46952307538944554,0.8383333333333334,0.185925968218926,0.12,0.2448579045859331,0.03333333333333333,0.09969305180569553,0.008333333333333333,0.33606025794388783,0.33606025794388783,1.0,0.8055833333333333,0.1105,0.0755,0.008416666666666666,0.05096317006929899,0.05096317006929899,1.0,0.4747892981027735,0.15040618897788804,0.22941451375767197,0.14538999916166648,0.17066324032860797,0.17066324032860797,1.0,0.6401863157180534,0.13045309448894402,0.152457256878836,0.07690333291416657,0.0,0.0,1.0,0.46952307538944554,0.185925968218926,0.2448579045859331,0.09969305180569553
213,0.27381025794388786,0.0,0.21952307538944546,56,15,0.0,0,0,210,0.46952307538944554,0.7433333333333333,0.185925968218926,0.18,0.2448579045859331,0.065,0.09969305180569553,0.011666666666666667,0.33606025794388783,0.33606025794388783,1.0,0.8055833333333333,0.1105,0.0755,0.008416666666666666,0.05096317006929899,0.05096317006929899,1.0,0.4747892981027735,0.15040618897788804,0.22941451375767197,0.14538999916166648,0.17066324032860797,0.17066324032860797,1.0,0.6401863157180534,0.13045309448894402,0.152457256878836,0.07690333291416657,0.0,0.0,1.0,0.46952307538944554,0.185925968218926,0.2448579045859331,0.09969305180569553
214,0.32047692461055455,0.0,0.21952307538944546,68,16,0.0,0,0,210,0.46952307538944554,0.79,0.185925968218926,0.15333333333333332,0.2448579045859331,0.04666666666666667,0.09969305180569553,0.01,0.33606025794388783,0.33606025794388783,1.0,0.8055833333333333,0.1105,0.0755,0.008416666666666666,0.05096317006929899,0.05096317006929899,1.0,0.4747892981027735,0.15040618897788804,0.22941451375767197,0.14538999916166648,0.17066324032860797,0.17066324032860797,1.0,0.6401863157180534,0.13045309448894402,0.152457256878836,0.07690333291416657,0.0,0.0,1.0,0.46952307538944554,0.185925968218926,0.2448579045859331,0.09969305180569553
215,0.3204769246105546,0.0,0.21952307538944546,61,16,0.0,0,0,210,0.46952307538944554,0.79,0.185925968218926,0.15666666666666668,0.2448579045859331,0.045,0.09969305180569553,0.008333333333333333,0.33606025794388783,0.33606025794388783,1.0,0.8055833333333333,0.1105,0.0755,0.008416666666666666,0.05096317006929899,0.05096317006929899,1.0,0.4747892981027735,0.15040618897788804,0.22941451375767197,0.14538999916166648,0.17066324032860797,0.17066324032860797,1.0,0.6401863157180534,0.13045309448894402,0.152457256878836,0.07690333291416657,0.0,0.0,1.0,0.46952307538944554,0.185925968218926,0.2448579045859331,0.09969305180569553
216,0.3271435912772212,0.0,0.21952307538944546,61,16,0.0,0,0,210,0.46952307538944554,0.7966666666666666,0.185925968218926,0.15166666666666667,0.2448579045859331,0.041666666666666664,0.09969305180569553,0.01,0.33606025794388783,0.33606025794388783,1.0,0.8055833333333333,0.1105,0.0755,0.008416666666666666,0.05096317006929899,0.05096317006929899,1.0,0.4747892981027735,0.15040618897788804,0.22941451375767197,0.14538999916166648,0.17066324032860797,0.17066324032860797,1.0,0.6401863157180534,0.13045309448894402,0.152457256878836,0.07690333291416657,0.0,0.0,1.0,0.46952307538944554,0.185925968218926,0.2448579045859331,0.09969305180569553
217,0.3238102579438879,0.0,0.21952307538944546,42,16,0.0,0,0,210,0.46952307538944554,0.7933333333333333,0.185925968218926,0.155,0.2448579045859331,0.041666666666666664,0.09969305180569553,0.01,0.33606025794388783,0.33606025794388783,1.0,0.8055833333333333,0.1105,0.0755,0.008416666666666666,0.05096317006929899,0.05096317006929899,1.0,0.4747892981027735,0.15040618897788804,0.22941451375767197,0.14538999916166648,0.17066324032860797,0.17066324032860797,1.0,0.6401863157180534,0.13045309448894402,0.152457256878836,0.07690333291416657,0.0,0.0,1.0,0.46952307538944554,0.185925968218926,0.2448579045859331,0.09969305180569553
218,0.3321435912772212,0.0,0.21952307538944546,50,16,0.0,0,0,210,0.46952307538944554,0.8016666666666666,0.185925968218926,0.15166666666666667,0.2448579045859331,0.03666666666666667,0.09969305180569553,0.01,0.33606025794388783,0.33606025794388783,1.0,0.8055833333333333,0.1105,0.0755,0.008416666666666666,0.05096317006929899,0.05096317006929899,1.0,0.4747892981027735,0.15040618897788804,0.22941451375767197,0.14538999916166648,0.17066324032860797,0.17066324032860797,1.0,0.6401863157180534,0.13045309448894402,0.152457256878836,0.07690333291416657,0.0,0.0,1.0,0.46952307538944554,0.185925968218926,0.2448579045859331,0.09969305180569553
219,0.3288102579438879,0.0,0.21952307538944546,67,17,0.0,0,0,210,0.46952307538944554,0.7983333333333333,0.185925968218926,0.15,0.2448579045859331,0.041666666666666664,0.09969305180569553,0.01,0.33606025794388783,0.33606025794388783,1.0,0.8055833333333333,0.1105,0.0755,0.008416666666666666,0.05096317006929899,0.05096317006929899,1.0,0.4747892981027735,0.15040618897788804,0.22941451375767197,0.14538999916166648,0.17066324032860797,0.17066324032860797,1.0,0.6401863157180534,0.13045309448894402,0.152457256878836,0.07690333291416657,0.0,0.0,1.0,0.46952307538944554,0.185925968218926,0.2448579045859331,0.09969305180569553
220,0.32881025794388785,0.0,0.21952307538944546,63,18,0.0,0,1,220,0.46952307538944554,0.7983333333333333,0.185925968218926,0.14833333333333334,0.2448579045859331,0.043333333333333335,0.09969305180569553,0.01,0.3347269246105546,0.3347269246105546,1.0,0.80425,0.13458333333333333,0.048916666666666664,0.01225,0.07866830111666026,0.07866830111666026,1.0,0.47947577890300325,0.14864084178933654,0.31357350218903557,0.058309877118624655,0.17233981406205617,0.17233981406205617,1.0,0.6418628894515016,0.14161208756133492,0.18124508442785112,0.03527993855931233,0.0,0.0,1.0,0.46952307538944554,0.185925968218926,0.2448579045859331,0.09969305180569553
221,0.3271435912772212,0.0,0.21952307538944546,60,18,0.0,0,0,220,0.46952307538944554,0.7966666666666666,0.185925968218926,0.14666666666666667,0.2448579045859331,0.043333333333333335,0.09969305180569553,0.013333333333333334,0.3347269246105546,0.3347269246105546,1.0,0.80425,0.13458333333333333,0.048916666666666664,0.01225,0.07866830111666026,0.07866830111666026,1.0,0.47947577890300325,0.14864084178933654,0.31357350218903557,0.058309877118624655,0.17233981406205617,0.17233981406205617,1.0,0.6418628894515016,0.14161208756133492,0.18124508442785112,0.03527993855931233,0.0,0.0,1.0,0.46952307538944554,0.185925968218926,0.2448579045859331,0.09969305180569553
222,0.3321435912772212,0.0,0.21952307538944546,60,18,0.0,0,0,220,0.46952307538944554,0.8016666666666666,0.185925968218926,0.14166666666666666,0.2448579045859331,0.045,0.09969305180569553,0.011666666666666667,0.3347269246105546,0.3347269246105546,1.0,0.80425,0.13458333333333333,0.048916666666666664,0.01225,0.07866830111666026,0.07866830111666026,1.0,0.47947577890300325,0.14864084178933654,0.31357350218903557,0.058309877118624655,0.17233981406205617,0.17233981406205617,1.0,0.6418628894515016,0.14161208756133492,0.18124508442785112,0.03527993855931233,0.0,0.0,1.0,0.46952307538944554,0.185925968218926,0.2448579045859331,0.09969305180569553
223,0.3338102579438879,0.0,0.21952307538944546,51,18,0.0,0,0,220,0.46952307538944554,0.8033333333333333,0.185925968218926,0.14166666666666666,0.2448579045859331,0.045,0.09969305180569553,0.01,0.3347269246105546,0.3347269246105546,1.0,0.80425,0.13458333333333333,0.048916666666666664,0.01225,0.07866830111666026,0.07866830111666026,1.0,0.47947577890300325,0.14864084178933654,0.31357350218903557,0.058309877118624655,0.17233981406205617,0.17233981406205617,1.0,0.6418628894515016,0.14161208756133492,0.18124508442785112,0.03527993855931233,0.0,0.0,1.0,0.46952307538944554,0.185925968218926,0.2448579045859331,0.09969305180569553
224,0.33381025794388786,0.0,0.21952307538944546,59,18,0.0,0,0,220,0.46952307538944554,0.8033333333333333,0.185925968218926,0.14,0.2448579045859331,0.045,0.09969305180569553,0.011666666666666667,0.3347269246105546,0.3347269246105546,1.0,0.80425,0.13458333333333333,0.048916666666666664,0.01225,0.07866830111666026,0.07866830111666026,1.0,0.47947577890300325,0.14864084178933654,0.31357350218903557,0.058309877118624655,0.17233981406205617,0.17233981406205617,1.0,0.6418628894515016,0.14161208756133492,0.18124508442785112,0.03527993855931233,0.0,0.0,1.0,0.46952307538944554,0.185925968218926,0.2448579045859331,0.09969305180569553
225,0.3371435912772212,0.0,0.21952307538944546,53,18,0.0,0,0,220,0.46952307538944554,0.8066666666666666,0.185925968218926,0.13666666666666666,0.2448579045859331,0.043333333333333335,0.09969305180569553,0.013333333333333334,0.3347269246105546,0.3347269246105546,1.0,0.80425,0.13458333333333333,0.048916666666666664,0.01225,0.07866830111666026,0.07866830111666026,1.0,0.47947577890300325,0.14864084178933654,0.31357350218903557,0.058309877118624655,0.17233981406205617,0.17233981406205617,1.0,0.6418628894515016,0.14161208756133492,0.18124508442785112,0.03527993855931233,0.0,0.0,1.0,0.46952307538944554,0.185925968218926,0.2448579045859331,0.09969305180569553
226,0.3354769246105546,0.0,0.21952307538944546,72,18,0.0,0,0,220,0.46952307538944554,0.805,0.185925968218926,0.13833333333333334,0.2448579045859331,0.043333333333333335,0.09969305180569553,0.013333333333333334,0.3347269246105546,0.3347269246105546,1.0,0.80425,0.13458333333333333,0.048916666666666664,0.01225,0.07866830111666026,0.07866830111666026,1.0,0.47947577890300325,0.14864084178933654,0.31357350218903557,0.058309877118624655,0.17233981406205617,0.17233981406205617,1.0,0.6418628894515016,0.14161208756133492,0.18124508442785112,0.03527993855931233,0.0,0.0,1.0,0.46952307538944554,0.185925968218926,0.2448579045859331,0.09969305180569553
227,0.32547692461055455,0.0,0.21952307538944546,55,18,0.0,0,0,220,0.46952307538944554,0.795,0.185925968218926,0.14166666666666666,0.2448579045859331,0.051666666666666666,0.09969305180569553,0.011666666666666667,0.3347269246105546,0.3347269246105546,1.0,0.80425,0.13458333333333333,0.048916666666666664,0.01225,0.07866830111666026,0.07866830111666026,1.0,0.47947577890300325,0.14864084178933654,0.31357350218903557,0.058309877118624655,0.17233981406205617,0.17233981406205617,1.0,0.6418628894515016,0.14161208756133492,0.18124508442785112,0.03527993855931233,0.0,0.0,1.0,0.46952307538944554,0.185925968218926,0.2448579045859331,0.09969305180569553
228,0.32214359127722114,0.0,0.21952307538944546,63,18,0.0,0,0,220,0.46952307538944554,0.7916666666666666,0.185925968218926,0.14333333333333334,0.2448579045859331,0.05333333333333334,0.09969305180569553,0.011666666666666667,0.3347269246105546,0.3347269246105546,1.0,0.80425,0.13458333333333333,0.048916666666666664,0.01225,0.07866830111666026,0.07866830111666026,1.0,0.47947577890300325,0.14864084178933654,0.31357350218903557,0.058309877118624655,0.17233981406205617,0.17233981406205617,1.0,0.6418628894515016,0.14161208756133492,0.18124508442785112,0.03527993855931233,0.0,0.0,1.0,0.46952307538944554,0.185925968218926,0.2448579045859331,0.09969305180569553
229,0.3271435912772212,0.0,0.21952307538944546,68,18,0.0,0,0,220,0.46952307538944554,0.7966666666666666,0.185925968218926,0.14166666666666666,0.2448579045859331,0.05,0.09969305180569553,0.011666666666666667,0.3347269246105546,0.3347269246105546,1.0,0.80425,0.13458333333333333,0.048916666666666664,0.01225,0.07866830111666026,0.07866830111666026,1.0,0.47947577890300325,0.14864084178933654,0.31357350218903557,0.058309877118624655,0.17233981406205617,0.17233981406205617,1.0,0.6418628894515016,0.14161208756133492,0.18124508442785112,0.03527993855931233,0.0,0.0,1.0,0.46952307538944554,0.185925968218926,0.2448579045859331,0.09969305180569553
230,0.32881025794388785,0.0,0.21952307538944546,76,18,0.0,0,1,230,0.46952307538944554,0.7983333333333333,0.185925968218926,0.14166666666666666,0.2448579045859331,0.04833333333333333,0.09969305180569553,0.011666666666666667,0.3299769246105545,0.3299769246105545,1.0,0.7995,0.14483333333333334,0.04491666666666667,0.01075,0.06268175823519037,0.06268175823519037,1.0,0.4844628573324063,0.23159663157127222,0.18217614635074264,0.10176436474557886,0.17474736751013445,0.17474736751013445,1.0,0.6419814286662031,0.18821498245230278,0.11354640650870465,0.05625718237278943,0.0,0.0,1.0,0.46952307538944554,0.185925968218926,0.2448579045859331,0.09969305180569553
231,0.32214359127722114,0.0,0.21952307538944546,70,18,0.0,0,0,230,0.46952307538944554,0.7916666666666666,0.185925968218926,0.14333333333333334,0.2448579045859331,0.05333333333333334,0.09969305180569553,0.011666666666666667,0.3299769246105545,0.3299769246105545,1.0,0.7995,0.14483333333333334,0.04491666666666667,0.01075,0.06268175823519037,0.06268175823519037,1.0,0.4844628573324063,0.23159663157127222,0.18217614635074264,0.10176436474557886,0.17474736751013445,0.17474736751013445,1.0,0.6419814286662031,0.18821498245230278,0.11354640650870465,0.05625718237278943,0.0,0.0,1.0,0.46952307538944554,0.185925968218926,0.2448579045859331,0.09969305180569553
232,0.32547692461055455,0.0,0.21952307538944546,54,18,0.0,0,0,230,0.46952307538944554,0.795,0.185925968218926,0.14166666666666666,0.2448579045859331,0.051666666666666666,0.09969305180569553,0.011666666666666667,0.3299769246105545,0.3299769246105545,1.0,0.7995,0.14483333333333334,0.04491666666666667,0.01075,0.06268175823519037,0.06268175823519037,1.0,0.4844628573324063,0.23159663157127222,0.18217614635074264,0.10176436474557886,0.17474736751013445,0.17474736751013445,1.0,0.6419814286662031,0.18821498245230278,0.11354640650870465,0.05625718237278943,0.0,0.0,1.0,0.46952307538944554,0.185925968218926,0.2448579045859331,0.09969305180569553
233,0.3271435912772212,0.0,0.21952307538944546,47,18,0.0,0,0,230,0.46952307538944554,0.7966666666666666,0.185925968218926,0.14166666666666666,0.2448579045859331,0.04833333333333333,0.09969305180569553,0.013333333333333334,0.3299769246105545,0.3299769246105545,1.0,0.7995,0.14483333333333334,0.04491666666666667,0.01075,0.06268175823519037,0.06268175823519037,1.0,0.4844628573324063,0.23159663157127222,0.18217614635074264,0.10176436474557886,0.17474736751013445,0.17474736751013445,1.0,0.6419814286662031,0.18821498245230278,0.11354640650870465,0.05625718237278943,0.0,0.0,1.0,0.46952307538944554,0.185925968218926,0.2448579045859331,0.09969305180569553
234,0.3254769246105546,0.0,0.21952307538944546,79,18,0.0,0,0,230,0.46952307538944554,0.795,0.185925968218926,0.14166666666666666,0.2448579045859331,0.05,0.09969305180569553,0.013333333333333334,0.3299769246105545,0.3299769246105545,1.0,0.7995,0.14483333333333334,0.04491666666666667,0.01075,0.06268175823519037,0.06268175823519037,1.0,0.4844628573324063,0.23159663157127222,0.18217614635074264,0.10176436474557886,0.17474736751013445,0.17474736751013445,1.0,0.6419814286662031,0.18821498245230278,0.11354640650870465,0.05625718237278943,0.0,0.0,1.0,0.46952307538944554,0.185925968218926,0.2448579045859331,0.09969305180569553
235,0.3271435912772212,0.0,0.21952307538944546,70,18,0.0,0,0,230,0.46952307538944554,0.7966666666666666,0.185925968218926,0.14,0.2448579045859331,0.05,0.09969305180569553,0.013333333333333334,0.3299769246105545,0.3299769246105545,1.0,0.7995,0.14483333333333334,0.04491666666666667,0.01075,0.06268175823519037,0.06268175823519037,1.0,0.4844628573324063,0.23159663157127222,0.18217614635074264,0.10176436474557886,0.17474736751013445,0.17474736751013445,1.0,0.6419814286662031,0.18821498245230278,0.11354640650870465,0.05625718237278943,0.0,0.0,1.0,0.46952307538944554,0.185925968218926,0.2448579045859331,0.09969305180569553
236,0.3238102579438879,0.0,0.21952307538944546,58,18,0.0,0,0,230,0.46952307538944554,0.7933333333333333,0.185925968218926,0.14,0.2448579045859331,0.05333333333333334,0.09969305180569553,0.013333333333333334,0.3299769246105545,0.3299769246105545,1.0,0.7995,0.14483333333333334,0.04491666666666667,0.01075,0.06268175823519037,0.06268175823519037,1.0,0.4844628573324063,0.23159663157127222,0.18217614635074264,0.10176436474557886,0.17474736751013445,0.17474736751013445,1.0,0.6419814286662031,0.18821498245230278,0.11354640650870465,0.05625718237278943,0.0,0.0,1.0,0.46952307538944554,0.185925968218926,0.2448579045859331,0.09969305180569553
237,0.32547692461055455,0.0,0.21952307538944546,65,18,0.0,0,0,230,0.46952307538944554,0.795,0.185925968218926,0.14,0.2448579045859331,0.051666666666666666,0.09969305180569553,0.013333333333333334,0.3299769246105545,0.3299769246105545,1.0,0.7995,0.14483333333333334,0.04491666666666667,0.01075,0.06268175823519037,0.06268175823519037,1.0,0.4844628573324063,0.23159663157127222,0.18217614635074264,0.10176436474557886,0.17474736751013445,0.17474736751013445,1.0,0.6419814286662031,0.18821498245230278,0.11354640650870465,0.05625718237278943,0.0,0.0,1.0,0.46952307538944554,0.185925968218926,0.2448579045859331,0.09969305180569553
238,0.32714359127722115,0.0,0.21952307538944546,61,18,0.0,0,0,230,0.46952307538944554,0.7966666666666666,0.185925968218926,0.14,0.2448579045859331,0.051666666666666666,0.09969305180569553,0.011666666666666667,0.3299769246105545,0.3299769246105545,1.0,0.7995,0.14483333333333334,0.04491666666666667,0.01075,0.06268175823519037,0.06268175823519037,1.0,0.4844628573324063,0.23159663157127222,0.18217614635074264,0.10176436474557886,0.17474736751013445,0.17474736751013445,1.0,0.6419814286662031,0.18821498245230278,0.11354640650870465,0.05625718237278943,0.0,0.0,1.0,0.46952307538944554,0.185925968218926,0.2448579045859331,0.09969305180569553
239,0.32714359127722115,0.0,0.21952307538944546,62,18,0.0,0,0,230,0.46952307538944554,0.7966666666666666,0.185925968218926,0.14,0.2448579045859331,0.051666666666666666,0.09969305180569553,0.011666666666666667,0.3299769246105545,0.3299769246105545,1.0,0.7995,0.14483333333333334,0.04491666666666667,0.01075,0.06268175823519037,0.06268175823519037,1.0,0.4844628573324063,0.23159663157127222,0.18217614635074264,0.10176436474557886,0.17474736751013445,0.17474736751013445,1.0,0.6419814286662031,0.18821498245230278,0.11354640650870465,0.05625718237278943,0.0,0.0,1.0,0.46952307538944554,0.185925968218926,0.2448579045859331,0.09969305180569553
