step,attention_error,preference_change,uniform_prior_error,interactions,pool_size,official_exposure_share,official_arrivals,observation_updated,last_observed_at,truth_0,attention_0,truth_1,attention_1,truth_2,attention_2,truth_3,attention_3,error_platform,initial_error_platform,top_accuracy_platform,estimate_platform_0,estimate_platform_1,estimate_platform_2,estimate_platform_3,error_survey,initial_error_survey,top_accuracy_survey,estimate_survey_0,estimate_survey_1,estimate_survey_2,estimate_survey_3,error_fused,initial_error_fused,top_accuracy_fused,estimate_fused_0,estimate_fused_1,estimate_fused_2,estimate_fused_3,error_oracle,initial_error_oracle,top_accuracy_oracle,estimate_oracle_0,estimate_oracle_1,estimate_oracle_2,estimate_oracle_3
0,0.07159462239093331,0.0,0.15098305172788193,73,28,0.0,0,1,0,0.14038127697814337,0.10666666666666667,0.29591100745214854,0.2633333333333333,0.20863567129397462,0.20333333333333334,0.3550720442757333,0.4266666666666667,0.07159462239093331,0.07159462239093331,1.0,0.10666666666666667,0.2633333333333333,0.20333333333333334,0.4266666666666667,0.11118500219434772,0.11118500219434772,1.0,0.15712822626722342,0.23544273830694837,0.15791893824482714,0.44951009718100104,0.08301633764810049,0.08301633764810049,1.0,0.13189744646694504,0.24938803582014085,0.18062613578908024,0.43808838192383387,0.0,0.0,1.0,0.14038127697814337,0.29591100745214854,0.20863567129397462,0.3550720442757333
1,0.10992795572426664,0.0,0.15098305172788193,104,26,0.0,0,0,0,0.14038127697814337,0.09166666666666666,0.29591100745214854,0.27166666666666667,0.20863567129397462,0.17166666666666666,0.3550720442757333,0.465,0.07159462239093331,0.07159462239093331,1.0,0.10666666666666667,0.2633333333333333,0.20333333333333334,0.4266666666666667,0.11118500219434772,0.11118500219434772,1.0,0.15712822626722342,0.23544273830694837,0.15791893824482714,0.44951009718100104,0.08301633764810049,0.08301633764810049,1.0,0.13189744646694504,0.24938803582014085,0.18062613578908024,0.43808838192383387,0.0,0.0,1.0,0.14038127697814337,0.29591100745214854,0.20863567129397462,0.3550720442757333
2,0.08735028160545141,0.0,0.15098305172788193,102,27,0.0,0,0,0,0.14038127697814337,0.10166666666666667,0.29591100745214854,0.305,0.20863567129397462,0.16,0.3550720442757333,0.43333333333333335,0.07159462239093331,0.07159462239093331,1.0,0.10666666666666667,0.2633333333333333,0.20333333333333334,0.4266666666666667,0.11118500219434772,0.11118500219434772,1.0,0.15712822626722342,0.23544273830694837,0.15791893824482714,0.44951009718100104,0.08301633764810049,0.08301633764810049,1.0,0.13189744646694504,0.24938803582014085,0.18062613578908024,0.43808838192383387,0.0,0.0,1.0,0.14038127697814337,0.29591100745214854,0.20863567129397462,0.3550720442757333
3,0.09401694827211807,0.0,0.15098305172788193,125,30,0.0,0,0,0,0.14038127697814337,0.1,0.29591100745214854,0.31166666666666665,0.20863567129397462,0.155,0.3550720442757333,0.43333333333333335,0.07159462239093331,0.07159462239093331,1.0,0.10666666666666667,0.2633333333333333,0.20333333333333334,0.4266666666666667,0.11118500219434772,0.11118500219434772,1.0,0.15712822626722342,0.23544273830694837,0.15791893824482714,0.44951009718100104,0.08301633764810049,0.08301633764810049,1.0,0.13189744646694504,0.24938803582014085,0.18062613578908024,0.43808838192383387,0.0,0.0,1.0,0.14038127697814337,0.29591100745214854,0.20863567129397462,0.3550720442757333
4,0.09010823540370023,0.002242046201751169,0.1532250979296331,91,30,0.0,0,0,0,0.13940483065084727,0.1,0.29661883598323574,0.31833333333333336,0.2073700714195197,0.15666666666666668,0.35660626194639744,0.425,0.07006040472026934,0.07159462239093331,1.0,0.10666666666666667,0.2633333333333333,0.20333333333333334,0.4266666666666667,0.11062723085097985,0.11118500219434772,1.0,0.15712822626722342,0.23544273830694837,0.15791893824482714,0.44951009718100104,0.08148211997743651,0.08301633764810049,1.0,0.13189744646694504,0.24938803582014085,0.18062613578908024,0.43808838192383387,0.0,0.002242046201751169,1.0,0.13940483065084727,0.29661883598323574,0.2073700714195197,0.35660626194639744
5,0.09565884576124971,0.005024769177535013,0.15600782090541693,102,30,0.0,0,0,0,0.13832740745073727,0.1,0.297116105867187,0.32,0.20566477164384583,0.14833333333333334,0.35889171503823,0.43166666666666664,0.06777495162843675,0.07159462239093331,1.0,0.10666666666666667,0.2633333333333333,0.20333333333333334,0.4266666666666667,0.10941920095925728,0.11118500219434772,1.0,0.15712822626722342,0.23544273830694837,0.15791893824482714,0.44951009718100104,0.07919666688560394,0.08301633764810049,1.0,0.13189744646694504,0.24938803582014085,0.18062613578908024,0.43808838192383387,0.0,0.005024769177535013,1.0,0.13832740745073727,0.297116105867187,0.20566477164384583,0.35889171503823
6,0.0929687531531524,0.007714861785632354,0.15869791351351428,99,30,0.0,0,0,0,0.137403739099549,0.10166666666666667,0.29733771025951394,0.31333333333333335,0.2038983473869368,0.14666666666666667,0.3613602032540004,0.43833333333333335,0.06530646341266635,0.07159462239093331,1.0,0.10666666666666667,0.2633333333333333,0.20333333333333334,0.4266666666666667,0.10787438109467513,0.11118500219434772,1.0,0.15712822626722342,0.23544273830694837,0.15791893824482714,0.44951009718100104,0.07672817866983353,0.08301633764810049,1.0,0.13189744646694504,0.24938803582014085,0.18062613578908024,0.43808838192383387,0.0,0.007714861785632354,1.0,0.137403739099549,0.29733771025951394,0.2038983473869368,0.3613602032540004
7,0.09182763537673143,0.010522646228719956,0.16150569795660188,97,30,0.0,0,0,0,0.13642922290827447,0.10333333333333333,0.2978469785320304,0.31666666666666665,0.20206507913512367,0.14333333333333334,0.3636587194245715,0.43666666666666665,0.06427620144030488,0.07159462239093331,1.0,0.10666666666666667,0.2633333333333333,0.20333333333333334,0.4266666666666667,0.10655038111537853,0.11118500219434772,1.0,0.15712822626722342,0.23544273830694837,0.15791893824482714,0.44951009718100104,0.07442966249926239,0.08301633764810049,1.0,0.13189744646694504,0.24938803582014085,0.18062613578908024,0.43808838192383387,0.0,0.010522646228719956,1.0,0.13642922290827447,0.2978469785320304,0.20206507913512367,0.3636587194245715
8,0.09225613964876281,0.013427475290021931,0.16441052701790387,105,30,0.0,0,0,0,0.13533634622102622,0.10166666666666667,0.2986615691760695,0.32166666666666666,0.20025312676107004,0.14166666666666666,0.3657489578418345,0.435,0.06399791539709562,0.07159462239093331,1.0,0.10666666666666667,0.2633333333333333,0.20333333333333334,0.4266666666666667,0.1055530193853639,0.11118500219434772,1.0,0.15712822626722342,0.23544273830694837,0.15791893824482714,0.44951009718100104,0.07233942408199952,0.08301633764810049,1.0,0.13189744646694504,0.24938803582014085,0.18062613578908024,0.43808838192383387,0.0,0.013427475290021931,1.0,0.13533634622102622,0.2986615691760695,0.20025312676107004,0.3657489578418345
9,0.09110512212596669,0.016245159479484725,0.16722821120736664,108,30,0.0,0,0,0,0.13427625583439545,0.1,0.2994517221007872,0.325,0.19849553295823794,0.14166666666666666,0.3677764891065795,0.43333333333333335,0.06372797793518262,0.07159462239093331,1.0,0.10666666666666667,0.2633333333333333,0.20333333333333334,0.4266666666666667,0.10458557850724956,0.11118500219434772,1.0,0.15712822626722342,0.23544273830694837,0.15791893824482714,0.44951009718100104,0.0703118928172544,0.08301633764810049,1.0,0.13189744646694504,0.24938803582014085,0.18062613578908024,0.43808838192383387,0.0,0.016245159479484725,1.0,0.13427625583439545,0.2994517221007872,0.19849553295823794,0.3677764891065795
10,0.08837196846218769,0.01897831314326373,0.16996136487114566,115,30,0.0,0,1,10,0.13324796815936354,0.1,0.3002181704377636,0.325,0.19679066696949074,0.14166666666666666,0.369743194433382,0.43333333333333335,0.0739780290682483,0.09295634221151203,1.0,0.1006060606060606,0.30833333333333335,0.15545454545454546,0.4356060606060606,0.08165221549929239,0.08447836133245717,1.0,0.08795953032288699,0.2638543927749479,0.21112330216827105,0.43706277473389415,0.06659122323659529,0.08126237339424396,1.0,0.0942827954644738,0.28609386305414064,0.18328892381140827,0.4363344176699774,0.0,0.01897831314326373,1.0,0.13324796815936354,0.3002181704377636,0.19679066696949074,0.369743194433382
11,0.08572080940832216,0.021629472197129254,0.1726125239250112,110,30,0.0,0,0,10,0.13225052911458263,0.1,0.30096162532463056,0.325,0.19513694696040593,0.14166666666666666,0.37165089860038036,0.43333333333333335,0.07132687001438276,0.09295634221151203,1.0,0.1006060606060606,0.30833333333333335,0.15545454545454546,0.4356060606060606,0.08139823134137861,0.08447836133245717,1.0,0.08795953032288699,0.2638543927749479,0.21112330216827105,0.43706277473389415,0.06468351906959671,0.08126237339424396,1.0,0.0942827954644738,0.28609386305414064,0.18328892381140827,0.4363344176699774,0.0,0.021629472197129254,1.0,0.13225052911458263,0.30096162532463056,0.19513694696040593,0.37165089860038036
12,0.08314918512607226,0.024201096479379153,0.17518414820726108,106,30,0.0,0,0,10,0.13128301324114516,0.1,0.3016827765648919,0.325,0.1935328385515937,0.14166666666666666,0.37350137164236913,0.43333333333333335,0.06875524573213287,0.09295634221151203,1.0,0.1006060606060606,0.30833333333333335,0.15545454545454546,0.4356060606060606,0.08115186670820229,0.08447836133245717,1.0,0.08795953032288699,0.2638543927749479,0.21112330216827105,0.43706277473389415,0.06283304602760816,0.08126237339424396,1.0,0.0942827954644738,0.28609386305414064,0.18328892381140827,0.4363344176699774,0.0,0.024201096479379153,1.0,0.13128301324114516,0.3016827765648919,0.1935328385515937,0.37350137164236913
13,0.08065470957229015,0.026695572033161266,0.1776786237610432,101,30,0.0,0,0,10,0.13034452284391077,0.1,0.3023822932679451,0.325,0.19197685339504594,0.14166666666666666,0.375296330493098,0.43333333333333335,0.06626077017835075,0.09295634221151203,1.0,0.1006060606060606,0.30833333333333335,0.15545454545454546,0.4356060606060606,0.0809128930140211,0.08447836133245717,1.0,0.08795953032288699,0.2638543927749479,0.21112330216827105,0.43706277473389415,0.061038087176879224,0.08126237339424396,1.0,0.0942827954644738,0.28609386305414064,0.18328892381140827,0.4363344176699774,0.0,0.026695572033161266,1.0,0.13034452284391077,0.3023822932679451,0.19197685339504594,0.375296330493098
14,0.07823506828512136,0.029115213320330055,0.18009826504821197,86,30,0.0,0,0,10,0.1294341871585935,0.1,0.3030608244699069,0.325,0.19046754779319455,0.14166666666666666,0.3770374405783051,0.43333333333333335,0.06384112889118196,0.09295634221151203,1.0,0.1006060606060606,0.30833333333333335,0.15545454545454546,0.4356060606060606,0.08068108853066552,0.08447836133245717,1.0,0.08795953032288699,0.2638543927749479,0.21112330216827105,0.43706277473389415,0.059296977091672254,0.08126237339424396,1.0,0.0942827954644738,0.28609386305414064,0.18328892381140827,0.4363344176699774,0.0,0.029115213320330055,1.0,0.1294341871585935,0.3030608244699069,0.19046754779319455,0.3770374405783051
15,0.07588801623656793,0.03146226536888348,0.18244531709676542,110,30,0.0,0,0,10,0.12855116154383567,0.1,0.30371899973580935,0.325,0.1890035213593987,0.14166666666666666,0.37872631736095586,0.43333333333333335,0.06149407684262854,0.09295634221151203,1.0,0.1006060606060606,0.30833333333333335,0.15545454545454546,0.4356060606060606,0.08045623818181039,0.08447836133245717,1.0,0.08795953032288699,0.2638543927749479,0.21112330216827105,0.43706277473389415,0.057608100309021276,0.08126237339424396,1.0,0.0942827954644738,0.28609386305414064,0.18328892381140827,0.4363344176699774,0.0,0.03146226536888348,1.0,0.12855116154383567,0.30371899973580935,0.1890035213593987,0.37872631736095586
16,0.07361137574947091,0.03373890585598051,0.18472195758386245,94,30,0.0,0,0,10,0.12769462669752057,0.1,0.304357429743735,0.325,0.18758341571861684,0.14166666666666666,0.3803645278401273,0.43333333333333335,0.05921743635553151,0.09295634221151203,1.0,0.1006060606060606,0.30833333333333335,0.15545454545454546,0.4356060606060606,0.08023813334342086,0.08447836133245717,1.0,0.08795953032288699,0.2638543927749479,0.21112330216827105,0.43706277473389415,0.05596988982984988,0.08126237339424396,1.0,0.0942827954644738,0.28609386305414064,0.18328892381140827,0.4363344176699774,0.0,0.03373890585598051,1.0,0.12769462669752057,0.304357429743735,0.18758341571861684,0.3803645278401273
17,0.07140303447698657,0.03594724712846485,0.18693029885634677,91,30,0.0,0,0,10,0.12686378789659503,0.1,0.3049767068514232,0.325,0.1862059132470583,0.14166666666666666,0.3819535920049237,0.43333333333333335,0.05700909508304717,0.09295634221151203,1.0,0.1006060606060606,0.30833333333333335,0.15545454545454546,0.4356060606060606,0.08002657165018329,0.08447836133245717,1.0,0.08795953032288699,0.2638543927749479,0.21112330216827105,0.43706277473389415,0.054380825665053756,0.08126237339424396,1.0,0.0942827954644738,0.28609386305414064,0.18328892381140827,0.4363344176699774,0.0,0.03594724712846485,1.0,0.12686378789659503,0.3049767068514232,0.1862059132470583,0.3819535920049237
18,0.06926094344267697,0.03808933816277445,0.1890723898906564,87,30,0.0,0,0,10,0.1260578742596971,0.1,0.3055774056458805,0.325,0.18486973584964647,0.14166666666666666,0.38349498424477585,0.43333333333333335,0.054867004048737573,0.09295634221151203,1.0,0.1006060606060606,0.30833333333333335,0.15545454545454546,0.4356060606060606,0.0798213568077428,0.08447836133245717,1.0,0.08795953032288699,0.2638543927749479,0.21112330216827105,0.43706277473389415,0.05283943342520145,0.08126237339424396,1.0,0.0942827954644738,0.28609386305414064,0.18328892381140827,0.4363344176699774,0.0,0.03808933816277445,1.0,0.1260578742596971,0.3055774056458805,0.18486973584964647,0.38349498424477585
19,0.06718311513939668,0.04016716646605474,0.19115021819393668,99,30,0.0,0,0,10,0.12527613803190618,0.1,0.306160083476504,0.325,0.18357364377415705,0.14166666666666666,0.3849901347174326,0.43333333333333335,0.05278917574545728,0.09295634221151203,1.0,0.1006060606060606,0.30833333333333335,0.15545454545454546,0.4356060606060606,0.07962229841057542,0.08447836133245717,1.0,0.08795953032288699,0.2638543927749479,0.21112330216827105,0.43706277473389415,0.051344282952544645,0.08126237339424396,1.0,0.0942827954644738,0.28609386305414064,0.18328892381140827,0.4363344176699774,0.0,0.04016716646605474,1.0,0.12527613803190618,0.306160083476504,0.18357364377415705,0.3849901347174326
20,0.06516762168521477,0.04218265992023665,0.19316571164811858,117,30,0.0,0,1,20,0.12451785389094902,0.1,0.30672528097220897,0.325,0.1823164344609324,0.14166666666666666,0.3864404306759096,0.43333333333333335,0.060667621685214765,0.10285028160545141,1.0,0.1,0.3189166666666667,0.14616666666666667,0.4349166666666667,0.08924638607317162,0.12061477247334784,1.0,0.10137754954837412,0.2955105770530534,0.12742505664949128,0.47568681674908125,0.0693496519196154,0.11153231183985204,1.0,0.10068877477418706,0.30721362185986,0.13679586165807897,0.45530174170787396,0.0,0.04218265992023665,1.0,0.12451785389094902,0.30672528097220897,0.1823164344609324,0.3864404306759096
21,0.06321259303465826,0.04413768857079316,0.19512074029867507,110,30,0.0,0,0,20,0.12378231827422057,0.1,0.3072735225430428,0.325,0.18109694142710447,0.14166666666666666,0.3878472177556324,0.43333333333333335,0.058712593034658256,0.10285028160545141,1.0,0.1,0.3189166666666667,0.14616666666666667,0.4349166666666667,0.08783959899344895,0.12061477247334784,1.0,0.10137754954837412,0.2955105770530534,0.12742505664949128,0.47568681674908125,0.06745452395224168,0.11153231183985204,1.0,0.10068877477418706,0.30721362185986,0.13679586165807897,0.45530174170787396,0.0,0.04413768857079316,1.0,0.12378231827422057,0.3072735225430428,0.18109694142710447,0.3878472177556324
22,0.0613162152436186,0.04603406636183282,0.19701711808971475,97,30,0.0,0,0,20,0.12306884872599393,0.1,0.30780531686675144,0.325,0.17991403318429125,0.14166666666666666,0.3892118012229632,0.43333333333333335,0.056816215243618594,0.10285028160545141,1.0,0.1,0.3189166666666667,0.14616666666666667,0.4349166666666667,0.08647501552611793,0.12061477247334784,1.0,0.10137754954837412,0.2955105770530534,0.12742505664949128,0.47568681674908125,0.06608994048491065,0.11153231183985204,1.0,0.10068877477418706,0.30721362185986,0.13679586165807897,0.45530174170787396,0.0,0.04603406636183282,1.0,0.12306884872599393,0.30780531686675144,0.17991403318429125,0.3892118012229632
23,0.05947672878631014,0.047873552819141275,0.19885660454702322,118,30,0.0,0,0,20,0.12237678326421415,0.1,0.3083211573607489,0.325,0.17876661218876258,0.14166666666666666,0.39053544718627425,0.43333333333333335,0.05497672878631014,0.10285028160545141,1.0,0.1,0.3189166666666667,0.14616666666666667,0.4349166666666667,0.08515136956280692,0.12061477247334784,1.0,0.10137754954837412,0.2955105770530534,0.12742505664949128,0.47568681674908125,0.06476629452159965,0.11153231183985204,1.0,0.10068877477418706,0.30721362185986,0.13679586165807897,0.45530174170787396,0.0,0.047873552819141275,1.0,0.12237678326421415,0.3083211573607489,0.17876661218876258,0.39053544718627425
24,0.05769242692272081,0.04965785468273061,0.20064090641061255,112,30,0.0,0,0,20,0.12170547976628768,0.1,0.3088215226399264,0.325,0.1776536138230997,0.14166666666666666,0.39181938377068604,0.43333333333333335,0.053192426922720804,0.10285028160545141,1.0,0.1,0.3189166666666667,0.14616666666666667,0.4349166666666667,0.0838674329783951,0.12061477247334784,1.0,0.10137754954837412,0.2955105770530534,0.12742505664949128,0.47568681674908125,0.06348235793718783,0.11153231183985204,1.0,0.10068877477418706,0.30721362185986,0.13679586165807897,0.45530174170787396,0.0,0.04965785468273061,1.0,0.12170547976628768,0.3088215226399264,0.1776536138230997,0.39181938377068604
25,0.05596165411503906,0.051388627490412356,0.2023716792182943,97,30,0.0,0,0,20,0.12105431537329905,0.1,0.30930687696072867,0.325,0.17657400540840673,0.14166666666666666,0.3930648022575657,0.43333333333333335,0.05146165411503906,0.10285028160545141,1.0,0.1,0.3189166666666667,0.14616666666666667,0.4349166666666667,0.08262201449151563,0.12061477247334784,1.0,0.10137754954837412,0.2955105770530534,0.12742505664949128,0.47568681674908125,0.06223693945030835,0.11153231183985204,1.0,0.10068877477418706,0.30721362185986,0.13679586165807897,0.45530174170787396,0.0,0.051388627490412356,1.0,0.12105431537329905,0.30930687696072867,0.17657400540840673,0.3930648022575657
26,0.05428280449158791,0.053067477113863504,0.20405052884174543,109,30,0.0,0,0,20,0.12042268591210009,0.1,0.3097776706519068,0.325,0.1755267852461545,0.14166666666666666,0.39427285818983865,0.43333333333333335,0.04978280449158791,0.10285028160545141,1.0,0.1,0.3189166666666667,0.14616666666666667,0.4349166666666667,0.0814139585592426,0.12061477247334784,1.0,0.10137754954837412,0.2955105770530534,0.12742505664949128,0.47568681674908125,0.06102888351803534,0.11153231183985204,1.0,0.10068877477418706,0.30721362185986,0.13679586165807897,0.45530174170787396,0.0,0.053067477113863504,1.0,0.12042268591210009,0.3097776706519068,0.1755267852461545,0.39427285818983865
27,0.05265432035684027,0.05469596124861115,0.20567901297649308,99,30,0.0,0,0,20,0.1198100053347371,0.1,0.3102343405323496,0.325,0.1745109816887699,0.14166666666666666,0.39544467244414355,0.43333333333333335,0.048154320356840266,0.10285028160545141,1.0,0.1,0.3189166666666667,0.14616666666666667,0.4349166666666667,0.08024214430493776,0.12061477247334784,1.0,0.10137754954837412,0.2955105770530534,0.12742505664949128,0.47568681674908125,0.059857069263730495,0.11153231183985204,1.0,0.10068877477418706,0.30721362185986,0.13679586165807897,0.45530174170787396,0.0,0.05469596124861115,1.0,0.1198100053347371,0.3102343405323496,0.1745109816887699,0.39544467244414355
28,0.05107469074613517,0.056275590859316243,0.20725864258719817,98,30,0.0,0,0,20,0.11921570517469499,0.1,0.31067731031637896,0.325,0.17352565223810684,0.14166666666666666,0.3965813322708192,0.43333333333333335,0.04657469074613517,0.10285028160545141,1.0,0.1,0.3189166666666667,0.14616666666666667,0.4349166666666667,0.07910548447826202,0.12061477247334784,1.0,0.10137754954837412,0.2955105770530534,0.12742505664949128,0.47568681674908125,0.058720409437054755,0.11153231183985204,1.0,0.10068877477418706,0.30721362185986,0.13679586165807897,0.45530174170787396,0.0,0.056275590859316243,1.0,0.11921570517469499,0.31067731031637896,0.17352565223810684,0.3965813322708192
29,0.049542450023751024,0.05780783158170039,0.20879088330958234,89,30,0.0,0,0,20,0.11863923401945416,0.1,0.3111069910068877,0.325,0.17256988267096354,0.14166666666666666,0.39768389230269463,0.43333333333333335,0.04504245002375102,0.10285028160545141,1.0,0.1,0.3189166666666667,0.14616666666666667,0.4349166666666667,0.07800292444638662,0.12061477247334784,1.0,0.10137754954837412,0.2955105770530534,0.12742505664949128,0.47568681674908125,0.057617849405179354,0.11153231183985204,1.0,0.10068877477418706,0.30721362185986,0.13679586165807897,0.45530174170787396,0.0,0.05780783158170039,1.0,0.11863923401945416,0.3111069910068877,0.17256988267096354,0.39768389230269463
30,0.048056176523038424,0.05929410508241299,0.21027715681029494,93,30,0.0,0,1,30,0.11808005699887048,0.1,0.31152378127668107,0.325,0.1716427861908347,0.14166666666666666,0.39875337553361395,0.43333333333333335,0.048056176523038424,0.10735028160545142,1.0,0.1,0.325,0.14166666666666666,0.43333333333333335,0.22254770978585386,0.2011675985072463,0.0,0.10748787013052839,0.4812856802527053,0.22442859700066428,0.18679785261610213,0.10302390449250241,0.107231832674204,0.0,0.10374393506526419,0.40314284012635265,0.18304763183366546,0.31006559297471775,0.0,0.05929410508241299,1.0,0.11808005699887048,0.31152378127668107,0.1716427861908347,0.39875337553361395
31,0.04661449122734747,0.06073579037810395,0.21171884210598588,98,30,0.0,0,0,30,0.11753765528890442,0.1,0.31192806783838056,0.325,0.17074350260510968,0.14166666666666666,0.3997907742676053,0.43333333333333335,0.04661449122734747,0.10735028160545142,1.0,0.1,0.325,0.14166666666666666,0.43333333333333335,0.22304270680987925,0.2011675985072463,0.0,0.10748787013052839,0.4812856802527053,0.22442859700066428,0.18679785261610213,0.10351890151652782,0.107231832674204,0.0,0.10374393506526419,0.40314284012635265,0.18304763183366546,0.31006559297471775,0.0,0.06073579037810395,1.0,0.11753765528890442,0.31192806783838056,0.17074350260510968,0.3997907742676053
32,0.045216056490527,0.06213422511492442,0.21311727684280635,93,30,0.0,0,0,30,0.11701152563023726,0.1,0.31232022580322916,0.325,0.16987119752695629,0.14166666666666666,0.4007970510395771,0.43333333333333335,0.045216056490527,0.10735028160545142,1.0,0.1,0.325,0.14166666666666666,0.43333333333333335,0.22352285392318397,0.2011675985072463,0.0,0.10748787013052839,0.4812856802527053,0.22442859700066428,0.18679785261610213,0.10399904862983253,0.107231832674204,0.0,0.10374393506526419,0.40314284012635265,0.18304763183366546,0.31006559297471775,0.0,0.06213422511492442,1.0,0.11701152563023726,0.31232022580322916,0.16987119752695629,0.4007970510395771
33,0.04385957479581117,0.06349070680964025,0.21447375853752215,103,30,0.0,0,0,30,0.11650117986133011,0.1,0.3127006190291323,0.325,0.16902506160114764,0.14166666666666666,0.4017731395083898,0.43333333333333335,0.04385957479581117,0.10735028160545142,1.0,0.1,0.325,0.14166666666666666,0.43333333333333335,0.2239885966230895,0.2011675985072463,0.0,0.10748787013052839,0.4812856802527053,0.22442859700066428,0.18679785261610213,0.10446479132973804,0.107231832674204,0.0,0.10374393506526419,0.40314284012635265,0.18304763183366546,0.31006559297471775,0.0,0.06349070680964025,1.0,0.11650117986133011,0.3127006190291323,0.16902506160114764,0.4017731395083898
34,0.042543787551936864,0.06480649405351455,0.21578954578139647,103,30,0.0,0,0,30,0.1160061444654902,0.1,0.3130696004582584,0.325,0.16820430975311326,0.14166666666666666,0.40271994532313804,0.43333333333333335,0.042543787551936864,0.10735028160545142,1.0,0.1,0.325,0.14166666666666666,0.43333333333333335,0.22444036704199782,0.2011675985072463,0.0,0.10748787013052839,0.4812856802527053,0.22442859700066428,0.18679785261610213,0.10491656174864639,0.107231832674204,0.0,0.10374393506526419,0.40314284012635265,0.18304763183366546,0.31006559297471775,0.0,0.06480649405351455,1.0,0.1160061444654902,0.3130696004582584,0.16820430975311326,0.40271994532313804
35,0.04126747392537869,0.06608280768007273,0.21706585940795464,106,30,0.0,0,0,30,0.1155259601315255,0.1,0.31342751244451056,0.325,0.16740818046051978,0.14166666666666666,0.40363834696344403,0.43333333333333335,0.04126747392537869,0.10735028160545142,1.0,0.1,0.325,0.14166666666666666,0.43333333333333335,0.22487858434833913,0.2011675985072463,0.0,0.10748787013052839,0.4812856802527053,0.22442859700066428,0.18679785261610213,0.10535477905498768,0.107231832674204,0.0,0.10374393506526419,0.40314284012635265,0.18304763183366546,0.31006559297471775,0.0,0.06608280768007273,1.0,0.1155259601315255,0.31342751244451056,0.16740818046051978,0.40363834696344403
36,0.040029449707617314,0.06732083189783411,0.21830388362571604,103,30,0.0,0,0,30,0.11506018132757974,0.1,0.3137746870711753,0.325,0.16663593504670426,0.14166666666666666,0.4045291965545408,0.43333333333333335,0.040029449707617314,0.10735028160545142,1.0,0.1,0.325,0.14166666666666666,0.43333333333333335,0.22530365513549,0.2011675985072463,0.0,0.10748787013052839,0.4812856802527053,0.22442859700066428,0.18679785261610213,0.10577984984213856,0.107231832674204,0.0,0.10374393506526419,0.40314284012635265,0.18304763183366546,0.31006559297471775,0.0,0.06732083189783411,1.0,0.11506018132757974,0.3137746870711753,0.16663593504670426,0.4045291965545408
37,0.03882856621638875,0.06852171538906267,0.2195047671169446,103,30,0.0,0,0,30,0.11460837588775233,0.1,0.31411144645904004,0.325,0.1658868569953031,0.14166666666666666,0.40539332065790457,0.43333333333333335,0.03882856621638875,0.10735028160545142,1.0,0.1,0.325,0.14166666666666666,0.43333333333333335,0.22571597379902641,0.2011675985072463,0.0,0.10748787013052839,0.4812856802527053,0.22442859700066428,0.18679785261610213,0.10619216850567496,0.107231832674204,0.0,0.10374393506526419,0.40314284012635265,0.18304763183366546,0.31006559297471775,0.0,0.06852171538906267,1.0,0.11460837588775233,0.31411144645904004,0.1658868569953031,0.40539332065790457
38,0.03766370922989734,0.06968657237555408,0.22066962410343602,109,30,0.0,0,0,30,0.1141701246111198,0.1,0.3144381030652687,0.325,0.16516025128544412,0.14166666666666666,0.40623152103816723,0.43333333333333335,0.03766370922989734,0.10735028160545142,1.0,0.1,0.325,0.14166666666666666,0.43333333333333335,0.22611592290265664,0.2011675985072463,0.0,0.10748787013052839,0.4812856802527053,0.22442859700066428,0.18679785261610213,0.10659211760930519,0.107231832674204,0.0,0.10374393506526419,0.40314284012635265,0.18304763183366546,0.31006559297471775,0.0,0.06968657237555408,1.0,0.1141701246111198,0.3144381030652687,0.16516025128544412,0.40623152103816723
39,0.03653379795300016,0.07081648365245126,0.22179953538033317,102,30,0.0,0,0,30,0.11374502087278618,0.1,0.3147549599733109,0.325,0.1644554437468807,0.14166666666666666,0.4070445754070224,0.43333333333333335,0.03653379795300016,0.10735028160545142,1.0,0.1,0.325,0.14166666666666666,0.43333333333333335,0.22650387353317802,0.2011675985072463,0.0,0.10748787013052839,0.4812856802527053,0.22442859700066428,0.18679785261610213,0.10698006823982657,0.107231832674204,0.0,0.10374393506526419,0.40314284012635265,0.18304763183366546,0.31006559297471775,0.0,0.07081648365245126,1.0,0.11374502087278618,0.3147549599733109,0.1644554437468807,0.4070445754070224
40,0.0354377840144101,0.07191249759104132,0.22289554931892325,113,30,0.0,0,1,40,0.11333267024660262,0.1,0.3150623111741115,0.325,0.16377178043447413,0.14166666666666666,0.40783323814481176,0.43333333333333335,0.0354377840144101,0.10735028160545142,1.0,0.1,0.325,0.14166666666666666,0.43333333333333335,0.16597248262763376,0.15807517961805587,0.0,0.15251268042159752,0.44185478362675035,0.0809253627890453,0.32470717316260683,0.08128875060345983,0.11146459333346331,0.0,0.12625634021079876,0.38342739181337515,0.11129601472785598,0.37902025324797006,0.0,0.07191249759104132,1.0,0.11333267024660262,0.3150623111741115,0.16377178043447413,0.40783323814481176
41,0.03437465049397783,0.0729756311114736,0.22395868283935552,105,30,0.0,0,0,40,0.11293269013920453,0.1,0.3153604418388881,0.325,0.16310862702144,0.14166666666666666,0.40859824100046743,0.43333333333333335,0.03437465049397783,0.10735028160545142,1.0,0.1,0.325,0.14166666666666666,0.43333333333333335,0.16607433207025527,0.15807517961805587,0.0,0.15251268042159752,0.44185478362675035,0.0809253627890453,0.32470717316260683,0.08139060004608133,0.11146459333346331,0.0,0.12625634021079876,0.38342739181337515,0.11129601472785598,0.37902025324797006,0.0,0.0729756311114736,1.0,0.11293269013920453,0.3153604418388881,0.16310862702144,0.40859824100046743
42,0.033343410979158605,0.07400687062629281,0.22498992235417473,96,30,0.0,0,0,40,0.11254470943502842,0.1,0.3156496285837215,0.325,0.16246536821079685,0.14166666666666666,0.4093402937704533,0.43333333333333335,0.033343410979158605,0.10735028160545142,1.0,0.1,0.325,0.14166666666666666,0.43333333333333335,0.166173126029598,0.15807517961805587,0.0,0.15251268042159752,0.44185478362675035,0.0809253627890453,0.32470717316260683,0.08148939400542404,0.11146459333346331,0.0,0.12625634021079876,0.38342739181337515,0.11129601472785598,0.37902025324797006,0.0,0.07400687062629281,1.0,0.11254470943502842,0.3156496285837215,0.16246536821079685,0.4093402937704533
43,0.03234310864978374,0.07500717295566767,0.2259902246835496,112,30,0.0,0,0,40,0.11216836815197755,0.1,0.31593013972620987,0.325,0.16184140716447287,0.14166666666666666,0.41006008495733975,0.43333333333333335,0.03234310864978374,0.10735028160545142,1.0,0.1,0.325,0.14166666666666666,0.43333333333333335,0.16626895617016046,0.15807517961805587,0.0,0.15251268042159752,0.44185478362675035,0.0809253627890453,0.32470717316260683,0.08158522414598654,0.11146459333346331,0.0,0.12625634021079876,0.38342739181337515,0.11129601472785598,0.37902025324797006,0.0,0.07500717295566767,1.0,0.11216836815197755,0.31593013972620987,0.16184140716447287,0.41006008495733975
44,0.03137281539029033,0.07597746621516108,0.226960517943043,110,30,0.0,0,0,40,0.11180331710741824,0.1,0.31620223553442345,0.325,0.16123616494953869,0.14166666666666666,0.4107582824086195,0.43333333333333335,0.03137281539029033,0.10735028160545142,1.0,0.1,0.325,0.14166666666666666,0.43333333333333335,0.16636191140650614,0.15807517961805587,0.0,0.15251268042159752,0.44185478362675035,0.0809253627890453,0.32470717316260683,0.08167817938233218,0.11146459333346331,0.0,0.12625634021079876,0.38342739181337515,0.11129601472785598,0.37902025324797006,0.0,0.07597746621516108,1.0,0.11180331710741824,0.31620223553442345,0.16123616494953869,0.4107582824086195
45,0.030431630928581616,0.0769186506768698,0.22790170240475172,108,30,0.0,0,0,40,0.11144921759419563,0.1,0.316466168468391,0.325,0.16064908000105257,0.14166666666666666,0.4114355339363607,0.43333333333333335,0.030431630928581616,0.10735028160545142,1.0,0.1,0.325,0.14166666666666666,0.43333333333333335,0.16645207798576117,0.15807517961805587,0.0,0.15251268042159752,0.44185478362675035,0.0809253627890453,0.32470717316260683,0.08176834596158725,0.11146459333346331,0.0,0.12625634021079876,0.38342739181337515,0.11129601472785598,0.37902025324797006,0.0,0.0769186506768698,1.0,0.11144921759419563,0.316466168468391,0.16064908000105257,0.4114355339363607
46,0.02951868200072423,0.07783159960472719,0.22881465133260911,99,30,0.0,0,0,40,0.1111057410663698,0.1,0.316722183414339,0.325,0.160079607601021,0.14166666666666666,0.41209246791827003,0.43333333333333335,0.02951868200072423,0.10735028160545142,1.0,0.1,0.325,0.14166666666666666,0.43333333333333335,0.16653953956763898,0.15807517961805587,0.0,0.15251268042159752,0.44185478362675035,0.0809253627890453,0.32470717316260683,0.08185580754346505,0.11146459333346331,0.0,0.12625634021079876,0.38342739181337515,0.11129601472785598,0.37902025324797006,0.0,0.07783159960472719,1.0,0.1111057410663698,0.316722183414339,0.160079607601021,0.41209246791827003
47,0.028633121540702473,0.07871716006474894,0.22970021179263087,105,30,0.0,0,0,40,0.1107725688343787,0.1,0.31697051791190894,0.325,0.15952721937299044,0.14166666666666666,0.41272969388072195,0.43333333333333335,0.028633121540702473,0.10735028160545142,1.0,0.1,0.325,0.14166666666666666,0.43333333333333335,0.16662437730206023,0.15807517961805587,0.0,0.15251268042159752,0.44185478362675035,0.0809253627890453,0.32470717316260683,0.0819406452778863,0.11146459333346331,0.0,0.12625634021079876,0.38342739181337515,0.11129601472785598,0.37902025324797006,0.0,0.07871716006474894,1.0,0.1107725688343787,0.31697051791190894,0.15952721937299044,0.41272969388072195
48,0.027774127894481387,0.07957615371097003,0.23055920543885194,92,30,0.0,0,0,40,0.1104493917693474,0.1,0.31721140237455164,0.325,0.15899140279180074,0.14166666666666666,0.4133478030643004,0.43333333333333335,0.027774127894481387,0.10735028160545142,1.0,0.1,0.325,0.14166666666666666,0.43333333333333335,0.16670666990444893,0.15807517961805587,0.0,0.15251268042159752,0.44185478362675035,0.0809253627890453,0.32470717316260683,0.08202293788027498,0.11146459333346331,0.0,0.12625634021079876,0.38342739181337515,0.11129601472785598,0.37902025324797006,0.0,0.07957615371097003,1.0,0.1104493917693474,0.31721140237455164,0.15899140279180074,0.4133478030643004
49,0.026940904057646882,0.08040937754780453,0.23139242927568646,110,30,0.0,0,0,40,0.11013591001626698,0.1,0.3174450603033152,0.325,0.15847166070804664,0.14166666666666666,0.41394736897237133,0.43333333333333335,0.026940904057646882,0.10735028160545142,1.0,0.1,0.325,0.14166666666666666,0.43333333333333335,0.16678649372876575,0.15807517961805587,0.0,0.15251268042159752,0.44185478362675035,0.0809253627890453,0.32470717316260683,0.08210276170459183,0.11146459333346331,0.0,0.12625634021079876,0.38342739181337515,0.11129601472785598,0.37902025324797006,0.0,0.08040937754780453,1.0,0.11013591001626698,0.3174450603033152,0.15847166070804664,0.41394736897237133
50,0.026132676935917608,0.08121760466953382,0.23220065639741574,100,30,0.0,0,1,50,0.10983183271577888,0.1,0.3176717084942156,0.325,0.15796751088680525,0.14166666666666666,0.4145289479032,0.43333333333333335,0.026132676935917608,0.10735028160545142,1.0,0.1,0.325,0.14166666666666666,0.43333333333333335,0.1661713579768647,0.11550319756969538,1.0,0.09426987936739152,0.2530621044588661,0.3241388688636701,0.3285291473100723,0.074935256878363,0.050126292517163204,1.0,0.09713493968369577,0.28903105222943304,0.23290276776516838,0.38093124032170284,0.0,0.08121760466953382,1.0,0.10983183271577888,0.3176717084942156,0.15796751088680525,0.4145289479032
51,0.025348696627840048,0.08200158497761137,0.2329846367054933,102,30,0.0,0,0,50,0.1095368777343056,0.1,0.3178915572393892,0.325,0.15747848556020105,0.14166666666666666,0.415093079466104,0.43333333333333335,0.025348696627840048,0.10735028160545142,1.0,0.1,0.325,0.14166666666666666,0.43333333333333335,0.16666038330346897,0.11550319756969538,1.0,0.09426987936739152,0.2530621044588661,0.3241388688636701,0.3285291473100723,0.07542428220496726,0.050126292517163204,1.0,0.09713493968369577,0.28903105222943304,0.23290276776516838,0.38093124032170284,0.0,0.08200158497761137,1.0,0.1095368777343056,0.3178915572393892,0.15747848556020105,0.415093079466104
52,0.024588235729004815,0.0827620458764466,0.23374509760432852,101,30,0.0,0,0,50,0.1092507714022764,0.1,0.3181048105222075,0.325,0.15700413099339508,0.14166666666666666,0.41564028708212103,0.43333333333333335,0.024588235729004815,0.10735028160545142,1.0,0.1,0.325,0.14166666666666666,0.43333333333333335,0.167134737870275,0.11550319756969538,1.0,0.09426987936739152,0.2530621044588661,0.3241388688636701,0.3285291473100723,0.0758986367717733,0.050126292517163204,1.0,0.09713493968369577,0.28903105222943304,0.23290276776516838,0.38093124032170284,0.0,0.0827620458764466,1.0,0.1092507714022764,0.3181048105222075,0.15700413099339508,0.41564028708212103
53,0.02385058865713456,0.08349969294831686,0.23448274467619878,102,30,0.0,0,0,50,0.10897324826020807,0.1,0.3183116662065414,0.325,0.1565440070635932,0.14166666666666666,0.41617107846965745,0.43333333333333335,0.02385058865713456,0.10735028160545142,1.0,0.1,0.325,0.14166666666666666,0.43333333333333335,0.16759486180007693,0.11550319756969538,1.0,0.09426987936739152,0.2530621044588661,0.3241388688636701,0.3285291473100723,0.07635876070157523,0.050126292517163204,1.0,0.09713493968369577,0.28903105222943304,0.23290276776516838,0.38093124032170284,0.0,0.08349969294831686,1.0,0.10897324826020807,0.3183116662065414,0.1565440070635932,0.41617107846965745
54,0.023135070997420758,0.08421521060803067,0.23519826233591257,102,30,0.0,0,0,50,0.10870405081240185,0.1,0.3185123162203451,0.325,0.15609768685168549,0.14166666666666666,0.4166859461155674,0.43333333333333335,0.023135070997420758,0.10735028160545142,1.0,0.1,0.325,0.14166666666666666,0.43333333333333335,0.1680411820119845,0.11550319756969538,1.0,0.09426987936739152,0.2530621044588661,0.3241388688636701,0.3285291473100723,0.07680508091348281,0.050126292517163204,1.0,0.09713493968369577,0.28903105222943304,0.23290276776516838,0.38093124032170284,0.0,0.08421521060803067,1.0,0.10870405081240185,0.3185123162203451,0.15609768685168549,0.4166859461155674
55,0.022441018867497893,0.08490926273795352,0.23589231446583547,94,30,0.0,0,0,50,0.10844292928802975,0.1,0.31870694673373484,0.325,0.15566475624613488,0.14166666666666666,0.4171853677321007,0.43333333333333335,0.022441018867497893,0.10735028160545142,1.0,0.1,0.325,0.14166666666666666,0.43333333333333335,0.16847411261753525,0.11550319756969538,1.0,0.09426987936739152,0.2530621044588661,0.3241388688636701,0.3285291473100723,0.07723801151903356,0.050126292517163204,1.0,0.09713493968369577,0.28903105222943304,0.23290276776516838,0.38093124032170284,0.0,0.08490926273795352,1.0,0.10844292928802975,0.31870694673373484,0.15566475624613488,0.4171853677321007
56,0.021767788301473273,0.08558249330397814,0.23656554503186009,98,30,0.0,0,0,50,0.10818964140938889,0.1,0.3188957383317226,0.325,0.1552448135587508,0.14166666666666666,0.41766980670013726,0.43333333333333335,0.021767788301473273,0.10735028160545142,1.0,0.1,0.325,0.14166666666666666,0.43333333333333335,0.16889405530491902,0.11550319756969538,1.0,0.09426987936739152,0.2530621044588661,0.3241388688636701,0.3285291473100723,0.07765795420641733,0.050126292517163204,1.0,0.09713493968369577,0.28903105222943304,0.23290276776516838,0.38093124032170284,0.0,0.08558249330397814,1.0,0.10818964140938889,0.3188957383317226,0.1552448135587508,0.41766980670013726
57,0.021114754652428715,0.0862355269530227,0.23721857868090462,104,30,0.0,0,0,50,0.10794395216710721,0.1,0.31907886618177106,0.325,0.1548374691519882,0.14166666666666666,0.4181397124991336,0.43333333333333335,0.021114754652428715,0.10735028160545142,1.0,0.1,0.325,0.14166666666666666,0.43333333333333335,0.1693013997116819,0.11550319756969538,1.0,0.09426987936739152,0.2530621044588661,0.3241388688636701,0.3285291473100723,0.0780652986131802,0.050126292517163204,1.0,0.09713493968369577,0.28903105222943304,0.23290276776516838,0.38093124032170284,0.0,0.0862355269530227,1.0,0.10794395216710721,0.31907886618177106,0.1548374691519882,0.4181397124991336
58,0.020481312012856072,0.08686896959259535,0.23785202132047725,116,30,0.0,0,0,50,0.10770563360209405,0.1,0.31925650019631774,0.325,0.15444234507742863,0.14166666666666666,0.4185955211241595,0.43333333333333335,0.020481312012856072,0.10735028160545142,1.0,0.1,0.325,0.14166666666666666,0.43333333333333335,0.1696965237862414,0.11550319756969538,1.0,0.09426987936739152,0.2530621044588661,0.3241388688636701,0.3285291473100723,0.0784604226877397,0.050126292517163204,1.0,0.09713493968369577,0.28903105222943304,0.23290276776516838,0.38093124032170284,0.0,0.08686896959259535,1.0,0.10770563360209405,0.31925650019631774,0.15444234507742863,0.4185955211241595
59,0.01986687265247021,0.0874834089529812,0.23846646068086313,108,30,0.0,0,0,50,0.10747446459403123,0.1,0.31942880519042843,0.325,0.15405907472510574,0.14166666666666666,0.4190376554904348,0.43333333333333335,0.01986687265247021,0.10735028160545142,1.0,0.1,0.325,0.14166666666666666,0.43333333333333335,0.17007979413856444,0.11550319756969538,1.0,0.09426987936739152,0.2530621044588661,0.3241388688636701,0.3285291473100723,0.07884369304006274,0.050126292517163204,1.0,0.09713493968369577,0.28903105222943304,0.23290276776516838,0.38093124032170284,0.0,0.0874834089529812,1.0,0.10747446459403123,0.31942880519042843,0.15405907472510574,0.4190376554904348
60,0.01927086647289615,0.08807941513255527,0.2390624668604372,112,30,0.0,0,1,60,0.10725023065621025,0.1,0.31959594103471545,0.325,0.15368730248335255,0.14166666666666666,0.41946652582572175,0.43333333333333335,0.01927086647289615,0.10735028160545142,1.0,0.1,0.325,0.14166666666666666,0.43333333333333335,0.10039343667280073,0.10250899816463008,0.0,0.0937618337226359,0.39842000561677876,0.17525667457409003,0.33256148608649544,0.04688842991069972,0.0936743607904218,1.0,0.09688091686131794,0.3617100028083894,0.15846167062037836,0.38294740970991437,0.0,0.08807941513255527,1.0,0.10725023065621025,0.31959594103471545,0.15368730248335255,0.41946652582572175
61,0.01869274047870921,0.0886575411267422,0.23964059285462413,114,30,0.0,0,0,60,0.10703272373652387,0.1,0.3197580628036742,0.325,0.15332668340885205,0.14166666666666666,0.41988253005095,0.43333333333333335,0.01869274047870921,0.10735028160545142,1.0,0.1,0.325,0.14166666666666666,0.43333333333333335,0.10059193397834254,0.10250899816463008,0.0,0.0937618337226359,0.39842000561677876,0.17525667457409003,0.33256148608649544,0.047086927216241525,0.0936743607904218,1.0,0.09688091686131794,0.3617100028083894,0.15846167062037836,0.38294740970991437,0.0,0.0886575411267422,1.0,0.10703272373652387,0.3197580628036742,0.15332668340885205,0.41988253005095
62,0.018131958264348012,0.08921832334110341,0.24020137506898534,107,30,0.0,0,0,60,0.10682174202442822,0.1,0.3199153209195637,0.325,0.15297688290658643,0.14166666666666666,0.4202860541494216,0.43333333333333335,0.018131958264348012,0.10735028160545142,1.0,0.1,0.325,0.14166666666666666,0.43333333333333335,0.10078447636471857,0.10250899816463008,0.0,0.0937618337226359,0.39842000561677876,0.17525667457409003,0.33256148608649544,0.047279469602617565,0.0936743607904218,1.0,0.09688091686131794,0.3617100028083894,0.15846167062037836,0.38294740970991437,0.0,0.08921832334110341,1.0,0.10682174202442822,0.3199153209195637,0.15297688290658643,0.4202860541494216
63,0.01758799951641766,0.08976228208903375,0.2407453338169157,102,30,0.0,0,0,60,0.1066170897636954,0.1,0.3200678612919768,0.325,0.15263757641938883,0.14166666666666666,0.4206774725249388,0.43333333333333335,0.01758799951641766,0.10735028160545142,1.0,0.1,0.325,0.14166666666666666,0.43333333333333335,0.10097124247950302,0.10250899816463008,0.0,0.0937618337226359,0.39842000561677876,0.17525667457409003,0.33256148608649544,0.047466235717402015,0.0936743607904218,1.0,0.09688091686131794,0.3617100028083894,0.15846167062037836,0.38294740970991437,0.0,0.08976228208903375,1.0,0.1066170897636954,0.3200678612919768,0.15263757641938883,0.4206774725249388
64,0.01706035953092496,0.09028992207452646,0.2412729738024084,105,30,0.0,0,0,60,0.10641857707078449,0.1,0.32021582545321764,0.325,0.15230844912680716,0.14166666666666666,0.4210571483491908,0.43333333333333335,0.01706035953092496,0.10735028160545142,1.0,0.1,0.325,0.14166666666666666,0.43333333333333335,0.10115240561084396,0.10250899816463008,0.0,0.0937618337226359,0.39842000561677876,0.17525667457409003,0.33256148608649544,0.04764739884874295,0.0936743607904218,1.0,0.09688091686131794,0.3617100028083894,0.15846167062037836,0.38294740970991437,0.0,0.09028992207452646,1.0,0.10641857707078449,0.32021582545321764,0.15230844912680716,0.4210571483491908
65,0.016548548744997428,0.09080173286045398,0.24178478458833594,101,30,0.0,0,0,60,0.10622601975866093,0.1,0.32035935068962085,0.325,0.15198919565300303,0.14166666666666666,0.42142543389871495,0.43333333333333335,0.016548548744997428,0.10735028160545142,1.0,0.1,0.325,0.14166666666666666,0.43333333333333335,0.10132813384824473,0.10250899816463008,0.0,0.0937618337226359,0.39842000561677876,0.17525667457409003,0.33256148608649544,0.04782312708614372,0.0936743607904218,1.0,0.09688091686131794,0.3617100028083894,0.15846167062037836,0.38294740970991437,0.0,0.09080173286045398,1.0,0.10622601975866093,0.32035935068962085,0.15198919565300303,0.42142543389871495
66,0.016052092282647493,0.09129818932280392,0.24228124105068585,97,30,0.0,0,0,60,0.10603923916590116,0.1,0.3204985701689324,0.325,0.15167951978341285,0.14166666666666666,0.4217826708817533,0.43333333333333335,0.016052092282647493,0.10735028160545142,1.0,0.1,0.325,0.14166666666666666,0.43333333333333335,0.10149859023852334,0.10250899816463008,0.0,0.0937618337226359,0.39842000561677876,0.17525667457409003,0.33256148608649544,0.047993583476422325,0.0936743607904218,1.0,0.09688091686131794,0.3617100028083894,0.15846167062037836,0.38294740970991437,0.0,0.09129818932280392,1.0,0.10603923916590116,0.3204985701689324,0.15167951978341285,0.4217826708817533
67,0.01557052951416786,0.09177975209128356,0.24276280381916548,123,30,0.0,0,0,60,0.10585806199092415,0.1,0.32063361306386445,0.325,0.15137913418991047,0.14166666666666666,0.42212919075530114,0.43333333333333335,0.01557052951416786,0.10735028160545142,1.0,0.1,0.325,0.14166666666666666,0.43333333333333335,0.10166393293709391,0.10250899816463008,0.0,0.0937618337226359,0.39842000561677876,0.17525667457409003,0.33256148608649544,0.0481589261749929,0.0936743607904218,1.0,0.09688091686131794,0.3617100028083894,0.15846167062037836,0.38294740970991437,0.0,0.09177975209128356,1.0,0.10585806199092415,0.32063361306386445,0.15137913418991047,0.42212919075530114
68,0.015103413628742762,0.09224686797670865,0.24322991970459057,101,30,0.0,0,0,60,0.10568232013119641,0.1,0.32076460467194845,0.325,0.15108776016421316,0.14166666666666666,0.4224653150326423,0.43333333333333335,0.015103413628742762,0.10735028160545142,1.0,0.1,0.325,0.14166666666666666,0.43333333333333335,0.10182431535470726,0.10250899816463008,0.0,0.0937618337226359,0.39842000561677876,0.17525667457409003,0.33256148608649544,0.04831930859260626,0.0936743607904218,1.0,0.09688091686131794,0.3617100028083894,0.15846167062037836,0.38294740970991437,0.0,0.09224686797670865,1.0,0.10568232013119641,0.32076460467194845,0.15108776016421316,0.4224653150326423
69,0.014650311219880745,0.09269997038557068,0.2436830221134526,93,30,0.0,0,0,60,0.10551185052726055,0.1,0.32089166653179,0.325,0.1508051273592868,0.14166666666666666,0.42279135558166253,0.43333333333333335,0.014650311219880745,0.10735028160545142,1.0,0.1,0.325,0.14166666666666666,0.43333333333333335,0.10197988629979185,0.10250899816463008,0.0,0.0937618337226359,0.39842000561677876,0.17525667457409003,0.33256148608649544,0.04847487953769084,0.0936743607904218,1.0,0.09688091686131794,0.3617100028083894,0.15846167062037836,0.38294740970991437,0.0,0.09269997038557068,1.0,0.10551185052726055,0.32089166653179,0.1508051273592868,0.42279135558166253
70,0.014210801883284156,0.09313947972216727,0.2441225314500492,91,30,0.0,0,1,70,0.1053464950114427,0.1,0.3210149165358365,0.325,0.15053097353850822,0.14166666666666666,0.4231076149142128,0.43333333333333335,0.014210801883284156,0.10735028160545142,1.0,0.1,0.325,0.14166666666666666,0.43333333333333335,0.09565947568954997,0.05960951876803436,1.0,0.16988702971797373,0.3260147734803526,0.17665005757701094,0.3274481392246627,0.042716878635214665,0.05491507129129239,1.0,0.13494351485898687,0.3255073867401763,0.15915836212183881,0.380390736278998,0.0,0.09313947972216727,1.0,0.1053464950114427,0.3210149165358365,0.15053097353850822,0.4231076149142128
71,0.013784477826785678,0.09356580377866575,0.24454885550654767,102,30,0.0,0,0,70,0.10518610016109943,0.1,0.32113446903976123,0.325,0.15026504433235288,0.14166666666666666,0.4234143864667864,0.43333333333333335,0.013784477826785678,0.10735028160545142,1.0,0.1,0.325,0.14166666666666666,0.43333333333333335,0.09596624724212374,0.05960951876803436,1.0,0.16988702971797373,0.3260147734803526,0.17665005757701094,0.3274481392246627,0.04302365018778844,0.05491507129129239,1.0,0.13494351485898687,0.3255073867401763,0.15915836212183881,0.380390736278998,0.0,0.09356580377866575,1.0,0.10518610016109943,0.32113446903976123,0.15026504433235288,0.4234143864667864
72,0.013370943491982215,0.0939793381134692,0.24496238984135113,110,30,0.0,0,0,70,0.10503051715626646,0.1,0.32125043496856837,0.325,0.15000709300238238,0.14166666666666666,0.42371195487278274,0.43333333333333335,0.013370943491982215,0.10735028160545142,1.0,0.1,0.325,0.14166666666666666,0.43333333333333335,0.09626381564812006,0.05960951876803436,1.0,0.16988702971797373,0.3260147734803526,0.17665005757701094,0.3274481392246627,0.043321218593784766,0.05491507129129239,1.0,0.13494351485898687,0.3255073867401763,0.15915836212183881,0.380390736278998,0.0,0.0939793381134692,1.0,0.10503051715626646,0.32125043496856837,0.15000709300238238,0.42371195487278274
73,0.012969815187222428,0.09438046641822899,0.24536351814611093,104,30,0.0,0,0,70,0.1048796016415785,0.1,0.3213629219195116,0.325,0.1497568802123109,0.14166666666666666,0.42400059622659964,0.43333333333333335,0.012969815187222428,0.10735028160545142,1.0,0.1,0.325,0.14166666666666666,0.43333333333333335,0.09655245700193661,0.05960951876803436,1.0,0.16988702971797373,0.3260147734803526,0.17665005757701094,0.3274481392246627,0.04360985994760132,0.05491507129129239,1.0,0.13494351485898687,0.3255073867401763,0.15915836212183881,0.380390736278998,0.0,0.09438046641822899,1.0,0.1048796016415785,0.3213629219195116,0.1497568802123109,0.42400059622659964
74,0.012580720731606133,0.09476956087384528,0.2457526126017272,113,30,0.0,0,0,70,0.1047332135923311,0.1,0.32147203426192583,0.325,0.1495141738059415,0.14166666666666666,0.4242805783398012,0.43333333333333335,0.012580720731606133,0.10735028160545142,1.0,0.1,0.325,0.14166666666666666,0.43333333333333335,0.09683243911513867,0.05960951876803436,1.0,0.16988702971797373,0.3260147734803526,0.17665005757701094,0.3274481392246627,0.04388984206080338,0.05491507129129239,1.0,0.13494351485898687,0.3255073867401763,0.15915836212183881,0.380390736278998,0.0,0.09476956087384528,1.0,0.1047332135923311,0.32147203426192583,0.1495141738059415,0.4242805783398012
75,0.012203299109657867,0.09514698249579355,0.24613003422367546,112,30,0.0,0,0,70,0.10459121718456116,0.1,0.32157787323406806,0.325,0.1492787485917633,0.14166666666666666,0.42455216098960735,0.43333333333333335,0.012203299109657867,0.10735028160545142,1.0,0.1,0.325,0.14166666666666666,0.43333333333333335,0.09710402176494472,0.05960951876803436,1.0,0.16988702971797373,0.3260147734803526,0.17665005757701094,0.3274481392246627,0.04416142471060942,0.05491507129129239,1.0,0.13494351485898687,0.3255073867401763,0.15915836212183881,0.380390736278998,0.0,0.09514698249579355,1.0,0.10459121718456116,0.32157787323406806,0.1492787485917633,0.42455216098960735
76,0.011837200136368083,0.09551308146908333,0.24649613319696526,89,30,0.0,0,0,70,0.10445348066902428,0.1,0.321680537037046,0.325,0.14905038613401042,0.14166666666666666,0.4248155961599192,0.43333333333333335,0.011837200136368083,0.10735028160545142,1.0,0.1,0.325,0.14166666666666666,0.43333333333333335,0.09736745693525653,0.05960951876803436,1.0,0.16988702971797373,0.3260147734803526,0.17665005757701094,0.3274481392246627,0.04442485988092124,0.05491507129129239,1.0,0.13494351485898687,0.3255073867401763,0.15915836212183881,0.380390736278998,0.0,0.09551308146908333,1.0,0.10445348066902428,0.321680537037046,0.14905038613401042,0.4248155961599192
77,0.011482084132277075,0.09586819747317435,0.24685124920105625,99,30,0.0,0,0,70,0.1043198762489536,0.1,0.3217801209259348,0.325,0.14882887454999008,0.14166666666666666,0.42507112827512145,0.43333333333333335,0.011482084132277075,0.10735028160545142,1.0,0.1,0.325,0.14166666666666666,0.43333333333333335,0.0976229890504588,0.05960951876803436,1.0,0.16988702971797373,0.3260147734803526,0.17665005757701094,0.3274481392246627,0.044680391996123496,0.05491507129129239,1.0,0.13494351485898687,0.3255073867401763,0.15915836212183881,0.380390736278998,0.0,0.09586819747317435,1.0,0.1043198762489536,0.3217801209259348,0.14882887454999008,0.42507112827512145
78,0.011137621608308702,0.09621265999714271,0.24719571172502464,97,30,0.0,0,0,70,0.10419027996148499,0.1,0.3218767172981568,0.325,0.14861400831349042,0.14166666666666666,0.4253189944268679,0.43333333333333335,0.011137621608308702,0.10735028160545142,1.0,0.1,0.325,0.14166666666666666,0.43333333333333335,0.09787085520220512,0.05960951876803436,1.0,0.16988702971797373,0.3260147734803526,0.17665005757701094,0.3274481392246627,0.04492825814786983,0.05491507129129239,1.0,0.13494351485898687,0.3255073867401763,0.15915836212183881,0.380390736278998,0.0,0.09621265999714271,1.0,0.10419027996148499,0.3218767172981568,0.14861400831349042,0.4253189944268679
79,0.010803492960059509,0.0965467886453919,0.24752984037327386,106,30,0.0,0,0,70,0.10406457156264044,0.1,0.3219704157792121,0.325,0.1484055880640858,0.14166666666666666,0.4255594245940618,0.43333333333333335,0.010803492960059509,0.10735028160545142,1.0,0.1,0.325,0.14166666666666666,0.43333333333333335,0.09811128536939903,0.05960951876803436,1.0,0.16988702971797373,0.3260147734803526,0.17665005757701094,0.3274481392246627,0.045168688315063744,0.05491507129129239,1.0,0.13494351485898687,0.3255073867401763,0.15915836212183881,0.380390736278998,0.0,0.0965467886453919,1.0,0.10406457156264044,0.3219704157792121,0.1484055880640858,0.4255594245940618
80,0.01047938817125759,0.09687089343419383,0.24785394516207576,98,30,0.0,0,1,80,0.1039426344157612,0.1,0.32206130330583566,0.325,0.1482034204221631,0.14166666666666666,0.42579264185624016,0.43333333333333335,0.01047938817125759,0.10735028160545142,1.0,0.1,0.325,0.14166666666666666,0.43333333333333335,0.11329448740601372,0.1072636420844053,0.0,0.08875122701444099,0.40317464953655385,0.1803845615974585,0.3276895618515465,0.05484821517234083,0.09361572063283496,1.0,0.0943756135072205,0.36408732476827693,0.16102561413206257,0.38051144759243993,0.0,0.09687089343419383,1.0,0.1039426344157612,0.32206130330583566,0.1482034204221631,0.42579264185624016
81,0.010165006526119715,0.0971852750793317,0.24816832680721362,98,30,0.0,0,0,80,0.10382435538328842,0.1,0.32214946420666085,0.325,0.14800731780949816,0.14166666666666666,0.426018862600553,0.43333333333333335,0.010165006526119715,0.10735028160545142,1.0,0.1,0.325,0.14166666666666666,0.43333333333333335,0.11340242911785361,0.1072636420844053,0.0,0.08875122701444099,0.40317464953655385,0.1803845615974585,0.3276895618515465,0.054956156884180735,0.09361572063283496,1.0,0.0943756135072205,0.36408732476827693,0.16102561413206257,0.38051144759243993,0.0,0.0971852750793317,1.0,0.10382435538328842,0.32214946420666085,0.14800731780949816,0.426018862600553
82,0.00986005633033641,0.097490225275115,0.24847327700299693,79,30,0.0,0,0,80,0.10370962472178973,0.1,0.32223498028046077,0.325,0.14781709827521322,0.14166666666666666,0.42623829672253605,0.43333333333333335,0.00986005633033641,0.10735028160545142,1.0,0.1,0.325,0.14166666666666666,0.43333333333333335,0.1135071325783383,0.1072636420844053,0.0,0.08875122701444099,0.40317464953655385,0.1803845615974585,0.3276895618515465,0.055060860344665424,0.09361572063283496,1.0,0.0943756135072205,0.36408732476827693,0.16102561413206257,0.38051144759243993,0.0,0.097490225275115,1.0,0.10370962472178973,0.32223498028046077,0.14781709827521322,0.42623829672253605
83,0.009564254640426456,0.09778602696502496,0.24876907869290688,110,30,0.0,0,0,80,0.10359833598013607,0.1,0.32231793087204685,0.325,0.14763258532695692,0.14166666666666666,0.4264511478208599,0.43333333333333335,0.009564254640426456,0.10735028160545142,1.0,0.1,0.325,0.14166666666666666,0.43333333333333335,0.11360869493500853,0.1072636420844053,0.0,0.08875122701444099,0.40317464953655385,0.1803845615974585,0.3276895618515465,0.05516242270133564,0.09361572063283496,1.0,0.0943756135072205,0.36408732476827693,0.16102561413206257,0.38051144759243993,0.0,0.09778602696502496,1.0,0.10359833598013607,0.32231793087204685,0.14763258532695692,0.4264511478208599
84,0.009277327001213573,0.09807295460423784,0.24905600633211977,112,30,0.0,0,0,80,0.10349038590073198,0.1,0.3223983929458854,0.325,0.14745360776714825,0.14166666666666666,0.42665761338623437,0.43333333333333335,0.009277327001213573,0.10735028160545142,1.0,0.1,0.325,0.14166666666666666,0.43333333333333335,0.11370721042097877,0.1072636420844053,0.0,0.08875122701444099,0.40317464953655385,0.1803845615974585,0.3276895618515465,0.05526093818730588,0.09361572063283496,1.0,0.0943756135072205,0.36408732476827693,0.16102561413206257,0.38051144759243993,0.0,0.09807295460423784,1.0,0.10349038590073198,0.3223983929458854,0.14745360776714825,0.42665761338623437
85,0.008999007191177195,0.09835127441427421,0.24933432614215614,99,30,0.0,0,0,80,0.10338567432370997,0.1,0.3224764411575088,0.325,0.14727999953413373,0.14166666666666666,0.4268578849846472,0.43333333333333335,0.008999007191177195,0.10735028160545142,1.0,0.1,0.325,0.14166666666666666,0.43333333333333335,0.11380277044236975,0.1072636420844053,0.0,0.08875122701444099,0.40317464953655385,0.1803845615974585,0.3276895618515465,0.05535649820869687,0.09361572063283496,1.0,0.0943756135072205,0.36408732476827693,0.16102561413206257,0.38051144759243993,0.0,0.09835127441427421,1.0,0.10338567432370997,0.3224764411575088,0.14727999953413373,0.4268578849846472
86,0.008729036975441737,0.09862124463000968,0.2496042963578916,110,30,0.0,0,0,80,0.10328410409399874,0.1,0.32255214792278364,0.325,0.1471115995481096,0.14166666666666666,0.4270521484351079,0.43333333333333335,0.008729036975441737,0.10735028160545142,1.0,0.1,0.325,0.14166666666666666,0.43333333333333335,0.11389546366311913,0.1072636420844053,0.0,0.08875122701444099,0.40317464953655385,0.1803845615974585,0.3276895618515465,0.055449191429446244,0.09361572063283496,1.0,0.0943756135072205,0.36408732476827693,0.16102561413206257,0.38051144759243993,0.0,0.09862124463000968,1.0,0.10328410409399874,0.32255214792278364,0.1471115995481096,0.4270521484351079
87,0.008467165866178412,0.098883115739273,0.24986616746715493,110,30,0.0,0,0,80,0.1031855809711787,0.1,0.3226255834851003,0.325,0.14694825156166644,0.14166666666666666,0.4272405839820547,0.43333333333333335,0.008467165866178412,0.10735028160545142,1.0,0.1,0.325,0.14166666666666666,0.43333333333333335,0.11398537608724577,0.1072636420844053,0.0,0.08875122701444099,0.40317464953655385,0.1803845615974585,0.3276895618515465,0.055539103853572885,0.09361572063283496,1.0,0.0943756135072205,0.36408732476827693,0.16102561413206257,0.38051144759243993,0.0,0.098883115739273,1.0,0.1031855809711787,0.3226255834851003,0.14694825156166644,0.4272405839820547
88,0.008213150890193137,0.09913713071525829,0.2501201824431402,100,30,0.0,0,0,80,0.1030900135420434,0.1,0.3226968159805473,0.325,0.14678980401481645,0.14166666666666666,0.427423366462593,0.43333333333333335,0.008213150890193137,0.10735028160545142,1.0,0.1,0.325,0.14166666666666666,0.43333333333333335,0.11407259113864876,0.1072636420844053,0.0,0.08875122701444099,0.40317464953655385,0.1803845615974585,0.3276895618515465,0.055626318904975866,0.09361572063283496,1.0,0.0943756135072205,0.36408732476827693,0.16102561413206257,0.38051144759243993,0.0,0.09913713071525829,1.0,0.1030900135420434,0.3226968159805473,0.14678980401481645,0.427423366462593
89,0.007966756363487267,0.09938352524196414,0.2503665769698461,95,30,0.0,0,0,80,0.10299731313578205,0.1,0.3227659115011309,0.325,0.14663610989437184,0.14166666666666666,0.42760066546871517,0.43333333333333335,0.007966756363487267,0.10735028160545142,1.0,0.1,0.325,0.14166666666666666,0.43333333333333335,0.11415718973850966,0.1072636420844053,0.0,0.08875122701444099,0.40317464953655385,0.1803845615974585,0.3276895618515465,0.05571091750483678,0.09361572063283496,1.0,0.0943756135072205,0.36408732476827693,0.16102561413206257,0.38051144759243993,0.0,0.09938352524196414,1.0,0.10299731313578205,0.3227659115011309,0.14663610989437184,0.42760066546871517
90,0.007727753672582632,0.09962252793286878,0.2506055796607507,116,28,0.0,0,1,90,0.1029073937417086,0.1,0.322832934156097,0.325,0.14648702659754068,0.14166666666666666,0.4277726455046537,0.43333333333333335,0.007727753672582632,0.10735028160545142,1.0,0.1,0.325,0.14166666666666666,0.43333333333333335,0.15269654860740506,0.25231907654027386,1.0,0.004467165674760401,0.3355596585320171,0.09223070605708385,0.5677424697361387,0.08021215113999382,0.1798346790728626,1.0,0.0522335828373802,0.3302798292660085,0.11694868636187525,0.500537901534736,0.0,0.09962252793286878,1.0,0.1029073937417086,0.322832934156097,0.14648702659754068,0.4277726455046537
91,0.007495921062405313,0.09985436054304611,0.25083741227092804,88,28,0.0,0,0,90,0.10282017192945737,0.1,0.3228979461314138,0.325,0.1463424157996146,0.14166666666666666,0.4279394661395142,0.43333333333333335,0.007495921062405313,0.10735028160545142,1.0,0.1,0.325,0.14166666666666666,0.43333333333333335,0.15246471599722775,0.25231907654027386,1.0,0.004467165674760401,0.3355596585320171,0.09223070605708385,0.5677424697361387,0.07998031852981649,0.1798346790728626,1.0,0.0522335828373802,0.3302798292660085,0.11694868636187525,0.500537901534736,0.0,0.09985436054304611,1.0,0.10282017192945737,0.3228979461314138,0.1463424157996146,0.4279394661395142
92,0.0072710434305329336,0.10007923817491848,0.25106228990280044,107,27,0.0,0,0,90,0.10273556677157364,0.1,0.32296100774747155,0.325,0.14620214332562603,0.14166666666666666,0.42810128215532894,0.43333333333333335,0.0072710434305329336,0.10735028160545142,1.0,0.1,0.325,0.14166666666666666,0.43333333333333335,0.15223983836535537,0.25231907654027386,1.0,0.004467165674760401,0.3355596585320171,0.09223070605708385,0.5677424697361387,0.07975544089794412,0.1798346790728626,1.0,0.0522335828373802,0.3302798292660085,0.11694868636187525,0.500537901534736,0.0,0.10007923817491848,1.0,0.10273556677157364,0.32296100774747155,0.14620214332562603,0.42810128215532894
93,0.0070529121276170365,0.10029736947783438,0.2512804212057163,109,27,0.0,0,0,90,0.10265349976842644,0.1,0.3230221775150476,0.325,0.14606607902585725,0.14166666666666666,0.4282582436906687,0.43333333333333335,0.0070529121276170365,0.10735028160545142,1.0,0.1,0.325,0.14166666666666666,0.43333333333333335,0.15202170706243948,0.25231907654027386,1.0,0.004467165674760401,0.3355596585320171,0.09223070605708385,0.5677424697361387,0.07953730959502822,0.1798346790728626,1.0,0.0522335828373802,0.3302798292660085,0.11694868636187525,0.500537901534736,0.0,0.10029736947783438,1.0,0.10265349976842644,0.3230221775150476,0.14606607902585725,0.4282582436906687
94,0.006841324763788494,0.10050895684166292,0.25149200856954484,95,27,0.0,0,0,90,0.10257389477537364,0.1,0.32308151218959613,0.325,0.1459340966550816,0.14166666666666666,0.4284104963799488,0.43333333333333335,0.006841324763788494,0.10735028160545142,1.0,0.1,0.325,0.14166666666666666,0.43333333333333335,0.15181011969861094,0.25231907654027386,1.0,0.004467165674760401,0.3355596585320171,0.09223070605708385,0.5677424697361387,0.07932572223119967,0.1798346790728626,1.0,0.0522335828373802,0.3302798292660085,0.11694868636187525,0.500537901534736,0.0,0.10050895684166292,1.0,0.10257389477537364,0.32308151218959613,0.1459340966550816,0.4284104963799488
95,0.0066360850208748295,0.10071419658457659,0.25169724831245854,105,27,0.0,0,0,90,0.10249667793211245,0.1,0.3231390668239081,0.325,0.14580607375542912,0.14166666666666666,0.4285581814885505,0.43333333333333335,0.0066360850208748295,0.10735028160545142,1.0,0.1,0.325,0.14166666666666666,0.43333333333333335,0.15160487995569727,0.25231907654027386,1.0,0.004467165674760401,0.3355596585320171,0.09223070605708385,0.5677424697361387,0.07912048248828601,0.1798346790728626,1.0,0.0522335828373802,0.3302798292660085,0.11694868636187525,0.500537901534736,0.0,0.10071419658457659,1.0,0.10249667793211245,0.3231390668239081,0.14580607375542912,0.4285581814885505
96,0.006437002470248726,0.10091327913520269,0.2518963308630846,106,27,0.0,0,0,90,0.10242177759414903,0.1,0.3231948948191908,0.325,0.14568189154276634,0.14166666666666666,0.4287014360438938,0.43333333333333335,0.006437002470248726,0.10735028160545142,1.0,0.1,0.325,0.14166666666666666,0.43333333333333335,0.15140579740507115,0.25231907654027386,1.0,0.004467165674760401,0.3355596585320171,0.09223070605708385,0.5677424697361387,0.07892139993765991,0.1798346790728626,1.0,0.0522335828373802,0.3302798292660085,0.11694868636187525,0.500537901534736,0.0,0.10091327913520269,1.0,0.10242177759414903,0.3231948948191908,0.14568189154276634,0.4287014360438938
97,0.006243892396141211,0.1011063892093102,0.2520894409371921,102,27,0.0,0,0,90,0.10234912426632455,0.1,0.3232490479746151,0.325,0.1455614347964834,0.14166666666666666,0.4288403929625771,0.43333333333333335,0.006243892396141211,0.10735028160545142,1.0,0.1,0.325,0.14166666666666666,0.43333333333333335,0.15121268733096366,0.25231907654027386,1.0,0.004467165674760401,0.3355596585320171,0.09223070605708385,0.5677424697361387,0.07872828986355239,0.1798346790728626,1.0,0.0522335828373802,0.3302798292660085,0.11694868636187525,0.500537901534736,0.0,0.1011063892093102,1.0,0.10234912426632455,0.3232490479746151,0.1455614347964834,0.4288403929625771
98,0.006056575624257057,0.10129370598119436,0.2522767577090763,98,27,0.0,0,0,90,0.10227865053833482,0.1,0.3233015765353766,0.325,0.14544459175258892,0.14166666666666666,0.4289751811736997,0.43333333333333335,0.006056575624257057,0.10735028160545142,1.0,0.1,0.325,0.14166666666666666,0.43333333333333335,0.1510253705590795,0.25231907654027386,1.0,0.004467165674760401,0.3355596585320171,0.09223070605708385,0.5677424697361387,0.07854097309166824,0.1798346790728626,1.0,0.0522335828373802,0.3302798292660085,0.11694868636187525,0.500537901534736,0.0,0.10129370598119436,1.0,0.10227865053833482,0.3233015765353766,0.14544459175258892,0.4289751811736997
99,0.005874878355529273,0.10147540324992214,0.25245845497780406,81,27,0.0,0,0,90,0.10221029102218476,0.1,0.32335252923931534,0.325,0.14533125400001115,0.14166666666666666,0.4291059257384887,0.43333333333333335,0.005874878355529273,0.10735028160545142,1.0,0.1,0.325,0.14166666666666666,0.43333333333333335,0.1508436732903517,0.25231907654027386,1.0,0.004467165674760401,0.3355596585320171,0.09223070605708385,0.5677424697361387,0.07835927582294046,0.1798346790728626,1.0,0.0522335828373802,0.3302798292660085,0.11694868636187525,0.500537901534736,0.0,0.10147540324992214,1.0,0.10221029102218476,0.32335252923931534,0.14533125400001115,0.4291059257384887
100,0.45612073101301165,0.10165164960058806,0.25263470132847,115,7,0.0,0,1,100,0.1021439822915192,0.24333333333333335,0.32340195336213584,0.6383333333333333,0.1452213163800108,0.0,0.42923274796633415,0.11833333333333333,0.022287397679678293,0.10726694827211807,1.0,0.10716666666666666,0.3406666666666667,0.13458333333333333,0.4175833333333333,0.17123103253356997,0.0695793829329819,1.0,0.16809196345784091,0.25077349006625066,0.2505043677472591,0.3306301787286494,0.08280786693101999,0.019034711755257977,1.0,0.1376293150622538,0.29572007836645864,0.1925438505402962,0.37410675603099136,0.0,0.10165164960058806,1.0,0.1021439822915192,0.32340195336213584,0.1452213163800108,0.42923274796633415
101,0.2792726154481662,0.10179732427826896,0.2527803760061509,99,10,0.0,0,0,100,0.10208127684457499,0.26,0.3236461077072588,0.445,0.14513834714927412,0.028333333333333332,0.42913426829889206,0.26666666666666666,0.022105948781499532,0.10726694827211807,1.0,0.10716666666666666,0.3406666666666667,0.13458333333333333,0.4175833333333333,0.17137670721125087,0.0695793829329819,1.0,0.16809196345784091,0.25077349006625066,0.2505043677472591,0.3306301787286494,0.08295354160870089,0.019034711755257977,1.0,0.1376293150622538,0.29572007836645864,0.1925438505402962,0.37410675603099136,0.0,0.10179732427826896,1.0,0.10208127684457499,0.3236461077072588,0.14513834714927412,0.42913426829889206
102,0.11576327668359937,0.1019386287156192,0.25292168044350116,108,11,0.0,0,0,100,0.10202045256103918,0.105,0.323882937422028,0.43666666666666665,0.14505786699545958,0.085,0.42903874302147305,0.37333333333333335,0.021929943350266067,0.10726694827211807,1.0,0.10716666666666666,0.3406666666666667,0.13458333333333333,0.4175833333333333,0.17151801164860112,0.0695793829329819,1.0,0.16809196345784091,0.25077349006625066,0.2505043677472591,0.3306301787286494,0.08309484604605114,0.019034711755257977,1.0,0.1376293150622538,0.29572007836645864,0.1925438505402962,0.37410675603099136,0.0,0.1019386287156192,1.0,0.10202045256103918,0.323882937422028,0.14505786699545958,0.42903874302147305
103,0.12922067108797905,0.10207569401984909,0.253058745747731,133,14,0.0,0,0,100,0.10196145300600944,0.06,0.32411266224535423,0.4533333333333333,0.1449798012462595,0.11333333333333333,0.42894608350237673,0.37333333333333335,0.02175921808196963,0.10726694827211807,1.0,0.10716666666666666,0.3406666666666667,0.13458333333333333,0.4175833333333333,0.171655076952831,0.0695793829329819,1.0,0.16809196345784091,0.25077349006625066,0.2505043677472591,0.3306301787286494,0.08323191135028102,0.019034711755257977,1.0,0.1376293150622538,0.29572007836645864,0.1925438505402962,0.37410675603099136,0.0,0.10207569401984909,1.0,0.10196145300600944,0.32411266224535423,0.1449798012462595,0.42894608350237673
104,0.09781046289781327,0.10220864736495197,0.2531916990928339,108,18,0.0,0,0,100,0.10190422343763055,0.1,0.32433549532398054,0.26,0.14490407746953549,0.11333333333333333,0.4288562037688533,0.5266666666666666,0.0215936145717222,0.10726694827211807,1.0,0.10716666666666666,0.3406666666666667,0.13458333333333333,0.4175833333333333,0.17178803029793388,0.0695793829329819,1.0,0.16809196345784091,0.25077349006625066,0.2505043677472591,0.3306301787286494,0.0833648646953839,0.019034711755257977,1.0,0.1376293150622538,0.29572007836645864,0.1925438505402962,0.37410675603099136,0.0,0.10220864736495197,1.0,0.10190422343763055,0.32433549532398054,0.14490407746953549,0.4288562037688533
105,0.03334600282908288,0.10233761210970187,0.2533206638375838,90,21,0.0,0,0,100,0.10184871075630306,0.1,0.32455164341024817,0.325,0.14483062540611308,0.11333333333333333,0.42876902042733556,0.46166666666666667,0.02143297916678205,0.10726694827211807,1.0,0.10716666666666666,0.3406666666666667,0.13458333333333333,0.4175833333333333,0.17191699504268376,0.0695793829329819,1.0,0.16809196345784091,0.25077349006625066,0.2505043677472591,0.3306301787286494,0.0834938294401338,0.019034711755257977,1.0,0.1376293150622538,0.29572007836645864,0.1925438505402962,0.37410675603099136,0.0,0.10233761210970187,1.0,0.10184871075630306,0.32455164341024817,0.14483062540611308,0.42876902042733556
106,0.004810633087127716,0.1025396485183237,0.2535227002462056,105,22,0.0,0,0,100,0.10172128231050742,0.1,0.3245831196221001,0.325,0.14475601744328698,0.14166666666666666,0.42893958062410553,0.43333333333333335,0.02152893140072583,0.10726694827211807,1.0,0.10716666666666666,0.3406666666666667,0.13458333333333333,0.4175833333333333,0.17211903145130558,0.0695793829329819,1.0,0.16809196345784091,0.25077349006625066,0.2505043677472591,0.3306301787286494,0.08369586584875563,0.019034711755257977,1.0,0.1376293150622538,0.29572007836645864,0.1925438505402962,0.37410675603099136,0.0,0.1025396485183237,1.0,0.10172128231050742,0.3245831196221001,0.14475601744328698,0.42893958062410553
107,0.004666314094514026,0.10268396751093739,0.2536670192388193,92,23,0.0,0,0,100,0.10166964384119229,0.1,0.32459562603343706,0.325,0.14466333691998837,0.14166666666666666,0.42907139320538223,0.43333333333333335,0.021568063458703976,0.10726694827211807,1.0,0.10716666666666666,0.3406666666666667,0.13458333333333333,0.4175833333333333,0.17226335044391927,0.0695793829329819,1.0,0.16809196345784091,0.25077349006625066,0.2505043677472591,0.3306301787286494,0.08384018484136932,0.019034711755257977,1.0,0.1376293150622538,0.29572007836645864,0.1925438505402962,0.37410675603099136,0.0,0.10268396751093739,1.0,0.10166964384119229,0.32459562603343706,0.14466333691998837,0.42907139320538223
108,0.004526324671678482,0.10282395693377294,0.25380700866165484,110,24,0.0,0,0,100,0.10161955452595646,0.1,0.324607757252434,0.325,0.1445734368123887,0.14166666666666666,0.4291992514092209,0.43333333333333335,0.021606021554942907,0.10726694827211807,1.0,0.10716666666666666,0.3406666666666667,0.13458333333333333,0.4175833333333333,0.17240333986675482,0.0695793829329819,1.0,0.16809196345784091,0.25077349006625066,0.2505043677472591,0.3306301787286494,0.08398017426420487,0.019034711755257977,1.0,0.1376293150622538,0.29572007836645864,0.1925438505402962,0.37410675603099136,0.0,0.10282395693377294,1.0,0.10161955452595646,0.324607757252434,0.1445734368123887,0.4291992514092209
109,0.004390534931528085,0.10295974667392332,0.2539427984018052,96,24,0.0,0,0,100,0.10157096789017782,0.1,0.3246195245348612,0.325,0.1444862337080171,0.14166666666666666,0.42932327386694424,0.43333333333333335,0.021642840908294513,0.10726694827211807,1.0,0.10716666666666666,0.3406666666666667,0.13458333333333333,0.4175833333333333,0.17253912960690523,0.0695793829329819,1.0,0.16809196345784091,0.25077349006625066,0.2505043677472591,0.3306301787286494,0.08411596400435525,0.019034711755257977,1.0,0.1376293150622538,0.29572007836645864,0.1925438505402962,0.37410675603099136,0.0,0.10295974667392332,1.0,0.10157096789017782,0.3246195245348612,0.1444862337080171,0.42932327386694424
110,0.00425881888358242,0.103091462721869,0.25407451444975093,105,24,0.0,0,1,110,0.1015238388534725,0.1,0.324630938798815,0.325,0.14440164669677663,0.14166666666666666,0.429443575650936,0.43333333333333335,0.04267855568104589,0.11376694827211806,1.0,0.11341666666666667,0.35541666666666666,0.12183333333333334,0.4093333333333333,0.1749340117084619,0.14327456265798816,0.0,0.16726268935937136,0.41230415772890877,0.16592358896924583,0.254509563942474,0.09804531255851931,0.08794940474563913,0.0,0.140339678013019,0.3838604121977877,0.14387846115128958,0.3319214486379036,0.0,0.103091462721869,1.0,0.1015238388534725,0.324630938798815,0.14440164669677663,0.429443575650936
111,0.0041310543170748545,0.10321922728837657,0.25420227901625847,113,24,0.0,0,0,110,0.10147812368786828,0.1,0.32464201063485076,0.325,0.14431959729587332,0.14166666666666666,0.4295602683814078,0.43333333333333335,0.04271319901061438,0.11376694827211806,1.0,0.11341666666666667,0.35541666666666666,0.12183333333333334,0.4093333333333333,0.17505070443893372,0.14327456265798816,0.0,0.16726268935937136,0.41230415772890877,0.16592358896924583,0.254509563942474,0.0980799558880878,0.08794940474563913,0.0,0.140339678013019,0.3838604121977877,0.14387846115128958,0.3319214486379036,0.0,0.10321922728837657,1.0,0.10147812368786828,0.32464201063485076,0.14431959729587332,0.4295602683814078
112,0.004007122687562696,0.10334315891788873,0.25432621064577066,112,24,0.0,0,0,110,0.10143377997723228,0.1,0.32465275031580526,0.325,0.14424000937699707,0.14166666666666666,0.4296734603299654,0.43333333333333335,0.042746803040295794,0.11376694827211806,1.0,0.11341666666666667,0.35541666666666666,0.12183333333333334,0.4093333333333333,0.17516389638749139,0.14327456265798816,0.0,0.16726268935937136,0.41230415772890877,0.16592358896924583,0.254509563942474,0.09811355991776921,0.08794940474563913,0.0,0.140339678013019,0.3838604121977877,0.14387846115128958,0.3319214486379036,0.0,0.10334315891788873,1.0,0.10143377997723228,0.32465275031580526,0.14424000937699707,0.4296734603299654
113,0.0038869090069359666,0.10346337259851546,0.25444642432639736,104,24,0.0,0,0,110,0.10139076657791528,0.1,0.3246631678063308,0.325,0.1441628090956872,0.14166666666666666,0.42978325652006644,0.43333333333333335,0.04277939894908711,0.11376694827211806,1.0,0.11341666666666667,0.35541666666666666,0.12183333333333334,0.4093333333333333,0.17527369257759257,0.14327456265798816,0.0,0.16726268935937136,0.41230415772890877,0.16592358896924583,0.254509563942474,0.09814615582656053,0.08794940474563913,0.0,0.140339678013019,0.3838604121977877,0.14387846115128958,0.3319214486379036,0.0,0.10346337259851546,1.0,0.10139076657791528,0.3246631678063308,0.1441628090956872,0.42978325652006644
114,0.0037703017367277103,0.1035799798687237,0.25456303159660565,114,24,0.0,0,0,110,0.10134904358057786,0.1,0.3246732727721412,0.325,0.14408792482281652,0.14166666666666666,0.42988975882446445,0.43333333333333335,0.042811016980614285,0.11376694827211806,1.0,0.11341666666666667,0.35541666666666666,0.12183333333333334,0.4093333333333333,0.17538019488199041,0.14327456265798816,0.0,0.16726268935937136,0.41230415772890877,0.16592358896924583,0.254509563942474,0.09817777385808771,0.08794940474563913,0.0,0.140339678013019,0.3838604121977877,0.14387846115128958,0.3319214486379036,0.0,0.1035799798687237,1.0,0.10134904358057786,0.3246732727721412,0.14408792482281652,0.42988975882446445
115,0.0036571926846258943,0.10369308892082552,0.25467614064870747,92,24,0.0,0,0,110,0.1013085722731605,0.1,0.32468307458897677,0.325,0.14401528707813202,0.14166666666666666,0.42999306605973064,0.43333333333333335,0.04284168647119603,0.11376694827211806,1.0,0.11341666666666667,0.35541666666666666,0.12183333333333334,0.4093333333333333,0.17548350211725666,0.14327456265798816,0.0,0.16726268935937136,0.41230415772890877,0.16592358896924583,0.254509563942474,0.09820844334866946,0.08794940474563913,0.0,0.140339678013019,0.3838604121977877,0.14387846115128958,0.3319214486379036,0.0,0.10369308892082552,1.0,0.1013085722731605,0.32468307458897677,0.14401528707813202,0.42999306605973064
116,0.003547476904087153,0.10380280470136427,0.2547858564292462,93,24,0.0,0,0,110,0.10126931510496566,0.1,0.3246925823513076,0.325,0.14394482846578813,0.14166666666666666,0.43009327407793857,0.43333333333333335,0.04287143587706005,0.11376694827211806,1.0,0.11341666666666667,0.35541666666666666,0.12183333333333334,0.4093333333333333,0.1755837101354646,0.14327456265798816,0.0,0.16726268935937136,0.41230415772890877,0.16592358896924583,0.254509563942474,0.09823819275453347,0.08794940474563913,0.0,0.140339678013019,0.3838604121977877,0.14387846115128958,0.3319214486379036,0.0,0.10380280470136427,1.0,0.10126931510496566,0.3246925823513076,0.14394482846578813,0.43009327407793857
117,0.0034410525969645264,0.1039092290084869,0.2548922807363688,90,24,0.0,0,0,110,0.10123123565181667,0.1,0.32470180488076844,0.325,0.1438764836118144,0.14166666666666666,0.4301904758556003,0.43333333333333335,0.04290029280074811,0.11376694827211806,1.0,0.11341666666666667,0.35541666666666666,0.12183333333333334,0.4093333333333333,0.17568091191312638,0.14327456265798816,0.0,0.16726268935937136,0.41230415772890877,0.16592358896924583,0.254509563942474,0.0982690272176967,0.08794940474563913,0.0,0.140339678013019,0.3838604121977877,0.14387846115128958,0.3319214486379036,0.0,0.1039092290084869,1.0,0.10123123565181667,0.32470180488076844,0.1438764836118144,0.4301904758556003
118,0.003337821019055602,0.10401246058639582,0.25499551231427775,92,24,0.0,0,0,110,0.10119429858226218,0.1,0.32471075073434524,0.325,0.14381018910346002,0.14166666666666666,0.43028476157993245,0.43333333333333335,0.042928284016725854,0.11376694827211806,1.0,0.11341666666666667,0.35541666666666666,0.12183333333333334,0.4093333333333333,0.1757751976374585,0.14327456265798816,0.0,0.16726268935937136,0.41230415772890877,0.16592358896924583,0.254509563942474,0.09836331294202882,0.08794940474563913,0.0,0.140339678013019,0.3838604121977877,0.14387846115128958,0.3319214486379036,0.0,0.10401246058639582,1.0,0.10119429858226218,0.32471075073434524,0.14381018910346002,0.43028476157993245
119,0.0032376863884839985,0.10411259521696742,0.2550956469448493,108,24,0.0,0,0,110,0.10115846962479433,0.1,0.3247194282123147,0.325,0.14374588343035619,0.14166666666666666,0.4303762187325345,0.43333333333333335,0.042955435496224166,0.11376694827211806,1.0,0.11341666666666667,0.35541666666666666,0.12183333333333334,0.4093333333333333,0.17586665479006064,0.14327456265798816,0.0,0.16726268935937136,0.41230415772890877,0.16592358896924583,0.254509563942474,0.09845477009463098,0.08794940474563913,0.0,0.140339678013019,0.3838604121977877,0.14387846115128958,0.3319214486379036,0.0,0.10411259521696742,1.0,0.10115846962479433,0.3247194282123147,0.14374588343035619,0.4303762187325345
120,0.0031405557968294945,0.10420972580862192,0.2551927775365038,88,24,0.0,0,1,120,0.10112371553605048,0.1,0.3247278453659455,0.325,0.14368350692744553,0.14166666666666666,0.4304649321705582,0.43333333333333335,0.020148439098003866,0.11385028160545138,1.0,0.10625,0.33975,0.12891666666666668,0.4250833333333333,0.13105674154509234,0.1671920679978244,1.0,0.16565523948267186,0.25169719511105826,0.08565741563724054,0.4969901497690293,0.06540071358590842,0.10596469727544792,1.0,0.13595261974133593,0.2957235975555291,0.10728704115195362,0.4610367415511813,0.0,0.10420972580862192,1.0,0.10112371553605048,0.3247278453659455,0.14368350692744553,0.4304649321705582
121,0.0030463391229245754,0.10430394248252683,0.2552869942104088,92,24,0.0,0,0,120,0.10109000406996897,0.1,0.32473601000496716,0.325,0.14362300171962217,0.14166666666666666,0.4305509842054415,0.43333333333333335,0.02017398592506378,0.11385028160545138,1.0,0.10625,0.33975,0.12891666666666668,0.4250833333333333,0.13100440097629057,0.1671920679978244,1.0,0.16565523948267186,0.25169719511105826,0.08565741563724054,0.4969901497690293,0.06534837301710666,0.10596469727544792,1.0,0.13595261974133593,0.2957235975555291,0.10728704115195362,0.4610367415511813,0.0,0.10430394248252683,1.0,0.10109000406996897,0.32473601000496716,0.14362300171962217,0.4305509842054415
122,0.0029549489492367506,0.10439533265621467,0.2553783843840966,104,24,0.0,0,0,120,0.1010573039478699,0.1,0.32474392970481814,0.325,0.14356431166803357,0.14166666666666666,0.4306344546792785,0.43333333333333335,0.020198766347312033,0.11385028160545138,1.0,0.10625,0.33975,0.12891666666666668,0.4250833333333333,0.1309536306245528,0.1671920679978244,1.0,0.16565523948267186,0.25169719511105826,0.08565741563724054,0.4969901497690293,0.06529760266536888,0.10596469727544792,1.0,0.13595261974133593,0.2957235975555291,0.10728704115195362,0.4610367415511813,0.0,0.10439533265621467,1.0,0.1010573039478699,0.32474392970481814,0.14356431166803357,0.4306344546792785
123,0.002866300480759622,0.10448398112469179,0.2554670328525737,112,24,0.0,0,0,120,0.10102558482943381,0.1,0.32475161181367374,0.325,0.1435073823179925,0.14166666666666666,0.43071542103890004,0.43333333333333335,0.0202228033568925,0.11385028160545138,1.0,0.10625,0.33975,0.12891666666666668,0.4250833333333333,0.13090438338336738,0.1671920679978244,1.0,0.16565523948267186,0.25169719511105826,0.08565741563724054,0.4969901497690293,0.06524835542418345,0.10596469727544792,1.0,0.13595261974133593,0.2957235975555291,0.10728704115195362,0.4610367415511813,0.0,0.10448398112469179,1.0,0.10102558482943381,0.32475161181367374,0.1435073823179925,0.43071542103890004
124,0.00278031146633681,0.1045699701391146,0.2555530218669965,104,24,0.0,0,0,120,0.10099481728455076,0.1,0.3247590634592635,0.325,0.1434521608484528,0.14166666666666666,0.43079395840773316,0.43333333333333335,0.020246119256185864,0.11385028160545138,1.0,0.10625,0.33975,0.12891666666666668,0.4250833333333333,0.13085661355941736,0.1671920679978244,1.0,0.16565523948267186,0.25169719511105826,0.08565741563724054,0.4969901497690293,0.06520058560023342,0.10596469727544792,1.0,0.13595261974133593,0.2957235975555291,0.10728704115195362,0.4610367415511813,0.0,0.1045699701391146,1.0,0.10099481728455076,0.3247590634592635,0.1434521608484528,0.43079395840773316
125,0.002696902122346731,0.10465337948310469,0.2556364312109866,107,24,0.0,0,0,120,0.10096497276601424,0.1,0.3247662915554855,0.325,0.14339859602299915,0.14166666666666666,0.43087013965550114,0.43333333333333335,0.020268735678500287,0.11385028160545138,1.0,0.10625,0.33975,0.12891666666666668,0.4250833333333333,0.13081027683018578,0.1671920679978244,1.0,0.16565523948267186,0.25169719511105826,0.08565741563724054,0.4969901497690293,0.06515424887100187,0.10596469727544792,1.0,0.13595261974133593,0.2957235975555291,0.10728704115195362,0.4610367415511813,0.0,0.10465337948310469,1.0,0.10096497276601424,0.3247662915554855,0.14339859602299915,0.43087013965550114
126,0.002615995058676185,0.10473428654677523,0.25571733827465715,98,24,0.0,0,0,120,0.10093602358303383,0.1,0.3247733028088211,0.325,0.1433466381423091,0.14166666666666666,0.43094403546583615,0.43333333333333335,0.02029067360814516,0.11385028160545138,1.0,0.10625,0.33975,0.12891666666666668,0.4250833333333333,0.1307653302028313,0.1671920679978244,1.0,0.16565523948267186,0.25169719511105826,0.08565741563724054,0.4969901497690293,0.06510930224364736,0.10596469727544792,1.0,0.13595261974133593,0.2957235975555291,0.10728704115195362,0.4610367415511813,0.0,0.10473428654677523,1.0,0.10093602358303383,0.3247733028088211,0.1433466381423091,0.43094403546583615
127,0.002537515206915933,0.10481276639853548,0.2557958181264174,109,24,0.0,0,0,120,0.1009079428755428,0.1,0.3247801037245563,0.325,0.14329623899803987,0.14166666666666666,0.4310157144018612,0.43333333333333335,0.020311953399900988,0.11385028160545138,1.0,0.10625,0.33975,0.12891666666666668,0.4250833333333333,0.13072173197429723,0.1671920679978244,1.0,0.16565523948267186,0.25169719511105826,0.08565741563724054,0.4969901497690293,0.06506570401511332,0.10596469727544792,1.0,0.13595261974133593,0.2957235975555291,0.10728704115195362,0.4610367415511813,0.0,0.10481276639853548,1.0,0.1009079428755428,0.3247801037245563,0.14329623899803987,0.4310157144018612
128,0.00246138975070867,0.10488889185474275,0.25587194358262466,110,24,0.0,0,0,120,0.10088070458927662,0.1,0.32478670061281956,0.325,0.14324735182809864,0.14166666666666666,0.43108524296980505,0.43333333333333335,0.02033259479790376,0.11385028160545138,1.0,0.10625,0.33975,0.12891666666666668,0.4250833333333333,0.13067944169261944,0.1671920679978244,1.0,0.16565523948267186,0.25169719511105826,0.08565741563724054,0.4969901497690293,0.06502341373343551,0.10596469727544792,1.0,0.13595261974133593,0.2957235975555291,0.10728704115195362,0.4610367415511813,0.0,0.10488889185474275,1.0,0.10088070458927662,0.32478670061281956,0.14324735182809864,0.43108524296980505
129,0.002387548058187368,0.10496273354726404,0.255945785275146,98,24,0.0,0,0,120,0.10085428345159826,0.1,0.324793099594435,0.325,0.14319993127325578,0.14166666666666666,0.431152685680711,0.43333333333333335,0.020352616953966784,0.11385028160545138,1.0,0.10625,0.33975,0.12891666666666668,0.4250833333333333,0.13063842011939192,0.1671920679978244,1.0,0.16565523948267186,0.25169719511105826,0.08565741563724054,0.4969901497690293,0.06498239216020799,0.10596469727544792,1.0,0.13595261974133593,0.2957235975555291,0.10728704115195362,0.4610367415511813,0.0,0.10496273354726404,1.0,0.10085428345159826,0.324793099594435,0.14319993127325578,0.431152685680711
130,0.0023159216164417365,0.10503435998900967,0.25601741171689163,104,24,0.0,0,1,130,0.10082865494805031,0.1,0.32479930660660206,0.325,0.1431539333350581,0.14166666666666666,0.4312181051102896,0.43333333333333335,0.0023159216164417365,0.10735028160545142,1.0,0.1,0.325,0.14166666666666666,0.43333333333333335,0.1548407411774458,0.20385274558452182,1.0,0.16678417487968974,0.4136845278524084,0.004782925709452873,0.41474837155844896,0.0771063898113967,0.14240006464421343,1.0,0.13339208743984488,0.3693422639262042,0.07322479618805977,0.4240408524458912,0.0,0.10503435998900967,1.0,0.10082865494805031,0.32479930660660206,0.1431539333350581,0.4312181051102896
131,0.0022464439679485554,0.10510383763750286,0.2560868893653848,88,24,0.0,0,0,130,0.10080379529960884,0.1,0.32480532740840384,0.325,0.1431093153350063,0.14166666666666666,0.43128156195698086,0.43333333333333335,0.0022464439679485554,0.10735028160545142,1.0,0.1,0.325,0.14166666666666666,0.43333333333333335,0.15485958002408537,0.20385274558452182,1.0,0.16678417487968974,0.4136845278524084,0.004782925709452873,0.41474837155844896,0.07712522865803628,0.14240006464421343,1.0,0.13339208743984488,0.3693422639262042,0.07322479618805977,0.4240408524458912,0.0,0.10510383763750286,1.0,0.10080379529960884,0.32480532740840384,0.1431093153350063,0.43128156195698086
132,0.0021790506489100733,0.10517123095654135,0.2561542826844233,99,24,0.0,0,0,130,0.10077968144062056,0.1,0.32481116758615175,0.325,0.1430660358749561,0.14166666666666666,0.43134311509827145,0.43333333333333335,0.0021790506489100733,0.10735028160545142,1.0,0.1,0.325,0.14166666666666666,0.43333333333333335,0.15487785370532575,0.20385274558452182,1.0,0.16678417487968974,0.4136845278524084,0.004782925709452873,0.41474837155844896,0.07714350233927667,0.14240006464421343,1.0,0.13339208743984488,0.3693422639262042,0.07322479618805977,0.4240408524458912,0.0,0.10517123095654135,1.0,0.10077968144062056,0.32481116758615175,0.1430660358749561,0.43134311509827145
133,0.002113679129442679,0.10523660247600874,0.25621965420389065,105,24,0.0,0,0,130,0.1007562909974019,0.1,0.32481683255856714,0.325,0.14302405479870742,0.14166666666666666,0.4314028216453235,0.43333333333333335,0.002113679129442679,0.10735028160545142,1.0,0.1,0.325,0.14166666666666666,0.43333333333333335,0.1548955791761291,0.20385274558452182,1.0,0.16678417487968974,0.4136845278524084,0.004782925709452873,0.41474837155844896,0.07716122781008,0.14240006464421343,1.0,0.13339208743984488,0.3693422639262042,0.07322479618805977,0.4240408524458912,0.0,0.10523660247600874,1.0,0.1007562909974019,0.32481683255856714,0.14302405479870742,0.4314028216453235
134,0.002050268755559498,0.10530001284989192,0.25628306457777383,96,24,0.0,0,0,130,0.10073360226747985,0.1,0.3248223275818101,0.325,0.14298333315474618,0.14166666666666666,0.4314607369959636,0.43333333333333335,0.002050268755559498,0.10735028160545142,1.0,0.1,0.325,0.14166666666666666,0.43333333333333335,0.15491277288280805,0.20385274558452182,1.0,0.16678417487968974,0.4136845278524084,0.004782925709452873,0.41474837155844896,0.07717842151675895,0.14240006464421343,1.0,0.13339208743984488,0.3693422639262042,0.07322479618805977,0.4240408524458912,0.0,0.10530001284989192,1.0,0.10073360226747985,0.3248223275818101,0.14298333315474618,0.4314607369959636
135,0.001988760692892666,0.10536152091255875,0.2563445726404407,101,24,0.0,0,0,130,0.10071159419945547,0.1,0.32482765775435596,0.325,0.1429438331601038,0.14166666666666666,0.4315169148860847,0.43333333333333335,0.001988760692892666,0.10735028160545142,1.0,0.1,0.325,0.14166666666666666,0.43333333333333335,0.15492945077828668,0.20385274558452182,1.0,0.16678417487968974,0.4136845278524084,0.004782925709452873,0.41474837155844896,0.07719509941223758,0.14240006464421343,1.0,0.13339208743984488,0.3693422639262042,0.07322479618805977,0.4240408524458912,0.0,0.10536152091255875,1.0,0.10071159419945547,0.32482765775435596,0.1429438331601038,0.4315169148860847
136,0.0019290978721057117,0.1054211837333457,0.25640423546122765,114,24,0.0,0,0,130,0.10069024637347176,0.1,0.3248328280217254,0.325,0.14290551816530067,0.14166666666666666,0.4315714074395023,0.43333333333333335,0.0019290978721057117,0.10735028160545142,1.0,0.1,0.325,0.14166666666666666,0.43333333333333335,0.15494562833690104,0.20385274558452182,1.0,0.16678417487968974,0.4136845278524084,0.004782925709452873,0.41474837155844896,0.07721127697085194,0.14240006464421343,1.0,0.13339208743984488,0.3693422639262042,0.07322479618805977,0.4240408524458912,0.0,0.1054211837333457,1.0,0.10069024637347176,0.3248328280217254,0.14290551816530067,0.4315714074395023
137,0.0018712249359428765,0.10547905666950855,0.2564621083973905,113,24,0.0,0,0,130,0.10066953898226765,0.1,0.32483784318107317,0.325,0.14286835262034167,0.14166666666666666,0.4316242652163171,0.43333333333333335,0.0018712249359428765,0.10735028160545142,1.0,0.1,0.325,0.14166666666666666,0.43333333333333335,0.1549613205687571,0.20385274558452182,1.0,0.16678417487968974,0.4136845278524084,0.004782925709452873,0.41474837155844896,0.07722696920270802,0.14240006464421343,1.0,0.13339208743984488,0.3693422639262042,0.07322479618805977,0.4240408524458912,0.0,0.10547905666950855,1.0,0.10066953898226765,0.32483784318107317,0.14286835262034167,0.4316242652163171
138,0.0018150881878643624,0.10553519341758705,0.25651824514546895,105,24,0.0,0,0,130,0.10064945281279959,0.1,0.3248427078856414,0.325,0.14283230204173145,0.14166666666666666,0.4316755372598276,0.43333333333333335,0.0018150881878643624,0.10735028160545142,1.0,0.1,0.325,0.14166666666666666,0.43333333333333335,0.15497654203365718,0.20385274558452182,1.0,0.16678417487968974,0.4136845278524084,0.004782925709452873,0.41474837155844896,0.07724219066760807,0.14240006464421343,1.0,0.13339208743984488,0.3693422639262042,0.07322479618805977,0.4240408524458912,0.0,0.10553519341758705,1.0,0.10064945281279959,0.3248427078856414,0.14283230204173145,0.4316755372598276
139,0.0017606355422285155,0.10558964606322291,0.2565726977911048,97,24,0.0,0,0,130,0.10062996922841565,0.1,0.324847426649072,0.325,0.14279733298047945,0.14166666666666666,0.43172527114203274,0.43333333333333335,0.0017606355422285155,0.10735028160545142,1.0,0.1,0.325,0.14166666666666666,0.43333333333333335,0.1549913068546104,0.20385274558452182,1.0,0.16678417487968974,0.4136845278524084,0.004782925709452873,0.41474837155844896,0.07725695548856132,0.14240006464421343,1.0,0.13339208743984488,0.3693422639262042,0.07322479618805977,0.4240408524458912,0.0,0.10558964606322291,1.0,0.10062996922841565,0.324847426649072,0.14279733298047945,0.43172527114203274
140,0.0017078164759616113,0.1056424651294898,0.2566255168573718,111,24,0.0,0,1,140,0.10061107015156313,0.1,0.3248520038495998,0.325,0.14276341299106501,0.14166666666666666,0.43177351300777184,0.43333333333333335,0.0017078164759616113,0.10735028160545142,1.0,0.1,0.325,0.14166666666666666,0.43333333333333335,0.15582918876901652,0.14499997833988756,0.0,0.1663475677607615,0.41494469500941805,0.08558778764782059,0.33311994958199986,0.07768305738392675,0.1022159372344937,1.0,0.13317378388038076,0.36997234750470903,0.11362722715724363,0.3832266414576666,0.0,0.1056424651294898,1.0,0.10061107015156313,0.3248520038495998,0.14276341299106501,0.43177351300777184
141,0.0016565819816827532,0.10569369962376866,0.2566767513516506,102,24,0.0,0,0,140,0.10059273804701627,0.1,0.3248564437341119,0.325,0.14273051060133307,0.14166666666666666,0.43182030761753865,0.43333333333333335,0.0016565819816827532,0.10735028160545142,1.0,0.1,0.325,0.14166666666666666,0.43333333333333335,0.15584308098905134,0.14499997833988756,0.0,0.1663475677607615,0.41494469500941805,0.08558778764782059,0.33311994958199986,0.07769694960396156,0.1022159372344937,1.0,0.13317378388038076,0.36997234750470903,0.11362722715724363,0.3832266414576666,0.0,0.10569369962376866,1.0,0.10059273804701627,0.3248564437341119,0.14273051060133307,0.43182030761753865
142,0.0016068845222322464,0.10574339708321917,0.25672644881110107,98,24,0.0,0,0,140,0.10057495590560572,0.1,0.3248607504220885,0.325,0.1426985952832931,0.14166666666666666,0.4318656983890125,0.43333333333333335,0.0016068845222322464,0.10735028160545142,1.0,0.1,0.325,0.14166666666666666,0.43333333333333335,0.15585655644248525,0.14499997833988756,0.0,0.1663475677607615,0.41494469500941805,0.08558778764782059,0.33311994958199986,0.07771042505739546,0.1022159372344937,1.0,0.13317378388038076,0.36997234750470903,0.11362722715724363,0.3832266414576666,0.0,0.10574339708321917,1.0,0.10057495590560572,0.3248607504220885,0.1426985952832931,0.4318656983890125
143,0.0015586779865653863,0.10579160361888604,0.25677465534676797,100,24,0.0,0,0,140,0.10055770722843764,0.1,0.32486492790942595,0.325,0.1426676374247943,0.14166666666666666,0.4319097274373419,0.43333333333333335,0.0015586779865653863,0.10735028160545142,1.0,0.1,0.325,0.14166666666666666,0.43333333333333335,0.15586962763231588,0.14499997833988756,0.0,0.1663475677607615,0.41494469500941805,0.08558778764782059,0.33311994958199986,0.07772349624722608,0.1022159372344937,1.0,0.13317378388038076,0.36997234750470903,0.11362722715724363,0.3832266414576666,0.0,0.10579160361888604,1.0,0.10055770722843764,0.32486492790942595,0.1426676374247943,0.4319097274373419
144,0.0015119176469682721,0.10583836395848314,0.2568214156863651,101,24,0.0,0,0,140,0.10054097601158443,0.1,0.32486898007214304,0.325,0.14263760830205044,0.14166666666666666,0.431952435614222,0.43333333333333335,0.0015119176469682721,0.10735028160545142,1.0,0.1,0.325,0.14166666666666666,0.43333333333333335,0.15588230668645203,0.14499997833988756,0.0,0.1663475677607615,0.41494469500941805,0.08558778764782059,0.33311994958199986,0.07773617530136225,0.1022159372344937,1.0,0.13317378388038076,0.36997234750470903,0.11362722715724363,0.3832266414576666,0.0,0.10583836395848314,1.0,0.10054097601158443,0.32486898007214304,0.14263760830205044,0.431952435614222
145,0.0014665601175593568,0.10588372148789206,0.256866773215774,114,24,0.0,0,0,140,0.1005247467312369,0.1,0.32487291066997864,0.325,0.142608480052989,0.14166666666666666,0.43199386254579525,0.43333333333333335,0.0014665601175593568,0.10735028160545142,1.0,0.1,0.325,0.14166666666666666,0.43333333333333335,0.1558946053689639,0.14499997833988756,0.0,0.1663475677607615,0.41494469500941805,0.08558778764782059,0.33311994958199986,0.07774847398387413,0.1022159372344937,1.0,0.13317378388038076,0.36997234750470903,0.11362722715724363,0.3832266414576666,0.0,0.10588372148789206,1.0,0.1005247467312369,0.32487291066997864,0.142608480052989,0.43199386254579525
146,0.0014225633140326488,0.10592771829141877,0.2569107700193007,93,24,0.0,0,0,140,0.10050900432929982,0.1,0.3248767233498792,0.325,0.14258022565139936,0.14166666666666666,0.43203404666942136,0.43333333333333335,0.0014225633140326488,0.10735028160545142,1.0,0.1,0.325,0.14166666666666666,0.43333333333333335,0.1559065350910004,0.14499997833988756,0.0,0.1663475677607615,0.41494469500941805,0.08558778764782059,0.33311994958199986,0.07776040370591061,0.1022159372344937,1.0,0.13317378388038076,0.36997234750470903,0.11362722715724363,0.3832266414576666,0.0,0.10592771829141877,1.0,0.10050900432929982,0.3248767233498792,0.14258022565139936,0.43203404666942136
147,0.0013798864146116682,0.10597039519083976,0.2569534469187217,108,24,0.0,0,0,140,0.10049373419942086,0.1,0.3248804216493829,0.325,0.14255281888185736,0.14166666666666666,0.43207302526933866,0.43333333333333335,0.0013798864146116682,0.10735028160545142,1.0,0.1,0.325,0.14166666666666666,0.43333333333333335,0.1559181069213757,0.14499997833988756,0.0,0.1663475677607615,0.41494469500941805,0.08558778764782059,0.33311994958199986,0.0777719755362859,0.1022159372344937,1.0,0.13317378388038076,0.36997234750470903,0.11362722715724363,0.3832266414576666,0.0,0.10597039519083976,1.0,0.10049373419942086,0.3248804216493829,0.14255281888185736,0.43207302526933866
148,0.0013384898221733277,0.10601179178327809,0.25699484351116003,89,24,0.0,0,0,140,0.1004789221734382,0.1,0.32488400899990144,0.325,0.14252623431540162,0.14166666666666666,0.4321108345112584,0.43333333333333335,0.0013384898221733277,0.10735028160545142,1.0,0.1,0.325,0.14166666666666666,0.43333333333333335,0.15592933159683975,0.14499997833988756,0.0,0.1663475677607615,0.41494469500941805,0.08558778764782059,0.33311994958199986,0.07778320021174998,0.1022159372344937,1.0,0.13317378388038076,0.36997234750470903,0.11362722715724363,0.3832266414576666,0.0,0.10601179178327809,1.0,0.1004789221734382,0.32488400899990144,0.14252623431540162,0.4321108345112584
149,0.0012983351275079671,0.10605194647794344,0.25703499820582537,123,24,0.0,0,0,140,0.10046455450823509,0.1,0.32488748872990464,0.325,0.14250044728593964,0.14166666666666666,0.43214750947592084,0.43333333333333335,0.0012983351275079671,0.10735028160545142,1.0,0.1,0.325,0.14166666666666666,0.43333333333333335,0.15594021953203993,0.14499997833988756,0.0,0.1663475677607615,0.41494469500941805,0.08558778764782059,0.33311994958199986,0.07779408814695016,0.1022159372344937,1.0,0.13317378388038076,0.36997234750470903,0.11362722715724363,0.3832266414576666,0.0,0.10605194647794344,1.0,0.10046455450823509,0.32488748872990464,0.14250044728593964,0.43214750947592084
150,0.001259385073682763,0.10609089653176865,0.2570739482596506,108,24,0.0,0,1,150,0.10045061787298802,0.1,0.32489086406800743,0.325,0.1424754338673614,0.14166666666666666,0.43218308419164314,0.43333333333333335,0.001259385073682763,0.10735028160545142,1.0,0.1,0.325,0.14166666666666666,0.43333333333333335,0.17319957043753606,0.18415037292683262,1.0,0.0011934905682073032,0.25094842093525216,0.25019390480663356,0.4976641836899071,0.08677052618926578,0.11042671423588683,1.0,0.050596745284103656,0.28797421046762606,0.1959302857366501,0.46549875851162026,0.0,0.10609089653176865,1.0,0.10045061787298802,0.32489086406800743,0.1424754338673614,0.43218308419164314
151,0.0012216035214723461,0.10612867808397908,0.257111729811861,99,24,0.0,0,0,150,0.10043709933679838,0.1,0.3248941381459672,0.325,0.1424511708513406,0.14166666666666666,0.4322175916658938,0.43333333333333335,0.0012216035214723461,0.10735028160545142,1.0,0.1,0.325,0.14166666666666666,0.43333333333333335,0.17318932597930617,0.18415037292683262,1.0,0.0011934905682073032,0.25094842093525216,0.25019390480663356,0.4976641836899071,0.08676028173103592,0.11042671423588683,1.0,0.050596745284103656,0.28797421046762606,0.1959302857366501,0.46549875851162026,0.0,0.10612867808397908,1.0,0.10043709933679838,0.3248941381459672,0.1424511708513406,0.4322175916658938
152,0.0011849554158279985,0.10616532618962342,0.25714837791750533,95,24,0.0,0,0,150,0.10042398635669439,0.1,0.3248973140015881,0.325,0.14242763572580036,0.14166666666666666,0.43225106391591733,0.43333333333333335,0.0011849554158279985,0.10735028160545142,1.0,0.1,0.325,0.14166666666666666,0.43333333333333335,0.173179388854823,0.18415037292683262,1.0,0.0011934905682073032,0.25094842093525216,0.25019390480663356,0.4976641836899071,0.08675034460655273,0.11042671423588683,1.0,0.050596745284103656,0.28797421046762606,0.1959302857366501,0.46549875851162026,0.0,0.10616532618962342,1.0,0.10042398635669439,0.3248973140015881,0.14242763572580036,0.43225106391591733
153,0.0011494067533533436,0.10620087485209807,0.25718392657998,108,24,0.0,0,0,150,0.10041126676599363,0.1,0.3249003945815404,0.325,0.14240480665402633,0.14166666666666666,0.43228353199843955,0.43333333333333335,0.0011494067533533436,0.10735028160545142,1.0,0.1,0.325,0.14166666666666666,0.43333333333333335,0.17316974984407468,0.18415037292683262,1.0,0.0011934905682073032,0.25094842093525216,0.25019390480663356,0.4976641836899071,0.08674070559580441,0.11042671423588683,1.0,0.050596745284103656,0.28797421046762606,0.1959302857366501,0.46549875851162026,0.0,0.10620087485209807,1.0,0.10041126676599363,0.3249003945815404,0.14240480665402633,0.43228353199843955
154,0.001114924550752447,0.10623535705469897,0.2572184087825809,101,24,0.0,0,0,150,0.10039892876301379,0.1,0.32490338274409447,0.325,0.14238266245440548,0.14166666666666666,0.4323150260384866,0.43333333333333335,0.001114924550752447,0.10735028160545142,1.0,0.1,0.325,0.14166666666666666,0.43333333333333335,0.1731604000036487,0.18415037292683262,1.0,0.0011934905682073032,0.25094842093525216,0.25019390480663356,0.4976641836899071,0.08673135575537842,0.11042671423588683,1.0,0.050596745284103656,0.28797421046762606,0.1959302857366501,0.46549875851162026,0.0,0.10623535705469897,1.0,0.10039892876301379,0.32490338274409447,0.14238266245440548,0.4323150260384866
155,0.0010814768142301256,0.10626880479122129,0.2572518565191032,94,24,0.0,0,0,150,0.10038696090012336,0.1,0.32490628126177135,0.325,0.1423611825807734,0.14166666666666666,0.43234557525733186,0.43333333333333335,0.0010814768142301256,0.10735028160545142,1.0,0.1,0.325,0.14166666666666666,0.43333333333333335,0.17315133065843533,0.18415037292683262,1.0,0.0011934905682073032,0.25094842093525216,0.25019390480663356,0.4976641836899071,0.08672228641016505,0.11042671423588683,1.0,0.050596745284103656,0.28797421046762606,0.1959302857366501,0.46549875851162026,0.0,0.10626880479122129,1.0,0.10038696090012336,0.32490628126177135,0.1423611825807734,0.43234557525733186
156,0.0010490325098031841,0.10630124909564823,0.25728430082353015,116,24,0.0,0,0,150,0.10037535207311969,0.1,0.3249090928239184,0.325,0.14234034710335014,0.14166666666666666,0.43237520799961177,0.43333333333333335,0.0010490325098031841,0.10735028160545142,1.0,0.1,0.325,0.14166666666666666,0.43333333333333335,0.17314253339357868,0.18415037292683262,1.0,0.0011934905682073032,0.25094842093525216,0.25019390480663356,0.4976641836899071,0.08671348914530841,0.11042671423588683,1.0,0.050596745284103656,0.28797421046762606,0.1959302857366501,0.46549875851162026,0.0,0.10630124909564823,1.0,0.10037535207311969,0.3249090928239184,0.14234034710335014,0.43237520799961177
157,0.0010175615345092218,0.10633272007094219,0.25731577179882414,102,24,0.0,0,0,150,0.10036409151092608,0.1,0.32491182003920066,0.325,0.1423201366902497,0.14166666666666666,0.4324039517596234,0.43333333333333335,0.0010175615345092218,0.10735028160545142,1.0,0.1,0.325,0.14166666666666666,0.43333333333333335,0.17313400004666746,0.18415037292683262,1.0,0.0011934905682073032,0.25094842093525216,0.25019390480663356,0.4976641836899071,0.08670495579839715,0.11042671423588683,1.0,0.050596745284103656,0.28797421046762606,0.1959302857366501,0.46549875851162026,0.0,0.10633272007094219,1.0,0.10036409151092608,0.32491182003920066,0.1423201366902497,0.4324039517596234
158,0.0009870346884737827,0.10636324691697763,0.2573462986448596,107,24,0.0,0,0,150,0.10035316876559829,0.1,0.32491446543802477,0.325,0.14230053258954217,0.14166666666666666,0.4324318332068348,0.43333333333333335,0.0009870346884737827,0.10735028160545142,1.0,0.1,0.325,0.14166666666666666,0.43333333333333335,0.17312572270016363,0.18415037292683262,1.0,0.0011934905682073032,0.25094842093525216,0.25019390480663356,0.4976641836899071,0.08669667845189336,0.11042671423588683,1.0,0.050596745284103656,0.28797421046762606,0.1959302857366501,0.46549875851162026,0.0,0.10636324691697763,1.0,0.10035316876559829,0.32491446543802477,0.14230053258954217,0.4324318332068348
159,0.000957423647819873,0.10639285795763154,0.2573759096855135,108,24,0.0,0,0,150,0.1003425737026304,0.1,0.3249170314748838,0.325,0.14228151661185598,0.14166666666666666,0.4324588782106295,0.43333333333333335,0.000957423647819873,0.10735028160545142,1.0,0.1,0.325,0.14166666666666666,0.43333333333333335,0.173117693674055,0.18415037292683262,1.0,0.0011934905682073032,0.25094842093525216,0.25019390480663356,0.4976641836899071,0.08668864942578469,0.11042671423588683,1.0,0.050596745284103656,0.28797421046762606,0.1959302857366501,0.46549875851162026,0.0,0.10639285795763154,1.0,0.1003425737026304,0.3249170314748838,0.14228151661185598,0.4324588782106295
160,0.0009287009383850617,0.10642158066706636,0.25740463239494826,89,24,0.0,0,1,160,0.10033229649155147,0.1,0.32491952053063744,0.325,0.14226307111350023,0.14166666666666666,0.4324851118643108,0.43333333333333335,0.0009287009383850617,0.10735028160545142,1.0,0.1,0.325,0.14166666666666666,0.43333333333333335,0.1573226552305463,0.26374423589761264,1.0,0.0011197363074682313,0.33308376268756423,0.0841529760670372,0.5816435249379304,0.07912567808446566,0.18554725875153202,1.0,0.05055986815373412,0.3290418813437821,0.11290982136685193,0.5074884291356319,0.0,0.10642158066706636,1.0,0.10033229649155147,0.32491952053063744,0.14226307111350023,0.4324851118643108
161,0.0009008399102335349,0.10644944169521789,0.2574324934230998,112,24,0.0,0,0,160,0.10032232759680486,0.1,0.32492193491471827,0.325,0.14224517898009523,0.14166666666666666,0.43251055850838144,0.43333333333333335,0.0009008399102335349,0.10735028160545142,1.0,0.1,0.325,0.14166666666666666,0.43333333333333335,0.15729479420239478,0.26374423589761264,1.0,0.0011197363074682313,0.33308376268756423,0.0841529760670372,0.5816435249379304,0.07909781705631413,0.18554725875153202,1.0,0.05055986815373412,0.3290418813437821,0.11290982136685193,0.5074884291356319,0.0,0.10644944169521789,1.0,0.10032232759680486,0.32492193491471827,0.14224517898009523,0.43251055850838144
162,0.0008738147129265378,0.10647646689252488,0.25745951862040684,103,24,0.0,0,0,160,0.10031265776890078,0.1,0.3249242768672768,0.325,0.1422278236106925,0.14166666666666666,0.4325352417531301,0.43333333333333335,0.0008738147129265378,0.10735028160545142,1.0,0.1,0.325,0.14166666666666666,0.43333333333333335,0.15726776900508777,0.26374423589761264,1.0,0.0011197363074682313,0.33308376268756423,0.0841529760670372,0.5816435249379304,0.07907079185900714,0.18554725875153202,1.0,0.05055986815373412,0.3290418813437821,0.11290982136685193,0.5074884291356319,0.0,0.10647646689252488,1.0,0.10031265776890078,0.3249242768672768,0.1422278236106925,0.4325352417531301
163,0.0008476002715386774,0.10650268133391275,0.2574857330617947,101,24,0.0,0,0,160,0.10030327803583373,0.1,0.3249265485612584,0.325,0.1422109889023716,0.14166666666666666,0.43255918450053626,0.43333333333333335,0.0008476002715386774,0.10735028160545142,1.0,0.1,0.325,0.14166666666666666,0.43333333333333335,0.15724155456369993,0.26374423589761264,1.0,0.0011197363074682313,0.33308376268756423,0.0841529760670372,0.5816435249379304,0.07904457741761928,0.18554725875153202,1.0,0.05055986815373412,0.3290418813437821,0.11290982136685193,0.5074884291356319,0.0,0.10650268133391275,1.0,0.10030327803583373,0.3249265485612584,0.1422109889023716,0.43255918450053626
164,0.0008221722633926024,0.10652810934205881,0.25751116106994076,113,24,0.0,0,0,160,0.10029417969475875,0.1,0.3249287521044208,0.325,0.14219465923530047,0.14166666666666666,0.4325824089655199,0.43333333333333335,0.0008221722633926024,0.10735028160545142,1.0,0.1,0.325,0.14166666666666666,0.43333333333333335,0.15721612655555384,0.26374423589761264,1.0,0.0011197363074682313,0.33308376268756423,0.0841529760670372,0.5816435249379304,0.07901914940947322,0.18554725875153202,1.0,0.05055986815373412,0.3290418813437821,0.11290982136685193,0.5074884291356319,0.0,0.10652810934205881,1.0,0.10029417969475875,0.3249287521044208,0.14219465923530047,0.4325824089655199
165,0.0007975070954907293,0.10655277450996069,0.25753582623784266,122,24,0.0,0,0,160,0.10028535430391594,0.1,0.3249308895412884,0.325,0.14217881945824148,0.14166666666666666,0.43260493669655425,0.43333333333333335,0.0007975070954907293,0.10735028160545142,1.0,0.1,0.325,0.14166666666666666,0.43333333333333335,0.15719146138765197,0.26374423589761264,1.0,0.0011197363074682313,0.33308376268756423,0.0841529760670372,0.5816435249379304,0.07899448424157134,0.18554725875153202,1.0,0.05055986815373412,0.3290418813437821,0.11290982136685193,0.5074884291356319,0.0,0.10655277450996069,1.0,0.10028535430391594,0.3249308895412884,0.14217881945824148,0.43260493669655425
166,0.0007735818826259469,0.10657669972282546,0.2575597514507074,95,24,0.0,0,0,160,0.10027679367479848,0.1,0.3249329628550495,0.325,0.1421634548744942,0.14166666666666666,0.43262678859565795,0.43333333333333335,0.0007735818826259469,0.10735028160545142,1.0,0.1,0.325,0.14166666666666666,0.43333333333333335,0.15716753617478718,0.26374423589761264,1.0,0.0011197363074682313,0.33308376268756423,0.0841529760670372,0.5816435249379304,0.07897055902870656,0.18554725875153202,1.0,0.05055986815373412,0.3290418813437821,0.11290982136685193,0.5074884291356319,0.0,0.10657669972282546,1.0,0.10027679367479848,0.3249329628550495,0.1421634548744942,0.43262678859565795
167,0.0007503744261471643,0.10659990717930426,0.2575829589071862,109,24,0.0,0,0,160,0.10026848986455446,0.1,0.32493497396939797,0.325,0.14214855122825937,0.14166666666666666,0.4326479849377882,0.43333333333333335,0.0007503744261471643,0.10735028160545142,1.0,0.1,0.325,0.14166666666666666,0.43333333333333335,0.1571443287183084,0.26374423589761264,1.0,0.0011197363074682313,0.33308376268756423,0.0841529760670372,0.5816435249379304,0.07894735157222776,0.18554725875153202,1.0,0.05055986815373412,0.3290418813437821,0.11290982136685193,0.5074884291356319,0.0,0.10659990717930426,1.0,0.10026848986455446,0.32493497396939797,0.14214855122825937,0.4326479849377882
168,0.0007278631933629112,0.1066224184120885,0.2576054701399705,95,24,0.0,0,0,160,0.10026043516861784,0.1,0.32493692475031605,0.325,0.14213409469141167,0.14166666666666666,0.4326685453896543,0.43333333333333335,0.0007278631933629112,0.10735028160545142,1.0,0.1,0.325,0.14166666666666666,0.43333333333333335,0.15712181748552415,0.26374423589761264,1.0,0.0011197363074682313,0.33308376268756423,0.0841529760670372,0.5816435249379304,0.07892484033944352,0.18554725875153202,1.0,0.05055986815373412,0.3290418813437821,0.11290982136685193,0.5074884291356319,0.0,0.1066224184120885,1.0,0.10026043516861784,0.32493692475031605,0.14213409469141167,0.4326685453896543
169,0.0007060272975619036,0.10664425430788951,0.25762730603577144,116,24,0.0,0,0,160,0.10025262211355937,0.1,0.32493881700780664,0.325,0.1421200718506692,0.14166666666666666,0.4326884890279648,0.43333333333333335,0.0007060272975619036,0.10735028160545142,1.0,0.1,0.325,0.14166666666666666,0.43333333333333335,0.15709998158972316,0.26374423589761264,1.0,0.0011197363074682313,0.33308376268756423,0.0841529760670372,0.5816435249379304,0.07890300444364251,0.18554725875153202,1.0,0.05055986815373412,0.3290418813437821,0.11290982136685193,0.5074884291356319,0.0,0.10664425430788951,1.0,0.10025262211355937,0.32493881700780664,0.1421200718506692,0.4326884890279648
170,0.0006848464786351829,0.10666543512681623,0.2576484868546982,99,24,0.0,0,1,170,0.10024504345015257,0.1,0.32494065249757226,0.325,0.1421064696951492,0.14166666666666666,0.43270783435712584,0.43333333333333335,0.0006848464786351829,0.10735028160545142,1.0,0.1,0.325,0.14166666666666666,0.43333333333333335,0.34007061551720436,0.2947772247753862,1.0,0.24964991518891674,0.0011337826767624517,0.3327722134735895,0.4164440886607314,0.16969288451928458,0.13284411611376745,1.0,0.17482495759445837,0.16306689133838123,0.23721944007012807,0.4248887109970324,0.0,0.10666543512681623,1.0,0.10024504345015257,0.32494065249757226,0.1421064696951492,0.43270783435712584
171,0.0006643010842760713,0.10668598052117534,0.25766903224905724,110,24,0.0,0,0,170,0.10023769214664795,0.1,0.32494243292264524,0.325,0.1420932756042947,0.14166666666666666,0.43272659932641194,0.43333333333333335,0.0006643010842760713,0.10735028160545142,1.0,0.1,0.325,0.14166666666666666,0.43333333333333335,0.34009116091156344,0.2947772247753862,1.0,0.24964991518891674,0.0011337826767624517,0.3327722134735895,0.4164440886607314,0.1697134299136437,0.13284411611376745,1.0,0.17482495759445837,0.16306689133838123,0.23721944007012807,0.4248887109970324,0.0,0.10668598052117534,1.0,0.10023769214664795,0.32494243292264524,0.1420932756042947,0.43272659932641194
172,0.0006443720517479226,0.10670590955370349,0.2576889612815854,94,24,0.0,0,0,170,0.1002305613822486,0.1,0.3249441599349658,0.325,0.14208047733616586,0.14166666666666666,0.4327448013466195,0.43333333333333335,0.0006443720517479226,0.10735028160545142,1.0,0.1,0.325,0.14166666666666666,0.43333333333333335,0.34011108994409156,0.2947772247753862,1.0,0.24964991518891674,0.0011337826767624517,0.3327722134735895,0.4164440886607314,0.16973335894617184,0.13284411611376745,1.0,0.17482495759445837,0.16306689133838123,0.23721944007012807,0.4248887109970324,0.0,0.10670590955370349,1.0,0.1002305613822486,0.3249441599349658,0.14208047733616586,0.4327448013466195
173,0.0006250408901953483,0.10672524071525608,0.257708292443138,101,24,0.0,0,0,170,0.10022364454078105,0.1,0.3249458351369168,0.325,0.14206806301608094,0.14166666666666666,0.43276245730622115,0.43333333333333335,0.0006250408901953483,0.10735028160545142,1.0,0.1,0.325,0.14166666666666666,0.43333333333333335,0.3401304211056442,0.2947772247753862,1.0,0.24964991518891674,0.0011337826767624517,0.3327722134735895,0.4164440886607314,0.1697526901077244,0.13284411611376745,1.0,0.17482495759445837,0.16306689133838123,0.23721944007012807,0.4248887109970324,0.0,0.10672524071525608,1.0,0.10022364454078105,0.3249458351369168,0.14206806301608094,0.43276245730622115
174,0.0006062896634894191,0.10674399194196199,0.2577270436698439,107,24,0.0,0,0,170,0.10021693520455767,0.1,0.3249474600828096,0.325,0.14205602112559843,0.14166666666666666,0.43277958358703433,0.43333333333333335,0.0006062896634894191,0.10735028160545142,1.0,0.1,0.325,0.14166666666666666,0.43333333333333335,0.3401491723323501,0.2947772247753862,1.0,0.24964991518891674,0.0011337826767624517,0.3327722134735895,0.4164440886607314,0.1697714413344303,0.13284411611376745,1.0,0.17482495759445837,0.16306689133838123,0.23721944007012807,0.4248887109970324,0.0,0.10674399194196199,1.0,0.10021693520455767,0.3249474600828096,0.14205602112559843,0.43277958358703433
175,0.0005881009735849221,0.10676218063186649,0.25774523235974844,91,24,0.0,0,0,170,0.10021042714842095,0.1,0.32494903628032507,0.325,0.14204434049183054,0.14166666666666666,0.43279619607942327,0.43333333333333335,0.0005881009735849221,0.10735028160545142,1.0,0.1,0.325,0.14166666666666666,0.43333333333333335,0.3401673610222546,0.2947772247753862,1.0,0.24964991518891674,0.0011337826767624517,0.3327722134735895,0.4164440886607314,0.1697896300243348,0.13284411611376745,1.0,0.17482495759445837,0.16306689133838123,0.23721944007012807,0.4248887109970324,0.0,0.10676218063186649,1.0,0.10021042714842095,0.32494903628032507,0.14204434049183054,0.43279619607942327
176,0.0005704579443772742,0.10677982366107414,0.25776287538895604,105,24,0.0,0,0,170,0.1002041143339683,0.1,0.32495056519191523,0.325,0.1420330102770756,0.14166666666666666,0.4328123101970408,0.43333333333333335,0.0005704579443772742,0.10735028160545142,1.0,0.1,0.325,0.14166666666666666,0.43333333333333335,0.34018500405146224,0.2947772247753862,1.0,0.24964991518891674,0.0011337826767624517,0.3327722134735895,0.4164440886607314,0.16980727305354248,0.13284411611376745,1.0,0.17482495759445837,0.16306689133838123,0.23721944007012807,0.4248887109970324,0.0,0.10677982366107414,1.0,0.1002041143339683,0.32495056519191523,0.1420330102770756,0.4328123101970408
177,0.0005533442060457749,0.10679693739940564,0.2577799891272876,110,24,0.0,0,0,170,0.10019799090394924,0.1,0.32495204823615814,0.325,0.14202201996876335,0.14166666666666666,0.4328279408911296,0.43333333333333335,0.0005533442060457749,0.10735028160545142,1.0,0.1,0.325,0.14166666666666666,0.43333333333333335,0.34020211778979376,0.2947772247753862,1.0,0.24964991518891674,0.0011337826767624517,0.3327722134735895,0.4164440886607314,0.16982438679187398,0.13284411611376745,1.0,0.17482495759445837,0.16306689133838123,0.23721944007012807,0.4248887109970324,0.0,0.10679693739940564,1.0,0.10019799090394924,0.32495204823615814,0.14202201996876335,0.4328279408911296
178,0.0005367438798645971,0.10681353772558683,0.2577965894534687,95,24,0.0,0,0,170,0.10019205117683076,0.1,0.32495348678907326,0.325,0.14201135936970047,0.14166666666666666,0.43284310266439546,0.43333333333333335,0.0005367438798645971,0.10735028160545142,1.0,0.1,0.325,0.14166666666666666,0.43333333333333335,0.3402187181159749,0.2947772247753862,1.0,0.24964991518891674,0.0011337826767624517,0.3327722134735895,0.4164440886607314,0.16984098711805515,0.13284411611376745,1.0,0.17482495759445837,0.16306689133838123,0.23721944007012807,0.4248887109970324,0.0,0.10681353772558683,1.0,0.10019205117683076,0.32495348678907326,0.14201135936970047,0.43284310266439546
179,0.0005206415634686004,0.10682964004198281,0.25781269176986477,93,24,0.0,0,0,170,0.10018628964152589,0.1,0.3249548821854011,0.325,0.1420010185886094,0.14166666666666666,0.4328578095844637,0.43333333333333335,0.0005206415634686004,0.10735028160545142,1.0,0.1,0.325,0.14166666666666666,0.43333333333333335,0.3402348204323709,0.2947772247753862,1.0,0.24964991518891674,0.0011337826767624517,0.3327722134735895,0.4164440886607314,0.16985708943445113,0.13284411611376745,1.0,0.17482495759445837,0.16306689133838123,0.23721944007012807,0.4248887109970324,0.0,0.10682964004198281,1.0,0.10018628964152589,0.3249548821854011,0.1420010185886094,0.4328578095844637
180,0.0005050223165645323,0.10684525928888688,0.25782831101676884,97,24,0.0,0,1,180,0.10018070095228007,0.1,0.32495623571983895,0.325,0.1419909880309511,0.14166666666666666,0.43287207529692984,0.43333333333333335,0.0005050223165645323,0.10735028160545142,1.0,0.1,0.325,0.14166666666666666,0.43333333333333335,0.32401263185632107,0.3363313545067824,1.0,0.16656046162785162,0.0009436038635179219,0.16727172037582294,0.6652242141328075,0.16198443378808003,0.19420672945733702,1.0,0.13328023081392582,0.16297180193175898,0.1544691935212448,0.5492787737330704,0.0,0.10684525928888688,1.0,0.10018070095228007,0.32495623571983895,0.1419909880309511,0.43287207529692984
181,0.0004898716470675968,0.10686040995838382,0.25784346168626576,102,24,0.0,0,0,180,0.10017527992371167,0.1,0.3249575486482437,0.325,0.1419812583900226,0.14166666666666666,0.43288591303802204,0.43333333333333335,0.0004898716470675968,0.10735028160545142,1.0,0.1,0.325,0.14166666666666666,0.43333333333333335,0.3240139447847258,0.3363313545067824,1.0,0.16656046162785162,0.0009436038635179219,0.16727172037582294,0.6652242141328075,0.16198574671648475,0.19420672945733702,1.0,0.13328023081392582,0.16297180193175898,0.1544691935212448,0.5492787737330704,0.0,0.10686040995838382,1.0,0.10017527992371167,0.3249575486482437,0.1419812583900226,0.43288591303802204
182,0.00047517549765563327,0.10687510610779578,0.25785815783567767,111,24,0.0,0,0,180,0.10017002152600038,0.1,0.3249588221887964,0.325,0.14197182063832198,0.14166666666666666,0.4328993356468814,0.43333333333333335,0.00047517549765563327,0.10735028160545142,1.0,0.1,0.325,0.14166666666666666,0.43333333333333335,0.3240152183252784,0.3363313545067824,1.0,0.16656046162785162,0.0009436038635179219,0.16727172037582294,0.6652242141328075,0.16198702025703737,0.19420672945733702,1.0,0.13328023081392582,0.16297180193175898,0.1544691935212448,0.5492787737330704,0.0,0.10687510610779578,1.0,0.10017002152600038,0.3249588221887964,0.14197182063832198,0.4328993356468814
183,0.0004609202327258699,0.10688936137272555,0.2578724131006075,92,24,0.0,0,0,180,0.10016492088022036,0.1,0.32496005752313256,0.325,0.14196266601917223,0.14166666666666666,0.432912355577475,0.43333333333333335,0.0004609202327258699,0.10735028160545142,1.0,0.1,0.325,0.14166666666666666,0.43333333333333335,0.32401645365961457,0.3363313545067824,1.0,0.16656046162785162,0.0009436038635179219,0.16727172037582294,0.6652242141328075,0.16198825559137353,0.19420672945733702,1.0,0.13328023081392582,0.16297180193175898,0.1544691935212448,0.5492787737330704,0.0,0.10688936137272555,1.0,0.10016492088022036,0.32496005752313256,0.14196266601917223,0.432912355577475
184,0.0004470926257443275,0.10690318897970709,0.25788624070758903,105,24,0.0,0,0,180,0.10015997325381373,0.1,0.3249612557974384,0.325,0.14195378603859715,0.14166666666666666,0.4329249849101505,0.43333333333333335,0.0004470926257443275,0.10735028160545142,1.0,0.1,0.325,0.14166666666666666,0.43333333333333335,0.32401765193392057,0.3363313545067824,1.0,0.16656046162785162,0.0009436038635179219,0.16727172037582294,0.6652242141328075,0.16198945386567953,0.19420672945733702,1.0,0.13328023081392582,0.16297180193175898,0.1544691935212448,0.5492787737330704,0.0,0.10690318897970709,1.0,0.10015997325381373,0.3249612557974384,0.14195378603859715,0.4329249849101505
185,0.0004336798469718253,0.10691660175847958,0.2578996534863615,102,24,0.0,0,0,180,0.10015517405619927,0.1,0.3249624181235155,0.325,0.1419451724574391,0.14166666666666666,0.4329372353628459,0.43333333333333335,0.0004336798469718253,0.10735028160545142,1.0,0.1,0.325,0.14166666666666666,0.43333333333333335,0.3240188142599977,0.3363313545067824,1.0,0.16656046162785162,0.0009436038635179219,0.16727172037582294,0.6652242141328075,0.16199061619175664,0.19420672945733702,1.0,0.13328023081392582,0.16297180193175898,0.1544691935212448,0.5492787737330704,0.0,0.10691660175847958,1.0,0.10015517405619927,0.3249624181235155,0.1419451724574391,0.4329372353628459
186,0.00042066945156258445,0.10692961215388883,0.2579126638817708,101,24,0.0,0,0,180,0.10015051883451333,0.1,0.32496354557980994,0.325,0.14193681728371596,0.14166666666666666,0.43294911830196087,0.43333333333333335,0.00042066945156258445,0.10735028160545142,1.0,0.1,0.325,0.14166666666666666,0.43333333333333335,0.324019941716292,0.3363313545067824,1.0,0.16656046162785162,0.0009436038635179219,0.16727172037582294,0.6652242141328075,0.16199174364805094,0.19420672945733702,1.0,0.13328023081392582,0.16297180193175898,0.1544691935212448,0.5492787737330704,0.0,0.10692961215388883,1.0,0.10015051883451333,0.32496354557980994,0.14193681728371596,0.43294911830196087
187,0.00040804936801591,0.10694223223743551,0.25792528396531744,95,24,0.0,0,0,180,0.10014600326947794,0.1,0.32496463921241553,0.325,0.14192871276520458,0.14166666666666666,0.43296064475290186,0.43333333333333335,0.00040804936801591,0.10735028160545142,1.0,0.1,0.325,0.14166666666666666,0.43333333333333335,0.32402103534889765,0.3363313545067824,1.0,0.16656046162785162,0.0009436038635179219,0.16727172037582294,0.6652242141328075,0.1619928372806566,0.19420672945733702,1.0,0.13328023081392582,0.16297180193175898,0.1544691935212448,0.5492787737330704,0.0,0.10694223223743551,1.0,0.10014600326947794,0.32496463921241553,0.14192871276520458,0.43296064475290186
188,0.0003958078869753523,0.10695447371847606,0.257937525446358,106,24,0.0,0,0,180,0.10014162317139358,0.1,0.32496570003604314,0.325,0.14192085138224844,0.14166666666666666,0.43297182541031487,0.43333333333333335,0.0003958078869753523,0.10735028160545142,1.0,0.1,0.325,0.14166666666666666,0.43333333333333335,0.3240220961725252,0.3363313545067824,1.0,0.16656046162785162,0.0009436038635179219,0.16727172037582294,0.6652242141328075,0.16199389810428416,0.19420672945733702,1.0,0.13328023081392582,0.16297180193175898,0.1544691935212448,0.5492787737330704,0.0,0.10695447371847606,1.0,0.10014162317139358,0.32496570003604314,0.14192085138224844,0.43297182541031487
189,0.0003839336503659585,0.10696634795508546,0.2579493996829674,83,24,0.0,0,0,180,0.10013737447625173,0.1,0.32496672903496193,0.325,0.1419132258407808,0.14166666666666666,0.4329826706480054,0.43333333333333335,0.0003839336503659585,0.10735028160545142,1.0,0.1,0.325,0.14166666666666666,0.43333333333333335,0.32402312517144405,0.3363313545067824,1.0,0.16656046162785162,0.0009436038635179219,0.16727172037582294,0.6652242141328075,0.16199492710320304,0.19420672945733702,1.0,0.13328023081392582,0.16297180193175898,0.1544691935212448,0.5492787737330704,0.0,0.10696634795508546,1.0,0.10013737447625173,0.32496672903496193,0.1419132258407808,0.4329826706480054
190,0.0003724156408550089,0.10697786596459641,0.2579609176924783,97,24,0.0,0,1,190,0.10013325324196426,0.1,0.3249677271639131,0.325,0.1419058290655575,0.14166666666666666,0.43299319052856533,0.43333333333333335,0.0003724156408550089,0.10735028160545142,1.0,0.1,0.325,0.14166666666666666,0.43333333333333335,0.09130664228882596,0.14435676981660786,1.0,0.08355368860503186,0.25024064951201946,0.16677684779060745,0.49942881409234124,0.04570381134735163,0.11130902943710391,1.0,0.09177684430251593,0.28762032475600974,0.15422175722863707,0.4663810737128373,0.0,0.10697786596459641,1.0,0.10013325324196426,0.3249677271639131,0.1419058290655575,0.43299319052856533
191,0.00036124317162949254,0.10698903843382193,0.25797209016170386,111,24,0.0,0,0,190,0.10012925564470528,0.1,0.3249686953489954,0.325,0.14189865419359082,0.14166666666666666,0.4330033948127084,0.43333333333333335,0.00036124317162949254,0.10735028160545142,1.0,0.1,0.325,0.14166666666666666,0.43333333333333335,0.09130361287664943,0.14435676981660786,1.0,0.08355368860503186,0.25024064951201946,0.16677684779060745,0.49942881409234124,0.04570078193517511,0.11130902943710391,1.0,0.09177684430251593,0.28762032475600974,0.15422175722863707,0.4663810737128373,0.0,0.10698903843382193,1.0,0.10012925564470528,0.3249686953489954,0.14189865419359082,0.4330033948127084
192,0.00035040587648051125,0.1069998757289709,0.2579829274568528,95,24,0.0,0,0,190,0.10012537797536414,0.1,0.3249696344885258,0.325,0.1418916945677831,0.14166666666666666,0.43301329296832713,0.43333333333333335,0.00035040587648051125,0.10735028160545142,1.0,0.1,0.325,0.14166666666666666,0.43333333333333335,0.09130067434683853,0.14435676981660786,1.0,0.08355368860503186,0.25024064951201946,0.16677684779060745,0.49942881409234124,0.0456978434053642,0.11130902943710391,1.0,0.09177684430251593,0.28762032475600974,0.15422175722863707,0.4663810737128373,0.0,0.1069998757289709,1.0,0.10012537797536414,0.3249696344885258,0.1418916945677831,0.43301329296832713
193,0.0003398937001861113,0.1070103879052653,0.25799343963314725,91,24,0.0,0,0,190,0.10012161663610322,0.1,0.32497054545387,0.325,0.14188494373074956,0.14166666666666666,0.43302289417927725,0.43333333333333335,0.0003398937001861113,0.10735028160545142,1.0,0.1,0.325,0.14166666666666666,0.43333333333333335,0.09129782397292188,0.14435676981660786,1.0,0.08355368860503186,0.25024064951201946,0.16677684779060745,0.49942881409234124,0.04569499303144757,0.11130902943710391,1.0,0.09177684430251593,0.28762032475600974,0.15422175722863707,0.4663810737128373,0.0,0.1070103879052653,1.0,0.10012161663610322,0.32497054545387,0.14188494373074956,0.43302289417927725
194,0.000329696889180435,0.10702058471627099,0.2580036364441529,104,24,0.0,0,0,190,0.1001179681370201,0.1,0.32497142909025384,0.325,0.14187839541882705,0.14166666666666666,0.43303220735389913,0.43333333333333335,0.000329696889180435,0.10735028160545142,1.0,0.1,0.325,0.14166666666666666,0.43333333333333335,0.09129505911022257,0.14435676981660786,1.0,0.08355368860503186,0.25024064951201946,0.16677684779060745,0.49942881409234124,0.045692228168748246,0.11130902943710391,1.0,0.09177684430251593,0.28762032475600974,0.15422175722863707,0.4663810737128373,0.0,0.10702058471627099,1.0,0.1001179681370201,0.32497142909025384,0.14187839541882705,0.43303220735389913
195,0.0003198059825051183,0.10703047562294629,0.2580135273508282,94,24,0.0,0,0,190,0.1001144290929095,0.1,0.3249722862175462,0.325,0.14187204355626232,0.14166666666666666,0.4330412411332821,0.43333333333333335,0.0003198059825051183,0.10735028160545142,1.0,0.1,0.325,0.14166666666666666,0.43333333333333335,0.09129237719340434,0.14435676981660786,1.0,0.08355368860503186,0.25024064951201946,0.16677684779060745,0.49942881409234124,0.04568954625193002,0.11130902943710391,1.0,0.09177684430251593,0.28762032475600974,0.15422175722863707,0.4663810737128373,0.0,0.10703047562294629,1.0,0.1001144290929095,0.3249722862175462,0.14187204355626232,0.4330412411332821
196,0.0003102118030299805,0.10704006980242144,0.2580231215303034,111,24,0.0,0,0,190,0.10011099622012223,0.1,0.3249731176310199,0.325,0.14186588224957442,0.14166666666666666,0.4330500038992835,0.43333333333333335,0.0003102118030299805,0.10735028160545142,1.0,0.1,0.325,0.14166666666666666,0.43333333333333335,0.09128977573409078,0.14435676981660786,1.0,0.08355368860503186,0.25024064951201946,0.16677684779060745,0.49942881409234124,0.045686944792616466,0.11130902943710391,1.0,0.09177684430251593,0.28762032475600974,0.15422175722863707,0.4663810737128373,0.0,0.10704006980242144,1.0,0.10011099622012223,0.3249731176310199,0.14186588224957442,0.4330500038992835
197,0.000300905448939133,0.10704937615651228,0.2580324278843942,89,24,0.0,0,0,190,0.10010766633351857,0.1,0.3249739241020891,0.325,0.14185990578208713,0.14166666666666666,0.43305850378230504,0.43333333333333335,0.000300905448939133,0.10735028160545142,1.0,0.1,0.325,0.14166666666666666,0.43333333333333335,0.09128725231855643,0.14435676981660786,1.0,0.08355368860503186,0.25024064951201946,0.16677684779060745,0.49942881409234124,0.04568442137708211,0.11130902943710391,1.0,0.09177684430251593,0.28762032475600974,0.15422175722863707,0.4663810737128373,0.0,0.10704937615651228,1.0,0.10010766633351857,0.3249739241020891,0.14185990578208713,0.43305850378230504
198,0.0002918782854707952,0.10705840331998062,0.2580414550478626,96,24,0.0,0,0,190,0.10010443634351299,0.1,0.3249747063790266,0.325,0.14185410860862444,0.14166666666666666,0.43306674866883593,0.43333333333333335,0.0002918782854707952,0.10735028160545142,1.0,0.1,0.325,0.14166666666666666,0.43333333333333335,0.0912848046054883,0.14435676981660786,1.0,0.08355368860503186,0.25024064951201946,0.16677684779060745,0.49942881409234124,0.04568197366401397,0.11130902943710391,1.0,0.09177684430251593,0.28762032475600974,0.15422175722863707,0.4663810737128373,0.0,0.10705840331998062,1.0,0.10010443634351299,0.3249747063790266,0.14185410860862444,0.43306674866883593
199,0.0002831219369067231,0.10706715966854469,0.2580502113964266,112,24,0.0,0,0,190,0.10010130325320755,0.1,0.32497546518765574,0.325,0.14184848535036584,0.14166666666666666,0.4330747462087709,0.43333333333333335,0.0002831219369067231,0.10735028160545142,1.0,0.1,0.325,0.14166666666666666,0.43333333333333335,0.09128243032381196,0.14435676981660786,1.0,0.08355368860503186,0.25024064951201946,0.16677684779060745,0.49942881409234124,0.04567959938233764,0.11130902943710391,1.0,0.09177684430251593,0.28762032475600974,0.15422175722863707,0.4663810737128373,0.0,0.10706715966854469,1.0,0.10010130325320755,0.32497546518765574,0.14184848535036584,0.4330747462087709
200,0.02169046543464049,0.10707565332665192,0.2580587050545339,95,20,0.0,0,1,200,0.10009826415561134,0.1,0.3249762012320262,0.3466666666666667,0.14184303078985483,0.14166666666666666,0.4330825038225077,0.4116666666666667,0.001107132101307147,0.10735028160545142,1.0,0.1,0.32608333333333334,0.14166666666666666,0.43225,0.11635598135021825,0.12055132571821504,0.0,0.08349409222458772,0.4164623331703637,0.16671288020173558,0.33333069440331303,0.05864337466416863,0.10308012872562308,1.0,0.09174704611229387,0.3712728332518485,0.15418977343420112,0.3827903472016565,0.0,0.10707565332665192,1.0,0.10009826415561134,0.3249762012320262,0.14184303078985483,0.4330825038225077
201,0.17335641813826808,0.1070838921750159,0.25806694390289786,89,19,0.0,0,0,200,0.100095316230943,0.1,0.3249769151950653,0.49833333333333335,0.1418377398661592,0.14166666666666666,0.4330900287078326,0.26,0.0011064181382680754,0.10735028160545142,1.0,0.1,0.32608333333333334,0.14166666666666666,0.43225,0.11636055831087483,0.12055132571821504,0.0,0.08349409222458772,0.4164623331703637,0.16671288020173558,0.33333069440331303,0.058647951624825195,0.10308012872562308,1.0,0.09174704611229387,0.3712728332518485,0.15418977343420112,0.3827903472016565,0.0,0.1070838921750159,1.0,0.100095316230943,0.3249769151950653,0.1418377398661592,0.4330900287078326
202,0.17335572559411994,0.10709188385792878,0.25807493558581074,81,17,0.0,0,0,200,0.10009245674401472,0.08,0.32497760773921325,0.49833333333333335,0.14183260767017444,0.14166666666666666,0.4330973278465973,0.28,0.0011057255941199426,0.10735028160545142,1.0,0.1,0.32608333333333334,0.14166666666666666,0.43225,0.11636499796271144,0.12055132571821504,0.0,0.08349409222458772,0.4164623331703637,0.16671288020173558,0.33333069440331303,0.05865239127666181,0.10308012872562308,1.0,0.09174704611229387,0.3712728332518485,0.15418977343420112,0.3827903472016565,0.0,0.10709188385792878,1.0,0.10009245674401472,0.32497760773921325,0.14183260767017444,0.4330973278465973
203,0.056917312481763405,0.10709963579035467,0.2580826875182366,80,17,0.0,0,0,200,0.10008968304169434,0.1,0.32497827950703695,0.375,0.1418276294400692,0.085,0.43310440801119976,0.44,0.0011050538262964912,0.10735028160545142,1.0,0.1,0.32608333333333334,0.14166666666666666,0.43225,0.11636930442499324,0.12055132571821504,0.0,0.08349409222458772,0.4164623331703637,0.16671288020173558,0.33333069440331303,0.058656697738943615,0.10308012872562308,1.0,0.09174704611229387,0.3712728332518485,0.15418977343420112,0.3827903472016565,0.0,0.10709963579035467,1.0,0.10008968304169434,0.32497827950703695,0.1418276294400692,0.43310440801119976
204,0.2597779424375303,0.10710715516480748,0.2580902068926894,82,18,0.0,0,0,200,0.10008699255044348,0.215,0.3249789311218258,0.44,0.14182280055686705,0.17166666666666666,0.43311127577086356,0.17333333333333334,0.0011044022115074686,0.10735028160545142,1.0,0.1,0.32608333333333334,0.14166666666666666,0.43225,0.11637348169340636,0.12055132571821504,0.0,0.08349409222458772,0.4164623331703637,0.16671288020173558,0.33333069440331303,0.05866087500735673,0.10308012872562308,1.0,0.09174704611229387,0.3712728332518485,0.15418977343420112,0.3827903472016565,0.0,0.10710715516480748,1.0,0.10008699255044348,0.3249789311218258,0.14182280055686705,0.43311127577086356
205,0.08645127083107083,0.10711444895802663,0.25809750068590853,98,18,0.0,0,0,200,0.10008438277393017,0.12833333333333333,0.32497956318817106,0.325,0.14181811654016113,0.2,0.43311793749773736,0.3466666666666667,0.0011037701451621224,0.10735028160545142,1.0,0.1,0.32608333333333334,0.14166666666666666,0.43225,0.11637753364376693,0.12055132571821504,0.0,0.08349409222458772,0.4164623331703637,0.16671288020173558,0.33333069440331303,0.0586649269577173,0.10308012872562308,1.0,0.09174704611229387,0.3712728332518485,0.15418977343420112,0.3827903472016565,0.0,0.10711444895802663,1.0,0.10008438277393017,0.32497956318817106,0.14181811654016113,0.43311793749773736
206,0.028480239710623016,0.10712152393744948,0.2581045756653314,89,21,0.0,0,0,200,0.10008185129071226,0.12833333333333333,0.32498017629252585,0.325,0.14181357304395628,0.11333333333333333,0.4331243993728055,0.43333333333333335,0.0011031570408074204,0.10735028160545142,1.0,0.1,0.32608333333333334,0.14166666666666666,0.43225,0.11638146403561708,0.12055132571821504,0.0,0.08349409222458772,0.4164623331703637,0.16671288020173558,0.33333069440331303,0.05866885734956745,0.10308012872562308,1.0,0.09174704611229387,0.3712728332518485,0.15418977343420112,0.3827903472016565,0.0,0.10712152393744948,1.0,0.10008185129071226,0.32498017629252585,0.14181357304395628,0.4331243993728055
207,0.0002218949379618959,0.10712838666748953,0.25811143839537143,86,23,0.0,0,0,200,0.10007939575199086,0.1,0.3249807710037501,0.325,0.14180916585263756,0.14166666666666666,0.4331306673916212,0.43333333333333335,0.0011025623295830775,0.10735028160545142,1.0,0.1,0.32608333333333334,0.14166666666666666,0.43225,0.11638527651571146,0.12055132571821504,0.0,0.08349409222458772,0.4164623331703637,0.16671288020173558,0.33333069440331303,0.05867266982966183,0.10308012872562308,1.0,0.09174704611229387,0.3712728332518485,0.15418977343420112,0.3827903472016565,0.0,0.10712838666748953,1.0,0.10007939575199086,0.3249807710037501,0.14180916585263756,0.4331306673916212
208,0.00021523808982292642,0.1071350435156285,0.25811809524351037,87,25,0.0,0,0,200,0.10007701387943112,0.1,0.32498134787363775,0.325,0.14180489087705847,0.14166666666666666,0.4331367473698727,0.43333333333333335,0.00110198545969558,0.10735028160545142,1.0,0.1,0.32608333333333334,0.14166666666666666,0.43225,0.11638897462140305,0.12055132571821504,0.0,0.08349409222458772,0.4164623331703637,0.16671288020173558,0.33333069440331303,0.05867636793535342,0.10308012872562308,1.0,0.09174704611229387,0.3712728332518485,0.15418977343420112,0.3827903472016565,0.0,0.1071350435156285,1.0,0.10007701387943112,0.32498134787363775,0.14180489087705847,0.4331367473698727
209,0.0002087809471283883,0.10714150065832304,0.25812455238620496,87,25,0.0,0,0,200,0.10007470346304827,0.1,0.32498190743742855,0.325,0.14180074415074667,0.14166666666666666,0.4331426449487763,0.43333333333333335,0.001101425895904666,0.10735028160545142,1.0,0.1,0.32608333333333334,0.14166666666666666,0.43225,0.11639256178392393,0.12055132571821504,0.0,0.08349409222458772,0.4164623331703637,0.16671288020173558,0.33333069440331303,0.058679955097874305,0.10308012872562308,1.0,0.09174704611229387,0.3712728332518485,0.15418977343420112,0.3827903472016565,0.0,0.10714150065832304,1.0,0.10007470346304827,0.32498190743742855,0.14180074415074667,0.4331426449487763
210,0.00020251751871450813,0.1071477640867369,0.25813081581461883,99,25,0.0,0,1,210,0.10007246235915677,0.1,0.3249824502143056,0.325,0.14179672182622433,0.14166666666666666,0.43314836560031317,0.43333333333333335,0.03423169893364659,0.0996002816054514,1.0,0.10758333333333334,0.3516666666666667,0.14183333333333334,0.39891666666666664,0.15825406439642634,0.2654018284831633,1.0,0.0001050027630994493,0.4166312785997885,0.08351011702585533,0.49975360161125665,0.0753532909575704,0.1825010550443073,1.0,0.053844168048216394,0.38414897263322756,0.11267172517959434,0.44933513413896164,0.0,0.1071477640867369,1.0,0.10007246235915677,0.3249824502143056,0.14179672182622433,0.43314836560031317
211,0.00019644199315290573,0.10715383961229852,0.2581368913401805,91,25,0.0,0,0,210,0.10007028848838208,0.1,0.3249829767078765,0.325,0.14179282017143752,0.14166666666666666,0.43315391463230396,0.43333333333333335,0.034237247965637284,0.0996002816054514,1.0,0.10758333333333334,0.3516666666666667,0.14183333333333334,0.39891666666666664,0.15824798887086475,0.2654018284831633,1.0,0.0001050027630994493,0.4166312785997885,0.08351011702585533,0.49975360161125665,0.0753472154320088,0.1825010550443073,1.0,0.053844168048216394,0.38414897263322756,0.11267172517959434,0.44933513413896164,0.0,0.10715383961229852,1.0,0.10007028848838208,0.3249829767078765,0.14179282017143752,0.43315391463230396
212,0.0001905487333585948,0.10715973287209282,0.25814278459997475,93,25,0.0,0,0,210,0.10006817983373059,0.1,0.32498348740664007,0.325,0.1417890355662945,0.14166666666666666,0.4331592971933345,0.43333333333333335,0.03424263052666804,0.0996002816054514,1.0,0.10758333333333334,0.3516666666666667,0.14183333333333334,0.39891666666666664,0.15824209561107042,0.2654018284831633,1.0,0.0001050027630994493,0.4166312785997885,0.08351011702585533,0.49975360161125665,0.07534132217221448,0.1825010550443073,1.0,0.053844168048216394,0.38414897263322756,0.11267172517959434,0.44933513413896164,0.0,0.10715973287209282,1.0,0.10006817983373059,0.32498348740664007,0.1417890355662945,0.4331592971933345
213,0.00018483227135774466,0.10716544933409367,0.2581485010619756,93,25,0.0,0,0,210,0.10006613443871872,0.1,0.32498398278444096,0.325,0.1417853644993056,0.14166666666666666,0.43316451827753455,0.43333333333333335,0.034247851610868,0.0996002816054514,1.0,0.10758333333333334,0.3516666666666667,0.14183333333333334,0.39891666666666664,0.15823637914906957,0.2654018284831633,1.0,0.0001050027630994493,0.4166312785997885,0.08351011702585533,0.49975360161125665,0.07533560571021364,0.1825010550443073,1.0,0.053844168048216394,0.38414897263322756,0.11267172517959434,0.44933513413896164,0.0,0.10716544933409367,1.0,0.10006613443871872,0.32498398278444096,0.1417853644993056,0.43316451827753455
214,0.00017928730321684766,0.10717099430223456,0.2581540460301165,103,25,0.0,0,0,210,0.10006415040555709,0.1,0.32498446330090786,0.325,0.14178180356432646,0.14166666666666666,0.4331695827292087,0.43333333333333335,0.034252916062542,0.0996002816054514,1.0,0.10758333333333334,0.3516666666666667,0.14183333333333334,0.39891666666666664,0.15823083418092868,0.2654018284831633,1.0,0.0001050027630994493,0.4166312785997885,0.08351011702585533,0.49975360161125665,0.07533006074207274,0.1825010550443073,1.0,0.053844168048216394,0.38414897263322756,0.11267172517959434,0.44933513413896164,0.0,0.10717099430223456,1.0,0.10006415040555709,0.32498446330090786,0.14178180356432646,0.4331695827292087
215,0.0001739086841202192,0.1071763729213312,0.25815942464921315,90,25,0.0,0,0,210,0.1000622258933904,0.1,0.3249849294018806,0.325,0.14177834945739667,0.14166666666666666,0.4331744952473327,0.43333333333333335,0.03425782858066587,0.0996002816054514,1.0,0.10758333333333334,0.3516666666666667,0.14183333333333334,0.39891666666666664,0.15822545556183204,0.2654018284831633,1.0,0.0001050027630994493,0.4166312785997885,0.08351011702585533,0.49975360161125665,0.0753246821229761,0.1825010550443073,1.0,0.053844168048216394,0.38414897263322756,0.11267172517959434,0.44933513413896164,0.0,0.1071763729213312,1.0,0.1000622258933904,0.3249849294018806,0.14177834945739667,0.4331744952473327
216,0.0001686914235967743,0.10718159018185464,0.25816464190973654,85,25,0.0,0,0,210,0.10006035911658874,0.1,0.3249853815198243,0.325,0.14177499897367477,0.14166666666666666,0.43317926038991234,0.43333333333333335,0.03426259372324562,0.0996002816054514,1.0,0.10758333333333334,0.3516666666666667,0.14183333333333334,0.39891666666666664,0.1582202383013086,0.2654018284831633,1.0,0.0001050027630994493,0.4166312785997885,0.08351011702585533,0.49975360161125665,0.07531946486245267,0.1825010550443073,1.0,0.053844168048216394,0.38414897263322756,0.11267172517959434,0.44933513413896164,0.0,0.10718159018185464,1.0,0.10006035911658874,0.3249853815198243,0.14177499897367477,0.43317926038991234
217,0.00016363068088892652,0.10718665092456249,0.25816970265244443,96,25,0.0,0,0,210,0.10005854834309108,0.1,0.32498582007422944,0.325,0.14177174900446451,0.14166666666666666,0.433183882578215,0.43333333333333335,0.03426721591154834,0.0996002816054514,1.0,0.10758333333333334,0.3516666666666667,0.14183333333333334,0.39891666666666664,0.15821517755860076,0.2654018284831633,1.0,0.0001050027630994493,0.4166312785997885,0.08351011702585533,0.49975360161125665,0.07531440411974481,0.1825010550443073,1.0,0.053844168048216394,0.38414897263322756,0.11267172517959434,0.44933513413896164,0.0,0.10718665092456249,1.0,0.10005854834309108,0.32498582007422944,0.14177174900446451,0.433183882578215
218,0.00015872176046225622,0.10719155984498915,0.2581746115728711,96,25,0.0,0,0,210,0.1000567918927983,0.1,0.32498624547200256,0.325,0.1417685965343306,0.14166666666666666,0.4331883661008685,0.43333333333333335,0.03427169943420189,0.0996002816054514,1.0,0.10758333333333334,0.3516666666666667,0.14183333333333334,0.39891666666666664,0.15821026863817408,0.2654018284831633,1.0,0.0001050027630994493,0.4166312785997885,0.08351011702585533,0.49975360161125665,0.07530949519931815,0.1825010550443073,1.0,0.053844168048216394,0.38414897263322756,0.11267172517959434,0.44933513413896164,0.0,0.10719155984498915,1.0,0.1000567918927983,0.32498624547200256,0.1417685965343306,0.4331883661008685
219,0.00015396010764829465,0.10719632149780312,0.25817937322568507,97,25,0.0,0,0,210,0.10005508813601437,0.1,0.3249866581078426,0.325,0.14176553863830071,0.14166666666666666,0.4331927151178426,0.43333333333333335,0.0342760484511758,0.0996002816054514,1.0,0.10758333333333334,0.3516666666666667,0.14183333333333334,0.39891666666666664,0.15820550698536012,0.2654018284831633,1.0,0.0001050027630994493,0.4166312785997885,0.08351011702585533,0.49975360161125665,0.07530473354650419,0.1825010550443073,1.0,0.053844168048216394,0.38414897263322756,0.11267172517959434,0.44933513413896164,0.0,0.10719632149780312,1.0,0.10005508813601437,0.3249866581078426,0.14176553863830071,0.4331927151178426
220,0.00014934130441884158,0.10720094030103258,0.2581839920289145,91,25,0.0,0,1,220,0.10005343549193389,0.1,0.32498705836460723,0.325,0.14176257247915156,0.14166666666666666,0.4331969336643072,0.43333333333333335,0.03319693366430728,0.09960028160545142,1.0,0.10758333333333334,0.35058333333333336,0.14183333333333334,0.4,0.10822142928326864,0.1028358194547968,1.0,0.08336131684766206,0.2500951481278331,0.24998400176242022,0.41655953326208456,0.05414609506872518,0.0576359556337436,1.0,0.09547232509049769,0.30033924073058327,0.19590866754787678,0.40827976663104226,0.0,0.10720094030103258,1.0,0.10005343549193389,0.32498705836460723,0.14176257247915156,0.4331969336643072
221,0.0001448610652864321,0.10720542054016499,0.2581884722680469,102,25,0.0,0,0,220,0.10005183242717595,0.1,0.32498744661366896,0.325,0.14175969530477708,0.14166666666666666,0.4332010256543779,0.43333333333333335,0.03320102565437796,0.09960028160545142,1.0,0.10758333333333334,0.35058333333333336,0.14183333333333334,0.4,0.10822430645764311,0.1028358194547968,1.0,0.08336131684766206,0.2500951481278331,0.24998400176242022,0.41655953326208456,0.05414897224309965,0.0576359556337436,1.0,0.09547232509049769,0.30033924073058327,0.19590866754787678,0.40827976663104226,0.0,0.10720542054016499,1.0,0.10005183242717595,0.32498744661366896,0.14175969530477708,0.4332010256543779
222,0.00014051523332775373,0.10720976637212366,0.2581928181000056,102,25,0.0,0,0,220,0.10005027745436065,0.1,0.3249878232152589,0.325,0.14175690444563377,0.14166666666666666,0.43320499488474673,0.43333333333333335,0.03320499488474672,0.09960028160545142,1.0,0.10758333333333334,0.35058333333333336,0.14183333333333334,0.4,0.10822709731678648,0.1028358194547968,1.0,0.08336131684766206,0.2500951481278331,0.24998400176242022,0.41655953326208456,0.054151763102243025,0.0576359556337436,1.0,0.09547232509049769,0.30033924073058327,0.19590866754787678,0.40827976663104226,0.0,0.10720976637212366,1.0,0.10005027745436065,0.3249878232152589,0.14175690444563377,0.43320499488474673
223,0.00013629977632797358,0.10721398182912345,0.2581970335570054,89,25,0.0,0,0,220,0.10004876913072984,0.1,0.3249881885188012,0.325,0.14175419731226477,0.14166666666666666,0.43320884503820417,0.43333333333333335,0.0332088450382042,0.09960028160545142,1.0,0.10758333333333334,0.35058333333333336,0.14183333333333334,0.4,0.10822980445015545,0.1028358194547968,1.0,0.08336131684766206,0.2500951481278331,0.24998400176242022,0.41655953326208456,0.05415447023561199,0.0576359556337436,1.0,0.09547232509049769,0.30033924073058327,0.19590866754787678,0.40827976663104226,0.0,0.10721398182912345,1.0,0.10004876913072984,0.3249881885188012,0.14175419731226477,0.43320884503820417
224,0.0001322107830380101,0.10721807082241341,0.2582011225502953,87,25,0.0,0,0,220,0.10004730605680794,0.1,0.32498854286323725,0.325,0.14175157139289682,0.14166666666666666,0.4332125796870582,0.43333333333333335,0.03321257968705809,0.09960028160545142,1.0,0.10758333333333334,0.35058333333333336,0.14183333333333334,0.4,0.10823243036952351,0.1028358194547968,1.0,0.08336131684766206,0.2500951481278331,0.24998400176242022,0.41655953326208456,0.05415709615498005,0.0576359556337436,1.0,0.09547232509049769,0.30033924073058327,0.19590866754787678,0.40827976663104226,0.0,0.10721807082241341,1.0,0.10004730605680794,0.32498854286323725,0.14175157139289682,0.4332125796870582
225,0.0001282444595468793,0.10722203714590453,0.25820508887378646,89,25,0.0,0,0,220,0.10004588687510367,0.1,0.32498888657734004,0.325,0.1417490242511099,0.14166666666666666,0.4332162022964465,0.43333333333333335,0.03321620229644643,0.09960028160545142,1.0,0.10758333333333334,0.35058333333333336,0.14183333333333334,0.4,0.10823497751131038,0.1028358194547968,1.0,0.08336131684766206,0.2500951481278331,0.24998400176242022,0.41655953326208456,0.05415964329676692,0.0576359556337436,1.0,0.09547232509049769,0.30033924073058327,0.19590866754787678,0.40827976663104226,0.0,0.10722203714590453,1.0,0.10004588687510367,0.32498888657734004,0.1417490242511099,0.4332162022964465
226,0.00012439712576054612,0.10722588447969086,0.2582089362075728,102,25,0.0,0,0,220,0.1000445102688506,0.1,0.32498921998001973,0.325,0.1417465535235766,0.14166666666666666,0.43321971622755306,0.43333333333333335,0.03321971622755308,0.09960028160545142,1.0,0.10758333333333334,0.35058333333333336,0.14183333333333334,0.4,0.10823744823884364,0.1028358194547968,1.0,0.08336131684766206,0.2500951481278331,0.24998400176242022,0.41655953326208456,0.05416211402430018,0.0576359556337436,1.0,0.09547232509049769,0.30033924073058327,0.19590866754787678,0.40827976663104226,0.0,0.10722588447969086,1.0,0.1000445102688506,0.32498921998001973,0.1417465535235766,0.43321971622755306
227,0.0001206652119876625,0.10722961639346376,0.2582126681213457,99,25,0.0,0,0,220,0.10004317496078503,0.1,0.32498954338061914,0.325,0.14174415691786935,0.14166666666666666,0.4332231247407266,0.43333333333333335,0.03322312474072655,0.09960028160545142,1.0,0.10758333333333334,0.35058333333333336,0.14183333333333334,0.4,0.10823984484455096,0.1028358194547968,1.0,0.08336131684766206,0.2500951481278331,0.24998400176242022,0.41655953326208456,0.0541645106300075,0.0576359556337436,1.0,0.09547232509049769,0.30033924073058327,0.19590866754787678,0.40827976663104226,0.0,0.10722961639346376,1.0,0.10004317496078503,0.32498954338061914,0.14174415691786935,0.4332231247407266
228,0.0001170452556281884,0.10723323634982324,0.25821628807770514,98,25,0.0,0,0,220,0.1000418797119615,0.1,0.3249898570792004,0.325,0.1417418322103332,0.14166666666666666,0.4332264309985046,0.43333333333333335,0.033226430998504745,0.09960028160545142,1.0,0.10758333333333334,0.35058333333333336,0.14183333333333334,0.4,0.1082421695520869,0.1028358194547968,1.0,0.08336131684766206,0.2500951481278331,0.24998400176242022,0.41655953326208456,0.05416683533754344,0.0576359556337436,1.0,0.09547232509049769,0.30033924073058327,0.19590866754787678,0.40827976663104226,0.0,0.10723323634982324,1.0,0.1000418797119615,0.3249898570792004,0.1417418322103332,0.4332264309985046
229,0.00011353389795933783,0.10723674770749209,0.258219799435374,81,25,0.0,0,0,220,0.10004062332060264,0.1,0.32499016136682446,0.325,0.14173957724402328,0.14166666666666666,0.43322963806854947,0.43333333333333335,0.033229638068549554,0.09960028160545142,1.0,0.10758333333333334,0.35058333333333336,0.14183333333333334,0.4,0.10824442451839689,0.1028358194547968,1.0,0.08336131684766206,0.2500951481278331,0.24998400176242022,0.41655953326208456,0.054169090303853425,0.0576359556337436,1.0,0.09547232509049769,0.30033924073058327,0.19590866754787678,0.40827976663104226,0.0,0.10723674770749209,1.0,0.10004062332060264,0.32499016136682446,0.14173957724402328,0.43322963806854947
230,0.0001101278810204595,0.10724015372443096,0.2582232054523129,83,25,0.0,0,1,230,0.10003940462098461,0.1,0.32499045652582004,0.325,0.14173738992670254,0.14166666666666666,0.4332327489264929,0.43333333333333335,0.0001101278810204595,0.10735028160545142,1.0,0.1,0.325,0.14166666666666666,0.43333333333333335,0.17490998049682865,0.17111434576695186,1.0,0.24995718685808865,0.16670274479274427,0.1667295881864271,0.41661048016273994,0.08739992630790408,0.10449717892320422,1.0,0.17497859342904432,0.24585137239637214,0.15419812742654687,0.42497190674803664,0.0,0.10724015372443096,1.0,0.10003940462098461,0.32499045652582004,0.14173738992670254,0.4332327489264929
231,0.00010682404458984412,0.10724345756086157,0.25822650928874347,96,25,0.0,0,0,230,0.10003822248235507,0.1,0.32499074283004536,0.325,0.14173526822890145,0.14166666666666666,0.43323576645869816,0.43333333333333335,0.00010682404458984412,0.10735028160545142,1.0,0.1,0.325,0.14166666666666666,0.43333333333333335,0.17491328433325928,0.17111434576695186,1.0,0.24995718685808865,0.16670274479274427,0.1667295881864271,0.41661048016273994,0.0874032301443347,0.10449717892320422,1.0,0.17497859342904432,0.24585137239637214,0.15419812742654687,0.42497190674803664,0.0,0.10724345756086157,1.0,0.10003822248235507,0.32499074283004536,0.14173526822890145,0.43323576645869816
232,0.00010361932325207712,0.10724666228219934,0.25822971401008127,93,25,0.0,0,0,230,0.10003707580788443,0.1,0.32499102054514417,0.325,0.1417332101820344,0.14166666666666666,0.4332386934649372,0.43333333333333335,0.00010361932325207712,0.10735028160545142,1.0,0.1,0.325,0.14166666666666666,0.43333333333333335,0.17491648905459703,0.17111434576695186,1.0,0.24995718685808865,0.16670274479274427,0.1667295881864271,0.41661048016273994,0.08740643486567247,0.10449717892320422,1.0,0.17497859342904432,0.24585137239637214,0.15419812742654687,0.42497190674803664,0.0,0.10724666228219934,1.0,0.10003707580788443,0.32499102054514417,0.1417332101820344,0.4332386934649372
233,0.00010051074355465345,0.10724977086189677,0.2582328225897787,87,25,0.0,0,0,230,0.1000359635336479,0.1,0.32499128992878973,0.325,0.14173121387657342,0.14166666666666666,0.43324153266098897,0.43333333333333335,0.00010051074355465345,0.10735028160545142,1.0,0.1,0.325,0.14166666666666666,0.43333333333333335,0.17491959763429446,0.17111434576695186,1.0,0.24995718685808865,0.16670274479274427,0.1667295881864271,0.41661048016273994,0.0874095434453699,0.10449717892320422,1.0,0.17497859342904432,0.24585137239637214,0.15419812742654687,0.42497190674803664,0.0,0.10724977086189677,1.0,0.1000359635336479,0.32499128992878973,0.14173121387657342,0.43324153266098897
234,9.749542124820598e-05,0.10725278618420321,0.25823583791208515,91,25,0.0,0,0,230,0.10003488462763849,0.1,0.32499155123092577,0.325,0.14172927746027622,0.14166666666666666,0.4332442866811592,0.43333333333333335,9.749542124820598e-05,0.10735028160545142,1.0,0.1,0.325,0.14166666666666666,0.43333333333333335,0.17492261295660091,0.17111434576695186,1.0,0.24995718685808865,0.16670274479274427,0.1667295881864271,0.41661048016273994,0.08741255876767634,0.10449717892320422,1.0,0.17497859342904432,0.24585137239637214,0.15419812742654687,0.42497190674803664,0.0,0.10725278618420321,1.0,0.10003488462763849,0.32499155123092577,0.14172927746027622,0.4332442866811592
235,9.457055861063907e-05,0.10725571104684078,0.2582387627747227,89,25,0.0,0,0,230,0.1000338380888093,0.1,0.3249918046939983,0.325,0.14172739913646792,0.14166666666666666,0.43324695808072433,0.43333333333333335,9.457055861063907e-05,0.10735028160545142,1.0,0.1,0.325,0.14166666666666666,0.43333333333333335,0.17492553781923847,0.17111434576695186,1.0,0.24995718685808865,0.16670274479274427,0.1667295881864271,0.41661048016273994,0.0874154836303139,0.10449717892320422,1.0,0.17497859342904432,0.24585137239637214,0.15419812742654687,0.42497190674803664,0.0,0.10725571104684078,1.0,0.1000338380888093,0.3249918046939983,0.14172739913646792,0.43324695808072433
236,9.173344185212096e-05,0.1072585481635993,0.2582415998914812,103,25,0.0,0,0,230,0.10003282294614499,0.1,0.32499205055317826,0.325,0.14172557716237388,0.14166666666666666,0.43324954933830306,0.43333333333333335,9.173344185212096e-05,0.10735028160545142,1.0,0.1,0.325,0.14166666666666666,0.43333333333333335,0.174928374935997,0.17111434576695186,1.0,0.24995718685808865,0.16670274479274427,0.1667295881864271,0.41661048016273994,0.08741832074707243,0.10449717892320422,1.0,0.17497859342904432,0.24585137239637214,0.15419812742654687,0.42497190674803664,0.0,0.1072585481635993,1.0,0.10003282294614499,0.32499205055317826,0.14172557716237388,0.43324954933830306
237,8.898143859660534e-05,0.10726130016685481,0.2582443518947367,87,25,0.0,0,0,230,0.10003183825776069,0.1,0.32499228903658306,0.325,0.1417238098475026,0.14166666666666666,0.4332520628581537,0.43333333333333335,8.898143859660534e-05,0.10735028160545142,1.0,0.1,0.325,0.14166666666666666,0.43333333333333335,0.17493112693925253,0.17111434576695186,1.0,0.24995718685808865,0.16670274479274427,0.1667295881864271,0.41661048016273994,0.08742107275032794,0.10449717892320422,1.0,0.17497859342904432,0.24585137239637214,0.15419812742654687,0.42497190674803664,0.0,0.10726130016685481,1.0,0.10003183825776069,0.32499228903658306,0.1417238098475026,0.4332520628581537
238,8.631199543884804e-05,0.10726396961001257,0.25824702133789446,97,25,0.0,0,0,230,0.10003088311002784,0.1,0.32499252036548526,0.325,0.14172209555207763,0.14166666666666666,0.4332545009724092,0.43333333333333335,8.631199543884804e-05,0.10735028160545142,1.0,0.1,0.325,0.14166666666666666,0.43333333333333335,0.17493379638241027,0.17111434576695186,1.0,0.24995718685808865,0.16670274479274427,0.1667295881864271,0.41661048016273994,0.0874237421934857,0.10449717892320422,1.0,0.17497859342904432,0.24585137239637214,0.15419812742654687,0.42497190674803664,0.0,0.10726396961001257,1.0,0.10003088311002784,0.32499252036548526,0.14172209555207763,0.4332545009724092
239,8.372263557557963e-05,0.10726655896987583,0.25824961069775776,91,25,0.0,0,0,230,0.10002995661672699,0.1,0.3249927447545207,0.325,0.14172043268551524,0.14166666666666666,0.43325686594323704,0.43333333333333335,8.372263557557963e-05,0.10735028160545142,1.0,0.1,0.325,0.14166666666666666,0.43333333333333335,0.17493638574227355,0.17111434576695186,1.0,0.24995718685808865,0.16670274479274427,0.1667295881864271,0.41661048016273994,0.08742633155334896,0.10449717892320422,1.0,0.17497859342904432,0.24585137239637214,0.15419812742654687,0.42497190674803664,0.0,0.10726655896987583,1.0,0.10002995661672699,0.3249927447545207,0.14172043268551524,0.43325686594323704
