step,attention_error,preference_change,uniform_prior_error,interactions,pool_size,official_exposure_share,official_arrivals,observation_updated,last_observed_at,truth_0,attention_0,truth_1,attention_1,truth_2,attention_2,truth_3,attention_3,error_platform,initial_error_platform,top_accuracy_platform,estimate_platform_0,estimate_platform_1,estimate_platform_2,estimate_platform_3,error_survey,initial_error_survey,top_accuracy_survey,estimate_survey_0,estimate_survey_1,estimate_survey_2,estimate_survey_3,error_fused,initial_error_fused,top_accuracy_fused,estimate_fused_0,estimate_fused_1,estimate_fused_2,estimate_fused_3,error_oracle,initial_error_oracle,top_accuracy_oracle,estimate_oracle_0,estimate_oracle_1,estimate_oracle_2,estimate_oracle_3
0,0.04367318644232544,0.0,0.18424888056067512,91,28,0.0,0,1,0,0.32299348022434127,0.36666666666666664,0.32258046170509397,0.2916666666666667,0.28867493863123994,0.2833333333333333,0.06575111943932495,0.058333333333333334,0.04367318644232544,0.04367318644232544,1.0,0.36666666666666664,0.2916666666666667,0.2833333333333333,0.058333333333333334,0.08037531100093456,0.08037531100093456,0.0,0.2880885674155019,0.3254006094683661,0.3662301018689023,0.020280721247229693,0.04049091578662096,0.04049091578662096,1.0,0.32737761704108426,0.3085336380675164,0.32478171760111785,0.039307027290281515,0.0,0.0,1.0,0.32299348022434127,0.32258046170509397,0.28867493863123994,0.06575111943932495
1,0.3544260580705648,0.0,0.18424888056067512,106,31,0.0,0,0,0,0.32299348022434127,0.495,0.32258046170509397,0.505,0.28867493863123994,0.0,0.06575111943932495,0.0,0.04367318644232544,0.04367318644232544,1.0,0.36666666666666664,0.2916666666666667,0.2833333333333333,0.058333333333333334,0.08037531100093456,0.08037531100093456,0.0,0.2880885674155019,0.3254006094683661,0.3662301018689023,0.020280721247229693,0.04049091578662096,0.04049091578662096,1.0,0.32737761704108426,0.3085336380675164,0.32478171760111785,0.039307027290281515,0.0,0.0,1.0,0.32299348022434127,0.32258046170509397,0.28867493863123994,0.06575111943932495
2,0.3544260580705648,0.0,0.18424888056067512,123,31,0.0,0,0,0,0.32299348022434127,0.53,0.32258046170509397,0.47,0.28867493863123994,0.0,0.06575111943932495,0.0,0.04367318644232544,0.04367318644232544,1.0,0.36666666666666664,0.2916666666666667,0.2833333333333333,0.058333333333333334,0.08037531100093456,0.08037531100093456,0.0,0.2880885674155019,0.3254006094683661,0.3662301018689023,0.020280721247229693,0.04049091578662096,0.04049091578662096,1.0,0.32737761704108426,0.3085336380675164,0.32478171760111785,0.039307027290281515,0.0,0.0,1.0,0.32299348022434127,0.32258046170509397,0.28867493863123994,0.06575111943932495
3,0.3544260580705648,0.0,0.18424888056067512,119,31,0.0,0,0,0,0.32299348022434127,0.5566666666666666,0.32258046170509397,0.44333333333333336,0.28867493863123994,0.0,0.06575111943932495,0.0,0.04367318644232544,0.04367318644232544,1.0,0.36666666666666664,0.2916666666666667,0.2833333333333333,0.058333333333333334,0.08037531100093456,0.08037531100093456,0.0,0.2880885674155019,0.3254006094683661,0.3662301018689023,0.020280721247229693,0.04049091578662096,0.04049091578662096,1.0,0.32737761704108426,0.3085336380675164,0.32478171760111785,0.039307027290281515,0.0,0.0,1.0,0.32299348022434127,0.32258046170509397,0.28867493863123994,0.06575111943932495
4,0.3505203957574956,0.004335353625323446,0.18501942540020244,131,31,0.0,0,0,0,0.32732883384966466,0.545,0.32215077039283974,0.455,0.28553982115769805,0.0,0.06498057459979757,0.0,0.039337832817002,0.04367318644232544,1.0,0.36666666666666664,0.2916666666666667,0.2833333333333333,0.058333333333333334,0.08394011978673063,0.08037531100093456,0.0,0.2880885674155019,0.3254006094683661,0.3662301018689023,0.020280721247229693,0.039290679634839405,0.04049091578662096,1.0,0.32737761704108426,0.3085336380675164,0.32478171760111785,0.039307027290281515,0.0,0.004335353625323446,1.0,0.32732883384966466,0.32215077039283974,0.28553982115769805,0.06498057459979757
5,0.34152704091345837,0.014595136910246123,0.1866496987038112,113,31,0.0,0,0,0,0.3375886171345872,0.5433333333333333,0.3208843419519543,0.45666666666666667,0.2781767396172696,0.0,0.06335030129618867,0.0,0.03423464324814307,0.04367318644232544,1.0,0.36666666666666664,0.2916666666666667,0.2833333333333333,0.058333333333333334,0.0925696297680444,0.08037531100093456,0.0,0.2880885674155019,0.3254006094683661,0.3662301018689023,0.020280721247229693,0.046604977983848155,0.04049091578662096,1.0,0.32737761704108426,0.3085336380675164,0.32478171760111785,0.039307027290281515,0.0,0.014595136910246123,1.0,0.3375886171345872,0.3208843419519543,0.2781767396172696,0.06335030129618867
6,0.33192358533900296,0.026422245601657568,0.18853380156818428,115,31,0.0,0,0,0,0.3494157258259988,0.5433333333333333,0.3186606888349983,0.45666666666666667,0.2704573869071872,0.0,0.061466198431815736,0.0,0.03012688726681402,0.04367318644232544,1.0,0.36666666666666664,0.2916666666666667,0.2833333333333333,0.058333333333333334,0.10251263559508292,0.08037531100093456,0.0,0.2880885674155019,0.3254006094683661,0.3662301018689023,0.020280721247229693,0.054324330693930674,0.04049091578662096,1.0,0.32737761704108426,0.3085336380675164,0.32478171760111785,0.039307027290281515,0.0,0.026422245601657568,1.0,0.3494157258259988,0.3186606888349983,0.2704573869071872,0.061466198431815736
7,0.322608233431781,0.037894541032326784,0.19036138134662597,121,31,0.0,0,0,0,0.36088802125666797,0.5483333333333333,0.316503745311551,0.45166666666666666,0.26296961477840697,0.0,0.059638618653374005,0.0,0.026142363964925013,0.04367318644232544,1.0,0.36666666666666664,0.2916666666666667,0.2833333333333333,0.058333333333333334,0.11215735124731041,0.08037531100093456,0.0,0.2880885674155019,0.3254006094683661,0.3662301018689023,0.020280721247229693,0.06181210282271085,0.04049091578662096,1.0,0.32737761704108426,0.3085336380675164,0.32478171760111785,0.039307027290281515,0.0,0.037894541032326784,1.0,0.36088802125666797,0.316503745311551,0.26296961477840697,0.059638618653374005
8,0.3131225271310366,0.04876226630681314,0.19214904684491857,127,31,0.0,0,0,0,0.3717557465311542,0.545,0.3151217263378091,0.455,0.2552715739759551,0.0,0.05785095315508126,0.0,0.028544139535630116,0.04367318644232544,1.0,0.36666666666666664,0.2916666666666667,0.2833333333333333,0.058333333333333334,0.12123741102350402,0.08037531100093456,0.0,0.2880885674155019,0.3254006094683661,0.3662301018689023,0.020280721247229693,0.06951014362516256,0.04049091578662096,1.0,0.32737761704108426,0.3085336380675164,0.32478171760111785,0.039307027290281515,0.0,0.04876226630681314,1.0,0.3717557465311542,0.3151217263378091,0.2552715739759551,0.05785095315508126
9,0.3039213920193144,0.0593039598230649,0.19607860798068563,126,31,0.0,0,0,0,0.382297440047406,0.545,0.31378116793327954,0.455,0.24780447439757697,0.0,0.0561169176217373,0.0,0.037745274647352306,0.04367318644232544,1.0,0.36666666666666664,0.2916666666666667,0.2833333333333333,0.058333333333333334,0.13004506900641183,0.08037531100093456,0.0,0.2880885674155019,0.3254006094683661,0.3662301018689023,0.020280721247229693,0.0769772432035408,0.04049091578662096,1.0,0.32737761704108426,0.3085336380675164,0.32478171760111785,0.039307027290281515,0.0,0.0593039598230649,1.0,0.382297440047406,0.31378116793327954,0.24780447439757697,0.0561169176217373
10,0.294996290960944,0.06952940253382914,0.20500370903905604,134,31,0.0,0,1,10,0.3925228827581702,0.545,0.3124808262808857,0.455,0.24056138780655012,0.0,0.05443490315439371,0.0,0.2639356849003379,0.32336545200995875,1.0,0.5239393939393939,0.445,0.025757575757575757,0.005303030303030303,0.07236405238801542,0.03312528654585338,0.0,0.3291874938376558,0.3495117346376327,0.2758945318378186,0.04540623968689277,0.11881560216828521,0.17824536927790607,1.0,0.42656344388852485,0.39725586731881635,0.15082605379769717,0.025354634994961538,0.0,0.06952940253382914,1.0,0.3925228827581702,0.3124808262808857,0.24056138780655012,0.05443490315439371
11,0.28633672074160027,0.07960139627831106,0.21366327925839976,122,31,0.0,0,0,10,0.4025948765026522,0.545,0.3110684027557475,0.455,0.23353450622104802,0.0,0.05280221452055215,0.0,0.2552761146809942,0.32336545200995875,1.0,0.5239393939393939,0.445,0.025757575757575757,0.005303030303030303,0.08080335749865578,0.03312528654585338,0.0,0.3291874938376558,0.3495117346376327,0.2758945318378186,0.04540623968689277,0.1101560319489415,0.17824536927790607,1.0,0.42656344388852485,0.39725586731881635,0.15082605379769717,0.025354634994961538,0.0,0.07960139627831106,1.0,0.4025948765026522,0.3110684027557475,0.23353450622104802,0.05280221452055215
12,0.2777466191193524,0.08927354998323139,0.22225338088064767,135,31,0.0,0,0,10,0.4122670302075724,0.545,0.30998635067307506,0.455,0.22652847103441653,0.0,0.0512181480849356,0.0,0.24668601305874627,0.32336545200995875,1.0,0.5239393939393939,0.445,0.025757575757575757,0.005303030303030303,0.08889144476795956,0.03312528654585338,0.0,0.3291874938376558,0.3495117346376327,0.2758945318378186,0.04540623968689277,0.10156593032669359,0.17824536927790607,1.0,0.42656344388852485,0.39725586731881635,0.15082605379769717,0.025354634994961538,0.0,0.08927354998323139,1.0,0.4122670302075724,0.30998635067307506,0.22652847103441653,0.0512181480849356
13,0.26941422054577174,0.09865553907700428,0.23058577945422828,133,31,0.0,0,0,10,0.4216490193013453,0.545,0.3089367601528828,0.455,0.21973261690338403,0.0,0.0496816036423875,0.0,0.23835361448516565,0.32336545200995875,1.0,0.5239393939393939,0.445,0.025757575757575757,0.005303030303030303,0.09673688941918435,0.03312528654585338,0.0,0.3291874938376558,0.3495117346376327,0.2758945318378186,0.04540623968689277,0.09323353175311297,0.17824536927790607,1.0,0.42656344388852485,0.39725586731881635,0.15082605379769717,0.025354634994961538,0.0,0.09865553907700428,1.0,0.4216490193013453,0.3089367601528828,0.21973261690338403,0.0496816036423875
14,0.2613317939293984,0.10775606849796394,0.23866820607060157,125,31,0.0,0,0,10,0.43074954872230514,0.545,0.30791865734829643,0.455,0.21314063839628256,0.0,0.04819115553311586,0.0,0.23027118786879236,0.32336545200995875,1.0,0.5239393939393939,0.445,0.025757575757575757,0.005303030303030303,0.10434697073087237,0.03312528654585338,0.0,0.3291874938376558,0.3495117346376327,0.2758945318378186,0.04540623968689277,0.08933720997051996,0.17824536927790607,1.0,0.42656344388852485,0.39725586731881635,0.15082605379769717,0.025354634994961538,0.0,0.10775606849796394,1.0,0.43074954872230514,0.30791865734829643,0.21314063839628256,0.04819115553311586
15,0.25349184011151665,0.11658358203629474,0.24650815988848335,126,31,0.0,0,0,10,0.43957706226063575,0.545,0.3069310976278474,0.455,0.20674641924439405,0.0,0.046745420867122404,0.0,0.22243123405091056,0.32336545200995875,1.0,0.5239393939393939,0.445,0.025757575757575757,0.005303030303030303,0.1117287496032097,0.03312528654585338,0.0,0.3291874938376558,0.3495117346376327,0.2758945318378186,0.04540623968689277,0.09032476969096878,0.17824536927790607,1.0,0.42656344388852485,0.39725586731881635,0.15082605379769717,0.025354634994961538,0.0,0.11658358203629474,1.0,0.43957706226063575,0.3069310976278474,0.20674641924439405,0.046745420867122404
16,0.24588708490817113,0.1251462701684755,0.2541129150918289,125,31,0.0,0,0,10,0.44813975039281667,0.545,0.3059731646990122,0.455,0.20054402666706236,0.0,0.04534305824110873,0.0,0.21482647884756503,0.32336545200995875,1.0,0.5239393939393939,0.445,0.025757575757575757,0.005303030303030303,0.11895225655516083,0.03312528654585338,0.0,0.3291874938376558,0.3495117346376327,0.2758945318378186,0.04540623968689277,0.09128270261980417,0.17824536927790607,1.0,0.42656344388852485,0.39725586731881635,0.15082605379769717,0.025354634994961538,0.0,0.1251462701684755,1.0,0.44813975039281667,0.3059731646990122,0.20054402666706236,0.04534305824110873
17,0.23851047236092598,0.13345207765669112,0.26148952763907407,133,31,0.0,0,0,10,0.45644555788103225,0.545,0.3050439697580417,0.455,0.1945277058670504,0.0,0.043982766493875475,0.0,0.20744986630031992,0.32336545200995875,1.0,0.5239393939393939,0.445,0.025757575757575757,0.005303030303030303,0.12725806404337647,0.03312528654585338,0.0,0.3291874938376558,0.3495117346376327,0.2758945318378186,0.04540623968689277,0.0922118975607746,0.17824536927790607,1.0,0.42656344388852485,0.39725586731881635,0.15082605379769717,0.025354634994961538,0.0,0.13345207765669112,1.0,0.45644555788103225,0.3050439697580417,0.1945277058670504,0.043982766493875475
18,0.23135515819009805,0.14150871092026024,0.268644841809902,130,31,0.0,0,0,10,0.46450219114460156,0.545,0.30414265066530055,0.455,0.18869187469103893,0.0,0.04266328349905922,0.0,0.20029455212949196,0.32336545200995875,1.0,0.5239393939393939,0.445,0.025757575757575757,0.005303030303030303,0.13531469730694556,0.03312528654585338,0.0,0.3291874938376558,0.3495117346376327,0.2758945318378186,0.04540623968689277,0.09311321665351598,0.17824536927790607,1.0,0.42656344388852485,0.39725586731881635,0.15082605379769717,0.025354634994961538,0.0,0.14150871092026024,1.0,0.46450219114460156,0.30414265066530055,0.18869187469103893,0.04266328349905922
19,0.22441450344439542,0.14932364518592206,0.2755854965556046,132,31,0.0,0,0,10,0.472317125410263,0.545,0.30326837114534133,0.455,0.18303111845030767,0.0,0.04138338499408745,0.0,0.19335389738378933,0.32336545200995875,1.0,0.5239393939393939,0.445,0.025757575757575757,0.005303030303030303,0.1431296315726074,0.03312528654585338,0.0,0.3291874938376558,0.3495117346376327,0.2758945318378186,0.04540623968689277,0.0939874961734748,0.17824536927790607,1.0,0.42656344388852485,0.39725586731881635,0.15082605379769717,0.025354634994961538,0.0,0.14932364518592206,1.0,0.472317125410263,0.30326837114534133,0.18303111845030767,0.04138338499408745
20,0.21768206834106324,0.1569041314236143,0.2823179316589368,129,31,0.0,0,1,20,0.47989761164795564,0.545,0.3024203200109813,0.455,0.1775401848967985,0.0,0.04014188344426482,0.0,0.21768206834106318,0.3544260580705648,1.0,0.5423333333333333,0.45766666666666667,0.0,0.0,0.03472072622076367,0.17439009815335943,1.0,0.49738357837770053,0.27735647480671394,0.19477494438781703,0.03048500242776828,0.10505209493327047,0.24179608466277208,1.0,0.5198584558555169,0.3675115707366903,0.09738747219390852,0.01524250121388414,0.0,0.1569041314236143,1.0,0.47989761164795564,0.3024203200109813,0.1775401848967985,0.04014188344426482
21,0.21115160629083163,0.16425720307417555,0.2888483937091684,112,31,0.0,0,0,20,0.48725068329851656,0.545,0.30159771041065164,0.455,0.17221397934989455,0.0,0.03893762694093685,0.0,0.21115160629083157,0.3544260580705648,1.0,0.5423333333333333,0.45766666666666667,0.0,0.0,0.032693860117106364,0.17439009815335943,1.0,0.49738357837770053,0.27735647480671394,0.19477494438781703,0.03048500242776828,0.09852163288303888,0.24179608466277208,1.0,0.5198584558555169,0.3675115707366903,0.09738747219390852,0.01524250121388414,0.0,0.16425720307417555,1.0,0.48725068329851656,0.30159771041065164,0.17221397934989455,0.03893762694093685
22,0.20481705810210665,0.1713896825752202,0.2951829418978934,136,31,0.0,0,0,20,0.49438316279956124,0.545,0.300799779098332,0.455,0.16704755996939769,0.0,0.03776949813270877,0.0,0.2048170581021066,0.3544260580705648,1.0,0.5423333333333333,0.45766666666666667,0.0,0.0,0.0307277999965586,0.17439009815335943,1.0,0.49738357837770053,0.27735647480671394,0.19477494438781703,0.03048500242776828,0.09218708469431389,0.24179608466277208,1.0,0.5198584558555169,0.3675115707366903,0.09738747219390852,0.01524250121388414,0.0,0.1713896825752202,1.0,0.49438316279956124,0.300799779098332,0.16704755996939769,0.03776949813270877
23,0.19867254635904333,0.17830818769123336,0.3013274536409567,144,31,0.0,0,0,20,0.5013016679155745,0.545,0.30002578572538213,0.455,0.16203613317031573,0.0,0.0366364131887275,0.0,0.1986725463590433,0.3544260580705648,1.0,0.5423333333333333,0.45766666666666667,0.0,0.0,0.03273881121750135,0.17439009815335943,1.0,0.49738357837770053,0.27735647480671394,0.19477494438781703,0.03048500242776828,0.08604257295125056,0.24179608466277208,1.0,0.5198584558555169,0.3675115707366903,0.09738747219390852,0.01524250121388414,0.0,0.17830818769123336,1.0,0.5013016679155745,0.30002578572538213,0.16203613317031573,0.0366364131887275
24,0.19271236996827235,0.18501913765376582,0.30728763003172765,112,31,0.0,0,0,20,0.5080126178781067,0.545,0.2992750121536207,0.455,0.15717504917520633,0.0,0.035537320793065694,0.0,0.19271236996827235,0.3544260580705648,1.0,0.5423333333333333,0.45766666666666667,0.0,0.0,0.037599895212610514,0.17439009815335943,1.0,0.49738357837770053,0.27735647480671394,0.19477494438781703,0.03048500242776828,0.08008239656047961,0.24179608466277208,1.0,0.5198584558555169,0.3675115707366903,0.09738747219390852,0.01524250121388414,0.0,0.18501913765376582,1.0,0.5080126178781067,0.2992750121536207,0.15717504917520633,0.035537320793065694
25,0.18693099886922376,0.19152875911742276,0.31306900113077624,115,31,0.0,0,0,20,0.514522239341764,0.545,0.2985467617890123,0.455,0.15245979769995008,0.0,0.034471201169273706,0.0,0.18693099886922376,0.3544260580705648,1.0,0.5423333333333333,0.45766666666666667,0.0,0.0,0.0423151466878671,0.17439009815335943,1.0,0.49738357837770053,0.27735647480671394,0.19477494438781703,0.03048500242776828,0.07430102546143103,0.24179608466277208,1.0,0.5198584558555169,0.3675115707366903,0.09738747219390852,0.01524250121388414,0.0,0.19152875911742276,1.0,0.514522239341764,0.2985467617890123,0.15245979769995008,0.034471201169273706
26,0.18132306890314714,0.19784309193716992,0.3186769310968529,129,31,0.0,0,0,20,0.5208365721615111,0.545,0.2978403589353418,0.455,0.14788600376895158,0.0,0.03343706513419551,0.0,0.1813230689031471,0.3544260580705648,1.0,0.5423333333333333,0.45766666666666667,0.0,0.0,0.04688894061886556,0.17439009815335943,1.0,0.49738357837770053,0.27735647480671394,0.19477494438781703,0.03048500242776828,0.06967121180134857,0.24179608466277208,1.0,0.5198584558555169,0.3675115707366903,0.09738747219390852,0.01524250121388414,0.0,0.19784309193716992,1.0,0.5208365721615111,0.2978403589353418,0.14788600376895158,0.03343706513419551
27,0.17588337683605268,0.20396799477232458,0.32411662316394735,110,31,0.0,0,0,20,0.5269614749966658,0.545,0.29715514816728156,0.455,0.14344942365588303,0.0,0.03243395318016963,0.0,0.17588337683605265,0.3544260580705648,1.0,0.5423333333333333,0.45766666666666667,0.0,0.0,0.05132552073193412,0.17439009815335943,1.0,0.49738357837770053,0.27735647480671394,0.19477494438781703,0.03048500242776828,0.0703564225694088,0.24179608466277208,1.0,0.5198584558555169,0.3675115707366903,0.09738747219390852,0.01524250121388414,0.0,0.20396799477232458,1.0,0.5269614749966658,0.29715514816728156,0.14344942365588303,0.03243395318016963
28,0.17060687553097129,0.20990915052242462,0.32939312446902874,121,31,0.0,0,0,20,0.5329026307467656,0.545,0.29649049372226294,0.455,0.1391459409462065,0.0,0.031460934584764545,0.0,0.17060687553097129,0.3544260580705648,1.0,0.5423333333333333,0.45766666666666667,0.0,0.0,0.055629003441610425,0.17439009815335943,1.0,0.49738357837770053,0.27735647480671394,0.19477494438781703,0.03048500242776828,0.0710210770144272,0.24179608466277208,1.0,0.5198584558555169,0.3675115707366903,0.09738747219390852,0.01524250121388414,0.0,0.20990915052242462,1.0,0.5329026307467656,0.29649049372226294,0.1391459409462065,0.031460934584764545
29,0.16548866926504208,0.21567207160002166,0.3345113307349579,115,31,0.0,0,0,20,0.5386655518243627,0.545,0.2958457789105951,0.455,0.13497156271782032,0.0,0.030517106547221597,0.0,0.16548866926504208,0.3544260580705648,1.0,0.5423333333333333,0.45766666666666667,0.0,0.0,0.059803381669996686,0.17439009815335943,1.0,0.49738357837770053,0.27735647480671394,0.19477494438781703,0.03048500242776828,0.07166579182609512,0.24179608466277208,1.0,0.5198584558555169,0.3675115707366903,0.09738747219390852,0.01524250121388414,0.0,0.21567207160002166,1.0,0.5386655518243627,0.2958457789105951,0.13497156271782032,0.030517106547221597
30,0.16052400918709075,0.22126210504529079,0.33947599081290925,139,31,0.0,0,1,30,0.5442555852696319,0.545,0.2952204055432773,0.455,0.13092241583628572,0.0,0.029601593350804936,0.0,0.16052400918709075,0.3544260580705649,1.0,0.545,0.455,0.0,0.0,0.16897257147015865,0.154895754529823,0.0,0.3752830137994733,0.4251866826597848,0.1627755166346493,0.03675478690609254,0.1448729357866151,0.2546609063001939,1.0,0.46014150689973665,0.4400933413298924,0.08138775831732464,0.01837739345304627,0.0,0.22126210504529079,1.0,0.5442555852696319,0.2952204055432773,0.13092241583628572,0.029601593350804936
31,0.16038620662302094,0.22668443748720177,0.34429171108852197,128,31,0.0,0,0,30,0.549677917711543,0.545,0.294613793376979,0.455,0.12699474336119718,0.0,0.02871354555028082,0.0,0.16038620662302094,0.3544260580705649,1.0,0.545,0.455,0.0,0.0,0.17439490391206963,0.154895754529823,0.0,0.3752830137994733,0.4251866826597848,0.1627755166346493,0.03675478690609254,0.14547954795291337,0.2546609063001939,1.0,0.46014150689973665,0.4400933413298924,0.08138775831732464,0.01837739345304627,0.0,0.22668443748720177,1.0,0.549677917711543,0.294613793376979,0.12699474336119718,0.02871354555028082
32,0.16097462042433036,0.23194409995585555,0.34896295975586644,145,31,0.0,0,0,30,0.5549375801801968,0.545,0.29402537957566965,0.455,0.12318490106036124,0.0,0.02785213918377238,0.0,0.16097462042433036,0.3544260580705649,1.0,0.545,0.455,0.0,0.0,0.1796545663807234,0.154895754529823,0.0,0.3752830137994733,0.4251866826597848,0.1627755166346493,0.03675478690609254,0.1460679617542228,0.2546609063001939,1.0,0.46014150689973665,0.4400933413298924,0.08138775831732464,0.01837739345304627,0.0,0.23194409995585555,1.0,0.5549375801801968,0.29402537957566965,0.12318490106036124,0.02785213918377238
33,0.16154538181160044,0.23704597255044974,0.3534940709631905,126,31,0.0,0,0,30,0.560039452774791,0.545,0.2934546181883996,0.455,0.11948935402855031,0.0,0.027016575008259203,0.0,0.16154538181160044,0.3544260580705649,1.0,0.545,0.455,0.0,0.0,0.1847564389753176,0.154895754529823,0.0,0.3752830137994733,0.4251866826597848,0.1627755166346493,0.03675478690609254,0.14663872314149287,0.2546609063001939,1.0,0.46014150689973665,0.4400933413298924,0.08138775831732464,0.01837739345304627,0.0,0.23704597255044974,1.0,0.560039452774791,0.2934546181883996,0.11948935402855031,0.027016575008259203
34,0.16209902035725235,0.24199478896720583,0.35788924883429474,120,31,0.0,0,0,30,0.5649882691915471,0.545,0.2929009796427477,0.455,0.11590467340769388,0.0,0.026206077758011426,0.0,0.16209902035725235,0.3544260580705649,1.0,0.545,0.455,0.0,0.0,0.1897052553920737,0.154895754529823,0.0,0.3752830137994733,0.4251866826597848,0.1627755166346493,0.03675478690609254,0.14719236168714478,0.2546609063001939,1.0,0.46014150689973665,0.4400933413298924,0.08138775831732464,0.01837739345304627,0.0,0.24199478896720583,1.0,0.5649882691915471,0.2929009796427477,0.11590467340769388,0.026206077758011426
35,0.16263604974653484,0.2467951408914595,0.36215257136926593,133,31,0.0,0,0,30,0.5697886211158008,0.545,0.2923639502534652,0.455,0.11242753320546307,0.0,0.02541989542527108,0.0,0.16263604974653484,0.3544260580705649,1.0,0.545,0.455,0.0,0.0,0.19450560731632738,0.154895754529823,0.0,0.3752830137994733,0.4251866826597848,0.1627755166346493,0.03675478690609254,0.1477293910764273,0.2546609063001939,1.0,0.46014150689973665,0.4400933413298924,0.08138775831732464,0.01837739345304627,0.0,0.2467951408914595,1.0,0.5697886211158008,0.2923639502534652,0.11242753320546307,0.02541989542527108
36,0.16315696825413895,0.25145148225798564,0.36628799422818786,119,31,0.0,0,0,30,0.5744449624823268,0.545,0.291843031745861,0.455,0.10905470720929913,0.0,0.024657298562512954,0.0,0.16315696825413895,0.3544260580705649,1.0,0.545,0.455,0.0,0.0,0.19916194868285353,0.154895754529823,0.0,0.3752830137994733,0.4251866826597848,0.1627755166346493,0.03675478690609254,0.14825030958403138,0.2546609063001939,1.0,0.46014150689973665,0.4400933413298924,0.08138775831732464,0.01837739345304627,0.0,0.25145148225798564,1.0,0.5744449624823268,0.291843031745861,0.10905470720929913,0.024657298562512954
37,0.1636622592065146,0.25596813338351565,0.3702993544013422,130,31,0.0,0,0,30,0.5789616136078568,0.545,0.29133774079348534,0.455,0.10578306599302016,0.0,0.02391757960563756,0.0,0.1636622592065146,0.3544260580705649,1.0,0.545,0.455,0.0,0.0,0.20367859980838351,0.154895754529823,0.0,0.3752830137994733,0.4251866826597848,0.1627755166346493,0.03675478690609254,0.14875560053640702,0.2546609063001939,1.0,0.46014150689973665,0.4400933413298924,0.08138775831732464,0.01837739345304627,0.0,0.25596813338351565,1.0,0.5789616136078568,0.29133774079348534,0.10578306599302016,0.02391757960563756
38,0.16415239143031923,0.26034928497528004,0.37419037376930187,147,31,0.0,0,0,30,0.5833427651996211,0.545,0.29084760856968067,0.455,0.10260957401322957,0.0,0.023200052217468445,0.0,0.16415239143031923,0.3544260580705649,1.0,0.545,0.455,0.0,0.0,0.2080597514001479,0.154895754529823,0.0,0.3752830137994733,0.4251866826597848,0.1627755166346493,0.03675478690609254,0.14924573276021166,0.2546609063001939,1.0,0.46014150689973665,0.4400933413298924,0.08138775831732464,0.01837739345304627,0.0,0.26034928497528004,1.0,0.5833427651996211,0.29084760856968067,0.10260957401322957,0.023200052217468445
39,0.16462781968740964,0.26459900201929143,0.3779646625562229,137,31,0.0,0,0,30,0.5875924822436326,0.545,0.2903721803125903,0.455,0.09953128679283266,0.0,0.022504050650944393,0.0,0.16462781968740964,0.3544260580705649,1.0,0.545,0.455,0.0,0.0,0.21230946844415927,0.154895754529823,0.0,0.3752830137994733,0.4251866826597848,0.1627755166346493,0.03675478690609254,0.14972116101730207,0.2546609063001939,1.0,0.46014150689973665,0.4400933413298924,0.08138775831732464,0.01837739345304627,0.0,0.26459900201929143,1.0,0.5875924822436326,0.2903721803125903,0.09953128679283266,0.022504050650944393
40,0.16508898509678732,0.26872122755198236,0.3816257226795363,131,31,0.0,0,1,40,0.5917147077763236,0.545,0.28991101490321275,0.455,0.09654534818904775,0.0,0.02182892913141605,0.0,0.16508898509678732,0.3544260580705649,1.0,0.545,0.455,0.0,0.0,0.06048020859453544,0.22048780416442212,1.0,0.5333260108879958,0.33273573520586136,0.11420083648093438,0.01973741742520821,0.10395685269971805,0.2874569311174935,1.0,0.539163005443998,0.3938678676029307,0.05710041824046719,0.009868708712604105,0.0,0.26872122755198236,1.0,0.5917147077763236,0.28991101490321275,0.09654534818904775,0.02182892913141605
41,0.1655363155438837,0.2727197863186927,0.38517695099915017,127,31,0.0,0,0,40,0.5957132665430339,0.545,0.2894636844561163,0.455,0.09364898774337628,0.0,0.021174061257473568,0.0,0.1655363155438837,0.3544260580705649,1.0,0.545,0.455,0.0,0.0,0.06382389948730331,0.22048780416442212,1.0,0.5333260108879958,0.33273573520586136,0.11420083648093438,0.01973741742520821,0.10440418314681443,0.2874569311174935,1.0,0.539163005443998,0.3938678676029307,0.05710041824046719,0.009868708712604105,0.0,0.2727197863186927,1.0,0.5957132665430339,0.2894636844561163,0.09364898774337628,0.021174061257473568
42,0.16597022607756737,0.2765983883224018,0.3886216424691759,124,31,0.0,0,0,40,0.5995918685467433,0.545,0.2890297739224329,0.455,0.09083951811107498,0.0,0.020538839419749357,0.0,0.16597022607756737,0.3544260580705649,1.0,0.545,0.455,0.0,0.0,0.06706727965328824,0.22048780416442212,1.0,0.5333260108879958,0.33273573520586136,0.11420083648093438,0.01973741742520821,0.10483809368049808,0.2874569311174935,1.0,0.539163005443998,0.3938678676029307,0.05710041824046719,0.009868708712604105,0.0,0.2765983883224018,1.0,0.5995918685467433,0.2890297739224329,0.09083951811107498,0.020538839419749357
43,0.16639111929524017,0.28036063226599944,0.3919629931951005,137,31,0.0,0,0,40,0.6033541124903407,0.545,0.2886088807047599,0.455,0.0881143325677427,0.0,0.019922674237156875,0.0,0.16639111929524017,0.3544260580705649,1.0,0.545,0.455,0.0,0.0,0.07021335841429334,0.22048780416442212,1.0,0.5333260108879958,0.33273573520586136,0.11420083648093438,0.01973741742520821,0.10525898689817088,0.2874569311174935,1.0,0.539163005443998,0.3938678676029307,0.05710041824046719,0.009868708712604105,0.0,0.28036063226599944,1.0,0.6033541124903407,0.2886088807047599,0.0881143325677427,0.019922674237156875
44,0.16679938571638303,0.28401000889128925,0.3952041033992474,111,31,0.0,0,0,40,0.6070034891156304,0.545,0.28820061428361693,0.455,0.08547090259071045,0.0,0.01932499401004217,0.0,0.16679938571638303,0.3544260580705649,1.0,0.545,0.455,0.0,0.0,0.0736774782276345,0.22048780416442212,1.0,0.5333260108879958,0.33273573520586136,0.11420083648093438,0.01973741742520821,0.10566725331931374,0.2874569311174935,1.0,0.539163005443998,0.3938678676029307,0.05710041824046719,0.009868708712604105,0.0,0.28401000889128925,1.0,0.6070034891156304,0.28820061428361693,0.08547090259071045,0.01932499401004217
45,0.1671954041448915,0.2875499042178203,0.39834798029727,127,31,0.0,0,0,40,0.6105433844421615,0.545,0.2878045958551085,0.455,0.08290677551298913,0.0,0.018745244189740905,0.0,0.1671954041448915,0.3544260580705649,1.0,0.545,0.455,0.0,0.0,0.07721737355416555,0.22048780416442212,1.0,0.5333260108879958,0.33273573520586136,0.11420083648093438,0.01973741742520821,0.10606327174782224,0.2874569311174935,1.0,0.539163005443998,0.3938678676029307,0.05710041824046719,0.009868708712604105,0.0,0.2875499042178203,1.0,0.6105433844421615,0.2878045958551085,0.08290677551298913,0.018745244189740905
46,0.16757954202054473,0.29098360268455536,0.4013975408883518,136,31,0.0,0,0,40,0.6139770829088965,0.545,0.28742045797945515,0.455,0.08041957224759945,0.0,0.018182886864048686,0.0,0.16757954202054473,0.3544260580705649,1.0,0.545,0.455,0.0,0.0,0.0806510720209007,0.22048780416442212,1.0,0.5333260108879958,0.33273573520586136,0.11420083648093438,0.01973741742520821,0.10644740962347546,0.2874569311174935,1.0,0.539163005443998,0.3938678676029307,0.05710041824046719,0.009868708712604105,0.0,0.29098360268455536,1.0,0.6139770829088965,0.28742045797945515,0.08041957224759945,0.018182886864048686
47,0.16795215575992825,0.2943142901972884,0.4043556146617014,134,31,0.0,0,0,40,0.6173077704216297,0.545,0.2870478442400718,0.455,0.07800698508017145,0.0,0.01763740025812722,0.0,0.16795215575992825,0.3544260580705649,1.0,0.545,0.455,0.0,0.0,0.08398175953363367,0.22048780416442212,1.0,0.5333260108879958,0.33273573520586136,0.11420083648093438,0.01973741742520821,0.10682002336285898,0.2874569311174935,1.0,0.539163005443998,0.3938678676029307,0.05710041824046719,0.009868708712604105,0.0,0.2943142901972884,1.0,0.6173077704216297,0.2870478442400718,0.07800698508017145,0.01763740025812722
48,0.16831359108713065,0.2975450570846398,0.40722494622185035,131,31,0.0,0,0,40,0.620538537308981,0.545,0.2866864089128694,0.455,0.07566677552776631,0.0,0.0171082782503834,0.0,0.16831359108713065,0.3544260580705649,1.0,0.545,0.455,0.0,0.0,0.08721252642098504,0.22048780416442212,1.0,0.5333260108879958,0.33273573520586136,0.11420083648093438,0.01973741742520821,0.10718145869006136,0.2874569311174935,1.0,0.539163005443998,0.3938678676029307,0.05710041824046719,0.009868708712604105,0.0,0.2975450570846398,1.0,0.620538537308981,0.2866864089128694,0.07566677552776631,0.0171082782503834
49,0.16866418335451663,0.3006789009653702,0.4100081978351948,135,31,0.0,0,0,40,0.6236723811897115,0.545,0.2863358166454834,0.455,0.07339677226193334,0.0,0.016595029902871906,0.0,0.16866418335451663,0.3544260580705649,1.0,0.545,0.455,0.0,0.0,0.09034637030171548,0.22048780416442212,1.0,0.5333260108879958,0.33273573520586136,0.11420083648093438,0.01973741742520821,0.10753205095744736,0.2874569311174935,1.0,0.539163005443998,0.3938678676029307,0.05710041824046719,0.009868708712604105,0.0,0.3006789009653702,1.0,0.6236723811897115,0.2863358166454834,0.07339677226193334,0.016595029902871906
50,0.16900425785388098,0.30371872952967877,0.41270795190013887,111,31,0.0,0,1,50,0.6267122097540199,0.545,0.2859957421461189,0.455,0.07119486909407531,0.0,0.01609717900578574,0.0,0.16900425785388098,0.3544260580705649,1.0,0.545,0.455,0.0,0.0,0.03379800875512347,0.3277237002275669,1.0,0.6507171804519082,0.2538984525372399,0.08098790715131059,0.014396459859541378,0.06845348412250095,0.3067338745651389,1.0,0.5978585902259541,0.35444922626861997,0.04049395357565529,0.007198229929770689,0.0,0.30371872952967877,1.0,0.6267122097540199,0.2859957421461189,0.07119486909407531,0.01609717900578574
51,0.16933413011826454,0.3066673632370581,0.41532671334313476,115,31,0.0,0,0,50,0.6296608434613993,0.545,0.2856658698817354,0.455,0.06905902302125305,0.0,0.015614263635612175,0.0,0.16933413011826454,0.3544260580705649,1.0,0.545,0.455,0.0,0.0,0.03298522112056637,0.3277237002275669,1.0,0.6507171804519082,0.2538984525372399,0.08098790715131059,0.014396459859541378,0.06878335638688447,0.3067338745651389,1.0,0.5978585902259541,0.35444922626861997,0.04049395357565529,0.007198229929770689,0.0,0.3066673632370581,1.0,0.6296608434613993,0.2856658698817354,0.06905902302125305,0.015614263635612175
52,0.1696541062147167,0.30952753793321625,0.41786691194284054,115,31,0.0,0,0,50,0.6325210181575572,0.545,0.28534589378528313,0.455,0.06698725233061548,0.0,0.01514583572654381,0.0,0.1696541062147167,0.3544260580705649,1.0,0.545,0.455,0.0,0.0,0.03219681711504585,0.3277237002275669,1.0,0.6507171804519082,0.2538984525372399,0.08098790715131059,0.014396459859541378,0.06910333248333662,0.3067338745651389,1.0,0.5978585902259541,0.35444922626861997,0.04049395357565529,0.007198229929770689,0.0,0.30952753793321625,1.0,0.6325210181575572,0.28534589378528313,0.06698725233061548,0.01514583572654381
53,0.16996448302827505,0.3123019073884894,0.42033090458455535,136,31,0.0,0,0,50,0.6352953876128304,0.545,0.28503551697172474,0.455,0.06497763476069698,0.0,0.014691460654747484,0.0,0.16996448302827505,0.3544260580705649,1.0,0.545,0.455,0.0,0.0,0.031432065229691136,0.3277237002275669,1.0,0.6507171804519082,0.2538984525372399,0.08098790715131059,0.014396459859541378,0.06941370929689501,0.3067338745651389,1.0,0.5978585902259541,0.35444922626861997,0.04049395357565529,0.007198229929770689,0.0,0.3123019073884894,1.0,0.6352953876128304,0.28503551697172474,0.06497763476069698,0.014691460654747484
54,0.17026554853742687,0.31499304576010456,0.4227209774470188,135,31,0.0,0,0,50,0.6379865259844457,0.545,0.28473445146257303,0.455,0.06302830571787607,0.0,0.014250716835105063,0.0,0.17026554853742687,0.3544260580705649,1.0,0.545,0.455,0.0,0.0,0.03083599892533321,0.3277237002275669,1.0,0.6507171804519082,0.2538984525372399,0.08098790715131059,0.014396459859541378,0.06971477480604685,0.3067338745651389,1.0,0.5978585902259541,0.35444922626861997,0.04049395357565529,0.007198229929770689,0.0,0.31499304576010456,1.0,0.6379865259844457,0.28473445146257303,0.06302830571787607,0.014250716835105063
55,0.17055758208130425,0.31760344998057133,0.42503934812360833,129,31,0.0,0,0,50,0.6405969302049126,0.545,0.2844424179186958,0.455,0.06113745654633982,0.0,0.01382319533005191,0.0,0.17055758208130425,0.3544260580705649,1.0,0.545,0.455,0.0,0.0,0.03054396538145585,0.3277237002275669,1.0,0.6507171804519082,0.2538984525372399,0.08098790715131059,0.014396459859541378,0.07000680834992419,0.3067338745651389,1.0,0.5978585902259541,0.35444922626861997,0.04049395357565529,0.007198229929770689,0.0,0.31760344998057133,1.0,0.6405969302049126,0.2844424179186958,0.06113745654633982,0.01382319533005191
56,0.1708408546188652,0.320135542074424,0.4272881676799002,139,31,0.0,0,0,50,0.6431290222987653,0.545,0.2841591453811349,0.455,0.059303332849949576,0.0,0.013408499470150359,0.0,0.1708408546188652,0.3544260580705649,1.0,0.545,0.455,0.0,0.0,0.030260692843894932,0.3277237002275669,1.0,0.6507171804519082,0.2538984525372399,0.08098790715131059,0.014396459859541378,0.07029008088748512,0.3067338745651389,1.0,0.5978585902259541,0.35444922626861997,0.04049395357565529,0.007198229929770689,0.0,0.320135542074424,1.0,0.6431290222987653,0.2841591453811349,0.059303332849949576,0.013408499470150359
57,0.17111562898029903,0.3225916714054609,0.42946952264950305,129,31,0.0,0,0,50,0.6455851516298021,0.545,0.28388437101970093,0.455,0.0575242328644511,0.0,0.013006244486045837,0.0,0.17111562898029903,0.3544260580705649,1.0,0.545,0.455,0.0,0.0,0.02998591848246105,0.3277237002275669,1.0,0.6507171804519082,0.2538984525372399,0.08098790715131059,0.014396459859541378,0.07056485524891899,0.3067338745651389,1.0,0.5978585902259541,0.35444922626861997,0.04049395357565529,0.007198229929770689,0.0,0.3225916714054609,1.0,0.6455851516298021,0.28388437101970093,0.0575242328644511,0.013006244486045837
58,0.17138216011089005,0.3249741168565668,0.43158543697001783,109,31,0.0,0,0,50,0.6479675970809079,0.545,0.2836178398891098,0.455,0.05579850587851761,0.0,0.012616057151464475,0.0,0.17138216011089005,0.3544260580705649,1.0,0.545,0.455,0.0,0.0,0.029719387351870036,0.3277237002275669,1.0,0.6507171804519082,0.2538984525372399,0.08098790715131059,0.014396459859541378,0.07083138637951002,0.3067338745651389,1.0,0.5978585902259541,0.35444922626861997,0.04049395357565529,0.007198229929770689,0.0,0.3249741168565668,1.0,0.6479675970809079,0.2836178398891098,0.05579850587851761,0.012616057151464475
59,0.1716406953075636,0.3272850889441398,0.4336378738609176,111,31,0.0,0,0,50,0.6502785691684813,0.545,0.2833593046924366,0.455,0.054124550702162044,0.0,0.012237575436920528,0.0,0.1716406953075636,0.3544260580705649,1.0,0.545,0.455,0.0,0.0,0.029460852155196494,0.3277237002275669,1.0,0.6507171804519082,0.2538984525372399,0.08098790715131059,0.014396459859541378,0.07108992157618356,0.3067338745651389,1.0,0.5978585902259541,0.35444922626861997,0.04049395357565529,0.007198229929770689,0.0,0.3272850889441398,1.0,0.6502785691684813,0.2833593046924366,0.054124550702162044,0.012237575436920528
60,0.17189147444833636,0.32952673186908504,0.4356287376450898,129,31,0.0,0,1,60,0.6525202120934261,0.545,0.28310852555166355,0.455,0.05250081418109718,0.0,0.011870448173812921,0.0,0.17189147444833636,0.3544260580705649,1.0,0.545,0.455,0.0,0.0,0.11348145086788053,0.41887859448790843,1.0,0.7418720747122496,0.17320379911198336,0.07663040243015436,0.008293723745612661,0.030993374004328045,0.3204425571317836,1.0,0.6434360373561248,0.31410189955599166,0.03831520121507718,0.004146861872806331,0.0,0.32952673186908504,1.0,0.6525202120934261,0.28310852555166355,0.05250081418109718,0.011870448173812921
61,0.17213473021488665,0.33170112550628267,0.43755987551573733,115,31,0.0,0,0,60,0.654694605730624,0.545,0.2828652697851135,0.455,0.050925789755664294,0.0,0.011514334728598528,0.0,0.17213473021488665,0.3544260580705649,1.0,0.545,0.455,0.0,0.0,0.11288208165611584,0.41887859448790843,1.0,0.7418720747122496,0.17320379911198336,0.07663040243015436,0.008293723745612661,0.03123662977087835,0.3204425571317836,1.0,0.6434360373561248,0.31410189955599166,0.03831520121507718,0.004146861872806331,0.0,0.33170112550628267,1.0,0.654694605730624,0.2828652697851135,0.050925789755664294,0.011514334728598528
62,0.17237068830843982,0.33381028733436374,0.4394330792502651,114,31,0.0,0,0,60,0.656803767558705,0.545,0.2826293116915602,0.455,0.04939801606299435,0.0,0.011168904686740568,0.0,0.17237068830843982,0.3544260580705649,1.0,0.545,0.455,0.0,0.0,0.1123006935207047,0.41887859448790843,1.0,0.7418720747122496,0.17320379911198336,0.07663040243015436,0.008293723745612661,0.03147258786443154,0.3204425571317836,1.0,0.6434360373561248,0.31410189955599166,0.03831520121507718,0.004146861872806331,0.0,0.33381028733436374,1.0,0.656803767558705,0.2826293116915602,0.04939801606299435,0.011168904686740568
63,0.17259956765918674,0.3358561743076027,0.44125008687275713,135,31,0.0,0,0,60,0.6588496545319439,0.545,0.28240043234081325,0.455,0.047916075581104486,0.0,0.010833837546138354,0.0,0.17259956765918674,0.3544260580705649,1.0,0.545,0.455,0.0,0.0,0.11173674702935557,0.41887859448790843,1.0,0.7418720747122496,0.17320379911198336,0.07663040243015436,0.008293723745612661,0.031701467215178435,0.3204425571317836,1.0,0.6434360373561248,0.31410189955599166,0.03831520121507718,0.004146861872806331,0.0,0.3358561743076027,1.0,0.6588496545319439,0.28240043234081325,0.047916075581104486,0.010833837546138354
64,0.17282158062941097,0.3378406846716442,0.4430125842665745,118,31,0.0,0,0,60,0.6608341648959855,0.545,0.2821784193705891,0.455,0.04647859331367135,0.0,0.010508822419754208,0.0,0.17282158062941097,0.3544260580705649,1.0,0.545,0.455,0.0,0.0,0.1111897189327472,0.41887859448790843,1.0,0.7418720747122496,0.17320379911198336,0.07663040243015436,0.008293723745612661,0.03192348018540267,0.3204425571317836,1.0,0.6434360373561248,0.31410189955599166,0.03831520121507718,0.004146861872806331,0.0,0.3378406846716442,1.0,0.6608341648959855,0.2821784193705891,0.04647859331367135,0.010508822419754208
65,0.17303693321052876,0.3397656597247648,0.44472220673857715,131,31,0.0,0,0,60,0.662759139949106,0.545,0.2819630667894712,0.455,0.04508423551426123,0.0,0.01019355774716158,0.0,0.17303693321052876,0.3544260580705649,1.0,0.545,0.455,0.0,0.0,0.11065910167903675,0.41887859448790843,1.0,0.7418720747122496,0.17320379911198336,0.07663040243015436,0.008293723745612661,0.032138832766520485,0.3204425571317836,1.0,0.6434360373561248,0.31410189955599166,0.03831520121507718,0.004146861872806331,0.0,0.3397656597247648,1.0,0.662759139949106,0.2819630667894712,0.04508423551426123,0.01019355774716158
66,0.17324582521421292,0.34163288552629156,0.4463805405364199,120,31,0.0,0,0,60,0.6646263657506328,0.545,0.28175417478578707,0.455,0.04373170844883341,0.0,0.009887751014746728,0.0,0.17324582521421292,0.3544260580705649,1.0,0.545,0.455,0.0,0.0,0.11014440294293774,0.41887859448790843,1.0,0.7418720747122496,0.17320379911198336,0.07663040243015436,0.008293723745612661,0.032347724770204644,0.3204425571317836,1.0,0.6434360373561248,0.31410189955599166,0.03831520121507718,0.004146861872806331,0.0,0.34163288552629156,1.0,0.6646263657506328,0.28175417478578707,0.04373170844883341,0.009887751014746728
67,0.1734484504577863,0.3434440945537724,0.4479891243203272,131,31,0.0,0,0,60,0.6664375747781135,0.545,0.28155154954221356,0.455,0.042419757195368404,0.0,0.009591118484304334,0.0,0.1734484504577863,0.3544260580705649,1.0,0.545,0.455,0.0,0.0,0.10964514516892196,0.41887859448790843,1.0,0.7418720747122496,0.17320379911198336,0.07663040243015436,0.008293723745612661,0.03255035001377803,0.3204425571317836,1.0,0.6434360373561248,0.31410189955599166,0.03831520121507718,0.004146861872806331,0.0,0.3434440945537724,1.0,0.6664375747781135,0.28155154954221356,0.042419757195368404,0.009591118484304334
68,0.17364499694405297,0.34520096731042926,0.4495494505907175,104,31,0.0,0,0,60,0.6681944475347705,0.545,0.2813550030559471,0.455,0.041147164479507344,0.0,0.009303384929775192,0.0,0.17364499694405297,0.3544260580705649,1.0,0.545,0.455,0.0,0.0,0.10916086512812616,0.41887859448790843,1.0,0.7418720747122496,0.17320379911198336,0.07663040243015436,0.008293723745612661,0.03274689650004469,0.3204425571317836,1.0,0.6434360373561248,0.31410189955599166,0.03831520121507718,0.004146861872806331,0.0,0.34520096731042926,1.0,0.6681944475347705,0.2813550030559471,0.041147164479507344,0.009303384929775192
69,0.17383564703573115,0.34690513388438593,0.45106296707299587,147,31,0.0,0,0,60,0.6698986141087271,0.545,0.2811643529642688,0.455,0.03991274954512211,0.0,0.009024283381881942,0.0,0.17383564703573115,0.3544260580705649,1.0,0.545,0.455,0.0,0.0,0.10869111348855473,0.41887859448790843,1.0,0.7418720747122496,0.17320379911198336,0.07663040243015436,0.008293723745612661,0.03293754659172288,0.3204425571317836,1.0,0.6434360373561248,0.31410189955599166,0.03831520121507718,0.004146861872806331,0.0,0.34690513388438593,1.0,0.6698986141087271,0.2811643529642688,0.03991274954512211,0.009024283381881942
70,0.17402057762465944,0.34855817546112433,0.452531078060806,127,31,0.0,0,1,70,0.6715516556854655,0.545,0.2809794223753405,0.455,0.03871536705876842,0.0,0.008753554880425484,0.0,0.17402057762465944,0.3544260580705649,1.0,0.545,0.455,0.0,0.0,0.05192695569897728,0.3033700239760053,1.0,0.6196246999864883,0.3293192659189522,0.04018749687355764,0.01086853722100191,0.11118021058413555,0.32889804102328507,1.0,0.5823123499932441,0.3921596329594761,0.02009374843677882,0.005434268610500955,0.0,0.34855817546112433,1.0,0.6715516556854655,0.2809794223753405,0.03871536705876842,0.008753554880425484
71,0.17419996029591955,0.3501616257905602,0.4539551457189819,133,31,0.0,0,0,70,0.6731551060149015,0.545,0.28080003970408046,0.455,0.037553906047005405,0.0,0.008490948234012715,0.0,0.17419996029591955,0.3544260580705649,1.0,0.545,0.455,0.0,0.0,0.05353040602841319,0.3033700239760053,1.0,0.6196246999864883,0.3293192659189522,0.04018749687355764,0.01086853722100191,0.11135959325539567,0.32889804102328507,1.0,0.5823123499932441,0.3921596329594761,0.02009374843677882,0.005434268610500955,0.0,0.3501616257905602,1.0,0.6731551060149015,0.28080003970408046,0.037553906047005405,0.008490948234012715
72,0.174373961487042,0.3517169726101132,0.4553364913474124,125,31,0.0,0,0,70,0.6747104528344544,0.545,0.280626038512958,0.455,0.03642728886559524,0.0,0.008236219786992335,0.0,0.174373961487042,0.3544260580705649,1.0,0.545,0.455,0.0,0.0,0.05508575284796617,0.3033700239760053,1.0,0.6196246999864883,0.3293192659189522,0.04018749687355764,0.01086853722100191,0.11153359444651811,0.32889804102328507,1.0,0.5823123499932441,0.3921596329594761,0.02009374843677882,0.005434268610500955,0.0,0.3517169726101132,1.0,0.6747104528344544,0.280626038512958,0.03642728886559524,0.008236219786992335
73,0.1745427426424307,0.3532256590250796,0.45667639660699,120,31,0.0,0,0,70,0.6762191392494207,0.545,0.2804572573575692,0.455,0.035334470199627384,0.0,0.007989133193382568,0.0,0.1745427426424307,0.3544260580705649,1.0,0.545,0.455,0.0,0.0,0.0565944392629325,0.3033700239760053,1.0,0.6196246999864883,0.3293192659189522,0.04018749687355764,0.01086853722100191,0.11170237560190682,0.32889804102328507,1.0,0.5823123499932441,0.3921596329594761,0.02009374843677882,0.005434268610500955,0.0,0.3532256590250796,1.0,0.6762191392494207,0.2804572573575692,0.035334470199627384,0.007989133193382568
74,0.1747064603631579,0.3546890848475971,0.4579761047087805,128,31,0.0,0,0,70,0.6776825650719384,0.545,0.28029353963684217,0.455,0.03427443609363855,0.0,0.0077494591975810915,0.0,0.1747064603631579,0.3544260580705649,1.0,0.545,0.455,0.0,0.0,0.05805786508545002,0.3033700239760053,1.0,0.6196246999864883,0.3293192659189522,0.04018749687355764,0.01086853722100191,0.11186609332263402,0.32889804102328507,1.0,0.5823123499932441,0.3921596329594761,0.02009374843677882,0.005434268610500955,0.0,0.3546890848475971,1.0,0.6776825650719384,0.28029353963684217,0.03427443609363855,0.0077494591975810915
75,0.17486526655226278,0.3561086078954385,0.4592368215675168,126,31,0.0,0,0,70,0.6791020881197796,0.545,0.280134733447737,0.455,0.03324620301082939,0.0,0.007516975421653657,0.0,0.17486526655226278,0.3544260580705649,1.0,0.545,0.455,0.0,0.0,0.059477388133291516,0.3033700239760053,1.0,0.6196246999864883,0.3293192659189522,0.04018749687355764,0.01086853722100191,0.11202489951173891,0.32889804102328507,1.0,0.5823123499932441,0.3921596329594761,0.02009374843677882,0.005434268610500955,0.0,0.3561086078954385,1.0,0.6791020881197796,0.280134733447737,0.03324620301082939,0.007516975421653657
76,0.17501930855569506,0.3574855452518453,0.46045971692049137,119,31,0.0,0,0,70,0.6804790254761864,0.545,0.2799806914443049,0.455,0.032248816920504526,0.0,0.007291466159004042,0.0,0.17501930855569506,0.3544260580705649,1.0,0.545,0.455,0.0,0.0,0.06085432548969824,0.3033700239760053,1.0,0.6196246999864883,0.3293192659189522,0.04018749687355764,0.01086853722100191,0.11217894151517117,0.32889804102328507,1.0,0.5823123499932441,0.3921596329594761,0.02009374843677882,0.005434268610500955,0.0,0.3574855452518453,1.0,0.6804790254761864,0.2799806914443049,0.032248816920504526,0.007291466159004042
77,0.17516872929902427,0.3588211744875598,0.46164592541287663,123,31,0.0,0,0,70,0.681814654711901,0.545,0.2798312707009757,0.455,0.03128135241288938,0.0,0.007072722174233924,0.0,0.17516872929902427,0.3544260580705649,1.0,0.545,0.455,0.0,0.0,0.06218995472541272,0.3033700239760053,1.0,0.6196246999864883,0.3293192659189522,0.04018749687355764,0.01086853722100191,0.11232836225850039,0.32889804102328507,1.0,0.5823123499932441,0.3921596329594761,0.02009374843677882,0.005434268610500955,0.0,0.3588211744875598,1.0,0.681814654711901,0.2798312707009757,0.03128135241288938,0.007072722174233924
78,0.17531366742005358,0.36011673484620277,0.4627965476504903,119,31,0.0,0,0,70,0.6831102150705439,0.545,0.27968633257994635,0.455,0.030342911840502695,0.0,0.006860540509006907,0.0,0.17531366742005358,0.3544260580705649,1.0,0.545,0.455,0.0,0.0,0.06348551508405573,0.3033700239760053,1.0,0.6196246999864883,0.3293192659189522,0.04018749687355764,0.01086853722100191,0.11247330037952968,0.32889804102328507,1.0,0.5823123499932441,0.3921596329594761,0.02009374843677882,0.005434268610500955,0.0,0.36011673484620277,1.0,0.6831102150705439,0.27968633257994635,0.030342911840502695,0.006860540509006907
79,0.175454257397452,0.3613734283940865,0.46391265122097575,114,31,0.0,0,0,70,0.6843669086184277,0.545,0.27954574260254805,0.455,0.02943262448528762,0.0,0.006654724293736702,0.0,0.175454257397452,0.3544260580705649,1.0,0.545,0.455,0.0,0.0,0.06474220863193944,0.3033700239760053,1.0,0.6196246999864883,0.3293192659189522,0.04018749687355764,0.01086853722100191,0.11261389035692812,0.32889804102328507,1.0,0.5823123499932441,0.3921596329594761,0.02009374843677882,0.005434268610500955,0.0,0.3613734283940865,1.0,0.6843669086184277,0.27954574260254805,0.02943262448528762,0.006654724293736702
80,0.17559062967552846,0.36259242113553364,0.4649952716843465,136,31,0.0,0,1,80,0.685585901359875,0.545,0.2794093703244716,0.455,0.028549645750728984,0.0,0.006455082564924598,0.0,0.17559062967552846,0.3544260580705649,1.0,0.545,0.455,0.0,0.0,0.028839835600217807,0.3914322567357515,1.0,0.7144257369600927,0.26383329361071156,0.01978089246712519,0.0019600769620705728,0.08000727648088424,0.3435555733559669,1.0,0.6297128684800464,0.3594166468053558,0.009890446233562595,0.0009800384810352864,0.0,0.36259242113553364,1.0,0.685585901359875,0.2794093703244716,0.028549645750728984,0.006455082564924598
81,0.17572291078526256,0.36377484409473737,0.46604541353381607,122,31,0.0,0,0,80,0.6867683243190786,0.545,0.2792770892147375,0.455,0.027693156378207122,0.0,0.0062614300879768586,0.0,0.17572291078526256,0.3544260580705649,1.0,0.545,0.455,0.0,0.0,0.027657412641014106,0.3914322567357515,1.0,0.7144257369600927,0.26383329361071156,0.01978089246712519,0.0019600769620705728,0.08013955759061833,0.3435555733559669,1.0,0.6297128684800464,0.3594166468053558,0.009890446233562595,0.0009800384810352864,0.0,0.36377484409473737,1.0,0.6867683243190786,0.2792770892147375,0.027693156378207122,0.0062614300879768586
82,0.17585122346170481,0.3649217943651652,0.4670640511278016,140,31,0.0,0,0,80,0.6879152745895064,0.545,0.27914877653829523,0.455,0.0268623616868609,0.0,0.006073587185337552,0.0,0.17585122346170481,0.3544260580705649,1.0,0.545,0.455,0.0,0.0,0.026510462370586324,0.3914322567357515,1.0,0.7144257369600927,0.26383329361071156,0.01978089246712519,0.0019600769620705728,0.08026787026706057,0.3435555733559669,1.0,0.6297128684800464,0.3594166468053558,0.009890446233562595,0.0009800384810352864,0.0,0.3649217943651652,1.0,0.6879152745895064,0.27914877653829523,0.0268623616868609,0.006073587185337552
83,0.1759756867578534,0.3660343361274797,0.46805212959396736,141,31,0.0,0,0,80,0.6890278163518208,0.545,0.2790243132421464,0.455,0.02605649083625507,0.0,0.005891379569777426,0.0,0.1759756867578534,0.3544260580705649,1.0,0.545,0.455,0.0,0.0,0.025397920608271753,0.3914322567357515,1.0,0.7144257369600927,0.26383329361071156,0.01978089246712519,0.0019600769620705728,0.0803923335632092,0.3435555733559669,1.0,0.6297128684800464,0.3594166468053558,0.009890446233562595,0.0009800384810352864,0.0,0.3660343361274797,1.0,0.6890278163518208,0.2790243132421464,0.02605649083625507,0.005891379569777426
84,0.17609641615511792,0.3671135016369252,0.46901056570614824,125,31,0.0,0,0,80,0.6901069818612662,0.545,0.27890358384488184,0.455,0.025274796111167428,0.0,0.005714638182684107,0.0,0.17609641615511792,0.3544260580705649,1.0,0.545,0.455,0.0,0.0,0.02431875509882629,0.3914322567357515,1.0,0.7144257369600927,0.26383329361071156,0.01978089246712519,0.0019600769620705728,0.08051306296047371,0.3435555733559669,1.0,0.6297128684800464,0.3594166468053558,0.009890446233562595,0.0009800384810352864,0.0,0.3671135016369252,1.0,0.6901069818612662,0.27890358384488184,0.025274796111167428,0.005714638182684107
85,0.1762135236704645,0.36816029218108737,0.46994024873496426,129,31,0.0,0,0,80,0.6911537724054287,0.545,0.2787864763295357,0.455,0.02451655222783239,0.0,0.00554319903720358,0.0,0.1762135236704645,0.3544260580705649,1.0,0.545,0.455,0.0,0.0,0.02327196455466414,0.3914322567357515,1.0,0.7144257369600927,0.26383329361071156,0.01978089246712519,0.0019600769620705728,0.08063017047582029,0.3435555733559669,1.0,0.6297128684800464,0.3594166468053558,0.009890446233562595,0.0009800384810352864,0.0,0.36816029218108737,1.0,0.6911537724054287,0.2787864763295357,0.02451655222783239,0.00554319903720358
86,0.1763271179603506,0.36917567900892456,0.4708420412729152,112,31,0.0,0,0,80,0.6921691592332658,0.545,0.27867288203964946,0.455,0.023781055660997426,0.0,0.005376903066087473,0.0,0.1763271179603506,0.3544260580705649,1.0,0.545,0.455,0.0,0.0,0.022256577726826956,0.3914322567357515,1.0,0.7144257369600927,0.26383329361071156,0.01978089246712519,0.0019600769620705728,0.0807437647657064,0.3435555733559669,1.0,0.6297128684800464,0.3594166468053558,0.009890446233562595,0.0009800384810352864,0.0,0.36917567900892456,1.0,0.6921691592332658,0.27867288203964946,0.023781055660997426,0.005376903066087473
87,0.17643730442153993,0.3701606042319263,0.47171678003472756,134,31,0.0,0,0,80,0.6931540844562675,0.545,0.27856269557846,0.455,0.023067623991167505,0.0,0.005215595974104851,0.0,0.17643730442153993,0.3544260580705649,1.0,0.545,0.455,0.0,0.0,0.02127165250382512,0.3914322567357515,1.0,0.7144257369600927,0.26383329361071156,0.01978089246712519,0.0019600769620705728,0.08085395122689569,0.3435555733559669,1.0,0.6297128684800464,0.3594166468053558,0.009890446233562595,0.0009800384810352864,0.0,0.3701606042319263,1.0,0.6931540844562675,0.27856269557846,0.023067623991167505,0.005215595974104851
88,0.17654418528889387,0.37111598169823856,0.4725652766336857,125,31,0.0,0,0,80,0.6941094619225796,0.545,0.278455814711106,0.455,0.02237559527143248,0.0,0.005059128094881706,0.0,0.17654418528889387,0.3544260580705649,1.0,0.545,0.455,0.0,0.0,0.02031627503751297,0.3914322567357515,1.0,0.7144257369600927,0.26383329361071156,0.01978089246712519,0.0019600769620705728,0.08096083209424967,0.3435555733559669,1.0,0.6297128684800464,0.3594166468053558,0.009890446233562595,0.0009800384810352864,0.0,0.37111598169823856,1.0,0.6941094619225796,0.278455814711106,0.02237559527143248,0.005059128094881706
89,0.1766478597302268,0.3720426978405609,0.4733883183346752,121,31,0.0,0,0,80,0.695036178064902,0.545,0.2783521402697731,0.455,0.0217043274132895,0.0,0.004907354252035253,0.0,0.1766478597302268,0.3544260580705649,1.0,0.545,0.455,0.0,0.0,0.01938955889519061,0.3914322567357515,1.0,0.7144257369600927,0.26383329361071156,0.01978089246712519,0.0019600769620705728,0.0810645065355826,0.3435555733559669,1.0,0.6297128684800464,0.3594166468053558,0.009890446233562595,0.0009800384810352864,0.0,0.3720426978405609,1.0,0.695036178064902,0.2783521402697731,0.0217043274132895,0.004907354252035253
90,0.17674842393832013,0.3729416124986139,0.4741866687846349,126,22,0.0,0,1,90,0.6959350927229551,0.545,0.2782515760616798,0.455,0.021053197590890818,0.0,0.004760133624474195,0.0,0.17674842393832013,0.3544260580705649,1.0,0.545,0.455,0.0,0.0,0.02781373923076357,0.4007553517293775,1.0,0.7237488319537188,0.25976600312587966,0.015395239033242407,0.0010899258871592678,0.07913142550125996,0.34618347561036406,1.0,0.6343744159768594,0.35738300156293984,0.0076976195166212034,0.0005449629435796339,0.0,0.3729416124986139,1.0,0.6959350927229551,0.2782515760616798,0.021053197590890818,0.004760133624474195
91,0.17684597122017062,0.37381355971692537,0.4749610687210961,133,22,0.0,0,0,90,0.6968070399412667,0.545,0.2781540287798295,0.455,0.020421601663164098,0.0,0.004617329615739966,0.0,0.17684597122017062,0.3544260580705649,1.0,0.545,0.455,0.0,0.0,0.026941792012452132,0.4007553517293775,1.0,0.7237488319537188,0.25976600312587966,0.015395239033242407,0.0010899258871592678,0.07922897278311043,0.34618347561036406,1.0,0.6343744159768594,0.35738300156293984,0.0076976195166212034,0.0005449629435796339,0.0,0.37381355971692537,1.0,0.6968070399412667,0.2781540287798295,0.020421601663164098,0.004617329615739966
92,0.17694059208356558,0.3746593485186875,0.4757122366594632,126,22,0.0,0,0,90,0.6976528287430288,0.545,0.2780594079164346,0.455,0.019808953613269165,0.0,0.00447880972726777,0.0,0.17694059208356558,0.3544260580705649,1.0,0.545,0.455,0.0,0.0,0.02609600321069006,0.4007553517293775,1.0,0.7237488319537188,0.25976600312587966,0.015395239033242407,0.0010899258871592678,0.07932359364650539,0.34618347561036406,1.0,0.6343744159768594,0.35738300156293984,0.0076976195166212034,0.0005449629435796339,0.0,0.3746593485186875,1.0,0.6976528287430288,0.2780594079164346,0.019808953613269165,0.00447880972726777
93,0.17703237432105853,0.37547976365639646,0.4764408695596792,143,22,0.0,0,0,90,0.6984732438807377,0.545,0.2779676256789415,0.455,0.0192146850048711,0.0,0.004344445435449736,0.0,0.17703237432105853,0.3544260580705649,1.0,0.545,0.455,0.0,0.0,0.025275588072981015,0.4007553517293775,1.0,0.7237488319537188,0.25976600312587966,0.015395239033242407,0.0010899258871592678,0.07941537588399833,0.34618347561036406,1.0,0.6343744159768594,0.35738300156293984,0.0076976195166212034,0.0005449629435796339,0.0,0.37547976365639646,1.0,0.6984732438807377,0.2779676256789415,0.0192146850048711,0.004344445435449736
94,0.17712140309142668,0.3762755663399743,0.47714764347288885,132,22,0.0,0,0,90,0.6992690465643155,0.545,0.27787859690857336,0.455,0.01863824445472496,0.0,0.004214112072386245,0.0,0.17712140309142668,0.3544260580705649,1.0,0.545,0.455,0.0,0.0,0.02447978538940322,0.4007553517293775,1.0,0.7237488319537188,0.25976600312587966,0.015395239033242407,0.0010899258871592678,0.0795044046543665,0.34618347561036406,1.0,0.6343744159768594,0.35738300156293984,0.0076976195166212034,0.0005449629435796339,0.0,0.3762755663399743,1.0,0.6992690465643155,0.27787859690857336,0.01863824445472496,0.004214112072386245
95,0.17720776099868404,0.37704749494304496,0.47783321416870217,124,22,0.0,0,0,90,0.7000409751673862,0.545,0.27779223900131594,0.455,0.01807909712108322,0.0,0.004087688710214656,0.0,0.17720776099868404,0.3544260580705649,1.0,0.545,0.455,0.0,0.0,0.023707856786332533,0.4007553517293775,1.0,0.7237488319537188,0.25976600312587966,0.015395239033242407,0.0010899258871592678,0.07959076256162385,0.34618347561036406,1.0,0.6343744159768594,0.35738300156293984,0.0076976195166212034,0.0005449629435796339,0.0,0.37704749494304496,1.0,0.7000409751673862,0.27779223900131594,0.01807909712108322,0.004087688710214656
96,0.17729152816872346,0.3777962656880233,0.4784982177436411,119,22,0.0,0,0,90,0.7007897459123645,0.545,0.27770847183127656,0.455,0.01753672420745071,0.0,0.003965058048908218,0.0,0.17729152816872346,0.3544260580705649,1.0,0.545,0.455,0.0,0.0,0.02295908604135418,0.4007553517293775,1.0,0.7237488319537188,0.25976600312587966,0.015395239033242407,0.0010899258871592678,0.07967452973166325,0.34618347561036406,1.0,0.6343744159768594,0.35738300156293984,0.0076976195166212034,0.0005449629435796339,0.0,0.3777962656880233,1.0,0.7007897459123645,0.27770847183127656,0.01753672420745071,0.003965058048908218
97,0.17737278232366183,0.3785225733106525,0.479143271211332,131,22,0.0,0,0,90,0.7015160535349938,0.545,0.2776272176763383,0.455,0.017010622481227193,0.0,0.0038461063074409726,0.0,0.17737278232366183,0.3544260580705649,1.0,0.545,0.455,0.0,0.0,0.02223277841872504,0.4007553517293775,1.0,0.7237488319537188,0.25976600312587966,0.015395239033242407,0.0010899258871592678,0.07975578388660164,0.34618347561036406,1.0,0.6343744159768594,0.35738300156293984,0.0076976195166212034,0.0005449629435796339,0.0,0.3785225733106525,1.0,0.7015160535349938,0.2776272176763383,0.017010622481227193,0.0038461063074409726
98,0.17745159885395184,0.37922709170460256,0.47976897307499194,125,22,0.0,0,0,90,0.7022205719289438,0.545,0.27754840114604823,0.455,0.01650030380679037,0.0,0.0037307231182177416,0.0,0.17745159885395184,0.3544260580705649,1.0,0.545,0.455,0.0,0.0,0.021528260024774964,0.4007553517293775,1.0,0.7237488319537188,0.25976600312587966,0.015395239033242407,0.0010899258871592678,0.07983460041689167,0.34618347561036406,1.0,0.6343744159768594,0.35738300156293984,0.0076976195166212034,0.0005449629435796339,0.0,0.37922709170460256,1.0,0.7022205719289438,0.27754840114604823,0.01650030380679037,0.0037307231182177416
99,0.1775280508883333,0.3799104745467342,0.4803759038827422,136,22,0.0,0,0,90,0.7029039547710755,0.545,0.2774719491116667,0.455,0.016005294692586665,0.0,0.0036188014246712097,0.0,0.1775280508883333,0.3544260580705649,1.0,0.545,0.455,0.0,0.0,0.02084487718264327,0.4007553517293775,1.0,0.7237488319537188,0.25976600312587966,0.015395239033242407,0.0010899258871592678,0.07991105245127311,0.34618347561036406,1.0,0.6343744159768594,0.35738300156293984,0.0076976195166212034,0.0005449629435796339,0.0,0.3799104745467342,1.0,0.7029039547710755,0.2774719491116667,0.016005294692586665,0.0036188014246712097
100,0.23447486414819121,0.3805733559036022,0.4809646267662602,85,4,0.0,0,1,100,0.7035668361279437,0.5,0.27739779063831677,0.25,0.015525135851809063,0.25,0.0035102373819310717,0.0,0.16931938107885525,0.34432504796955477,1.0,0.5431818181818182,0.44671717171717173,0.010101010101010102,0.0,0.05849224730695946,0.33303297943041243,1.0,0.6482189946022902,0.3303879267575574,0.021027247039527533,0.00036583160062478396,0.11119375131750792,0.33867901369998354,1.0,0.5957004063920541,0.3885525492373646,0.015564128570268818,0.00018291580031239198,0.0,0.3805733559036022,1.0,0.7035668361279437,0.27739779063831677,0.015525135851809063,0.0035102373819310717
101,0.18482589480322256,0.38128415918655373,0.4814013400912429,73,8,0.0,0,0,100,0.7042776394108949,0.545,0.27712370068034803,0.255,0.015174105196777457,0.2,0.0034245547119796265,0.0,0.1695934710368237,0.34432504796955477,1.0,0.5431818181818182,0.44671717171717173,0.010101010101010102,0.0,0.059117367919959536,0.33303297943041243,1.0,0.6482189946022902,0.3303879267575574,0.021027247039527533,0.00036583160062478396,0.11181887193050799,0.33867901369998354,1.0,0.5957004063920541,0.3885525492373646,0.015564128570268818,0.00018291580031239198,0.0,0.38128415918655373,1.0,0.7042776394108949,0.27712370068034803,0.015174105196777457,0.0034245547119796265
102,0.18516639453860312,0.38197363837101683,0.4818249520164764,75,10,0.0,0,0,100,0.704967118595358,0.545,0.27685783342111836,0.255,0.014833605461396794,0.2,0.003341442522126725,0.0,0.16985933829605326,0.34432504796955477,1.0,0.5431818181818182,0.44671717171717173,0.010101010101010102,0.0,0.05972373491456978,0.33303297943041243,1.0,0.6482189946022902,0.3303879267575574,0.021027247039527533,0.00036583160062478396,0.11242523892511823,0.33867901369998354,1.0,0.5957004063920541,0.3885525492373646,0.015564128570268818,0.00018291580031239198,0.0,0.38197363837101683,1.0,0.704967118595358,0.27685783342111836,0.014833605461396794,0.003341442522126725
103,0.18549667928192248,0.382642433179946,0.48223585558395304,96,10,0.0,0,0,100,0.7056359134042872,0.6,0.2765999421796658,0.2,0.014503320718077561,0.2,0.003260823697969412,0.0,0.1701172295375059,0.34432504796955477,1.0,0.5431818181818182,0.44671717171717173,0.010101010101010102,0.0,0.060311910899341625,0.33303297943041243,1.0,0.6482189946022902,0.3303879267575574,0.021027247039527533,0.00036583160062478396,0.11301341490989007,0.33867901369998354,1.0,0.5957004063920541,0.3885525492373646,0.015564128570268818,0.00018291580031239198,0.0,0.382642433179946,1.0,0.7056359134042872,0.2765999421796658,0.014503320718077561,0.003260823697969412
104,0.18581705548294236,0.3832911641446075,0.48263443204440554,82,10,0.0,0,0,100,0.7062846443689489,0.6,0.27634978767545687,0.2,0.014182944517057892,0.2,0.003182623438536818,0.0,0.1703673840417151,0.34432504796955477,1.0,0.5431818181818182,0.44671717171717173,0.010101010101010102,0.0,0.06088244160457047,0.33303297943041243,1.0,0.6482189946022902,0.3303879267575574,0.021027247039527533,0.00036583160062478396,0.11358394561511892,0.33867901369998354,1.0,0.5957004063920541,0.3885525492373646,0.015564128570268818,0.00018291580031239198,0.0,0.3832911641446075,1.0,0.7062846443689489,0.27634978767545687,0.014182944517057892,0.003182623438536818
105,0.18612782039793138,0.3839204331803289,0.48302105121104416,80,10,0.0,0,0,100,0.7069139134046704,0.6,0.276107137806374,0.2,0.013872179602068815,0.2,0.0031067691868872003,0.0,0.17061003391079788,0.34432504796955477,1.0,0.5431818181818182,0.44671717171717173,0.010101010101010102,0.0,0.06143585638864236,0.33303297943041243,1.0,0.6482189946022902,0.3303879267575574,0.021027247039527533,0.00036583160062478396,0.1141373603991908,0.33867901369998354,1.0,0.5957004063920541,0.3885525492373646,0.015564128570268818,0.00018291580031239198,0.0,0.3839204331803289,1.0,0.7069139134046704,0.276107137806374,0.013872179602068815,0.0031067691868872003
106,0.18642926236547047,0.3845308241449784,0.4833960718026834,70,10,0.0,0,0,100,0.7075243043693196,0.6,0.2758717674333637,0.2,0.01357073763452942,0.2,0.003033190562787071,0.0,0.17084540428380787,0.34432504796955477,1.0,0.5431818181818182,0.44671717171717173,0.010101010101010102,0.0,0.06197266872919175,0.33303297943041243,1.0,0.6482189946022902,0.3303879267575574,0.021027247039527533,0.00036583160062478396,0.11467417273974019,0.33867901369998354,1.0,0.5957004063920541,0.3885525492373646,0.015564128570268818,0.00018291580031239198,0.0,0.3845308241449784,1.0,0.7075243043693196,0.2758717674333637,0.01357073763452942,0.003033190562787071
107,0.1868363844945066,0.39330509501389915,0.4838941896486031,81,10,0.0,0,0,100,0.7162985752382405,0.6,0.2675956144103628,0.2,0.013163615505493532,0.2,0.0029421948459034597,0.0,0.17912155730680906,0.34432504796955477,1.0,0.5431818181818182,0.44671717171717173,0.010101010101010102,0.0,0.07065594388122881,0.33303297943041243,1.0,0.6482189946022902,0.3303879267575574,0.021027247039527533,0.00036583160062478396,0.12335744789177726,0.33867901369998354,1.0,0.5957004063920541,0.3885525492373646,0.015564128570268818,0.00018291580031239198,0.0,0.39330509501389915,1.0,0.7162985752382405,0.2675956144103628,0.013163615505493532,0.0029421948459034597
108,0.18723129295967122,0.40181613775675173,0.4843773639591448,81,10,0.0,0,0,100,0.7248096179810929,0.6,0.25956774597805193,0.2,0.012768707040328722,0.2,0.0028539290005263544,0.0,0.18714942573911972,0.34432504796955477,1.0,0.5431818181818182,0.44671717171717173,0.010101010101010102,0.0,0.0790787207787043,0.33303297943041243,1.0,0.6482189946022902,0.3303879267575574,0.021027247039527533,0.00036583160062478396,0.13178022478925275,0.33867901369998354,1.0,0.5957004063920541,0.3885525492373646,0.015564128570268818,0.00018291580031239198,0.0,0.40181613775675173,1.0,0.7248096179810929,0.25956774597805193,0.012768707040328722,0.0028539290005263544
109,0.1876143541708813,0.41007184921731904,0.4848460430403707,85,10,0.0,0,0,100,0.7330653294416604,0.6,0.25178071359871046,0.2,0.012385645829118863,0.2,0.0027683111305105653,0.0,0.1949364581184614,0.34432504796955477,1.0,0.5431818181818182,0.44671717171717173,0.010101010101010102,0.0,0.0872488143692558,0.33303297943041243,1.0,0.6482189946022902,0.3303879267575574,0.021027247039527533,0.00036583160062478396,0.13995031837980426,0.33867901369998354,1.0,0.5957004063920541,0.3885525492373646,0.015564128570268818,0.00018291580031239198,0.0,0.41007184921731904,1.0,0.7330653294416604,0.25178071359871046,0.012385645829118863,0.0027683111305105653
110,0.18798592354575466,0.41807988933406914,0.49107336955841036,95,10,0.0,0,1,110,0.7410733695584103,0.6,0.24422729219074907,0.2,0.012014076454245303,0.2,0.0026852617965952485,0.0,0.1783545909509652,0.2433149469594537,1.0,0.5654040404040404,0.3234848484848485,0.1111111111111111,0.0,0.12126231926042429,0.34275796743200265,1.0,0.6228783251610321,0.3654535842004056,0.00894680159119913,0.0027212890473629846,0.14825680404878783,0.29303645719572813,1.0,0.5941411827825362,0.34446921634262706,0.06002895635115512,0.0013606445236814923,0.0,0.41807988933406914,1.0,0.7410733695584103,0.24422729219074907,0.012014076454245303,0.0026852617965952485
111,0.18834634583938176,0.4258476882473166,0.4988411684716578,86,10,0.0,0,0,110,0.7488411684716575,0.6,0.23690047342502657,0.2,0.011653654160617938,0.2,0.002604703942697388,0.0,0.18604183201031482,0.2433149469594537,1.0,0.5654040404040404,0.3234848484848485,0.1111111111111111,0.0,0.1286696958800444,0.34275796743200265,1.0,0.6228783251610321,0.3654535842004056,0.00894680159119913,0.0027212890473629846,0.1559440451081374,0.29303645719572813,1.0,0.5941411827825362,0.34446921634262706,0.06002895635115512,0.0013606445236814923,0.0,0.4258476882473166,1.0,0.7488411684716575,0.23690047342502657,0.011653654160617938,0.002604703942697388
112,0.18869595546420057,0.433382453193167,0.5063759334175083,82,10,0.0,0,0,110,0.7563759334175082,0.6,0.22979345922227581,0.2,0.011304044535799395,0.2,0.002526562824416469,0.0,0.19349845583788436,0.2433149469594537,1.0,0.5654040404040404,0.3234848484848485,0.1111111111111111,0.0,0.1358548512010763,0.34275796743200265,1.0,0.6228783251610321,0.3654535842004056,0.00894680159119913,0.0027212890473629846,0.16340066893570696,0.29303645719572813,1.0,0.5941411827825362,0.34446921634262706,0.06002895635115512,0.0013606445236814923,0.0,0.433382453193167,1.0,0.7563759334175082,0.22979345922227581,0.011304044535799395,0.002526562824416469
113,0.1890350768002747,0.44069117519064205,0.5136846554149832,82,10,0.0,0,0,110,0.7636846554149833,0.6,0.2228996554456075,0.2,0.010964923199725416,0.2,0.002450765939683974,0.0,0.2007313809506268,0.2433149469594537,1.0,0.5654040404040404,0.3234848484848485,0.1111111111111111,0.0,0.14282445186247728,0.34275796743200265,1.0,0.6228783251610321,0.3654535842004056,0.00894680159119913,0.0027212890473629846,0.17063359404844938,0.29303645719572813,1.0,0.5941411827825362,0.34446921634262706,0.06002895635115512,0.0013606445236814923,0.0,0.44069117519064205,1.0,0.7636846554149833,0.2228996554456075,0.010964923199725416,0.002450765939683974
114,0.18936402449626633,0.44778063552819236,0.5207741157525335,72,10,0.0,0,0,110,0.7707741157525335,0.6,0.21621266578223935,0.2,0.010635975503733658,0.2,0.0023772429614934564,0.0,0.2077473183099866,0.2433149469594537,1.0,0.5654040404040404,0.3234848484848485,0.1111111111111111,0.0,0.14958496450403583,0.34275796743200265,1.0,0.6228783251610321,0.3654535842004056,0.00894680159119913,0.0027212890473629846,0.1776495314078092,0.29303645719572813,1.0,0.5941411827825362,0.34446921634262706,0.06002895635115512,0.0013606445236814923,0.0,0.44778063552819236,1.0,0.7707741157525335,0.21621266578223935,0.010635975503733658,0.0023772429614934564
115,0.18968310376137826,0.4546574120556164,0.5276508922799575,78,10,0.0,0,0,110,0.7776508922799574,0.6,0.20972628580877206,0.2,0.01031689623862164,0.2,0.0023059256726486515,0.0,0.2145527775485658,0.2433149469594537,1.0,0.5654040404040404,0.3234848484848485,0.1111111111111111,0.0,0.1561426617663478,0.34275796743200265,1.0,0.6228783251610321,0.3654535842004056,0.00894680159119913,0.0027212890473629846,0.1844549906463884,0.29303645719572813,1.0,0.5941411827825362,0.34446921634262706,0.06002895635115512,0.0013606445236814923,0.0,0.4546574120556164,1.0,0.7776508922799574,0.20972628580877206,0.01031689623862164,0.0023059256726486515
116,0.18999261064853684,0.46132788528721747,0.5343213655115587,89,10,0.0,0,0,110,0.7843213655115585,0.6,0.20343449723450893,0.2,0.010007389351462996,0.2,0.002236747902469192,0.0,0.22115407300998752,0.2433149469594537,1.0,0.5654040404040404,0.3234848484848485,0.1111111111111111,0.0,0.1625036281107903,0.34275796743200265,1.0,0.6228783251610321,0.3654535842004056,0.00894680159119913,0.0027212890473629846,0.1910562861078101,0.29303645719572813,1.0,0.5941411827825362,0.34446921634262706,0.06002895635115512,0.0013606445236814923,0.0,0.46132788528721747,1.0,0.7843213655115585,0.20343449723450893,0.010007389351462996,0.002236747902469192
117,0.19296137001160724,0.46779824432187095,0.5407917245462122,83,10,0.0,0,0,110,0.790791724546212,0.6,0.19733146231747364,0.2,0.009707167670919108,0.2,0.0021696454653951157,0.0,0.2275573296075668,0.2433149469594537,1.0,0.5654040404040404,0.3234848484848485,0.1111111111111111,0.0,0.16867376546489984,0.34275796743200265,1.0,0.6228783251610321,0.3654535842004056,0.00894680159119913,0.0027212890473629846,0.1974595427053894,0.29303645719572813,1.0,0.5941411827825362,0.34446921634262706,0.06002895635115512,0.0013606445236814923,0.0,0.46779824432187095,1.0,0.790791724546212,0.19733146231747364,0.009707167670919108,0.0021696454653951157
118,0.19917252891125925,0.47407449258548473,0.547067972809826,81,10,0.0,0,0,110,0.7970679728098261,0.6,0.1914115184479494,0.2,0.009415952640791527,0.2,0.0021045561014332624,0.0,0.23376848850721885,0.2433149469594537,1.0,0.5654040404040404,0.3234848484848485,0.1111111111111111,0.0,0.17465879869838613,0.34275796743200265,1.0,0.6228783251610321,0.3654535842004056,0.00894680159119913,0.0027212890473629846,0.20367070160504144,0.29303645719572813,1.0,0.5941411827825362,0.34446921634262706,0.06002895635115512,0.0013606445236814923,0.0,0.47407449258548473,1.0,0.7970679728098261,0.1914115184479494,0.009415952640791527,0.0021045561014332624
119,0.20519735304392148,0.48016245340118996,0.5531559336255313,83,10,0.0,0,0,110,0.8031559336255314,0.6,0.18566917289451093,0.2,0.009133474061567788,0.2,0.0020414194183902648,0.0,0.2397933126398811,0.2433149469594537,1.0,0.5654040404040404,0.3234848484848485,0.1111111111111111,0.0,0.1804642809348676,0.34275796743200265,1.0,0.6228783251610321,0.3654535842004056,0.00894680159119913,0.0027212890473629846,0.2096955257377037,0.29303645719572813,1.0,0.5941411827825362,0.34446921634262706,0.06002895635115512,0.0013606445236814923,0.0,0.48016245340118996,1.0,0.8031559336255314,0.18566917289451093,0.009133474061567788,0.0020414194183902648
120,0.21104143245260368,0.4860677753924239,0.5590612556167651,85,10,0.0,0,1,120,0.8090612556167651,0.6,0.1800990977076756,0.2,0.00885946983972075,0.2,0.001980176835838555,0.0,0.21654143245260365,0.2715065197756588,1.0,0.5945,0.2055,0.2,0.0,0.07004507341890781,0.553004657316218,1.0,0.8759981375405591,0.11016357318810545,0.011967661334834586,0.0018706279365009089,0.09712436082769657,0.4122555885459383,1.0,0.7352490687702795,0.15783178659405273,0.1059838306674173,0.0009353139682504544,0.0,0.4860677753924239,1.0,0.8090612556167651,0.1800990977076756,0.00885946983972075,0.001980176835838555
121,0.21671018947902554,0.49179593772392094,0.5647894179482621,87,10,0.0,0,0,120,0.8147894179482621,0.6,0.17469612477644533,0.2,0.00859368574452913,0.2,0.0019207715307633995,0.0,0.22221018947902552,0.2715065197756588,1.0,0.5945,0.2055,0.2,0.0,0.06458269518260241,0.553004657316218,1.0,0.8759981375405591,0.11016357318810545,0.011967661334834586,0.0018706279365009089,0.09739014492288815,0.4122555885459383,1.0,0.7352490687702795,0.15783178659405273,0.1059838306674173,0.0009353139682504544,0.0,0.49179593772392094,1.0,0.8147894179482621,0.17469612477644533,0.00859368574452913,0.0019207715307633995
122,0.22220888379465462,0.4973522551854729,0.5703457354098141,74,10,0.0,0,0,120,0.820345735409814,0.6,0.16945524103315204,0.2,0.008335875172193256,0.2,0.0018631483848404972,0.0,0.2277088837946546,0.2715065197756588,1.0,0.5945,0.2055,0.2,0.0,0.059291667845046706,0.553004657316218,1.0,0.8759981375405591,0.11016357318810545,0.011967661334834586,0.0018706279365009089,0.09764795549522398,0.4122555885459383,1.0,0.7352490687702795,0.15783178659405273,0.1059838306674173,0.0009353139682504544,0.0,0.4973522551854729,1.0,0.820345735409814,0.16945524103315204,0.008335875172193256,0.0018631483848404972
123,0.22754261728081493,0.5027418831231785,0.5757353633475196,78,10,0.0,0,0,120,0.8257353633475193,0.6,0.16437158380215727,0.2,0.008085798917027456,0.2,0.0018072539332952824,0.0,0.23304261728081488,0.2715065197756588,1.0,0.5945,0.2055,0.2,0.0,0.0542080106140522,0.553004657316218,1.0,0.8759981375405591,0.11016357318810545,0.011967661334834586,0.0018706279365009089,0.09789803175038951,0.4122555885459383,1.0,0.7352490687702795,0.15783178659405273,0.1059838306674173,0.0009353139682504544,0.0,0.5027418831231785,1.0,0.8257353633475193,0.16437158380215727,0.008085798917027456,0.0018072539332952824
124,0.23271633876239056,0.5079698222227529,0.5809633024470942,103,10,0.0,0,0,120,0.8309633024470939,0.6,0.15944043628809262,0.2,0.007843224949516633,0.2,0.0017530363152964252,0.0,0.2382163387623905,0.2715065197756588,1.0,0.5945,0.2055,0.2,0.0,0.04927686309998739,0.553004657316218,1.0,0.8759981375405591,0.11016357318810545,0.011967661334834586,0.0018706279365009089,0.09814060571790048,0.4122555885459383,1.0,0.7352490687702795,0.15783178659405273,0.1059838306674173,0.0009353139682504544,0.0,0.5079698222227529,1.0,0.8309633024470939,0.15944043628809262,0.007843224949516633,0.0017530363152964252
125,0.23773484859951918,0.5130409231493405,0.5860344033736816,89,10,0.0,0,0,120,0.8360344033736818,0.6,0.15465722319944988,0.2,0.007607928201031136,0.2,0.001700445225837531,0.0,0.24323484859951916,0.2715065197756588,1.0,0.5945,0.2055,0.2,0.0,0.04449365001134426,0.553004657316218,1.0,0.8759981375405591,0.11016357318810545,0.011967661334834586,0.0018706279365009089,0.1015504658609892,0.4122555885459383,1.0,0.7352490687702795,0.15783178659405273,0.1059838306674173,0.0009353139682504544,0.0,0.5130409231493405,1.0,0.8360344033736818,0.15465722319944988,0.007607928201031136,0.001700445225837531
126,0.24260280314153326,0.5179598910481297,0.5909533712724708,81,10,0.0,0,0,120,0.8409533712724707,0.6,0.15001750650346646,0.2,0.007379690355000199,0.2,0.0016494318690624043,0.0,0.24810280314153324,0.2715065197756588,1.0,0.5945,0.2055,0.2,0.0,0.03985393331536115,0.553004657316218,1.0,0.8759981375405591,0.11016357318810545,0.011967661334834586,0.0018706279365009089,0.10641842040300326,0.4122555885459383,1.0,0.7352490687702795,0.15783178659405273,0.1059838306674173,0.0009353139682504544,0.0,0.5179598910481297,1.0,0.8409533712724707,0.15001750650346646,0.007379690355000199,0.0016494318690624043
127,0.24732471904728714,0.5227312899099553,0.5957247701342966,90,10,0.0,0,0,120,0.8457247701342963,0.6,0.14551698130836235,0.2,0.007158299644350194,0.2,0.0015999489129905323,0.0,0.2528247190472871,0.2715065197756588,1.0,0.5945,0.2055,0.2,0.0,0.03535340812025726,0.553004657316218,1.0,0.8759981375405591,0.11016357318810545,0.011967661334834586,0.0018706279365009089,0.11114033630875715,0.4122555885459383,1.0,0.7352490687702795,0.15783178659405273,0.1059838306674173,0.0009353139682504544,0.0,0.5227312899099553,1.0,0.8457247701342963,0.14551698130836235,0.007158299644350194,0.0015999489129905323
128,0.25190497747586876,0.5273595468059267,0.6003530270302679,80,10,0.0,0,0,120,0.8503530270302678,0.6,0.1411514718691115,0.2,0.006943550655019687,0.2,0.001551950445600817,0.0,0.2574049774758687,0.2715065197756588,1.0,0.5945,0.2055,0.2,0.0,0.030987898681006164,0.553004657316218,1.0,0.8759981375405591,0.11016357318810545,0.011967661334834586,0.0018706279365009089,0.11572059473733876,0.4122555885459383,1.0,0.7352490687702795,0.15783178659405273,0.1059838306674173,0.0009353139682504544,0.0,0.5273595468059267,1.0,0.8503530270302678,0.1411514718691115,0.006943550655019687,0.001551950445600817
129,0.2563478281515927,0.5318489559950187,0.60484243621936,78,10,0.0,0,0,120,0.85484243621936,0.6,0.13691692771303823,0.2,0.006735244135369098,0.2,0.0015053919322327927,0.0,0.2618478281515927,0.2715065197756588,1.0,0.5945,0.2055,0.2,0.0,0.02675335452493277,0.553004657316218,1.0,0.8759981375405591,0.11016357318810545,0.011967661334834586,0.0018706279365009089,0.12016344541306274,0.4122555885459383,1.0,0.7352490687702795,0.15783178659405273,0.1059838306674173,0.0009353139682504544,0.0,0.5318489559950187,1.0,0.85484243621936,0.13691692771303823,0.006735244135369098,0.0015053919322327927
130,0.26065739330704496,0.5362036829084379,0.6091971631327792,86,10,0.0,0,1,130,0.8591971631327792,0.6,0.13280941988164705,0.2,0.006533186811308025,0.2,0.001460230174265808,0.0,0.26065739330704496,0.27700651977565877,1.0,0.6,0.2,0.2,0.0,0.011572663961882444,0.5477357837591055,1.0,0.8707292639834466,0.12171367269445303,0.0060562700366195085,0.0015007932854806956,0.12454236467258127,0.41237115176738215,1.0,0.7353646319917233,0.16085683634722653,0.10302813501830976,0.0007503966427403478,0.0,0.5362036829084379,1.0,0.8591971631327792,0.13280941988164705,0.006533186811308025,0.001460230174265808
131,0.2648376715078337,0.5404277680144547,0.6134212482387958,78,10,0.0,0,0,130,0.863421248238796,0.6,0.1288251372851976,0.2,0.006337191206968782,0.2,0.0014164232690378347,0.0,0.2648376715078337,0.27700651977565877,1.0,0.6,0.2,0.2,0.0,0.007392385761093686,0.5477357837591055,1.0,0.8707292639834466,0.12171367269445303,0.0060562700366195085,0.0015007932854806956,0.12872264287337004,0.41237115176738215,1.0,0.7353646319917233,0.16085683634722653,0.10302813501830976,0.0007503966427403478,0.0,0.5404277680144547,1.0,0.863421248238796,0.1288251372851976,0.006337191206968782,0.0014164232690378347
132,0.2688925413625984,0.5445251305672905,0.6175186107916317,77,10,0.0,0,0,130,0.8675186107916315,0.6,0.1249603831666417,0.2,0.0061470754707597195,0.2,0.0013739305709666995,0.0,0.2688925413625984,0.27700651977565877,1.0,0.6,0.2,0.2,0.0,0.0033375159063289985,0.5477357837591055,1.0,0.8707292639834466,0.12171367269445303,0.0060562700366195085,0.0015007932854806956,0.1327775127281347,0.41237115176738215,1.0,0.7353646319917233,0.16085683634722653,0.10302813501830976,0.0007503966427403478,0.0,0.5445251305672905,1.0,0.8675186107916315,0.1249603831666417,0.0061470754707597195,0.0013739305709666995
133,0.2728257651217204,0.5484995722435414,0.6214930524678827,77,10,0.0,0,0,130,0.8714930524678824,0.6,0.12121157167164243,0.2,0.005962663206636925,0.2,0.0013327126538376982,0.0,0.2728257651217204,0.27700651977565877,1.0,0.6,0.2,0.2,0.0,0.0007637884844359995,0.5477357837591055,1.0,0.8707292639834466,0.12171367269445303,0.0060562700366195085,0.0015007932854806956,0.13671073648725673,0.41237115176738215,1.0,0.7353646319917233,0.16085683634722653,0.10302813501830976,0.0007503966427403478,0.0,0.5484995722435414,1.0,0.8714930524678824,0.12121157167164243,0.005962663206636925,0.0013327126538376982
134,0.27664099216806914,0.5523547806695053,0.6253482608938464,83,10,0.0,0,0,130,0.8753482608938465,0.6,0.11757522452149312,0.2,0.005783783310437817,0.2,0.0012927312742225668,0.0,0.27664099216806914,0.27700651977565877,1.0,0.6,0.2,0.2,0.0,0.004618996910399821,0.5477357837591055,1.0,0.8707292639834466,0.12171367269445303,0.0060562700366195085,0.0015007932854806956,0.1405259635336054,0.41237115176738215,1.0,0.7353646319917233,0.16085683634722653,0.10302813501830976,0.0007503966427403478,0.0,0.5523547806695053,1.0,0.8753482608938465,0.11757522452149312,0.005783783310437817,0.0012927312742225668
135,0.2803417624030269,0.5560943328426897,0.6290878130670309,91,10,0.0,0,0,130,0.8790878130670309,0.6,0.11404796778584836,0.2,0.005610269811124684,0.2,0.0012539493359958905,0.0,0.2803417624030269,0.27700651977565877,1.0,0.6,0.2,0.2,0.0,0.008358549083584275,0.5477357837591055,1.0,0.8707292639834466,0.12171367269445303,0.0060562700366195085,0.0015007932854806956,0.14422673376856318,0.41237115176738215,1.0,0.7353646319917233,0.16085683634722653,0.10302813501830976,0.0007503966427403478,0.0,0.5560943328426897,1.0,0.8790878130670309,0.11404796778584836,0.005610269811124684,0.0012539493359958905
136,0.28393150953093627,0.559721698450679,0.6327151786750203,87,10,0.0,0,0,130,0.8827151786750204,0.6,0.11062652875227293,0.2,0.005441961716790943,0.2,0.0012163308559160135,0.0,0.28393150953093627,0.27700651977565877,1.0,0.6,0.2,0.2,0.0,0.011985914691573542,0.5477357837591055,1.0,0.8707292639834466,0.12171367269445303,0.0060562700366195085,0.0015007932854806956,0.14781648089647256,0.41237115176738215,1.0,0.7353646319917233,0.16085683634722653,0.10302813501830976,0.0007503966427403478,0.0,0.559721698450679,1.0,0.8827151786750204,0.11062652875227293,0.005441961716790943,0.0012163308559160135
137,0.2874135642450081,0.5632402430904284,0.6362337233147696,86,10,0.0,0,0,130,0.8862337233147696,0.6,0.10730773288970466,0.2,0.0052787028652872174,0.2,0.0011798409302385337,0.0,0.2874135642450081,0.27700651977565877,1.0,0.6,0.2,0.2,0.0,0.015504459331322882,0.5477357837591055,1.0,0.8707292639834466,0.12171367269445303,0.0060562700366195085,0.0015007932854806956,0.15129853561054443,0.41237115176738215,1.0,0.7353646319917233,0.16085683634722653,0.10302813501830976,0.0007503966427403478,0.0,0.5632402430904284,1.0,0.8862337233147696,0.10730773288970466,0.0052787028652872174,0.0011798409302385337
138,0.2907911573176577,0.566653231390985,0.6396467116153264,79,10,0.0,0,0,130,0.8896467116153262,0.6,0.10408850090301357,0.2,0.005120341779328596,0.2,0.0011444457023313767,0.0,0.2907911573176577,0.27700651977565877,1.0,0.6,0.2,0.2,0.0,0.01891744763187961,0.5477357837591055,1.0,0.8707292639834466,0.12171367269445303,0.0060562700366195085,0.0015007932854806956,0.154676128683194,0.41237115176738215,1.0,0.7353646319917233,0.16085683634722653,0.10302813501830976,0.0007503966427403478,0.0,0.566653231390985,1.0,0.8896467116153262,0.10408850090301357,0.005120341779328596,0.0011444457023313767
139,0.29406742259812796,0.5699638300425252,0.6429573102668665,85,10,0.0,0,0,130,0.8929573102668663,0.6,0.10096584587592322,0.2,0.004966731525948741,0.2,0.001110112331261436,0.0,0.29406742259812796,0.27700651977565877,1.0,0.6,0.2,0.2,0.0,0.022228046283419758,0.5477357837591055,1.0,0.8707292639834466,0.12171367269445303,0.0060562700366195085,0.0015007932854806956,0.15795239396366423,0.41237115176738215,1.0,0.7353646319917233,0.16085683634722653,0.10302813501830976,0.0007503966427403478,0.0,0.5699638300425252,1.0,0.8929573102668663,0.10096584587592322,0.004966731525948741,0.001110112331261436
140,0.2972453999201843,0.5731751107345195,0.6461685909588607,89,10,0.0,0,1,140,0.8961685909588607,0.6,0.09793687049964546,0.2,0.004817729580170279,0.2,0.0010768089613235922,0.0,0.2972453999201843,0.27700651977565877,1.0,0.6,0.2,0.2,0.0,0.06744007714630014,0.6384214422886213,1.0,0.9614149225129625,0.03105042409109025,0.007011475172368591,0.0005231782235785835,0.11627634955191371,0.45771398103214006,1.0,0.7807074612564813,0.11552521204554513,0.1035057375861843,0.00026158911178929175,0.0,0.5731751107345195,1.0,0.8961685909588607,0.09793687049964546,0.004817729580170279,0.0010768089613235922
141,0.3003280379225788,0.5762900530057538,0.6492835332300949,96,10,0.0,0,0,140,0.8992835332300949,0.6,0.09499876438465607,0.2,0.004673197692765173,0.2,0.001044504692483885,0.0,0.3003280379225788,0.27700651977565877,1.0,0.6,0.2,0.2,0.0,0.06446966676247104,0.6384214422886213,1.0,0.9614149225129625,0.03105042409109025,0.007011475172368591,0.0005231782235785835,0.11935898755430821,0.45771398103214006,1.0,0.7807074612564813,0.11552521204554513,0.1035057375861843,0.00026158911178929175,0.0,0.5762900530057538,1.0,0.8992835332300949,0.09499876438465607,0.004673197692765173,0.001044504692483885
142,0.30331819678490124,0.5793115470088506,0.6523050272331918,78,10,0.0,0,0,140,0.9023050272331916,0.6,0.09214880145311635,0.2,0.004533001761982217,0.2,0.0010131695517093685,0.0,0.30331819678490124,0.27700651977565877,1.0,0.6,0.2,0.2,0.0,0.06158836869015705,0.6384214422886213,1.0,0.9614149225129625,0.03105042409109025,0.007011475172368591,0.0005231782235785835,0.12234914641663064,0.45771398103214006,1.0,0.7807074612564813,0.11552521204554513,0.1035057375861843,0.00026158911178929175,0.0,0.5793115470088506,1.0,0.9023050272331916,0.09214880145311635,0.004533001761982217,0.0010131695517093685
143,0.30621865088135414,0.5822423961918549,0.6552358764161961,87,10,0.0,0,0,140,0.9052358764161959,0.6,0.0893843374095229,0.2,0.0043970117091227485,0.2,0.000982774465158087,0.0,0.30621865088135414,0.27700651977565877,1.0,0.6,0.2,0.2,0.0,0.058793509560012294,0.6384214422886213,1.0,0.9614149225129625,0.03105042409109025,0.007011475172368591,0.0005231782235785835,0.12524960051308356,0.45771398103214006,1.0,0.7807074612564813,0.11552521204554513,0.1035057375861843,0.00026158911178929175,0.0,0.5822423961918549,1.0,0.9052358764161959,0.0893843374095229,0.0043970117091227485,0.000982774465158087
144,0.3090320913549135,0.5850853198993688,0.65807880012371,81,10,0.0,0,0,140,0.9080788001237099,0.6,0.08670280728723728,0.2,0.004265101357849066,0.2,0.0009532912312033445,0.0,0.3090320913549135,0.27700651977565877,1.0,0.6,0.2,0.2,0.0,0.05608249620377194,0.6384214422886213,1.0,0.9614149225129625,0.03105042409109025,0.007011475172368591,0.0005231782235785835,0.12806304098664287,0.45771398103214006,1.0,0.7807074612564813,0.11552521204554513,0.1035057375861843,0.00026158911178929175,0.0,0.5850853198993688,1.0,0.9080788001237099,0.08670280728723728,0.004265101357849066,0.0009532912312033445
145,0.31176112861426614,0.5878429558956577,0.6608364361199989,98,10,0.0,0,0,140,0.9108364361199986,0.6,0.08410172306862007,0.2,0.004137148317113593,0.2,0.0009246924942672442,0.0,0.31176112861426614,0.27700651977565877,1.0,0.6,0.2,0.2,0.0,0.05345281324821864,0.6384214422886213,1.0,0.9614149225129625,0.03105042409109025,0.007011475172368591,0.0005231782235785835,0.13079207824599554,0.45771398103214006,1.0,0.7807074612564813,0.11552521204554513,0.1035057375861843,0.00026158911178929175,0.0,0.5878429558956577,1.0,0.9108364361199986,0.08410172306862007,0.004137148317113593,0.0009246924942672442
146,0.31440829475583826,0.5905178628120578,0.6635113430363989,74,10,0.0,0,0,140,0.9135113430363988,0.6,0.08157867137656147,0.2,0.004013033867600185,0.2,0.0008969517194392263,0.0,0.31440829475583826,0.27700651977565877,1.0,0.6,0.2,0.2,0.0,0.05090202078133196,0.6384214422886213,1.0,0.9614149225129625,0.03105042409109025,0.007011475172368591,0.0005231782235785835,0.13343924438756763,0.45771398103214006,1.0,0.7807074612564813,0.11552521204554513,0.1035057375861843,0.00026158911178929175,0.0,0.5905178628120578,1.0,0.9135113430363988,0.08157867137656147,0.004013033867600185,0.0008969517194392263
147,0.31697604591316325,0.5931125225209659,0.6661060027453071,73,10,0.0,0,0,140,0.9161060027453072,0.6,0.07913131123526468,0.2,0.0038926428515721812,0.2,0.0008700431678560496,0.0,0.31697604591316325,0.27700651977565877,1.0,0.6,0.2,0.2,0.0,0.048427752088451785,0.6384214422886213,1.0,0.9614149225129625,0.03105042409109025,0.007011475172368591,0.0005231782235785835,0.1360069955448926,0.45771398103214006,1.0,0.7807074612564813,0.11552521204554513,0.1035057375861843,0.00026158911178929175,0.0,0.5931125225209659,1.0,0.9161060027453072,0.07913131123526468,0.0038926428515721812,0.0008700431678560496
148,0.3194667645357684,0.5956293424386069,0.668622822662948,77,10,0.0,0,0,140,0.9186228226629481,0.6,0.07675737189820672,0.2,0.003775863566025014,0.2,0.0008439418728203686,0.0,0.3194667645357684,0.27700651977565877,1.0,0.6,0.2,0.2,0.0,0.04602771145635807,0.6384214422886213,1.0,0.9614149225129625,0.03105042409109025,0.007011475172368591,0.0005231782235785835,0.13849771416749782,0.45771398103214006,1.0,0.7807074612564813,0.11552521204554513,0.1035057375861843,0.00026158911178929175,0.0,0.5956293424386069,1.0,0.9186228226629481,0.07675737189820672,0.003775863566025014,0.0008439418728203686
149,0.32188276159969526,0.5980706577587183,0.6710641379830595,84,10,0.0,0,0,140,0.9210641379830595,0.6,0.07445465074126052,0.2,0.0036625876590442655,0.2,0.0008186236166357572,0.0,0.32188276159969526,0.27700651977565877,1.0,0.6,0.2,0.2,0.0,0.04369967204322735,0.6384214422886213,1.0,0.9614149225129625,0.03105042409109025,0.007011475172368591,0.0005231782235785835,0.14091371123142465,0.45771398103214006,1.0,0.7807074612564813,0.11552521204554513,0.1035057375861843,0.00026158911178929175,0.0,0.5980706577587183,1.0,0.9210641379830595,0.07445465074126052,0.0036625876590442655,0.0008186236166357572
150,0.32422627875170434,0.6004387336192264,0.6734322138435677,87,10,0.0,0,1,150,0.9234322138435676,0.6,0.07222101121902266,0.2,0.003552710029272937,0.2,0.0007940649081366846,0.0,0.32422627875170434,0.27700651977565877,1.0,0.6,0.2,0.2,0.0,0.008043932706196858,0.6074451494242765,1.0,0.9304386296486177,0.06468448454616117,0.004590226930419679,0.0002866588748013288,0.1588636344899948,0.44222583459996767,1.0,0.7652193148243088,0.13234224227308058,0.10229511346520985,0.0001433294374006644,0.0,0.6004387336192264,1.0,0.9234322138435676,0.07222101121902266,0.003552710029272937,0.0007940649081366846
151,0.32649949038915316,0.6027357672039193,0.6757292474282606,79,10,0.0,0,0,150,0.9257292474282605,0.6,0.07005438088245201,0.2,0.003446128728394749,0.2,0.0007702429608925841,0.0,0.32649949038915316,0.27700651977565877,1.0,0.6,0.2,0.2,0.0,0.005853480422382122,0.6074451494242765,1.0,0.9304386296486177,0.06468448454616117,0.004590226930419679,0.0002866588748013288,0.1611368461274436,0.44222583459996767,1.0,0.7652193148243088,0.13234224227308058,0.10229511346520985,0.0001433294374006644,0.0,0.6027357672039193,1.0,0.9257292474282605,0.07005438088245201,0.003446128728394749,0.0007702429608925841
152,0.3287045056774788,0.6049638897810717,0.6779573700054129,93,10,0.0,0,0,150,0.927957370005413,0.6,0.06795274945597846,0.2,0.0033427448665429064,0.2,0.0007471356720658059,0.0,0.3287045056774788,0.27700651977565877,1.0,0.6,0.2,0.2,0.0,0.003728741707081602,0.6074451494242765,1.0,0.9304386296486177,0.06468448454616117,0.004590226930419679,0.0002866588748013288,0.1633418614157692,0.44222583459996767,1.0,0.7652193148243088,0.13234224227308058,0.10229511346520985,0.0001433294374006644,0.0,0.6049638897810717,1.0,0.927957370005413,0.06795274945597846,0.0033427448665429064,0.0007471356720658059
153,0.33084337050715434,0.6071251686809093,0.6801186489052504,77,10,0.0,0,0,150,0.9301186489052505,0.6,0.06591416697229908,0.2,0.0032424625205466164,0.2,0.0007247216019038317,0.0,0.33084337050715434,0.27700651977565877,1.0,0.6,0.2,0.2,0.0,0.0016677451532403106,0.6074451494242765,1.0,0.9304386296486177,0.06468448454616117,0.004590226930419679,0.0002866588748013288,0.1654807262454448,0.44222583459996767,1.0,0.7652193148243088,0.13234224227308058,0.10229511346520985,0.0001433294374006644,0.0,0.6071251686809093,1.0,0.9301186489052505,0.06591416697229908,0.0032424625205466164,0.0007247216019038317
154,0.33291806939193963,0.6092216092137517,0.6822150894380928,76,10,0.0,0,0,150,0.9322150894380928,0.6,0.06393674196313011,0.2,0.003145188644930221,0.2,0.0007029799538467171,0.0,0.33291806939193963,0.27700651977565877,1.0,0.6,0.2,0.2,0.0,0.0021927808685205346,0.6074451494242765,1.0,0.9304386296486177,0.06468448454616117,0.004590226930419679,0.0002866588748013288,0.16755542513023008,0.44222583459996767,1.0,0.7652193148243088,0.13234224227308058,0.10229511346520985,0.0001433294374006644,0.0,0.6092216092137517,1.0,0.9322150894380928,0.06393674196313011,0.003145188644930221,0.0007029799538467171
155,0.33493052731018175,0.6112551565306092,0.6842486367549505,92,10,0.0,0,0,150,0.9342486367549507,0.6,0.06201863970423622,0.2,0.0030508329855823127,0.2,0.000681890555231316,0.0,0.33493052731018175,0.27700651977565877,1.0,0.6,0.2,0.2,0.0,0.004205238786762683,0.6074451494242765,1.0,0.9304386296486177,0.06468448454616117,0.004590226930419679,0.0002866588748013288,0.16956788304847223,0.44222583459996767,1.0,0.7652193148243088,0.13234224227308058,0.10229511346520985,0.0001433294374006644,0.0,0.6112551565306092,1.0,0.9342486367549507,0.06201863970423622,0.0030508329855823127,0.000681890555231316
156,0.33688261149087617,0.6132276974279606,0.6862211776523017,69,10,0.0,0,0,150,0.9362211776523018,0.6,0.0601580805131091,0.2,0.0029593079960148444,0.2,0.0006614338385743764,0.0,0.33688261149087617,0.27700651977565877,1.0,0.6,0.2,0.2,0.0,0.006157322967457059,0.6074451494242765,1.0,0.9304386296486177,0.06468448454616117,0.004590226930419679,0.0002866588748013288,0.17151996722916663,0.44222583459996767,1.0,0.7652193148243088,0.13234224227308058,0.10229511346520985,0.0001433294374006644,0.0,0.6132276974279606,1.0,0.9362211776523018,0.0601580805131091,0.0029593079960148444,0.0006614338385743764
157,0.33877613314614957,0.6151410620983913,0.6881345423227324,90,10,0.0,0,0,150,0.9381345423227322,0.6,0.05835333809771583,0.2,0.0028705287561343992,0.2,0.0006415908234171448,0.0,0.33877613314614957,0.27700651977565877,1.0,0.6,0.2,0.2,0.0,0.008050844622730475,0.6074451494242765,1.0,0.9304386296486177,0.06468448454616117,0.004590226930419679,0.0002866588748013288,0.17341348888444003,0.44222583459996767,1.0,0.7652193148243088,0.13234224227308058,0.10229511346520985,0.0001433294374006644,0.0,0.6151410620983913,1.0,0.9381345423227322,0.05835333809771583,0.0028705287561343992,0.0006415908234171448
158,0.34061284915176504,0.6169970258287092,0.6899905060530503,80,10,0.0,0,0,150,0.9399905060530501,0.6,0.05660273795478434,0.2,0.0027844128934503653,0.2,0.0006223430987146307,0.0,0.34061284915176504,0.27700651977565877,1.0,0.6,0.2,0.2,0.0,0.009887560628345945,0.6074451494242765,1.0,0.9304386296486177,0.06468448454616117,0.004590226930419679,0.0002866588748013288,0.1752502048900555,0.44222583459996767,1.0,0.7652193148243088,0.13234224227308058,0.10229511346520985,0.0001433294374006644,0.0,0.6169970258287092,1.0,0.9399905060530501,0.05660273795478434,0.0027844128934503653,0.0006223430987146307
159,0.34239446367721216,0.6187973106471177,0.6917907908714589,89,10,0.0,0,0,150,0.9417907908714588,0.6,0.05490465581614084,0.2,0.0027008805066468544,0.2,0.000603672805753191,0.0,0.34239446367721216,0.27700651977565877,1.0,0.6,0.2,0.2,0.0,0.011669175153793064,0.6074451494242765,1.0,0.9304386296486177,0.06468448454616117,0.004590226930419679,0.0002866588748013288,0.17703181941550264,0.44222583459996767,1.0,0.7652193148243088,0.13234224227308058,0.10229511346520985,0.0001433294374006644,0.0,0.6187973106471177,1.0,0.9417907908714588,0.05490465581614084,0.0027008805066468544,0.000603672805753191
160,0.3441226297668961,0.6205435869209742,0.6935370671453154,95,10,0.0,0,1,160,0.9435370671453156,0.6,0.053257516141656594,0.2,0.0026198540914474486,0.2,0.0005855626215805958,0.0,0.3441226297668961,0.27700651977565877,1.0,0.6,0.2,0.2,0.0,0.020466972004620738,0.6401789158452632,1.0,0.9631723960696045,0.033536357998570514,0.0018740402299126568,0.0014172057019123253,0.16195086911051326,0.458592717810461,1.0,0.7815861980348022,0.11676817899928527,0.10093702011495634,0.0007086028509561626,0.0,0.6205435869209742,1.0,0.9435370671453156,0.053257516141656594,0.0026198540914474486,0.0005855626215805958
161,0.3457989508738892,0.6222374749066147,0.695230955130956,90,10,0.0,0,0,160,0.9452309551309561,0.6,0.05165979065740692,0.2,0.002541258468704026,0.2,0.0005679957429331782,0.0,0.3457989508738892,0.27700651977565877,1.0,0.6,0.2,0.2,0.0,0.018790650897627638,0.6401789158452632,1.0,0.9631723960696045,0.033536357998570514,0.0018740402299126568,0.0014172057019123253,0.16364475709615378,0.458592717810461,1.0,0.7815861980348022,0.11676817899928527,0.10093702011495634,0.0007086028509561626,0.0,0.6222374749066147,1.0,0.9452309551309561,0.05165979065740692,0.002541258468704026,0.0005679957429331782
162,0.3474249823476725,0.6238805462526862,0.6968740264770273,82,10,0.0,0,0,160,0.9468740264770275,0.6,0.0501099969376847,0.2,0.002465020714642904,0.2,0.0005509558706451826,0.0,0.3474249823476725,0.27700651977565877,1.0,0.6,0.2,0.2,0.0,0.0171646194238443,0.6401789158452632,1.0,0.9631723960696045,0.033536357998570514,0.0018740402299126568,0.0014172057019123253,0.1652878284422251,0.458592717810461,1.0,0.7815861980348022,0.11676817899928527,0.10093702011495634,0.0007086028509561626,0.0,0.6238805462526862,1.0,0.9468740264770275,0.0501099969376847,0.002465020714642904,0.0005509558706451826
163,0.3490022328772423,0.6254743254583752,0.6984678056827164,89,10,0.0,0,0,160,0.9484678056827165,0.6,0.048606697029554155,0.2,0.002391070093203616,0.2,0.0005344271945258272,0.0,0.3490022328772423,0.27700651977565877,1.0,0.6,0.2,0.2,0.0,0.01558736889427454,0.6401789158452632,1.0,0.9631723960696045,0.033536357998570514,0.0018740402299126568,0.0014172057019123253,0.1668816076479142,0.458592717810461,1.0,0.7815861980348022,0.11676817899928527,0.10093702011495634,0.0007086028509561626,0.0,0.6254743254583752,1.0,0.9484678056827165,0.048606697029554155,0.002391070093203616,0.0005344271945258272
164,0.350532165890925,0.6270202912878936,0.700013771512235,81,10,0.0,0,0,160,0.950013771512235,0.6,0.04714849611866754,0.2,0.0023193379904075094,0.2,0.0005183943786900521,0.0,0.350532165890925,0.27700651977565877,1.0,0.6,0.2,0.2,0.0,0.014057435880591822,0.6401789158452632,1.0,0.9631723960696045,0.033536357998570514,0.0018740402299126568,0.0014172057019123253,0.1684275734774327,0.458592717810461,1.0,0.7815861980348022,0.11676817899928527,0.10093702011495634,0.0007086028509561626,0.0,0.6270202912878936,1.0,0.950013771512235,0.04714849611866754,0.0023193379904075094,0.0005183943786900521
165,0.352016200914197,0.6285198781425264,0.7015133583668676,95,10,0.0,0,0,160,0.9515133583668673,0.6,0.04573404123510749,0.2,0.0022497578506952835,0.2,0.0005028425473293508,0.0,0.352016200914197,0.27700651977565877,1.0,0.6,0.2,0.2,0.0,0.012573400857319856,0.6401789158452632,1.0,0.9631723960696045,0.033536357998570514,0.0018740402299126568,0.0014172057019123253,0.16992716033206537,0.458592717810461,1.0,0.7815861980348022,0.11676817899928527,0.10093702011495634,0.0007086028509561626,0.0,0.6285198781425264,1.0,0.9515133583668673,0.04573404123510749,0.0022497578506952835,0.0005028425473293508
166,0.353455714886771,0.6299744773915203,0.7029679576158616,101,10,0.0,0,0,160,0.9529679576158613,0.6,0.04436201999805427,0.2,0.0021822651151744256,0.2,0.00048775727090947,0.0,0.353455714886771,0.27700651977565877,1.0,0.6,0.2,0.2,0.0,0.011133886884745784,0.6401789158452632,1.0,0.9631723960696045,0.033536357998570514,0.0018740402299126568,0.0014172057019123253,0.17138175958105933,0.458592717810461,1.0,0.7815861980348022,0.11676817899928527,0.10093702011495634,0.0007086028509561626,0.0,0.6299744773915203,1.0,0.9529679576158613,0.04436201999805427,0.0021822651151744256,0.00048775727090947
167,0.354852043440168,0.6313854386630445,0.7043789188873858,86,10,0.0,0,0,160,0.9543789188873857,0.6,0.043031159398112646,0.2,0.002116797161719192,0.2,0.00047312455278218613,0.0,0.354852043440168,0.27700651977565877,1.0,0.6,0.2,0.2,0.0,0.009737558331348798,0.6401789158452632,1.0,0.9631723960696045,0.033536357998570514,0.0018740402299126568,0.0014172057019123253,0.1727927208525836,0.458592717810461,1.0,0.7815861980348022,0.11676817899928527,0.10093702011495634,0.0007086028509561626,0.0,0.6313854386630445,1.0,0.9543789188873857,0.043031159398112646,0.002116797161719192,0.00047312455278218613
168,0.356206482136963,0.632754071096423,0.7057475513207643,87,10,0.0,0,0,160,0.955747551320764,0.6,0.041740224616169254,0.2,0.0020532932468676165,0.2,0.00045893081619872034,0.0,0.356206482136963,0.27700651977565877,1.0,0.6,0.2,0.2,0.0,0.008383119634553862,0.6401789158452632,1.0,0.9631723960696045,0.033536357998570514,0.0018740402299126568,0.0014172057019123253,0.174161353285962,0.458592717810461,1.0,0.7815861980348022,0.11676817899928527,0.10093702011495634,0.0007086028509561626,0.0,0.632754071096423,1.0,0.955747551320764,0.041740224616169254,0.0020532932468676165,0.00045893081619872034
169,0.35752028767285404,0.6340816445568,0.7070751247811412,80,10,0.0,0,0,160,0.9570751247811411,0.6,0.04048801787768419,0.2,0.0019916944494615878,0.2,0.0004451628917127589,0.0,0.35752028767285404,0.27700651977565877,1.0,0.6,0.2,0.2,0.0,0.007069314098662777,0.6401789158452632,1.0,0.9631723960696045,0.033536357998570514,0.0018740402299126568,0.0014172057019123253,0.17548892674633904,0.458592717810461,1.0,0.7815861980348022,0.11676817899928527,0.10093702011495634,0.0007086028509561626,0.0,0.6340816445568,1.0,0.9570751247811411,0.04048801787768419,0.0019916944494615878,0.0004451628917127589
170,0.3587946790426686,0.6353693908133661,0.7083628710377072,80,10,0.0,0,1,170,0.9583628710377072,0.6,0.03927337734135363,0.2,0.0019319436159777397,0.2,0.0004318080049613763,0.0,0.3587946790426686,0.27700651977565877,1.0,0.6,0.2,0.2,0.0,0.008685666557841353,0.626909900801303,1.0,0.9499033810256442,0.047480375225291825,0.0017057670701994265,0.0009104766788645452,0.18341118052488517,0.45195821028848093,1.0,0.7749516905128221,0.12374018761264592,0.10085288353509972,0.0004552383394322726,0.0,0.6353693908133661,1.0,0.9583628710377072,0.03927337734135363,0.0019319436159777397,0.0004318080049613763
171,0.3600308386713885,0.6366185046822348,0.7096119849065758,79,10,0.0,0,0,170,0.959611984906576,0.6,0.03809517602111305,0.2,0.0018739853074984088,0.2,0.0004188537648125349,0.0,0.3600308386713885,0.27700651977565877,1.0,0.6,0.2,0.2,0.0,0.009876822118230762,0.626909900801303,1.0,0.9499033810256442,0.047480375225291825,0.0017057670701994265,0.0009104766788645452,0.1846602943937539,0.45195821028848093,1.0,0.7749516905128221,0.12374018761264592,0.10085288353509972,0.0004552383394322726,0.0,0.6366185046822348,1.0,0.959611984906576,0.03809517602111305,0.0018739853074984088,0.0004188537648125349
172,0.36122991351124684,0.6378301451350374,0.7108236253593787,64,10,0.0,0,0,170,0.9608236253593786,0.6,0.03695232074047965,0.2,0.0018177657482734558,0.2,0.0004062881518681589,0.0,0.36122991351124684,0.27700651977565877,1.0,0.6,0.2,0.2,0.0,0.011032243011808496,0.626909900801303,1.0,0.9499033810256442,0.047480375225291825,0.0017057670701994265,0.0009104766788645452,0.1858719348465566,0.45195821028848093,1.0,0.7749516905128221,0.12374018761264592,0.10085288353509972,0.0004552383394322726,0.0,0.6378301451350374,1.0,0.9608236253593786,0.03695232074047965,0.0018177657482734558,0.0004062881518681589
173,0.3623930161059095,0.6390054363742562,0.7119989165985974,80,10,0.0,0,0,170,0.9619989165985974,0.6,0.03584375111826527,0.2,0.0017632327758252513,0.2,0.00039409950731211384,0.0,0.3623930161059095,0.27700651977565877,1.0,0.6,0.2,0.2,0.0,0.012153001278578992,0.626909900801303,1.0,0.9499033810256442,0.047480375225291825,0.0017057670701994265,0.0009104766788645452,0.18704722608577526,0.45195821028848093,1.0,0.7749516905128221,0.12374018761264592,0.10085288353509972,0.0004552383394322726,0.0,0.6390054363742562,1.0,0.9619989165985974,0.03584375111826527,0.0017632327758252513,0.00039409950731211384
174,0.36352122562273215,0.6401454688762981,0.7131389491006394,87,10,0.0,0,0,170,0.9631389491006392,0.6,0.0347684385847173,0.2,0.0017103357925504937,0.2,0.0003822765220927506,0.0,0.36352122562273215,0.27700651977565877,1.0,0.6,0.2,0.2,0.0,0.013240136797346213,0.626909900801303,1.0,0.9499033810256442,0.047480375225291825,0.0017057670701994265,0.0009104766788645452,0.18818725858781724,0.45195821028848093,1.0,0.7749516905128221,0.12374018761264592,0.10085288353509972,0.0004552383394322726,0.0,0.6401454688762981,1.0,0.9631389491006392,0.0347684385847173,0.0017103357925504937,0.0003822765220927506
175,0.3646155888540503,0.641251300403279,0.7142447806276202,64,10,0.0,0,0,170,0.9642447806276203,0.6,0.033725385427175784,0.2,0.0016590257187739793,0.2,0.00037080822642996774,0.0,0.3646155888540503,0.27700651977565877,1.0,0.6,0.2,0.2,0.0,0.014341399601976088,0.626909900801303,1.0,0.9499033810256442,0.047480375225291825,0.0017057670701994265,0.0009104766788645452,0.1892930901147982,0.45195821028848093,1.0,0.7749516905128221,0.12374018761264592,0.10085288353509972,0.0004552383394322726,0.0,0.641251300403279,1.0,0.9642447806276203,0.033725385427175784,0.0016590257187739793,0.00037080822642996774
176,0.36567712118842893,0.6423239569844506,0.7153174372087918,72,10,0.0,0,0,170,0.965317437208792,0.6,0.03271362386436052,0.2,0.0016092549472107595,0.2,0.0003596839796370689,0.0,0.36567712118842893,0.27700651977565877,1.0,0.6,0.2,0.2,0.0,0.015414056183147645,0.626909900801303,1.0,0.9499033810256442,0.047480375225291825,0.0017057670701994265,0.0009104766788645452,0.19036574669596976,0.45195821028848093,1.0,0.7749516905128221,0.12374018761264592,0.10085288353509972,0.0004552383394322726,0.0,0.6423239569844506,1.0,0.965317437208792,0.03271362386436052,0.0016092549472107595,0.0003596839796370689
177,0.366706807552776,0.6433644338681868,0.716357914092528,76,10,0.0,0,0,170,0.9663579140925281,0.6,0.031732215148429686,0.2,0.0015609772987944374,0.2,0.00034889346024795663,0.0,0.366706807552776,0.27700651977565877,1.0,0.6,0.2,0.2,0.0,0.016454533066883825,0.626909900801303,1.0,0.9499033810256442,0.047480375225291825,0.0017057670701994265,0.0009104766788645452,0.19140622357970594,0.45195821028848093,1.0,0.7749516905128221,0.12374018761264592,0.10085288353509972,0.0004552383394322726,0.0,0.6433644338681868,1.0,0.9663579140925281,0.031732215148429686,0.0015609772987944374,0.00034889346024795663
178,0.3677056033261927,0.6443736964454109,0.717367176669752,85,10,0.0,0,0,170,0.967367176669752,0.6,0.03078024869397679,0.2,0.0015141479798306044,0.2,0.00033842665644051833,0.0,0.3677056033261927,0.27700651977565877,1.0,0.6,0.2,0.2,0.0,0.017463795644107855,0.626909900801303,1.0,0.9499033810256442,0.047480375225291825,0.0017057670701994265,0.0009104766788645452,0.19241548615693,0.45195821028848093,1.0,0.7749516905128221,0.12374018761264592,0.10085288353509972,0.0004552383394322726,0.0,0.6443736964454109,1.0,0.967367176669752,0.03078024869397679,0.0015141479798306044,0.00033842665644051833
179,0.36867443522640664,0.6453526811453181,0.7183461613696593,86,10,0.0,0,0,170,0.9683461613696591,0.6,0.02985684123315748,0.2,0.001468723540435686,0.2,0.0003282738567473024,0.0,0.36867443522640664,0.27700651977565877,1.0,0.6,0.2,0.2,0.0,0.01844278034401512,0.626909900801303,1.0,0.9499033810256442,0.047480375225291825,0.0017057670701994265,0.0009104766788645452,0.19339447085683725,0.45195821028848093,1.0,0.7749516905128221,0.12374018761264592,0.10085288353509972,0.0004552383394322726,0.0,0.6453526811453181,1.0,0.9683461613696591,0.02985684123315748,0.001468723540435686,0.0003282738567473024
180,0.3696142021696146,0.6463022963042284,0.7192957765285696,87,10,0.0,0,1,180,0.9692957765285696,0.6,0.028961135996162773,0.2,0.0014246618342226161,0.2,0.00031842564104488374,0.0,0.3696142021696146,0.27700651977565877,1.0,0.6,0.2,0.2,0.0,0.011342628758570356,0.6568353038215372,1.0,0.9798287840458784,0.01778199633064292,0.002234283075484304,0.0001549365479944999,0.17962234187267812,0.46692091179859796,1.0,0.7899143920229392,0.10889099816532147,0.10111714153774216,7.746827399724995e-05,0.0,0.6463022963042284,1.0,0.9692957765285696,0.028961135996162773,0.0014246618342226161,0.00031842564104488374
181,0.3705257761045262,0.6472234230083713,0.7202169032327127,83,10,0.0,0,0,180,0.9702169032327126,0.6,0.028092301916277897,0.2,0.0013819219791959372,0.2,0.000308872871813537,0.0,0.3705257761045262,0.27700651977565877,1.0,0.6,0.2,0.2,0.0,0.010464241909454077,0.6568353038215372,1.0,0.9798287840458784,0.01778199633064292,0.002234283075484304,0.0001549365479944999,0.18053391580758973,0.46692091179859796,1.0,0.7899143920229392,0.10889099816532147,0.10111714153774216,7.746827399724995e-05,0.0,0.6472234230083713,1.0,0.9702169032327126,0.028092301916277897,0.0013819219791959372,0.000308872871813537
182,0.37141000282139025,0.64811691591139,0.7211103961357311,85,10,0.0,0,0,180,0.971110396135731,0.6,0.027249532858789557,0.2,0.0013404643198200582,0.2,0.0002996066856591309,0.0,0.37141000282139025,0.27700651977565877,1.0,0.6,0.2,0.2,0.0,0.009612206665811427,0.6568353038215372,1.0,0.9798287840458784,0.01778199633064292,0.002234283075484304,0.0001549365479944999,0.18141814252445385,0.46692091179859796,1.0,0.7899143920229392,0.10889099816532147,0.10111714153774216,7.746827399724995e-05,0.0,0.64811691591139,1.0,0.971110396135731,0.027249532858789557,0.0013404643198200582,0.0002996066856591309
183,0.3722677027367487,0.648983604027318,0.7219770842516593,87,10,0.0,0,0,180,0.9719770842516593,0.6,0.026432046873025854,0.2,0.0013002503902254565,0.2,0.0002906184850893569,0.0,0.3722677027367487,0.27700651977565877,1.0,0.6,0.2,0.2,0.0,0.008785732479477854,0.6568353038215372,1.0,0.9798287840458784,0.01778199633064292,0.002234283075484304,0.0001549365479944999,0.18227584243981224,0.46692091179859796,1.0,0.7899143920229392,0.10889099816532147,0.10111714153774216,7.746827399724995e-05,0.0,0.648983604027318,1.0,0.9719770842516593,0.026432046873025854,0.0013002503902254565,0.0002906184850893569
184,0.37309967165464614,0.6498242914997683,0.7228177717241094,94,10,0.0,0,0,180,0.9728177717241094,0.6,0.025639085466835094,0.2,0.0012612428785186934,0.2,0.0002818999305366764,0.0,0.37309967165464614,0.27700651977565877,1.0,0.6,0.2,0.2,0.0,0.007984052518734444,0.6568353038215372,1.0,0.9798287840458784,0.01778199633064292,0.002234283075484304,0.0001549365479944999,0.18310781135770973,0.46692091179859796,1.0,0.7899143920229392,0.10889099816532147,0.10111714153774216,7.746827399724995e-05,0.0,0.6498242914997683,1.0,0.9728177717241094,0.025639085466835094,0.0012612428785186934,0.0002818999305366764
185,0.3739066815050069,0.6506397583480451,0.7236332385723863,79,10,0.0,0,0,180,0.9736332385723863,0.6,0.024869912902830037,0.2,0.0012234055921631322,0.2,0.0002734429326205759,0.0,0.3739066815050069,0.27700651977565877,1.0,0.6,0.2,0.2,0.0,0.007206422956813234,0.6568353038215372,1.0,0.9798287840458784,0.01778199633064292,0.002234283075484304,0.0001549365479944999,0.1839148212080704,0.46692091179859796,1.0,0.7899143920229392,0.10889099816532147,0.10111714153774216,7.746827399724995e-05,0.0,0.6506397583480451,1.0,0.9736332385723863,0.024869912902830037,0.0012234055921631322,0.0002734429326205759
186,0.3746894810598566,0.6514307611908734,0.7244242414152147,91,10,0.0,0,0,180,0.9744242414152146,0.6,0.024123815515745127,0.2,0.0011867034243982387,0.2,0.0002652396446419587,0.0,0.3746894810598566,0.27700651977565877,1.0,0.6,0.2,0.2,0.0,0.0064521222817497705,0.6568353038215372,1.0,0.9798287840458784,0.01778199633064292,0.002234283075484304,0.0001549365479944999,0.18469762076292015,0.46692091179859796,1.0,0.7899143920229392,0.10889099816532147,0.10111714153774216,7.746827399724995e-05,0.0,0.6514307611908734,1.0,0.9744242414152146,0.024123815515745127,0.0011867034243982387,0.0002652396446419587
187,0.37544879662806074,0.6521980339484169,0.7251915141727581,82,10,0.0,0,0,180,0.9751915141727578,0.6,0.023400101050272775,0.2,0.001151102321666291,0.2,0.00025728245530269985,0.0,0.37544879662806074,0.27700651977565877,1.0,0.6,0.2,0.2,0.0,0.005720450626938293,0.6568353038215372,1.0,0.9798287840458784,0.01778199633064292,0.002234283075484304,0.0001549365479944999,0.18545693633112434,0.46692091179859796,1.0,0.7899143920229392,0.10889099816532147,0.10111714153774216,7.746827399724995e-05,0.0,0.6521980339484169,1.0,0.9751915141727578,0.023400101050272775,0.001151102321666291,0.00025728245530269985
188,0.376185332729219,0.6529422885232341,0.7259357687475754,84,10,0.0,0,0,180,0.9759357687475751,0.6,0.022698098018764604,0.2,0.0011165692520163021,0.2,0.0002495639816436189,0.0,0.376185332729219,0.27700651977565877,1.0,0.6,0.2,0.2,0.0,0.005010729121771009,0.6568353038215372,1.0,0.9798287840458784,0.01778199633064292,0.002234283075484304,0.0001549365479944999,0.18619347243228251,0.46692091179859796,1.0,0.7899143920229392,0.10889099816532147,0.10111714153774216,7.746827399724995e-05,0.0,0.6529422885232341,1.0,0.9759357687475751,0.022698098018764604,0.0011165692520163021,0.0002495639816436189
189,0.37689977274734254,0.653664215460807,0.7266576956851483,80,10,0.0,0,0,180,0.9766576956851483,0.6,0.022017155078201664,0.2,0.0010830721744558129,0.2,0.00024207706219431035,0.0,0.37689977274734254,0.27700651977565877,1.0,0.6,0.2,0.2,0.0,0.004322299261758573,0.6568353038215372,1.0,0.9798287840458784,0.01778199633064292,0.002234283075484304,0.0001549365479944999,0.18690791245040614,0.46692091179859796,1.0,0.7899143920229392,0.10889099816532147,0.10111714153774216,7.746827399724995e-05,0.0,0.653664215460807,1.0,0.9766576956851483,0.022017155078201664,0.0010830721744558129,0.00024207706219431035
190,0.3775927795649223,0.6543644845902525,0.7273579648145938,78,10,0.0,0,1,190,0.9773579648145939,0.6,0.021356640425855597,0.2,0.0010505800092221389,0.2,0.00023481475032848114,0.0,0.3775927795649223,0.27700651977565877,1.0,0.6,0.2,0.2,0.0,0.008500778232803591,0.6627647083132283,1.0,0.9857581885375696,0.01335606103747717,0.000550381164796913,0.00033536926015634684,0.18454600066605936,0.4698856140444436,1.0,0.7928790942687848,0.10667803051873859,0.10027519058239846,0.00016768463007817342,0.0,0.6543644845902525,1.0,0.9773579648145939,0.021356640425855597,0.0010505800092221389,0.00023481475032848114
191,0.3782649961779745,0.6550437456458146,0.7280372258701557,79,10,0.0,0,0,190,0.9780372258701556,0.6,0.02071594121307994,0.2,0.0010190626089454742,0.2,0.00022777030781862662,0.0,0.3782649961779745,0.27700651977565877,1.0,0.6,0.2,0.2,0.0,0.007828561619751505,0.6627647083132283,1.0,0.9857581885375696,0.01335606103747717,0.000550381164796913,0.00033536926015634684,0.18521821727911145,0.4698856140444436,1.0,0.7928790942687848,0.10667803051873859,0.10027519058239846,0.00016768463007817342,0.0,0.6550437456458146,1.0,0.9780372258701556,0.02071594121307994,0.0010190626089454742,0.00022777030781862662
192,0.37891704629263523,0.65570262886971,0.7286961090940511,92,10,0.0,0,0,190,0.978696109094051,0.6,0.020094462976687537,0.2,0.0009884907306771105,0.2,0.00022093719858406772,0.0,0.37891704629263523,0.27700651977565877,1.0,0.6,0.2,0.2,0.0,0.007176511505090699,0.6627647083132283,1.0,0.9857581885375696,0.01335606103747717,0.000550381164796913,0.00033536926015634684,0.18587026739377227,0.4698856140444436,1.0,0.7928790942687848,0.10667803051873859,0.10027519058239846,0.00016768463007817342,0.0,0.65570262886971,1.0,0.978696109094051,0.020094462976687537,0.0009884907306771105,0.00022093719858406772
193,0.37954953490385623,0.6563417455968885,0.7293352258212297,91,10,0.0,0,0,190,0.9793352258212296,0.6,0.019491629087386907,0.2,0.0009588360087567971,0.2,0.00021430908262654567,0.0,0.37954953490385623,0.27700651977565877,1.0,0.6,0.2,0.2,0.0,0.0065440228938697205,0.6627647083132283,1.0,0.9857581885375696,0.01335606103747717,0.000550381164796913,0.00033536926015634684,0.18650275600499328,0.4698856140444436,1.0,0.7928790942687848,0.10667803051873859,0.10027519058239846,0.00016768463007817342,0.0,0.6563417455968885,1.0,0.9793352258212296,0.019491629087386907,0.0009588360087567971,0.00021430908262654567
194,0.3801630488567405,0.6569616888222516,0.7299551690465927,78,10,0.0,0,0,190,0.9799551690465926,0.6,0.0189068802147653,0.2,0.0009300709284940933,0.2,0.00020787981014774932,0.0,0.3801630488567405,0.27700651977565877,1.0,0.6,0.2,0.2,0.0,0.005930508940985428,0.6627647083132283,1.0,0.9857581885375696,0.01335606103747717,0.000550381164796913,0.00033536926015634684,0.18711626995787756,0.4698856140444436,1.0,0.7928790942687848,0.10667803051873859,0.10027519058239846,0.00016768463007817342,0.0,0.6569616888222516,1.0,0.9799551690465926,0.0189068802147653,0.0009300709284940933,0.00020787981014774932
195,0.38075815739103863,0.6575630337508541,0.7305565139751953,68,10,0.0,0,0,190,0.9805565139751956,0.6,0.018339673808322344,0.2,0.0009021688006392702,0.2,0.00020164341584331678,0.0,0.38075815739103863,0.27700651977565877,1.0,0.6,0.2,0.2,0.0,0.005335400406687266,0.6627647083132283,1.0,0.9857581885375696,0.01335606103747717,0.000550381164796913,0.00033536926015634684,0.1877113784921757,0.4698856140444436,1.0,0.7928790942687848,0.10667803051873859,0.10027519058239846,0.00016768463007817342,0.0,0.6575630337508541,1.0,0.9805565139751956,0.018339673808322344,0.0009021688006392702,0.00020164341584331678
196,0.3813354126693074,0.6581463383315982,0.7311398185559393,77,10,0.0,0,0,190,0.9811398185559396,0.6,0.01778948359407268,0.2,0.0008751037366200918,0.2,0.00019559411336801728,0.0,0.3813354126693074,0.27700651977565877,1.0,0.6,0.2,0.2,0.0,0.0047581451284185155,0.6627647083132283,1.0,0.9857581885375696,0.01335606103747717,0.000550381164796913,0.00033536926015634684,0.18828863377044447,0.4698856140444436,1.0,0.7928790942687848,0.10667803051873859,0.10027519058239846,0.00016768463007817342,0.0,0.6581463383315982,1.0,0.9811398185559396,0.01778948359407268,0.0008751037366200918,0.00019559411336801728
197,0.381895350289228,0.6587121437749198,0.731705623999261,102,10,0.0,0,0,190,0.981705623999261,0.6,0.01725579908625049,0.2,0.000848850624521489,0.2,0.00018972628996697684,0.0,0.381895350289228,0.27700651977565877,1.0,0.6,0.2,0.2,0.0,0.0041982075084979345,0.6627647083132283,1.0,0.9857581885375696,0.01335606103747717,0.000550381164796913,0.00033536926015634684,0.188848571390365,0.4698856140444436,1.0,0.7928790942687848,0.10667803051873859,0.10027519058239846,0.00016768463007817342,0.0,0.6587121437749198,1.0,0.981705623999261,0.01725579908625049,0.000848850624521489,0.00018972628996697684
198,0.38243848978055134,0.6592609750549422,0.7322544552792833,88,10,0.0,0,0,190,0.9822544552792835,0.6,0.016738125113662974,0.2,0.0008233851057858448,0.2,0.00018403450126796742,0.0,0.38243848978055134,0.27700651977565877,1.0,0.6,0.2,0.2,0.0,0.00365506801717462,0.6627647083132283,1.0,0.9857581885375696,0.01335606103747717,0.000550381164796913,0.00033536926015634684,0.18939171088168838,0.4698856140444436,1.0,0.7928790942687848,0.10667803051873859,0.10027519058239846,0.00016768463007817342,0.0,0.6592609750549422,1.0,0.9822544552792835,0.016738125113662974,0.0008233851057858448,0.00018403450126796742
199,0.38296533508713443,0.6597933413965633,0.7327868216209046,85,10,0.0,0,0,190,0.9827868216209044,0.6,0.016235981360253088,0.2,0.0007986835526122692,0.2,0.0001785134662299285,0.0,0.38296533508713443,0.27700651977565877,1.0,0.6,0.2,0.2,0.0,0.003128222710591456,0.6627647083132283,1.0,0.9857581885375696,0.01335606103747717,0.000550381164796913,0.00033536926015634684,0.18991855618827153,0.4698856140444436,1.0,0.7928790942687848,0.10667803051873859,0.10027519058239846,0.00016768463007817342,0.0,0.6597933413965633,1.0,0.9827868216209044,0.016235981360253088,0.0007986835526122692,0.0001785134662299285
200,0.5840779400183114,0.6603097367479364,0.7333032169722774,67,6,0.0,0,1,200,0.9833032169722774,0.4,0.015748901919445488,0.2,0.0007747230460339014,0.0,0.00017315806224303055,0.4,0.3933032169722775,0.26700651977565876,1.0,0.59,0.2,0.19,0.02,0.0013608243411701126,0.6616705610891064,1.0,0.9846640413134476,0.014423023265533493,0.0007740450125252365,0.0001388904084937066,0.19597119631555368,0.4643385404323826,1.0,0.7873320206567238,0.10721151163276675,0.09538702250626262,0.010069445204246854,0.0,0.6603097367479364,1.0,0.9833032169722774,0.015748901919445488,0.0007747230460339014,0.00017315806224303055
201,0.5998268419377568,0.6603097367479364,0.7333032169722774,74,7,0.0,0,0,200,0.9833032169722774,0.4,0.015748901919445488,0.0,0.0007747230460339014,0.0,0.00017315806224303055,0.6,0.3933032169722775,0.26700651977565876,1.0,0.59,0.2,0.19,0.02,0.0013608243411701126,0.6616705610891064,1.0,0.9846640413134476,0.014423023265533493,0.0007740450125252365,0.0001388904084937066,0.19597119631555368,0.4643385404323826,1.0,0.7873320206567238,0.10721151163276675,0.09538702250626262,0.010069445204246854,0.0,0.6603097367479364,1.0,0.9833032169722774,0.015748901919445488,0.0007747230460339014,0.00017315806224303055
202,0.5998268419377568,0.6603097367479364,0.7333032169722774,79,9,0.0,0,0,200,0.9833032169722774,0.4,0.015748901919445488,0.0,0.0007747230460339014,0.0,0.00017315806224303055,0.6,0.3933032169722775,0.26700651977565876,1.0,0.59,0.2,0.19,0.02,0.0013608243411701126,0.6616705610891064,1.0,0.9846640413134476,0.014423023265533493,0.0007740450125252365,0.0001388904084937066,0.19597119631555368,0.4643385404323826,1.0,0.7873320206567238,0.10721151163276675,0.09538702250626262,0.010069445204246854,0.0,0.6603097367479364,1.0,0.9833032169722774,0.015748901919445488,0.0007747230460339014,0.00017315806224303055
203,0.5998268419377568,0.6603097367479364,0.7333032169722774,68,9,0.0,0,0,200,0.9833032169722774,0.4,0.015748901919445488,0.0,0.0007747230460339014,0.0,0.00017315806224303055,0.6,0.3933032169722775,0.26700651977565876,1.0,0.59,0.2,0.19,0.02,0.0013608243411701126,0.6616705610891064,1.0,0.9846640413134476,0.014423023265533493,0.0007740450125252365,0.0001388904084937066,0.19597119631555368,0.4643385404323826,1.0,0.7873320206567238,0.10721151163276675,0.09538702250626262,0.010069445204246854,0.0,0.6603097367479364,1.0,0.9833032169722774,0.015748901919445488,0.0007747230460339014,0.00017315806224303055
204,0.5998268419377568,0.6603097367479364,0.7333032169722774,79,9,0.0,0,0,200,0.9833032169722774,0.4,0.015748901919445488,0.0,0.0007747230460339014,0.0,0.00017315806224303055,0.6,0.3933032169722775,0.26700651977565876,1.0,0.59,0.2,0.19,0.02,0.0013608243411701126,0.6616705610891064,1.0,0.9846640413134476,0.014423023265533493,0.0007740450125252365,0.0001388904084937066,0.19597119631555368,0.4643385404323826,1.0,0.7873320206567238,0.10721151163276675,0.09538702250626262,0.010069445204246854,0.0,0.6603097367479364,1.0,0.9833032169722774,0.015748901919445488,0.0007747230460339014,0.00017315806224303055
205,0.5698320366796243,0.6308106402387681,0.7038041204631093,85,9,0.0,0,0,200,0.9538041204631094,0.4,0.01527643486186213,0.0,0.0007514813546528841,0.0,0.03016796332037574,0.6,0.37397208378348507,0.26700651977565876,1.0,0.59,0.2,0.19,0.02,0.030882484508210652,0.6616705610891064,1.0,0.9846640413134476,0.014423023265533493,0.0007740450125252365,0.0001388904084937066,0.1865706179225144,0.4643385404323826,1.0,0.7873320206567238,0.10721151163276675,0.09538702250626262,0.010069445204246854,0.0,0.6308106402387681,1.0,0.9538041204631094,0.01527643486186213,0.0007514813546528841,0.03016796332037574
206,0.5407370755792354,0.6021965166248747,0.6751899968492159,87,9,0.0,0,0,200,0.9251899968492159,0.4,0.014818141816006264,0.0,0.000728936914013298,0.0,0.05926292442076449,0.6,0.3744529212699805,0.26700651977565876,1.0,0.59,0.2,0.19,0.02,0.05951915256274363,0.6616705610891064,1.0,0.9846640413134476,0.014423023265533493,0.0007740450125252365,0.0001388904084937066,0.18705145540900975,0.4643385404323826,1.0,0.7873320206567238,0.10721151163276675,0.09538702250626262,0.010069445204246854,0.0,0.6021965166248747,1.0,0.9251899968492159,0.014818141816006264,0.000728936914013298,0.05926292442076449
207,0.5125149633118584,0.5961747339682147,0.6474342969437396,78,9,0.0,0,0,200,0.8974342969437394,0.4,0.014373597561526076,0.0,0.0007070688065928987,0.0,0.08748503668814149,0.6,0.374919333631881,0.26700651977565876,1.0,0.59,0.2,0.19,0.02,0.08734614627964787,0.6616705610891064,1.0,0.9846640413134476,0.014423023265533493,0.0007740450125252365,0.0001388904084937066,0.18751786777091034,0.4643385404323826,1.0,0.7873320206567238,0.10721151163276675,0.09538702250626262,0.010069445204246854,0.0,0.5961747339682147,1.0,0.8974342969437394,0.014373597561526076,0.0007070688065928987,0.08748503668814149
208,0.4851395144125027,0.5966271539592584,0.6205112680354272,79,9,0.0,0,0,200,0.8705112680354272,0.4,0.013942389634680292,0.0,0.0006858567423951116,0.0,0.11486048558749729,0.6,0.3753717536229246,0.26700651977565876,1.0,0.59,0.2,0.19,0.02,0.11472159517900367,0.6616705610891064,1.0,0.9846640413134476,0.014423023265533493,0.0007740450125252365,0.0001388904084937066,0.1879702877619539,0.4643385404323826,1.0,0.7873320206567238,0.10721151163276675,0.09538702250626262,0.010069445204246854,0.0,0.5966271539592584,1.0,0.8705112680354272,0.013942389634680292,0.0006858567423951116,0.11486048558749729
209,0.4585853289801275,0.5970660013505706,0.5943959299943643,90,9,0.0,0,0,200,0.8443959299943643,0.4,0.013524117945639883,0.0,0.0006652810401232584,0.0,0.1414146710198724,0.6,0.3758106010142368,0.26700651977565876,1.0,0.59,0.2,0.19,0.02,0.1412757806113788,0.6616705610891064,1.0,0.9846640413134476,0.014423023265533493,0.0007740450125252365,0.0001388904084937066,0.18840913515326613,0.4643385404323826,1.0,0.7873320206567238,0.10721151163276675,0.09538702250626262,0.010069445204246854,0.0,0.5970660013505706,1.0,0.8443959299943643,0.013524117945639883,0.0006652810401232584,0.1414146710198724
210,0.43282776911072385,0.5974916833201437,0.5690640520945336,87,9,0.0,0,1,210,0.8190640520945337,0.4,0.013118394407270688,0.0,0.0006453226089195605,0.0,0.16717223088927619,0.6,0.3290640520945336,0.42125540033633385,1.0,0.49,0.1,0.09,0.32,0.0028097868723674967,0.5948522122499531,1.0,0.8163245543171161,0.01582815457241118,0.0005750335139693396,0.1672722575965029,0.16590177493597544,0.5080538062931436,1.0,0.6531622771585581,0.057914077286205595,0.04528751675698467,0.24363612879825147,0.0,0.5974916833201437,1.0,0.8190640520945337,0.013118394407270688,0.0006453226089195605,0.16717223088927619
211,0.40784293603740185,0.597904594830629,0.5444921305316973,103,9,0.0,0,0,210,0.794492130531697,0.4,0.012724842575052563,0.0,0.0006259629306519732,0.0,0.1921570639625978,0.6,0.3044921305316973,0.42125540033633385,1.0,0.49,0.1,0.09,0.32,0.02493573578277765,0.5948522122499531,1.0,0.8163245543171161,0.01582815457241118,0.0005750335139693396,0.1672722575965029,0.14132985337313914,0.5080538062931436,1.0,0.6531622771585581,0.057914077286205595,0.04528751675698467,0.24363612879825147,0.0,0.597904594830629,1.0,0.794492130531697,0.012724842575052563,0.0006259629306519732,0.1921570639625978
212,0.3836076479562801,0.5983051189958006,0.5206573666157468,71,9,0.0,0,0,210,0.7706573666157468,0.4,0.012343097297800995,0.0,0.0006071840427324148,0.0,0.21639235204371998,0.6,0.2806573666157467,0.42125540033633385,1.0,0.49,0.1,0.09,0.32,0.04915224497597984,0.5948522122499531,1.0,0.8163245543171161,0.01582815457241118,0.0005750335139693396,0.1672722575965029,0.1174950894571885,0.5080538062931436,1.0,0.6531622771585581,0.057914077286205595,0.04528751675698467,0.24363612879825147,0.0,0.5983051189958006,1.0,0.7706573666157468,0.012343097297800995,0.0006071840427324148,0.21639235204371998
213,0.36009941851759175,0.5986936274360166,0.4975376456172744,94,9,0.0,0,0,210,0.7475376456172745,0.4,0.011972804378866964,0.0,0.0005889685214504419,0.0,0.2399005814824084,0.6,0.2575376456172744,0.42125540033633385,1.0,0.49,0.1,0.09,0.32,0.07264225889338621,0.5948522122499531,1.0,0.8163245543171161,0.01582815457241118,0.0005750335139693396,0.1672722575965029,0.09437536845871618,0.5080538062931436,1.0,0.6531622771585581,0.057914077286205595,0.04528751675698467,0.24363612879825147,0.0,0.5986936274360166,1.0,0.7475376456172745,0.011972804378866964,0.0005889685214504419,0.2399005814824084
214,0.3372964359620638,0.599070480623026,0.48781508028669207,74,9,0.0,0,0,210,0.7251115162487559,0.4,0.011613620247500952,0.0,0.0005712994658069288,0.0,0.2627035640379361,0.6,0.23511151624875598,0.42125540033633385,1.0,0.49,0.1,0.09,0.32,0.09543130644143302,0.5948522122499531,1.0,0.8163245543171161,0.01582815457241118,0.0005750335139693396,0.1672722575965029,0.09101667432988239,0.5080538062931436,1.0,0.6531622771585581,0.057914077286205595,0.04528751675698467,0.24363612879825147,0.0,0.599070480623026,1.0,0.7251115162487559,0.011613620247500952,0.0005712994658069288,0.2627035640379361
215,0.31517754288320177,0.5994360282144251,0.48818062787809124,84,9,0.0,0,0,210,0.703358170761293,0.4,0.011265211640075918,0.0,0.0005541604818327208,0.0,0.28482245711679804,0.6,0.21335817076129318,0.42125540033633385,1.0,0.49,0.1,0.09,0.32,0.11755019952029507,0.5948522122499531,1.0,0.8163245543171161,0.01582815457241118,0.0005750335139693396,0.1672722575965029,0.09138222192128155,0.5080538062931436,1.0,0.6531622771585581,0.057914077286205595,0.04528751675698467,0.24363612879825147,0.0,0.5994360282144251,1.0,0.703358170761293,0.011265211640075918,0.0005541604818327208,0.28482245711679804
216,0.29372221659670594,0.5997906093780824,0.4885352090417485,96,9,0.0,0,0,210,0.6822574256384545,0.4,0.010927255290873643,0.0,0.0005375356673777391,0.0,0.3062777834032939,0.6,0.19225742563845458,0.42125540033633385,1.0,0.49,0.1,0.09,0.32,0.1390055258067909,0.5948522122499531,1.0,0.8163245543171161,0.01582815457241118,0.0005750335139693396,0.1672722575965029,0.09173680308493884,0.5080538062931436,1.0,0.6531622771585581,0.057914077286205595,0.04528751675698467,0.24363612879825147,0.0,0.5997906093780824,1.0,0.6822574256384545,0.010927255290873643,0.0005375356673777391,0.3062777834032939
217,0.27291055009880466,0.6001345531068298,0.488879152770496,78,9,0.0,0,0,210,0.6617897028693007,0.4,0.010599437632147435,0.0,0.0005214095973564071,0.0,0.3270894499011952,0.6,0.17887915277049604,0.42125540033633385,1.0,0.49,0.1,0.09,0.32,0.1598171923046922,0.5948522122499531,1.0,0.8163245543171161,0.01582815457241118,0.0005750335139693396,0.1672722575965029,0.09208074681368637,0.5080538062931436,1.0,0.6531622771585581,0.057914077286205595,0.04528751675698467,0.24363612879825147,0.0,0.6001345531068298,1.0,0.6617897028693007,0.010599437632147435,0.0005214095973564071,0.3270894499011952
218,0.2527232335958404,0.6004681785237149,0.48921277818738107,66,9,0.0,0,0,210,0.6419360117832216,0.4,0.010281454503183012,0.0,0.000505767309435715,0.0,0.3472767664041594,0.6,0.1792127781873811,0.42125540033633385,1.0,0.49,0.1,0.09,0.32,0.18000450880765642,0.5948522122499531,1.0,0.8163245543171161,0.01582815457241118,0.0005750335139693396,0.1672722575965029,0.103640637605908,0.5080538062931436,1.0,0.6531622771585581,0.057914077286205595,0.04528751675698467,0.24363612879825147,0.0,0.6004681785237149,1.0,0.6419360117832216,0.010281454503183012,0.000505767309435715,0.3472767664041594
219,0.23314153658796516,0.6007917951780934,0.4895363948417595,76,9,0.0,0,0,210,0.6226779314297247,0.4,0.009973010868087521,0.0,0.0004905942901526432,0.0,0.3668584634120345,0.6,0.1795363948417595,0.42125540033633385,1.0,0.49,0.1,0.09,0.32,0.1995862058155317,0.5948522122499531,1.0,0.8163245543171161,0.01582815457241118,0.0005750335139693396,0.1672722575965029,0.12322233461378326,0.5080538062931436,1.0,0.6531622771585581,0.057914077286205595,0.04528751675698467,0.24363612879825147,0.0,0.6007917951780934,1.0,0.6226779314297247,0.009973010868087521,0.0004905942901526432,0.3668584634120345
220,0.21414729049032627,0.6011057033328406,0.48985030299650667,81,9,0.0,0,1,220,0.603997593486833,0.4,0.009673820542044893,0.0,0.00047587646144806414,0.0,0.3858527095096734,0.6,0.21414729049032627,0.6112554003363337,0.0,0.4,0.0,0.0,0.6,0.000926146263560065,0.6019684221514061,1.0,0.6047124338655824,0.008747674278484939,0.0005393039064426512,0.3860005879494896,0.1071475844650712,0.6066119112438699,1.0,0.5023562169327912,0.004373837139242469,0.0002696519532213256,0.49300029397474476,0.0,0.6011057033328406,1.0,0.603997593486833,0.009673820542044893,0.00047587646144806414,0.3858527095096734
221,0.1957228717756166,0.6014101942429455,0.49015479390661154,76,9,0.0,0,0,220,0.5858776656822282,0.4,0.009383605925783547,0.0,0.00046160016760462213,0.0,0.40427712822438316,0.6,0.1957228717756166,0.6112554003363337,0.0,0.4,0.0,0.0,0.6,0.018912471922192184,0.6019684221514061,1.0,0.6047124338655824,0.008747674278484939,0.0005393039064426512,0.3860005879494896,0.08872316575036149,0.6066119112438699,1.0,0.5023562169327912,0.004373837139242469,0.0002696519532213256,0.49300029397474476,0.0,0.6014101942429455,1.0,0.5858776656822282,0.009383605925783547,0.00046160016760462213,0.40427712822438316
222,0.17785118562234792,0.6017055504257471,0.49045015008941323,91,9,0.0,0,0,220,0.5683013357117612,0.4,0.009102097748010041,0.0,0.0004477521625764834,0.0,0.42214881437765184,0.6,0.17785118562234792,0.6112554003363337,0.0,0.4,0.0,0.0,0.6,0.036502649897687325,0.6019684221514061,1.0,0.6047124338655824,0.008747674278484939,0.0005393039064426512,0.3860005879494896,0.07085147959709284,0.6066119112438699,1.0,0.5023562169327912,0.004373837139242469,0.0002696519532213256,0.49300029397474476,0.0,0.6017055504257471,1.0,0.5683013357117612,0.009102097748010041,0.0004477521625764834,0.42214881437765184
223,0.16051565005367768,0.6019920459230647,0.4907366455867309,96,9,0.0,0,0,220,0.5512522956404086,0.4,0.008829034815569738,0.0,0.0004343195976991889,0.0,0.4394843499463221,0.6,0.16051565005367768,0.6112554003363337,0.0,0.4,0.0,0.0,0.6,0.05356512253391727,0.6019684221514061,1.0,0.6047124338655824,0.008747674278484939,0.0005393039064426512,0.3860005879494896,0.05351594402842259,0.6066119112438699,1.0,0.5023562169327912,0.004373837139242469,0.0002696519532213256,0.49300029397474476,0.0,0.6019920459230647,1.0,0.5512522956404086,0.008829034815569738,0.0004343195976991889,0.4394843499463221
224,0.1437001805520672,0.602269946555463,0.49101454621912916,80,9,0.0,0,0,220,0.5347147267711964,0.4,0.008564163771102647,0.0,0.00042129000976821326,0.0,0.45629981944793274,0.6,0.1437001805520672,0.6112554003363337,0.0,0.4,0.0,0.0,0.6,0.07029923149844294,0.6019684221514061,1.0,0.6047124338655824,0.008747674278484939,0.0005393039064426512,0.3860005879494896,0.03670047452681212,0.6066119112438699,1.0,0.5023562169327912,0.004373837139242469,0.0002696519532213256,0.49300029397474476,0.0,0.602269946555463,1.0,0.5347147267711964,0.008564163771102647,0.00042129000976821326,0.45629981944793274
225,0.1273891751355053,0.6025395101688886,0.4912841098325549,97,9,0.0,0,0,220,0.5186732849680602,0.4,0.008307238857969567,0.0,0.0004086513094751667,0.0,0.4726108248644943,0.6,0.1273891751355053,0.6112554003363337,0.0,0.4,0.0,0.0,0.6,0.08661023691500486,0.6019684221514061,1.0,0.6047124338655824,0.008747674278484939,0.0005393039064426512,0.3860005879494896,0.020389469110250205,0.6066119112438699,1.0,0.5023562169327912,0.004373837139242469,0.0002696519532213256,0.49300029397474476,0.0,0.6025395101688886,1.0,0.5186732849680602,0.008307238857969567,0.0004086513094751667,0.4726108248644943
226,0.11156749988144007,0.6028009868739121,0.4915455865375783,87,9,0.0,0,0,220,0.5031130864190184,0.4,0.00805802169223048,0.0,0.0003963917701909121,0.0,0.4884325001185596,0.6,0.11156749988144007,0.6112554003363337,0.0,0.4,0.0,0.0,0.6,0.10243191216907008,0.6019684221514061,1.0,0.6047124338655824,0.008747674278484939,0.0005393039064426512,0.3860005879494896,0.00456779385618499,0.6066119112438699,1.0,0.5023562169327912,0.004373837139242469,0.0002696519532213256,0.49300029397474476,0.0,0.6028009868739121,1.0,0.5031130864190184,0.00805802169223048,0.0003963917701909121,0.4884325001185596
227,0.09622047488499674,0.6030546192777848,0.4917992189414509,90,9,0.0,0,0,220,0.48801969382644766,0.4,0.007816281041463567,0.0,0.00038450001708518436,0.0,0.5037795251150029,0.6,0.09622047488499674,0.6112554003363337,1.0,0.4,0.0,0.0,0.6,0.11777893716551344,0.6019684221514061,0.0,0.6047124338655824,0.008747674278484939,0.0005393039064426512,0.3860005879494896,0.014336523106343315,0.6066119112438699,0.0,0.5023562169327912,0.004373837139242469,0.0002696519532213256,0.49300029397474476,0.0,0.6030546192777848,1.0,0.48801969382644766,0.007816281041463567,0.00038450001708518436,0.5037795251150029
228,0.08133386063844701,0.6033006427095413,0.4920452423732074,77,9,0.0,0,0,220,0.4733791030116545,0.4,0.007581792610219658,0.0,0.0003729650165726288,0.0,0.5186661393615527,0.6,0.08133386063844701,0.6112554003363337,1.0,0.4,0.0,0.0,0.6,0.13266555141206315,0.6019684221514061,0.0,0.6047124338655824,0.008747674278484939,0.0005393039064426512,0.3860005879494896,0.028977113921136576,0.6066119112438699,0.0,0.5023562169327912,0.004373837139242469,0.0002696519532213256,0.49300029397474476,0.0,0.6033006427095413,1.0,0.4733791030116545,0.007581792610219658,0.0003729650165726288,0.5186661393615527
229,0.06689384481929356,0.6035392854383452,0.4922838851020113,87,9,0.0,0,0,220,0.4591777299213049,0.4,0.007354338831913072,0.0,0.0003617760660754501,0.0,0.5331061551807063,0.6,0.06689384481929356,0.6112554003363337,1.0,0.4,0.0,0.0,0.6,0.1471055672312166,0.6019684221514061,0.0,0.6047124338655824,0.008747674278484939,0.0005393039064426512,0.3860005879494896,0.04317848701148626,0.6066119112438699,0.0,0.5023562169327912,0.004373837139242469,0.0002696519532213256,0.49300029397474476,0.0,0.6035392854383452,1.0,0.4591777299213049,0.007354338831913072,0.0003617760660754501,0.5331061551807063
230,0.05288702947471478,0.6037707688852848,0.4925153685489509,97,9,0.0,0,1,230,0.4454023980236657,0.4,0.0071337086669556755,0.0,0.0003509227840931864,0.0,0.547112970525285,0.6,0.05288702947471478,0.6112554003363337,1.0,0.4,0.0,0.0,0.6,0.0006561128195584062,0.6044268817048432,1.0,0.4460581203455765,0.00658728267393902,0.0002412359575513816,0.5471133610229325,0.02644370998618118,0.6078411410205885,1.0,0.4230290601727883,0.00329364133696951,0.0001206179787756908,0.5735566805114662,0.0,0.6037707688852848,1.0,0.4454023980236657,0.0071337086669556755,0.0003509227840931864,0.547112970525285
231,0.03930041859047342,0.6039953078288164,0.49273990749248253,79,9,0.0,0,0,230,0.43204032608295595,0.4,0.006919697406947003,0.0,0.00034039510057039095,0.0,0.5606995814095265,0.6,0.03930041859047342,0.6112554003363337,1.0,0.4,0.0,0.0,0.6,0.014017794262620759,0.6044268817048432,1.0,0.4460581203455765,0.00658728267393902,0.0002412359575513816,0.5471133610229325,0.012857099101939811,0.6078411410205885,1.0,0.4230290601727883,0.00329364133696951,0.0001206179787756908,0.5735566805114662,0.0,0.6039953078288164,1.0,0.43204032608295595,0.006919697406947003,0.00034039510057039095,0.5606995814095265
232,0.026121406032759087,0.6042131106040417,0.49295771026770785,81,9,0.0,0,0,230,0.41907911630046696,0.4,0.006712106484738595,0.0,0.0003301832475532791,0.0,0.5738785939672406,0.6,0.026121406032759087,0.6112554003363337,1.0,0.4,0.0,0.0,0.6,0.026979004045109566,0.6044268817048432,1.0,0.4460581203455765,0.00658728267393902,0.0002412359575513816,0.5471133610229325,0.00394994387232119,0.6078411410205885,1.0,0.4230290601727883,0.00329364133696951,0.0001206179787756908,0.5735566805114662,0.0,0.6042131106040417,1.0,0.41907911630046696,0.006712106484738595,0.0003301832475532791,0.5738785939672406
233,0.013337763851776149,0.6044243792960106,0.4931689789596767,84,9,0.0,0,0,230,0.4065067428114529,0.4,0.00651074329019644,0.0,0.0003202777501266809,0.0,0.5866622361482237,0.6,0.013337763851776149,0.6112554003363337,1.0,0.4,0.0,0.0,0.6,0.03962791691786633,0.6044268817048432,1.0,0.4460581203455765,0.00658728267393902,0.0002412359575513816,0.5471133610229325,0.016522317361335376,0.6078411410205885,1.0,0.4230290601727883,0.00329364133696951,0.0001206179787756908,0.5735566805114662,0.0,0.6044243792960106,1.0,0.4065067428114529,0.00651074329019644,0.0003202777501266809,0.5866622361482237
234,0.006626090409113514,0.6046293099272203,0.49337390959088645,77,9,0.0,0,0,230,0.39431154052710954,0.4,0.006315420991490543,0.0,0.0003106694176228803,0.0,0.5990623690637769,0.6,0.006626090409113514,0.6112554003363337,1.0,0.4,0.0,0.0,0.6,0.05201844150091565,0.6044268817048432,1.0,0.4460581203455765,0.00658728267393902,0.0002412359575513816,0.5471133610229325,0.028717519645678796,0.6078411410205885,1.0,0.4230290601727883,0.00329364133696951,0.0001206179787756908,0.5735566805114662,0.0,0.6046293099272203,1.0,0.39431154052710954,0.006315420991490543,0.0003106694176228803,0.5990623690637769
235,0.017517805688703758,0.6048280926394936,0.4935726923031598,83,9,0.0,0,0,230,0.3824821943112961,0.4,0.006125958361745826,0.0,0.00030134933509419406,0.0,0.6110904979918635,0.6,0.017517805688703758,0.6112554003363337,1.0,0.4,0.0,0.0,0.6,0.06403725034647373,0.6044268817048432,1.0,0.4460581203455765,0.00658728267393902,0.0002412359575513816,0.5471133610229325,0.04054686586149216,0.6078411410205885,1.0,0.4230290601727883,0.00329364133696951,0.0001206179787756908,0.5735566805114662,0.0,0.6048280926394936,1.0,0.3824821943112961,0.006125958361745826,0.00030134933509419406,0.6110904979918635
236,0.028992271518042702,0.6050209118703986,0.4937655115340648,78,9,0.0,0,0,230,0.37100772848195696,0.4,0.005942179610893454,0.0,0.00029230885504136813,0.0,0.6227577830521075,0.6,0.028992271518042702,0.6112554003363337,1.0,0.4,0.0,0.0,0.6,0.07569549492666505,0.6044268817048432,1.0,0.4460581203455765,0.00658728267393902,0.0002412359575513816,0.5471133610229325,0.052021331690831105,0.6078411410205885,1.0,0.4230290601727883,0.00329364133696951,0.0001206179787756908,0.5735566805114662,0.0,0.6050209118703986,1.0,0.37100772848195696,0.005942179610893454,0.00029230885504136813,0.6227577830521075
237,0.04012250337250141,0.6052079465243768,0.493952546188043,95,9,0.0,0,0,230,0.3598774966274984,0.4,0.005763914222566652,0.0,0.000283539589390127,0.0,0.6340750495605444,0.6,0.04012250337250141,0.6112554003363337,1.0,0.4,0.0,0.0,0.6,0.08700399216945055,0.6044268817048432,1.0,0.4460581203455765,0.00658728267393902,0.0002412359575513816,0.5471133610229325,0.06315156354528981,0.6078411410205885,1.0,0.4230290601727883,0.00329364133696951,0.0001206179787756908,0.5735566805114662,0.0,0.6052079465243768,1.0,0.3598774966274984,0.005763914222566652,0.000283539589390127,0.6340750495605444
238,0.05091882827132643,0.6053893701387356,0.4941339698024019,81,9,0.0,0,0,230,0.34908117172867353,0.4,0.00559099679588965,0.0,0.00027503340170842325,0.0,0.6450527980737283,0.6,0.05091882827132643,0.6112554003363337,1.0,0.4,0.0,0.0,0.6,0.09797323449495259,0.6044268817048432,1.0,0.4460581203455765,0.00658728267393902,0.0002412359575513816,0.5471133610229325,0.07394788844411485,0.6078411410205885,1.0,0.4230290601727883,0.00329364133696951,0.0001206179787756908,0.5735566805114662,0.0,0.6053893701387356,1.0,0.34908117172867353,0.00559099679588965,0.00027503340170842325,0.6450527980737283
239,0.0613912634231865,0.6055653510446635,0.49430995070832956,69,9,0.0,0,0,230,0.33860873657681323,0.4,0.0054232668920129595,0.0,0.00026678239965717055,0.0,0.655701214131516,0.6,0.0613912634231865,0.6112554003363337,1.0,0.4,0.0,0.0,0.6,0.10861339955068933,0.6044268817048432,1.0,0.4460581203455765,0.00658728267393902,0.0002412359575513816,0.5471133610229325,0.0844203235959749,0.6078411410205885,1.0,0.4230290601727883,0.00329364133696951,0.0001206179787756908,0.5735566805114662,0.0,0.6055653510446635,1.0,0.33860873657681323,0.0054232668920129595,0.00026678239965717055,0.655701214131516
