variant,alpha,family,arm,metric,n_total,n_valid,mean,scope
baseline,0.25,E2,I00,execution_count,200,200,95.695,descriptive_equal_weight_mother_world_means
baseline,0.25,E2,I00,execution_coverage,200,200,0.95695,descriptive_equal_weight_mother_world_means
baseline,0.25,E2,I00,exposure_gap,200,200,0.003377461985519852,descriptive_equal_weight_mother_world_means
baseline,0.25,E2,I00,final_preference_shift,200,200,0.06789279405540072,descriptive_equal_weight_mother_world_means
baseline,0.25,E2,I00,final_trust_mean,200,200,0.6453900454202196,descriptive_equal_weight_mother_world_means
baseline,0.25,E2,I00,has_response,200,200,1.0,descriptive_equal_weight_mother_world_means
baseline,0.25,E2,I00,max_pending,200,200,3.0,descriptive_equal_weight_mother_world_means
baseline,0.25,E2,I00,pending_count,200,200,2.87,descriptive_equal_weight_mother_world_means
baseline,0.25,E2,I00,perception_data_coverage,200,200,1.0,descriptive_equal_weight_mother_world_means
baseline,0.25,E2,I00,platform_signal_coverage,200,200,1.0,descriptive_equal_weight_mother_world_means
baseline,0.25,E2,I00,response_completion_L,200,200,1.0,descriptive_equal_weight_mother_world_means
baseline,0.25,E2,I00,scheduled_count,200,200,95.63,descriptive_equal_weight_mother_world_means
baseline,0.25,E2,I00,targeting_error_execution,200,200,0.7487410831010649,descriptive_equal_weight_mother_world_means
baseline,0.25,E2,I00,waiting_time,200,200,3.0,descriptive_equal_weight_mother_world_means
baseline,0.25,E2,I01,execution_count,200,200,99.625,descriptive_equal_weight_mother_world_means
baseline,0.25,E2,I01,execution_coverage,200,200,0.99625,descriptive_equal_weight_mother_world_means
baseline,0.25,E2,I01,exposure_gap,200,200,0.0033560645145637113,descriptive_equal_weight_mother_world_means
baseline,0.25,E2,I01,final_preference_shift,200,200,0.06796147682070783,descriptive_equal_weight_mother_world_means
baseline,0.25,E2,I01,final_trust_mean,200,200,0.6460024667224101,descriptive_equal_weight_mother_world_means
baseline,0.25,E2,I01,has_response,200,200,1.0,descriptive_equal_weight_mother_world_means
baseline,0.25,E2,I01,max_pending,200,200,3.0,descriptive_equal_weight_mother_world_means
baseline,0.25,E2,I01,pending_count,200,200,3.0,descriptive_equal_weight_mother_world_means
baseline,0.25,E2,I01,perception_data_coverage,200,200,1.0,descriptive_equal_weight_mother_world_means
baseline,0.25,E2,I01,platform_signal_coverage,200,200,1.0,descriptive_equal_weight_mother_world_means
baseline,0.25,E2,I01,response_completion_L,200,200,1.0,descriptive_equal_weight_mother_world_means
baseline,0.25,E2,I01,scheduled_count,200,200,99.625,descriptive_equal_weight_mother_world_means
baseline,0.25,E2,I01,targeting_error_execution,200,200,0.749854634443516,descriptive_equal_weight_mother_world_means
baseline,0.25,E2,I01,waiting_time,200,200,3.0,descriptive_equal_weight_mother_world_means
baseline,0.25,E2,I10,execution_count,200,200,95.845,descriptive_equal_weight_mother_world_means
baseline,0.25,E2,I10,execution_coverage,200,200,0.95845,descriptive_equal_weight_mother_world_means
baseline,0.25,E2,I10,exposure_gap,200,200,0.003373002757693685,descriptive_equal_weight_mother_world_means
baseline,0.25,E2,I10,final_preference_shift,200,200,0.06794476052212098,descriptive_equal_weight_mother_world_means
baseline,0.25,E2,I10,final_trust_mean,200,200,0.644631773035287,descriptive_equal_weight_mother_world_means
baseline,0.25,E2,I10,has_response,200,200,1.0,descriptive_equal_weight_mother_world_means
baseline,0.25,E2,I10,max_pending,200,200,3.0,descriptive_equal_weight_mother_world_means
baseline,0.25,E2,I10,pending_count,200,200,2.92,descriptive_equal_weight_mother_world_means
baseline,0.25,E2,I10,perception_data_coverage,200,200,1.0,descriptive_equal_weight_mother_world_means
baseline,0.25,E2,I10,platform_signal_coverage,200,200,1.0,descriptive_equal_weight_mother_world_means
baseline,0.25,E2,I10,response_completion_L,200,200,1.0,descriptive_equal_weight_mother_world_means
baseline,0.25,E2,I10,scheduled_count,200,200,95.88,descriptive_equal_weight_mother_world_means
baseline,0.25,E2,I10,targeting_error_execution,200,200,0.748612580323959,descriptive_equal_weight_mother_world_means
baseline,0.25,E2,I10,waiting_time,200,200,3.0,descriptive_equal_weight_mother_world_means
baseline,0.25,E2,I11,execution_count,200,200,99.01,descriptive_equal_weight_mother_world_means
baseline,0.25,E2,I11,execution_coverage,200,200,0.9901000000000001,descriptive_equal_weight_mother_world_means
baseline,0.25,E2,I11,exposure_gap,200,200,0.0033992815378535725,descriptive_equal_weight_mother_world_means
baseline,0.25,E2,I11,final_preference_shift,200,200,0.06794520983123185,descriptive_equal_weight_mother_world_means
baseline,0.25,E2,I11,final_trust_mean,200,200,0.6460835849855425,descriptive_equal_weight_mother_world_means
baseline,0.25,E2,I11,has_response,200,200,1.0,descriptive_equal_weight_mother_world_means
baseline,0.25,E2,I11,max_pending,200,200,3.0,descriptive_equal_weight_mother_world_means
baseline,0.25,E2,I11,pending_count,200,200,2.965,descriptive_equal_weight_mother_world_means
baseline,0.25,E2,I11,perception_data_coverage,200,200,1.0,descriptive_equal_weight_mother_world_means
baseline,0.25,E2,I11,platform_signal_coverage,200,200,1.0,descriptive_equal_weight_mother_world_means
baseline,0.25,E2,I11,response_completion_L,200,200,1.0,descriptive_equal_weight_mother_world_means
baseline,0.25,E2,I11,scheduled_count,200,200,98.985,descriptive_equal_weight_mother_world_means
baseline,0.25,E2,I11,targeting_error_execution,200,200,0.7495798224108641,descriptive_equal_weight_mother_world_means
baseline,0.25,E2,I11,waiting_time,200,200,3.0,descriptive_equal_weight_mother_world_means
baseline,0.25,E3_closed,baseline,execution_count,200,200,95.695,descriptive_equal_weight_mother_world_means
baseline,0.25,E3_closed,baseline,execution_coverage,200,200,0.95695,descriptive_equal_weight_mother_world_means
baseline,0.25,E3_closed,baseline,exposure_gap,200,200,0.003377461985519852,descriptive_equal_weight_mother_world_means
baseline,0.25,E3_closed,baseline,final_preference_shift,200,200,0.06789279405540072,descriptive_equal_weight_mother_world_means
baseline,0.25,E3_closed,baseline,final_trust_mean,200,200,0.6453900454202196,descriptive_equal_weight_mother_world_means
baseline,0.25,E3_closed,baseline,has_response,200,200,1.0,descriptive_equal_weight_mother_world_means
baseline,0.25,E3_closed,baseline,max_pending,200,200,3.0,descriptive_equal_weight_mother_world_means
baseline,0.25,E3_closed,baseline,pending_count,200,200,2.87,descriptive_equal_weight_mother_world_means
baseline,0.25,E3_closed,baseline,perception_data_coverage,200,200,1.0,descriptive_equal_weight_mother_world_means
baseline,0.25,E3_closed,baseline,platform_signal_coverage,200,200,1.0,descriptive_equal_weight_mother_world_means
baseline,0.25,E3_closed,baseline,response_completion_L,200,200,1.0,descriptive_equal_weight_mother_world_means
baseline,0.25,E3_closed,baseline,scheduled_count,200,200,95.63,descriptive_equal_weight_mother_world_means
baseline,0.25,E3_closed,baseline,targeting_error_execution,200,200,0.7487410831010649,descriptive_equal_weight_mother_world_means
baseline,0.25,E3_closed,baseline,waiting_time,200,200,3.0,descriptive_equal_weight_mother_world_means
baseline,0.25,E3_closed,delay0,execution_count,200,200,100.0,descriptive_equal_weight_mother_world_means
baseline,0.25,E3_closed,delay0,execution_coverage,200,200,1.0,descriptive_equal_weight_mother_world_means
baseline,0.25,E3_closed,delay0,exposure_gap,200,200,0.004034189620908502,descriptive_equal_weight_mother_world_means
baseline,0.25,E3_closed,delay0,final_preference_shift,200,200,0.06815312068102287,descriptive_equal_weight_mother_world_means
baseline,0.25,E3_closed,delay0,final_trust_mean,200,200,0.6441096792179297,descriptive_equal_weight_mother_world_means
baseline,0.25,E3_closed,delay0,has_response,200,200,1.0,descriptive_equal_weight_mother_world_means
baseline,0.25,E3_closed,delay0,max_pending,200,200,0.0,descriptive_equal_weight_mother_world_means
baseline,0.25,E3_closed,delay0,pending_count,200,200,0.0,descriptive_equal_weight_mother_world_means
baseline,0.25,E3_closed,delay0,perception_data_coverage,200,200,1.0,descriptive_equal_weight_mother_world_means
baseline,0.25,E3_closed,delay0,platform_signal_coverage,200,200,1.0,descriptive_equal_weight_mother_world_means
baseline,0.25,E3_closed,delay0,response_completion_L,200,200,1.0,descriptive_equal_weight_mother_world_means
baseline,0.25,E3_closed,delay0,scheduled_count,200,200,100.0,descriptive_equal_weight_mother_world_means
baseline,0.25,E3_closed,delay0,targeting_error_execution,200,200,0.7346786916839447,descriptive_equal_weight_mother_world_means
baseline,0.25,E3_closed,delay0,waiting_time,200,200,0.0,descriptive_equal_weight_mother_world_means
baseline,0.25,E3_replay,delay0,execution_count,200,200,95.63,descriptive_equal_weight_mother_world_means
baseline,0.25,E3_replay,delay0,execution_coverage,200,200,0.9562999999999999,descriptive_equal_weight_mother_world_means
baseline,0.25,E3_replay,delay0,exposure_gap,200,200,0.003346805416709067,descriptive_equal_weight_mother_world_means
baseline,0.25,E3_replay,delay0,final_preference_shift,200,200,0.06759861545759611,descriptive_equal_weight_mother_world_means
baseline,0.25,E3_replay,delay0,final_trust_mean,200,200,0.6454170290081999,descriptive_equal_weight_mother_world_means
baseline,0.25,E3_replay,delay0,has_response,200,200,1.0,descriptive_equal_weight_mother_world_means
baseline,0.25,E3_replay,delay0,max_pending,200,200,0.0,descriptive_equal_weight_mother_world_means
baseline,0.25,E3_replay,delay0,pending_count,200,200,0.0,descriptive_equal_weight_mother_world_means
baseline,0.25,E3_replay,delay0,perception_data_coverage,200,200,1.0,descriptive_equal_weight_mother_world_means
baseline,0.25,E3_replay,delay0,platform_signal_coverage,200,200,1.0,descriptive_equal_weight_mother_world_means
baseline,0.25,E3_replay,delay0,response_completion_L,200,200,1.0,descriptive_equal_weight_mother_world_means
baseline,0.25,E3_replay,delay0,scheduled_count,200,200,95.63,descriptive_equal_weight_mother_world_means
baseline,0.25,E3_replay,delay0,targeting_error_execution,200,200,0.7486749721444786,descriptive_equal_weight_mother_world_means
baseline,0.25,E3_replay,delay0,waiting_time,200,200,0.0,descriptive_equal_weight_mother_world_means
baseline,0.25,E3_replay,delay3,execution_count,200,200,95.695,descriptive_equal_weight_mother_world_means
baseline,0.25,E3_replay,delay3,execution_coverage,200,200,0.95695,descriptive_equal_weight_mother_world_means
baseline,0.25,E3_replay,delay3,exposure_gap,200,200,0.003476870954364669,descriptive_equal_weight_mother_world_means
baseline,0.25,E3_replay,delay3,final_preference_shift,200,200,0.0678468337084969,descriptive_equal_weight_mother_world_means
baseline,0.25,E3_replay,delay3,final_trust_mean,200,200,0.645368202577058,descriptive_equal_weight_mother_world_means
baseline,0.25,E3_replay,delay3,has_response,200,200,1.0,descriptive_equal_weight_mother_world_means
baseline,0.25,E3_replay,delay3,max_pending,200,200,3.0,descriptive_equal_weight_mother_world_means
baseline,0.25,E3_replay,delay3,pending_count,200,200,2.87,descriptive_equal_weight_mother_world_means
baseline,0.25,E3_replay,delay3,perception_data_coverage,200,200,1.0,descriptive_equal_weight_mother_world_means
baseline,0.25,E3_replay,delay3,platform_signal_coverage,200,200,1.0,descriptive_equal_weight_mother_world_means
baseline,0.25,E3_replay,delay3,response_completion_L,200,200,1.0,descriptive_equal_weight_mother_world_means
baseline,0.25,E3_replay,delay3,scheduled_count,200,200,95.63,descriptive_equal_weight_mother_world_means
baseline,0.25,E3_replay,delay3,targeting_error_execution,200,200,0.7487408669407383,descriptive_equal_weight_mother_world_means
baseline,0.25,E3_replay,delay3,waiting_time,200,200,3.0,descriptive_equal_weight_mother_world_means
baseline,0.25,E4,B0,execution_count,200,200,95.695,descriptive_equal_weight_mother_world_means
baseline,0.25,E4,B0,execution_coverage,200,200,0.95695,descriptive_equal_weight_mother_world_means
baseline,0.25,E4,B0,exposure_gap,200,200,0.003377461985519852,descriptive_equal_weight_mother_world_means
baseline,0.25,E4,B0,final_preference_shift,200,200,0.06789279405540072,descriptive_equal_weight_mother_world_means
baseline,0.25,E4,B0,final_trust_mean,200,200,0.6453900454202196,descriptive_equal_weight_mother_world_means
baseline,0.25,E4,B0,has_response,200,200,1.0,descriptive_equal_weight_mother_world_means
baseline,0.25,E4,B0,max_pending,200,200,3.0,descriptive_equal_weight_mother_world_means
baseline,0.25,E4,B0,pending_count,200,200,2.87,descriptive_equal_weight_mother_world_means
baseline,0.25,E4,B0,perception_data_coverage,200,200,1.0,descriptive_equal_weight_mother_world_means
baseline,0.25,E4,B0,platform_signal_coverage,200,200,1.0,descriptive_equal_weight_mother_world_means
baseline,0.25,E4,B0,response_completion_L,200,200,1.0,descriptive_equal_weight_mother_world_means
baseline,0.25,E4,B0,scheduled_count,200,200,95.63,descriptive_equal_weight_mother_world_means
baseline,0.25,E4,B0,targeting_error_execution,200,200,0.7487410831010649,descriptive_equal_weight_mother_world_means
baseline,0.25,E4,B0,waiting_time,200,200,3.0,descriptive_equal_weight_mother_world_means
baseline,0.25,E4,B1,execution_count,200,200,95.935,descriptive_equal_weight_mother_world_means
baseline,0.25,E4,B1,execution_coverage,200,200,0.95935,descriptive_equal_weight_mother_world_means
baseline,0.25,E4,B1,exposure_gap,200,200,0.0033764488401112082,descriptive_equal_weight_mother_world_means
baseline,0.25,E4,B1,final_preference_shift,200,200,0.06784680901958903,descriptive_equal_weight_mother_world_means
baseline,0.25,E4,B1,final_trust_mean,200,200,0.64527233809235,descriptive_equal_weight_mother_world_means
baseline,0.25,E4,B1,has_response,200,200,1.0,descriptive_equal_weight_mother_world_means
baseline,0.25,E4,B1,max_pending,200,200,3.0,descriptive_equal_weight_mother_world_means
baseline,0.25,E4,B1,pending_count,200,200,2.9,descriptive_equal_weight_mother_world_means
baseline,0.25,E4,B1,perception_data_coverage,200,200,1.0,descriptive_equal_weight_mother_world_means
baseline,0.25,E4,B1,platform_signal_coverage,200,200,1.0,descriptive_equal_weight_mother_world_means
baseline,0.25,E4,B1,response_completion_L,200,200,1.0,descriptive_equal_weight_mother_world_means
baseline,0.25,E4,B1,scheduled_count,200,200,95.94,descriptive_equal_weight_mother_world_means
baseline,0.25,E4,B1,targeting_error_execution,200,200,0.748714513764449,descriptive_equal_weight_mother_world_means
baseline,0.25,E4,B1,waiting_time,200,200,3.0,descriptive_equal_weight_mother_world_means
baseline,0.25,E4,B2,execution_count,200,200,99.965,descriptive_equal_weight_mother_world_means
baseline,0.25,E4,B2,execution_coverage,200,200,0.99965,descriptive_equal_weight_mother_world_means
baseline,0.25,E4,B2,exposure_gap,200,200,0.0034751999519384434,descriptive_equal_weight_mother_world_means
baseline,0.25,E4,B2,final_preference_shift,200,200,0.06789403389001263,descriptive_equal_weight_mother_world_means
baseline,0.25,E4,B2,final_trust_mean,200,200,0.6457059822361821,descriptive_equal_weight_mother_world_means
baseline,0.25,E4,B2,has_response,200,200,1.0,descriptive_equal_weight_mother_world_means
baseline,0.25,E4,B2,max_pending,200,200,3.0,descriptive_equal_weight_mother_world_means
baseline,0.25,E4,B2,pending_count,200,200,1.0,descriptive_equal_weight_mother_world_means
baseline,0.25,E4,B2,perception_data_coverage,200,200,1.0,descriptive_equal_weight_mother_world_means
baseline,0.25,E4,B2,platform_signal_coverage,200,200,1.0,descriptive_equal_weight_mother_world_means
baseline,0.25,E4,B2,response_completion_L,200,200,1.0,descriptive_equal_weight_mother_world_means
baseline,0.25,E4,B2,scheduled_count,200,200,99.965,descriptive_equal_weight_mother_world_means
baseline,0.25,E4,B2,targeting_error_execution,200,200,0.7431093869357613,descriptive_equal_weight_mother_world_means
baseline,0.25,E4,B2,waiting_time,200,200,1.0,descriptive_equal_weight_mother_world_means
baseline,0.25,E4,B3,execution_count,200,200,96.685,descriptive_equal_weight_mother_world_means
baseline,0.25,E4,B3,execution_coverage,200,200,0.8034,descriptive_equal_weight_mother_world_means
baseline,0.25,E4,B3,exposure_gap,200,200,0.0033682233836766933,descriptive_equal_weight_mother_world_means
baseline,0.25,E4,B3,final_preference_shift,200,200,0.06789343137141614,descriptive_equal_weight_mother_world_means
baseline,0.25,E4,B3,final_trust_mean,200,200,0.6453934573180601,descriptive_equal_weight_mother_world_means
baseline,0.25,E4,B3,has_response,200,200,1.0,descriptive_equal_weight_mother_world_means
baseline,0.25,E4,B3,max_pending,200,200,3.74,descriptive_equal_weight_mother_world_means
baseline,0.25,E4,B3,pending_count,200,200,3.01,descriptive_equal_weight_mother_world_means
baseline,0.25,E4,B3,perception_data_coverage,200,200,1.0,descriptive_equal_weight_mother_world_means
baseline,0.25,E4,B3,platform_signal_coverage,200,200,1.0,descriptive_equal_weight_mother_world_means
baseline,0.25,E4,B3,response_completion_L,200,200,1.0,descriptive_equal_weight_mother_world_means
baseline,0.25,E4,B3,scheduled_count,200,200,96.74,descriptive_equal_weight_mother_world_means
baseline,0.25,E4,B3,targeting_error_execution,200,200,0.6888844072633923,descriptive_equal_weight_mother_world_means
baseline,0.25,E4,B3,waiting_time,200,200,3.0,descriptive_equal_weight_mother_world_means
baseline,0.25,E4,B4,execution_count,200,200,70.275,descriptive_equal_weight_mother_world_means
baseline,0.25,E4,B4,execution_coverage,200,200,0.7027500000000001,descriptive_equal_weight_mother_world_means
baseline,0.25,E4,B4,exposure_gap,200,200,6.50828495872164e-05,descriptive_equal_weight_mother_world_means
baseline,0.25,E4,B4,final_preference_shift,200,200,0.06784526413166764,descriptive_equal_weight_mother_world_means
baseline,0.25,E4,B4,final_trust_mean,200,200,0.639792449430364,descriptive_equal_weight_mother_world_means
baseline,0.25,E4,B4,has_response,200,200,1.0,descriptive_equal_weight_mother_world_means
baseline,0.25,E4,B4,max_pending,200,200,3.0,descriptive_equal_weight_mother_world_means
baseline,0.25,E4,B4,pending_count,200,200,1.835,descriptive_equal_weight_mother_world_means
baseline,0.25,E4,B4,perception_data_coverage,200,200,1.0,descriptive_equal_weight_mother_world_means
baseline,0.25,E4,B4,platform_signal_coverage,200,200,1.0,descriptive_equal_weight_mother_world_means
baseline,0.25,E4,B4,response_completion_L,200,200,1.0,descriptive_equal_weight_mother_world_means
baseline,0.25,E4,B4,scheduled_count,200,200,69.725,descriptive_equal_weight_mother_world_means
baseline,0.25,E4,B4,targeting_error_execution,200,200,0.7457811303177034,descriptive_equal_weight_mother_world_means
baseline,0.25,E4,B4,waiting_time,200,200,3.0,descriptive_equal_weight_mother_world_means
baseline,0.75,E2,I00,execution_count,200,200,75.95,descriptive_equal_weight_mother_world_means
baseline,0.75,E2,I00,execution_coverage,200,200,0.7595000000000001,descriptive_equal_weight_mother_world_means
baseline,0.75,E2,I00,exposure_gap,200,200,0.28581234312676157,descriptive_equal_weight_mother_world_means
baseline,0.75,E2,I00,final_preference_shift,200,200,0.718706420055553,descriptive_equal_weight_mother_world_means
baseline,0.75,E2,I00,final_trust_mean,200,200,0.6182827017369141,descriptive_equal_weight_mother_world_means
baseline,0.75,E2,I00,has_response,200,200,1.0,descriptive_equal_weight_mother_world_means
baseline,0.75,E2,I00,max_pending,200,200,3.0,descriptive_equal_weight_mother_world_means
baseline,0.75,E2,I00,pending_count,200,200,2.25,descriptive_equal_weight_mother_world_means
baseline,0.75,E2,I00,perception_data_coverage,200,200,1.0,descriptive_equal_weight_mother_world_means
baseline,0.75,E2,I00,platform_signal_coverage,200,200,1.0,descriptive_equal_weight_mother_world_means
baseline,0.75,E2,I00,response_completion_L,200,200,1.0,descriptive_equal_weight_mother_world_means
baseline,0.75,E2,I00,scheduled_count,200,200,75.87,descriptive_equal_weight_mother_world_means
baseline,0.75,E2,I00,targeting_error_execution,200,200,0.6793222458302356,descriptive_equal_weight_mother_world_means
baseline,0.75,E2,I00,waiting_time,200,200,3.0,descriptive_equal_weight_mother_world_means
baseline,0.75,E2,I01,execution_count,200,200,98.105,descriptive_equal_weight_mother_world_means
baseline,0.75,E2,I01,execution_coverage,200,200,0.9810500000000001,descriptive_equal_weight_mother_world_means
baseline,0.75,E2,I01,exposure_gap,200,200,0.2536096680484642,descriptive_equal_weight_mother_world_means
baseline,0.75,E2,I01,final_preference_shift,200,200,0.7266754443644176,descriptive_equal_weight_mother_world_means
baseline,0.75,E2,I01,final_trust_mean,200,200,0.6193356730820123,descriptive_equal_weight_mother_world_means
baseline,0.75,E2,I01,has_response,200,200,1.0,descriptive_equal_weight_mother_world_means
baseline,0.75,E2,I01,max_pending,200,200,3.0,descriptive_equal_weight_mother_world_means
baseline,0.75,E2,I01,pending_count,200,200,3.0,descriptive_equal_weight_mother_world_means
baseline,0.75,E2,I01,perception_data_coverage,200,200,1.0,descriptive_equal_weight_mother_world_means
baseline,0.75,E2,I01,platform_signal_coverage,200,200,1.0,descriptive_equal_weight_mother_world_means
baseline,0.75,E2,I01,response_completion_L,200,200,1.0,descriptive_equal_weight_mother_world_means
baseline,0.75,E2,I01,scheduled_count,200,200,98.12,descriptive_equal_weight_mother_world_means
baseline,0.75,E2,I01,targeting_error_execution,200,200,0.7493956273807528,descriptive_equal_weight_mother_world_means
baseline,0.75,E2,I01,waiting_time,200,200,3.0,descriptive_equal_weight_mother_world_means
baseline,0.75,E2,I10,execution_count,200,200,32.07,descriptive_equal_weight_mother_world_means
baseline,0.75,E2,I10,execution_coverage,200,200,0.3207,descriptive_equal_weight_mother_world_means
baseline,0.75,E2,I10,exposure_gap,200,200,0.24164662300110748,descriptive_equal_weight_mother_world_means
baseline,0.75,E2,I10,final_preference_shift,200,200,0.7194437449025378,descriptive_equal_weight_mother_world_means
baseline,0.75,E2,I10,final_trust_mean,200,200,0.614177908798645,descriptive_equal_weight_mother_world_means
baseline,0.75,E2,I10,has_response,200,200,1.0,descriptive_equal_weight_mother_world_means
baseline,0.75,E2,I10,max_pending,200,200,3.0,descriptive_equal_weight_mother_world_means
baseline,0.75,E2,I10,pending_count,200,200,0.885,descriptive_equal_weight_mother_world_means
baseline,0.75,E2,I10,perception_data_coverage,200,200,1.0,descriptive_equal_weight_mother_world_means
baseline,0.75,E2,I10,platform_signal_coverage,200,200,1.0,descriptive_equal_weight_mother_world_means
baseline,0.75,E2,I10,response_completion_L,200,200,1.0,descriptive_equal_weight_mother_world_means
baseline,0.75,E2,I10,scheduled_count,200,200,31.965,descriptive_equal_weight_mother_world_means
baseline,0.75,E2,I10,targeting_error_execution,200,200,0.14843887595538235,descriptive_equal_weight_mother_world_means
baseline,0.75,E2,I10,waiting_time,200,200,3.0,descriptive_equal_weight_mother_world_means
baseline,0.75,E2,I11,execution_count,200,200,29.25,descriptive_equal_weight_mother_world_means
baseline,0.75,E2,I11,execution_coverage,200,200,0.2925,descriptive_equal_weight_mother_world_means
baseline,0.75,E2,I11,exposure_gap,200,200,0.2437626104049751,descriptive_equal_weight_mother_world_means
baseline,0.75,E2,I11,final_preference_shift,200,200,0.727129534999916,descriptive_equal_weight_mother_world_means
baseline,0.75,E2,I11,final_trust_mean,200,200,0.6147274538620142,descriptive_equal_weight_mother_world_means
baseline,0.75,E2,I11,has_response,200,200,1.0,descriptive_equal_weight_mother_world_means
baseline,0.75,E2,I11,max_pending,200,200,3.0,descriptive_equal_weight_mother_world_means
baseline,0.75,E2,I11,pending_count,200,200,0.715,descriptive_equal_weight_mother_world_means
baseline,0.75,E2,I11,perception_data_coverage,200,200,1.0,descriptive_equal_weight_mother_world_means
baseline,0.75,E2,I11,platform_signal_coverage,200,200,1.0,descriptive_equal_weight_mother_world_means
baseline,0.75,E2,I11,response_completion_L,200,200,1.0,descriptive_equal_weight_mother_world_means
baseline,0.75,E2,I11,scheduled_count,200,200,29.14,descriptive_equal_weight_mother_world_means
baseline,0.75,E2,I11,targeting_error_execution,200,200,0.09693614028529353,descriptive_equal_weight_mother_world_means
baseline,0.75,E2,I11,waiting_time,200,200,3.0,descriptive_equal_weight_mother_world_means
baseline,0.75,E3_closed,baseline,execution_count,200,200,75.95,descriptive_equal_weight_mother_world_means
baseline,0.75,E3_closed,baseline,execution_coverage,200,200,0.7595000000000001,descriptive_equal_weight_mother_world_means
baseline,0.75,E3_closed,baseline,exposure_gap,200,200,0.28581234312676157,descriptive_equal_weight_mother_world_means
baseline,0.75,E3_closed,baseline,final_preference_shift,200,200,0.718706420055553,descriptive_equal_weight_mother_world_means
baseline,0.75,E3_closed,baseline,final_trust_mean,200,200,0.6182827017369141,descriptive_equal_weight_mother_world_means
baseline,0.75,E3_closed,baseline,has_response,200,200,1.0,descriptive_equal_weight_mother_world_means
baseline,0.75,E3_closed,baseline,max_pending,200,200,3.0,descriptive_equal_weight_mother_world_means
baseline,0.75,E3_closed,baseline,pending_count,200,200,2.25,descriptive_equal_weight_mother_world_means
baseline,0.75,E3_closed,baseline,perception_data_coverage,200,200,1.0,descriptive_equal_weight_mother_world_means
baseline,0.75,E3_closed,baseline,platform_signal_coverage,200,200,1.0,descriptive_equal_weight_mother_world_means
baseline,0.75,E3_closed,baseline,response_completion_L,200,200,1.0,descriptive_equal_weight_mother_world_means
baseline,0.75,E3_closed,baseline,scheduled_count,200,200,75.87,descriptive_equal_weight_mother_world_means
baseline,0.75,E3_closed,baseline,targeting_error_execution,200,200,0.6793222458302356,descriptive_equal_weight_mother_world_means
baseline,0.75,E3_closed,baseline,waiting_time,200,200,3.0,descriptive_equal_weight_mother_world_means
baseline,0.75,E3_closed,delay0,execution_count,200,200,100.0,descriptive_equal_weight_mother_world_means
baseline,0.75,E3_closed,delay0,execution_coverage,200,200,1.0,descriptive_equal_weight_mother_world_means
baseline,0.75,E3_closed,delay0,exposure_gap,200,200,0.18360548069350194,descriptive_equal_weight_mother_world_means
baseline,0.75,E3_closed,delay0,final_preference_shift,200,200,0.7313010748090524,descriptive_equal_weight_mother_world_means
baseline,0.75,E3_closed,delay0,final_trust_mean,200,200,0.6193592393186498,descriptive_equal_weight_mother_world_means
baseline,0.75,E3_closed,delay0,has_response,200,200,1.0,descriptive_equal_weight_mother_world_means
baseline,0.75,E3_closed,delay0,max_pending,200,200,0.0,descriptive_equal_weight_mother_world_means
baseline,0.75,E3_closed,delay0,pending_count,200,200,0.0,descriptive_equal_weight_mother_world_means
baseline,0.75,E3_closed,delay0,perception_data_coverage,200,200,1.0,descriptive_equal_weight_mother_world_means
baseline,0.75,E3_closed,delay0,platform_signal_coverage,200,200,1.0,descriptive_equal_weight_mother_world_means
baseline,0.75,E3_closed,delay0,response_completion_L,200,200,1.0,descriptive_equal_weight_mother_world_means
baseline,0.75,E3_closed,delay0,scheduled_count,200,200,100.0,descriptive_equal_weight_mother_world_means
baseline,0.75,E3_closed,delay0,targeting_error_execution,200,200,0.26730934513094895,descriptive_equal_weight_mother_world_means
baseline,0.75,E3_closed,delay0,waiting_time,200,200,0.0,descriptive_equal_weight_mother_world_means
baseline,0.75,E3_replay,delay0,execution_count,200,200,75.87,descriptive_equal_weight_mother_world_means
baseline,0.75,E3_replay,delay0,execution_coverage,200,200,0.7587,descriptive_equal_weight_mother_world_means
baseline,0.75,E3_replay,delay0,exposure_gap,200,200,0.2696469330689627,descriptive_equal_weight_mother_world_means
baseline,0.75,E3_replay,delay0,final_preference_shift,200,200,0.7260615069200422,descriptive_equal_weight_mother_world_means
baseline,0.75,E3_replay,delay0,final_trust_mean,200,200,0.6168766604012473,descriptive_equal_weight_mother_world_means
baseline,0.75,E3_replay,delay0,has_response,200,200,1.0,descriptive_equal_weight_mother_world_means
baseline,0.75,E3_replay,delay0,max_pending,200,200,0.0,descriptive_equal_weight_mother_world_means
baseline,0.75,E3_replay,delay0,pending_count,200,200,0.0,descriptive_equal_weight_mother_world_means
baseline,0.75,E3_replay,delay0,perception_data_coverage,200,200,1.0,descriptive_equal_weight_mother_world_means
baseline,0.75,E3_replay,delay0,platform_signal_coverage,200,200,1.0,descriptive_equal_weight_mother_world_means
baseline,0.75,E3_replay,delay0,response_completion_L,200,200,1.0,descriptive_equal_weight_mother_world_means
baseline,0.75,E3_replay,delay0,scheduled_count,200,200,75.87,descriptive_equal_weight_mother_world_means
baseline,0.75,E3_replay,delay0,targeting_error_execution,200,200,0.6955706629865265,descriptive_equal_weight_mother_world_means
baseline,0.75,E3_replay,delay0,waiting_time,200,200,0.0,descriptive_equal_weight_mother_world_means
baseline,0.75,E3_replay,delay3,execution_count,200,200,75.95,descriptive_equal_weight_mother_world_means
baseline,0.75,E3_replay,delay3,execution_coverage,200,200,0.7595000000000001,descriptive_equal_weight_mother_world_means
baseline,0.75,E3_replay,delay3,exposure_gap,200,200,0.27647126657665594,descriptive_equal_weight_mother_world_means
baseline,0.75,E3_replay,delay3,final_preference_shift,200,200,0.7045457356117177,descriptive_equal_weight_mother_world_means
baseline,0.75,E3_replay,delay3,final_trust_mean,200,200,0.6183289601061704,descriptive_equal_weight_mother_world_means
baseline,0.75,E3_replay,delay3,has_response,200,200,1.0,descriptive_equal_weight_mother_world_means
baseline,0.75,E3_replay,delay3,max_pending,200,200,3.0,descriptive_equal_weight_mother_world_means
baseline,0.75,E3_replay,delay3,pending_count,200,200,2.25,descriptive_equal_weight_mother_world_means
baseline,0.75,E3_replay,delay3,perception_data_coverage,200,200,1.0,descriptive_equal_weight_mother_world_means
baseline,0.75,E3_replay,delay3,platform_signal_coverage,200,200,1.0,descriptive_equal_weight_mother_world_means
baseline,0.75,E3_replay,delay3,response_completion_L,200,200,1.0,descriptive_equal_weight_mother_world_means
baseline,0.75,E3_replay,delay3,scheduled_count,200,200,75.87,descriptive_equal_weight_mother_world_means
baseline,0.75,E3_replay,delay3,targeting_error_execution,200,200,0.6851327878209764,descriptive_equal_weight_mother_world_means
baseline,0.75,E3_replay,delay3,waiting_time,200,200,3.0,descriptive_equal_weight_mother_world_means
baseline,0.75,E4,B0,execution_count,200,200,75.95,descriptive_equal_weight_mother_world_means
baseline,0.75,E4,B0,execution_coverage,200,200,0.7595000000000001,descriptive_equal_weight_mother_world_means
baseline,0.75,E4,B0,exposure_gap,200,200,0.28581234312676157,descriptive_equal_weight_mother_world_means
baseline,0.75,E4,B0,final_preference_shift,200,200,0.718706420055553,descriptive_equal_weight_mother_world_means
baseline,0.75,E4,B0,final_trust_mean,200,200,0.6182827017369141,descriptive_equal_weight_mother_world_means
baseline,0.75,E4,B0,has_response,200,200,1.0,descriptive_equal_weight_mother_world_means
baseline,0.75,E4,B0,max_pending,200,200,3.0,descriptive_equal_weight_mother_world_means
baseline,0.75,E4,B0,pending_count,200,200,2.25,descriptive_equal_weight_mother_world_means
baseline,0.75,E4,B0,perception_data_coverage,200,200,1.0,descriptive_equal_weight_mother_world_means
baseline,0.75,E4,B0,platform_signal_coverage,200,200,1.0,descriptive_equal_weight_mother_world_means
baseline,0.75,E4,B0,response_completion_L,200,200,1.0,descriptive_equal_weight_mother_world_means
baseline,0.75,E4,B0,scheduled_count,200,200,75.87,descriptive_equal_weight_mother_world_means
baseline,0.75,E4,B0,targeting_error_execution,200,200,0.6793222458302356,descriptive_equal_weight_mother_world_means
baseline,0.75,E4,B0,waiting_time,200,200,3.0,descriptive_equal_weight_mother_world_means
baseline,0.75,E4,B1,execution_count,200,200,32.76,descriptive_equal_weight_mother_world_means
baseline,0.75,E4,B1,execution_coverage,200,200,0.3276,descriptive_equal_weight_mother_world_means
baseline,0.75,E4,B1,exposure_gap,200,200,0.2809274730503372,descriptive_equal_weight_mother_world_means
baseline,0.75,E4,B1,final_preference_shift,200,200,0.7229110756208894,descriptive_equal_weight_mother_world_means
baseline,0.75,E4,B1,final_trust_mean,200,200,0.6159256452179305,descriptive_equal_weight_mother_world_means
baseline,0.75,E4,B1,has_response,200,200,1.0,descriptive_equal_weight_mother_world_means
baseline,0.75,E4,B1,max_pending,200,200,3.0,descriptive_equal_weight_mother_world_means
baseline,0.75,E4,B1,pending_count,200,200,0.925,descriptive_equal_weight_mother_world_means
baseline,0.75,E4,B1,perception_data_coverage,200,200,1.0,descriptive_equal_weight_mother_world_means
baseline,0.75,E4,B1,platform_signal_coverage,200,200,1.0,descriptive_equal_weight_mother_world_means
baseline,0.75,E4,B1,response_completion_L,200,200,1.0,descriptive_equal_weight_mother_world_means
baseline,0.75,E4,B1,scheduled_count,200,200,32.635,descriptive_equal_weight_mother_world_means
baseline,0.75,E4,B1,targeting_error_execution,200,200,0.17295301704328317,descriptive_equal_weight_mother_world_means
baseline,0.75,E4,B1,waiting_time,200,200,3.0,descriptive_equal_weight_mother_world_means
baseline,0.75,E4,B2,execution_count,200,200,99.59,descriptive_equal_weight_mother_world_means
baseline,0.75,E4,B2,execution_coverage,200,200,0.9959,descriptive_equal_weight_mother_world_means
baseline,0.75,E4,B2,exposure_gap,200,200,0.23743245354394293,descriptive_equal_weight_mother_world_means
baseline,0.75,E4,B2,final_preference_shift,200,200,0.7192107463071143,descriptive_equal_weight_mother_world_means
baseline,0.75,E4,B2,final_trust_mean,200,200,0.6183971320605941,descriptive_equal_weight_mother_world_means
baseline,0.75,E4,B2,has_response,200,200,1.0,descriptive_equal_weight_mother_world_means
baseline,0.75,E4,B2,max_pending,200,200,3.0,descriptive_equal_weight_mother_world_means
baseline,0.75,E4,B2,pending_count,200,200,1.0,descriptive_equal_weight_mother_world_means
baseline,0.75,E4,B2,perception_data_coverage,200,200,1.0,descriptive_equal_weight_mother_world_means
baseline,0.75,E4,B2,platform_signal_coverage,200,200,1.0,descriptive_equal_weight_mother_world_means
baseline,0.75,E4,B2,response_completion_L,200,200,1.0,descriptive_equal_weight_mother_world_means
baseline,0.75,E4,B2,scheduled_count,200,200,99.59,descriptive_equal_weight_mother_world_means
baseline,0.75,E4,B2,targeting_error_execution,200,200,0.58652925155222,descriptive_equal_weight_mother_world_means
baseline,0.75,E4,B2,waiting_time,200,200,1.0,descriptive_equal_weight_mother_world_means
baseline,0.75,E4,B3,execution_count,200,200,77.74,descriptive_equal_weight_mother_world_means
baseline,0.75,E4,B3,execution_coverage,200,200,0.6093,descriptive_equal_weight_mother_world_means
baseline,0.75,E4,B3,exposure_gap,200,200,0.2645170474334773,descriptive_equal_weight_mother_world_means
baseline,0.75,E4,B3,final_preference_shift,200,200,0.7178650645893023,descriptive_equal_weight_mother_world_means
baseline,0.75,E4,B3,final_trust_mean,200,200,0.615753668709901,descriptive_equal_weight_mother_world_means
baseline,0.75,E4,B3,has_response,200,200,1.0,descriptive_equal_weight_mother_world_means
baseline,0.75,E4,B3,max_pending,200,200,3.945,descriptive_equal_weight_mother_world_means
baseline,0.75,E4,B3,pending_count,200,200,2.46,descriptive_equal_weight_mother_world_means
baseline,0.75,E4,B3,perception_data_coverage,200,200,1.0,descriptive_equal_weight_mother_world_means
baseline,0.75,E4,B3,platform_signal_coverage,200,200,1.0,descriptive_equal_weight_mother_world_means
baseline,0.75,E4,B3,response_completion_L,200,200,1.0,descriptive_equal_weight_mother_world_means
baseline,0.75,E4,B3,scheduled_count,200,200,77.655,descriptive_equal_weight_mother_world_means
baseline,0.75,E4,B3,targeting_error_execution,200,200,0.6704941067978086,descriptive_equal_weight_mother_world_means
baseline,0.75,E4,B3,waiting_time,200,200,3.0,descriptive_equal_weight_mother_world_means
baseline,0.75,E4,B4,execution_count,200,200,71.73,descriptive_equal_weight_mother_world_means
baseline,0.75,E4,B4,execution_coverage,200,200,0.7173,descriptive_equal_weight_mother_world_means
baseline,0.75,E4,B4,exposure_gap,200,200,0.005789969392161162,descriptive_equal_weight_mother_world_means
baseline,0.75,E4,B4,final_preference_shift,200,200,0.7064619068566307,descriptive_equal_weight_mother_world_means
baseline,0.75,E4,B4,final_trust_mean,200,200,0.605133587421194,descriptive_equal_weight_mother_world_means
baseline,0.75,E4,B4,has_response,200,200,1.0,descriptive_equal_weight_mother_world_means
baseline,0.75,E4,B4,max_pending,200,200,3.0,descriptive_equal_weight_mother_world_means
baseline,0.75,E4,B4,pending_count,200,200,2.17,descriptive_equal_weight_mother_world_means
baseline,0.75,E4,B4,perception_data_coverage,200,200,1.0,descriptive_equal_weight_mother_world_means
baseline,0.75,E4,B4,platform_signal_coverage,200,200,1.0,descriptive_equal_weight_mother_world_means
baseline,0.75,E4,B4,response_completion_L,200,200,1.0,descriptive_equal_weight_mother_world_means
baseline,0.75,E4,B4,scheduled_count,200,200,71.775,descriptive_equal_weight_mother_world_means
baseline,0.75,E4,B4,targeting_error_execution,200,200,0.6529366272570049,descriptive_equal_weight_mother_world_means
baseline,0.75,E4,B4,waiting_time,200,200,3.0,descriptive_equal_weight_mother_world_means
grid6,0.25,E2,I00,execution_count,200,200,93.91,descriptive_equal_weight_mother_world_means
grid6,0.25,E2,I00,execution_coverage,200,200,0.9390999999999999,descriptive_equal_weight_mother_world_means
grid6,0.25,E2,I00,exposure_gap,200,200,0.0034820753140846258,descriptive_equal_weight_mother_world_means
grid6,0.25,E2,I00,final_preference_shift,200,200,0.06820042500844004,descriptive_equal_weight_mother_world_means
grid6,0.25,E2,I00,final_trust_mean,200,200,0.6451341441154562,descriptive_equal_weight_mother_world_means
grid6,0.25,E2,I00,has_response,200,200,1.0,descriptive_equal_weight_mother_world_means
grid6,0.25,E2,I00,max_pending,200,200,3.0,descriptive_equal_weight_mother_world_means
grid6,0.25,E2,I00,pending_count,200,200,2.785,descriptive_equal_weight_mother_world_means
grid6,0.25,E2,I00,perception_data_coverage,200,200,1.0,descriptive_equal_weight_mother_world_means
grid6,0.25,E2,I00,platform_signal_coverage,200,200,1.0,descriptive_equal_weight_mother_world_means
grid6,0.25,E2,I00,response_completion_L,200,200,1.0,descriptive_equal_weight_mother_world_means
grid6,0.25,E2,I00,scheduled_count,200,200,93.89,descriptive_equal_weight_mother_world_means
grid6,0.25,E2,I00,targeting_error_execution,200,200,0.7497836003873908,descriptive_equal_weight_mother_world_means
grid6,0.25,E2,I00,waiting_time,200,200,3.0,descriptive_equal_weight_mother_world_means
grid6,0.25,E2,I01,execution_count,200,200,97.87,descriptive_equal_weight_mother_world_means
grid6,0.25,E2,I01,execution_coverage,200,200,0.9787,descriptive_equal_weight_mother_world_means
grid6,0.25,E2,I01,exposure_gap,200,200,0.0033855131691743843,descriptive_equal_weight_mother_world_means
grid6,0.25,E2,I01,final_preference_shift,200,200,0.06785383526852588,descriptive_equal_weight_mother_world_means
grid6,0.25,E2,I01,final_trust_mean,200,200,0.6457652871833115,descriptive_equal_weight_mother_world_means
grid6,0.25,E2,I01,has_response,200,200,1.0,descriptive_equal_weight_mother_world_means
grid6,0.25,E2,I01,max_pending,200,200,3.0,descriptive_equal_weight_mother_world_means
grid6,0.25,E2,I01,pending_count,200,200,2.93,descriptive_equal_weight_mother_world_means
grid6,0.25,E2,I01,perception_data_coverage,200,200,1.0,descriptive_equal_weight_mother_world_means
grid6,0.25,E2,I01,platform_signal_coverage,200,200,1.0,descriptive_equal_weight_mother_world_means
grid6,0.25,E2,I01,response_completion_L,200,200,1.0,descriptive_equal_weight_mother_world_means
grid6,0.25,E2,I01,scheduled_count,200,200,97.835,descriptive_equal_weight_mother_world_means
grid6,0.25,E2,I01,targeting_error_execution,200,200,0.7485518527460446,descriptive_equal_weight_mother_world_means
grid6,0.25,E2,I01,waiting_time,200,200,3.0,descriptive_equal_weight_mother_world_means
grid6,0.25,E2,I10,execution_count,200,200,93.52,descriptive_equal_weight_mother_world_means
grid6,0.25,E2,I10,execution_coverage,200,200,0.9351999999999999,descriptive_equal_weight_mother_world_means
grid6,0.25,E2,I10,exposure_gap,200,200,0.003621218071615269,descriptive_equal_weight_mother_world_means
grid6,0.25,E2,I10,final_preference_shift,200,200,0.06789443904328409,descriptive_equal_weight_mother_world_means
grid6,0.25,E2,I10,final_trust_mean,200,200,0.6446863704774806,descriptive_equal_weight_mother_world_means
grid6,0.25,E2,I10,has_response,200,200,1.0,descriptive_equal_weight_mother_world_means
grid6,0.25,E2,I10,max_pending,200,200,3.0,descriptive_equal_weight_mother_world_means
grid6,0.25,E2,I10,pending_count,200,200,2.805,descriptive_equal_weight_mother_world_means
grid6,0.25,E2,I10,perception_data_coverage,200,200,1.0,descriptive_equal_weight_mother_world_means
grid6,0.25,E2,I10,platform_signal_coverage,200,200,1.0,descriptive_equal_weight_mother_world_means
grid6,0.25,E2,I10,response_completion_L,200,200,1.0,descriptive_equal_weight_mother_world_means
grid6,0.25,E2,I10,scheduled_count,200,200,93.515,descriptive_equal_weight_mother_world_means
grid6,0.25,E2,I10,targeting_error_execution,200,200,0.7473004416146205,descriptive_equal_weight_mother_world_means
grid6,0.25,E2,I10,waiting_time,200,200,3.0,descriptive_equal_weight_mother_world_means
grid6,0.25,E2,I11,execution_count,200,200,95.06,descriptive_equal_weight_mother_world_means
grid6,0.25,E2,I11,execution_coverage,200,200,0.9506,descriptive_equal_weight_mother_world_means
grid6,0.25,E2,I11,exposure_gap,200,200,0.0036092300012712936,descriptive_equal_weight_mother_world_means
grid6,0.25,E2,I11,final_preference_shift,200,200,0.06784584135631494,descriptive_equal_weight_mother_world_means
grid6,0.25,E2,I11,final_trust_mean,200,200,0.6456874776585759,descriptive_equal_weight_mother_world_means
grid6,0.25,E2,I11,has_response,200,200,1.0,descriptive_equal_weight_mother_world_means
grid6,0.25,E2,I11,max_pending,200,200,3.0,descriptive_equal_weight_mother_world_means
grid6,0.25,E2,I11,pending_count,200,200,2.845,descriptive_equal_weight_mother_world_means
grid6,0.25,E2,I11,perception_data_coverage,200,200,1.0,descriptive_equal_weight_mother_world_means
grid6,0.25,E2,I11,platform_signal_coverage,200,200,1.0,descriptive_equal_weight_mother_world_means
grid6,0.25,E2,I11,response_completion_L,200,200,1.0,descriptive_equal_weight_mother_world_means
grid6,0.25,E2,I11,scheduled_count,200,200,95.065,descriptive_equal_weight_mother_world_means
grid6,0.25,E2,I11,targeting_error_execution,200,200,0.7472161388692381,descriptive_equal_weight_mother_world_means
grid6,0.25,E2,I11,waiting_time,200,200,3.0,descriptive_equal_weight_mother_world_means
grid6,0.25,E4,B0,execution_count,200,200,93.91,descriptive_equal_weight_mother_world_means
grid6,0.25,E4,B0,execution_coverage,200,200,0.9390999999999999,descriptive_equal_weight_mother_world_means
grid6,0.25,E4,B0,exposure_gap,200,200,0.0034820753140846258,descriptive_equal_weight_mother_world_means
grid6,0.25,E4,B0,final_preference_shift,200,200,0.06820042500844004,descriptive_equal_weight_mother_world_means
grid6,0.25,E4,B0,final_trust_mean,200,200,0.6451341441154562,descriptive_equal_weight_mother_world_means
grid6,0.25,E4,B0,has_response,200,200,1.0,descriptive_equal_weight_mother_world_means
grid6,0.25,E4,B0,max_pending,200,200,3.0,descriptive_equal_weight_mother_world_means
grid6,0.25,E4,B0,pending_count,200,200,2.785,descriptive_equal_weight_mother_world_means
grid6,0.25,E4,B0,perception_data_coverage,200,200,1.0,descriptive_equal_weight_mother_world_means
grid6,0.25,E4,B0,platform_signal_coverage,200,200,1.0,descriptive_equal_weight_mother_world_means
grid6,0.25,E4,B0,response_completion_L,200,200,1.0,descriptive_equal_weight_mother_world_means
grid6,0.25,E4,B0,scheduled_count,200,200,93.89,descriptive_equal_weight_mother_world_means
grid6,0.25,E4,B0,targeting_error_execution,200,200,0.7497836003873908,descriptive_equal_weight_mother_world_means
grid6,0.25,E4,B0,waiting_time,200,200,3.0,descriptive_equal_weight_mother_world_means
grid6,0.25,E4,B1,execution_count,200,200,93.4,descriptive_equal_weight_mother_world_means
grid6,0.25,E4,B1,execution_coverage,200,200,0.934,descriptive_equal_weight_mother_world_means
grid6,0.25,E4,B1,exposure_gap,200,200,0.0035357168361126305,descriptive_equal_weight_mother_world_means
grid6,0.25,E4,B1,final_preference_shift,200,200,0.06820044558721551,descriptive_equal_weight_mother_world_means
grid6,0.25,E4,B1,final_trust_mean,200,200,0.6448505452827291,descriptive_equal_weight_mother_world_means
grid6,0.25,E4,B1,has_response,200,200,1.0,descriptive_equal_weight_mother_world_means
grid6,0.25,E4,B1,max_pending,200,200,3.0,descriptive_equal_weight_mother_world_means
grid6,0.25,E4,B1,pending_count,200,200,2.81,descriptive_equal_weight_mother_world_means
grid6,0.25,E4,B1,perception_data_coverage,200,200,1.0,descriptive_equal_weight_mother_world_means
grid6,0.25,E4,B1,platform_signal_coverage,200,200,1.0,descriptive_equal_weight_mother_world_means
grid6,0.25,E4,B1,response_completion_L,200,200,1.0,descriptive_equal_weight_mother_world_means
grid6,0.25,E4,B1,scheduled_count,200,200,93.39,descriptive_equal_weight_mother_world_means
grid6,0.25,E4,B1,targeting_error_execution,200,200,0.7472856464253655,descriptive_equal_weight_mother_world_means
grid6,0.25,E4,B1,waiting_time,200,200,3.0,descriptive_equal_weight_mother_world_means
grid6,0.25,E4,B4,execution_count,200,200,81.36,descriptive_equal_weight_mother_world_means
grid6,0.25,E4,B4,execution_coverage,200,200,0.8136,descriptive_equal_weight_mother_world_means
grid6,0.25,E4,B4,exposure_gap,200,200,6.639352573138091e-05,descriptive_equal_weight_mother_world_means
grid6,0.25,E4,B4,final_preference_shift,200,200,0.06815105214985823,descriptive_equal_weight_mother_world_means
grid6,0.25,E4,B4,final_trust_mean,200,200,0.640611687970785,descriptive_equal_weight_mother_world_means
grid6,0.25,E4,B4,has_response,200,200,1.0,descriptive_equal_weight_mother_world_means
grid6,0.25,E4,B4,max_pending,200,200,3.0,descriptive_equal_weight_mother_world_means
grid6,0.25,E4,B4,pending_count,200,200,2.425,descriptive_equal_weight_mother_world_means
grid6,0.25,E4,B4,perception_data_coverage,200,200,1.0,descriptive_equal_weight_mother_world_means
grid6,0.25,E4,B4,platform_signal_coverage,200,200,1.0,descriptive_equal_weight_mother_world_means
grid6,0.25,E4,B4,response_completion_L,200,200,1.0,descriptive_equal_weight_mother_world_means
grid6,0.25,E4,B4,scheduled_count,200,200,81.235,descriptive_equal_weight_mother_world_means
grid6,0.25,E4,B4,targeting_error_execution,200,200,0.7516441866393417,descriptive_equal_weight_mother_world_means
grid6,0.25,E4,B4,waiting_time,200,200,3.0,descriptive_equal_weight_mother_world_means
grid6,0.75,E2,I00,execution_count,200,200,90.61,descriptive_equal_weight_mother_world_means
grid6,0.75,E2,I00,execution_coverage,200,200,0.9061,descriptive_equal_weight_mother_world_means
grid6,0.75,E2,I00,exposure_gap,200,200,0.25354915329802824,descriptive_equal_weight_mother_world_means
grid6,0.75,E2,I00,final_preference_shift,200,200,0.714090340015297,descriptive_equal_weight_mother_world_means
grid6,0.75,E2,I00,final_trust_mean,200,200,0.6185142742222032,descriptive_equal_weight_mother_world_means
grid6,0.75,E2,I00,has_response,200,200,1.0,descriptive_equal_weight_mother_world_means
grid6,0.75,E2,I00,max_pending,200,200,3.0,descriptive_equal_weight_mother_world_means
grid6,0.75,E2,I00,pending_count,200,200,2.65,descriptive_equal_weight_mother_world_means
grid6,0.75,E2,I00,perception_data_coverage,200,200,1.0,descriptive_equal_weight_mother_world_means
grid6,0.75,E2,I00,platform_signal_coverage,200,200,1.0,descriptive_equal_weight_mother_world_means
grid6,0.75,E2,I00,response_completion_L,200,200,1.0,descriptive_equal_weight_mother_world_means
grid6,0.75,E2,I00,scheduled_count,200,200,90.515,descriptive_equal_weight_mother_world_means
grid6,0.75,E2,I00,targeting_error_execution,200,200,0.7276159789910203,descriptive_equal_weight_mother_world_means
grid6,0.75,E2,I00,waiting_time,200,200,3.0,descriptive_equal_weight_mother_world_means
grid6,0.75,E2,I01,execution_count,200,200,99.045,descriptive_equal_weight_mother_world_means
grid6,0.75,E2,I01,execution_coverage,200,200,0.99045,descriptive_equal_weight_mother_world_means
grid6,0.75,E2,I01,exposure_gap,200,200,0.24645292874435756,descriptive_equal_weight_mother_world_means
grid6,0.75,E2,I01,final_preference_shift,200,200,0.7240422375788529,descriptive_equal_weight_mother_world_means
grid6,0.75,E2,I01,final_trust_mean,200,200,0.6198722281137982,descriptive_equal_weight_mother_world_means
grid6,0.75,E2,I01,has_response,200,200,1.0,descriptive_equal_weight_mother_world_means
grid6,0.75,E2,I01,max_pending,200,200,3.0,descriptive_equal_weight_mother_world_means
grid6,0.75,E2,I01,pending_count,200,200,3.0,descriptive_equal_weight_mother_world_means
grid6,0.75,E2,I01,perception_data_coverage,200,200,1.0,descriptive_equal_weight_mother_world_means
grid6,0.75,E2,I01,platform_signal_coverage,200,200,1.0,descriptive_equal_weight_mother_world_means
grid6,0.75,E2,I01,response_completion_L,200,200,1.0,descriptive_equal_weight_mother_world_means
grid6,0.75,E2,I01,scheduled_count,200,200,99.045,descriptive_equal_weight_mother_world_means
grid6,0.75,E2,I01,targeting_error_execution,200,200,0.7500111506697654,descriptive_equal_weight_mother_world_means
grid6,0.75,E2,I01,waiting_time,200,200,3.0,descriptive_equal_weight_mother_world_means
grid6,0.75,E2,I10,execution_count,200,200,36.56,descriptive_equal_weight_mother_world_means
grid6,0.75,E2,I10,execution_coverage,200,200,0.36560000000000004,descriptive_equal_weight_mother_world_means
grid6,0.75,E2,I10,exposure_gap,200,200,0.25095917916241733,descriptive_equal_weight_mother_world_means
grid6,0.75,E2,I10,final_preference_shift,200,200,0.7263987571254507,descriptive_equal_weight_mother_world_means
grid6,0.75,E2,I10,final_trust_mean,200,200,0.6154837249378651,descriptive_equal_weight_mother_world_means
grid6,0.75,E2,I10,has_response,200,200,1.0,descriptive_equal_weight_mother_world_means
grid6,0.75,E2,I10,max_pending,200,200,3.0,descriptive_equal_weight_mother_world_means
grid6,0.75,E2,I10,pending_count,200,200,1.07,descriptive_equal_weight_mother_world_means
grid6,0.75,E2,I10,perception_data_coverage,200,200,1.0,descriptive_equal_weight_mother_world_means
grid6,0.75,E2,I10,platform_signal_coverage,200,200,1.0,descriptive_equal_weight_mother_world_means
grid6,0.75,E2,I10,response_completion_L,200,200,1.0,descriptive_equal_weight_mother_world_means
grid6,0.75,E2,I10,scheduled_count,200,200,36.27,descriptive_equal_weight_mother_world_means
grid6,0.75,E2,I10,targeting_error_execution,200,200,0.24739166293926015,descriptive_equal_weight_mother_world_means
grid6,0.75,E2,I10,waiting_time,200,200,3.0,descriptive_equal_weight_mother_world_means
grid6,0.75,E2,I11,execution_count,200,200,30.125,descriptive_equal_weight_mother_world_means
grid6,0.75,E2,I11,execution_coverage,200,200,0.30125,descriptive_equal_weight_mother_world_means
grid6,0.75,E2,I11,exposure_gap,200,200,0.2559646562080238,descriptive_equal_weight_mother_world_means
grid6,0.75,E2,I11,final_preference_shift,200,200,0.7239930218292697,descriptive_equal_weight_mother_world_means
grid6,0.75,E2,I11,final_trust_mean,200,200,0.6171659524303885,descriptive_equal_weight_mother_world_means
grid6,0.75,E2,I11,has_response,200,200,1.0,descriptive_equal_weight_mother_world_means
grid6,0.75,E2,I11,max_pending,200,200,3.0,descriptive_equal_weight_mother_world_means
grid6,0.75,E2,I11,pending_count,200,200,0.8,descriptive_equal_weight_mother_world_means
grid6,0.75,E2,I11,perception_data_coverage,200,200,1.0,descriptive_equal_weight_mother_world_means
grid6,0.75,E2,I11,platform_signal_coverage,200,200,1.0,descriptive_equal_weight_mother_world_means
grid6,0.75,E2,I11,response_completion_L,200,200,1.0,descriptive_equal_weight_mother_world_means
grid6,0.75,E2,I11,scheduled_count,200,200,30.08,descriptive_equal_weight_mother_world_means
grid6,0.75,E2,I11,targeting_error_execution,200,200,0.10654499465356368,descriptive_equal_weight_mother_world_means
grid6,0.75,E2,I11,waiting_time,200,200,3.0,descriptive_equal_weight_mother_world_means
grid6,0.75,E4,B0,execution_count,200,200,90.61,descriptive_equal_weight_mother_world_means
grid6,0.75,E4,B0,execution_coverage,200,200,0.9061,descriptive_equal_weight_mother_world_means
grid6,0.75,E4,B0,exposure_gap,200,200,0.25354915329802824,descriptive_equal_weight_mother_world_means
grid6,0.75,E4,B0,final_preference_shift,200,200,0.714090340015297,descriptive_equal_weight_mother_world_means
grid6,0.75,E4,B0,final_trust_mean,200,200,0.6185142742222032,descriptive_equal_weight_mother_world_means
grid6,0.75,E4,B0,has_response,200,200,1.0,descriptive_equal_weight_mother_world_means
grid6,0.75,E4,B0,max_pending,200,200,3.0,descriptive_equal_weight_mother_world_means
grid6,0.75,E4,B0,pending_count,200,200,2.65,descriptive_equal_weight_mother_world_means
grid6,0.75,E4,B0,perception_data_coverage,200,200,1.0,descriptive_equal_weight_mother_world_means
grid6,0.75,E4,B0,platform_signal_coverage,200,200,1.0,descriptive_equal_weight_mother_world_means
grid6,0.75,E4,B0,response_completion_L,200,200,1.0,descriptive_equal_weight_mother_world_means
grid6,0.75,E4,B0,scheduled_count,200,200,90.515,descriptive_equal_weight_mother_world_means
grid6,0.75,E4,B0,targeting_error_execution,200,200,0.7276159789910203,descriptive_equal_weight_mother_world_means
grid6,0.75,E4,B0,waiting_time,200,200,3.0,descriptive_equal_weight_mother_world_means
grid6,0.75,E4,B1,execution_count,200,200,36.705,descriptive_equal_weight_mother_world_means
grid6,0.75,E4,B1,execution_coverage,200,200,0.36705,descriptive_equal_weight_mother_world_means
grid6,0.75,E4,B1,exposure_gap,200,200,0.2526424405598639,descriptive_equal_weight_mother_world_means
grid6,0.75,E4,B1,final_preference_shift,200,200,0.7213726994110001,descriptive_equal_weight_mother_world_means
grid6,0.75,E4,B1,final_trust_mean,200,200,0.6168388694669799,descriptive_equal_weight_mother_world_means
grid6,0.75,E4,B1,has_response,200,200,1.0,descriptive_equal_weight_mother_world_means
grid6,0.75,E4,B1,max_pending,200,200,3.0,descriptive_equal_weight_mother_world_means
grid6,0.75,E4,B1,pending_count,200,200,1.025,descriptive_equal_weight_mother_world_means
grid6,0.75,E4,B1,perception_data_coverage,200,200,1.0,descriptive_equal_weight_mother_world_means
grid6,0.75,E4,B1,platform_signal_coverage,200,200,1.0,descriptive_equal_weight_mother_world_means
grid6,0.75,E4,B1,response_completion_L,200,200,1.0,descriptive_equal_weight_mother_world_means
grid6,0.75,E4,B1,scheduled_count,200,200,36.41,descriptive_equal_weight_mother_world_means
grid6,0.75,E4,B1,targeting_error_execution,200,200,0.2436238642969036,descriptive_equal_weight_mother_world_means
grid6,0.75,E4,B1,waiting_time,200,200,3.0,descriptive_equal_weight_mother_world_means
grid6,0.75,E4,B4,execution_count,200,200,98.79,descriptive_equal_weight_mother_world_means
grid6,0.75,E4,B4,execution_coverage,200,200,0.9879000000000001,descriptive_equal_weight_mother_world_means
grid6,0.75,E4,B4,exposure_gap,200,200,0.006466966549995813,descriptive_equal_weight_mother_world_means
grid6,0.75,E4,B4,final_preference_shift,200,200,0.7098559165510052,descriptive_equal_weight_mother_world_means
grid6,0.75,E4,B4,final_trust_mean,200,200,0.6113855746072074,descriptive_equal_weight_mother_world_means
grid6,0.75,E4,B4,has_response,200,200,1.0,descriptive_equal_weight_mother_world_means
grid6,0.75,E4,B4,max_pending,200,200,3.0,descriptive_equal_weight_mother_world_means
grid6,0.75,E4,B4,pending_count,200,200,2.955,descriptive_equal_weight_mother_world_means
grid6,0.75,E4,B4,perception_data_coverage,200,200,1.0,descriptive_equal_weight_mother_world_means
grid6,0.75,E4,B4,platform_signal_coverage,200,200,1.0,descriptive_equal_weight_mother_world_means
grid6,0.75,E4,B4,response_completion_L,200,200,1.0,descriptive_equal_weight_mother_world_means
grid6,0.75,E4,B4,scheduled_count,200,200,98.77,descriptive_equal_weight_mother_world_means
grid6,0.75,E4,B4,targeting_error_execution,200,200,0.7485544614276987,descriptive_equal_weight_mother_world_means
grid6,0.75,E4,B4,waiting_time,200,200,3.0,descriptive_equal_weight_mother_world_means
grid6_reference8,0.25,E2,I00,execution_count,200,200,84.335,descriptive_equal_weight_mother_world_means
grid6_reference8,0.25,E2,I00,execution_coverage,200,200,0.8433499999999999,descriptive_equal_weight_mother_world_means
grid6_reference8,0.25,E2,I00,exposure_gap,200,200,0.003670090425575711,descriptive_equal_weight_mother_world_means
grid6_reference8,0.25,E2,I00,final_preference_shift,200,200,0.06831146231589486,descriptive_equal_weight_mother_world_means
grid6_reference8,0.25,E2,I00,final_trust_mean,200,200,0.643684695716618,descriptive_equal_weight_mother_world_means
grid6_reference8,0.25,E2,I00,has_response,200,200,1.0,descriptive_equal_weight_mother_world_means
grid6_reference8,0.25,E2,I00,max_pending,200,200,3.0,descriptive_equal_weight_mother_world_means
grid6_reference8,0.25,E2,I00,pending_count,200,200,2.575,descriptive_equal_weight_mother_world_means
grid6_reference8,0.25,E2,I00,perception_data_coverage,200,200,1.0,descriptive_equal_weight_mother_world_means
grid6_reference8,0.25,E2,I00,platform_signal_coverage,200,200,1.0,descriptive_equal_weight_mother_world_means
grid6_reference8,0.25,E2,I00,response_completion_L,200,200,1.0,descriptive_equal_weight_mother_world_means
grid6_reference8,0.25,E2,I00,scheduled_count,200,200,84.345,descriptive_equal_weight_mother_world_means
grid6_reference8,0.25,E2,I00,targeting_error_execution,200,200,0.7509908341282242,descriptive_equal_weight_mother_world_means
grid6_reference8,0.25,E2,I00,waiting_time,200,200,3.0,descriptive_equal_weight_mother_world_means
grid6_reference8,0.25,E2,I01,execution_count,200,200,92.91,descriptive_equal_weight_mother_world_means
grid6_reference8,0.25,E2,I01,execution_coverage,200,200,0.9290999999999999,descriptive_equal_weight_mother_world_means
grid6_reference8,0.25,E2,I01,exposure_gap,200,200,0.0034289497556624594,descriptive_equal_weight_mother_world_means
grid6_reference8,0.25,E2,I01,final_preference_shift,200,200,0.06786413268534033,descriptive_equal_weight_mother_world_means
grid6_reference8,0.25,E2,I01,final_trust_mean,200,200,0.6452518983775333,descriptive_equal_weight_mother_world_means
grid6_reference8,0.25,E2,I01,has_response,200,200,1.0,descriptive_equal_weight_mother_world_means
grid6_reference8,0.25,E2,I01,max_pending,200,200,3.0,descriptive_equal_weight_mother_world_means
grid6_reference8,0.25,E2,I01,pending_count,200,200,2.795,descriptive_equal_weight_mother_world_means
grid6_reference8,0.25,E2,I01,perception_data_coverage,200,200,1.0,descriptive_equal_weight_mother_world_means
grid6_reference8,0.25,E2,I01,platform_signal_coverage,200,200,1.0,descriptive_equal_weight_mother_world_means
grid6_reference8,0.25,E2,I01,response_completion_L,200,200,1.0,descriptive_equal_weight_mother_world_means
grid6_reference8,0.25,E2,I01,scheduled_count,200,200,92.91,descriptive_equal_weight_mother_world_means
grid6_reference8,0.25,E2,I01,targeting_error_execution,200,200,0.7454314137197582,descriptive_equal_weight_mother_world_means
grid6_reference8,0.25,E2,I01,waiting_time,200,200,3.0,descriptive_equal_weight_mother_world_means
grid6_reference8,0.25,E2,I10,execution_count,200,200,91.425,descriptive_equal_weight_mother_world_means
grid6_reference8,0.25,E2,I10,execution_coverage,200,200,0.91425,descriptive_equal_weight_mother_world_means
grid6_reference8,0.25,E2,I10,exposure_gap,200,200,0.0036783570004406507,descriptive_equal_weight_mother_world_means
grid6_reference8,0.25,E2,I10,final_preference_shift,200,200,0.0681363230543785,descriptive_equal_weight_mother_world_means
grid6_reference8,0.25,E2,I10,final_trust_mean,200,200,0.6446582644907606,descriptive_equal_weight_mother_world_means
grid6_reference8,0.25,E2,I10,has_response,200,200,1.0,descriptive_equal_weight_mother_world_means
grid6_reference8,0.25,E2,I10,max_pending,200,200,3.0,descriptive_equal_weight_mother_world_means
grid6_reference8,0.25,E2,I10,pending_count,200,200,2.75,descriptive_equal_weight_mother_world_means
grid6_reference8,0.25,E2,I10,perception_data_coverage,200,200,1.0,descriptive_equal_weight_mother_world_means
grid6_reference8,0.25,E2,I10,platform_signal_coverage,200,200,1.0,descriptive_equal_weight_mother_world_means
grid6_reference8,0.25,E2,I10,response_completion_L,200,200,1.0,descriptive_equal_weight_mother_world_means
grid6_reference8,0.25,E2,I10,scheduled_count,200,200,91.49,descriptive_equal_weight_mother_world_means
grid6_reference8,0.25,E2,I10,targeting_error_execution,200,200,0.7464142108588798,descriptive_equal_weight_mother_world_means
grid6_reference8,0.25,E2,I10,waiting_time,200,200,3.0,descriptive_equal_weight_mother_world_means
grid6_reference8,0.25,E2,I11,execution_count,200,200,92.545,descriptive_equal_weight_mother_world_means
grid6_reference8,0.25,E2,I11,execution_coverage,200,200,0.92545,descriptive_equal_weight_mother_world_means
grid6_reference8,0.25,E2,I11,exposure_gap,200,200,0.0035364572264151963,descriptive_equal_weight_mother_world_means
grid6_reference8,0.25,E2,I11,final_preference_shift,200,200,0.06784461825104414,descriptive_equal_weight_mother_world_means
grid6_reference8,0.25,E2,I11,final_trust_mean,200,200,0.6448516156691291,descriptive_equal_weight_mother_world_means
grid6_reference8,0.25,E2,I11,has_response,200,200,1.0,descriptive_equal_weight_mother_world_means
grid6_reference8,0.25,E2,I11,max_pending,200,200,3.0,descriptive_equal_weight_mother_world_means
grid6_reference8,0.25,E2,I11,pending_count,200,200,2.73,descriptive_equal_weight_mother_world_means
grid6_reference8,0.25,E2,I11,perception_data_coverage,200,200,1.0,descriptive_equal_weight_mother_world_means
grid6_reference8,0.25,E2,I11,platform_signal_coverage,200,200,1.0,descriptive_equal_weight_mother_world_means
grid6_reference8,0.25,E2,I11,response_completion_L,200,200,1.0,descriptive_equal_weight_mother_world_means
grid6_reference8,0.25,E2,I11,scheduled_count,200,200,92.515,descriptive_equal_weight_mother_world_means
grid6_reference8,0.25,E2,I11,targeting_error_execution,200,200,0.7457466674765021,descriptive_equal_weight_mother_world_means
grid6_reference8,0.25,E2,I11,waiting_time,200,200,3.0,descriptive_equal_weight_mother_world_means
grid6_reference8,0.25,E4,B0,execution_count,200,200,84.335,descriptive_equal_weight_mother_world_means
grid6_reference8,0.25,E4,B0,execution_coverage,200,200,0.8433499999999999,descriptive_equal_weight_mother_world_means
grid6_reference8,0.25,E4,B0,exposure_gap,200,200,0.003670090425575711,descriptive_equal_weight_mother_world_means
grid6_reference8,0.25,E4,B0,final_preference_shift,200,200,0.06831146231589486,descriptive_equal_weight_mother_world_means
grid6_reference8,0.25,E4,B0,final_trust_mean,200,200,0.643684695716618,descriptive_equal_weight_mother_world_means
grid6_reference8,0.25,E4,B0,has_response,200,200,1.0,descriptive_equal_weight_mother_world_means
grid6_reference8,0.25,E4,B0,max_pending,200,200,3.0,descriptive_equal_weight_mother_world_means
grid6_reference8,0.25,E4,B0,pending_count,200,200,2.575,descriptive_equal_weight_mother_world_means
grid6_reference8,0.25,E4,B0,perception_data_coverage,200,200,1.0,descriptive_equal_weight_mother_world_means
grid6_reference8,0.25,E4,B0,platform_signal_coverage,200,200,1.0,descriptive_equal_weight_mother_world_means
grid6_reference8,0.25,E4,B0,response_completion_L,200,200,1.0,descriptive_equal_weight_mother_world_means
grid6_reference8,0.25,E4,B0,scheduled_count,200,200,84.345,descriptive_equal_weight_mother_world_means
grid6_reference8,0.25,E4,B0,targeting_error_execution,200,200,0.7509908341282242,descriptive_equal_weight_mother_world_means
grid6_reference8,0.25,E4,B0,waiting_time,200,200,3.0,descriptive_equal_weight_mother_world_means
grid6_reference8,0.25,E4,B1,execution_count,200,200,91.54,descriptive_equal_weight_mother_world_means
grid6_reference8,0.25,E4,B1,execution_coverage,200,200,0.9154000000000001,descriptive_equal_weight_mother_world_means
grid6_reference8,0.25,E4,B1,exposure_gap,200,200,0.0034931944223314053,descriptive_equal_weight_mother_world_means
grid6_reference8,0.25,E4,B1,final_preference_shift,200,200,0.06831148201022305,descriptive_equal_weight_mother_world_means
grid6_reference8,0.25,E4,B1,final_trust_mean,200,200,0.6448446173343957,descriptive_equal_weight_mother_world_means
grid6_reference8,0.25,E4,B1,has_response,200,200,1.0,descriptive_equal_weight_mother_world_means
grid6_reference8,0.25,E4,B1,max_pending,200,200,3.0,descriptive_equal_weight_mother_world_means
grid6_reference8,0.25,E4,B1,pending_count,200,200,2.74,descriptive_equal_weight_mother_world_means
grid6_reference8,0.25,E4,B1,perception_data_coverage,200,200,1.0,descriptive_equal_weight_mother_world_means
grid6_reference8,0.25,E4,B1,platform_signal_coverage,200,200,1.0,descriptive_equal_weight_mother_world_means
grid6_reference8,0.25,E4,B1,response_completion_L,200,200,1.0,descriptive_equal_weight_mother_world_means
grid6_reference8,0.25,E4,B1,scheduled_count,200,200,91.57,descriptive_equal_weight_mother_world_means
grid6_reference8,0.25,E4,B1,targeting_error_execution,200,200,0.7466390966890394,descriptive_equal_weight_mother_world_means
grid6_reference8,0.25,E4,B1,waiting_time,200,200,3.0,descriptive_equal_weight_mother_world_means
grid6_reference8,0.25,E4,B4,execution_count,200,200,78.125,descriptive_equal_weight_mother_world_means
grid6_reference8,0.25,E4,B4,execution_coverage,200,200,0.78125,descriptive_equal_weight_mother_world_means
grid6_reference8,0.25,E4,B4,exposure_gap,200,200,6.262894358474496e-05,descriptive_equal_weight_mother_world_means
grid6_reference8,0.25,E4,B4,final_preference_shift,200,200,0.06831153231472584,descriptive_equal_weight_mother_world_means
grid6_reference8,0.25,E4,B4,final_trust_mean,200,200,0.6402163200487846,descriptive_equal_weight_mother_world_means
grid6_reference8,0.25,E4,B4,has_response,200,200,1.0,descriptive_equal_weight_mother_world_means
grid6_reference8,0.25,E4,B4,max_pending,200,200,3.0,descriptive_equal_weight_mother_world_means
grid6_reference8,0.25,E4,B4,pending_count,200,200,2.34,descriptive_equal_weight_mother_world_means
grid6_reference8,0.25,E4,B4,perception_data_coverage,200,200,1.0,descriptive_equal_weight_mother_world_means
grid6_reference8,0.25,E4,B4,platform_signal_coverage,200,200,1.0,descriptive_equal_weight_mother_world_means
grid6_reference8,0.25,E4,B4,response_completion_L,200,200,1.0,descriptive_equal_weight_mother_world_means
grid6_reference8,0.25,E4,B4,scheduled_count,200,200,78.035,descriptive_equal_weight_mother_world_means
grid6_reference8,0.25,E4,B4,targeting_error_execution,200,200,0.7514438060881484,descriptive_equal_weight_mother_world_means
grid6_reference8,0.25,E4,B4,waiting_time,200,200,3.0,descriptive_equal_weight_mother_world_means
grid6_reference8,0.75,E2,I00,execution_count,200,200,91.44,descriptive_equal_weight_mother_world_means
grid6_reference8,0.75,E2,I00,execution_coverage,200,200,0.9144,descriptive_equal_weight_mother_world_means
grid6_reference8,0.75,E2,I00,exposure_gap,200,200,0.2533667993055788,descriptive_equal_weight_mother_world_means
grid6_reference8,0.75,E2,I00,final_preference_shift,200,200,0.7174459112717916,descriptive_equal_weight_mother_world_means
grid6_reference8,0.75,E2,I00,final_trust_mean,200,200,0.6181689378931661,descriptive_equal_weight_mother_world_means
grid6_reference8,0.75,E2,I00,has_response,200,200,1.0,descriptive_equal_weight_mother_world_means
grid6_reference8,0.75,E2,I00,max_pending,200,200,3.0,descriptive_equal_weight_mother_world_means
grid6_reference8,0.75,E2,I00,pending_count,200,200,2.72,descriptive_equal_weight_mother_world_means
grid6_reference8,0.75,E2,I00,perception_data_coverage,200,200,1.0,descriptive_equal_weight_mother_world_means
grid6_reference8,0.75,E2,I00,platform_signal_coverage,200,200,1.0,descriptive_equal_weight_mother_world_means
grid6_reference8,0.75,E2,I00,response_completion_L,200,200,1.0,descriptive_equal_weight_mother_world_means
grid6_reference8,0.75,E2,I00,scheduled_count,200,200,91.47,descriptive_equal_weight_mother_world_means
grid6_reference8,0.75,E2,I00,targeting_error_execution,200,200,0.7315564877170527,descriptive_equal_weight_mother_world_means
grid6_reference8,0.75,E2,I00,waiting_time,200,200,3.0,descriptive_equal_weight_mother_world_means
grid6_reference8,0.75,E2,I01,execution_count,200,200,99.105,descriptive_equal_weight_mother_world_means
grid6_reference8,0.75,E2,I01,execution_coverage,200,200,0.99105,descriptive_equal_weight_mother_world_means
grid6_reference8,0.75,E2,I01,exposure_gap,200,200,0.24050717111872316,descriptive_equal_weight_mother_world_means
grid6_reference8,0.75,E2,I01,final_preference_shift,200,200,0.722117161111069,descriptive_equal_weight_mother_world_means
grid6_reference8,0.75,E2,I01,final_trust_mean,200,200,0.618551894977397,descriptive_equal_weight_mother_world_means
grid6_reference8,0.75,E2,I01,has_response,200,200,1.0,descriptive_equal_weight_mother_world_means
grid6_reference8,0.75,E2,I01,max_pending,200,200,3.0,descriptive_equal_weight_mother_world_means
grid6_reference8,0.75,E2,I01,pending_count,200,200,3.0,descriptive_equal_weight_mother_world_means
grid6_reference8,0.75,E2,I01,perception_data_coverage,200,200,1.0,descriptive_equal_weight_mother_world_means
grid6_reference8,0.75,E2,I01,platform_signal_coverage,200,200,1.0,descriptive_equal_weight_mother_world_means
grid6_reference8,0.75,E2,I01,response_completion_L,200,200,1.0,descriptive_equal_weight_mother_world_means
grid6_reference8,0.75,E2,I01,scheduled_count,200,200,99.105,descriptive_equal_weight_mother_world_means
grid6_reference8,0.75,E2,I01,targeting_error_execution,200,200,0.7504371744265858,descriptive_equal_weight_mother_world_means
grid6_reference8,0.75,E2,I01,waiting_time,200,200,3.0,descriptive_equal_weight_mother_world_means
grid6_reference8,0.75,E2,I10,execution_count,200,200,36.815,descriptive_equal_weight_mother_world_means
grid6_reference8,0.75,E2,I10,execution_coverage,200,200,0.36815,descriptive_equal_weight_mother_world_means
grid6_reference8,0.75,E2,I10,exposure_gap,200,200,0.25664654146216215,descriptive_equal_weight_mother_world_means
grid6_reference8,0.75,E2,I10,final_preference_shift,200,200,0.7228648610501441,descriptive_equal_weight_mother_world_means
grid6_reference8,0.75,E2,I10,final_trust_mean,200,200,0.615138539597383,descriptive_equal_weight_mother_world_means
grid6_reference8,0.75,E2,I10,has_response,200,200,1.0,descriptive_equal_weight_mother_world_means
grid6_reference8,0.75,E2,I10,max_pending,200,200,3.0,descriptive_equal_weight_mother_world_means
grid6_reference8,0.75,E2,I10,pending_count,200,200,1.03,descriptive_equal_weight_mother_world_means
grid6_reference8,0.75,E2,I10,perception_data_coverage,200,200,1.0,descriptive_equal_weight_mother_world_means
grid6_reference8,0.75,E2,I10,platform_signal_coverage,200,200,1.0,descriptive_equal_weight_mother_world_means
grid6_reference8,0.75,E2,I10,response_completion_L,200,200,1.0,descriptive_equal_weight_mother_world_means
grid6_reference8,0.75,E2,I10,scheduled_count,200,200,36.555,descriptive_equal_weight_mother_world_means
grid6_reference8,0.75,E2,I10,targeting_error_execution,200,200,0.25027482559045,descriptive_equal_weight_mother_world_means
grid6_reference8,0.75,E2,I10,waiting_time,200,200,3.0,descriptive_equal_weight_mother_world_means
grid6_reference8,0.75,E2,I11,execution_count,200,200,30.21,descriptive_equal_weight_mother_world_means
grid6_reference8,0.75,E2,I11,execution_coverage,200,200,0.30210000000000004,descriptive_equal_weight_mother_world_means
grid6_reference8,0.75,E2,I11,exposure_gap,200,200,0.2506129627276012,descriptive_equal_weight_mother_world_means
grid6_reference8,0.75,E2,I11,final_preference_shift,200,200,0.7246822474041804,descriptive_equal_weight_mother_world_means
grid6_reference8,0.75,E2,I11,final_trust_mean,200,200,0.6176363509408663,descriptive_equal_weight_mother_world_means
grid6_reference8,0.75,E2,I11,has_response,200,200,1.0,descriptive_equal_weight_mother_world_means
grid6_reference8,0.75,E2,I11,max_pending,200,200,3.0,descriptive_equal_weight_mother_world_means
grid6_reference8,0.75,E2,I11,pending_count,200,200,0.785,descriptive_equal_weight_mother_world_means
grid6_reference8,0.75,E2,I11,perception_data_coverage,200,200,1.0,descriptive_equal_weight_mother_world_means
grid6_reference8,0.75,E2,I11,platform_signal_coverage,200,200,1.0,descriptive_equal_weight_mother_world_means
grid6_reference8,0.75,E2,I11,response_completion_L,200,200,1.0,descriptive_equal_weight_mother_world_means
grid6_reference8,0.75,E2,I11,scheduled_count,200,200,30.155,descriptive_equal_weight_mother_world_means
grid6_reference8,0.75,E2,I11,targeting_error_execution,200,200,0.10773756858659272,descriptive_equal_weight_mother_world_means
grid6_reference8,0.75,E2,I11,waiting_time,200,200,3.0,descriptive_equal_weight_mother_world_means
grid6_reference8,0.75,E4,B0,execution_count,200,200,91.44,descriptive_equal_weight_mother_world_means
grid6_reference8,0.75,E4,B0,execution_coverage,200,200,0.9144,descriptive_equal_weight_mother_world_means
grid6_reference8,0.75,E4,B0,exposure_gap,200,200,0.2533667993055788,descriptive_equal_weight_mother_world_means
grid6_reference8,0.75,E4,B0,final_preference_shift,200,200,0.7174459112717916,descriptive_equal_weight_mother_world_means
grid6_reference8,0.75,E4,B0,final_trust_mean,200,200,0.6181689378931661,descriptive_equal_weight_mother_world_means
grid6_reference8,0.75,E4,B0,has_response,200,200,1.0,descriptive_equal_weight_mother_world_means
grid6_reference8,0.75,E4,B0,max_pending,200,200,3.0,descriptive_equal_weight_mother_world_means
grid6_reference8,0.75,E4,B0,pending_count,200,200,2.72,descriptive_equal_weight_mother_world_means
grid6_reference8,0.75,E4,B0,perception_data_coverage,200,200,1.0,descriptive_equal_weight_mother_world_means
grid6_reference8,0.75,E4,B0,platform_signal_coverage,200,200,1.0,descriptive_equal_weight_mother_world_means
grid6_reference8,0.75,E4,B0,response_completion_L,200,200,1.0,descriptive_equal_weight_mother_world_means
grid6_reference8,0.75,E4,B0,scheduled_count,200,200,91.47,descriptive_equal_weight_mother_world_means
grid6_reference8,0.75,E4,B0,targeting_error_execution,200,200,0.7315564877170527,descriptive_equal_weight_mother_world_means
grid6_reference8,0.75,E4,B0,waiting_time,200,200,3.0,descriptive_equal_weight_mother_world_means
grid6_reference8,0.75,E4,B1,execution_count,200,200,36.6,descriptive_equal_weight_mother_world_means
grid6_reference8,0.75,E4,B1,execution_coverage,200,200,0.366,descriptive_equal_weight_mother_world_means
grid6_reference8,0.75,E4,B1,exposure_gap,200,200,0.25950776928657665,descriptive_equal_weight_mother_world_means
grid6_reference8,0.75,E4,B1,final_preference_shift,200,200,0.7166417728930551,descriptive_equal_weight_mother_world_means
grid6_reference8,0.75,E4,B1,final_trust_mean,200,200,0.6191597449100638,descriptive_equal_weight_mother_world_means
grid6_reference8,0.75,E4,B1,has_response,200,200,1.0,descriptive_equal_weight_mother_world_means
grid6_reference8,0.75,E4,B1,max_pending,200,200,3.0,descriptive_equal_weight_mother_world_means
grid6_reference8,0.75,E4,B1,pending_count,200,200,1.05,descriptive_equal_weight_mother_world_means
grid6_reference8,0.75,E4,B1,perception_data_coverage,200,200,1.0,descriptive_equal_weight_mother_world_means
grid6_reference8,0.75,E4,B1,platform_signal_coverage,200,200,1.0,descriptive_equal_weight_mother_world_means
grid6_reference8,0.75,E4,B1,response_completion_L,200,200,1.0,descriptive_equal_weight_mother_world_means
grid6_reference8,0.75,E4,B1,scheduled_count,200,200,36.44,descriptive_equal_weight_mother_world_means
grid6_reference8,0.75,E4,B1,targeting_error_execution,200,200,0.24477683609618597,descriptive_equal_weight_mother_world_means
grid6_reference8,0.75,E4,B1,waiting_time,200,200,3.0,descriptive_equal_weight_mother_world_means
grid6_reference8,0.75,E4,B4,execution_count,200,200,98.975,descriptive_equal_weight_mother_world_means
grid6_reference8,0.75,E4,B4,execution_coverage,200,200,0.9897499999999999,descriptive_equal_weight_mother_world_means
grid6_reference8,0.75,E4,B4,exposure_gap,200,200,0.006541772985719399,descriptive_equal_weight_mother_world_means
grid6_reference8,0.75,E4,B4,final_preference_shift,200,200,0.7193043899988774,descriptive_equal_weight_mother_world_means
grid6_reference8,0.75,E4,B4,final_trust_mean,200,200,0.6100978458887171,descriptive_equal_weight_mother_world_means
grid6_reference8,0.75,E4,B4,has_response,200,200,1.0,descriptive_equal_weight_mother_world_means
grid6_reference8,0.75,E4,B4,max_pending,200,200,3.0,descriptive_equal_weight_mother_world_means
grid6_reference8,0.75,E4,B4,pending_count,200,200,2.935,descriptive_equal_weight_mother_world_means
grid6_reference8,0.75,E4,B4,perception_data_coverage,200,200,1.0,descriptive_equal_weight_mother_world_means
grid6_reference8,0.75,E4,B4,platform_signal_coverage,200,200,1.0,descriptive_equal_weight_mother_world_means
grid6_reference8,0.75,E4,B4,response_completion_L,200,200,1.0,descriptive_equal_weight_mother_world_means
grid6_reference8,0.75,E4,B4,scheduled_count,200,200,98.95,descriptive_equal_weight_mother_world_means
grid6_reference8,0.75,E4,B4,targeting_error_execution,200,200,0.7482960097006608,descriptive_equal_weight_mother_world_means
grid6_reference8,0.75,E4,B4,waiting_time,200,200,3.0,descriptive_equal_weight_mother_world_means
horizon450,0.25,E2,I00,execution_count,200,200,96.375,descriptive_equal_weight_mother_world_means
horizon450,0.25,E2,I00,execution_coverage,200,200,0.96375,descriptive_equal_weight_mother_world_means
horizon450,0.25,E2,I00,exposure_gap,200,200,0.00228671227698999,descriptive_equal_weight_mother_world_means
horizon450,0.25,E2,I00,final_preference_shift,200,200,0.0679038442589305,descriptive_equal_weight_mother_world_means
horizon450,0.25,E2,I00,final_trust_mean,200,200,0.644579294019757,descriptive_equal_weight_mother_world_means
horizon450,0.25,E2,I00,has_response,200,200,1.0,descriptive_equal_weight_mother_world_means
horizon450,0.25,E2,I00,max_pending,200,200,3.0,descriptive_equal_weight_mother_world_means
horizon450,0.25,E2,I00,pending_count,200,200,2.895,descriptive_equal_weight_mother_world_means
horizon450,0.25,E2,I00,perception_data_coverage,200,200,1.0,descriptive_equal_weight_mother_world_means
horizon450,0.25,E2,I00,platform_signal_coverage,200,200,1.0,descriptive_equal_weight_mother_world_means
horizon450,0.25,E2,I00,response_completion_L,200,200,1.0,descriptive_equal_weight_mother_world_means
horizon450,0.25,E2,I00,scheduled_count,200,200,96.35,descriptive_equal_weight_mother_world_means
horizon450,0.25,E2,I00,targeting_error_execution,200,200,0.7493252719459694,descriptive_equal_weight_mother_world_means
horizon450,0.25,E2,I00,waiting_time,200,200,3.0,descriptive_equal_weight_mother_world_means
horizon450,0.25,E2,I01,execution_count,200,200,99.77,descriptive_equal_weight_mother_world_means
horizon450,0.25,E2,I01,execution_coverage,200,200,0.9976999999999999,descriptive_equal_weight_mother_world_means
horizon450,0.25,E2,I01,exposure_gap,200,200,0.002117686465126557,descriptive_equal_weight_mother_world_means
horizon450,0.25,E2,I01,final_preference_shift,200,200,0.06795385415644717,descriptive_equal_weight_mother_world_means
horizon450,0.25,E2,I01,final_trust_mean,200,200,0.6453522783694461,descriptive_equal_weight_mother_world_means
horizon450,0.25,E2,I01,has_response,200,200,1.0,descriptive_equal_weight_mother_world_means
horizon450,0.25,E2,I01,max_pending,200,200,3.0,descriptive_equal_weight_mother_world_means
horizon450,0.25,E2,I01,pending_count,200,200,3.0,descriptive_equal_weight_mother_world_means
horizon450,0.25,E2,I01,perception_data_coverage,200,200,1.0,descriptive_equal_weight_mother_world_means
horizon450,0.25,E2,I01,platform_signal_coverage,200,200,1.0,descriptive_equal_weight_mother_world_means
horizon450,0.25,E2,I01,response_completion_L,200,200,1.0,descriptive_equal_weight_mother_world_means
horizon450,0.25,E2,I01,scheduled_count,200,200,99.77,descriptive_equal_weight_mother_world_means
horizon450,0.25,E2,I01,targeting_error_execution,200,200,0.7499134706753783,descriptive_equal_weight_mother_world_means
horizon450,0.25,E2,I01,waiting_time,200,200,3.0,descriptive_equal_weight_mother_world_means
horizon450,0.25,E2,I10,execution_count,200,200,95.765,descriptive_equal_weight_mother_world_means
horizon450,0.25,E2,I10,execution_coverage,200,200,0.95765,descriptive_equal_weight_mother_world_means
horizon450,0.25,E2,I10,exposure_gap,200,200,0.002230661706752293,descriptive_equal_weight_mother_world_means
horizon450,0.25,E2,I10,final_preference_shift,200,200,0.06795343866663592,descriptive_equal_weight_mother_world_means
horizon450,0.25,E2,I10,final_trust_mean,200,200,0.6438859621114397,descriptive_equal_weight_mother_world_means
horizon450,0.25,E2,I10,has_response,200,200,1.0,descriptive_equal_weight_mother_world_means
horizon450,0.25,E2,I10,max_pending,200,200,3.0,descriptive_equal_weight_mother_world_means
horizon450,0.25,E2,I10,pending_count,200,200,2.855,descriptive_equal_weight_mother_world_means
horizon450,0.25,E2,I10,perception_data_coverage,200,200,1.0,descriptive_equal_weight_mother_world_means
horizon450,0.25,E2,I10,platform_signal_coverage,200,200,1.0,descriptive_equal_weight_mother_world_means
horizon450,0.25,E2,I10,response_completion_L,200,200,1.0,descriptive_equal_weight_mother_world_means
horizon450,0.25,E2,I10,scheduled_count,200,200,95.735,descriptive_equal_weight_mother_world_means
horizon450,0.25,E2,I10,targeting_error_execution,200,200,0.7483378835624568,descriptive_equal_weight_mother_world_means
horizon450,0.25,E2,I10,waiting_time,200,200,3.0,descriptive_equal_weight_mother_world_means
horizon450,0.25,E2,I11,execution_count,200,200,98.995,descriptive_equal_weight_mother_world_means
horizon450,0.25,E2,I11,execution_coverage,200,200,0.98995,descriptive_equal_weight_mother_world_means
horizon450,0.25,E2,I11,exposure_gap,200,200,0.0019497934698417848,descriptive_equal_weight_mother_world_means
horizon450,0.25,E2,I11,final_preference_shift,200,200,0.06795344322330507,descriptive_equal_weight_mother_world_means
horizon450,0.25,E2,I11,final_trust_mean,200,200,0.6453016795885993,descriptive_equal_weight_mother_world_means
horizon450,0.25,E2,I11,has_response,200,200,1.0,descriptive_equal_weight_mother_world_means
horizon450,0.25,E2,I11,max_pending,200,200,3.0,descriptive_equal_weight_mother_world_means
horizon450,0.25,E2,I11,pending_count,200,200,2.96,descriptive_equal_weight_mother_world_means
horizon450,0.25,E2,I11,perception_data_coverage,200,200,1.0,descriptive_equal_weight_mother_world_means
horizon450,0.25,E2,I11,platform_signal_coverage,200,200,1.0,descriptive_equal_weight_mother_world_means
horizon450,0.25,E2,I11,response_completion_L,200,200,1.0,descriptive_equal_weight_mother_world_means
horizon450,0.25,E2,I11,scheduled_count,200,200,98.99,descriptive_equal_weight_mother_world_means
horizon450,0.25,E2,I11,targeting_error_execution,200,200,0.7495200143003106,descriptive_equal_weight_mother_world_means
horizon450,0.25,E2,I11,waiting_time,200,200,3.0,descriptive_equal_weight_mother_world_means
horizon450,0.25,E3_closed,baseline,execution_count,200,200,96.375,descriptive_equal_weight_mother_world_means
horizon450,0.25,E3_closed,baseline,execution_coverage,200,200,0.96375,descriptive_equal_weight_mother_world_means
horizon450,0.25,E3_closed,baseline,exposure_gap,200,200,0.00228671227698999,descriptive_equal_weight_mother_world_means
horizon450,0.25,E3_closed,baseline,final_preference_shift,200,200,0.0679038442589305,descriptive_equal_weight_mother_world_means
horizon450,0.25,E3_closed,baseline,final_trust_mean,200,200,0.644579294019757,descriptive_equal_weight_mother_world_means
horizon450,0.25,E3_closed,baseline,has_response,200,200,1.0,descriptive_equal_weight_mother_world_means
horizon450,0.25,E3_closed,baseline,max_pending,200,200,3.0,descriptive_equal_weight_mother_world_means
horizon450,0.25,E3_closed,baseline,pending_count,200,200,2.895,descriptive_equal_weight_mother_world_means
horizon450,0.25,E3_closed,baseline,perception_data_coverage,200,200,1.0,descriptive_equal_weight_mother_world_means
horizon450,0.25,E3_closed,baseline,platform_signal_coverage,200,200,1.0,descriptive_equal_weight_mother_world_means
horizon450,0.25,E3_closed,baseline,response_completion_L,200,200,1.0,descriptive_equal_weight_mother_world_means
horizon450,0.25,E3_closed,baseline,scheduled_count,200,200,96.35,descriptive_equal_weight_mother_world_means
horizon450,0.25,E3_closed,baseline,targeting_error_execution,200,200,0.7493252719459694,descriptive_equal_weight_mother_world_means
horizon450,0.25,E3_closed,baseline,waiting_time,200,200,3.0,descriptive_equal_weight_mother_world_means
horizon450,0.25,E3_closed,delay0,execution_count,200,200,100.0,descriptive_equal_weight_mother_world_means
horizon450,0.25,E3_closed,delay0,execution_coverage,200,200,1.0,descriptive_equal_weight_mother_world_means
horizon450,0.25,E3_closed,delay0,exposure_gap,200,200,0.002705379571957029,descriptive_equal_weight_mother_world_means
horizon450,0.25,E3_closed,delay0,final_preference_shift,200,200,0.06816190253263313,descriptive_equal_weight_mother_world_means
horizon450,0.25,E3_closed,delay0,final_trust_mean,200,200,0.6436317596982382,descriptive_equal_weight_mother_world_means
horizon450,0.25,E3_closed,delay0,has_response,200,200,1.0,descriptive_equal_weight_mother_world_means
horizon450,0.25,E3_closed,delay0,max_pending,200,200,0.0,descriptive_equal_weight_mother_world_means
horizon450,0.25,E3_closed,delay0,pending_count,200,200,0.0,descriptive_equal_weight_mother_world_means
horizon450,0.25,E3_closed,delay0,perception_data_coverage,200,200,1.0,descriptive_equal_weight_mother_world_means
horizon450,0.25,E3_closed,delay0,platform_signal_coverage,200,200,1.0,descriptive_equal_weight_mother_world_means
horizon450,0.25,E3_closed,delay0,response_completion_L,200,200,1.0,descriptive_equal_weight_mother_world_means
horizon450,0.25,E3_closed,delay0,scheduled_count,200,200,100.0,descriptive_equal_weight_mother_world_means
horizon450,0.25,E3_closed,delay0,targeting_error_execution,200,200,0.7299716230334701,descriptive_equal_weight_mother_world_means
horizon450,0.25,E3_closed,delay0,waiting_time,200,200,0.0,descriptive_equal_weight_mother_world_means
horizon450,0.25,E3_replay,delay0,execution_count,200,200,96.35,descriptive_equal_weight_mother_world_means
horizon450,0.25,E3_replay,delay0,execution_coverage,200,200,0.9634999999999999,descriptive_equal_weight_mother_world_means
horizon450,0.25,E3_replay,delay0,exposure_gap,200,200,0.0024167270075647613,descriptive_equal_weight_mother_world_means
horizon450,0.25,E3_replay,delay0,final_preference_shift,200,200,0.06760519212440984,descriptive_equal_weight_mother_world_means
horizon450,0.25,E3_replay,delay0,final_trust_mean,200,200,0.6437139336739112,descriptive_equal_weight_mother_world_means
horizon450,0.25,E3_replay,delay0,has_response,200,200,1.0,descriptive_equal_weight_mother_world_means
horizon450,0.25,E3_replay,delay0,max_pending,200,200,0.0,descriptive_equal_weight_mother_world_means
horizon450,0.25,E3_replay,delay0,pending_count,200,200,0.0,descriptive_equal_weight_mother_world_means
horizon450,0.25,E3_replay,delay0,perception_data_coverage,200,200,1.0,descriptive_equal_weight_mother_world_means
horizon450,0.25,E3_replay,delay0,platform_signal_coverage,200,200,1.0,descriptive_equal_weight_mother_world_means
horizon450,0.25,E3_replay,delay0,response_completion_L,200,200,1.0,descriptive_equal_weight_mother_world_means
horizon450,0.25,E3_replay,delay0,scheduled_count,200,200,96.35,descriptive_equal_weight_mother_world_means
horizon450,0.25,E3_replay,delay0,targeting_error_execution,200,200,0.7493300895019671,descriptive_equal_weight_mother_world_means
horizon450,0.25,E3_replay,delay0,waiting_time,200,200,0.0,descriptive_equal_weight_mother_world_means
horizon450,0.25,E3_replay,delay3,execution_count,200,200,96.375,descriptive_equal_weight_mother_world_means
horizon450,0.25,E3_replay,delay3,execution_coverage,200,200,0.96375,descriptive_equal_weight_mother_world_means
horizon450,0.25,E3_replay,delay3,exposure_gap,200,200,0.002330236802685375,descriptive_equal_weight_mother_world_means
horizon450,0.25,E3_replay,delay3,final_preference_shift,200,200,0.06785388533318314,descriptive_equal_weight_mother_world_means
horizon450,0.25,E3_replay,delay3,final_trust_mean,200,200,0.6436379834625916,descriptive_equal_weight_mother_world_means
horizon450,0.25,E3_replay,delay3,has_response,200,200,1.0,descriptive_equal_weight_mother_world_means
horizon450,0.25,E3_replay,delay3,max_pending,200,200,3.0,descriptive_equal_weight_mother_world_means
horizon450,0.25,E3_replay,delay3,pending_count,200,200,2.895,descriptive_equal_weight_mother_world_means
horizon450,0.25,E3_replay,delay3,perception_data_coverage,200,200,1.0,descriptive_equal_weight_mother_world_means
horizon450,0.25,E3_replay,delay3,platform_signal_coverage,200,200,1.0,descriptive_equal_weight_mother_world_means
horizon450,0.25,E3_replay,delay3,response_completion_L,200,200,1.0,descriptive_equal_weight_mother_world_means
horizon450,0.25,E3_replay,delay3,scheduled_count,200,200,96.35,descriptive_equal_weight_mother_world_means
horizon450,0.25,E3_replay,delay3,targeting_error_execution,200,200,0.7493266046516864,descriptive_equal_weight_mother_world_means
horizon450,0.25,E3_replay,delay3,waiting_time,200,200,3.0,descriptive_equal_weight_mother_world_means
horizon450,0.25,E4,B0,execution_count,200,200,96.375,descriptive_equal_weight_mother_world_means
horizon450,0.25,E4,B0,execution_coverage,200,200,0.96375,descriptive_equal_weight_mother_world_means
horizon450,0.25,E4,B0,exposure_gap,200,200,0.00228671227698999,descriptive_equal_weight_mother_world_means
horizon450,0.25,E4,B0,final_preference_shift,200,200,0.0679038442589305,descriptive_equal_weight_mother_world_means
horizon450,0.25,E4,B0,final_trust_mean,200,200,0.644579294019757,descriptive_equal_weight_mother_world_means
horizon450,0.25,E4,B0,has_response,200,200,1.0,descriptive_equal_weight_mother_world_means
horizon450,0.25,E4,B0,max_pending,200,200,3.0,descriptive_equal_weight_mother_world_means
horizon450,0.25,E4,B0,pending_count,200,200,2.895,descriptive_equal_weight_mother_world_means
horizon450,0.25,E4,B0,perception_data_coverage,200,200,1.0,descriptive_equal_weight_mother_world_means
horizon450,0.25,E4,B0,platform_signal_coverage,200,200,1.0,descriptive_equal_weight_mother_world_means
horizon450,0.25,E4,B0,response_completion_L,200,200,1.0,descriptive_equal_weight_mother_world_means
horizon450,0.25,E4,B0,scheduled_count,200,200,96.35,descriptive_equal_weight_mother_world_means
horizon450,0.25,E4,B0,targeting_error_execution,200,200,0.7493252719459694,descriptive_equal_weight_mother_world_means
horizon450,0.25,E4,B0,waiting_time,200,200,3.0,descriptive_equal_weight_mother_world_means
horizon450,0.25,E4,B1,execution_count,200,200,95.705,descriptive_equal_weight_mother_world_means
horizon450,0.25,E4,B1,execution_coverage,200,200,0.95705,descriptive_equal_weight_mother_world_means
horizon450,0.25,E4,B1,exposure_gap,200,200,0.002169787162223331,descriptive_equal_weight_mother_world_means
horizon450,0.25,E4,B1,final_preference_shift,200,200,0.06785345958594112,descriptive_equal_weight_mother_world_means
horizon450,0.25,E4,B1,final_trust_mean,200,200,0.6444276441324674,descriptive_equal_weight_mother_world_means
horizon450,0.25,E4,B1,has_response,200,200,1.0,descriptive_equal_weight_mother_world_means
horizon450,0.25,E4,B1,max_pending,200,200,3.0,descriptive_equal_weight_mother_world_means
horizon450,0.25,E4,B1,pending_count,200,200,2.85,descriptive_equal_weight_mother_world_means
horizon450,0.25,E4,B1,perception_data_coverage,200,200,1.0,descriptive_equal_weight_mother_world_means
horizon450,0.25,E4,B1,platform_signal_coverage,200,200,1.0,descriptive_equal_weight_mother_world_means
horizon450,0.25,E4,B1,response_completion_L,200,200,1.0,descriptive_equal_weight_mother_world_means
horizon450,0.25,E4,B1,scheduled_count,200,200,95.705,descriptive_equal_weight_mother_world_means
horizon450,0.25,E4,B1,targeting_error_execution,200,200,0.7483016409893033,descriptive_equal_weight_mother_world_means
horizon450,0.25,E4,B1,waiting_time,200,200,3.0,descriptive_equal_weight_mother_world_means
horizon450,0.25,E4,B2,execution_count,200,200,99.975,descriptive_equal_weight_mother_world_means
horizon450,0.25,E4,B2,execution_coverage,200,200,0.9997499999999999,descriptive_equal_weight_mother_world_means
horizon450,0.25,E4,B2,exposure_gap,200,200,0.002442854927779175,descriptive_equal_weight_mother_world_means
horizon450,0.25,E4,B2,final_preference_shift,200,200,0.06790343201406474,descriptive_equal_weight_mother_world_means
horizon450,0.25,E4,B2,final_trust_mean,200,200,0.6438850713110336,descriptive_equal_weight_mother_world_means
horizon450,0.25,E4,B2,has_response,200,200,1.0,descriptive_equal_weight_mother_world_means
horizon450,0.25,E4,B2,max_pending,200,200,3.0,descriptive_equal_weight_mother_world_means
horizon450,0.25,E4,B2,pending_count,200,200,1.0,descriptive_equal_weight_mother_world_means
horizon450,0.25,E4,B2,perception_data_coverage,200,200,1.0,descriptive_equal_weight_mother_world_means
horizon450,0.25,E4,B2,platform_signal_coverage,200,200,1.0,descriptive_equal_weight_mother_world_means
horizon450,0.25,E4,B2,response_completion_L,200,200,1.0,descriptive_equal_weight_mother_world_means
horizon450,0.25,E4,B2,scheduled_count,200,200,99.975,descriptive_equal_weight_mother_world_means
horizon450,0.25,E4,B2,targeting_error_execution,200,200,0.7440474264821647,descriptive_equal_weight_mother_world_means
horizon450,0.25,E4,B2,waiting_time,200,200,1.0,descriptive_equal_weight_mother_world_means
horizon450,0.25,E4,B4,execution_count,200,200,58.85,descriptive_equal_weight_mother_world_means
horizon450,0.25,E4,B4,execution_coverage,200,200,0.5885,descriptive_equal_weight_mother_world_means
horizon450,0.25,E4,B4,exposure_gap,200,200,6.748802202077481e-07,descriptive_equal_weight_mother_world_means
horizon450,0.25,E4,B4,final_preference_shift,200,200,0.06785344433836951,descriptive_equal_weight_mother_world_means
horizon450,0.25,E4,B4,final_trust_mean,200,200,0.6383711485192882,descriptive_equal_weight_mother_world_means
horizon450,0.25,E4,B4,has_response,200,200,1.0,descriptive_equal_weight_mother_world_means
horizon450,0.25,E4,B4,max_pending,200,200,3.0,descriptive_equal_weight_mother_world_means
horizon450,0.25,E4,B4,pending_count,200,200,1.785,descriptive_equal_weight_mother_world_means
horizon450,0.25,E4,B4,perception_data_coverage,200,200,1.0,descriptive_equal_weight_mother_world_means
horizon450,0.25,E4,B4,platform_signal_coverage,200,200,1.0,descriptive_equal_weight_mother_world_means
horizon450,0.25,E4,B4,response_completion_L,200,200,1.0,descriptive_equal_weight_mother_world_means
horizon450,0.25,E4,B4,scheduled_count,200,200,58.89,descriptive_equal_weight_mother_world_means
horizon450,0.25,E4,B4,targeting_error_execution,200,200,0.7394784990068248,descriptive_equal_weight_mother_world_means
horizon450,0.25,E4,B4,waiting_time,200,200,3.0,descriptive_equal_weight_mother_world_means
horizon450,0.75,E2,I00,execution_count,200,200,72.64,descriptive_equal_weight_mother_world_means
horizon450,0.75,E2,I00,execution_coverage,200,200,0.7264,descriptive_equal_weight_mother_world_means
horizon450,0.75,E2,I00,exposure_gap,200,200,0.19459870477878535,descriptive_equal_weight_mother_world_means
horizon450,0.75,E2,I00,final_preference_shift,200,200,0.7132000139087357,descriptive_equal_weight_mother_world_means
horizon450,0.75,E2,I00,final_trust_mean,200,200,0.6128177856994015,descriptive_equal_weight_mother_world_means
horizon450,0.75,E2,I00,has_response,200,200,1.0,descriptive_equal_weight_mother_world_means
horizon450,0.75,E2,I00,max_pending,200,200,3.0,descriptive_equal_weight_mother_world_means
horizon450,0.75,E2,I00,pending_count,200,200,2.115,descriptive_equal_weight_mother_world_means
horizon450,0.75,E2,I00,perception_data_coverage,200,200,1.0,descriptive_equal_weight_mother_world_means
horizon450,0.75,E2,I00,platform_signal_coverage,200,200,1.0,descriptive_equal_weight_mother_world_means
horizon450,0.75,E2,I00,response_completion_L,200,200,1.0,descriptive_equal_weight_mother_world_means
horizon450,0.75,E2,I00,scheduled_count,200,200,72.56,descriptive_equal_weight_mother_world_means
horizon450,0.75,E2,I00,targeting_error_execution,200,200,0.6614030005408762,descriptive_equal_weight_mother_world_means
horizon450,0.75,E2,I00,waiting_time,200,200,3.0,descriptive_equal_weight_mother_world_means
horizon450,0.75,E2,I01,execution_count,200,200,99.075,descriptive_equal_weight_mother_world_means
horizon450,0.75,E2,I01,execution_coverage,200,200,0.99075,descriptive_equal_weight_mother_world_means
horizon450,0.75,E2,I01,exposure_gap,200,200,0.18365932539098065,descriptive_equal_weight_mother_world_means
horizon450,0.75,E2,I01,final_preference_shift,200,200,0.7126913157888259,descriptive_equal_weight_mother_world_means
horizon450,0.75,E2,I01,final_trust_mean,200,200,0.6135321169210773,descriptive_equal_weight_mother_world_means
horizon450,0.75,E2,I01,has_response,200,200,1.0,descriptive_equal_weight_mother_world_means
horizon450,0.75,E2,I01,max_pending,200,200,3.0,descriptive_equal_weight_mother_world_means
horizon450,0.75,E2,I01,pending_count,200,200,3.0,descriptive_equal_weight_mother_world_means
horizon450,0.75,E2,I01,perception_data_coverage,200,200,1.0,descriptive_equal_weight_mother_world_means
horizon450,0.75,E2,I01,platform_signal_coverage,200,200,1.0,descriptive_equal_weight_mother_world_means
horizon450,0.75,E2,I01,response_completion_L,200,200,1.0,descriptive_equal_weight_mother_world_means
horizon450,0.75,E2,I01,scheduled_count,200,200,99.075,descriptive_equal_weight_mother_world_means
horizon450,0.75,E2,I01,targeting_error_execution,200,200,0.7490230856553297,descriptive_equal_weight_mother_world_means
horizon450,0.75,E2,I01,waiting_time,200,200,3.0,descriptive_equal_weight_mother_world_means
horizon450,0.75,E2,I10,execution_count,200,200,28.49,descriptive_equal_weight_mother_world_means
horizon450,0.75,E2,I10,execution_coverage,200,200,0.2849,descriptive_equal_weight_mother_world_means
horizon450,0.75,E2,I10,exposure_gap,200,200,0.17835154724781138,descriptive_equal_weight_mother_world_means
horizon450,0.75,E2,I10,final_preference_shift,200,200,0.7190254511875876,descriptive_equal_weight_mother_world_means
horizon450,0.75,E2,I10,final_trust_mean,200,200,0.6089850985482257,descriptive_equal_weight_mother_world_means
horizon450,0.75,E2,I10,has_response,200,200,1.0,descriptive_equal_weight_mother_world_means
horizon450,0.75,E2,I10,max_pending,200,200,3.0,descriptive_equal_weight_mother_world_means
horizon450,0.75,E2,I10,pending_count,200,200,0.815,descriptive_equal_weight_mother_world_means
horizon450,0.75,E2,I10,perception_data_coverage,200,200,1.0,descriptive_equal_weight_mother_world_means
horizon450,0.75,E2,I10,platform_signal_coverage,200,200,1.0,descriptive_equal_weight_mother_world_means
horizon450,0.75,E2,I10,response_completion_L,200,200,1.0,descriptive_equal_weight_mother_world_means
horizon450,0.75,E2,I10,scheduled_count,200,200,28.5,descriptive_equal_weight_mother_world_means
horizon450,0.75,E2,I10,targeting_error_execution,200,200,0.09583316822486297,descriptive_equal_weight_mother_world_means
horizon450,0.75,E2,I10,waiting_time,200,200,3.0,descriptive_equal_weight_mother_world_means
horizon450,0.75,E2,I11,execution_count,200,200,27.135,descriptive_equal_weight_mother_world_means
horizon450,0.75,E2,I11,execution_coverage,200,200,0.27135000000000004,descriptive_equal_weight_mother_world_means
horizon450,0.75,E2,I11,exposure_gap,200,200,0.17850131699495123,descriptive_equal_weight_mother_world_means
horizon450,0.75,E2,I11,final_preference_shift,200,200,0.713574089694115,descriptive_equal_weight_mother_world_means
horizon450,0.75,E2,I11,final_trust_mean,200,200,0.6091305520163902,descriptive_equal_weight_mother_world_means
horizon450,0.75,E2,I11,has_response,200,200,1.0,descriptive_equal_weight_mother_world_means
horizon450,0.75,E2,I11,max_pending,200,200,3.0,descriptive_equal_weight_mother_world_means
horizon450,0.75,E2,I11,pending_count,200,200,0.845,descriptive_equal_weight_mother_world_means
horizon450,0.75,E2,I11,perception_data_coverage,200,200,1.0,descriptive_equal_weight_mother_world_means
horizon450,0.75,E2,I11,platform_signal_coverage,200,200,1.0,descriptive_equal_weight_mother_world_means
horizon450,0.75,E2,I11,response_completion_L,200,200,1.0,descriptive_equal_weight_mother_world_means
horizon450,0.75,E2,I11,scheduled_count,200,200,27.12,descriptive_equal_weight_mother_world_means
horizon450,0.75,E2,I11,targeting_error_execution,200,200,0.06434957700296767,descriptive_equal_weight_mother_world_means
horizon450,0.75,E2,I11,waiting_time,200,200,3.0,descriptive_equal_weight_mother_world_means
horizon450,0.75,E3_closed,baseline,execution_count,200,200,72.64,descriptive_equal_weight_mother_world_means
horizon450,0.75,E3_closed,baseline,execution_coverage,200,200,0.7264,descriptive_equal_weight_mother_world_means
horizon450,0.75,E3_closed,baseline,exposure_gap,200,200,0.19459870477878535,descriptive_equal_weight_mother_world_means
horizon450,0.75,E3_closed,baseline,final_preference_shift,200,200,0.7132000139087357,descriptive_equal_weight_mother_world_means
horizon450,0.75,E3_closed,baseline,final_trust_mean,200,200,0.6128177856994015,descriptive_equal_weight_mother_world_means
horizon450,0.75,E3_closed,baseline,has_response,200,200,1.0,descriptive_equal_weight_mother_world_means
horizon450,0.75,E3_closed,baseline,max_pending,200,200,3.0,descriptive_equal_weight_mother_world_means
horizon450,0.75,E3_closed,baseline,pending_count,200,200,2.115,descriptive_equal_weight_mother_world_means
horizon450,0.75,E3_closed,baseline,perception_data_coverage,200,200,1.0,descriptive_equal_weight_mother_world_means
horizon450,0.75,E3_closed,baseline,platform_signal_coverage,200,200,1.0,descriptive_equal_weight_mother_world_means
horizon450,0.75,E3_closed,baseline,response_completion_L,200,200,1.0,descriptive_equal_weight_mother_world_means
horizon450,0.75,E3_closed,baseline,scheduled_count,200,200,72.56,descriptive_equal_weight_mother_world_means
horizon450,0.75,E3_closed,baseline,targeting_error_execution,200,200,0.6614030005408762,descriptive_equal_weight_mother_world_means
horizon450,0.75,E3_closed,baseline,waiting_time,200,200,3.0,descriptive_equal_weight_mother_world_means
horizon450,0.75,E3_closed,delay0,execution_count,200,200,100.0,descriptive_equal_weight_mother_world_means
horizon450,0.75,E3_closed,delay0,execution_coverage,200,200,1.0,descriptive_equal_weight_mother_world_means
horizon450,0.75,E3_closed,delay0,exposure_gap,200,200,0.0722805630124564,descriptive_equal_weight_mother_world_means
horizon450,0.75,E3_closed,delay0,final_preference_shift,200,200,0.7403853500835226,descriptive_equal_weight_mother_world_means
horizon450,0.75,E3_closed,delay0,final_trust_mean,200,200,0.623068776296848,descriptive_equal_weight_mother_world_means
horizon450,0.75,E3_closed,delay0,has_response,200,200,1.0,descriptive_equal_weight_mother_world_means
horizon450,0.75,E3_closed,delay0,max_pending,200,200,0.0,descriptive_equal_weight_mother_world_means
horizon450,0.75,E3_closed,delay0,pending_count,200,200,0.0,descriptive_equal_weight_mother_world_means
horizon450,0.75,E3_closed,delay0,perception_data_coverage,200,200,1.0,descriptive_equal_weight_mother_world_means
horizon450,0.75,E3_closed,delay0,platform_signal_coverage,200,200,1.0,descriptive_equal_weight_mother_world_means
horizon450,0.75,E3_closed,delay0,response_completion_L,200,200,1.0,descriptive_equal_weight_mother_world_means
horizon450,0.75,E3_closed,delay0,scheduled_count,200,200,100.0,descriptive_equal_weight_mother_world_means
horizon450,0.75,E3_closed,delay0,targeting_error_execution,200,200,0.10073108670136019,descriptive_equal_weight_mother_world_means
horizon450,0.75,E3_closed,delay0,waiting_time,200,200,0.0,descriptive_equal_weight_mother_world_means
horizon450,0.75,E3_replay,delay0,execution_count,200,200,72.56,descriptive_equal_weight_mother_world_means
horizon450,0.75,E3_replay,delay0,execution_coverage,200,200,0.7256,descriptive_equal_weight_mother_world_means
horizon450,0.75,E3_replay,delay0,exposure_gap,200,200,0.20128723642124002,descriptive_equal_weight_mother_world_means
horizon450,0.75,E3_replay,delay0,final_preference_shift,200,200,0.7137612370021347,descriptive_equal_weight_mother_world_means
horizon450,0.75,E3_replay,delay0,final_trust_mean,200,200,0.6123649810857761,descriptive_equal_weight_mother_world_means
horizon450,0.75,E3_replay,delay0,has_response,200,200,1.0,descriptive_equal_weight_mother_world_means
horizon450,0.75,E3_replay,delay0,max_pending,200,200,0.0,descriptive_equal_weight_mother_world_means
horizon450,0.75,E3_replay,delay0,pending_count,200,200,0.0,descriptive_equal_weight_mother_world_means
horizon450,0.75,E3_replay,delay0,perception_data_coverage,200,200,1.0,descriptive_equal_weight_mother_world_means
horizon450,0.75,E3_replay,delay0,platform_signal_coverage,200,200,1.0,descriptive_equal_weight_mother_world_means
horizon450,0.75,E3_replay,delay0,response_completion_L,200,200,1.0,descriptive_equal_weight_mother_world_means
horizon450,0.75,E3_replay,delay0,scheduled_count,200,200,72.56,descriptive_equal_weight_mother_world_means
horizon450,0.75,E3_replay,delay0,targeting_error_execution,200,200,0.6909909436389351,descriptive_equal_weight_mother_world_means
horizon450,0.75,E3_replay,delay0,waiting_time,200,200,0.0,descriptive_equal_weight_mother_world_means
horizon450,0.75,E3_replay,delay3,execution_count,200,200,72.64,descriptive_equal_weight_mother_world_means
horizon450,0.75,E3_replay,delay3,execution_coverage,200,200,0.7264,descriptive_equal_weight_mother_world_means
horizon450,0.75,E3_replay,delay3,exposure_gap,200,200,0.1915296676141666,descriptive_equal_weight_mother_world_means
horizon450,0.75,E3_replay,delay3,final_preference_shift,200,200,0.7175019458655345,descriptive_equal_weight_mother_world_means
horizon450,0.75,E3_replay,delay3,final_trust_mean,200,200,0.6088839308272737,descriptive_equal_weight_mother_world_means
horizon450,0.75,E3_replay,delay3,has_response,200,200,1.0,descriptive_equal_weight_mother_world_means
horizon450,0.75,E3_replay,delay3,max_pending,200,200,3.0,descriptive_equal_weight_mother_world_means
horizon450,0.75,E3_replay,delay3,pending_count,200,200,2.115,descriptive_equal_weight_mother_world_means
horizon450,0.75,E3_replay,delay3,perception_data_coverage,200,200,1.0,descriptive_equal_weight_mother_world_means
horizon450,0.75,E3_replay,delay3,platform_signal_coverage,200,200,1.0,descriptive_equal_weight_mother_world_means
horizon450,0.75,E3_replay,delay3,response_completion_L,200,200,1.0,descriptive_equal_weight_mother_world_means
horizon450,0.75,E3_replay,delay3,scheduled_count,200,200,72.56,descriptive_equal_weight_mother_world_means
horizon450,0.75,E3_replay,delay3,targeting_error_execution,200,200,0.6755371450702087,descriptive_equal_weight_mother_world_means
horizon450,0.75,E3_replay,delay3,waiting_time,200,200,3.0,descriptive_equal_weight_mother_world_means
horizon450,0.75,E4,B0,execution_count,200,200,72.64,descriptive_equal_weight_mother_world_means
horizon450,0.75,E4,B0,execution_coverage,200,200,0.7264,descriptive_equal_weight_mother_world_means
horizon450,0.75,E4,B0,exposure_gap,200,200,0.19459870477878535,descriptive_equal_weight_mother_world_means
horizon450,0.75,E4,B0,final_preference_shift,200,200,0.7132000139087357,descriptive_equal_weight_mother_world_means
horizon450,0.75,E4,B0,final_trust_mean,200,200,0.6128177856994015,descriptive_equal_weight_mother_world_means
horizon450,0.75,E4,B0,has_response,200,200,1.0,descriptive_equal_weight_mother_world_means
horizon450,0.75,E4,B0,max_pending,200,200,3.0,descriptive_equal_weight_mother_world_means
horizon450,0.75,E4,B0,pending_count,200,200,2.115,descriptive_equal_weight_mother_world_means
horizon450,0.75,E4,B0,perception_data_coverage,200,200,1.0,descriptive_equal_weight_mother_world_means
horizon450,0.75,E4,B0,platform_signal_coverage,200,200,1.0,descriptive_equal_weight_mother_world_means
horizon450,0.75,E4,B0,response_completion_L,200,200,1.0,descriptive_equal_weight_mother_world_means
horizon450,0.75,E4,B0,scheduled_count,200,200,72.56,descriptive_equal_weight_mother_world_means
horizon450,0.75,E4,B0,targeting_error_execution,200,200,0.6614030005408762,descriptive_equal_weight_mother_world_means
horizon450,0.75,E4,B0,waiting_time,200,200,3.0,descriptive_equal_weight_mother_world_means
horizon450,0.75,E4,B1,execution_count,200,200,28.775,descriptive_equal_weight_mother_world_means
horizon450,0.75,E4,B1,execution_coverage,200,200,0.28775,descriptive_equal_weight_mother_world_means
horizon450,0.75,E4,B1,exposure_gap,200,200,0.18432411194355322,descriptive_equal_weight_mother_world_means
horizon450,0.75,E4,B1,final_preference_shift,200,200,0.719108638567413,descriptive_equal_weight_mother_world_means
horizon450,0.75,E4,B1,final_trust_mean,200,200,0.6108624363529638,descriptive_equal_weight_mother_world_means
horizon450,0.75,E4,B1,has_response,200,200,1.0,descriptive_equal_weight_mother_world_means
horizon450,0.75,E4,B1,max_pending,200,200,3.0,descriptive_equal_weight_mother_world_means
horizon450,0.75,E4,B1,pending_count,200,200,0.825,descriptive_equal_weight_mother_world_means
horizon450,0.75,E4,B1,perception_data_coverage,200,200,1.0,descriptive_equal_weight_mother_world_means
horizon450,0.75,E4,B1,platform_signal_coverage,200,200,1.0,descriptive_equal_weight_mother_world_means
horizon450,0.75,E4,B1,response_completion_L,200,200,1.0,descriptive_equal_weight_mother_world_means
horizon450,0.75,E4,B1,scheduled_count,200,200,28.745,descriptive_equal_weight_mother_world_means
horizon450,0.75,E4,B1,targeting_error_execution,200,200,0.1025536579723752,descriptive_equal_weight_mother_world_means
horizon450,0.75,E4,B1,waiting_time,200,200,3.0,descriptive_equal_weight_mother_world_means
horizon450,0.75,E4,B2,execution_count,200,200,99.705,descriptive_equal_weight_mother_world_means
horizon450,0.75,E4,B2,execution_coverage,200,200,0.99705,descriptive_equal_weight_mother_world_means
horizon450,0.75,E4,B2,exposure_gap,200,200,0.13310234047039954,descriptive_equal_weight_mother_world_means
horizon450,0.75,E4,B2,final_preference_shift,200,200,0.7338925629987619,descriptive_equal_weight_mother_world_means
horizon450,0.75,E4,B2,final_trust_mean,200,200,0.6133340402633545,descriptive_equal_weight_mother_world_means
horizon450,0.75,E4,B2,has_response,200,200,1.0,descriptive_equal_weight_mother_world_means
horizon450,0.75,E4,B2,max_pending,200,200,3.0,descriptive_equal_weight_mother_world_means
horizon450,0.75,E4,B2,pending_count,200,200,0.995,descriptive_equal_weight_mother_world_means
horizon450,0.75,E4,B2,perception_data_coverage,200,200,1.0,descriptive_equal_weight_mother_world_means
horizon450,0.75,E4,B2,platform_signal_coverage,200,200,1.0,descriptive_equal_weight_mother_world_means
horizon450,0.75,E4,B2,response_completion_L,200,200,1.0,descriptive_equal_weight_mother_world_means
horizon450,0.75,E4,B2,scheduled_count,200,200,99.7,descriptive_equal_weight_mother_world_means
horizon450,0.75,E4,B2,targeting_error_execution,200,200,0.5443496579133881,descriptive_equal_weight_mother_world_means
horizon450,0.75,E4,B2,waiting_time,200,200,1.0,descriptive_equal_weight_mother_world_means
horizon450,0.75,E4,B4,execution_count,200,200,70.605,descriptive_equal_weight_mother_world_means
horizon450,0.75,E4,B4,execution_coverage,200,200,0.7060500000000001,descriptive_equal_weight_mother_world_means
horizon450,0.75,E4,B4,exposure_gap,200,200,6.003940889430438e-05,descriptive_equal_weight_mother_world_means
horizon450,0.75,E4,B4,final_preference_shift,200,200,0.7073367188511805,descriptive_equal_weight_mother_world_means
horizon450,0.75,E4,B4,final_trust_mean,200,200,0.6044190164238866,descriptive_equal_weight_mother_world_means
horizon450,0.75,E4,B4,has_response,200,200,1.0,descriptive_equal_weight_mother_world_means
horizon450,0.75,E4,B4,max_pending,200,200,3.0,descriptive_equal_weight_mother_world_means
horizon450,0.75,E4,B4,pending_count,200,200,2.175,descriptive_equal_weight_mother_world_means
horizon450,0.75,E4,B4,perception_data_coverage,200,200,1.0,descriptive_equal_weight_mother_world_means
horizon450,0.75,E4,B4,platform_signal_coverage,200,200,1.0,descriptive_equal_weight_mother_world_means
horizon450,0.75,E4,B4,response_completion_L,200,200,1.0,descriptive_equal_weight_mother_world_means
horizon450,0.75,E4,B4,scheduled_count,200,200,70.68,descriptive_equal_weight_mother_world_means
horizon450,0.75,E4,B4,targeting_error_execution,200,200,0.6497408846945758,descriptive_equal_weight_mother_world_means
horizon450,0.75,E4,B4,waiting_time,200,200,3.0,descriptive_equal_weight_mother_world_means
no_drift,0.25,E2,I00,execution_count,200,200,98.29,descriptive_equal_weight_mother_world_means
no_drift,0.25,E2,I00,execution_coverage,200,200,0.9828999999999999,descriptive_equal_weight_mother_world_means
no_drift,0.25,E2,I00,exposure_gap,200,200,0.0608557783663439,descriptive_equal_weight_mother_world_means
no_drift,0.25,E2,I00,final_preference_shift,200,200,0.0,descriptive_equal_weight_mother_world_means
no_drift,0.25,E2,I00,final_trust_mean,200,200,0.6461960421375109,descriptive_equal_weight_mother_world_means
no_drift,0.25,E2,I00,has_response,200,200,1.0,descriptive_equal_weight_mother_world_means
no_drift,0.25,E2,I00,max_pending,200,200,3.0,descriptive_equal_weight_mother_world_means
no_drift,0.25,E2,I00,pending_count,200,200,2.96,descriptive_equal_weight_mother_world_means
no_drift,0.25,E2,I00,perception_data_coverage,200,200,1.0,descriptive_equal_weight_mother_world_means
no_drift,0.25,E2,I00,platform_signal_coverage,200,200,1.0,descriptive_equal_weight_mother_world_means
no_drift,0.25,E2,I00,response_completion_L,200,200,1.0,descriptive_equal_weight_mother_world_means
no_drift,0.25,E2,I00,scheduled_count,200,200,98.305,descriptive_equal_weight_mother_world_means
no_drift,0.25,E2,I00,targeting_error_execution,200,200,0.749941008364218,descriptive_equal_weight_mother_world_means
no_drift,0.25,E2,I00,waiting_time,200,200,3.0,descriptive_equal_weight_mother_world_means
no_drift,0.25,E2,I01,execution_count,200,200,99.72,descriptive_equal_weight_mother_world_means
no_drift,0.25,E2,I01,execution_coverage,200,200,0.9972,descriptive_equal_weight_mother_world_means
no_drift,0.25,E2,I01,exposure_gap,200,200,0.06098951190489931,descriptive_equal_weight_mother_world_means
no_drift,0.25,E2,I01,final_preference_shift,200,200,0.0,descriptive_equal_weight_mother_world_means
no_drift,0.25,E2,I01,final_trust_mean,200,200,0.6470457166439106,descriptive_equal_weight_mother_world_means
no_drift,0.25,E2,I01,has_response,200,200,1.0,descriptive_equal_weight_mother_world_means
no_drift,0.25,E2,I01,max_pending,200,200,3.0,descriptive_equal_weight_mother_world_means
no_drift,0.25,E2,I01,pending_count,200,200,3.0,descriptive_equal_weight_mother_world_means
no_drift,0.25,E2,I01,perception_data_coverage,200,200,1.0,descriptive_equal_weight_mother_world_means
no_drift,0.25,E2,I01,platform_signal_coverage,200,200,1.0,descriptive_equal_weight_mother_world_means
no_drift,0.25,E2,I01,response_completion_L,200,200,1.0,descriptive_equal_weight_mother_world_means
no_drift,0.25,E2,I01,scheduled_count,200,200,99.72,descriptive_equal_weight_mother_world_means
no_drift,0.25,E2,I01,targeting_error_execution,200,200,0.7499633935818268,descriptive_equal_weight_mother_world_means
no_drift,0.25,E2,I01,waiting_time,200,200,3.0,descriptive_equal_weight_mother_world_means
no_drift,0.25,E2,I10,execution_count,200,200,99.94,descriptive_equal_weight_mother_world_means
no_drift,0.25,E2,I10,execution_coverage,200,200,0.9994,descriptive_equal_weight_mother_world_means
no_drift,0.25,E2,I10,exposure_gap,200,200,0.06128928904042118,descriptive_equal_weight_mother_world_means
no_drift,0.25,E2,I10,final_preference_shift,200,200,0.0,descriptive_equal_weight_mother_world_means
no_drift,0.25,E2,I10,final_trust_mean,200,200,0.6472622097523635,descriptive_equal_weight_mother_world_means
no_drift,0.25,E2,I10,has_response,200,200,1.0,descriptive_equal_weight_mother_world_means
no_drift,0.25,E2,I10,max_pending,200,200,3.0,descriptive_equal_weight_mother_world_means
no_drift,0.25,E2,I10,pending_count,200,200,2.995,descriptive_equal_weight_mother_world_means
no_drift,0.25,E2,I10,perception_data_coverage,200,200,1.0,descriptive_equal_weight_mother_world_means
no_drift,0.25,E2,I10,platform_signal_coverage,200,200,1.0,descriptive_equal_weight_mother_world_means
no_drift,0.25,E2,I10,response_completion_L,200,200,1.0,descriptive_equal_weight_mother_world_means
no_drift,0.25,E2,I10,scheduled_count,200,200,99.935,descriptive_equal_weight_mother_world_means
no_drift,0.25,E2,I10,targeting_error_execution,200,200,0.7499973245773205,descriptive_equal_weight_mother_world_means
no_drift,0.25,E2,I10,waiting_time,200,200,3.0,descriptive_equal_weight_mother_world_means
no_drift,0.25,E2,I11,execution_count,200,200,99.96,descriptive_equal_weight_mother_world_means
no_drift,0.25,E2,I11,execution_coverage,200,200,0.9995999999999999,descriptive_equal_weight_mother_world_means
no_drift,0.25,E2,I11,exposure_gap,200,200,0.061250600513486644,descriptive_equal_weight_mother_world_means
no_drift,0.25,E2,I11,final_preference_shift,200,200,0.0,descriptive_equal_weight_mother_world_means
no_drift,0.25,E2,I11,final_trust_mean,200,200,0.6471769353847243,descriptive_equal_weight_mother_world_means
no_drift,0.25,E2,I11,has_response,200,200,1.0,descriptive_equal_weight_mother_world_means
no_drift,0.25,E2,I11,max_pending,200,200,3.0,descriptive_equal_weight_mother_world_means
no_drift,0.25,E2,I11,pending_count,200,200,3.0,descriptive_equal_weight_mother_world_means
no_drift,0.25,E2,I11,perception_data_coverage,200,200,1.0,descriptive_equal_weight_mother_world_means
no_drift,0.25,E2,I11,platform_signal_coverage,200,200,1.0,descriptive_equal_weight_mother_world_means
no_drift,0.25,E2,I11,response_completion_L,200,200,1.0,descriptive_equal_weight_mother_world_means
no_drift,0.25,E2,I11,scheduled_count,200,200,99.96,descriptive_equal_weight_mother_world_means
no_drift,0.25,E2,I11,targeting_error_execution,200,200,0.7499988383187933,descriptive_equal_weight_mother_world_means
no_drift,0.25,E2,I11,waiting_time,200,200,3.0,descriptive_equal_weight_mother_world_means
no_drift,0.25,E3_closed,baseline,execution_count,200,200,98.29,descriptive_equal_weight_mother_world_means
no_drift,0.25,E3_closed,baseline,execution_coverage,200,200,0.9828999999999999,descriptive_equal_weight_mother_world_means
no_drift,0.25,E3_closed,baseline,exposure_gap,200,200,0.0608557783663439,descriptive_equal_weight_mother_world_means
no_drift,0.25,E3_closed,baseline,final_preference_shift,200,200,0.0,descriptive_equal_weight_mother_world_means
no_drift,0.25,E3_closed,baseline,final_trust_mean,200,200,0.6461960421375109,descriptive_equal_weight_mother_world_means
no_drift,0.25,E3_closed,baseline,has_response,200,200,1.0,descriptive_equal_weight_mother_world_means
no_drift,0.25,E3_closed,baseline,max_pending,200,200,3.0,descriptive_equal_weight_mother_world_means
no_drift,0.25,E3_closed,baseline,pending_count,200,200,2.96,descriptive_equal_weight_mother_world_means
no_drift,0.25,E3_closed,baseline,perception_data_coverage,200,200,1.0,descriptive_equal_weight_mother_world_means
no_drift,0.25,E3_closed,baseline,platform_signal_coverage,200,200,1.0,descriptive_equal_weight_mother_world_means
no_drift,0.25,E3_closed,baseline,response_completion_L,200,200,1.0,descriptive_equal_weight_mother_world_means
no_drift,0.25,E3_closed,baseline,scheduled_count,200,200,98.305,descriptive_equal_weight_mother_world_means
no_drift,0.25,E3_closed,baseline,targeting_error_execution,200,200,0.749941008364218,descriptive_equal_weight_mother_world_means
no_drift,0.25,E3_closed,baseline,waiting_time,200,200,3.0,descriptive_equal_weight_mother_world_means
no_drift,0.25,E3_closed,delay0,execution_count,200,200,100.0,descriptive_equal_weight_mother_world_means
no_drift,0.25,E3_closed,delay0,execution_coverage,200,200,1.0,descriptive_equal_weight_mother_world_means
no_drift,0.25,E3_closed,delay0,exposure_gap,200,200,0.06275853748464123,descriptive_equal_weight_mother_world_means
no_drift,0.25,E3_closed,delay0,final_preference_shift,200,200,0.0,descriptive_equal_weight_mother_world_means
no_drift,0.25,E3_closed,delay0,final_trust_mean,200,200,0.6461343997823312,descriptive_equal_weight_mother_world_means
no_drift,0.25,E3_closed,delay0,has_response,200,200,1.0,descriptive_equal_weight_mother_world_means
no_drift,0.25,E3_closed,delay0,max_pending,200,200,0.0,descriptive_equal_weight_mother_world_means
no_drift,0.25,E3_closed,delay0,pending_count,200,200,0.0,descriptive_equal_weight_mother_world_means
no_drift,0.25,E3_closed,delay0,perception_data_coverage,200,200,1.0,descriptive_equal_weight_mother_world_means
no_drift,0.25,E3_closed,delay0,platform_signal_coverage,200,200,1.0,descriptive_equal_weight_mother_world_means
no_drift,0.25,E3_closed,delay0,response_completion_L,200,200,1.0,descriptive_equal_weight_mother_world_means
no_drift,0.25,E3_closed,delay0,scheduled_count,200,200,100.0,descriptive_equal_weight_mother_world_means
no_drift,0.25,E3_closed,delay0,targeting_error_execution,200,200,0.7459909328388228,descriptive_equal_weight_mother_world_means
no_drift,0.25,E3_closed,delay0,waiting_time,200,200,0.0,descriptive_equal_weight_mother_world_means
no_drift,0.25,E3_replay,delay0,execution_count,200,200,98.305,descriptive_equal_weight_mother_world_means
no_drift,0.25,E3_replay,delay0,execution_coverage,200,200,0.98305,descriptive_equal_weight_mother_world_means
no_drift,0.25,E3_replay,delay0,exposure_gap,200,200,0.06108028882162109,descriptive_equal_weight_mother_world_means
no_drift,0.25,E3_replay,delay0,final_preference_shift,200,200,0.0,descriptive_equal_weight_mother_world_means
no_drift,0.25,E3_replay,delay0,final_trust_mean,200,200,0.6456838157350911,descriptive_equal_weight_mother_world_means
no_drift,0.25,E3_replay,delay0,has_response,200,200,1.0,descriptive_equal_weight_mother_world_means
no_drift,0.25,E3_replay,delay0,max_pending,200,200,0.0,descriptive_equal_weight_mother_world_means
no_drift,0.25,E3_replay,delay0,pending_count,200,200,0.0,descriptive_equal_weight_mother_world_means
no_drift,0.25,E3_replay,delay0,perception_data_coverage,200,200,1.0,descriptive_equal_weight_mother_world_means
no_drift,0.25,E3_replay,delay0,platform_signal_coverage,200,200,1.0,descriptive_equal_weight_mother_world_means
no_drift,0.25,E3_replay,delay0,response_completion_L,200,200,1.0,descriptive_equal_weight_mother_world_means
no_drift,0.25,E3_replay,delay0,scheduled_count,200,200,98.305,descriptive_equal_weight_mother_world_means
no_drift,0.25,E3_replay,delay0,targeting_error_execution,200,200,0.7499307258169662,descriptive_equal_weight_mother_world_means
no_drift,0.25,E3_replay,delay0,waiting_time,200,200,0.0,descriptive_equal_weight_mother_world_means
no_drift,0.25,E3_replay,delay3,execution_count,200,200,98.29,descriptive_equal_weight_mother_world_means
no_drift,0.25,E3_replay,delay3,execution_coverage,200,200,0.9828999999999999,descriptive_equal_weight_mother_world_means
no_drift,0.25,E3_replay,delay3,exposure_gap,200,200,0.06114702557392533,descriptive_equal_weight_mother_world_means
no_drift,0.25,E3_replay,delay3,final_preference_shift,200,200,0.0,descriptive_equal_weight_mother_world_means
no_drift,0.25,E3_replay,delay3,final_trust_mean,200,200,0.6471242961729731,descriptive_equal_weight_mother_world_means
no_drift,0.25,E3_replay,delay3,has_response,200,200,1.0,descriptive_equal_weight_mother_world_means
no_drift,0.25,E3_replay,delay3,max_pending,200,200,3.0,descriptive_equal_weight_mother_world_means
no_drift,0.25,E3_replay,delay3,pending_count,200,200,2.96,descriptive_equal_weight_mother_world_means
no_drift,0.25,E3_replay,delay3,perception_data_coverage,200,200,1.0,descriptive_equal_weight_mother_world_means
no_drift,0.25,E3_replay,delay3,platform_signal_coverage,200,200,1.0,descriptive_equal_weight_mother_world_means
no_drift,0.25,E3_replay,delay3,response_completion_L,200,200,1.0,descriptive_equal_weight_mother_world_means
no_drift,0.25,E3_replay,delay3,scheduled_count,200,200,98.305,descriptive_equal_weight_mother_world_means
no_drift,0.25,E3_replay,delay3,targeting_error_execution,200,200,0.749941008364218,descriptive_equal_weight_mother_world_means
no_drift,0.25,E3_replay,delay3,waiting_time,200,200,3.0,descriptive_equal_weight_mother_world_means
no_drift,0.25,E4,B0,execution_count,200,200,98.29,descriptive_equal_weight_mother_world_means
no_drift,0.25,E4,B0,execution_coverage,200,200,0.9828999999999999,descriptive_equal_weight_mother_world_means
no_drift,0.25,E4,B0,exposure_gap,200,200,0.0608557783663439,descriptive_equal_weight_mother_world_means
no_drift,0.25,E4,B0,final_preference_shift,200,200,0.0,descriptive_equal_weight_mother_world_means
no_drift,0.25,E4,B0,final_trust_mean,200,200,0.6461960421375109,descriptive_equal_weight_mother_world_means
no_drift,0.25,E4,B0,has_response,200,200,1.0,descriptive_equal_weight_mother_world_means
no_drift,0.25,E4,B0,max_pending,200,200,3.0,descriptive_equal_weight_mother_world_means
no_drift,0.25,E4,B0,pending_count,200,200,2.96,descriptive_equal_weight_mother_world_means
no_drift,0.25,E4,B0,perception_data_coverage,200,200,1.0,descriptive_equal_weight_mother_world_means
no_drift,0.25,E4,B0,platform_signal_coverage,200,200,1.0,descriptive_equal_weight_mother_world_means
no_drift,0.25,E4,B0,response_completion_L,200,200,1.0,descriptive_equal_weight_mother_world_means
no_drift,0.25,E4,B0,scheduled_count,200,200,98.305,descriptive_equal_weight_mother_world_means
no_drift,0.25,E4,B0,targeting_error_execution,200,200,0.749941008364218,descriptive_equal_weight_mother_world_means
no_drift,0.25,E4,B0,waiting_time,200,200,3.0,descriptive_equal_weight_mother_world_means
no_drift,0.25,E4,B1,execution_count,200,200,99.935,descriptive_equal_weight_mother_world_means
no_drift,0.25,E4,B1,execution_coverage,200,200,0.9993500000000001,descriptive_equal_weight_mother_world_means
no_drift,0.25,E4,B1,exposure_gap,200,200,0.060697845326696115,descriptive_equal_weight_mother_world_means
no_drift,0.25,E4,B1,final_preference_shift,200,200,0.0,descriptive_equal_weight_mother_world_means
no_drift,0.25,E4,B1,final_trust_mean,200,200,0.6468465456819308,descriptive_equal_weight_mother_world_means
no_drift,0.25,E4,B1,has_response,200,200,1.0,descriptive_equal_weight_mother_world_means
no_drift,0.25,E4,B1,max_pending,200,200,3.0,descriptive_equal_weight_mother_world_means
no_drift,0.25,E4,B1,pending_count,200,200,3.0,descriptive_equal_weight_mother_world_means
no_drift,0.25,E4,B1,perception_data_coverage,200,200,1.0,descriptive_equal_weight_mother_world_means
no_drift,0.25,E4,B1,platform_signal_coverage,200,200,1.0,descriptive_equal_weight_mother_world_means
no_drift,0.25,E4,B1,response_completion_L,200,200,1.0,descriptive_equal_weight_mother_world_means
no_drift,0.25,E4,B1,scheduled_count,200,200,99.935,descriptive_equal_weight_mother_world_means
no_drift,0.25,E4,B1,targeting_error_execution,200,200,0.7499954041927335,descriptive_equal_weight_mother_world_means
no_drift,0.25,E4,B1,waiting_time,200,200,3.0,descriptive_equal_weight_mother_world_means
no_drift,0.25,E4,B2,execution_count,200,200,99.965,descriptive_equal_weight_mother_world_means
no_drift,0.25,E4,B2,execution_coverage,200,200,0.99965,descriptive_equal_weight_mother_world_means
no_drift,0.25,E4,B2,exposure_gap,200,200,0.060978081157401706,descriptive_equal_weight_mother_world_means
no_drift,0.25,E4,B2,final_preference_shift,200,200,0.0,descriptive_equal_weight_mother_world_means
no_drift,0.25,E4,B2,final_trust_mean,200,200,0.6470720333512269,descriptive_equal_weight_mother_world_means
no_drift,0.25,E4,B2,has_response,200,200,1.0,descriptive_equal_weight_mother_world_means
no_drift,0.25,E4,B2,max_pending,200,200,3.0,descriptive_equal_weight_mother_world_means
no_drift,0.25,E4,B2,pending_count,200,200,1.0,descriptive_equal_weight_mother_world_means
no_drift,0.25,E4,B2,perception_data_coverage,200,200,1.0,descriptive_equal_weight_mother_world_means
no_drift,0.25,E4,B2,platform_signal_coverage,200,200,1.0,descriptive_equal_weight_mother_world_means
no_drift,0.25,E4,B2,response_completion_L,200,200,1.0,descriptive_equal_weight_mother_world_means
no_drift,0.25,E4,B2,scheduled_count,200,200,99.965,descriptive_equal_weight_mother_world_means
no_drift,0.25,E4,B2,targeting_error_execution,200,200,0.7491085661050374,descriptive_equal_weight_mother_world_means
no_drift,0.25,E4,B2,waiting_time,200,200,1.0,descriptive_equal_weight_mother_world_means
no_drift,0.25,E4,B3,execution_count,200,200,98.4,descriptive_equal_weight_mother_world_means
no_drift,0.25,E4,B3,execution_coverage,200,200,0.8506,descriptive_equal_weight_mother_world_means
no_drift,0.25,E4,B3,exposure_gap,200,200,0.06068698685594254,descriptive_equal_weight_mother_world_means
no_drift,0.25,E4,B3,final_preference_shift,200,200,0.0,descriptive_equal_weight_mother_world_means
no_drift,0.25,E4,B3,final_trust_mean,200,200,0.6462181496267171,descriptive_equal_weight_mother_world_means
no_drift,0.25,E4,B3,has_response,200,200,1.0,descriptive_equal_weight_mother_world_means
no_drift,0.25,E4,B3,max_pending,200,200,3.595,descriptive_equal_weight_mother_world_means
no_drift,0.25,E4,B3,pending_count,200,200,3.03,descriptive_equal_weight_mother_world_means
no_drift,0.25,E4,B3,perception_data_coverage,200,200,1.0,descriptive_equal_weight_mother_world_means
no_drift,0.25,E4,B3,platform_signal_coverage,200,200,1.0,descriptive_equal_weight_mother_world_means
no_drift,0.25,E4,B3,response_completion_L,200,200,1.0,descriptive_equal_weight_mother_world_means
no_drift,0.25,E4,B3,scheduled_count,200,200,98.49,descriptive_equal_weight_mother_world_means
no_drift,0.25,E4,B3,targeting_error_execution,200,200,0.7030008410790972,descriptive_equal_weight_mother_world_means
no_drift,0.25,E4,B3,waiting_time,200,200,3.0,descriptive_equal_weight_mother_world_means
no_drift,0.25,E4,B4,execution_count,200,200,68.805,descriptive_equal_weight_mother_world_means
no_drift,0.25,E4,B4,execution_coverage,200,200,0.68805,descriptive_equal_weight_mother_world_means
no_drift,0.25,E4,B4,exposure_gap,200,200,0.04678282929659708,descriptive_equal_weight_mother_world_means
no_drift,0.25,E4,B4,final_preference_shift,200,200,0.0,descriptive_equal_weight_mother_world_means
no_drift,0.25,E4,B4,final_trust_mean,200,200,0.6427133503976978,descriptive_equal_weight_mother_world_means
no_drift,0.25,E4,B4,has_response,200,200,1.0,descriptive_equal_weight_mother_world_means
no_drift,0.25,E4,B4,max_pending,200,200,3.0,descriptive_equal_weight_mother_world_means
no_drift,0.25,E4,B4,pending_count,200,200,1.885,descriptive_equal_weight_mother_world_means
no_drift,0.25,E4,B4,perception_data_coverage,200,200,1.0,descriptive_equal_weight_mother_world_means
no_drift,0.25,E4,B4,platform_signal_coverage,200,200,1.0,descriptive_equal_weight_mother_world_means
no_drift,0.25,E4,B4,response_completion_L,200,200,1.0,descriptive_equal_weight_mother_world_means
no_drift,0.25,E4,B4,scheduled_count,200,200,68.37,descriptive_equal_weight_mother_world_means
no_drift,0.25,E4,B4,targeting_error_execution,200,200,0.7491619782468294,descriptive_equal_weight_mother_world_means
no_drift,0.25,E4,B4,waiting_time,200,200,3.0,descriptive_equal_weight_mother_world_means
no_drift,0.75,E2,I00,execution_count,200,200,83.085,descriptive_equal_weight_mother_world_means
no_drift,0.75,E2,I00,execution_coverage,200,200,0.83085,descriptive_equal_weight_mother_world_means
no_drift,0.75,E2,I00,exposure_gap,200,200,0.29969131266370835,descriptive_equal_weight_mother_world_means
no_drift,0.75,E2,I00,final_preference_shift,200,200,0.0,descriptive_equal_weight_mother_world_means
no_drift,0.75,E2,I00,final_trust_mean,200,200,0.6306344032892942,descriptive_equal_weight_mother_world_means
no_drift,0.75,E2,I00,has_response,200,200,1.0,descriptive_equal_weight_mother_world_means
no_drift,0.75,E2,I00,max_pending,200,200,3.0,descriptive_equal_weight_mother_world_means
no_drift,0.75,E2,I00,pending_count,200,200,2.46,descriptive_equal_weight_mother_world_means
no_drift,0.75,E2,I00,perception_data_coverage,200,200,1.0,descriptive_equal_weight_mother_world_means
no_drift,0.75,E2,I00,platform_signal_coverage,200,200,1.0,descriptive_equal_weight_mother_world_means
no_drift,0.75,E2,I00,response_completion_L,200,200,1.0,descriptive_equal_weight_mother_world_means
no_drift,0.75,E2,I00,scheduled_count,200,200,83.055,descriptive_equal_weight_mother_world_means
no_drift,0.75,E2,I00,targeting_error_execution,200,200,0.7497954349118423,descriptive_equal_weight_mother_world_means
no_drift,0.75,E2,I00,waiting_time,200,200,3.0,descriptive_equal_weight_mother_world_means
no_drift,0.75,E2,I01,execution_count,200,200,97.825,descriptive_equal_weight_mother_world_means
no_drift,0.75,E2,I01,execution_coverage,200,200,0.9782500000000001,descriptive_equal_weight_mother_world_means
no_drift,0.75,E2,I01,exposure_gap,200,200,0.30365144155225193,descriptive_equal_weight_mother_world_means
no_drift,0.75,E2,I01,final_preference_shift,200,200,0.0,descriptive_equal_weight_mother_world_means
no_drift,0.75,E2,I01,final_trust_mean,200,200,0.6322469492939562,descriptive_equal_weight_mother_world_means
no_drift,0.75,E2,I01,has_response,200,200,1.0,descriptive_equal_weight_mother_world_means
no_drift,0.75,E2,I01,max_pending,200,200,3.0,descriptive_equal_weight_mother_world_means
no_drift,0.75,E2,I01,pending_count,200,200,3.0,descriptive_equal_weight_mother_world_means
no_drift,0.75,E2,I01,perception_data_coverage,200,200,1.0,descriptive_equal_weight_mother_world_means
no_drift,0.75,E2,I01,platform_signal_coverage,200,200,1.0,descriptive_equal_weight_mother_world_means
no_drift,0.75,E2,I01,response_completion_L,200,200,1.0,descriptive_equal_weight_mother_world_means
no_drift,0.75,E2,I01,scheduled_count,200,200,97.825,descriptive_equal_weight_mother_world_means
no_drift,0.75,E2,I01,targeting_error_execution,200,200,0.7499921175567718,descriptive_equal_weight_mother_world_means
no_drift,0.75,E2,I01,waiting_time,200,200,3.0,descriptive_equal_weight_mother_world_means
no_drift,0.75,E2,I10,execution_count,200,200,99.395,descriptive_equal_weight_mother_world_means
no_drift,0.75,E2,I10,execution_coverage,200,200,0.99395,descriptive_equal_weight_mother_world_means
no_drift,0.75,E2,I10,exposure_gap,200,200,0.30584234128865045,descriptive_equal_weight_mother_world_means
no_drift,0.75,E2,I10,final_preference_shift,200,200,0.0,descriptive_equal_weight_mother_world_means
no_drift,0.75,E2,I10,final_trust_mean,200,200,0.6299974883767965,descriptive_equal_weight_mother_world_means
no_drift,0.75,E2,I10,has_response,200,200,1.0,descriptive_equal_weight_mother_world_means
no_drift,0.75,E2,I10,max_pending,200,200,3.0,descriptive_equal_weight_mother_world_means
no_drift,0.75,E2,I10,pending_count,200,200,2.995,descriptive_equal_weight_mother_world_means
no_drift,0.75,E2,I10,perception_data_coverage,200,200,1.0,descriptive_equal_weight_mother_world_means
no_drift,0.75,E2,I10,platform_signal_coverage,200,200,1.0,descriptive_equal_weight_mother_world_means
no_drift,0.75,E2,I10,response_completion_L,200,200,1.0,descriptive_equal_weight_mother_world_means
no_drift,0.75,E2,I10,scheduled_count,200,200,99.405,descriptive_equal_weight_mother_world_means
no_drift,0.75,E2,I10,targeting_error_execution,200,200,0.7499442201510119,descriptive_equal_weight_mother_world_means
no_drift,0.75,E2,I10,waiting_time,200,200,3.0,descriptive_equal_weight_mother_world_means
no_drift,0.75,E2,I11,execution_count,200,200,99.235,descriptive_equal_weight_mother_world_means
no_drift,0.75,E2,I11,execution_coverage,200,200,0.99235,descriptive_equal_weight_mother_world_means
no_drift,0.75,E2,I11,exposure_gap,200,200,0.30182697750676285,descriptive_equal_weight_mother_world_means
no_drift,0.75,E2,I11,final_preference_shift,200,200,0.0,descriptive_equal_weight_mother_world_means
no_drift,0.75,E2,I11,final_trust_mean,200,200,0.6305123611290306,descriptive_equal_weight_mother_world_means
no_drift,0.75,E2,I11,has_response,200,200,1.0,descriptive_equal_weight_mother_world_means
no_drift,0.75,E2,I11,max_pending,200,200,3.0,descriptive_equal_weight_mother_world_means
no_drift,0.75,E2,I11,pending_count,200,200,2.995,descriptive_equal_weight_mother_world_means
no_drift,0.75,E2,I11,perception_data_coverage,200,200,1.0,descriptive_equal_weight_mother_world_means
no_drift,0.75,E2,I11,platform_signal_coverage,200,200,1.0,descriptive_equal_weight_mother_world_means
no_drift,0.75,E2,I11,response_completion_L,200,200,1.0,descriptive_equal_weight_mother_world_means
no_drift,0.75,E2,I11,scheduled_count,200,200,99.255,descriptive_equal_weight_mother_world_means
no_drift,0.75,E2,I11,targeting_error_execution,200,200,0.7499310096861859,descriptive_equal_weight_mother_world_means
no_drift,0.75,E2,I11,waiting_time,200,200,3.0,descriptive_equal_weight_mother_world_means
no_drift,0.75,E3_closed,baseline,execution_count,200,200,83.085,descriptive_equal_weight_mother_world_means
no_drift,0.75,E3_closed,baseline,execution_coverage,200,200,0.83085,descriptive_equal_weight_mother_world_means
no_drift,0.75,E3_closed,baseline,exposure_gap,200,200,0.29969131266370835,descriptive_equal_weight_mother_world_means
no_drift,0.75,E3_closed,baseline,final_preference_shift,200,200,0.0,descriptive_equal_weight_mother_world_means
no_drift,0.75,E3_closed,baseline,final_trust_mean,200,200,0.6306344032892942,descriptive_equal_weight_mother_world_means
no_drift,0.75,E3_closed,baseline,has_response,200,200,1.0,descriptive_equal_weight_mother_world_means
no_drift,0.75,E3_closed,baseline,max_pending,200,200,3.0,descriptive_equal_weight_mother_world_means
no_drift,0.75,E3_closed,baseline,pending_count,200,200,2.46,descriptive_equal_weight_mother_world_means
no_drift,0.75,E3_closed,baseline,perception_data_coverage,200,200,1.0,descriptive_equal_weight_mother_world_means
no_drift,0.75,E3_closed,baseline,platform_signal_coverage,200,200,1.0,descriptive_equal_weight_mother_world_means
no_drift,0.75,E3_closed,baseline,response_completion_L,200,200,1.0,descriptive_equal_weight_mother_world_means
no_drift,0.75,E3_closed,baseline,scheduled_count,200,200,83.055,descriptive_equal_weight_mother_world_means
no_drift,0.75,E3_closed,baseline,targeting_error_execution,200,200,0.7497954349118423,descriptive_equal_weight_mother_world_means
no_drift,0.75,E3_closed,baseline,waiting_time,200,200,3.0,descriptive_equal_weight_mother_world_means
no_drift,0.75,E3_closed,delay0,execution_count,200,200,100.0,descriptive_equal_weight_mother_world_means
no_drift,0.75,E3_closed,delay0,execution_coverage,200,200,1.0,descriptive_equal_weight_mother_world_means
no_drift,0.75,E3_closed,delay0,exposure_gap,200,200,0.2985042774314166,descriptive_equal_weight_mother_world_means
no_drift,0.75,E3_closed,delay0,final_preference_shift,200,200,0.0,descriptive_equal_weight_mother_world_means
no_drift,0.75,E3_closed,delay0,final_trust_mean,200,200,0.6307683890538578,descriptive_equal_weight_mother_world_means
no_drift,0.75,E3_closed,delay0,has_response,200,200,1.0,descriptive_equal_weight_mother_world_means
no_drift,0.75,E3_closed,delay0,max_pending,200,200,0.0,descriptive_equal_weight_mother_world_means
no_drift,0.75,E3_closed,delay0,pending_count,200,200,0.0,descriptive_equal_weight_mother_world_means
no_drift,0.75,E3_closed,delay0,perception_data_coverage,200,200,1.0,descriptive_equal_weight_mother_world_means
no_drift,0.75,E3_closed,delay0,platform_signal_coverage,200,200,1.0,descriptive_equal_weight_mother_world_means
no_drift,0.75,E3_closed,delay0,response_completion_L,200,200,1.0,descriptive_equal_weight_mother_world_means
no_drift,0.75,E3_closed,delay0,scheduled_count,200,200,100.0,descriptive_equal_weight_mother_world_means
no_drift,0.75,E3_closed,delay0,targeting_error_execution,200,200,0.7493666681058525,descriptive_equal_weight_mother_world_means
no_drift,0.75,E3_closed,delay0,waiting_time,200,200,0.0,descriptive_equal_weight_mother_world_means
no_drift,0.75,E3_replay,delay0,execution_count,200,200,83.055,descriptive_equal_weight_mother_world_means
no_drift,0.75,E3_replay,delay0,execution_coverage,200,200,0.8305500000000001,descriptive_equal_weight_mother_world_means
no_drift,0.75,E3_replay,delay0,exposure_gap,200,200,0.2963389997999983,descriptive_equal_weight_mother_world_means
no_drift,0.75,E3_replay,delay0,final_preference_shift,200,200,0.0,descriptive_equal_weight_mother_world_means
no_drift,0.75,E3_replay,delay0,final_trust_mean,200,200,0.6292326925682165,descriptive_equal_weight_mother_world_means
no_drift,0.75,E3_replay,delay0,has_response,200,200,1.0,descriptive_equal_weight_mother_world_means
no_drift,0.75,E3_replay,delay0,max_pending,200,200,0.0,descriptive_equal_weight_mother_world_means
no_drift,0.75,E3_replay,delay0,pending_count,200,200,0.0,descriptive_equal_weight_mother_world_means
no_drift,0.75,E3_replay,delay0,perception_data_coverage,200,200,1.0,descriptive_equal_weight_mother_world_means
no_drift,0.75,E3_replay,delay0,platform_signal_coverage,200,200,1.0,descriptive_equal_weight_mother_world_means
no_drift,0.75,E3_replay,delay0,response_completion_L,200,200,1.0,descriptive_equal_weight_mother_world_means
no_drift,0.75,E3_replay,delay0,scheduled_count,200,200,83.055,descriptive_equal_weight_mother_world_means
no_drift,0.75,E3_replay,delay0,targeting_error_execution,200,200,0.7498070624918026,descriptive_equal_weight_mother_world_means
no_drift,0.75,E3_replay,delay0,waiting_time,200,200,0.0,descriptive_equal_weight_mother_world_means
no_drift,0.75,E3_replay,delay3,execution_count,200,200,83.085,descriptive_equal_weight_mother_world_means
no_drift,0.75,E3_replay,delay3,execution_coverage,200,200,0.83085,descriptive_equal_weight_mother_world_means
no_drift,0.75,E3_replay,delay3,exposure_gap,200,200,0.3020313114009003,descriptive_equal_weight_mother_world_means
no_drift,0.75,E3_replay,delay3,final_preference_shift,200,200,0.0,descriptive_equal_weight_mother_world_means
no_drift,0.75,E3_replay,delay3,final_trust_mean,200,200,0.6299334440756941,descriptive_equal_weight_mother_world_means
no_drift,0.75,E3_replay,delay3,has_response,200,200,1.0,descriptive_equal_weight_mother_world_means
no_drift,0.75,E3_replay,delay3,max_pending,200,200,3.0,descriptive_equal_weight_mother_world_means
no_drift,0.75,E3_replay,delay3,pending_count,200,200,2.46,descriptive_equal_weight_mother_world_means
no_drift,0.75,E3_replay,delay3,perception_data_coverage,200,200,1.0,descriptive_equal_weight_mother_world_means
no_drift,0.75,E3_replay,delay3,platform_signal_coverage,200,200,1.0,descriptive_equal_weight_mother_world_means
no_drift,0.75,E3_replay,delay3,response_completion_L,200,200,1.0,descriptive_equal_weight_mother_world_means
no_drift,0.75,E3_replay,delay3,scheduled_count,200,200,83.055,descriptive_equal_weight_mother_world_means
no_drift,0.75,E3_replay,delay3,targeting_error_execution,200,200,0.7497954349118423,descriptive_equal_weight_mother_world_means
no_drift,0.75,E3_replay,delay3,waiting_time,200,200,3.0,descriptive_equal_weight_mother_world_means
no_drift,0.75,E4,B0,execution_count,200,200,83.085,descriptive_equal_weight_mother_world_means
no_drift,0.75,E4,B0,execution_coverage,200,200,0.83085,descriptive_equal_weight_mother_world_means
no_drift,0.75,E4,B0,exposure_gap,200,200,0.29969131266370835,descriptive_equal_weight_mother_world_means
no_drift,0.75,E4,B0,final_preference_shift,200,200,0.0,descriptive_equal_weight_mother_world_means
no_drift,0.75,E4,B0,final_trust_mean,200,200,0.6306344032892942,descriptive_equal_weight_mother_world_means
no_drift,0.75,E4,B0,has_response,200,200,1.0,descriptive_equal_weight_mother_world_means
no_drift,0.75,E4,B0,max_pending,200,200,3.0,descriptive_equal_weight_mother_world_means
no_drift,0.75,E4,B0,pending_count,200,200,2.46,descriptive_equal_weight_mother_world_means
no_drift,0.75,E4,B0,perception_data_coverage,200,200,1.0,descriptive_equal_weight_mother_world_means
no_drift,0.75,E4,B0,platform_signal_coverage,200,200,1.0,descriptive_equal_weight_mother_world_means
no_drift,0.75,E4,B0,response_completion_L,200,200,1.0,descriptive_equal_weight_mother_world_means
no_drift,0.75,E4,B0,scheduled_count,200,200,83.055,descriptive_equal_weight_mother_world_means
no_drift,0.75,E4,B0,targeting_error_execution,200,200,0.7497954349118423,descriptive_equal_weight_mother_world_means
no_drift,0.75,E4,B0,waiting_time,200,200,3.0,descriptive_equal_weight_mother_world_means
no_drift,0.75,E4,B1,execution_count,200,200,99.415,descriptive_equal_weight_mother_world_means
no_drift,0.75,E4,B1,execution_coverage,200,200,0.9941500000000001,descriptive_equal_weight_mother_world_means
no_drift,0.75,E4,B1,exposure_gap,200,200,0.2975935860022299,descriptive_equal_weight_mother_world_means
no_drift,0.75,E4,B1,final_preference_shift,200,200,0.0,descriptive_equal_weight_mother_world_means
no_drift,0.75,E4,B1,final_trust_mean,200,200,0.6320185119223264,descriptive_equal_weight_mother_world_means
no_drift,0.75,E4,B1,has_response,200,200,1.0,descriptive_equal_weight_mother_world_means
no_drift,0.75,E4,B1,max_pending,200,200,3.0,descriptive_equal_weight_mother_world_means
no_drift,0.75,E4,B1,pending_count,200,200,3.0,descriptive_equal_weight_mother_world_means
no_drift,0.75,E4,B1,perception_data_coverage,200,200,1.0,descriptive_equal_weight_mother_world_means
no_drift,0.75,E4,B1,platform_signal_coverage,200,200,1.0,descriptive_equal_weight_mother_world_means
no_drift,0.75,E4,B1,response_completion_L,200,200,1.0,descriptive_equal_weight_mother_world_means
no_drift,0.75,E4,B1,scheduled_count,200,200,99.425,descriptive_equal_weight_mother_world_means
no_drift,0.75,E4,B1,targeting_error_execution,200,200,0.749941456878965,descriptive_equal_weight_mother_world_means
no_drift,0.75,E4,B1,waiting_time,200,200,3.0,descriptive_equal_weight_mother_world_means
no_drift,0.75,E4,B2,execution_count,200,200,99.455,descriptive_equal_weight_mother_world_means
no_drift,0.75,E4,B2,execution_coverage,200,200,0.9945499999999999,descriptive_equal_weight_mother_world_means
no_drift,0.75,E4,B2,exposure_gap,200,200,0.29786017110481644,descriptive_equal_weight_mother_world_means
no_drift,0.75,E4,B2,final_preference_shift,200,200,0.0,descriptive_equal_weight_mother_world_means
no_drift,0.75,E4,B2,final_trust_mean,200,200,0.6315935264642266,descriptive_equal_weight_mother_world_means
no_drift,0.75,E4,B2,has_response,200,200,1.0,descriptive_equal_weight_mother_world_means
no_drift,0.75,E4,B2,max_pending,200,200,3.0,descriptive_equal_weight_mother_world_means
no_drift,0.75,E4,B2,pending_count,200,200,1.0,descriptive_equal_weight_mother_world_means
no_drift,0.75,E4,B2,perception_data_coverage,200,200,1.0,descriptive_equal_weight_mother_world_means
no_drift,0.75,E4,B2,platform_signal_coverage,200,200,1.0,descriptive_equal_weight_mother_world_means
no_drift,0.75,E4,B2,response_completion_L,200,200,1.0,descriptive_equal_weight_mother_world_means
no_drift,0.75,E4,B2,scheduled_count,200,200,99.455,descriptive_equal_weight_mother_world_means
no_drift,0.75,E4,B2,targeting_error_execution,200,200,0.7498677959556584,descriptive_equal_weight_mother_world_means
no_drift,0.75,E4,B2,waiting_time,200,200,1.0,descriptive_equal_weight_mother_world_means
no_drift,0.75,E4,B3,execution_count,200,200,85.79,descriptive_equal_weight_mother_world_means
no_drift,0.75,E4,B3,execution_coverage,200,200,0.6467,descriptive_equal_weight_mother_world_means
no_drift,0.75,E4,B3,exposure_gap,200,200,0.30114877537226314,descriptive_equal_weight_mother_world_means
no_drift,0.75,E4,B3,final_preference_shift,200,200,0.0,descriptive_equal_weight_mother_world_means
no_drift,0.75,E4,B3,final_trust_mean,200,200,0.6308844867960058,descriptive_equal_weight_mother_world_means
no_drift,0.75,E4,B3,has_response,200,200,1.0,descriptive_equal_weight_mother_world_means
no_drift,0.75,E4,B3,max_pending,200,200,3.995,descriptive_equal_weight_mother_world_means
no_drift,0.75,E4,B3,pending_count,200,200,2.77,descriptive_equal_weight_mother_world_means
no_drift,0.75,E4,B3,perception_data_coverage,200,200,1.0,descriptive_equal_weight_mother_world_means
no_drift,0.75,E4,B3,platform_signal_coverage,200,200,1.0,descriptive_equal_weight_mother_world_means
no_drift,0.75,E4,B3,response_completion_L,200,200,1.0,descriptive_equal_weight_mother_world_means
no_drift,0.75,E4,B3,scheduled_count,200,200,85.93,descriptive_equal_weight_mother_world_means
no_drift,0.75,E4,B3,targeting_error_execution,200,200,0.6640784100698078,descriptive_equal_weight_mother_world_means
no_drift,0.75,E4,B3,waiting_time,200,200,3.0,descriptive_equal_weight_mother_world_means
no_drift,0.75,E4,B4,execution_count,200,200,67.13,descriptive_equal_weight_mother_world_means
no_drift,0.75,E4,B4,execution_coverage,200,200,0.6713,descriptive_equal_weight_mother_world_means
no_drift,0.75,E4,B4,exposure_gap,200,200,0.04678282929659708,descriptive_equal_weight_mother_world_means
no_drift,0.75,E4,B4,final_preference_shift,200,200,0.0,descriptive_equal_weight_mother_world_means
no_drift,0.75,E4,B4,final_trust_mean,200,200,0.6423426158881592,descriptive_equal_weight_mother_world_means
no_drift,0.75,E4,B4,has_response,200,200,1.0,descriptive_equal_weight_mother_world_means
no_drift,0.75,E4,B4,max_pending,200,200,3.0,descriptive_equal_weight_mother_world_means
no_drift,0.75,E4,B4,pending_count,200,200,1.855,descriptive_equal_weight_mother_world_means
no_drift,0.75,E4,B4,perception_data_coverage,200,200,1.0,descriptive_equal_weight_mother_world_means
no_drift,0.75,E4,B4,platform_signal_coverage,200,200,1.0,descriptive_equal_weight_mother_world_means
no_drift,0.75,E4,B4,response_completion_L,200,200,1.0,descriptive_equal_weight_mother_world_means
no_drift,0.75,E4,B4,scheduled_count,200,200,66.745,descriptive_equal_weight_mother_world_means
no_drift,0.75,E4,B4,targeting_error_execution,200,200,0.7487793132229177,descriptive_equal_weight_mother_world_means
no_drift,0.75,E4,B4,waiting_time,200,200,3.0,descriptive_equal_weight_mother_world_means
population200,0.25,E2,I00,execution_count,200,200,96.485,descriptive_equal_weight_mother_world_means
population200,0.25,E2,I00,execution_coverage,200,200,0.96485,descriptive_equal_weight_mother_world_means
population200,0.25,E2,I00,exposure_gap,200,200,0.0030900769245766468,descriptive_equal_weight_mother_world_means
population200,0.25,E2,I00,final_preference_shift,200,200,0.05082014367802191,descriptive_equal_weight_mother_world_means
population200,0.25,E2,I00,final_trust_mean,200,200,0.6474843185891893,descriptive_equal_weight_mother_world_means
population200,0.25,E2,I00,has_response,200,200,1.0,descriptive_equal_weight_mother_world_means
population200,0.25,E2,I00,max_pending,200,200,3.0,descriptive_equal_weight_mother_world_means
population200,0.25,E2,I00,pending_count,200,200,2.93,descriptive_equal_weight_mother_world_means
population200,0.25,E2,I00,perception_data_coverage,200,200,1.0,descriptive_equal_weight_mother_world_means
population200,0.25,E2,I00,platform_signal_coverage,200,200,1.0,descriptive_equal_weight_mother_world_means
population200,0.25,E2,I00,response_completion_L,200,200,1.0,descriptive_equal_weight_mother_world_means
population200,0.25,E2,I00,scheduled_count,200,200,96.445,descriptive_equal_weight_mother_world_means
population200,0.25,E2,I00,targeting_error_execution,200,200,0.7495368139721756,descriptive_equal_weight_mother_world_means
population200,0.25,E2,I00,waiting_time,200,200,3.0,descriptive_equal_weight_mother_world_means
population200,0.25,E2,I01,execution_count,200,200,99.73,descriptive_equal_weight_mother_world_means
population200,0.25,E2,I01,execution_coverage,200,200,0.9973000000000001,descriptive_equal_weight_mother_world_means
population200,0.25,E2,I01,exposure_gap,200,200,0.00297255602494406,descriptive_equal_weight_mother_world_means
population200,0.25,E2,I01,final_preference_shift,200,200,0.050909477183959974,descriptive_equal_weight_mother_world_means
population200,0.25,E2,I01,final_trust_mean,200,200,0.647812467767525,descriptive_equal_weight_mother_world_means
population200,0.25,E2,I01,has_response,200,200,1.0,descriptive_equal_weight_mother_world_means
population200,0.25,E2,I01,max_pending,200,200,3.0,descriptive_equal_weight_mother_world_means
population200,0.25,E2,I01,pending_count,200,200,3.0,descriptive_equal_weight_mother_world_means
population200,0.25,E2,I01,perception_data_coverage,200,200,1.0,descriptive_equal_weight_mother_world_means
population200,0.25,E2,I01,platform_signal_coverage,200,200,1.0,descriptive_equal_weight_mother_world_means
population200,0.25,E2,I01,response_completion_L,200,200,1.0,descriptive_equal_weight_mother_world_means
population200,0.25,E2,I01,scheduled_count,200,200,99.73,descriptive_equal_weight_mother_world_means
population200,0.25,E2,I01,targeting_error_execution,200,200,0.7499532122569212,descriptive_equal_weight_mother_world_means
population200,0.25,E2,I01,waiting_time,200,200,3.0,descriptive_equal_weight_mother_world_means
population200,0.25,E2,I10,execution_count,200,200,96.215,descriptive_equal_weight_mother_world_means
population200,0.25,E2,I10,execution_coverage,200,200,0.9621500000000001,descriptive_equal_weight_mother_world_means
population200,0.25,E2,I10,exposure_gap,200,200,0.0031535620163885584,descriptive_equal_weight_mother_world_means
population200,0.25,E2,I10,final_preference_shift,200,200,0.05082692650116647,descriptive_equal_weight_mother_world_means
population200,0.25,E2,I10,final_trust_mean,200,200,0.6478030058820599,descriptive_equal_weight_mother_world_means
population200,0.25,E2,I10,has_response,200,200,1.0,descriptive_equal_weight_mother_world_means
population200,0.25,E2,I10,max_pending,200,200,3.0,descriptive_equal_weight_mother_world_means
population200,0.25,E2,I10,pending_count,200,200,2.875,descriptive_equal_weight_mother_world_means
population200,0.25,E2,I10,perception_data_coverage,200,200,1.0,descriptive_equal_weight_mother_world_means
population200,0.25,E2,I10,platform_signal_coverage,200,200,1.0,descriptive_equal_weight_mother_world_means
population200,0.25,E2,I10,response_completion_L,200,200,1.0,descriptive_equal_weight_mother_world_means
population200,0.25,E2,I10,scheduled_count,200,200,96.185,descriptive_equal_weight_mother_world_means
population200,0.25,E2,I10,targeting_error_execution,200,200,0.7491075683915716,descriptive_equal_weight_mother_world_means
population200,0.25,E2,I10,waiting_time,200,200,3.0,descriptive_equal_weight_mother_world_means
population200,0.25,E2,I11,execution_count,200,200,99.16,descriptive_equal_weight_mother_world_means
population200,0.25,E2,I11,execution_coverage,200,200,0.9915999999999999,descriptive_equal_weight_mother_world_means
population200,0.25,E2,I11,exposure_gap,200,200,0.0030377703975196083,descriptive_equal_weight_mother_world_means
population200,0.25,E2,I11,final_preference_shift,200,200,0.05087512845248217,descriptive_equal_weight_mother_world_means
population200,0.25,E2,I11,final_trust_mean,200,200,0.6480050000726006,descriptive_equal_weight_mother_world_means
population200,0.25,E2,I11,has_response,200,200,1.0,descriptive_equal_weight_mother_world_means
population200,0.25,E2,I11,max_pending,200,200,3.0,descriptive_equal_weight_mother_world_means
population200,0.25,E2,I11,pending_count,200,200,2.97,descriptive_equal_weight_mother_world_means
population200,0.25,E2,I11,perception_data_coverage,200,200,1.0,descriptive_equal_weight_mother_world_means
population200,0.25,E2,I11,platform_signal_coverage,200,200,1.0,descriptive_equal_weight_mother_world_means
population200,0.25,E2,I11,response_completion_L,200,200,1.0,descriptive_equal_weight_mother_world_means
population200,0.25,E2,I11,scheduled_count,200,200,99.145,descriptive_equal_weight_mother_world_means
population200,0.25,E2,I11,targeting_error_execution,200,200,0.7497092789577787,descriptive_equal_weight_mother_world_means
population200,0.25,E2,I11,waiting_time,200,200,3.0,descriptive_equal_weight_mother_world_means
population200,0.25,E3_closed,baseline,execution_count,200,200,96.485,descriptive_equal_weight_mother_world_means
population200,0.25,E3_closed,baseline,execution_coverage,200,200,0.96485,descriptive_equal_weight_mother_world_means
population200,0.25,E3_closed,baseline,exposure_gap,200,200,0.0030900769245766468,descriptive_equal_weight_mother_world_means
population200,0.25,E3_closed,baseline,final_preference_shift,200,200,0.05082014367802191,descriptive_equal_weight_mother_world_means
population200,0.25,E3_closed,baseline,final_trust_mean,200,200,0.6474843185891893,descriptive_equal_weight_mother_world_means
population200,0.25,E3_closed,baseline,has_response,200,200,1.0,descriptive_equal_weight_mother_world_means
population200,0.25,E3_closed,baseline,max_pending,200,200,3.0,descriptive_equal_weight_mother_world_means
population200,0.25,E3_closed,baseline,pending_count,200,200,2.93,descriptive_equal_weight_mother_world_means
population200,0.25,E3_closed,baseline,perception_data_coverage,200,200,1.0,descriptive_equal_weight_mother_world_means
population200,0.25,E3_closed,baseline,platform_signal_coverage,200,200,1.0,descriptive_equal_weight_mother_world_means
population200,0.25,E3_closed,baseline,response_completion_L,200,200,1.0,descriptive_equal_weight_mother_world_means
population200,0.25,E3_closed,baseline,scheduled_count,200,200,96.445,descriptive_equal_weight_mother_world_means
population200,0.25,E3_closed,baseline,targeting_error_execution,200,200,0.7495368139721756,descriptive_equal_weight_mother_world_means
population200,0.25,E3_closed,baseline,waiting_time,200,200,3.0,descriptive_equal_weight_mother_world_means
population200,0.25,E3_closed,delay0,execution_count,200,200,100.0,descriptive_equal_weight_mother_world_means
population200,0.25,E3_closed,delay0,execution_coverage,200,200,1.0,descriptive_equal_weight_mother_world_means
population200,0.25,E3_closed,delay0,exposure_gap,200,200,0.0036352687068907956,descriptive_equal_weight_mother_world_means
population200,0.25,E3_closed,delay0,final_preference_shift,200,200,0.051057955243404146,descriptive_equal_weight_mother_world_means
population200,0.25,E3_closed,delay0,final_trust_mean,200,200,0.6455535667788443,descriptive_equal_weight_mother_world_means
population200,0.25,E3_closed,delay0,has_response,200,200,1.0,descriptive_equal_weight_mother_world_means
population200,0.25,E3_closed,delay0,max_pending,200,200,0.0,descriptive_equal_weight_mother_world_means
population200,0.25,E3_closed,delay0,pending_count,200,200,0.0,descriptive_equal_weight_mother_world_means
population200,0.25,E3_closed,delay0,perception_data_coverage,200,200,1.0,descriptive_equal_weight_mother_world_means
population200,0.25,E3_closed,delay0,platform_signal_coverage,200,200,1.0,descriptive_equal_weight_mother_world_means
population200,0.25,E3_closed,delay0,response_completion_L,200,200,1.0,descriptive_equal_weight_mother_world_means
population200,0.25,E3_closed,delay0,scheduled_count,200,200,100.0,descriptive_equal_weight_mother_world_means
population200,0.25,E3_closed,delay0,targeting_error_execution,200,200,0.7389598029328076,descriptive_equal_weight_mother_world_means
population200,0.25,E3_closed,delay0,waiting_time,200,200,0.0,descriptive_equal_weight_mother_world_means
population200,0.25,E3_replay,delay0,execution_count,200,200,96.445,descriptive_equal_weight_mother_world_means
population200,0.25,E3_replay,delay0,execution_coverage,200,200,0.9644499999999999,descriptive_equal_weight_mother_world_means
population200,0.25,E3_replay,delay0,exposure_gap,200,200,0.003071032314995006,descriptive_equal_weight_mother_world_means
population200,0.25,E3_replay,delay0,final_preference_shift,200,200,0.050749474595029744,descriptive_equal_weight_mother_world_means
population200,0.25,E3_replay,delay0,final_trust_mean,200,200,0.6470500915213384,descriptive_equal_weight_mother_world_means
population200,0.25,E3_replay,delay0,has_response,200,200,1.0,descriptive_equal_weight_mother_world_means
population200,0.25,E3_replay,delay0,max_pending,200,200,0.0,descriptive_equal_weight_mother_world_means
population200,0.25,E3_replay,delay0,pending_count,200,200,0.0,descriptive_equal_weight_mother_world_means
population200,0.25,E3_replay,delay0,perception_data_coverage,200,200,1.0,descriptive_equal_weight_mother_world_means
population200,0.25,E3_replay,delay0,platform_signal_coverage,200,200,1.0,descriptive_equal_weight_mother_world_means
population200,0.25,E3_replay,delay0,response_completion_L,200,200,1.0,descriptive_equal_weight_mother_world_means
population200,0.25,E3_replay,delay0,scheduled_count,200,200,96.445,descriptive_equal_weight_mother_world_means
population200,0.25,E3_replay,delay0,targeting_error_execution,200,200,0.749539445492512,descriptive_equal_weight_mother_world_means
population200,0.25,E3_replay,delay0,waiting_time,200,200,0.0,descriptive_equal_weight_mother_world_means
population200,0.25,E3_replay,delay3,execution_count,200,200,96.485,descriptive_equal_weight_mother_world_means
population200,0.25,E3_replay,delay3,execution_coverage,200,200,0.96485,descriptive_equal_weight_mother_world_means
population200,0.25,E3_replay,delay3,exposure_gap,200,200,0.0031601542213845436,descriptive_equal_weight_mother_world_means
population200,0.25,E3_replay,delay3,final_preference_shift,200,200,0.05082697745632858,descriptive_equal_weight_mother_world_means
population200,0.25,E3_replay,delay3,final_trust_mean,200,200,0.6474745327971031,descriptive_equal_weight_mother_world_means
population200,0.25,E3_replay,delay3,has_response,200,200,1.0,descriptive_equal_weight_mother_world_means
population200,0.25,E3_replay,delay3,max_pending,200,200,3.0,descriptive_equal_weight_mother_world_means
population200,0.25,E3_replay,delay3,pending_count,200,200,2.93,descriptive_equal_weight_mother_world_means
population200,0.25,E3_replay,delay3,perception_data_coverage,200,200,1.0,descriptive_equal_weight_mother_world_means
population200,0.25,E3_replay,delay3,platform_signal_coverage,200,200,1.0,descriptive_equal_weight_mother_world_means
population200,0.25,E3_replay,delay3,response_completion_L,200,200,1.0,descriptive_equal_weight_mother_world_means
population200,0.25,E3_replay,delay3,scheduled_count,200,200,96.445,descriptive_equal_weight_mother_world_means
population200,0.25,E3_replay,delay3,targeting_error_execution,200,200,0.7495363652563292,descriptive_equal_weight_mother_world_means
population200,0.25,E3_replay,delay3,waiting_time,200,200,3.0,descriptive_equal_weight_mother_world_means
population200,0.25,E4,B0,execution_count,200,200,96.485,descriptive_equal_weight_mother_world_means
population200,0.25,E4,B0,execution_coverage,200,200,0.96485,descriptive_equal_weight_mother_world_means
population200,0.25,E4,B0,exposure_gap,200,200,0.0030900769245766468,descriptive_equal_weight_mother_world_means
population200,0.25,E4,B0,final_preference_shift,200,200,0.05082014367802191,descriptive_equal_weight_mother_world_means
population200,0.25,E4,B0,final_trust_mean,200,200,0.6474843185891893,descriptive_equal_weight_mother_world_means
population200,0.25,E4,B0,has_response,200,200,1.0,descriptive_equal_weight_mother_world_means
population200,0.25,E4,B0,max_pending,200,200,3.0,descriptive_equal_weight_mother_world_means
population200,0.25,E4,B0,pending_count,200,200,2.93,descriptive_equal_weight_mother_world_means
population200,0.25,E4,B0,perception_data_coverage,200,200,1.0,descriptive_equal_weight_mother_world_means
population200,0.25,E4,B0,platform_signal_coverage,200,200,1.0,descriptive_equal_weight_mother_world_means
population200,0.25,E4,B0,response_completion_L,200,200,1.0,descriptive_equal_weight_mother_world_means
population200,0.25,E4,B0,scheduled_count,200,200,96.445,descriptive_equal_weight_mother_world_means
population200,0.25,E4,B0,targeting_error_execution,200,200,0.7495368139721756,descriptive_equal_weight_mother_world_means
population200,0.25,E4,B0,waiting_time,200,200,3.0,descriptive_equal_weight_mother_world_means
population200,0.25,E4,B1,execution_count,200,200,96.205,descriptive_equal_weight_mother_world_means
population200,0.25,E4,B1,execution_coverage,200,200,0.96205,descriptive_equal_weight_mother_world_means
population200,0.25,E4,B1,exposure_gap,200,200,0.003135998092194882,descriptive_equal_weight_mother_world_means
population200,0.25,E4,B1,final_preference_shift,200,200,0.050834485783644405,descriptive_equal_weight_mother_world_means
population200,0.25,E4,B1,final_trust_mean,200,200,0.6472579271543835,descriptive_equal_weight_mother_world_means
population200,0.25,E4,B1,has_response,200,200,1.0,descriptive_equal_weight_mother_world_means
population200,0.25,E4,B1,max_pending,200,200,3.0,descriptive_equal_weight_mother_world_means
population200,0.25,E4,B1,pending_count,200,200,2.89,descriptive_equal_weight_mother_world_means
population200,0.25,E4,B1,perception_data_coverage,200,200,1.0,descriptive_equal_weight_mother_world_means
population200,0.25,E4,B1,platform_signal_coverage,200,200,1.0,descriptive_equal_weight_mother_world_means
population200,0.25,E4,B1,response_completion_L,200,200,1.0,descriptive_equal_weight_mother_world_means
population200,0.25,E4,B1,scheduled_count,200,200,96.185,descriptive_equal_weight_mother_world_means
population200,0.25,E4,B1,targeting_error_execution,200,200,0.7491575468024155,descriptive_equal_weight_mother_world_means
population200,0.25,E4,B1,waiting_time,200,200,3.0,descriptive_equal_weight_mother_world_means
population200,0.25,E4,B2,execution_count,200,200,99.95,descriptive_equal_weight_mother_world_means
population200,0.25,E4,B2,execution_coverage,200,200,0.9995,descriptive_equal_weight_mother_world_means
population200,0.25,E4,B2,exposure_gap,200,200,0.0034390862497795417,descriptive_equal_weight_mother_world_means
population200,0.25,E4,B2,final_preference_shift,200,200,0.05084631689356946,descriptive_equal_weight_mother_world_means
population200,0.25,E4,B2,final_trust_mean,200,200,0.647030545916963,descriptive_equal_weight_mother_world_means
population200,0.25,E4,B2,has_response,200,200,1.0,descriptive_equal_weight_mother_world_means
population200,0.25,E4,B2,max_pending,200,200,3.0,descriptive_equal_weight_mother_world_means
population200,0.25,E4,B2,pending_count,200,200,1.0,descriptive_equal_weight_mother_world_means
population200,0.25,E4,B2,perception_data_coverage,200,200,1.0,descriptive_equal_weight_mother_world_means
population200,0.25,E4,B2,platform_signal_coverage,200,200,1.0,descriptive_equal_weight_mother_world_means
population200,0.25,E4,B2,response_completion_L,200,200,1.0,descriptive_equal_weight_mother_world_means
population200,0.25,E4,B2,scheduled_count,200,200,99.95,descriptive_equal_weight_mother_world_means
population200,0.25,E4,B2,targeting_error_execution,200,200,0.7483394720636712,descriptive_equal_weight_mother_world_means
population200,0.25,E4,B2,waiting_time,200,200,1.0,descriptive_equal_weight_mother_world_means
population200,0.25,E4,B4,execution_count,200,200,67.92,descriptive_equal_weight_mother_world_means
population200,0.25,E4,B4,execution_coverage,200,200,0.6792,descriptive_equal_weight_mother_world_means
population200,0.25,E4,B4,exposure_gap,200,200,5.583724151662106e-05,descriptive_equal_weight_mother_world_means
population200,0.25,E4,B4,final_preference_shift,200,200,0.05077222359642915,descriptive_equal_weight_mother_world_means
population200,0.25,E4,B4,final_trust_mean,200,200,0.6406785942988235,descriptive_equal_weight_mother_world_means
population200,0.25,E4,B4,has_response,200,200,1.0,descriptive_equal_weight_mother_world_means
population200,0.25,E4,B4,max_pending,200,200,3.0,descriptive_equal_weight_mother_world_means
population200,0.25,E4,B4,pending_count,200,200,1.785,descriptive_equal_weight_mother_world_means
population200,0.25,E4,B4,perception_data_coverage,200,200,1.0,descriptive_equal_weight_mother_world_means
population200,0.25,E4,B4,platform_signal_coverage,200,200,1.0,descriptive_equal_weight_mother_world_means
population200,0.25,E4,B4,response_completion_L,200,200,1.0,descriptive_equal_weight_mother_world_means
population200,0.25,E4,B4,scheduled_count,200,200,67.375,descriptive_equal_weight_mother_world_means
population200,0.25,E4,B4,targeting_error_execution,200,200,0.7459634194228795,descriptive_equal_weight_mother_world_means
population200,0.25,E4,B4,waiting_time,200,200,3.0,descriptive_equal_weight_mother_world_means
population200,0.75,E2,I00,execution_count,200,200,74.545,descriptive_equal_weight_mother_world_means
population200,0.75,E2,I00,execution_coverage,200,200,0.7454500000000001,descriptive_equal_weight_mother_world_means
population200,0.75,E2,I00,exposure_gap,200,200,0.26234811683619197,descriptive_equal_weight_mother_world_means
population200,0.75,E2,I00,final_preference_shift,200,200,0.7265238939747585,descriptive_equal_weight_mother_world_means
population200,0.75,E2,I00,final_trust_mean,200,200,0.611852071654397,descriptive_equal_weight_mother_world_means
population200,0.75,E2,I00,has_response,200,200,1.0,descriptive_equal_weight_mother_world_means
population200,0.75,E2,I00,max_pending,200,200,3.0,descriptive_equal_weight_mother_world_means
population200,0.75,E2,I00,pending_count,200,200,2.255,descriptive_equal_weight_mother_world_means
population200,0.75,E2,I00,perception_data_coverage,200,200,1.0,descriptive_equal_weight_mother_world_means
population200,0.75,E2,I00,platform_signal_coverage,200,200,1.0,descriptive_equal_weight_mother_world_means
population200,0.75,E2,I00,response_completion_L,200,200,1.0,descriptive_equal_weight_mother_world_means
population200,0.75,E2,I00,scheduled_count,200,200,74.35,descriptive_equal_weight_mother_world_means
population200,0.75,E2,I00,targeting_error_execution,200,200,0.6724834187472802,descriptive_equal_weight_mother_world_means
population200,0.75,E2,I00,waiting_time,200,200,3.0,descriptive_equal_weight_mother_world_means
population200,0.75,E2,I01,execution_count,200,200,98.135,descriptive_equal_weight_mother_world_means
population200,0.75,E2,I01,execution_coverage,200,200,0.9813500000000001,descriptive_equal_weight_mother_world_means
population200,0.75,E2,I01,exposure_gap,200,200,0.26763417932698774,descriptive_equal_weight_mother_world_means
population200,0.75,E2,I01,final_preference_shift,200,200,0.7157604654709081,descriptive_equal_weight_mother_world_means
population200,0.75,E2,I01,final_trust_mean,200,200,0.6134523878324671,descriptive_equal_weight_mother_world_means
population200,0.75,E2,I01,has_response,200,200,1.0,descriptive_equal_weight_mother_world_means
population200,0.75,E2,I01,max_pending,200,200,3.0,descriptive_equal_weight_mother_world_means
population200,0.75,E2,I01,pending_count,200,200,3.0,descriptive_equal_weight_mother_world_means
population200,0.75,E2,I01,perception_data_coverage,200,200,1.0,descriptive_equal_weight_mother_world_means
population200,0.75,E2,I01,platform_signal_coverage,200,200,1.0,descriptive_equal_weight_mother_world_means
population200,0.75,E2,I01,response_completion_L,200,200,1.0,descriptive_equal_weight_mother_world_means
population200,0.75,E2,I01,scheduled_count,200,200,98.15,descriptive_equal_weight_mother_world_means
population200,0.75,E2,I01,targeting_error_execution,200,200,0.7498605058542771,descriptive_equal_weight_mother_world_means
population200,0.75,E2,I01,waiting_time,200,200,3.0,descriptive_equal_weight_mother_world_means
population200,0.75,E2,I10,execution_count,200,200,32.47,descriptive_equal_weight_mother_world_means
population200,0.75,E2,I10,execution_coverage,200,200,0.3247,descriptive_equal_weight_mother_world_means
population200,0.75,E2,I10,exposure_gap,200,200,0.24151498652722828,descriptive_equal_weight_mother_world_means
population200,0.75,E2,I10,final_preference_shift,200,200,0.7263715528259711,descriptive_equal_weight_mother_world_means
population200,0.75,E2,I10,final_trust_mean,200,200,0.6089513284691505,descriptive_equal_weight_mother_world_means
population200,0.75,E2,I10,has_response,200,200,1.0,descriptive_equal_weight_mother_world_means
population200,0.75,E2,I10,max_pending,200,200,3.0,descriptive_equal_weight_mother_world_means
population200,0.75,E2,I10,pending_count,200,200,0.845,descriptive_equal_weight_mother_world_means
population200,0.75,E2,I10,perception_data_coverage,200,200,1.0,descriptive_equal_weight_mother_world_means
population200,0.75,E2,I10,platform_signal_coverage,200,200,1.0,descriptive_equal_weight_mother_world_means
population200,0.75,E2,I10,response_completion_L,200,200,1.0,descriptive_equal_weight_mother_world_means
population200,0.75,E2,I10,scheduled_count,200,200,32.33,descriptive_equal_weight_mother_world_means
population200,0.75,E2,I10,targeting_error_execution,200,200,0.16315653491651821,descriptive_equal_weight_mother_world_means
population200,0.75,E2,I10,waiting_time,200,200,3.0,descriptive_equal_weight_mother_world_means
population200,0.75,E2,I11,execution_count,200,200,29.585,descriptive_equal_weight_mother_world_means
population200,0.75,E2,I11,execution_coverage,200,200,0.29585,descriptive_equal_weight_mother_world_means
population200,0.75,E2,I11,exposure_gap,200,200,0.2276417549318574,descriptive_equal_weight_mother_world_means
population200,0.75,E2,I11,final_preference_shift,200,200,0.7288752097920671,descriptive_equal_weight_mother_world_means
population200,0.75,E2,I11,final_trust_mean,200,200,0.6093997764951918,descriptive_equal_weight_mother_world_means
population200,0.75,E2,I11,has_response,200,200,1.0,descriptive_equal_weight_mother_world_means
population200,0.75,E2,I11,max_pending,200,200,3.0,descriptive_equal_weight_mother_world_means
population200,0.75,E2,I11,pending_count,200,200,0.775,descriptive_equal_weight_mother_world_means
population200,0.75,E2,I11,perception_data_coverage,200,200,1.0,descriptive_equal_weight_mother_world_means
population200,0.75,E2,I11,platform_signal_coverage,200,200,1.0,descriptive_equal_weight_mother_world_means
population200,0.75,E2,I11,response_completion_L,200,200,1.0,descriptive_equal_weight_mother_world_means
population200,0.75,E2,I11,scheduled_count,200,200,29.495,descriptive_equal_weight_mother_world_means
population200,0.75,E2,I11,targeting_error_execution,200,200,0.10046668535929947,descriptive_equal_weight_mother_world_means
population200,0.75,E2,I11,waiting_time,200,200,3.0,descriptive_equal_weight_mother_world_means
population200,0.75,E3_closed,baseline,execution_count,200,200,74.545,descriptive_equal_weight_mother_world_means
population200,0.75,E3_closed,baseline,execution_coverage,200,200,0.7454500000000001,descriptive_equal_weight_mother_world_means
population200,0.75,E3_closed,baseline,exposure_gap,200,200,0.26234811683619197,descriptive_equal_weight_mother_world_means
population200,0.75,E3_closed,baseline,final_preference_shift,200,200,0.7265238939747585,descriptive_equal_weight_mother_world_means
population200,0.75,E3_closed,baseline,final_trust_mean,200,200,0.611852071654397,descriptive_equal_weight_mother_world_means
population200,0.75,E3_closed,baseline,has_response,200,200,1.0,descriptive_equal_weight_mother_world_means
population200,0.75,E3_closed,baseline,max_pending,200,200,3.0,descriptive_equal_weight_mother_world_means
population200,0.75,E3_closed,baseline,pending_count,200,200,2.255,descriptive_equal_weight_mother_world_means
population200,0.75,E3_closed,baseline,perception_data_coverage,200,200,1.0,descriptive_equal_weight_mother_world_means
population200,0.75,E3_closed,baseline,platform_signal_coverage,200,200,1.0,descriptive_equal_weight_mother_world_means
population200,0.75,E3_closed,baseline,response_completion_L,200,200,1.0,descriptive_equal_weight_mother_world_means
population200,0.75,E3_closed,baseline,scheduled_count,200,200,74.35,descriptive_equal_weight_mother_world_means
population200,0.75,E3_closed,baseline,targeting_error_execution,200,200,0.6724834187472802,descriptive_equal_weight_mother_world_means
population200,0.75,E3_closed,baseline,waiting_time,200,200,3.0,descriptive_equal_weight_mother_world_means
population200,0.75,E3_closed,delay0,execution_count,200,200,100.0,descriptive_equal_weight_mother_world_means
population200,0.75,E3_closed,delay0,execution_coverage,200,200,1.0,descriptive_equal_weight_mother_world_means
population200,0.75,E3_closed,delay0,exposure_gap,200,200,0.1649566246688505,descriptive_equal_weight_mother_world_means
population200,0.75,E3_closed,delay0,final_preference_shift,200,200,0.7273601961891403,descriptive_equal_weight_mother_world_means
population200,0.75,E3_closed,delay0,final_trust_mean,200,200,0.6108132118906231,descriptive_equal_weight_mother_world_means
population200,0.75,E3_closed,delay0,has_response,200,200,1.0,descriptive_equal_weight_mother_world_means
population200,0.75,E3_closed,delay0,max_pending,200,200,0.0,descriptive_equal_weight_mother_world_means
population200,0.75,E3_closed,delay0,pending_count,200,200,0.0,descriptive_equal_weight_mother_world_means
population200,0.75,E3_closed,delay0,perception_data_coverage,200,200,1.0,descriptive_equal_weight_mother_world_means
population200,0.75,E3_closed,delay0,platform_signal_coverage,200,200,1.0,descriptive_equal_weight_mother_world_means
population200,0.75,E3_closed,delay0,response_completion_L,200,200,1.0,descriptive_equal_weight_mother_world_means
population200,0.75,E3_closed,delay0,scheduled_count,200,200,100.0,descriptive_equal_weight_mother_world_means
population200,0.75,E3_closed,delay0,targeting_error_execution,200,200,0.23650931922826562,descriptive_equal_weight_mother_world_means
population200,0.75,E3_closed,delay0,waiting_time,200,200,0.0,descriptive_equal_weight_mother_world_means
population200,0.75,E3_replay,delay0,execution_count,200,200,74.35,descriptive_equal_weight_mother_world_means
population200,0.75,E3_replay,delay0,execution_coverage,200,200,0.7434999999999999,descriptive_equal_weight_mother_world_means
population200,0.75,E3_replay,delay0,exposure_gap,200,200,0.2803256812609362,descriptive_equal_weight_mother_world_means
population200,0.75,E3_replay,delay0,final_preference_shift,200,200,0.7269697118426528,descriptive_equal_weight_mother_world_means
population200,0.75,E3_replay,delay0,final_trust_mean,200,200,0.6140348259291398,descriptive_equal_weight_mother_world_means
population200,0.75,E3_replay,delay0,has_response,200,200,1.0,descriptive_equal_weight_mother_world_means
population200,0.75,E3_replay,delay0,max_pending,200,200,0.0,descriptive_equal_weight_mother_world_means
population200,0.75,E3_replay,delay0,pending_count,200,200,0.0,descriptive_equal_weight_mother_world_means
population200,0.75,E3_replay,delay0,perception_data_coverage,200,200,1.0,descriptive_equal_weight_mother_world_means
population200,0.75,E3_replay,delay0,platform_signal_coverage,200,200,1.0,descriptive_equal_weight_mother_world_means
population200,0.75,E3_replay,delay0,response_completion_L,200,200,1.0,descriptive_equal_weight_mother_world_means
population200,0.75,E3_replay,delay0,scheduled_count,200,200,74.35,descriptive_equal_weight_mother_world_means
population200,0.75,E3_replay,delay0,targeting_error_execution,200,200,0.6835220768925258,descriptive_equal_weight_mother_world_means
population200,0.75,E3_replay,delay0,waiting_time,200,200,0.0,descriptive_equal_weight_mother_world_means
population200,0.75,E3_replay,delay3,execution_count,200,200,74.545,descriptive_equal_weight_mother_world_means
population200,0.75,E3_replay,delay3,execution_coverage,200,200,0.7454500000000001,descriptive_equal_weight_mother_world_means
population200,0.75,E3_replay,delay3,exposure_gap,200,200,0.27439795669436273,descriptive_equal_weight_mother_world_means
population200,0.75,E3_replay,delay3,final_preference_shift,200,200,0.7191787586587536,descriptive_equal_weight_mother_world_means
population200,0.75,E3_replay,delay3,final_trust_mean,200,200,0.6135489040522657,descriptive_equal_weight_mother_world_means
population200,0.75,E3_replay,delay3,has_response,200,200,1.0,descriptive_equal_weight_mother_world_means
population200,0.75,E3_replay,delay3,max_pending,200,200,3.0,descriptive_equal_weight_mother_world_means
population200,0.75,E3_replay,delay3,pending_count,200,200,2.255,descriptive_equal_weight_mother_world_means
population200,0.75,E3_replay,delay3,perception_data_coverage,200,200,1.0,descriptive_equal_weight_mother_world_means
population200,0.75,E3_replay,delay3,platform_signal_coverage,200,200,1.0,descriptive_equal_weight_mother_world_means
population200,0.75,E3_replay,delay3,response_completion_L,200,200,1.0,descriptive_equal_weight_mother_world_means
population200,0.75,E3_replay,delay3,scheduled_count,200,200,74.35,descriptive_equal_weight_mother_world_means
population200,0.75,E3_replay,delay3,targeting_error_execution,200,200,0.6841572531255502,descriptive_equal_weight_mother_world_means
population200,0.75,E3_replay,delay3,waiting_time,200,200,3.0,descriptive_equal_weight_mother_world_means
population200,0.75,E4,B0,execution_count,200,200,74.545,descriptive_equal_weight_mother_world_means
population200,0.75,E4,B0,execution_coverage,200,200,0.7454500000000001,descriptive_equal_weight_mother_world_means
population200,0.75,E4,B0,exposure_gap,200,200,0.26234811683619197,descriptive_equal_weight_mother_world_means
population200,0.75,E4,B0,final_preference_shift,200,200,0.7265238939747585,descriptive_equal_weight_mother_world_means
population200,0.75,E4,B0,final_trust_mean,200,200,0.611852071654397,descriptive_equal_weight_mother_world_means
population200,0.75,E4,B0,has_response,200,200,1.0,descriptive_equal_weight_mother_world_means
population200,0.75,E4,B0,max_pending,200,200,3.0,descriptive_equal_weight_mother_world_means
population200,0.75,E4,B0,pending_count,200,200,2.255,descriptive_equal_weight_mother_world_means
population200,0.75,E4,B0,perception_data_coverage,200,200,1.0,descriptive_equal_weight_mother_world_means
population200,0.75,E4,B0,platform_signal_coverage,200,200,1.0,descriptive_equal_weight_mother_world_means
population200,0.75,E4,B0,response_completion_L,200,200,1.0,descriptive_equal_weight_mother_world_means
population200,0.75,E4,B0,scheduled_count,200,200,74.35,descriptive_equal_weight_mother_world_means
population200,0.75,E4,B0,targeting_error_execution,200,200,0.6724834187472802,descriptive_equal_weight_mother_world_means
population200,0.75,E4,B0,waiting_time,200,200,3.0,descriptive_equal_weight_mother_world_means
population200,0.75,E4,B1,execution_count,200,200,32.525,descriptive_equal_weight_mother_world_means
population200,0.75,E4,B1,execution_coverage,200,200,0.32525,descriptive_equal_weight_mother_world_means
population200,0.75,E4,B1,exposure_gap,200,200,0.2701002461232541,descriptive_equal_weight_mother_world_means
population200,0.75,E4,B1,final_preference_shift,200,200,0.7260904616898416,descriptive_equal_weight_mother_world_means
population200,0.75,E4,B1,final_trust_mean,200,200,0.6125122789865111,descriptive_equal_weight_mother_world_means
population200,0.75,E4,B1,has_response,200,200,1.0,descriptive_equal_weight_mother_world_means
population200,0.75,E4,B1,max_pending,200,200,3.0,descriptive_equal_weight_mother_world_means
population200,0.75,E4,B1,pending_count,200,200,0.975,descriptive_equal_weight_mother_world_means
population200,0.75,E4,B1,perception_data_coverage,200,200,1.0,descriptive_equal_weight_mother_world_means
population200,0.75,E4,B1,platform_signal_coverage,200,200,1.0,descriptive_equal_weight_mother_world_means
population200,0.75,E4,B1,response_completion_L,200,200,1.0,descriptive_equal_weight_mother_world_means
population200,0.75,E4,B1,scheduled_count,200,200,32.52,descriptive_equal_weight_mother_world_means
population200,0.75,E4,B1,targeting_error_execution,200,200,0.1684097038988396,descriptive_equal_weight_mother_world_means
population200,0.75,E4,B1,waiting_time,200,200,3.0,descriptive_equal_weight_mother_world_means
population200,0.75,E4,B2,execution_count,200,200,99.695,descriptive_equal_weight_mother_world_means
population200,0.75,E4,B2,execution_coverage,200,200,0.9969499999999999,descriptive_equal_weight_mother_world_means
population200,0.75,E4,B2,exposure_gap,200,200,0.22466955328283805,descriptive_equal_weight_mother_world_means
population200,0.75,E4,B2,final_preference_shift,200,200,0.7259813224981504,descriptive_equal_weight_mother_world_means
population200,0.75,E4,B2,final_trust_mean,200,200,0.6142849691909604,descriptive_equal_weight_mother_world_means
population200,0.75,E4,B2,has_response,200,200,1.0,descriptive_equal_weight_mother_world_means
population200,0.75,E4,B2,max_pending,200,200,3.0,descriptive_equal_weight_mother_world_means
population200,0.75,E4,B2,pending_count,200,200,1.0,descriptive_equal_weight_mother_world_means
population200,0.75,E4,B2,perception_data_coverage,200,200,1.0,descriptive_equal_weight_mother_world_means
population200,0.75,E4,B2,platform_signal_coverage,200,200,1.0,descriptive_equal_weight_mother_world_means
population200,0.75,E4,B2,response_completion_L,200,200,1.0,descriptive_equal_weight_mother_world_means
population200,0.75,E4,B2,scheduled_count,200,200,99.695,descriptive_equal_weight_mother_world_means
population200,0.75,E4,B2,targeting_error_execution,200,200,0.5842534412216377,descriptive_equal_weight_mother_world_means
population200,0.75,E4,B2,waiting_time,200,200,1.0,descriptive_equal_weight_mother_world_means
population200,0.75,E4,B4,execution_count,200,200,72.155,descriptive_equal_weight_mother_world_means
population200,0.75,E4,B4,execution_coverage,200,200,0.72155,descriptive_equal_weight_mother_world_means
population200,0.75,E4,B4,exposure_gap,200,200,0.0059540519078859384,descriptive_equal_weight_mother_world_means
population200,0.75,E4,B4,final_preference_shift,200,200,0.714304818841747,descriptive_equal_weight_mother_world_means
population200,0.75,E4,B4,final_trust_mean,200,200,0.5990374513794412,descriptive_equal_weight_mother_world_means
population200,0.75,E4,B4,has_response,200,200,1.0,descriptive_equal_weight_mother_world_means
population200,0.75,E4,B4,max_pending,200,200,3.0,descriptive_equal_weight_mother_world_means
population200,0.75,E4,B4,pending_count,200,200,2.14,descriptive_equal_weight_mother_world_means
population200,0.75,E4,B4,perception_data_coverage,200,200,1.0,descriptive_equal_weight_mother_world_means
population200,0.75,E4,B4,platform_signal_coverage,200,200,1.0,descriptive_equal_weight_mother_world_means
population200,0.75,E4,B4,response_completion_L,200,200,1.0,descriptive_equal_weight_mother_world_means
population200,0.75,E4,B4,scheduled_count,200,200,72.165,descriptive_equal_weight_mother_world_means
population200,0.75,E4,B4,targeting_error_execution,200,200,0.655394075515871,descriptive_equal_weight_mother_world_means
population200,0.75,E4,B4,waiting_time,200,200,3.0,descriptive_equal_weight_mother_world_means
prior5,0.25,E2,I00,execution_count,200,200,98.635,descriptive_equal_weight_mother_world_means
prior5,0.25,E2,I00,execution_coverage,200,200,0.9863500000000001,descriptive_equal_weight_mother_world_means
prior5,0.25,E2,I00,exposure_gap,200,200,0.003409286807906568,descriptive_equal_weight_mother_world_means
prior5,0.25,E2,I00,final_preference_shift,200,200,0.0679425535514061,descriptive_equal_weight_mother_world_means
prior5,0.25,E2,I00,final_trust_mean,200,200,0.6454421851405031,descriptive_equal_weight_mother_world_means
prior5,0.25,E2,I00,has_response,200,200,1.0,descriptive_equal_weight_mother_world_means
prior5,0.25,E2,I00,max_pending,200,200,3.0,descriptive_equal_weight_mother_world_means
prior5,0.25,E2,I00,pending_count,200,200,2.995,descriptive_equal_weight_mother_world_means
prior5,0.25,E2,I00,perception_data_coverage,200,200,1.0,descriptive_equal_weight_mother_world_means
prior5,0.25,E2,I00,platform_signal_coverage,200,200,1.0,descriptive_equal_weight_mother_world_means
prior5,0.25,E2,I00,response_completion_L,200,200,1.0,descriptive_equal_weight_mother_world_means
prior5,0.25,E2,I00,scheduled_count,200,200,98.635,descriptive_equal_weight_mother_world_means
prior5,0.25,E2,I00,targeting_error_execution,200,200,0.7496927483095266,descriptive_equal_weight_mother_world_means
prior5,0.25,E2,I00,waiting_time,200,200,3.0,descriptive_equal_weight_mother_world_means
prior5,0.25,E2,I01,execution_count,200,200,99.625,descriptive_equal_weight_mother_world_means
prior5,0.25,E2,I01,execution_coverage,200,200,0.99625,descriptive_equal_weight_mother_world_means
prior5,0.25,E2,I01,exposure_gap,200,200,0.0033560645145637113,descriptive_equal_weight_mother_world_means
prior5,0.25,E2,I01,final_preference_shift,200,200,0.06796147682070783,descriptive_equal_weight_mother_world_means
prior5,0.25,E2,I01,final_trust_mean,200,200,0.6460024667224101,descriptive_equal_weight_mother_world_means
prior5,0.25,E2,I01,has_response,200,200,1.0,descriptive_equal_weight_mother_world_means
prior5,0.25,E2,I01,max_pending,200,200,3.0,descriptive_equal_weight_mother_world_means
prior5,0.25,E2,I01,pending_count,200,200,3.0,descriptive_equal_weight_mother_world_means
prior5,0.25,E2,I01,perception_data_coverage,200,200,1.0,descriptive_equal_weight_mother_world_means
prior5,0.25,E2,I01,platform_signal_coverage,200,200,1.0,descriptive_equal_weight_mother_world_means
prior5,0.25,E2,I01,response_completion_L,200,200,1.0,descriptive_equal_weight_mother_world_means
prior5,0.25,E2,I01,scheduled_count,200,200,99.625,descriptive_equal_weight_mother_world_means
prior5,0.25,E2,I01,targeting_error_execution,200,200,0.749854634443516,descriptive_equal_weight_mother_world_means
prior5,0.25,E2,I01,waiting_time,200,200,3.0,descriptive_equal_weight_mother_world_means
prior5,0.25,E2,I10,execution_count,200,200,97.2,descriptive_equal_weight_mother_world_means
prior5,0.25,E2,I10,execution_coverage,200,200,0.972,descriptive_equal_weight_mother_world_means
prior5,0.25,E2,I10,exposure_gap,200,200,0.0034076538964268027,descriptive_equal_weight_mother_world_means
prior5,0.25,E2,I10,final_preference_shift,200,200,0.06789596748818423,descriptive_equal_weight_mother_world_means
prior5,0.25,E2,I10,final_trust_mean,200,200,0.645336479250357,descriptive_equal_weight_mother_world_means
prior5,0.25,E2,I10,has_response,200,200,1.0,descriptive_equal_weight_mother_world_means
prior5,0.25,E2,I10,max_pending,200,200,3.0,descriptive_equal_weight_mother_world_means
prior5,0.25,E2,I10,pending_count,200,200,2.94,descriptive_equal_weight_mother_world_means
prior5,0.25,E2,I10,perception_data_coverage,200,200,1.0,descriptive_equal_weight_mother_world_means
prior5,0.25,E2,I10,platform_signal_coverage,200,200,1.0,descriptive_equal_weight_mother_world_means
prior5,0.25,E2,I10,response_completion_L,200,200,1.0,descriptive_equal_weight_mother_world_means
prior5,0.25,E2,I10,scheduled_count,200,200,97.225,descriptive_equal_weight_mother_world_means
prior5,0.25,E2,I10,targeting_error_execution,200,200,0.7489884157454654,descriptive_equal_weight_mother_world_means
prior5,0.25,E2,I10,waiting_time,200,200,3.0,descriptive_equal_weight_mother_world_means
prior5,0.25,E2,I11,execution_count,200,200,99.01,descriptive_equal_weight_mother_world_means
prior5,0.25,E2,I11,execution_coverage,200,200,0.9901000000000001,descriptive_equal_weight_mother_world_means
prior5,0.25,E2,I11,exposure_gap,200,200,0.0033992815378535725,descriptive_equal_weight_mother_world_means
prior5,0.25,E2,I11,final_preference_shift,200,200,0.06794520983123185,descriptive_equal_weight_mother_world_means
prior5,0.25,E2,I11,final_trust_mean,200,200,0.6460835849855425,descriptive_equal_weight_mother_world_means
prior5,0.25,E2,I11,has_response,200,200,1.0,descriptive_equal_weight_mother_world_means
prior5,0.25,E2,I11,max_pending,200,200,3.0,descriptive_equal_weight_mother_world_means
prior5,0.25,E2,I11,pending_count,200,200,2.965,descriptive_equal_weight_mother_world_means
prior5,0.25,E2,I11,perception_data_coverage,200,200,1.0,descriptive_equal_weight_mother_world_means
prior5,0.25,E2,I11,platform_signal_coverage,200,200,1.0,descriptive_equal_weight_mother_world_means
prior5,0.25,E2,I11,response_completion_L,200,200,1.0,descriptive_equal_weight_mother_world_means
prior5,0.25,E2,I11,scheduled_count,200,200,98.985,descriptive_equal_weight_mother_world_means
prior5,0.25,E2,I11,targeting_error_execution,200,200,0.7495798224108641,descriptive_equal_weight_mother_world_means
prior5,0.25,E2,I11,waiting_time,200,200,3.0,descriptive_equal_weight_mother_world_means
prior5,0.25,E4,B0,execution_count,200,200,98.635,descriptive_equal_weight_mother_world_means
prior5,0.25,E4,B0,execution_coverage,200,200,0.9863500000000001,descriptive_equal_weight_mother_world_means
prior5,0.25,E4,B0,exposure_gap,200,200,0.003409286807906568,descriptive_equal_weight_mother_world_means
prior5,0.25,E4,B0,final_preference_shift,200,200,0.0679425535514061,descriptive_equal_weight_mother_world_means
prior5,0.25,E4,B0,final_trust_mean,200,200,0.6454421851405031,descriptive_equal_weight_mother_world_means
prior5,0.25,E4,B0,has_response,200,200,1.0,descriptive_equal_weight_mother_world_means
prior5,0.25,E4,B0,max_pending,200,200,3.0,descriptive_equal_weight_mother_world_means
prior5,0.25,E4,B0,pending_count,200,200,2.995,descriptive_equal_weight_mother_world_means
prior5,0.25,E4,B0,perception_data_coverage,200,200,1.0,descriptive_equal_weight_mother_world_means
prior5,0.25,E4,B0,platform_signal_coverage,200,200,1.0,descriptive_equal_weight_mother_world_means
prior5,0.25,E4,B0,response_completion_L,200,200,1.0,descriptive_equal_weight_mother_world_means
prior5,0.25,E4,B0,scheduled_count,200,200,98.635,descriptive_equal_weight_mother_world_means
prior5,0.25,E4,B0,targeting_error_execution,200,200,0.7496927483095266,descriptive_equal_weight_mother_world_means
prior5,0.25,E4,B0,waiting_time,200,200,3.0,descriptive_equal_weight_mother_world_means
prior5,0.25,E4,B1,execution_count,200,200,97.22,descriptive_equal_weight_mother_world_means
prior5,0.25,E4,B1,execution_coverage,200,200,0.9722,descriptive_equal_weight_mother_world_means
prior5,0.25,E4,B1,exposure_gap,200,200,0.0034630860970747456,descriptive_equal_weight_mother_world_means
prior5,0.25,E4,B1,final_preference_shift,200,200,0.06789658372470649,descriptive_equal_weight_mother_world_means
prior5,0.25,E4,B1,final_trust_mean,200,200,0.6452925498649336,descriptive_equal_weight_mother_world_means
prior5,0.25,E4,B1,has_response,200,200,1.0,descriptive_equal_weight_mother_world_means
prior5,0.25,E4,B1,max_pending,200,200,3.0,descriptive_equal_weight_mother_world_means
prior5,0.25,E4,B1,pending_count,200,200,2.945,descriptive_equal_weight_mother_world_means
prior5,0.25,E4,B1,perception_data_coverage,200,200,1.0,descriptive_equal_weight_mother_world_means
prior5,0.25,E4,B1,platform_signal_coverage,200,200,1.0,descriptive_equal_weight_mother_world_means
prior5,0.25,E4,B1,response_completion_L,200,200,1.0,descriptive_equal_weight_mother_world_means
prior5,0.25,E4,B1,scheduled_count,200,200,97.22,descriptive_equal_weight_mother_world_means
prior5,0.25,E4,B1,targeting_error_execution,200,200,0.7489716283716337,descriptive_equal_weight_mother_world_means
prior5,0.25,E4,B1,waiting_time,200,200,3.0,descriptive_equal_weight_mother_world_means
prior5,0.25,E4,B4,execution_count,200,200,79.225,descriptive_equal_weight_mother_world_means
prior5,0.25,E4,B4,execution_coverage,200,200,0.7922499999999999,descriptive_equal_weight_mother_world_means
prior5,0.25,E4,B4,exposure_gap,200,200,6.448304368099175e-05,descriptive_equal_weight_mother_world_means
prior5,0.25,E4,B4,final_preference_shift,200,200,0.06789508197291334,descriptive_equal_weight_mother_world_means
prior5,0.25,E4,B4,final_trust_mean,200,200,0.6405419807844404,descriptive_equal_weight_mother_world_means
prior5,0.25,E4,B4,has_response,200,200,1.0,descriptive_equal_weight_mother_world_means
prior5,0.25,E4,B4,max_pending,200,200,3.0,descriptive_equal_weight_mother_world_means
prior5,0.25,E4,B4,pending_count,200,200,2.13,descriptive_equal_weight_mother_world_means
prior5,0.25,E4,B4,perception_data_coverage,200,200,1.0,descriptive_equal_weight_mother_world_means
prior5,0.25,E4,B4,platform_signal_coverage,200,200,1.0,descriptive_equal_weight_mother_world_means
prior5,0.25,E4,B4,response_completion_L,200,200,1.0,descriptive_equal_weight_mother_world_means
prior5,0.25,E4,B4,scheduled_count,200,200,78.715,descriptive_equal_weight_mother_world_means
prior5,0.25,E4,B4,targeting_error_execution,200,200,0.7445919843093391,descriptive_equal_weight_mother_world_means
prior5,0.25,E4,B4,waiting_time,200,200,3.0,descriptive_equal_weight_mother_world_means
prior5,0.75,E2,I00,execution_count,200,200,76.065,descriptive_equal_weight_mother_world_means
prior5,0.75,E2,I00,execution_coverage,200,200,0.7606499999999999,descriptive_equal_weight_mother_world_means
prior5,0.75,E2,I00,exposure_gap,200,200,0.2766476899048566,descriptive_equal_weight_mother_world_means
prior5,0.75,E2,I00,final_preference_shift,200,200,0.7189302666457387,descriptive_equal_weight_mother_world_means
prior5,0.75,E2,I00,final_trust_mean,200,200,0.6192446964604542,descriptive_equal_weight_mother_world_means
prior5,0.75,E2,I00,has_response,200,200,1.0,descriptive_equal_weight_mother_world_means
prior5,0.75,E2,I00,max_pending,200,200,3.0,descriptive_equal_weight_mother_world_means
prior5,0.75,E2,I00,pending_count,200,200,2.225,descriptive_equal_weight_mother_world_means
prior5,0.75,E2,I00,perception_data_coverage,200,200,1.0,descriptive_equal_weight_mother_world_means
prior5,0.75,E2,I00,platform_signal_coverage,200,200,1.0,descriptive_equal_weight_mother_world_means
prior5,0.75,E2,I00,response_completion_L,200,200,1.0,descriptive_equal_weight_mother_world_means
prior5,0.75,E2,I00,scheduled_count,200,200,75.835,descriptive_equal_weight_mother_world_means
prior5,0.75,E2,I00,targeting_error_execution,200,200,0.6770252313093971,descriptive_equal_weight_mother_world_means
prior5,0.75,E2,I00,waiting_time,200,200,3.0,descriptive_equal_weight_mother_world_means
prior5,0.75,E2,I01,execution_count,200,200,98.105,descriptive_equal_weight_mother_world_means
prior5,0.75,E2,I01,execution_coverage,200,200,0.9810500000000001,descriptive_equal_weight_mother_world_means
prior5,0.75,E2,I01,exposure_gap,200,200,0.2536096680484642,descriptive_equal_weight_mother_world_means
prior5,0.75,E2,I01,final_preference_shift,200,200,0.7266754443644176,descriptive_equal_weight_mother_world_means
prior5,0.75,E2,I01,final_trust_mean,200,200,0.6193356730820123,descriptive_equal_weight_mother_world_means
prior5,0.75,E2,I01,has_response,200,200,1.0,descriptive_equal_weight_mother_world_means
prior5,0.75,E2,I01,max_pending,200,200,3.0,descriptive_equal_weight_mother_world_means
prior5,0.75,E2,I01,pending_count,200,200,3.0,descriptive_equal_weight_mother_world_means
prior5,0.75,E2,I01,perception_data_coverage,200,200,1.0,descriptive_equal_weight_mother_world_means
prior5,0.75,E2,I01,platform_signal_coverage,200,200,1.0,descriptive_equal_weight_mother_world_means
prior5,0.75,E2,I01,response_completion_L,200,200,1.0,descriptive_equal_weight_mother_world_means
prior5,0.75,E2,I01,scheduled_count,200,200,98.12,descriptive_equal_weight_mother_world_means
prior5,0.75,E2,I01,targeting_error_execution,200,200,0.7493956273807528,descriptive_equal_weight_mother_world_means
prior5,0.75,E2,I01,waiting_time,200,200,3.0,descriptive_equal_weight_mother_world_means
prior5,0.75,E2,I10,execution_count,200,200,30.335,descriptive_equal_weight_mother_world_means
prior5,0.75,E2,I10,execution_coverage,200,200,0.30335,descriptive_equal_weight_mother_world_means
prior5,0.75,E2,I10,exposure_gap,200,200,0.25074140062201083,descriptive_equal_weight_mother_world_means
prior5,0.75,E2,I10,final_preference_shift,200,200,0.7237126575539508,descriptive_equal_weight_mother_world_means
prior5,0.75,E2,I10,final_trust_mean,200,200,0.6140702777240208,descriptive_equal_weight_mother_world_means
prior5,0.75,E2,I10,has_response,200,200,1.0,descriptive_equal_weight_mother_world_means
prior5,0.75,E2,I10,max_pending,200,200,3.0,descriptive_equal_weight_mother_world_means
prior5,0.75,E2,I10,pending_count,200,200,0.805,descriptive_equal_weight_mother_world_means
prior5,0.75,E2,I10,perception_data_coverage,200,200,1.0,descriptive_equal_weight_mother_world_means
prior5,0.75,E2,I10,platform_signal_coverage,200,200,1.0,descriptive_equal_weight_mother_world_means
prior5,0.75,E2,I10,response_completion_L,200,200,1.0,descriptive_equal_weight_mother_world_means
prior5,0.75,E2,I10,scheduled_count,200,200,30.265,descriptive_equal_weight_mother_world_means
prior5,0.75,E2,I10,targeting_error_execution,200,200,0.11432078587772096,descriptive_equal_weight_mother_world_means
prior5,0.75,E2,I10,waiting_time,200,200,3.0,descriptive_equal_weight_mother_world_means
prior5,0.75,E2,I11,execution_count,200,200,29.25,descriptive_equal_weight_mother_world_means
prior5,0.75,E2,I11,execution_coverage,200,200,0.2925,descriptive_equal_weight_mother_world_means
prior5,0.75,E2,I11,exposure_gap,200,200,0.2437626104049751,descriptive_equal_weight_mother_world_means
prior5,0.75,E2,I11,final_preference_shift,200,200,0.727129534999916,descriptive_equal_weight_mother_world_means
prior5,0.75,E2,I11,final_trust_mean,200,200,0.6147274538620142,descriptive_equal_weight_mother_world_means
prior5,0.75,E2,I11,has_response,200,200,1.0,descriptive_equal_weight_mother_world_means
prior5,0.75,E2,I11,max_pending,200,200,3.0,descriptive_equal_weight_mother_world_means
prior5,0.75,E2,I11,pending_count,200,200,0.715,descriptive_equal_weight_mother_world_means
prior5,0.75,E2,I11,perception_data_coverage,200,200,1.0,descriptive_equal_weight_mother_world_means
prior5,0.75,E2,I11,platform_signal_coverage,200,200,1.0,descriptive_equal_weight_mother_world_means
prior5,0.75,E2,I11,response_completion_L,200,200,1.0,descriptive_equal_weight_mother_world_means
prior5,0.75,E2,I11,scheduled_count,200,200,29.14,descriptive_equal_weight_mother_world_means
prior5,0.75,E2,I11,targeting_error_execution,200,200,0.09693614028529353,descriptive_equal_weight_mother_world_means
prior5,0.75,E2,I11,waiting_time,200,200,3.0,descriptive_equal_weight_mother_world_means
prior5,0.75,E4,B0,execution_count,200,200,76.065,descriptive_equal_weight_mother_world_means
prior5,0.75,E4,B0,execution_coverage,200,200,0.7606499999999999,descriptive_equal_weight_mother_world_means
prior5,0.75,E4,B0,exposure_gap,200,200,0.2766476899048566,descriptive_equal_weight_mother_world_means
prior5,0.75,E4,B0,final_preference_shift,200,200,0.7189302666457387,descriptive_equal_weight_mother_world_means
prior5,0.75,E4,B0,final_trust_mean,200,200,0.6192446964604542,descriptive_equal_weight_mother_world_means
prior5,0.75,E4,B0,has_response,200,200,1.0,descriptive_equal_weight_mother_world_means
prior5,0.75,E4,B0,max_pending,200,200,3.0,descriptive_equal_weight_mother_world_means
prior5,0.75,E4,B0,pending_count,200,200,2.225,descriptive_equal_weight_mother_world_means
prior5,0.75,E4,B0,perception_data_coverage,200,200,1.0,descriptive_equal_weight_mother_world_means
prior5,0.75,E4,B0,platform_signal_coverage,200,200,1.0,descriptive_equal_weight_mother_world_means
prior5,0.75,E4,B0,response_completion_L,200,200,1.0,descriptive_equal_weight_mother_world_means
prior5,0.75,E4,B0,scheduled_count,200,200,75.835,descriptive_equal_weight_mother_world_means
prior5,0.75,E4,B0,targeting_error_execution,200,200,0.6770252313093971,descriptive_equal_weight_mother_world_means
prior5,0.75,E4,B0,waiting_time,200,200,3.0,descriptive_equal_weight_mother_world_means
prior5,0.75,E4,B1,execution_count,200,200,30.75,descriptive_equal_weight_mother_world_means
prior5,0.75,E4,B1,execution_coverage,200,200,0.3075,descriptive_equal_weight_mother_world_means
prior5,0.75,E4,B1,exposure_gap,200,200,0.27585865607900234,descriptive_equal_weight_mother_world_means
prior5,0.75,E4,B1,final_preference_shift,200,200,0.7249720172601775,descriptive_equal_weight_mother_world_means
prior5,0.75,E4,B1,final_trust_mean,200,200,0.6188903766355635,descriptive_equal_weight_mother_world_means
prior5,0.75,E4,B1,has_response,200,200,1.0,descriptive_equal_weight_mother_world_means
prior5,0.75,E4,B1,max_pending,200,200,3.0,descriptive_equal_weight_mother_world_means
prior5,0.75,E4,B1,pending_count,200,200,0.8,descriptive_equal_weight_mother_world_means
prior5,0.75,E4,B1,perception_data_coverage,200,200,1.0,descriptive_equal_weight_mother_world_means
prior5,0.75,E4,B1,platform_signal_coverage,200,200,1.0,descriptive_equal_weight_mother_world_means
prior5,0.75,E4,B1,response_completion_L,200,200,1.0,descriptive_equal_weight_mother_world_means
prior5,0.75,E4,B1,scheduled_count,200,200,30.62,descriptive_equal_weight_mother_world_means
prior5,0.75,E4,B1,targeting_error_execution,200,200,0.13270688526456717,descriptive_equal_weight_mother_world_means
prior5,0.75,E4,B1,waiting_time,200,200,3.0,descriptive_equal_weight_mother_world_means
prior5,0.75,E4,B4,execution_count,200,200,72.615,descriptive_equal_weight_mother_world_means
prior5,0.75,E4,B4,execution_coverage,200,200,0.72615,descriptive_equal_weight_mother_world_means
prior5,0.75,E4,B4,exposure_gap,200,200,0.006200352260740563,descriptive_equal_weight_mother_world_means
prior5,0.75,E4,B4,final_preference_shift,200,200,0.7174502051989248,descriptive_equal_weight_mother_world_means
prior5,0.75,E4,B4,final_trust_mean,200,200,0.6077316787612178,descriptive_equal_weight_mother_world_means
prior5,0.75,E4,B4,has_response,200,200,1.0,descriptive_equal_weight_mother_world_means
prior5,0.75,E4,B4,max_pending,200,200,3.0,descriptive_equal_weight_mother_world_means
prior5,0.75,E4,B4,pending_count,200,200,2.15,descriptive_equal_weight_mother_world_means
prior5,0.75,E4,B4,perception_data_coverage,200,200,1.0,descriptive_equal_weight_mother_world_means
prior5,0.75,E4,B4,platform_signal_coverage,200,200,1.0,descriptive_equal_weight_mother_world_means
prior5,0.75,E4,B4,response_completion_L,200,200,1.0,descriptive_equal_weight_mother_world_means
prior5,0.75,E4,B4,scheduled_count,200,200,72.62,descriptive_equal_weight_mother_world_means
prior5,0.75,E4,B4,targeting_error_execution,200,200,0.6535922726528248,descriptive_equal_weight_mother_world_means
prior5,0.75,E4,B4,waiting_time,200,200,3.0,descriptive_equal_weight_mother_world_means
reference16,0.25,E2,I00,execution_count,200,200,83.66,descriptive_equal_weight_mother_world_means
reference16,0.25,E2,I00,execution_coverage,200,200,0.8366,descriptive_equal_weight_mother_world_means
reference16,0.25,E2,I00,exposure_gap,200,200,0.003766724306643493,descriptive_equal_weight_mother_world_means
reference16,0.25,E2,I00,final_preference_shift,200,200,0.06793981420204513,descriptive_equal_weight_mother_world_means
reference16,0.25,E2,I00,final_trust_mean,200,200,0.6437156052101659,descriptive_equal_weight_mother_world_means
reference16,0.25,E2,I00,has_response,200,200,1.0,descriptive_equal_weight_mother_world_means
reference16,0.25,E2,I00,max_pending,200,200,3.0,descriptive_equal_weight_mother_world_means
reference16,0.25,E2,I00,pending_count,200,200,2.4,descriptive_equal_weight_mother_world_means
reference16,0.25,E2,I00,perception_data_coverage,200,200,1.0,descriptive_equal_weight_mother_world_means
reference16,0.25,E2,I00,platform_signal_coverage,200,200,1.0,descriptive_equal_weight_mother_world_means
reference16,0.25,E2,I00,response_completion_L,200,200,1.0,descriptive_equal_weight_mother_world_means
reference16,0.25,E2,I00,scheduled_count,200,200,83.625,descriptive_equal_weight_mother_world_means
reference16,0.25,E2,I00,targeting_error_execution,200,200,0.7456146843286642,descriptive_equal_weight_mother_world_means
reference16,0.25,E2,I00,waiting_time,200,200,3.0,descriptive_equal_weight_mother_world_means
reference16,0.25,E2,I01,execution_count,200,200,99.795,descriptive_equal_weight_mother_world_means
reference16,0.25,E2,I01,execution_coverage,200,200,0.99795,descriptive_equal_weight_mother_world_means
reference16,0.25,E2,I01,exposure_gap,200,200,0.0033227980909978833,descriptive_equal_weight_mother_world_means
reference16,0.25,E2,I01,final_preference_shift,200,200,0.06796134669180465,descriptive_equal_weight_mother_world_means
reference16,0.25,E2,I01,final_trust_mean,200,200,0.6459470610807734,descriptive_equal_weight_mother_world_means
reference16,0.25,E2,I01,has_response,200,200,1.0,descriptive_equal_weight_mother_world_means
reference16,0.25,E2,I01,max_pending,200,200,3.0,descriptive_equal_weight_mother_world_means
reference16,0.25,E2,I01,pending_count,200,200,3.0,descriptive_equal_weight_mother_world_means
reference16,0.25,E2,I01,perception_data_coverage,200,200,1.0,descriptive_equal_weight_mother_world_means
reference16,0.25,E2,I01,platform_signal_coverage,200,200,1.0,descriptive_equal_weight_mother_world_means
reference16,0.25,E2,I01,response_completion_L,200,200,1.0,descriptive_equal_weight_mother_world_means
reference16,0.25,E2,I01,scheduled_count,200,200,99.795,descriptive_equal_weight_mother_world_means
reference16,0.25,E2,I01,targeting_error_execution,200,200,0.7499081299631378,descriptive_equal_weight_mother_world_means
reference16,0.25,E2,I01,waiting_time,200,200,3.0,descriptive_equal_weight_mother_world_means
reference16,0.25,E2,I10,execution_count,200,200,94.91,descriptive_equal_weight_mother_world_means
reference16,0.25,E2,I10,execution_coverage,200,200,0.9490999999999999,descriptive_equal_weight_mother_world_means
reference16,0.25,E2,I10,exposure_gap,200,200,0.0034162294789289787,descriptive_equal_weight_mother_world_means
reference16,0.25,E2,I10,final_preference_shift,200,200,0.06793744243952825,descriptive_equal_weight_mother_world_means
reference16,0.25,E2,I10,final_trust_mean,200,200,0.6446496200398102,descriptive_equal_weight_mother_world_means
reference16,0.25,E2,I10,has_response,200,200,1.0,descriptive_equal_weight_mother_world_means
reference16,0.25,E2,I10,max_pending,200,200,3.0,descriptive_equal_weight_mother_world_means
reference16,0.25,E2,I10,pending_count,200,200,2.865,descriptive_equal_weight_mother_world_means
reference16,0.25,E2,I10,perception_data_coverage,200,200,1.0,descriptive_equal_weight_mother_world_means
reference16,0.25,E2,I10,platform_signal_coverage,200,200,1.0,descriptive_equal_weight_mother_world_means
reference16,0.25,E2,I10,response_completion_L,200,200,1.0,descriptive_equal_weight_mother_world_means
reference16,0.25,E2,I10,scheduled_count,200,200,94.885,descriptive_equal_weight_mother_world_means
reference16,0.25,E2,I10,targeting_error_execution,200,200,0.7482629393073326,descriptive_equal_weight_mother_world_means
reference16,0.25,E2,I10,waiting_time,200,200,3.0,descriptive_equal_weight_mother_world_means
reference16,0.25,E2,I11,execution_count,200,200,98.885,descriptive_equal_weight_mother_world_means
reference16,0.25,E2,I11,execution_coverage,200,200,0.98885,descriptive_equal_weight_mother_world_means
reference16,0.25,E2,I11,exposure_gap,200,200,0.0033154700510832353,descriptive_equal_weight_mother_world_means
reference16,0.25,E2,I11,final_preference_shift,200,200,0.06799170463688153,descriptive_equal_weight_mother_world_means
reference16,0.25,E2,I11,final_trust_mean,200,200,0.6463616348092167,descriptive_equal_weight_mother_world_means
reference16,0.25,E2,I11,has_response,200,200,1.0,descriptive_equal_weight_mother_world_means
reference16,0.25,E2,I11,max_pending,200,200,3.0,descriptive_equal_weight_mother_world_means
reference16,0.25,E2,I11,pending_count,200,200,2.96,descriptive_equal_weight_mother_world_means
reference16,0.25,E2,I11,perception_data_coverage,200,200,1.0,descriptive_equal_weight_mother_world_means
reference16,0.25,E2,I11,platform_signal_coverage,200,200,1.0,descriptive_equal_weight_mother_world_means
reference16,0.25,E2,I11,response_completion_L,200,200,1.0,descriptive_equal_weight_mother_world_means
reference16,0.25,E2,I11,scheduled_count,200,200,98.87,descriptive_equal_weight_mother_world_means
reference16,0.25,E2,I11,targeting_error_execution,200,200,0.7495289471543731,descriptive_equal_weight_mother_world_means
reference16,0.25,E2,I11,waiting_time,200,200,3.0,descriptive_equal_weight_mother_world_means
reference16,0.25,E4,B0,execution_count,200,200,83.66,descriptive_equal_weight_mother_world_means
reference16,0.25,E4,B0,execution_coverage,200,200,0.8366,descriptive_equal_weight_mother_world_means
reference16,0.25,E4,B0,exposure_gap,200,200,0.003766724306643493,descriptive_equal_weight_mother_world_means
reference16,0.25,E4,B0,final_preference_shift,200,200,0.06793981420204513,descriptive_equal_weight_mother_world_means
reference16,0.25,E4,B0,final_trust_mean,200,200,0.6437156052101659,descriptive_equal_weight_mother_world_means
reference16,0.25,E4,B0,has_response,200,200,1.0,descriptive_equal_weight_mother_world_means
reference16,0.25,E4,B0,max_pending,200,200,3.0,descriptive_equal_weight_mother_world_means
reference16,0.25,E4,B0,pending_count,200,200,2.4,descriptive_equal_weight_mother_world_means
reference16,0.25,E4,B0,perception_data_coverage,200,200,1.0,descriptive_equal_weight_mother_world_means
reference16,0.25,E4,B0,platform_signal_coverage,200,200,1.0,descriptive_equal_weight_mother_world_means
reference16,0.25,E4,B0,response_completion_L,200,200,1.0,descriptive_equal_weight_mother_world_means
reference16,0.25,E4,B0,scheduled_count,200,200,83.625,descriptive_equal_weight_mother_world_means
reference16,0.25,E4,B0,targeting_error_execution,200,200,0.7456146843286642,descriptive_equal_weight_mother_world_means
reference16,0.25,E4,B0,waiting_time,200,200,3.0,descriptive_equal_weight_mother_world_means
reference16,0.25,E4,B1,execution_count,200,200,95.045,descriptive_equal_weight_mother_world_means
reference16,0.25,E4,B1,execution_coverage,200,200,0.95045,descriptive_equal_weight_mother_world_means
reference16,0.25,E4,B1,exposure_gap,200,200,0.0034458120511376778,descriptive_equal_weight_mother_world_means
reference16,0.25,E4,B1,final_preference_shift,200,200,0.06793987520097601,descriptive_equal_weight_mother_world_means
reference16,0.25,E4,B1,final_trust_mean,200,200,0.6451195071521956,descriptive_equal_weight_mother_world_means
reference16,0.25,E4,B1,has_response,200,200,1.0,descriptive_equal_weight_mother_world_means
reference16,0.25,E4,B1,max_pending,200,200,3.0,descriptive_equal_weight_mother_world_means
reference16,0.25,E4,B1,pending_count,200,200,2.83,descriptive_equal_weight_mother_world_means
reference16,0.25,E4,B1,perception_data_coverage,200,200,1.0,descriptive_equal_weight_mother_world_means
reference16,0.25,E4,B1,platform_signal_coverage,200,200,1.0,descriptive_equal_weight_mother_world_means
reference16,0.25,E4,B1,response_completion_L,200,200,1.0,descriptive_equal_weight_mother_world_means
reference16,0.25,E4,B1,scheduled_count,200,200,95.02,descriptive_equal_weight_mother_world_means
reference16,0.25,E4,B1,targeting_error_execution,200,200,0.7482834920132467,descriptive_equal_weight_mother_world_means
reference16,0.25,E4,B1,waiting_time,200,200,3.0,descriptive_equal_weight_mother_world_means
reference16,0.25,E4,B4,execution_count,200,200,65.84,descriptive_equal_weight_mother_world_means
reference16,0.25,E4,B4,execution_coverage,200,200,0.6584,descriptive_equal_weight_mother_world_means
reference16,0.25,E4,B4,exposure_gap,200,200,6.418642067143733e-05,descriptive_equal_weight_mother_world_means
reference16,0.25,E4,B4,final_preference_shift,200,200,0.06793988361237399,descriptive_equal_weight_mother_world_means
reference16,0.25,E4,B4,final_trust_mean,200,200,0.639583076711725,descriptive_equal_weight_mother_world_means
reference16,0.25,E4,B4,has_response,200,200,1.0,descriptive_equal_weight_mother_world_means
reference16,0.25,E4,B4,max_pending,200,200,3.0,descriptive_equal_weight_mother_world_means
reference16,0.25,E4,B4,pending_count,200,200,1.945,descriptive_equal_weight_mother_world_means
reference16,0.25,E4,B4,perception_data_coverage,200,200,1.0,descriptive_equal_weight_mother_world_means
reference16,0.25,E4,B4,platform_signal_coverage,200,200,1.0,descriptive_equal_weight_mother_world_means
reference16,0.25,E4,B4,response_completion_L,200,200,1.0,descriptive_equal_weight_mother_world_means
reference16,0.25,E4,B4,scheduled_count,200,200,65.68,descriptive_equal_weight_mother_world_means
reference16,0.25,E4,B4,targeting_error_execution,200,200,0.7385694829362577,descriptive_equal_weight_mother_world_means
reference16,0.25,E4,B4,waiting_time,200,200,3.0,descriptive_equal_weight_mother_world_means
reference16,0.75,E2,I00,execution_count,200,200,76.355,descriptive_equal_weight_mother_world_means
reference16,0.75,E2,I00,execution_coverage,200,200,0.7635500000000001,descriptive_equal_weight_mother_world_means
reference16,0.75,E2,I00,exposure_gap,200,200,0.27257282998319854,descriptive_equal_weight_mother_world_means
reference16,0.75,E2,I00,final_preference_shift,200,200,0.7257206662166059,descriptive_equal_weight_mother_world_means
reference16,0.75,E2,I00,final_trust_mean,200,200,0.6171439759608756,descriptive_equal_weight_mother_world_means
reference16,0.75,E2,I00,has_response,200,200,1.0,descriptive_equal_weight_mother_world_means
reference16,0.75,E2,I00,max_pending,200,200,3.0,descriptive_equal_weight_mother_world_means
reference16,0.75,E2,I00,pending_count,200,200,2.21,descriptive_equal_weight_mother_world_means
reference16,0.75,E2,I00,perception_data_coverage,200,200,1.0,descriptive_equal_weight_mother_world_means
reference16,0.75,E2,I00,platform_signal_coverage,200,200,1.0,descriptive_equal_weight_mother_world_means
reference16,0.75,E2,I00,response_completion_L,200,200,1.0,descriptive_equal_weight_mother_world_means
reference16,0.75,E2,I00,scheduled_count,200,200,76.235,descriptive_equal_weight_mother_world_means
reference16,0.75,E2,I00,targeting_error_execution,200,200,0.6794363161870329,descriptive_equal_weight_mother_world_means
reference16,0.75,E2,I00,waiting_time,200,200,3.0,descriptive_equal_weight_mother_world_means
reference16,0.75,E2,I01,execution_count,200,200,98.225,descriptive_equal_weight_mother_world_means
reference16,0.75,E2,I01,execution_coverage,200,200,0.98225,descriptive_equal_weight_mother_world_means
reference16,0.75,E2,I01,exposure_gap,200,200,0.2505027409141918,descriptive_equal_weight_mother_world_means
reference16,0.75,E2,I01,final_preference_shift,200,200,0.7215925847307062,descriptive_equal_weight_mother_world_means
reference16,0.75,E2,I01,final_trust_mean,200,200,0.6181198326705699,descriptive_equal_weight_mother_world_means
reference16,0.75,E2,I01,has_response,200,200,1.0,descriptive_equal_weight_mother_world_means
reference16,0.75,E2,I01,max_pending,200,200,3.0,descriptive_equal_weight_mother_world_means
reference16,0.75,E2,I01,pending_count,200,200,2.99,descriptive_equal_weight_mother_world_means
reference16,0.75,E2,I01,perception_data_coverage,200,200,1.0,descriptive_equal_weight_mother_world_means
reference16,0.75,E2,I01,platform_signal_coverage,200,200,1.0,descriptive_equal_weight_mother_world_means
reference16,0.75,E2,I01,response_completion_L,200,200,1.0,descriptive_equal_weight_mother_world_means
reference16,0.75,E2,I01,scheduled_count,200,200,98.24,descriptive_equal_weight_mother_world_means
reference16,0.75,E2,I01,targeting_error_execution,200,200,0.7496837300902667,descriptive_equal_weight_mother_world_means
reference16,0.75,E2,I01,waiting_time,200,200,3.0,descriptive_equal_weight_mother_world_means
reference16,0.75,E2,I10,execution_count,200,200,31.77,descriptive_equal_weight_mother_world_means
reference16,0.75,E2,I10,execution_coverage,200,200,0.3177,descriptive_equal_weight_mother_world_means
reference16,0.75,E2,I10,exposure_gap,200,200,0.23860998258986435,descriptive_equal_weight_mother_world_means
reference16,0.75,E2,I10,final_preference_shift,200,200,0.7203747789984634,descriptive_equal_weight_mother_world_means
reference16,0.75,E2,I10,final_trust_mean,200,200,0.6135675907767169,descriptive_equal_weight_mother_world_means
reference16,0.75,E2,I10,has_response,200,200,1.0,descriptive_equal_weight_mother_world_means
reference16,0.75,E2,I10,max_pending,200,200,3.0,descriptive_equal_weight_mother_world_means
reference16,0.75,E2,I10,pending_count,200,200,0.87,descriptive_equal_weight_mother_world_means
reference16,0.75,E2,I10,perception_data_coverage,200,200,1.0,descriptive_equal_weight_mother_world_means
reference16,0.75,E2,I10,platform_signal_coverage,200,200,1.0,descriptive_equal_weight_mother_world_means
reference16,0.75,E2,I10,response_completion_L,200,200,1.0,descriptive_equal_weight_mother_world_means
reference16,0.75,E2,I10,scheduled_count,200,200,31.64,descriptive_equal_weight_mother_world_means
reference16,0.75,E2,I10,targeting_error_execution,200,200,0.1422442889715857,descriptive_equal_weight_mother_world_means
reference16,0.75,E2,I10,waiting_time,200,200,3.0,descriptive_equal_weight_mother_world_means
reference16,0.75,E2,I11,execution_count,200,200,29.4,descriptive_equal_weight_mother_world_means
reference16,0.75,E2,I11,execution_coverage,200,200,0.294,descriptive_equal_weight_mother_world_means
reference16,0.75,E2,I11,exposure_gap,200,200,0.24128883738696122,descriptive_equal_weight_mother_world_means
reference16,0.75,E2,I11,final_preference_shift,200,200,0.7262092352220965,descriptive_equal_weight_mother_world_means
reference16,0.75,E2,I11,final_trust_mean,200,200,0.614760797678847,descriptive_equal_weight_mother_world_means
reference16,0.75,E2,I11,has_response,200,200,1.0,descriptive_equal_weight_mother_world_means
reference16,0.75,E2,I11,max_pending,200,200,3.0,descriptive_equal_weight_mother_world_means
reference16,0.75,E2,I11,pending_count,200,200,0.72,descriptive_equal_weight_mother_world_means
reference16,0.75,E2,I11,perception_data_coverage,200,200,1.0,descriptive_equal_weight_mother_world_means
reference16,0.75,E2,I11,platform_signal_coverage,200,200,1.0,descriptive_equal_weight_mother_world_means
reference16,0.75,E2,I11,response_completion_L,200,200,1.0,descriptive_equal_weight_mother_world_means
reference16,0.75,E2,I11,scheduled_count,200,200,29.29,descriptive_equal_weight_mother_world_means
reference16,0.75,E2,I11,targeting_error_execution,200,200,0.1001915545077056,descriptive_equal_weight_mother_world_means
reference16,0.75,E2,I11,waiting_time,200,200,3.0,descriptive_equal_weight_mother_world_means
reference16,0.75,E4,B0,execution_count,200,200,76.355,descriptive_equal_weight_mother_world_means
reference16,0.75,E4,B0,execution_coverage,200,200,0.7635500000000001,descriptive_equal_weight_mother_world_means
reference16,0.75,E4,B0,exposure_gap,200,200,0.27257282998319854,descriptive_equal_weight_mother_world_means
reference16,0.75,E4,B0,final_preference_shift,200,200,0.7257206662166059,descriptive_equal_weight_mother_world_means
reference16,0.75,E4,B0,final_trust_mean,200,200,0.6171439759608756,descriptive_equal_weight_mother_world_means
reference16,0.75,E4,B0,has_response,200,200,1.0,descriptive_equal_weight_mother_world_means
reference16,0.75,E4,B0,max_pending,200,200,3.0,descriptive_equal_weight_mother_world_means
reference16,0.75,E4,B0,pending_count,200,200,2.21,descriptive_equal_weight_mother_world_means
reference16,0.75,E4,B0,perception_data_coverage,200,200,1.0,descriptive_equal_weight_mother_world_means
reference16,0.75,E4,B0,platform_signal_coverage,200,200,1.0,descriptive_equal_weight_mother_world_means
reference16,0.75,E4,B0,response_completion_L,200,200,1.0,descriptive_equal_weight_mother_world_means
reference16,0.75,E4,B0,scheduled_count,200,200,76.235,descriptive_equal_weight_mother_world_means
reference16,0.75,E4,B0,targeting_error_execution,200,200,0.6794363161870329,descriptive_equal_weight_mother_world_means
reference16,0.75,E4,B0,waiting_time,200,200,3.0,descriptive_equal_weight_mother_world_means
reference16,0.75,E4,B1,execution_count,200,200,32.23,descriptive_equal_weight_mother_world_means
reference16,0.75,E4,B1,execution_coverage,200,200,0.3223,descriptive_equal_weight_mother_world_means
reference16,0.75,E4,B1,exposure_gap,200,200,0.26668065250621287,descriptive_equal_weight_mother_world_means
reference16,0.75,E4,B1,final_preference_shift,200,200,0.724221464842237,descriptive_equal_weight_mother_world_means
reference16,0.75,E4,B1,final_trust_mean,200,200,0.6182473618435039,descriptive_equal_weight_mother_world_means
reference16,0.75,E4,B1,has_response,200,200,1.0,descriptive_equal_weight_mother_world_means
reference16,0.75,E4,B1,max_pending,200,200,3.0,descriptive_equal_weight_mother_world_means
reference16,0.75,E4,B1,pending_count,200,200,0.94,descriptive_equal_weight_mother_world_means
reference16,0.75,E4,B1,perception_data_coverage,200,200,1.0,descriptive_equal_weight_mother_world_means
reference16,0.75,E4,B1,platform_signal_coverage,200,200,1.0,descriptive_equal_weight_mother_world_means
reference16,0.75,E4,B1,response_completion_L,200,200,1.0,descriptive_equal_weight_mother_world_means
reference16,0.75,E4,B1,scheduled_count,200,200,32.11,descriptive_equal_weight_mother_world_means
reference16,0.75,E4,B1,targeting_error_execution,200,200,0.1615262358491422,descriptive_equal_weight_mother_world_means
reference16,0.75,E4,B1,waiting_time,200,200,3.0,descriptive_equal_weight_mother_world_means
reference16,0.75,E4,B4,execution_count,200,200,75.185,descriptive_equal_weight_mother_world_means
reference16,0.75,E4,B4,execution_coverage,200,200,0.75185,descriptive_equal_weight_mother_world_means
reference16,0.75,E4,B4,exposure_gap,200,200,0.0061844173983528995,descriptive_equal_weight_mother_world_means
reference16,0.75,E4,B4,final_preference_shift,200,200,0.7095860092210529,descriptive_equal_weight_mother_world_means
reference16,0.75,E4,B4,final_trust_mean,200,200,0.609412089114092,descriptive_equal_weight_mother_world_means
reference16,0.75,E4,B4,has_response,200,200,1.0,descriptive_equal_weight_mother_world_means
reference16,0.75,E4,B4,max_pending,200,200,3.0,descriptive_equal_weight_mother_world_means
reference16,0.75,E4,B4,pending_count,200,200,2.145,descriptive_equal_weight_mother_world_means
reference16,0.75,E4,B4,perception_data_coverage,200,200,1.0,descriptive_equal_weight_mother_world_means
reference16,0.75,E4,B4,platform_signal_coverage,200,200,1.0,descriptive_equal_weight_mother_world_means
reference16,0.75,E4,B4,response_completion_L,200,200,1.0,descriptive_equal_weight_mother_world_means
reference16,0.75,E4,B4,scheduled_count,200,200,75.125,descriptive_equal_weight_mother_world_means
reference16,0.75,E4,B4,targeting_error_execution,200,200,0.6736008700993626,descriptive_equal_weight_mother_world_means
reference16,0.75,E4,B4,waiting_time,200,200,3.0,descriptive_equal_weight_mother_world_means
reference8,0.25,E2,I00,execution_count,200,200,76.37,descriptive_equal_weight_mother_world_means
reference8,0.25,E2,I00,execution_coverage,200,200,0.7637,descriptive_equal_weight_mother_world_means
reference8,0.25,E2,I00,exposure_gap,200,200,0.003888944068708317,descriptive_equal_weight_mother_world_means
reference8,0.25,E2,I00,final_preference_shift,200,200,0.06790447607250152,descriptive_equal_weight_mother_world_means
reference8,0.25,E2,I00,final_trust_mean,200,200,0.6424801544208211,descriptive_equal_weight_mother_world_means
reference8,0.25,E2,I00,has_response,200,200,1.0,descriptive_equal_weight_mother_world_means
reference8,0.25,E2,I00,max_pending,200,200,3.0,descriptive_equal_weight_mother_world_means
reference8,0.25,E2,I00,pending_count,200,200,2.11,descriptive_equal_weight_mother_world_means
reference8,0.25,E2,I00,perception_data_coverage,200,200,1.0,descriptive_equal_weight_mother_world_means
reference8,0.25,E2,I00,platform_signal_coverage,200,200,1.0,descriptive_equal_weight_mother_world_means
reference8,0.25,E2,I00,response_completion_L,200,200,1.0,descriptive_equal_weight_mother_world_means
reference8,0.25,E2,I00,scheduled_count,200,200,76.3,descriptive_equal_weight_mother_world_means
reference8,0.25,E2,I00,targeting_error_execution,200,200,0.7444324258329008,descriptive_equal_weight_mother_world_means
reference8,0.25,E2,I00,waiting_time,200,200,3.0,descriptive_equal_weight_mother_world_means
reference8,0.25,E2,I01,execution_count,200,200,98.74,descriptive_equal_weight_mother_world_means
reference8,0.25,E2,I01,execution_coverage,200,200,0.9873999999999999,descriptive_equal_weight_mother_world_means
reference8,0.25,E2,I01,exposure_gap,200,200,0.0033584889215103886,descriptive_equal_weight_mother_world_means
reference8,0.25,E2,I01,final_preference_shift,200,200,0.06796141441087532,descriptive_equal_weight_mother_world_means
reference8,0.25,E2,I01,final_trust_mean,200,200,0.6460138767098634,descriptive_equal_weight_mother_world_means
reference8,0.25,E2,I01,has_response,200,200,1.0,descriptive_equal_weight_mother_world_means
reference8,0.25,E2,I01,max_pending,200,200,3.0,descriptive_equal_weight_mother_world_means
reference8,0.25,E2,I01,pending_count,200,200,2.98,descriptive_equal_weight_mother_world_means
reference8,0.25,E2,I01,perception_data_coverage,200,200,1.0,descriptive_equal_weight_mother_world_means
reference8,0.25,E2,I01,platform_signal_coverage,200,200,1.0,descriptive_equal_weight_mother_world_means
reference8,0.25,E2,I01,response_completion_L,200,200,1.0,descriptive_equal_weight_mother_world_means
reference8,0.25,E2,I01,scheduled_count,200,200,98.745,descriptive_equal_weight_mother_world_means
reference8,0.25,E2,I01,targeting_error_execution,200,200,0.7492882772303107,descriptive_equal_weight_mother_world_means
reference8,0.25,E2,I01,waiting_time,200,200,3.0,descriptive_equal_weight_mother_world_means
reference8,0.25,E2,I10,execution_count,200,200,92.47,descriptive_equal_weight_mother_world_means
reference8,0.25,E2,I10,execution_coverage,200,200,0.9247,descriptive_equal_weight_mother_world_means
reference8,0.25,E2,I10,exposure_gap,200,200,0.0035326128586420967,descriptive_equal_weight_mother_world_means
reference8,0.25,E2,I10,final_preference_shift,200,200,0.06789481303040815,descriptive_equal_weight_mother_world_means
reference8,0.25,E2,I10,final_trust_mean,200,200,0.6444966785441087,descriptive_equal_weight_mother_world_means
reference8,0.25,E2,I10,has_response,200,200,1.0,descriptive_equal_weight_mother_world_means
reference8,0.25,E2,I10,max_pending,200,200,3.0,descriptive_equal_weight_mother_world_means
reference8,0.25,E2,I10,pending_count,200,200,2.775,descriptive_equal_weight_mother_world_means
reference8,0.25,E2,I10,perception_data_coverage,200,200,1.0,descriptive_equal_weight_mother_world_means
reference8,0.25,E2,I10,platform_signal_coverage,200,200,1.0,descriptive_equal_weight_mother_world_means
reference8,0.25,E2,I10,response_completion_L,200,200,1.0,descriptive_equal_weight_mother_world_means
reference8,0.25,E2,I10,scheduled_count,200,200,92.47,descriptive_equal_weight_mother_world_means
reference8,0.25,E2,I10,targeting_error_execution,200,200,0.7473626523493299,descriptive_equal_weight_mother_world_means
reference8,0.25,E2,I10,waiting_time,200,200,3.0,descriptive_equal_weight_mother_world_means
reference8,0.25,E2,I11,execution_count,200,200,98.075,descriptive_equal_weight_mother_world_means
reference8,0.25,E2,I11,execution_coverage,200,200,0.98075,descriptive_equal_weight_mother_world_means
reference8,0.25,E2,I11,exposure_gap,200,200,0.0033610913038676056,descriptive_equal_weight_mother_world_means
reference8,0.25,E2,I11,final_preference_shift,200,200,0.06799180726660589,descriptive_equal_weight_mother_world_means
reference8,0.25,E2,I11,final_trust_mean,200,200,0.6462687431438648,descriptive_equal_weight_mother_world_means
reference8,0.25,E2,I11,has_response,200,200,1.0,descriptive_equal_weight_mother_world_means
reference8,0.25,E2,I11,max_pending,200,200,3.0,descriptive_equal_weight_mother_world_means
reference8,0.25,E2,I11,pending_count,200,200,2.945,descriptive_equal_weight_mother_world_means
reference8,0.25,E2,I11,perception_data_coverage,200,200,1.0,descriptive_equal_weight_mother_world_means
reference8,0.25,E2,I11,platform_signal_coverage,200,200,1.0,descriptive_equal_weight_mother_world_means
reference8,0.25,E2,I11,response_completion_L,200,200,1.0,descriptive_equal_weight_mother_world_means
reference8,0.25,E2,I11,scheduled_count,200,200,98.055,descriptive_equal_weight_mother_world_means
reference8,0.25,E2,I11,targeting_error_execution,200,200,0.7492066021072304,descriptive_equal_weight_mother_world_means
reference8,0.25,E2,I11,waiting_time,200,200,3.0,descriptive_equal_weight_mother_world_means
reference8,0.25,E4,B0,execution_count,200,200,76.37,descriptive_equal_weight_mother_world_means
reference8,0.25,E4,B0,execution_coverage,200,200,0.7637,descriptive_equal_weight_mother_world_means
reference8,0.25,E4,B0,exposure_gap,200,200,0.003888944068708317,descriptive_equal_weight_mother_world_means
reference8,0.25,E4,B0,final_preference_shift,200,200,0.06790447607250152,descriptive_equal_weight_mother_world_means
reference8,0.25,E4,B0,final_trust_mean,200,200,0.6424801544208211,descriptive_equal_weight_mother_world_means
reference8,0.25,E4,B0,has_response,200,200,1.0,descriptive_equal_weight_mother_world_means
reference8,0.25,E4,B0,max_pending,200,200,3.0,descriptive_equal_weight_mother_world_means
reference8,0.25,E4,B0,pending_count,200,200,2.11,descriptive_equal_weight_mother_world_means
reference8,0.25,E4,B0,perception_data_coverage,200,200,1.0,descriptive_equal_weight_mother_world_means
reference8,0.25,E4,B0,platform_signal_coverage,200,200,1.0,descriptive_equal_weight_mother_world_means
reference8,0.25,E4,B0,response_completion_L,200,200,1.0,descriptive_equal_weight_mother_world_means
reference8,0.25,E4,B0,scheduled_count,200,200,76.3,descriptive_equal_weight_mother_world_means
reference8,0.25,E4,B0,targeting_error_execution,200,200,0.7444324258329008,descriptive_equal_weight_mother_world_means
reference8,0.25,E4,B0,waiting_time,200,200,3.0,descriptive_equal_weight_mother_world_means
reference8,0.25,E4,B1,execution_count,200,200,92.54,descriptive_equal_weight_mother_world_means
reference8,0.25,E4,B1,execution_coverage,200,200,0.9254000000000001,descriptive_equal_weight_mother_world_means
reference8,0.25,E4,B1,exposure_gap,200,200,0.0033613277923813787,descriptive_equal_weight_mother_world_means
reference8,0.25,E4,B1,final_preference_shift,200,200,0.06790660827169036,descriptive_equal_weight_mother_world_means
reference8,0.25,E4,B1,final_trust_mean,200,200,0.6443355165196984,descriptive_equal_weight_mother_world_means
reference8,0.25,E4,B1,has_response,200,200,1.0,descriptive_equal_weight_mother_world_means
reference8,0.25,E4,B1,max_pending,200,200,3.0,descriptive_equal_weight_mother_world_means
reference8,0.25,E4,B1,pending_count,200,200,2.765,descriptive_equal_weight_mother_world_means
reference8,0.25,E4,B1,perception_data_coverage,200,200,1.0,descriptive_equal_weight_mother_world_means
reference8,0.25,E4,B1,platform_signal_coverage,200,200,1.0,descriptive_equal_weight_mother_world_means
reference8,0.25,E4,B1,response_completion_L,200,200,1.0,descriptive_equal_weight_mother_world_means
reference8,0.25,E4,B1,scheduled_count,200,200,92.535,descriptive_equal_weight_mother_world_means
reference8,0.25,E4,B1,targeting_error_execution,200,200,0.7472386414322502,descriptive_equal_weight_mother_world_means
reference8,0.25,E4,B1,waiting_time,200,200,3.0,descriptive_equal_weight_mother_world_means
reference8,0.25,E4,B4,execution_count,200,200,63.08,descriptive_equal_weight_mother_world_means
reference8,0.25,E4,B4,execution_coverage,200,200,0.6308,descriptive_equal_weight_mother_world_means
reference8,0.25,E4,B4,exposure_gap,200,200,6.204495562071745e-05,descriptive_equal_weight_mother_world_means
reference8,0.25,E4,B4,final_preference_shift,200,200,0.06790661948733533,descriptive_equal_weight_mother_world_means
reference8,0.25,E4,B4,final_trust_mean,200,200,0.639030452851559,descriptive_equal_weight_mother_world_means
reference8,0.25,E4,B4,has_response,200,200,1.0,descriptive_equal_weight_mother_world_means
reference8,0.25,E4,B4,max_pending,200,200,3.0,descriptive_equal_weight_mother_world_means
reference8,0.25,E4,B4,pending_count,200,200,1.785,descriptive_equal_weight_mother_world_means
reference8,0.25,E4,B4,perception_data_coverage,200,200,1.0,descriptive_equal_weight_mother_world_means
reference8,0.25,E4,B4,platform_signal_coverage,200,200,1.0,descriptive_equal_weight_mother_world_means
reference8,0.25,E4,B4,response_completion_L,200,200,1.0,descriptive_equal_weight_mother_world_means
reference8,0.25,E4,B4,scheduled_count,200,200,62.895,descriptive_equal_weight_mother_world_means
reference8,0.25,E4,B4,targeting_error_execution,200,200,0.738022911808043,descriptive_equal_weight_mother_world_means
reference8,0.25,E4,B4,waiting_time,200,200,3.0,descriptive_equal_weight_mother_world_means
reference8,0.75,E2,I00,execution_count,200,200,71.09,descriptive_equal_weight_mother_world_means
reference8,0.75,E2,I00,execution_coverage,200,200,0.7109000000000001,descriptive_equal_weight_mother_world_means
reference8,0.75,E2,I00,exposure_gap,200,200,0.26936006274188395,descriptive_equal_weight_mother_world_means
reference8,0.75,E2,I00,final_preference_shift,200,200,0.7195218398923251,descriptive_equal_weight_mother_world_means
reference8,0.75,E2,I00,final_trust_mean,200,200,0.6145082926381009,descriptive_equal_weight_mother_world_means
reference8,0.75,E2,I00,has_response,200,200,1.0,descriptive_equal_weight_mother_world_means
reference8,0.75,E2,I00,max_pending,200,200,3.0,descriptive_equal_weight_mother_world_means
reference8,0.75,E2,I00,pending_count,200,200,2.15,descriptive_equal_weight_mother_world_means
reference8,0.75,E2,I00,perception_data_coverage,200,200,1.0,descriptive_equal_weight_mother_world_means
reference8,0.75,E2,I00,platform_signal_coverage,200,200,1.0,descriptive_equal_weight_mother_world_means
reference8,0.75,E2,I00,response_completion_L,200,200,1.0,descriptive_equal_weight_mother_world_means
reference8,0.75,E2,I00,scheduled_count,200,200,71.055,descriptive_equal_weight_mother_world_means
reference8,0.75,E2,I00,targeting_error_execution,200,200,0.6527941680919203,descriptive_equal_weight_mother_world_means
reference8,0.75,E2,I00,waiting_time,200,200,3.0,descriptive_equal_weight_mother_world_means
reference8,0.75,E2,I01,execution_count,200,200,98.34,descriptive_equal_weight_mother_world_means
reference8,0.75,E2,I01,execution_coverage,200,200,0.9834,descriptive_equal_weight_mother_world_means
reference8,0.75,E2,I01,exposure_gap,200,200,0.24572581412382802,descriptive_equal_weight_mother_world_means
reference8,0.75,E2,I01,final_preference_shift,200,200,0.7310350479870487,descriptive_equal_weight_mother_world_means
reference8,0.75,E2,I01,final_trust_mean,200,200,0.617988618251496,descriptive_equal_weight_mother_world_means
reference8,0.75,E2,I01,has_response,200,200,1.0,descriptive_equal_weight_mother_world_means
reference8,0.75,E2,I01,max_pending,200,200,3.0,descriptive_equal_weight_mother_world_means
reference8,0.75,E2,I01,pending_count,200,200,2.995,descriptive_equal_weight_mother_world_means
reference8,0.75,E2,I01,perception_data_coverage,200,200,1.0,descriptive_equal_weight_mother_world_means
reference8,0.75,E2,I01,platform_signal_coverage,200,200,1.0,descriptive_equal_weight_mother_world_means
reference8,0.75,E2,I01,response_completion_L,200,200,1.0,descriptive_equal_weight_mother_world_means
reference8,0.75,E2,I01,scheduled_count,200,200,98.345,descriptive_equal_weight_mother_world_means
reference8,0.75,E2,I01,targeting_error_execution,200,200,0.7502123358024481,descriptive_equal_weight_mother_world_means
reference8,0.75,E2,I01,waiting_time,200,200,3.0,descriptive_equal_weight_mother_world_means
reference8,0.75,E2,I10,execution_count,200,200,32.04,descriptive_equal_weight_mother_world_means
reference8,0.75,E2,I10,execution_coverage,200,200,0.3204,descriptive_equal_weight_mother_world_means
reference8,0.75,E2,I10,exposure_gap,200,200,0.23816790304837063,descriptive_equal_weight_mother_world_means
reference8,0.75,E2,I10,final_preference_shift,200,200,0.7194696113009349,descriptive_equal_weight_mother_world_means
reference8,0.75,E2,I10,final_trust_mean,200,200,0.6137654220424493,descriptive_equal_weight_mother_world_means
reference8,0.75,E2,I10,has_response,200,200,1.0,descriptive_equal_weight_mother_world_means
reference8,0.75,E2,I10,max_pending,200,200,3.0,descriptive_equal_weight_mother_world_means
reference8,0.75,E2,I10,pending_count,200,200,0.875,descriptive_equal_weight_mother_world_means
reference8,0.75,E2,I10,perception_data_coverage,200,200,1.0,descriptive_equal_weight_mother_world_means
reference8,0.75,E2,I10,platform_signal_coverage,200,200,1.0,descriptive_equal_weight_mother_world_means
reference8,0.75,E2,I10,response_completion_L,200,200,1.0,descriptive_equal_weight_mother_world_means
reference8,0.75,E2,I10,scheduled_count,200,200,31.88,descriptive_equal_weight_mother_world_means
reference8,0.75,E2,I10,targeting_error_execution,200,200,0.1479180559720236,descriptive_equal_weight_mother_world_means
reference8,0.75,E2,I10,waiting_time,200,200,3.0,descriptive_equal_weight_mother_world_means
reference8,0.75,E2,I11,execution_count,200,200,29.555,descriptive_equal_weight_mother_world_means
reference8,0.75,E2,I11,execution_coverage,200,200,0.29555,descriptive_equal_weight_mother_world_means
reference8,0.75,E2,I11,exposure_gap,200,200,0.24295890957092317,descriptive_equal_weight_mother_world_means
reference8,0.75,E2,I11,final_preference_shift,200,200,0.7233450534562854,descriptive_equal_weight_mother_world_means
reference8,0.75,E2,I11,final_trust_mean,200,200,0.6147563842536338,descriptive_equal_weight_mother_world_means
reference8,0.75,E2,I11,has_response,200,200,1.0,descriptive_equal_weight_mother_world_means
reference8,0.75,E2,I11,max_pending,200,200,3.0,descriptive_equal_weight_mother_world_means
reference8,0.75,E2,I11,pending_count,200,200,0.725,descriptive_equal_weight_mother_world_means
reference8,0.75,E2,I11,perception_data_coverage,200,200,1.0,descriptive_equal_weight_mother_world_means
reference8,0.75,E2,I11,platform_signal_coverage,200,200,1.0,descriptive_equal_weight_mother_world_means
reference8,0.75,E2,I11,response_completion_L,200,200,1.0,descriptive_equal_weight_mother_world_means
reference8,0.75,E2,I11,scheduled_count,200,200,29.45,descriptive_equal_weight_mother_world_means
reference8,0.75,E2,I11,targeting_error_execution,200,200,0.09943006826476126,descriptive_equal_weight_mother_world_means
reference8,0.75,E2,I11,waiting_time,200,200,3.0,descriptive_equal_weight_mother_world_means
reference8,0.75,E4,B0,execution_count,200,200,71.09,descriptive_equal_weight_mother_world_means
reference8,0.75,E4,B0,execution_coverage,200,200,0.7109000000000001,descriptive_equal_weight_mother_world_means
reference8,0.75,E4,B0,exposure_gap,200,200,0.26936006274188395,descriptive_equal_weight_mother_world_means
reference8,0.75,E4,B0,final_preference_shift,200,200,0.7195218398923251,descriptive_equal_weight_mother_world_means
reference8,0.75,E4,B0,final_trust_mean,200,200,0.6145082926381009,descriptive_equal_weight_mother_world_means
reference8,0.75,E4,B0,has_response,200,200,1.0,descriptive_equal_weight_mother_world_means
reference8,0.75,E4,B0,max_pending,200,200,3.0,descriptive_equal_weight_mother_world_means
reference8,0.75,E4,B0,pending_count,200,200,2.15,descriptive_equal_weight_mother_world_means
reference8,0.75,E4,B0,perception_data_coverage,200,200,1.0,descriptive_equal_weight_mother_world_means
reference8,0.75,E4,B0,platform_signal_coverage,200,200,1.0,descriptive_equal_weight_mother_world_means
reference8,0.75,E4,B0,response_completion_L,200,200,1.0,descriptive_equal_weight_mother_world_means
reference8,0.75,E4,B0,scheduled_count,200,200,71.055,descriptive_equal_weight_mother_world_means
reference8,0.75,E4,B0,targeting_error_execution,200,200,0.6527941680919203,descriptive_equal_weight_mother_world_means
reference8,0.75,E4,B0,waiting_time,200,200,3.0,descriptive_equal_weight_mother_world_means
reference8,0.75,E4,B1,execution_count,200,200,31.9,descriptive_equal_weight_mother_world_means
reference8,0.75,E4,B1,execution_coverage,200,200,0.319,descriptive_equal_weight_mother_world_means
reference8,0.75,E4,B1,exposure_gap,200,200,0.2702265029797692,descriptive_equal_weight_mother_world_means
reference8,0.75,E4,B1,final_preference_shift,200,200,0.7208783378595571,descriptive_equal_weight_mother_world_means
reference8,0.75,E4,B1,final_trust_mean,200,200,0.6145259384880354,descriptive_equal_weight_mother_world_means
reference8,0.75,E4,B1,has_response,200,200,1.0,descriptive_equal_weight_mother_world_means
reference8,0.75,E4,B1,max_pending,200,200,3.0,descriptive_equal_weight_mother_world_means
reference8,0.75,E4,B1,pending_count,200,200,0.935,descriptive_equal_weight_mother_world_means
reference8,0.75,E4,B1,perception_data_coverage,200,200,1.0,descriptive_equal_weight_mother_world_means
reference8,0.75,E4,B1,platform_signal_coverage,200,200,1.0,descriptive_equal_weight_mother_world_means
reference8,0.75,E4,B1,response_completion_L,200,200,1.0,descriptive_equal_weight_mother_world_means
reference8,0.75,E4,B1,scheduled_count,200,200,31.78,descriptive_equal_weight_mother_world_means
reference8,0.75,E4,B1,targeting_error_execution,200,200,0.15504287856174043,descriptive_equal_weight_mother_world_means
reference8,0.75,E4,B1,waiting_time,200,200,3.0,descriptive_equal_weight_mother_world_means
reference8,0.75,E4,B4,execution_count,200,200,63.435,descriptive_equal_weight_mother_world_means
reference8,0.75,E4,B4,execution_coverage,200,200,0.63435,descriptive_equal_weight_mother_world_means
reference8,0.75,E4,B4,exposure_gap,200,200,0.005837802947698202,descriptive_equal_weight_mother_world_means
reference8,0.75,E4,B4,final_preference_shift,200,200,0.7155990947683185,descriptive_equal_weight_mother_world_means
reference8,0.75,E4,B4,final_trust_mean,200,200,0.6031309805915742,descriptive_equal_weight_mother_world_means
reference8,0.75,E4,B4,has_response,200,200,1.0,descriptive_equal_weight_mother_world_means
reference8,0.75,E4,B4,max_pending,200,200,3.0,descriptive_equal_weight_mother_world_means
reference8,0.75,E4,B4,pending_count,200,200,1.885,descriptive_equal_weight_mother_world_means
reference8,0.75,E4,B4,perception_data_coverage,200,200,1.0,descriptive_equal_weight_mother_world_means
reference8,0.75,E4,B4,platform_signal_coverage,200,200,1.0,descriptive_equal_weight_mother_world_means
reference8,0.75,E4,B4,response_completion_L,200,200,1.0,descriptive_equal_weight_mother_world_means
reference8,0.75,E4,B4,scheduled_count,200,200,63.65,descriptive_equal_weight_mother_world_means
reference8,0.75,E4,B4,targeting_error_execution,200,200,0.601116600792676,descriptive_equal_weight_mother_world_means
reference8,0.75,E4,B4,waiting_time,200,200,3.0,descriptive_equal_weight_mother_world_means
regularization0,0.25,E2,I00,execution_count,200,200,95.49,descriptive_equal_weight_mother_world_means
regularization0,0.25,E2,I00,execution_coverage,200,200,0.9549,descriptive_equal_weight_mother_world_means
regularization0,0.25,E2,I00,exposure_gap,200,200,0.003421110707292126,descriptive_equal_weight_mother_world_means
regularization0,0.25,E2,I00,final_preference_shift,200,200,0.06789272316806025,descriptive_equal_weight_mother_world_means
regularization0,0.25,E2,I00,final_trust_mean,200,200,0.64522571666108,descriptive_equal_weight_mother_world_means
regularization0,0.25,E2,I00,has_response,200,200,1.0,descriptive_equal_weight_mother_world_means
regularization0,0.25,E2,I00,max_pending,200,200,3.0,descriptive_equal_weight_mother_world_means
regularization0,0.25,E2,I00,pending_count,200,200,2.87,descriptive_equal_weight_mother_world_means
regularization0,0.25,E2,I00,perception_data_coverage,200,200,1.0,descriptive_equal_weight_mother_world_means
regularization0,0.25,E2,I00,platform_signal_coverage,200,200,1.0,descriptive_equal_weight_mother_world_means
regularization0,0.25,E2,I00,response_completion_L,200,200,1.0,descriptive_equal_weight_mother_world_means
regularization0,0.25,E2,I00,scheduled_count,200,200,95.43,descriptive_equal_weight_mother_world_means
regularization0,0.25,E2,I00,targeting_error_execution,200,200,0.7488819606712334,descriptive_equal_weight_mother_world_means
regularization0,0.25,E2,I00,waiting_time,200,200,3.0,descriptive_equal_weight_mother_world_means
regularization0,0.25,E2,I01,execution_count,200,200,99.615,descriptive_equal_weight_mother_world_means
regularization0,0.25,E2,I01,execution_coverage,200,200,0.99615,descriptive_equal_weight_mother_world_means
regularization0,0.25,E2,I01,exposure_gap,200,200,0.003369540797356686,descriptive_equal_weight_mother_world_means
regularization0,0.25,E2,I01,final_preference_shift,200,200,0.06796146684804721,descriptive_equal_weight_mother_world_means
regularization0,0.25,E2,I01,final_trust_mean,200,200,0.6459151274218327,descriptive_equal_weight_mother_world_means
regularization0,0.25,E2,I01,has_response,200,200,1.0,descriptive_equal_weight_mother_world_means
regularization0,0.25,E2,I01,max_pending,200,200,3.0,descriptive_equal_weight_mother_world_means
regularization0,0.25,E2,I01,pending_count,200,200,3.0,descriptive_equal_weight_mother_world_means
regularization0,0.25,E2,I01,perception_data_coverage,200,200,1.0,descriptive_equal_weight_mother_world_means
regularization0,0.25,E2,I01,platform_signal_coverage,200,200,1.0,descriptive_equal_weight_mother_world_means
regularization0,0.25,E2,I01,response_completion_L,200,200,1.0,descriptive_equal_weight_mother_world_means
regularization0,0.25,E2,I01,scheduled_count,200,200,99.615,descriptive_equal_weight_mother_world_means
regularization0,0.25,E2,I01,targeting_error_execution,200,200,0.7498454539736273,descriptive_equal_weight_mother_world_means
regularization0,0.25,E2,I01,waiting_time,200,200,3.0,descriptive_equal_weight_mother_world_means
regularization0,0.25,E2,I10,execution_count,200,200,95.55,descriptive_equal_weight_mother_world_means
regularization0,0.25,E2,I10,execution_coverage,200,200,0.9555,descriptive_equal_weight_mother_world_means
regularization0,0.25,E2,I10,exposure_gap,200,200,0.003384442976523471,descriptive_equal_weight_mother_world_means
regularization0,0.25,E2,I10,final_preference_shift,200,200,0.06794474700238838,descriptive_equal_weight_mother_world_means
regularization0,0.25,E2,I10,final_trust_mean,200,200,0.6447360903840091,descriptive_equal_weight_mother_world_means
regularization0,0.25,E2,I10,has_response,200,200,1.0,descriptive_equal_weight_mother_world_means
regularization0,0.25,E2,I10,max_pending,200,200,3.0,descriptive_equal_weight_mother_world_means
regularization0,0.25,E2,I10,pending_count,200,200,2.91,descriptive_equal_weight_mother_world_means
regularization0,0.25,E2,I10,perception_data_coverage,200,200,1.0,descriptive_equal_weight_mother_world_means
regularization0,0.25,E2,I10,platform_signal_coverage,200,200,1.0,descriptive_equal_weight_mother_world_means
regularization0,0.25,E2,I10,response_completion_L,200,200,1.0,descriptive_equal_weight_mother_world_means
regularization0,0.25,E2,I10,scheduled_count,200,200,95.57,descriptive_equal_weight_mother_world_means
regularization0,0.25,E2,I10,targeting_error_execution,200,200,0.7484906554569747,descriptive_equal_weight_mother_world_means
regularization0,0.25,E2,I10,waiting_time,200,200,3.0,descriptive_equal_weight_mother_world_means
regularization0,0.25,E2,I11,execution_count,200,200,98.995,descriptive_equal_weight_mother_world_means
regularization0,0.25,E2,I11,execution_coverage,200,200,0.98995,descriptive_equal_weight_mother_world_means
regularization0,0.25,E2,I11,exposure_gap,200,200,0.003391726203535051,descriptive_equal_weight_mother_world_means
regularization0,0.25,E2,I11,final_preference_shift,200,200,0.06794532331714426,descriptive_equal_weight_mother_world_means
regularization0,0.25,E2,I11,final_trust_mean,200,200,0.6460496107191801,descriptive_equal_weight_mother_world_means
regularization0,0.25,E2,I11,has_response,200,200,1.0,descriptive_equal_weight_mother_world_means
regularization0,0.25,E2,I11,max_pending,200,200,3.0,descriptive_equal_weight_mother_world_means
regularization0,0.25,E2,I11,pending_count,200,200,2.965,descriptive_equal_weight_mother_world_means
regularization0,0.25,E2,I11,perception_data_coverage,200,200,1.0,descriptive_equal_weight_mother_world_means
regularization0,0.25,E2,I11,platform_signal_coverage,200,200,1.0,descriptive_equal_weight_mother_world_means
regularization0,0.25,E2,I11,response_completion_L,200,200,1.0,descriptive_equal_weight_mother_world_means
regularization0,0.25,E2,I11,scheduled_count,200,200,98.97,descriptive_equal_weight_mother_world_means
regularization0,0.25,E2,I11,targeting_error_execution,200,200,0.7495860360373483,descriptive_equal_weight_mother_world_means
regularization0,0.25,E2,I11,waiting_time,200,200,3.0,descriptive_equal_weight_mother_world_means
regularization0,0.25,E4,B0,execution_count,200,200,95.49,descriptive_equal_weight_mother_world_means
regularization0,0.25,E4,B0,execution_coverage,200,200,0.9549,descriptive_equal_weight_mother_world_means
regularization0,0.25,E4,B0,exposure_gap,200,200,0.003421110707292126,descriptive_equal_weight_mother_world_means
regularization0,0.25,E4,B0,final_preference_shift,200,200,0.06789272316806025,descriptive_equal_weight_mother_world_means
regularization0,0.25,E4,B0,final_trust_mean,200,200,0.64522571666108,descriptive_equal_weight_mother_world_means
regularization0,0.25,E4,B0,has_response,200,200,1.0,descriptive_equal_weight_mother_world_means
regularization0,0.25,E4,B0,max_pending,200,200,3.0,descriptive_equal_weight_mother_world_means
regularization0,0.25,E4,B0,pending_count,200,200,2.87,descriptive_equal_weight_mother_world_means
regularization0,0.25,E4,B0,perception_data_coverage,200,200,1.0,descriptive_equal_weight_mother_world_means
regularization0,0.25,E4,B0,platform_signal_coverage,200,200,1.0,descriptive_equal_weight_mother_world_means
regularization0,0.25,E4,B0,response_completion_L,200,200,1.0,descriptive_equal_weight_mother_world_means
regularization0,0.25,E4,B0,scheduled_count,200,200,95.43,descriptive_equal_weight_mother_world_means
regularization0,0.25,E4,B0,targeting_error_execution,200,200,0.7488819606712334,descriptive_equal_weight_mother_world_means
regularization0,0.25,E4,B0,waiting_time,200,200,3.0,descriptive_equal_weight_mother_world_means
regularization0,0.25,E4,B1,execution_count,200,200,95.82,descriptive_equal_weight_mother_world_means
regularization0,0.25,E4,B1,execution_coverage,200,200,0.9581999999999999,descriptive_equal_weight_mother_world_means
regularization0,0.25,E4,B1,exposure_gap,200,200,0.003412560656977474,descriptive_equal_weight_mother_world_means
regularization0,0.25,E4,B1,final_preference_shift,200,200,0.06784679085013687,descriptive_equal_weight_mother_world_means
regularization0,0.25,E4,B1,final_trust_mean,200,200,0.6450763421967238,descriptive_equal_weight_mother_world_means
regularization0,0.25,E4,B1,has_response,200,200,1.0,descriptive_equal_weight_mother_world_means
regularization0,0.25,E4,B1,max_pending,200,200,3.0,descriptive_equal_weight_mother_world_means
regularization0,0.25,E4,B1,pending_count,200,200,2.89,descriptive_equal_weight_mother_world_means
regularization0,0.25,E4,B1,perception_data_coverage,200,200,1.0,descriptive_equal_weight_mother_world_means
regularization0,0.25,E4,B1,platform_signal_coverage,200,200,1.0,descriptive_equal_weight_mother_world_means
regularization0,0.25,E4,B1,response_completion_L,200,200,1.0,descriptive_equal_weight_mother_world_means
regularization0,0.25,E4,B1,scheduled_count,200,200,95.81,descriptive_equal_weight_mother_world_means
regularization0,0.25,E4,B1,targeting_error_execution,200,200,0.7486833328286936,descriptive_equal_weight_mother_world_means
regularization0,0.25,E4,B1,waiting_time,200,200,3.0,descriptive_equal_weight_mother_world_means
regularization0,0.25,E4,B4,execution_count,200,200,69.175,descriptive_equal_weight_mother_world_means
regularization0,0.25,E4,B4,execution_coverage,200,200,0.69175,descriptive_equal_weight_mother_world_means
regularization0,0.25,E4,B4,exposure_gap,200,200,6.576772205743254e-05,descriptive_equal_weight_mother_world_means
regularization0,0.25,E4,B4,final_preference_shift,200,200,0.06784526216478592,descriptive_equal_weight_mother_world_means
regularization0,0.25,E4,B4,final_trust_mean,200,200,0.6397302652012481,descriptive_equal_weight_mother_world_means
regularization0,0.25,E4,B4,has_response,200,200,1.0,descriptive_equal_weight_mother_world_means
regularization0,0.25,E4,B4,max_pending,200,200,3.0,descriptive_equal_weight_mother_world_means
regularization0,0.25,E4,B4,pending_count,200,200,1.785,descriptive_equal_weight_mother_world_means
regularization0,0.25,E4,B4,perception_data_coverage,200,200,1.0,descriptive_equal_weight_mother_world_means
regularization0,0.25,E4,B4,platform_signal_coverage,200,200,1.0,descriptive_equal_weight_mother_world_means
regularization0,0.25,E4,B4,response_completion_L,200,200,1.0,descriptive_equal_weight_mother_world_means
regularization0,0.25,E4,B4,scheduled_count,200,200,68.605,descriptive_equal_weight_mother_world_means
regularization0,0.25,E4,B4,targeting_error_execution,200,200,0.7451612118696446,descriptive_equal_weight_mother_world_means
regularization0,0.25,E4,B4,waiting_time,200,200,3.0,descriptive_equal_weight_mother_world_means
regularization0,0.75,E2,I00,execution_count,200,200,59.42,descriptive_equal_weight_mother_world_means
regularization0,0.75,E2,I00,execution_coverage,200,200,0.5942000000000001,descriptive_equal_weight_mother_world_means
regularization0,0.75,E2,I00,exposure_gap,200,200,0.26742537713357895,descriptive_equal_weight_mother_world_means
regularization0,0.75,E2,I00,final_preference_shift,200,200,0.7278392860186574,descriptive_equal_weight_mother_world_means
regularization0,0.75,E2,I00,final_trust_mean,200,200,0.6162660826107298,descriptive_equal_weight_mother_world_means
regularization0,0.75,E2,I00,has_response,200,200,1.0,descriptive_equal_weight_mother_world_means
regularization0,0.75,E2,I00,max_pending,200,200,3.0,descriptive_equal_weight_mother_world_means
regularization0,0.75,E2,I00,pending_count,200,200,1.715,descriptive_equal_weight_mother_world_means
regularization0,0.75,E2,I00,perception_data_coverage,200,200,1.0,descriptive_equal_weight_mother_world_means
regularization0,0.75,E2,I00,platform_signal_coverage,200,200,1.0,descriptive_equal_weight_mother_world_means
regularization0,0.75,E2,I00,response_completion_L,200,200,1.0,descriptive_equal_weight_mother_world_means
regularization0,0.75,E2,I00,scheduled_count,200,200,59.15,descriptive_equal_weight_mother_world_means
regularization0,0.75,E2,I00,targeting_error_execution,200,200,0.5506765670140754,descriptive_equal_weight_mother_world_means
regularization0,0.75,E2,I00,waiting_time,200,200,3.0,descriptive_equal_weight_mother_world_means
regularization0,0.75,E2,I01,execution_count,200,200,97.26,descriptive_equal_weight_mother_world_means
regularization0,0.75,E2,I01,execution_coverage,200,200,0.9726,descriptive_equal_weight_mother_world_means
regularization0,0.75,E2,I01,exposure_gap,200,200,0.23735673241610372,descriptive_equal_weight_mother_world_means
regularization0,0.75,E2,I01,final_preference_shift,200,200,0.7242611294897986,descriptive_equal_weight_mother_world_means
regularization0,0.75,E2,I01,final_trust_mean,200,200,0.6172202570819294,descriptive_equal_weight_mother_world_means
regularization0,0.75,E2,I01,has_response,200,200,1.0,descriptive_equal_weight_mother_world_means
regularization0,0.75,E2,I01,max_pending,200,200,3.0,descriptive_equal_weight_mother_world_means
regularization0,0.75,E2,I01,pending_count,200,200,2.99,descriptive_equal_weight_mother_world_means
regularization0,0.75,E2,I01,perception_data_coverage,200,200,1.0,descriptive_equal_weight_mother_world_means
regularization0,0.75,E2,I01,platform_signal_coverage,200,200,1.0,descriptive_equal_weight_mother_world_means
regularization0,0.75,E2,I01,response_completion_L,200,200,1.0,descriptive_equal_weight_mother_world_means
regularization0,0.75,E2,I01,scheduled_count,200,200,97.255,descriptive_equal_weight_mother_world_means
regularization0,0.75,E2,I01,targeting_error_execution,200,200,0.7470520041169882,descriptive_equal_weight_mother_world_means
regularization0,0.75,E2,I01,waiting_time,200,200,3.0,descriptive_equal_weight_mother_world_means
regularization0,0.75,E2,I10,execution_count,200,200,31.95,descriptive_equal_weight_mother_world_means
regularization0,0.75,E2,I10,execution_coverage,200,200,0.3195,descriptive_equal_weight_mother_world_means
regularization0,0.75,E2,I10,exposure_gap,200,200,0.2440122875470708,descriptive_equal_weight_mother_world_means
regularization0,0.75,E2,I10,final_preference_shift,200,200,0.7197373045859399,descriptive_equal_weight_mother_world_means
regularization0,0.75,E2,I10,final_trust_mean,200,200,0.6146486364630709,descriptive_equal_weight_mother_world_means
regularization0,0.75,E2,I10,has_response,200,200,1.0,descriptive_equal_weight_mother_world_means
regularization0,0.75,E2,I10,max_pending,200,200,3.0,descriptive_equal_weight_mother_world_means
regularization0,0.75,E2,I10,pending_count,200,200,0.88,descriptive_equal_weight_mother_world_means
regularization0,0.75,E2,I10,perception_data_coverage,200,200,1.0,descriptive_equal_weight_mother_world_means
regularization0,0.75,E2,I10,platform_signal_coverage,200,200,1.0,descriptive_equal_weight_mother_world_means
regularization0,0.75,E2,I10,response_completion_L,200,200,1.0,descriptive_equal_weight_mother_world_means
regularization0,0.75,E2,I10,scheduled_count,200,200,31.85,descriptive_equal_weight_mother_world_means
regularization0,0.75,E2,I10,targeting_error_execution,200,200,0.14560230431786914,descriptive_equal_weight_mother_world_means
regularization0,0.75,E2,I10,waiting_time,200,200,3.0,descriptive_equal_weight_mother_world_means
regularization0,0.75,E2,I11,execution_count,200,200,29.185,descriptive_equal_weight_mother_world_means
regularization0,0.75,E2,I11,execution_coverage,200,200,0.29185,descriptive_equal_weight_mother_world_means
regularization0,0.75,E2,I11,exposure_gap,200,200,0.24110652434392096,descriptive_equal_weight_mother_world_means
regularization0,0.75,E2,I11,final_preference_shift,200,200,0.7273221320883642,descriptive_equal_weight_mother_world_means
regularization0,0.75,E2,I11,final_trust_mean,200,200,0.6150465029029181,descriptive_equal_weight_mother_world_means
regularization0,0.75,E2,I11,has_response,200,200,1.0,descriptive_equal_weight_mother_world_means
regularization0,0.75,E2,I11,max_pending,200,200,3.0,descriptive_equal_weight_mother_world_means
regularization0,0.75,E2,I11,pending_count,200,200,0.71,descriptive_equal_weight_mother_world_means
regularization0,0.75,E2,I11,perception_data_coverage,200,200,1.0,descriptive_equal_weight_mother_world_means
regularization0,0.75,E2,I11,platform_signal_coverage,200,200,1.0,descriptive_equal_weight_mother_world_means
regularization0,0.75,E2,I11,response_completion_L,200,200,1.0,descriptive_equal_weight_mother_world_means
regularization0,0.75,E2,I11,scheduled_count,200,200,29.07,descriptive_equal_weight_mother_world_means
regularization0,0.75,E2,I11,targeting_error_execution,200,200,0.09560318203324308,descriptive_equal_weight_mother_world_means
regularization0,0.75,E2,I11,waiting_time,200,200,3.0,descriptive_equal_weight_mother_world_means
regularization0,0.75,E4,B0,execution_count,200,200,59.42,descriptive_equal_weight_mother_world_means
regularization0,0.75,E4,B0,execution_coverage,200,200,0.5942000000000001,descriptive_equal_weight_mother_world_means
regularization0,0.75,E4,B0,exposure_gap,200,200,0.26742537713357895,descriptive_equal_weight_mother_world_means
regularization0,0.75,E4,B0,final_preference_shift,200,200,0.7278392860186574,descriptive_equal_weight_mother_world_means
regularization0,0.75,E4,B0,final_trust_mean,200,200,0.6162660826107298,descriptive_equal_weight_mother_world_means
regularization0,0.75,E4,B0,has_response,200,200,1.0,descriptive_equal_weight_mother_world_means
regularization0,0.75,E4,B0,max_pending,200,200,3.0,descriptive_equal_weight_mother_world_means
regularization0,0.75,E4,B0,pending_count,200,200,1.715,descriptive_equal_weight_mother_world_means
regularization0,0.75,E4,B0,perception_data_coverage,200,200,1.0,descriptive_equal_weight_mother_world_means
regularization0,0.75,E4,B0,platform_signal_coverage,200,200,1.0,descriptive_equal_weight_mother_world_means
regularization0,0.75,E4,B0,response_completion_L,200,200,1.0,descriptive_equal_weight_mother_world_means
regularization0,0.75,E4,B0,scheduled_count,200,200,59.15,descriptive_equal_weight_mother_world_means
regularization0,0.75,E4,B0,targeting_error_execution,200,200,0.5506765670140754,descriptive_equal_weight_mother_world_means
regularization0,0.75,E4,B0,waiting_time,200,200,3.0,descriptive_equal_weight_mother_world_means
regularization0,0.75,E4,B1,execution_count,200,200,31.7,descriptive_equal_weight_mother_world_means
regularization0,0.75,E4,B1,execution_coverage,200,200,0.317,descriptive_equal_weight_mother_world_means
regularization0,0.75,E4,B1,exposure_gap,200,200,0.266306591618365,descriptive_equal_weight_mother_world_means
regularization0,0.75,E4,B1,final_preference_shift,200,200,0.7269107201359327,descriptive_equal_weight_mother_world_means
regularization0,0.75,E4,B1,final_trust_mean,200,200,0.6154751908120456,descriptive_equal_weight_mother_world_means
regularization0,0.75,E4,B1,has_response,200,200,1.0,descriptive_equal_weight_mother_world_means
regularization0,0.75,E4,B1,max_pending,200,200,2.995,descriptive_equal_weight_mother_world_means
regularization0,0.75,E4,B1,pending_count,200,200,0.91,descriptive_equal_weight_mother_world_means
regularization0,0.75,E4,B1,perception_data_coverage,200,200,1.0,descriptive_equal_weight_mother_world_means
regularization0,0.75,E4,B1,platform_signal_coverage,200,200,1.0,descriptive_equal_weight_mother_world_means
regularization0,0.75,E4,B1,response_completion_L,200,200,1.0,descriptive_equal_weight_mother_world_means
regularization0,0.75,E4,B1,scheduled_count,200,200,31.605,descriptive_equal_weight_mother_world_means
regularization0,0.75,E4,B1,targeting_error_execution,200,200,0.15430394767597394,descriptive_equal_weight_mother_world_means
regularization0,0.75,E4,B1,waiting_time,200,200,3.0,descriptive_equal_weight_mother_world_means
regularization0,0.75,E4,B4,execution_count,200,200,35.685,descriptive_equal_weight_mother_world_means
regularization0,0.75,E4,B4,execution_coverage,200,200,0.35685,descriptive_equal_weight_mother_world_means
regularization0,0.75,E4,B4,exposure_gap,200,200,0.006140471864361011,descriptive_equal_weight_mother_world_means
regularization0,0.75,E4,B4,final_preference_shift,200,200,0.7155588580547411,descriptive_equal_weight_mother_world_means
regularization0,0.75,E4,B4,final_trust_mean,200,200,0.6047069129193748,descriptive_equal_weight_mother_world_means
regularization0,0.75,E4,B4,has_response,200,200,1.0,descriptive_equal_weight_mother_world_means
regularization0,0.75,E4,B4,max_pending,200,200,3.0,descriptive_equal_weight_mother_world_means
regularization0,0.75,E4,B4,pending_count,200,200,1.02,descriptive_equal_weight_mother_world_means
regularization0,0.75,E4,B4,perception_data_coverage,200,200,1.0,descriptive_equal_weight_mother_world_means
regularization0,0.75,E4,B4,platform_signal_coverage,200,200,1.0,descriptive_equal_weight_mother_world_means
regularization0,0.75,E4,B4,response_completion_L,200,200,1.0,descriptive_equal_weight_mother_world_means
regularization0,0.75,E4,B4,scheduled_count,200,200,35.81,descriptive_equal_weight_mother_world_means
regularization0,0.75,E4,B4,targeting_error_execution,200,200,0.27329985980149785,descriptive_equal_weight_mother_world_means
regularization0,0.75,E4,B4,waiting_time,200,200,3.0,descriptive_equal_weight_mother_world_means
regularization005,0.25,E2,I00,execution_count,200,200,97.585,descriptive_equal_weight_mother_world_means
regularization005,0.25,E2,I00,execution_coverage,200,200,0.9758499999999999,descriptive_equal_weight_mother_world_means
regularization005,0.25,E2,I00,exposure_gap,200,200,0.003405331706719009,descriptive_equal_weight_mother_world_means
regularization005,0.25,E2,I00,final_preference_shift,200,200,0.06789270393795357,descriptive_equal_weight_mother_world_means
regularization005,0.25,E2,I00,final_trust_mean,200,200,0.6456796244752119,descriptive_equal_weight_mother_world_means
regularization005,0.25,E2,I00,has_response,200,200,1.0,descriptive_equal_weight_mother_world_means
regularization005,0.25,E2,I00,max_pending,200,200,3.0,descriptive_equal_weight_mother_world_means
regularization005,0.25,E2,I00,pending_count,200,200,2.94,descriptive_equal_weight_mother_world_means
regularization005,0.25,E2,I00,perception_data_coverage,200,200,1.0,descriptive_equal_weight_mother_world_means
regularization005,0.25,E2,I00,platform_signal_coverage,200,200,1.0,descriptive_equal_weight_mother_world_means
regularization005,0.25,E2,I00,response_completion_L,200,200,1.0,descriptive_equal_weight_mother_world_means
regularization005,0.25,E2,I00,scheduled_count,200,200,97.545,descriptive_equal_weight_mother_world_means
regularization005,0.25,E2,I00,targeting_error_execution,200,200,0.7494852300679553,descriptive_equal_weight_mother_world_means
regularization005,0.25,E2,I00,waiting_time,200,200,3.0,descriptive_equal_weight_mother_world_means
regularization005,0.25,E2,I01,execution_count,200,200,99.725,descriptive_equal_weight_mother_world_means
regularization005,0.25,E2,I01,execution_coverage,200,200,0.99725,descriptive_equal_weight_mother_world_means
regularization005,0.25,E2,I01,exposure_gap,200,200,0.0033480057695543615,descriptive_equal_weight_mother_world_means
regularization005,0.25,E2,I01,final_preference_shift,200,200,0.06796146174385681,descriptive_equal_weight_mother_world_means
regularization005,0.25,E2,I01,final_trust_mean,200,200,0.6460182369475356,descriptive_equal_weight_mother_world_means
regularization005,0.25,E2,I01,has_response,200,200,1.0,descriptive_equal_weight_mother_world_means
regularization005,0.25,E2,I01,max_pending,200,200,3.0,descriptive_equal_weight_mother_world_means
regularization005,0.25,E2,I01,pending_count,200,200,3.0,descriptive_equal_weight_mother_world_means
regularization005,0.25,E2,I01,perception_data_coverage,200,200,1.0,descriptive_equal_weight_mother_world_means
regularization005,0.25,E2,I01,platform_signal_coverage,200,200,1.0,descriptive_equal_weight_mother_world_means
regularization005,0.25,E2,I01,response_completion_L,200,200,1.0,descriptive_equal_weight_mother_world_means
regularization005,0.25,E2,I01,scheduled_count,200,200,99.725,descriptive_equal_weight_mother_world_means
regularization005,0.25,E2,I01,targeting_error_execution,200,200,0.7499036102021089,descriptive_equal_weight_mother_world_means
regularization005,0.25,E2,I01,waiting_time,200,200,3.0,descriptive_equal_weight_mother_world_means
regularization005,0.25,E2,I10,execution_count,200,200,96.415,descriptive_equal_weight_mother_world_means
regularization005,0.25,E2,I10,execution_coverage,200,200,0.96415,descriptive_equal_weight_mother_world_means
regularization005,0.25,E2,I10,exposure_gap,200,200,0.0033810908137404914,descriptive_equal_weight_mother_world_means
regularization005,0.25,E2,I10,final_preference_shift,200,200,0.06794477651049834,descriptive_equal_weight_mother_world_means
regularization005,0.25,E2,I10,final_trust_mean,200,200,0.6449712991041303,descriptive_equal_weight_mother_world_means
regularization005,0.25,E2,I10,has_response,200,200,1.0,descriptive_equal_weight_mother_world_means
regularization005,0.25,E2,I10,max_pending,200,200,3.0,descriptive_equal_weight_mother_world_means
regularization005,0.25,E2,I10,pending_count,200,200,2.915,descriptive_equal_weight_mother_world_means
regularization005,0.25,E2,I10,perception_data_coverage,200,200,1.0,descriptive_equal_weight_mother_world_means
regularization005,0.25,E2,I10,platform_signal_coverage,200,200,1.0,descriptive_equal_weight_mother_world_means
regularization005,0.25,E2,I10,response_completion_L,200,200,1.0,descriptive_equal_weight_mother_world_means
regularization005,0.25,E2,I10,scheduled_count,200,200,96.41,descriptive_equal_weight_mother_world_means
regularization005,0.25,E2,I10,targeting_error_execution,200,200,0.7488273373911787,descriptive_equal_weight_mother_world_means
regularization005,0.25,E2,I10,waiting_time,200,200,3.0,descriptive_equal_weight_mother_world_means
regularization005,0.25,E2,I11,execution_count,200,200,99.175,descriptive_equal_weight_mother_world_means
regularization005,0.25,E2,I11,execution_coverage,200,200,0.99175,descriptive_equal_weight_mother_world_means
regularization005,0.25,E2,I11,exposure_gap,200,200,0.0033964173663822285,descriptive_equal_weight_mother_world_means
regularization005,0.25,E2,I11,final_preference_shift,200,200,0.06794521250437464,descriptive_equal_weight_mother_world_means
regularization005,0.25,E2,I11,final_trust_mean,200,200,0.6460699687599242,descriptive_equal_weight_mother_world_means
regularization005,0.25,E2,I11,has_response,200,200,1.0,descriptive_equal_weight_mother_world_means
regularization005,0.25,E2,I11,max_pending,200,200,3.0,descriptive_equal_weight_mother_world_means
regularization005,0.25,E2,I11,pending_count,200,200,2.975,descriptive_equal_weight_mother_world_means
regularization005,0.25,E2,I11,perception_data_coverage,200,200,1.0,descriptive_equal_weight_mother_world_means
regularization005,0.25,E2,I11,platform_signal_coverage,200,200,1.0,descriptive_equal_weight_mother_world_means
regularization005,0.25,E2,I11,response_completion_L,200,200,1.0,descriptive_equal_weight_mother_world_means
regularization005,0.25,E2,I11,scheduled_count,200,200,99.165,descriptive_equal_weight_mother_world_means
regularization005,0.25,E2,I11,targeting_error_execution,200,200,0.7496742369344875,descriptive_equal_weight_mother_world_means
regularization005,0.25,E2,I11,waiting_time,200,200,3.0,descriptive_equal_weight_mother_world_means
regularization005,0.25,E4,B0,execution_count,200,200,97.585,descriptive_equal_weight_mother_world_means
regularization005,0.25,E4,B0,execution_coverage,200,200,0.9758499999999999,descriptive_equal_weight_mother_world_means
regularization005,0.25,E4,B0,exposure_gap,200,200,0.003405331706719009,descriptive_equal_weight_mother_world_means
regularization005,0.25,E4,B0,final_preference_shift,200,200,0.06789270393795357,descriptive_equal_weight_mother_world_means
regularization005,0.25,E4,B0,final_trust_mean,200,200,0.6456796244752119,descriptive_equal_weight_mother_world_means
regularization005,0.25,E4,B0,has_response,200,200,1.0,descriptive_equal_weight_mother_world_means
regularization005,0.25,E4,B0,max_pending,200,200,3.0,descriptive_equal_weight_mother_world_means
regularization005,0.25,E4,B0,pending_count,200,200,2.94,descriptive_equal_weight_mother_world_means
regularization005,0.25,E4,B0,perception_data_coverage,200,200,1.0,descriptive_equal_weight_mother_world_means
regularization005,0.25,E4,B0,platform_signal_coverage,200,200,1.0,descriptive_equal_weight_mother_world_means
regularization005,0.25,E4,B0,response_completion_L,200,200,1.0,descriptive_equal_weight_mother_world_means
regularization005,0.25,E4,B0,scheduled_count,200,200,97.545,descriptive_equal_weight_mother_world_means
regularization005,0.25,E4,B0,targeting_error_execution,200,200,0.7494852300679553,descriptive_equal_weight_mother_world_means
regularization005,0.25,E4,B0,waiting_time,200,200,3.0,descriptive_equal_weight_mother_world_means
regularization005,0.25,E4,B1,execution_count,200,200,96.51,descriptive_equal_weight_mother_world_means
regularization005,0.25,E4,B1,execution_coverage,200,200,0.9651000000000001,descriptive_equal_weight_mother_world_means
regularization005,0.25,E4,B1,exposure_gap,200,200,0.0034154770828687293,descriptive_equal_weight_mother_world_means
regularization005,0.25,E4,B1,final_preference_shift,200,200,0.06784672801724086,descriptive_equal_weight_mother_world_means
regularization005,0.25,E4,B1,final_trust_mean,200,200,0.6452780836977623,descriptive_equal_weight_mother_world_means
regularization005,0.25,E4,B1,has_response,200,200,1.0,descriptive_equal_weight_mother_world_means
regularization005,0.25,E4,B1,max_pending,200,200,3.0,descriptive_equal_weight_mother_world_means
regularization005,0.25,E4,B1,pending_count,200,200,2.92,descriptive_equal_weight_mother_world_means
regularization005,0.25,E4,B1,perception_data_coverage,200,200,1.0,descriptive_equal_weight_mother_world_means
regularization005,0.25,E4,B1,platform_signal_coverage,200,200,1.0,descriptive_equal_weight_mother_world_means
regularization005,0.25,E4,B1,response_completion_L,200,200,1.0,descriptive_equal_weight_mother_world_means
regularization005,0.25,E4,B1,scheduled_count,200,200,96.52,descriptive_equal_weight_mother_world_means
regularization005,0.25,E4,B1,targeting_error_execution,200,200,0.7488319161601055,descriptive_equal_weight_mother_world_means
regularization005,0.25,E4,B1,waiting_time,200,200,3.0,descriptive_equal_weight_mother_world_means
regularization005,0.25,E4,B4,execution_count,200,200,74.07,descriptive_equal_weight_mother_world_means
regularization005,0.25,E4,B4,execution_coverage,200,200,0.7406999999999999,descriptive_equal_weight_mother_world_means
regularization005,0.25,E4,B4,exposure_gap,200,200,6.361219138467864e-05,descriptive_equal_weight_mother_world_means
regularization005,0.25,E4,B4,final_preference_shift,200,200,0.06784516936777427,descriptive_equal_weight_mother_world_means
regularization005,0.25,E4,B4,final_trust_mean,200,200,0.6400494072849253,descriptive_equal_weight_mother_world_means
regularization005,0.25,E4,B4,has_response,200,200,1.0,descriptive_equal_weight_mother_world_means
regularization005,0.25,E4,B4,max_pending,200,200,3.0,descriptive_equal_weight_mother_world_means
regularization005,0.25,E4,B4,pending_count,200,200,2.015,descriptive_equal_weight_mother_world_means
regularization005,0.25,E4,B4,perception_data_coverage,200,200,1.0,descriptive_equal_weight_mother_world_means
regularization005,0.25,E4,B4,platform_signal_coverage,200,200,1.0,descriptive_equal_weight_mother_world_means
regularization005,0.25,E4,B4,response_completion_L,200,200,1.0,descriptive_equal_weight_mother_world_means
regularization005,0.25,E4,B4,scheduled_count,200,200,73.64,descriptive_equal_weight_mother_world_means
regularization005,0.25,E4,B4,targeting_error_execution,200,200,0.7455500407984708,descriptive_equal_weight_mother_world_means
regularization005,0.25,E4,B4,waiting_time,200,200,3.0,descriptive_equal_weight_mother_world_means
regularization005,0.75,E2,I00,execution_count,200,200,81.39,descriptive_equal_weight_mother_world_means
regularization005,0.75,E2,I00,execution_coverage,200,200,0.8139,descriptive_equal_weight_mother_world_means
regularization005,0.75,E2,I00,exposure_gap,200,200,0.2612000373514358,descriptive_equal_weight_mother_world_means
regularization005,0.75,E2,I00,final_preference_shift,200,200,0.7220906257037459,descriptive_equal_weight_mother_world_means
regularization005,0.75,E2,I00,final_trust_mean,200,200,0.617577490723779,descriptive_equal_weight_mother_world_means
regularization005,0.75,E2,I00,has_response,200,200,1.0,descriptive_equal_weight_mother_world_means
regularization005,0.75,E2,I00,max_pending,200,200,3.0,descriptive_equal_weight_mother_world_means
regularization005,0.75,E2,I00,pending_count,200,200,2.385,descriptive_equal_weight_mother_world_means
regularization005,0.75,E2,I00,perception_data_coverage,200,200,1.0,descriptive_equal_weight_mother_world_means
regularization005,0.75,E2,I00,platform_signal_coverage,200,200,1.0,descriptive_equal_weight_mother_world_means
regularization005,0.75,E2,I00,response_completion_L,200,200,1.0,descriptive_equal_weight_mother_world_means
regularization005,0.75,E2,I00,scheduled_count,200,200,81.18,descriptive_equal_weight_mother_world_means
regularization005,0.75,E2,I00,targeting_error_execution,200,200,0.6966781287794034,descriptive_equal_weight_mother_world_means
regularization005,0.75,E2,I00,waiting_time,200,200,3.0,descriptive_equal_weight_mother_world_means
regularization005,0.75,E2,I01,execution_count,200,200,98.54,descriptive_equal_weight_mother_world_means
regularization005,0.75,E2,I01,execution_coverage,200,200,0.9853999999999999,descriptive_equal_weight_mother_world_means
regularization005,0.75,E2,I01,exposure_gap,200,200,0.2576162215096889,descriptive_equal_weight_mother_world_means
regularization005,0.75,E2,I01,final_preference_shift,200,200,0.719384874676091,descriptive_equal_weight_mother_world_means
regularization005,0.75,E2,I01,final_trust_mean,200,200,0.6172326174436049,descriptive_equal_weight_mother_world_means
regularization005,0.75,E2,I01,has_response,200,200,1.0,descriptive_equal_weight_mother_world_means
regularization005,0.75,E2,I01,max_pending,200,200,3.0,descriptive_equal_weight_mother_world_means
regularization005,0.75,E2,I01,pending_count,200,200,3.0,descriptive_equal_weight_mother_world_means
regularization005,0.75,E2,I01,perception_data_coverage,200,200,1.0,descriptive_equal_weight_mother_world_means
regularization005,0.75,E2,I01,platform_signal_coverage,200,200,1.0,descriptive_equal_weight_mother_world_means
regularization005,0.75,E2,I01,response_completion_L,200,200,1.0,descriptive_equal_weight_mother_world_means
regularization005,0.75,E2,I01,scheduled_count,200,200,98.545,descriptive_equal_weight_mother_world_means
regularization005,0.75,E2,I01,targeting_error_execution,200,200,0.7498620996587841,descriptive_equal_weight_mother_world_means
regularization005,0.75,E2,I01,waiting_time,200,200,3.0,descriptive_equal_weight_mother_world_means
regularization005,0.75,E2,I10,execution_count,200,200,32.895,descriptive_equal_weight_mother_world_means
regularization005,0.75,E2,I10,execution_coverage,200,200,0.32895,descriptive_equal_weight_mother_world_means
regularization005,0.75,E2,I10,exposure_gap,200,200,0.2499019833614643,descriptive_equal_weight_mother_world_means
regularization005,0.75,E2,I10,final_preference_shift,200,200,0.7190225095900574,descriptive_equal_weight_mother_world_means
regularization005,0.75,E2,I10,final_trust_mean,200,200,0.6148750270526215,descriptive_equal_weight_mother_world_means
regularization005,0.75,E2,I10,has_response,200,200,1.0,descriptive_equal_weight_mother_world_means
regularization005,0.75,E2,I10,max_pending,200,200,3.0,descriptive_equal_weight_mother_world_means
regularization005,0.75,E2,I10,pending_count,200,200,0.93,descriptive_equal_weight_mother_world_means
regularization005,0.75,E2,I10,perception_data_coverage,200,200,1.0,descriptive_equal_weight_mother_world_means
regularization005,0.75,E2,I10,platform_signal_coverage,200,200,1.0,descriptive_equal_weight_mother_world_means
regularization005,0.75,E2,I10,response_completion_L,200,200,1.0,descriptive_equal_weight_mother_world_means
regularization005,0.75,E2,I10,scheduled_count,200,200,32.735,descriptive_equal_weight_mother_world_means
regularization005,0.75,E2,I10,targeting_error_execution,200,200,0.16770194581577763,descriptive_equal_weight_mother_world_means
regularization005,0.75,E2,I10,waiting_time,200,200,3.0,descriptive_equal_weight_mother_world_means
regularization005,0.75,E2,I11,execution_count,200,200,29.545,descriptive_equal_weight_mother_world_means
regularization005,0.75,E2,I11,execution_coverage,200,200,0.29545,descriptive_equal_weight_mother_world_means
regularization005,0.75,E2,I11,exposure_gap,200,200,0.24283850164446896,descriptive_equal_weight_mother_world_means
regularization005,0.75,E2,I11,final_preference_shift,200,200,0.7245082805050452,descriptive_equal_weight_mother_world_means
regularization005,0.75,E2,I11,final_trust_mean,200,200,0.6145097364908393,descriptive_equal_weight_mother_world_means
regularization005,0.75,E2,I11,has_response,200,200,1.0,descriptive_equal_weight_mother_world_means
regularization005,0.75,E2,I11,max_pending,200,200,3.0,descriptive_equal_weight_mother_world_means
regularization005,0.75,E2,I11,pending_count,200,200,0.75,descriptive_equal_weight_mother_world_means
regularization005,0.75,E2,I11,perception_data_coverage,200,200,1.0,descriptive_equal_weight_mother_world_means
regularization005,0.75,E2,I11,platform_signal_coverage,200,200,1.0,descriptive_equal_weight_mother_world_means
regularization005,0.75,E2,I11,response_completion_L,200,200,1.0,descriptive_equal_weight_mother_world_means
regularization005,0.75,E2,I11,scheduled_count,200,200,29.475,descriptive_equal_weight_mother_world_means
regularization005,0.75,E2,I11,targeting_error_execution,200,200,0.0985034581377981,descriptive_equal_weight_mother_world_means
regularization005,0.75,E2,I11,waiting_time,200,200,3.0,descriptive_equal_weight_mother_world_means
regularization005,0.75,E4,B0,execution_count,200,200,81.39,descriptive_equal_weight_mother_world_means
regularization005,0.75,E4,B0,execution_coverage,200,200,0.8139,descriptive_equal_weight_mother_world_means
regularization005,0.75,E4,B0,exposure_gap,200,200,0.2612000373514358,descriptive_equal_weight_mother_world_means
regularization005,0.75,E4,B0,final_preference_shift,200,200,0.7220906257037459,descriptive_equal_weight_mother_world_means
regularization005,0.75,E4,B0,final_trust_mean,200,200,0.617577490723779,descriptive_equal_weight_mother_world_means
regularization005,0.75,E4,B0,has_response,200,200,1.0,descriptive_equal_weight_mother_world_means
regularization005,0.75,E4,B0,max_pending,200,200,3.0,descriptive_equal_weight_mother_world_means
regularization005,0.75,E4,B0,pending_count,200,200,2.385,descriptive_equal_weight_mother_world_means
regularization005,0.75,E4,B0,perception_data_coverage,200,200,1.0,descriptive_equal_weight_mother_world_means
regularization005,0.75,E4,B0,platform_signal_coverage,200,200,1.0,descriptive_equal_weight_mother_world_means
regularization005,0.75,E4,B0,response_completion_L,200,200,1.0,descriptive_equal_weight_mother_world_means
regularization005,0.75,E4,B0,scheduled_count,200,200,81.18,descriptive_equal_weight_mother_world_means
regularization005,0.75,E4,B0,targeting_error_execution,200,200,0.6966781287794034,descriptive_equal_weight_mother_world_means
regularization005,0.75,E4,B0,waiting_time,200,200,3.0,descriptive_equal_weight_mother_world_means
regularization005,0.75,E4,B1,execution_count,200,200,33.905,descriptive_equal_weight_mother_world_means
regularization005,0.75,E4,B1,execution_coverage,200,200,0.33905,descriptive_equal_weight_mother_world_means
regularization005,0.75,E4,B1,exposure_gap,200,200,0.2904612916283074,descriptive_equal_weight_mother_world_means
regularization005,0.75,E4,B1,final_preference_shift,200,200,0.7193322358977636,descriptive_equal_weight_mother_world_means
regularization005,0.75,E4,B1,final_trust_mean,200,200,0.6176518633277347,descriptive_equal_weight_mother_world_means
regularization005,0.75,E4,B1,has_response,200,200,1.0,descriptive_equal_weight_mother_world_means
regularization005,0.75,E4,B1,max_pending,200,200,3.0,descriptive_equal_weight_mother_world_means
regularization005,0.75,E4,B1,pending_count,200,200,0.95,descriptive_equal_weight_mother_world_means
regularization005,0.75,E4,B1,perception_data_coverage,200,200,1.0,descriptive_equal_weight_mother_world_means
regularization005,0.75,E4,B1,platform_signal_coverage,200,200,1.0,descriptive_equal_weight_mother_world_means
regularization005,0.75,E4,B1,response_completion_L,200,200,1.0,descriptive_equal_weight_mother_world_means
regularization005,0.75,E4,B1,scheduled_count,200,200,33.8,descriptive_equal_weight_mother_world_means
regularization005,0.75,E4,B1,targeting_error_execution,200,200,0.1950431074320216,descriptive_equal_weight_mother_world_means
regularization005,0.75,E4,B1,waiting_time,200,200,3.0,descriptive_equal_weight_mother_world_means
regularization005,0.75,E4,B4,execution_count,200,200,73.23,descriptive_equal_weight_mother_world_means
regularization005,0.75,E4,B4,execution_coverage,200,200,0.7323000000000001,descriptive_equal_weight_mother_world_means
regularization005,0.75,E4,B4,exposure_gap,200,200,0.0062820783844909035,descriptive_equal_weight_mother_world_means
regularization005,0.75,E4,B4,final_preference_shift,200,200,0.713385925400937,descriptive_equal_weight_mother_world_means
regularization005,0.75,E4,B4,final_trust_mean,200,200,0.6094322709029926,descriptive_equal_weight_mother_world_means
regularization005,0.75,E4,B4,has_response,200,200,1.0,descriptive_equal_weight_mother_world_means
regularization005,0.75,E4,B4,max_pending,200,200,3.0,descriptive_equal_weight_mother_world_means
regularization005,0.75,E4,B4,pending_count,200,200,2.175,descriptive_equal_weight_mother_world_means
regularization005,0.75,E4,B4,perception_data_coverage,200,200,1.0,descriptive_equal_weight_mother_world_means
regularization005,0.75,E4,B4,platform_signal_coverage,200,200,1.0,descriptive_equal_weight_mother_world_means
regularization005,0.75,E4,B4,response_completion_L,200,200,1.0,descriptive_equal_weight_mother_world_means
regularization005,0.75,E4,B4,scheduled_count,200,200,73.28,descriptive_equal_weight_mother_world_means
regularization005,0.75,E4,B4,targeting_error_execution,200,200,0.6587041882109603,descriptive_equal_weight_mother_world_means
regularization005,0.75,E4,B4,waiting_time,200,200,3.0,descriptive_equal_weight_mother_world_means
survey24,0.25,E2,I00,execution_count,200,200,95.695,descriptive_equal_weight_mother_world_means
survey24,0.25,E2,I00,execution_coverage,200,200,0.95695,descriptive_equal_weight_mother_world_means
survey24,0.25,E2,I00,exposure_gap,200,200,0.003377461985519852,descriptive_equal_weight_mother_world_means
survey24,0.25,E2,I00,final_preference_shift,200,200,0.06789279405540072,descriptive_equal_weight_mother_world_means
survey24,0.25,E2,I00,final_trust_mean,200,200,0.6453900454202196,descriptive_equal_weight_mother_world_means
survey24,0.25,E2,I00,has_response,200,200,1.0,descriptive_equal_weight_mother_world_means
survey24,0.25,E2,I00,max_pending,200,200,3.0,descriptive_equal_weight_mother_world_means
survey24,0.25,E2,I00,pending_count,200,200,2.87,descriptive_equal_weight_mother_world_means
survey24,0.25,E2,I00,perception_data_coverage,200,200,1.0,descriptive_equal_weight_mother_world_means
survey24,0.25,E2,I00,platform_signal_coverage,200,200,1.0,descriptive_equal_weight_mother_world_means
survey24,0.25,E2,I00,response_completion_L,200,200,1.0,descriptive_equal_weight_mother_world_means
survey24,0.25,E2,I00,scheduled_count,200,200,95.63,descriptive_equal_weight_mother_world_means
survey24,0.25,E2,I00,targeting_error_execution,200,200,0.7487410831010649,descriptive_equal_weight_mother_world_means
survey24,0.25,E2,I00,waiting_time,200,200,3.0,descriptive_equal_weight_mother_world_means
survey24,0.25,E2,I01,execution_count,200,200,99.625,descriptive_equal_weight_mother_world_means
survey24,0.25,E2,I01,execution_coverage,200,200,0.99625,descriptive_equal_weight_mother_world_means
survey24,0.25,E2,I01,exposure_gap,200,200,0.0033560645145637113,descriptive_equal_weight_mother_world_means
survey24,0.25,E2,I01,final_preference_shift,200,200,0.06796147682070783,descriptive_equal_weight_mother_world_means
survey24,0.25,E2,I01,final_trust_mean,200,200,0.6460024667224101,descriptive_equal_weight_mother_world_means
survey24,0.25,E2,I01,has_response,200,200,1.0,descriptive_equal_weight_mother_world_means
survey24,0.25,E2,I01,max_pending,200,200,3.0,descriptive_equal_weight_mother_world_means
survey24,0.25,E2,I01,pending_count,200,200,3.0,descriptive_equal_weight_mother_world_means
survey24,0.25,E2,I01,perception_data_coverage,200,200,1.0,descriptive_equal_weight_mother_world_means
survey24,0.25,E2,I01,platform_signal_coverage,200,200,1.0,descriptive_equal_weight_mother_world_means
survey24,0.25,E2,I01,response_completion_L,200,200,1.0,descriptive_equal_weight_mother_world_means
survey24,0.25,E2,I01,scheduled_count,200,200,99.625,descriptive_equal_weight_mother_world_means
survey24,0.25,E2,I01,targeting_error_execution,200,200,0.749854634443516,descriptive_equal_weight_mother_world_means
survey24,0.25,E2,I01,waiting_time,200,200,3.0,descriptive_equal_weight_mother_world_means
survey24,0.25,E2,I10,execution_count,200,200,98.96,descriptive_equal_weight_mother_world_means
survey24,0.25,E2,I10,execution_coverage,200,200,0.9895999999999999,descriptive_equal_weight_mother_world_means
survey24,0.25,E2,I10,exposure_gap,200,200,0.003352862231145312,descriptive_equal_weight_mother_world_means
survey24,0.25,E2,I10,final_preference_shift,200,200,0.06791135563069725,descriptive_equal_weight_mother_world_means
survey24,0.25,E2,I10,final_trust_mean,200,200,0.6457410274091774,descriptive_equal_weight_mother_world_means
survey24,0.25,E2,I10,has_response,200,200,1.0,descriptive_equal_weight_mother_world_means
survey24,0.25,E2,I10,max_pending,200,200,3.0,descriptive_equal_weight_mother_world_means
survey24,0.25,E2,I10,pending_count,200,200,2.975,descriptive_equal_weight_mother_world_means
survey24,0.25,E2,I10,perception_data_coverage,200,200,1.0,descriptive_equal_weight_mother_world_means
survey24,0.25,E2,I10,platform_signal_coverage,200,200,1.0,descriptive_equal_weight_mother_world_means
survey24,0.25,E2,I10,response_completion_L,200,200,1.0,descriptive_equal_weight_mother_world_means
survey24,0.25,E2,I10,scheduled_count,200,200,98.945,descriptive_equal_weight_mother_world_means
survey24,0.25,E2,I10,targeting_error_execution,200,200,0.7494728691828759,descriptive_equal_weight_mother_world_means
survey24,0.25,E2,I10,waiting_time,200,200,3.0,descriptive_equal_weight_mother_world_means
survey24,0.25,E2,I11,execution_count,200,200,99.75,descriptive_equal_weight_mother_world_means
survey24,0.25,E2,I11,execution_coverage,200,200,0.9975,descriptive_equal_weight_mother_world_means
survey24,0.25,E2,I11,exposure_gap,200,200,0.003332320506392445,descriptive_equal_weight_mother_world_means
survey24,0.25,E2,I11,final_preference_shift,200,200,0.06796137029327927,descriptive_equal_weight_mother_world_means
survey24,0.25,E2,I11,final_trust_mean,200,200,0.6462618856189174,descriptive_equal_weight_mother_world_means
survey24,0.25,E2,I11,has_response,200,200,1.0,descriptive_equal_weight_mother_world_means
survey24,0.25,E2,I11,max_pending,200,200,3.0,descriptive_equal_weight_mother_world_means
survey24,0.25,E2,I11,pending_count,200,200,3.0,descriptive_equal_weight_mother_world_means
survey24,0.25,E2,I11,perception_data_coverage,200,200,1.0,descriptive_equal_weight_mother_world_means
survey24,0.25,E2,I11,platform_signal_coverage,200,200,1.0,descriptive_equal_weight_mother_world_means
survey24,0.25,E2,I11,response_completion_L,200,200,1.0,descriptive_equal_weight_mother_world_means
survey24,0.25,E2,I11,scheduled_count,200,200,99.75,descriptive_equal_weight_mother_world_means
survey24,0.25,E2,I11,targeting_error_execution,200,200,0.7498433238685884,descriptive_equal_weight_mother_world_means
survey24,0.25,E2,I11,waiting_time,200,200,3.0,descriptive_equal_weight_mother_world_means
survey24,0.25,E4,B0,execution_count,200,200,95.695,descriptive_equal_weight_mother_world_means
survey24,0.25,E4,B0,execution_coverage,200,200,0.95695,descriptive_equal_weight_mother_world_means
survey24,0.25,E4,B0,exposure_gap,200,200,0.003377461985519852,descriptive_equal_weight_mother_world_means
survey24,0.25,E4,B0,final_preference_shift,200,200,0.06789279405540072,descriptive_equal_weight_mother_world_means
survey24,0.25,E4,B0,final_trust_mean,200,200,0.6453900454202196,descriptive_equal_weight_mother_world_means
survey24,0.25,E4,B0,has_response,200,200,1.0,descriptive_equal_weight_mother_world_means
survey24,0.25,E4,B0,max_pending,200,200,3.0,descriptive_equal_weight_mother_world_means
survey24,0.25,E4,B0,pending_count,200,200,2.87,descriptive_equal_weight_mother_world_means
survey24,0.25,E4,B0,perception_data_coverage,200,200,1.0,descriptive_equal_weight_mother_world_means
survey24,0.25,E4,B0,platform_signal_coverage,200,200,1.0,descriptive_equal_weight_mother_world_means
survey24,0.25,E4,B0,response_completion_L,200,200,1.0,descriptive_equal_weight_mother_world_means
survey24,0.25,E4,B0,scheduled_count,200,200,95.63,descriptive_equal_weight_mother_world_means
survey24,0.25,E4,B0,targeting_error_execution,200,200,0.7487410831010649,descriptive_equal_weight_mother_world_means
survey24,0.25,E4,B0,waiting_time,200,200,3.0,descriptive_equal_weight_mother_world_means
survey24,0.25,E4,B1,execution_count,200,200,98.975,descriptive_equal_weight_mother_world_means
survey24,0.25,E4,B1,execution_coverage,200,200,0.9897499999999999,descriptive_equal_weight_mother_world_means
survey24,0.25,E4,B1,exposure_gap,200,200,0.0032444161154162494,descriptive_equal_weight_mother_world_means
survey24,0.25,E4,B1,final_preference_shift,200,200,0.06789348200655308,descriptive_equal_weight_mother_world_means
survey24,0.25,E4,B1,final_trust_mean,200,200,0.6460014297409323,descriptive_equal_weight_mother_world_means
survey24,0.25,E4,B1,has_response,200,200,1.0,descriptive_equal_weight_mother_world_means
survey24,0.25,E4,B1,max_pending,200,200,3.0,descriptive_equal_weight_mother_world_means
survey24,0.25,E4,B1,pending_count,200,200,2.975,descriptive_equal_weight_mother_world_means
survey24,0.25,E4,B1,perception_data_coverage,200,200,1.0,descriptive_equal_weight_mother_world_means
survey24,0.25,E4,B1,platform_signal_coverage,200,200,1.0,descriptive_equal_weight_mother_world_means
survey24,0.25,E4,B1,response_completion_L,200,200,1.0,descriptive_equal_weight_mother_world_means
survey24,0.25,E4,B1,scheduled_count,200,200,98.97,descriptive_equal_weight_mother_world_means
survey24,0.25,E4,B1,targeting_error_execution,200,200,0.749460380214076,descriptive_equal_weight_mother_world_means
survey24,0.25,E4,B1,waiting_time,200,200,3.0,descriptive_equal_weight_mother_world_means
survey24,0.25,E4,B4,execution_count,200,200,70.275,descriptive_equal_weight_mother_world_means
survey24,0.25,E4,B4,execution_coverage,200,200,0.7027500000000001,descriptive_equal_weight_mother_world_means
survey24,0.25,E4,B4,exposure_gap,200,200,6.50828495872164e-05,descriptive_equal_weight_mother_world_means
survey24,0.25,E4,B4,final_preference_shift,200,200,0.06784526413166764,descriptive_equal_weight_mother_world_means
survey24,0.25,E4,B4,final_trust_mean,200,200,0.639792449430364,descriptive_equal_weight_mother_world_means
survey24,0.25,E4,B4,has_response,200,200,1.0,descriptive_equal_weight_mother_world_means
survey24,0.25,E4,B4,max_pending,200,200,3.0,descriptive_equal_weight_mother_world_means
survey24,0.25,E4,B4,pending_count,200,200,1.835,descriptive_equal_weight_mother_world_means
survey24,0.25,E4,B4,perception_data_coverage,200,200,1.0,descriptive_equal_weight_mother_world_means
survey24,0.25,E4,B4,platform_signal_coverage,200,200,1.0,descriptive_equal_weight_mother_world_means
survey24,0.25,E4,B4,response_completion_L,200,200,1.0,descriptive_equal_weight_mother_world_means
survey24,0.25,E4,B4,scheduled_count,200,200,69.725,descriptive_equal_weight_mother_world_means
survey24,0.25,E4,B4,targeting_error_execution,200,200,0.7457811303177034,descriptive_equal_weight_mother_world_means
survey24,0.25,E4,B4,waiting_time,200,200,3.0,descriptive_equal_weight_mother_world_means
survey24,0.75,E2,I00,execution_count,200,200,75.95,descriptive_equal_weight_mother_world_means
survey24,0.75,E2,I00,execution_coverage,200,200,0.7595000000000001,descriptive_equal_weight_mother_world_means
survey24,0.75,E2,I00,exposure_gap,200,200,0.28581234312676157,descriptive_equal_weight_mother_world_means
survey24,0.75,E2,I00,final_preference_shift,200,200,0.718706420055553,descriptive_equal_weight_mother_world_means
survey24,0.75,E2,I00,final_trust_mean,200,200,0.6182827017369141,descriptive_equal_weight_mother_world_means
survey24,0.75,E2,I00,has_response,200,200,1.0,descriptive_equal_weight_mother_world_means
survey24,0.75,E2,I00,max_pending,200,200,3.0,descriptive_equal_weight_mother_world_means
survey24,0.75,E2,I00,pending_count,200,200,2.25,descriptive_equal_weight_mother_world_means
survey24,0.75,E2,I00,perception_data_coverage,200,200,1.0,descriptive_equal_weight_mother_world_means
survey24,0.75,E2,I00,platform_signal_coverage,200,200,1.0,descriptive_equal_weight_mother_world_means
survey24,0.75,E2,I00,response_completion_L,200,200,1.0,descriptive_equal_weight_mother_world_means
survey24,0.75,E2,I00,scheduled_count,200,200,75.87,descriptive_equal_weight_mother_world_means
survey24,0.75,E2,I00,targeting_error_execution,200,200,0.6793222458302356,descriptive_equal_weight_mother_world_means
survey24,0.75,E2,I00,waiting_time,200,200,3.0,descriptive_equal_weight_mother_world_means
survey24,0.75,E2,I01,execution_count,200,200,98.105,descriptive_equal_weight_mother_world_means
survey24,0.75,E2,I01,execution_coverage,200,200,0.9810500000000001,descriptive_equal_weight_mother_world_means
survey24,0.75,E2,I01,exposure_gap,200,200,0.2536096680484642,descriptive_equal_weight_mother_world_means
survey24,0.75,E2,I01,final_preference_shift,200,200,0.7266754443644176,descriptive_equal_weight_mother_world_means
survey24,0.75,E2,I01,final_trust_mean,200,200,0.6193356730820123,descriptive_equal_weight_mother_world_means
survey24,0.75,E2,I01,has_response,200,200,1.0,descriptive_equal_weight_mother_world_means
survey24,0.75,E2,I01,max_pending,200,200,3.0,descriptive_equal_weight_mother_world_means
survey24,0.75,E2,I01,pending_count,200,200,3.0,descriptive_equal_weight_mother_world_means
survey24,0.75,E2,I01,perception_data_coverage,200,200,1.0,descriptive_equal_weight_mother_world_means
survey24,0.75,E2,I01,platform_signal_coverage,200,200,1.0,descriptive_equal_weight_mother_world_means
survey24,0.75,E2,I01,response_completion_L,200,200,1.0,descriptive_equal_weight_mother_world_means
survey24,0.75,E2,I01,scheduled_count,200,200,98.12,descriptive_equal_weight_mother_world_means
survey24,0.75,E2,I01,targeting_error_execution,200,200,0.7493956273807528,descriptive_equal_weight_mother_world_means
survey24,0.75,E2,I01,waiting_time,200,200,3.0,descriptive_equal_weight_mother_world_means
survey24,0.75,E2,I10,execution_count,200,200,32.16,descriptive_equal_weight_mother_world_means
survey24,0.75,E2,I10,execution_coverage,200,200,0.32159999999999994,descriptive_equal_weight_mother_world_means
survey24,0.75,E2,I10,exposure_gap,200,200,0.24316816727266713,descriptive_equal_weight_mother_world_means
survey24,0.75,E2,I10,final_preference_shift,200,200,0.7192005686963338,descriptive_equal_weight_mother_world_means
survey24,0.75,E2,I10,final_trust_mean,200,200,0.6148738395957891,descriptive_equal_weight_mother_world_means
survey24,0.75,E2,I10,has_response,200,200,1.0,descriptive_equal_weight_mother_world_means
survey24,0.75,E2,I10,max_pending,200,200,3.0,descriptive_equal_weight_mother_world_means
survey24,0.75,E2,I10,pending_count,200,200,0.87,descriptive_equal_weight_mother_world_means
survey24,0.75,E2,I10,perception_data_coverage,200,200,1.0,descriptive_equal_weight_mother_world_means
survey24,0.75,E2,I10,platform_signal_coverage,200,200,1.0,descriptive_equal_weight_mother_world_means
survey24,0.75,E2,I10,response_completion_L,200,200,1.0,descriptive_equal_weight_mother_world_means
survey24,0.75,E2,I10,scheduled_count,200,200,32.03,descriptive_equal_weight_mother_world_means
survey24,0.75,E2,I10,targeting_error_execution,200,200,0.1504629741866365,descriptive_equal_weight_mother_world_means
survey24,0.75,E2,I10,waiting_time,200,200,3.0,descriptive_equal_weight_mother_world_means
survey24,0.75,E2,I11,execution_count,200,200,29.055,descriptive_equal_weight_mother_world_means
survey24,0.75,E2,I11,execution_coverage,200,200,0.29055,descriptive_equal_weight_mother_world_means
survey24,0.75,E2,I11,exposure_gap,200,200,0.24048595908373518,descriptive_equal_weight_mother_world_means
survey24,0.75,E2,I11,final_preference_shift,200,200,0.7233001425632747,descriptive_equal_weight_mother_world_means
survey24,0.75,E2,I11,final_trust_mean,200,200,0.6154202124361681,descriptive_equal_weight_mother_world_means
survey24,0.75,E2,I11,has_response,200,200,1.0,descriptive_equal_weight_mother_world_means
survey24,0.75,E2,I11,max_pending,200,200,3.0,descriptive_equal_weight_mother_world_means
survey24,0.75,E2,I11,pending_count,200,200,0.74,descriptive_equal_weight_mother_world_means
survey24,0.75,E2,I11,perception_data_coverage,200,200,1.0,descriptive_equal_weight_mother_world_means
survey24,0.75,E2,I11,platform_signal_coverage,200,200,1.0,descriptive_equal_weight_mother_world_means
survey24,0.75,E2,I11,response_completion_L,200,200,1.0,descriptive_equal_weight_mother_world_means
survey24,0.75,E2,I11,scheduled_count,200,200,29.005,descriptive_equal_weight_mother_world_means
survey24,0.75,E2,I11,targeting_error_execution,200,200,0.0879175819197401,descriptive_equal_weight_mother_world_means
survey24,0.75,E2,I11,waiting_time,200,200,3.0,descriptive_equal_weight_mother_world_means
survey24,0.75,E4,B0,execution_count,200,200,75.95,descriptive_equal_weight_mother_world_means
survey24,0.75,E4,B0,execution_coverage,200,200,0.7595000000000001,descriptive_equal_weight_mother_world_means
survey24,0.75,E4,B0,exposure_gap,200,200,0.28581234312676157,descriptive_equal_weight_mother_world_means
survey24,0.75,E4,B0,final_preference_shift,200,200,0.718706420055553,descriptive_equal_weight_mother_world_means
survey24,0.75,E4,B0,final_trust_mean,200,200,0.6182827017369141,descriptive_equal_weight_mother_world_means
survey24,0.75,E4,B0,has_response,200,200,1.0,descriptive_equal_weight_mother_world_means
survey24,0.75,E4,B0,max_pending,200,200,3.0,descriptive_equal_weight_mother_world_means
survey24,0.75,E4,B0,pending_count,200,200,2.25,descriptive_equal_weight_mother_world_means
survey24,0.75,E4,B0,perception_data_coverage,200,200,1.0,descriptive_equal_weight_mother_world_means
survey24,0.75,E4,B0,platform_signal_coverage,200,200,1.0,descriptive_equal_weight_mother_world_means
survey24,0.75,E4,B0,response_completion_L,200,200,1.0,descriptive_equal_weight_mother_world_means
survey24,0.75,E4,B0,scheduled_count,200,200,75.87,descriptive_equal_weight_mother_world_means
survey24,0.75,E4,B0,targeting_error_execution,200,200,0.6793222458302356,descriptive_equal_weight_mother_world_means
survey24,0.75,E4,B0,waiting_time,200,200,3.0,descriptive_equal_weight_mother_world_means
survey24,0.75,E4,B1,execution_count,200,200,32.745,descriptive_equal_weight_mother_world_means
survey24,0.75,E4,B1,execution_coverage,200,200,0.32744999999999996,descriptive_equal_weight_mother_world_means
survey24,0.75,E4,B1,exposure_gap,200,200,0.2824532004572613,descriptive_equal_weight_mother_world_means
survey24,0.75,E4,B1,final_preference_shift,200,200,0.7220939160663893,descriptive_equal_weight_mother_world_means
survey24,0.75,E4,B1,final_trust_mean,200,200,0.6161688537065796,descriptive_equal_weight_mother_world_means
survey24,0.75,E4,B1,has_response,200,200,1.0,descriptive_equal_weight_mother_world_means
survey24,0.75,E4,B1,max_pending,200,200,3.0,descriptive_equal_weight_mother_world_means
survey24,0.75,E4,B1,pending_count,200,200,0.93,descriptive_equal_weight_mother_world_means
survey24,0.75,E4,B1,perception_data_coverage,200,200,1.0,descriptive_equal_weight_mother_world_means
survey24,0.75,E4,B1,platform_signal_coverage,200,200,1.0,descriptive_equal_weight_mother_world_means
survey24,0.75,E4,B1,response_completion_L,200,200,1.0,descriptive_equal_weight_mother_world_means
survey24,0.75,E4,B1,scheduled_count,200,200,32.625,descriptive_equal_weight_mother_world_means
survey24,0.75,E4,B1,targeting_error_execution,200,200,0.17126259831541607,descriptive_equal_weight_mother_world_means
survey24,0.75,E4,B1,waiting_time,200,200,3.0,descriptive_equal_weight_mother_world_means
survey24,0.75,E4,B4,execution_count,200,200,71.73,descriptive_equal_weight_mother_world_means
survey24,0.75,E4,B4,execution_coverage,200,200,0.7173,descriptive_equal_weight_mother_world_means
survey24,0.75,E4,B4,exposure_gap,200,200,0.005789969392161162,descriptive_equal_weight_mother_world_means
survey24,0.75,E4,B4,final_preference_shift,200,200,0.7064619068566307,descriptive_equal_weight_mother_world_means
survey24,0.75,E4,B4,final_trust_mean,200,200,0.605133587421194,descriptive_equal_weight_mother_world_means
survey24,0.75,E4,B4,has_response,200,200,1.0,descriptive_equal_weight_mother_world_means
survey24,0.75,E4,B4,max_pending,200,200,3.0,descriptive_equal_weight_mother_world_means
survey24,0.75,E4,B4,pending_count,200,200,2.17,descriptive_equal_weight_mother_world_means
survey24,0.75,E4,B4,perception_data_coverage,200,200,1.0,descriptive_equal_weight_mother_world_means
survey24,0.75,E4,B4,platform_signal_coverage,200,200,1.0,descriptive_equal_weight_mother_world_means
survey24,0.75,E4,B4,response_completion_L,200,200,1.0,descriptive_equal_weight_mother_world_means
survey24,0.75,E4,B4,scheduled_count,200,200,71.775,descriptive_equal_weight_mother_world_means
survey24,0.75,E4,B4,targeting_error_execution,200,200,0.6529366272570049,descriptive_equal_weight_mother_world_means
survey24,0.75,E4,B4,waiting_time,200,200,3.0,descriptive_equal_weight_mother_world_means
survey6,0.25,E2,I00,execution_count,200,200,95.695,descriptive_equal_weight_mother_world_means
survey6,0.25,E2,I00,execution_coverage,200,200,0.95695,descriptive_equal_weight_mother_world_means
survey6,0.25,E2,I00,exposure_gap,200,200,0.003377461985519852,descriptive_equal_weight_mother_world_means
survey6,0.25,E2,I00,final_preference_shift,200,200,0.06789279405540072,descriptive_equal_weight_mother_world_means
survey6,0.25,E2,I00,final_trust_mean,200,200,0.6453900454202196,descriptive_equal_weight_mother_world_means
survey6,0.25,E2,I00,has_response,200,200,1.0,descriptive_equal_weight_mother_world_means
survey6,0.25,E2,I00,max_pending,200,200,3.0,descriptive_equal_weight_mother_world_means
survey6,0.25,E2,I00,pending_count,200,200,2.87,descriptive_equal_weight_mother_world_means
survey6,0.25,E2,I00,perception_data_coverage,200,200,1.0,descriptive_equal_weight_mother_world_means
survey6,0.25,E2,I00,platform_signal_coverage,200,200,1.0,descriptive_equal_weight_mother_world_means
survey6,0.25,E2,I00,response_completion_L,200,200,1.0,descriptive_equal_weight_mother_world_means
survey6,0.25,E2,I00,scheduled_count,200,200,95.63,descriptive_equal_weight_mother_world_means
survey6,0.25,E2,I00,targeting_error_execution,200,200,0.7487410831010649,descriptive_equal_weight_mother_world_means
survey6,0.25,E2,I00,waiting_time,200,200,3.0,descriptive_equal_weight_mother_world_means
survey6,0.25,E2,I01,execution_count,200,200,99.625,descriptive_equal_weight_mother_world_means
survey6,0.25,E2,I01,execution_coverage,200,200,0.99625,descriptive_equal_weight_mother_world_means
survey6,0.25,E2,I01,exposure_gap,200,200,0.0033560645145637113,descriptive_equal_weight_mother_world_means
survey6,0.25,E2,I01,final_preference_shift,200,200,0.06796147682070783,descriptive_equal_weight_mother_world_means
survey6,0.25,E2,I01,final_trust_mean,200,200,0.6460024667224101,descriptive_equal_weight_mother_world_means
survey6,0.25,E2,I01,has_response,200,200,1.0,descriptive_equal_weight_mother_world_means
survey6,0.25,E2,I01,max_pending,200,200,3.0,descriptive_equal_weight_mother_world_means
survey6,0.25,E2,I01,pending_count,200,200,3.0,descriptive_equal_weight_mother_world_means
survey6,0.25,E2,I01,perception_data_coverage,200,200,1.0,descriptive_equal_weight_mother_world_means
survey6,0.25,E2,I01,platform_signal_coverage,200,200,1.0,descriptive_equal_weight_mother_world_means
survey6,0.25,E2,I01,response_completion_L,200,200,1.0,descriptive_equal_weight_mother_world_means
survey6,0.25,E2,I01,scheduled_count,200,200,99.625,descriptive_equal_weight_mother_world_means
survey6,0.25,E2,I01,targeting_error_execution,200,200,0.749854634443516,descriptive_equal_weight_mother_world_means
survey6,0.25,E2,I01,waiting_time,200,200,3.0,descriptive_equal_weight_mother_world_means
survey6,0.25,E2,I10,execution_count,200,200,88.295,descriptive_equal_weight_mother_world_means
survey6,0.25,E2,I10,execution_coverage,200,200,0.88295,descriptive_equal_weight_mother_world_means
survey6,0.25,E2,I10,exposure_gap,200,200,0.003620329703766206,descriptive_equal_weight_mother_world_means
survey6,0.25,E2,I10,final_preference_shift,200,200,0.06789461086484339,descriptive_equal_weight_mother_world_means
survey6,0.25,E2,I10,final_trust_mean,200,200,0.6442486596097341,descriptive_equal_weight_mother_world_means
survey6,0.25,E2,I10,has_response,200,200,1.0,descriptive_equal_weight_mother_world_means
survey6,0.25,E2,I10,max_pending,200,200,3.0,descriptive_equal_weight_mother_world_means
survey6,0.25,E2,I10,pending_count,200,200,2.715,descriptive_equal_weight_mother_world_means
survey6,0.25,E2,I10,perception_data_coverage,200,200,1.0,descriptive_equal_weight_mother_world_means
survey6,0.25,E2,I10,platform_signal_coverage,200,200,1.0,descriptive_equal_weight_mother_world_means
survey6,0.25,E2,I10,response_completion_L,200,200,1.0,descriptive_equal_weight_mother_world_means
survey6,0.25,E2,I10,scheduled_count,200,200,88.385,descriptive_equal_weight_mother_world_means
survey6,0.25,E2,I10,targeting_error_execution,200,200,0.7467002983238987,descriptive_equal_weight_mother_world_means
survey6,0.25,E2,I10,waiting_time,200,200,3.0,descriptive_equal_weight_mother_world_means
survey6,0.25,E2,I11,execution_count,200,200,95.725,descriptive_equal_weight_mother_world_means
survey6,0.25,E2,I11,execution_coverage,200,200,0.9572499999999999,descriptive_equal_weight_mother_world_means
survey6,0.25,E2,I11,exposure_gap,200,200,0.003605470079366556,descriptive_equal_weight_mother_world_means
survey6,0.25,E2,I11,final_preference_shift,200,200,0.06789544337061451,descriptive_equal_weight_mother_world_means
survey6,0.25,E2,I11,final_trust_mean,200,200,0.6451967481848396,descriptive_equal_weight_mother_world_means
survey6,0.25,E2,I11,has_response,200,200,1.0,descriptive_equal_weight_mother_world_means
survey6,0.25,E2,I11,max_pending,200,200,3.0,descriptive_equal_weight_mother_world_means
survey6,0.25,E2,I11,pending_count,200,200,2.905,descriptive_equal_weight_mother_world_means
survey6,0.25,E2,I11,perception_data_coverage,200,200,1.0,descriptive_equal_weight_mother_world_means
survey6,0.25,E2,I11,platform_signal_coverage,200,200,1.0,descriptive_equal_weight_mother_world_means
survey6,0.25,E2,I11,response_completion_L,200,200,1.0,descriptive_equal_weight_mother_world_means
survey6,0.25,E2,I11,scheduled_count,200,200,95.825,descriptive_equal_weight_mother_world_means
survey6,0.25,E2,I11,targeting_error_execution,200,200,0.7484379840099146,descriptive_equal_weight_mother_world_means
survey6,0.25,E2,I11,waiting_time,200,200,3.0,descriptive_equal_weight_mother_world_means
survey6,0.25,E4,B0,execution_count,200,200,95.695,descriptive_equal_weight_mother_world_means
survey6,0.25,E4,B0,execution_coverage,200,200,0.95695,descriptive_equal_weight_mother_world_means
survey6,0.25,E4,B0,exposure_gap,200,200,0.003377461985519852,descriptive_equal_weight_mother_world_means
survey6,0.25,E4,B0,final_preference_shift,200,200,0.06789279405540072,descriptive_equal_weight_mother_world_means
survey6,0.25,E4,B0,final_trust_mean,200,200,0.6453900454202196,descriptive_equal_weight_mother_world_means
survey6,0.25,E4,B0,has_response,200,200,1.0,descriptive_equal_weight_mother_world_means
survey6,0.25,E4,B0,max_pending,200,200,3.0,descriptive_equal_weight_mother_world_means
survey6,0.25,E4,B0,pending_count,200,200,2.87,descriptive_equal_weight_mother_world_means
survey6,0.25,E4,B0,perception_data_coverage,200,200,1.0,descriptive_equal_weight_mother_world_means
survey6,0.25,E4,B0,platform_signal_coverage,200,200,1.0,descriptive_equal_weight_mother_world_means
survey6,0.25,E4,B0,response_completion_L,200,200,1.0,descriptive_equal_weight_mother_world_means
survey6,0.25,E4,B0,scheduled_count,200,200,95.63,descriptive_equal_weight_mother_world_means
survey6,0.25,E4,B0,targeting_error_execution,200,200,0.7487410831010649,descriptive_equal_weight_mother_world_means
survey6,0.25,E4,B0,waiting_time,200,200,3.0,descriptive_equal_weight_mother_world_means
survey6,0.25,E4,B1,execution_count,200,200,88.335,descriptive_equal_weight_mother_world_means
survey6,0.25,E4,B1,execution_coverage,200,200,0.88335,descriptive_equal_weight_mother_world_means
survey6,0.25,E4,B1,exposure_gap,200,200,0.003660806833897176,descriptive_equal_weight_mother_world_means
survey6,0.25,E4,B1,final_preference_shift,200,200,0.06784681452774255,descriptive_equal_weight_mother_world_means
survey6,0.25,E4,B1,final_trust_mean,200,200,0.6444240348284445,descriptive_equal_weight_mother_world_means
survey6,0.25,E4,B1,has_response,200,200,1.0,descriptive_equal_weight_mother_world_means
survey6,0.25,E4,B1,max_pending,200,200,3.0,descriptive_equal_weight_mother_world_means
survey6,0.25,E4,B1,pending_count,200,200,2.66,descriptive_equal_weight_mother_world_means
survey6,0.25,E4,B1,perception_data_coverage,200,200,1.0,descriptive_equal_weight_mother_world_means
survey6,0.25,E4,B1,platform_signal_coverage,200,200,1.0,descriptive_equal_weight_mother_world_means
survey6,0.25,E4,B1,response_completion_L,200,200,1.0,descriptive_equal_weight_mother_world_means
survey6,0.25,E4,B1,scheduled_count,200,200,88.42,descriptive_equal_weight_mother_world_means
survey6,0.25,E4,B1,targeting_error_execution,200,200,0.7468319717028976,descriptive_equal_weight_mother_world_means
survey6,0.25,E4,B1,waiting_time,200,200,3.0,descriptive_equal_weight_mother_world_means
survey6,0.25,E4,B4,execution_count,200,200,70.275,descriptive_equal_weight_mother_world_means
survey6,0.25,E4,B4,execution_coverage,200,200,0.7027500000000001,descriptive_equal_weight_mother_world_means
survey6,0.25,E4,B4,exposure_gap,200,200,6.50828495872164e-05,descriptive_equal_weight_mother_world_means
survey6,0.25,E4,B4,final_preference_shift,200,200,0.06784526413166764,descriptive_equal_weight_mother_world_means
survey6,0.25,E4,B4,final_trust_mean,200,200,0.639792449430364,descriptive_equal_weight_mother_world_means
survey6,0.25,E4,B4,has_response,200,200,1.0,descriptive_equal_weight_mother_world_means
survey6,0.25,E4,B4,max_pending,200,200,3.0,descriptive_equal_weight_mother_world_means
survey6,0.25,E4,B4,pending_count,200,200,1.835,descriptive_equal_weight_mother_world_means
survey6,0.25,E4,B4,perception_data_coverage,200,200,1.0,descriptive_equal_weight_mother_world_means
survey6,0.25,E4,B4,platform_signal_coverage,200,200,1.0,descriptive_equal_weight_mother_world_means
survey6,0.25,E4,B4,response_completion_L,200,200,1.0,descriptive_equal_weight_mother_world_means
survey6,0.25,E4,B4,scheduled_count,200,200,69.725,descriptive_equal_weight_mother_world_means
survey6,0.25,E4,B4,targeting_error_execution,200,200,0.7457811303177034,descriptive_equal_weight_mother_world_means
survey6,0.25,E4,B4,waiting_time,200,200,3.0,descriptive_equal_weight_mother_world_means
survey6,0.75,E2,I00,execution_count,200,200,75.95,descriptive_equal_weight_mother_world_means
survey6,0.75,E2,I00,execution_coverage,200,200,0.7595000000000001,descriptive_equal_weight_mother_world_means
survey6,0.75,E2,I00,exposure_gap,200,200,0.28581234312676157,descriptive_equal_weight_mother_world_means
survey6,0.75,E2,I00,final_preference_shift,200,200,0.718706420055553,descriptive_equal_weight_mother_world_means
survey6,0.75,E2,I00,final_trust_mean,200,200,0.6182827017369141,descriptive_equal_weight_mother_world_means
survey6,0.75,E2,I00,has_response,200,200,1.0,descriptive_equal_weight_mother_world_means
survey6,0.75,E2,I00,max_pending,200,200,3.0,descriptive_equal_weight_mother_world_means
survey6,0.75,E2,I00,pending_count,200,200,2.25,descriptive_equal_weight_mother_world_means
survey6,0.75,E2,I00,perception_data_coverage,200,200,1.0,descriptive_equal_weight_mother_world_means
survey6,0.75,E2,I00,platform_signal_coverage,200,200,1.0,descriptive_equal_weight_mother_world_means
survey6,0.75,E2,I00,response_completion_L,200,200,1.0,descriptive_equal_weight_mother_world_means
survey6,0.75,E2,I00,scheduled_count,200,200,75.87,descriptive_equal_weight_mother_world_means
survey6,0.75,E2,I00,targeting_error_execution,200,200,0.6793222458302356,descriptive_equal_weight_mother_world_means
survey6,0.75,E2,I00,waiting_time,200,200,3.0,descriptive_equal_weight_mother_world_means
survey6,0.75,E2,I01,execution_count,200,200,98.105,descriptive_equal_weight_mother_world_means
survey6,0.75,E2,I01,execution_coverage,200,200,0.9810500000000001,descriptive_equal_weight_mother_world_means
survey6,0.75,E2,I01,exposure_gap,200,200,0.2536096680484642,descriptive_equal_weight_mother_world_means
survey6,0.75,E2,I01,final_preference_shift,200,200,0.7266754443644176,descriptive_equal_weight_mother_world_means
survey6,0.75,E2,I01,final_trust_mean,200,200,0.6193356730820123,descriptive_equal_weight_mother_world_means
survey6,0.75,E2,I01,has_response,200,200,1.0,descriptive_equal_weight_mother_world_means
survey6,0.75,E2,I01,max_pending,200,200,3.0,descriptive_equal_weight_mother_world_means
survey6,0.75,E2,I01,pending_count,200,200,3.0,descriptive_equal_weight_mother_world_means
survey6,0.75,E2,I01,perception_data_coverage,200,200,1.0,descriptive_equal_weight_mother_world_means
survey6,0.75,E2,I01,platform_signal_coverage,200,200,1.0,descriptive_equal_weight_mother_world_means
survey6,0.75,E2,I01,response_completion_L,200,200,1.0,descriptive_equal_weight_mother_world_means
survey6,0.75,E2,I01,scheduled_count,200,200,98.12,descriptive_equal_weight_mother_world_means
survey6,0.75,E2,I01,targeting_error_execution,200,200,0.7493956273807528,descriptive_equal_weight_mother_world_means
survey6,0.75,E2,I01,waiting_time,200,200,3.0,descriptive_equal_weight_mother_world_means
survey6,0.75,E2,I10,execution_count,200,200,31.2,descriptive_equal_weight_mother_world_means
survey6,0.75,E2,I10,execution_coverage,200,200,0.312,descriptive_equal_weight_mother_world_means
survey6,0.75,E2,I10,exposure_gap,200,200,0.24422410714530124,descriptive_equal_weight_mother_world_means
survey6,0.75,E2,I10,final_preference_shift,200,200,0.7277771632937805,descriptive_equal_weight_mother_world_means
survey6,0.75,E2,I10,final_trust_mean,200,200,0.6161630219976225,descriptive_equal_weight_mother_world_means
survey6,0.75,E2,I10,has_response,200,200,1.0,descriptive_equal_weight_mother_world_means
survey6,0.75,E2,I10,max_pending,200,200,3.0,descriptive_equal_weight_mother_world_means
survey6,0.75,E2,I10,pending_count,200,200,0.88,descriptive_equal_weight_mother_world_means
survey6,0.75,E2,I10,perception_data_coverage,200,200,1.0,descriptive_equal_weight_mother_world_means
survey6,0.75,E2,I10,platform_signal_coverage,200,200,1.0,descriptive_equal_weight_mother_world_means
survey6,0.75,E2,I10,response_completion_L,200,200,1.0,descriptive_equal_weight_mother_world_means
survey6,0.75,E2,I10,scheduled_count,200,200,31.07,descriptive_equal_weight_mother_world_means
survey6,0.75,E2,I10,targeting_error_execution,200,200,0.14123419250746233,descriptive_equal_weight_mother_world_means
survey6,0.75,E2,I10,waiting_time,200,200,3.0,descriptive_equal_weight_mother_world_means
survey6,0.75,E2,I11,execution_count,200,200,28.71,descriptive_equal_weight_mother_world_means
survey6,0.75,E2,I11,execution_coverage,200,200,0.2871,descriptive_equal_weight_mother_world_means
survey6,0.75,E2,I11,exposure_gap,200,200,0.2538624235457275,descriptive_equal_weight_mother_world_means
survey6,0.75,E2,I11,final_preference_shift,200,200,0.7270327492882975,descriptive_equal_weight_mother_world_means
survey6,0.75,E2,I11,final_trust_mean,200,200,0.6169889921127161,descriptive_equal_weight_mother_world_means
survey6,0.75,E2,I11,has_response,200,200,1.0,descriptive_equal_weight_mother_world_means
survey6,0.75,E2,I11,max_pending,200,200,3.0,descriptive_equal_weight_mother_world_means
survey6,0.75,E2,I11,pending_count,200,200,0.77,descriptive_equal_weight_mother_world_means
survey6,0.75,E2,I11,perception_data_coverage,200,200,1.0,descriptive_equal_weight_mother_world_means
survey6,0.75,E2,I11,platform_signal_coverage,200,200,1.0,descriptive_equal_weight_mother_world_means
survey6,0.75,E2,I11,response_completion_L,200,200,1.0,descriptive_equal_weight_mother_world_means
survey6,0.75,E2,I11,scheduled_count,200,200,28.635,descriptive_equal_weight_mother_world_means
survey6,0.75,E2,I11,targeting_error_execution,200,200,0.08660355631500542,descriptive_equal_weight_mother_world_means
survey6,0.75,E2,I11,waiting_time,200,200,3.0,descriptive_equal_weight_mother_world_means
survey6,0.75,E4,B0,execution_count,200,200,75.95,descriptive_equal_weight_mother_world_means
survey6,0.75,E4,B0,execution_coverage,200,200,0.7595000000000001,descriptive_equal_weight_mother_world_means
survey6,0.75,E4,B0,exposure_gap,200,200,0.28581234312676157,descriptive_equal_weight_mother_world_means
survey6,0.75,E4,B0,final_preference_shift,200,200,0.718706420055553,descriptive_equal_weight_mother_world_means
survey6,0.75,E4,B0,final_trust_mean,200,200,0.6182827017369141,descriptive_equal_weight_mother_world_means
survey6,0.75,E4,B0,has_response,200,200,1.0,descriptive_equal_weight_mother_world_means
survey6,0.75,E4,B0,max_pending,200,200,3.0,descriptive_equal_weight_mother_world_means
survey6,0.75,E4,B0,pending_count,200,200,2.25,descriptive_equal_weight_mother_world_means
survey6,0.75,E4,B0,perception_data_coverage,200,200,1.0,descriptive_equal_weight_mother_world_means
survey6,0.75,E4,B0,platform_signal_coverage,200,200,1.0,descriptive_equal_weight_mother_world_means
survey6,0.75,E4,B0,response_completion_L,200,200,1.0,descriptive_equal_weight_mother_world_means
survey6,0.75,E4,B0,scheduled_count,200,200,75.87,descriptive_equal_weight_mother_world_means
survey6,0.75,E4,B0,targeting_error_execution,200,200,0.6793222458302356,descriptive_equal_weight_mother_world_means
survey6,0.75,E4,B0,waiting_time,200,200,3.0,descriptive_equal_weight_mother_world_means
survey6,0.75,E4,B1,execution_count,200,200,32.22,descriptive_equal_weight_mother_world_means
survey6,0.75,E4,B1,execution_coverage,200,200,0.3222,descriptive_equal_weight_mother_world_means
survey6,0.75,E4,B1,exposure_gap,200,200,0.2831018808666947,descriptive_equal_weight_mother_world_means
survey6,0.75,E4,B1,final_preference_shift,200,200,0.7289690486932277,descriptive_equal_weight_mother_world_means
survey6,0.75,E4,B1,final_trust_mean,200,200,0.616306035310877,descriptive_equal_weight_mother_world_means
survey6,0.75,E4,B1,has_response,200,200,1.0,descriptive_equal_weight_mother_world_means
survey6,0.75,E4,B1,max_pending,200,200,3.0,descriptive_equal_weight_mother_world_means
survey6,0.75,E4,B1,pending_count,200,200,0.905,descriptive_equal_weight_mother_world_means
survey6,0.75,E4,B1,perception_data_coverage,200,200,1.0,descriptive_equal_weight_mother_world_means
survey6,0.75,E4,B1,platform_signal_coverage,200,200,1.0,descriptive_equal_weight_mother_world_means
survey6,0.75,E4,B1,response_completion_L,200,200,1.0,descriptive_equal_weight_mother_world_means
survey6,0.75,E4,B1,scheduled_count,200,200,32.085,descriptive_equal_weight_mother_world_means
survey6,0.75,E4,B1,targeting_error_execution,200,200,0.16884772432999756,descriptive_equal_weight_mother_world_means
survey6,0.75,E4,B1,waiting_time,200,200,3.0,descriptive_equal_weight_mother_world_means
survey6,0.75,E4,B4,execution_count,200,200,71.73,descriptive_equal_weight_mother_world_means
survey6,0.75,E4,B4,execution_coverage,200,200,0.7173,descriptive_equal_weight_mother_world_means
survey6,0.75,E4,B4,exposure_gap,200,200,0.005789969392161162,descriptive_equal_weight_mother_world_means
survey6,0.75,E4,B4,final_preference_shift,200,200,0.7064619068566307,descriptive_equal_weight_mother_world_means
survey6,0.75,E4,B4,final_trust_mean,200,200,0.605133587421194,descriptive_equal_weight_mother_world_means
survey6,0.75,E4,B4,has_response,200,200,1.0,descriptive_equal_weight_mother_world_means
survey6,0.75,E4,B4,max_pending,200,200,3.0,descriptive_equal_weight_mother_world_means
survey6,0.75,E4,B4,pending_count,200,200,2.17,descriptive_equal_weight_mother_world_means
survey6,0.75,E4,B4,perception_data_coverage,200,200,1.0,descriptive_equal_weight_mother_world_means
survey6,0.75,E4,B4,platform_signal_coverage,200,200,1.0,descriptive_equal_weight_mother_world_means
survey6,0.75,E4,B4,response_completion_L,200,200,1.0,descriptive_equal_weight_mother_world_means
survey6,0.75,E4,B4,scheduled_count,200,200,71.775,descriptive_equal_weight_mother_world_means
survey6,0.75,E4,B4,targeting_error_execution,200,200,0.6529366272570049,descriptive_equal_weight_mother_world_means
survey6,0.75,E4,B4,waiting_time,200,200,3.0,descriptive_equal_weight_mother_world_means
survey_weight05,0.25,E2,I00,execution_count,200,200,95.695,descriptive_equal_weight_mother_world_means
survey_weight05,0.25,E2,I00,execution_coverage,200,200,0.95695,descriptive_equal_weight_mother_world_means
survey_weight05,0.25,E2,I00,exposure_gap,200,200,0.003377461985519852,descriptive_equal_weight_mother_world_means
survey_weight05,0.25,E2,I00,final_preference_shift,200,200,0.06789279405540072,descriptive_equal_weight_mother_world_means
survey_weight05,0.25,E2,I00,final_trust_mean,200,200,0.6453900454202196,descriptive_equal_weight_mother_world_means
survey_weight05,0.25,E2,I00,has_response,200,200,1.0,descriptive_equal_weight_mother_world_means
survey_weight05,0.25,E2,I00,max_pending,200,200,3.0,descriptive_equal_weight_mother_world_means
survey_weight05,0.25,E2,I00,pending_count,200,200,2.87,descriptive_equal_weight_mother_world_means
survey_weight05,0.25,E2,I00,perception_data_coverage,200,200,1.0,descriptive_equal_weight_mother_world_means
survey_weight05,0.25,E2,I00,platform_signal_coverage,200,200,1.0,descriptive_equal_weight_mother_world_means
survey_weight05,0.25,E2,I00,response_completion_L,200,200,1.0,descriptive_equal_weight_mother_world_means
survey_weight05,0.25,E2,I00,scheduled_count,200,200,95.63,descriptive_equal_weight_mother_world_means
survey_weight05,0.25,E2,I00,targeting_error_execution,200,200,0.7487410831010649,descriptive_equal_weight_mother_world_means
survey_weight05,0.25,E2,I00,waiting_time,200,200,3.0,descriptive_equal_weight_mother_world_means
survey_weight05,0.25,E2,I01,execution_count,200,200,99.625,descriptive_equal_weight_mother_world_means
survey_weight05,0.25,E2,I01,execution_coverage,200,200,0.99625,descriptive_equal_weight_mother_world_means
survey_weight05,0.25,E2,I01,exposure_gap,200,200,0.0033560645145637113,descriptive_equal_weight_mother_world_means
survey_weight05,0.25,E2,I01,final_preference_shift,200,200,0.06796147682070783,descriptive_equal_weight_mother_world_means
survey_weight05,0.25,E2,I01,final_trust_mean,200,200,0.6460024667224101,descriptive_equal_weight_mother_world_means
survey_weight05,0.25,E2,I01,has_response,200,200,1.0,descriptive_equal_weight_mother_world_means
survey_weight05,0.25,E2,I01,max_pending,200,200,3.0,descriptive_equal_weight_mother_world_means
survey_weight05,0.25,E2,I01,pending_count,200,200,3.0,descriptive_equal_weight_mother_world_means
survey_weight05,0.25,E2,I01,perception_data_coverage,200,200,1.0,descriptive_equal_weight_mother_world_means
survey_weight05,0.25,E2,I01,platform_signal_coverage,200,200,1.0,descriptive_equal_weight_mother_world_means
survey_weight05,0.25,E2,I01,response_completion_L,200,200,1.0,descriptive_equal_weight_mother_world_means
survey_weight05,0.25,E2,I01,scheduled_count,200,200,99.625,descriptive_equal_weight_mother_world_means
survey_weight05,0.25,E2,I01,targeting_error_execution,200,200,0.749854634443516,descriptive_equal_weight_mother_world_means
survey_weight05,0.25,E2,I01,waiting_time,200,200,3.0,descriptive_equal_weight_mother_world_means
survey_weight05,0.25,E2,I10,execution_count,200,200,98.155,descriptive_equal_weight_mother_world_means
survey_weight05,0.25,E2,I10,execution_coverage,200,200,0.98155,descriptive_equal_weight_mother_world_means
survey_weight05,0.25,E2,I10,exposure_gap,200,200,0.00338578610030425,descriptive_equal_weight_mother_world_means
survey_weight05,0.25,E2,I10,final_preference_shift,200,200,0.06799256973363513,descriptive_equal_weight_mother_world_means
survey_weight05,0.25,E2,I10,final_trust_mean,200,200,0.6457776496687799,descriptive_equal_weight_mother_world_means
survey_weight05,0.25,E2,I10,has_response,200,200,1.0,descriptive_equal_weight_mother_world_means
survey_weight05,0.25,E2,I10,max_pending,200,200,3.0,descriptive_equal_weight_mother_world_means
survey_weight05,0.25,E2,I10,pending_count,200,200,2.96,descriptive_equal_weight_mother_world_means
survey_weight05,0.25,E2,I10,perception_data_coverage,200,200,1.0,descriptive_equal_weight_mother_world_means
survey_weight05,0.25,E2,I10,platform_signal_coverage,200,200,1.0,descriptive_equal_weight_mother_world_means
survey_weight05,0.25,E2,I10,response_completion_L,200,200,1.0,descriptive_equal_weight_mother_world_means
survey_weight05,0.25,E2,I10,scheduled_count,200,200,98.135,descriptive_equal_weight_mother_world_means
survey_weight05,0.25,E2,I10,targeting_error_execution,200,200,0.7492990596384427,descriptive_equal_weight_mother_world_means
survey_weight05,0.25,E2,I10,waiting_time,200,200,3.0,descriptive_equal_weight_mother_world_means
survey_weight05,0.25,E2,I11,execution_count,200,200,99.725,descriptive_equal_weight_mother_world_means
survey_weight05,0.25,E2,I11,execution_coverage,200,200,0.99725,descriptive_equal_weight_mother_world_means
survey_weight05,0.25,E2,I11,exposure_gap,200,200,0.0033575661126664957,descriptive_equal_weight_mother_world_means
survey_weight05,0.25,E2,I11,final_preference_shift,200,200,0.0679615249818207,descriptive_equal_weight_mother_world_means
survey_weight05,0.25,E2,I11,final_trust_mean,200,200,0.6460962213316971,descriptive_equal_weight_mother_world_means
survey_weight05,0.25,E2,I11,has_response,200,200,1.0,descriptive_equal_weight_mother_world_means
survey_weight05,0.25,E2,I11,max_pending,200,200,3.0,descriptive_equal_weight_mother_world_means
survey_weight05,0.25,E2,I11,pending_count,200,200,2.995,descriptive_equal_weight_mother_world_means
survey_weight05,0.25,E2,I11,perception_data_coverage,200,200,1.0,descriptive_equal_weight_mother_world_means
survey_weight05,0.25,E2,I11,platform_signal_coverage,200,200,1.0,descriptive_equal_weight_mother_world_means
survey_weight05,0.25,E2,I11,response_completion_L,200,200,1.0,descriptive_equal_weight_mother_world_means
survey_weight05,0.25,E2,I11,scheduled_count,200,200,99.725,descriptive_equal_weight_mother_world_means
survey_weight05,0.25,E2,I11,targeting_error_execution,200,200,0.7498570260058536,descriptive_equal_weight_mother_world_means
survey_weight05,0.25,E2,I11,waiting_time,200,200,3.0,descriptive_equal_weight_mother_world_means
survey_weight05,0.25,E4,B0,execution_count,200,200,95.695,descriptive_equal_weight_mother_world_means
survey_weight05,0.25,E4,B0,execution_coverage,200,200,0.95695,descriptive_equal_weight_mother_world_means
survey_weight05,0.25,E4,B0,exposure_gap,200,200,0.003377461985519852,descriptive_equal_weight_mother_world_means
survey_weight05,0.25,E4,B0,final_preference_shift,200,200,0.06789279405540072,descriptive_equal_weight_mother_world_means
survey_weight05,0.25,E4,B0,final_trust_mean,200,200,0.6453900454202196,descriptive_equal_weight_mother_world_means
survey_weight05,0.25,E4,B0,has_response,200,200,1.0,descriptive_equal_weight_mother_world_means
survey_weight05,0.25,E4,B0,max_pending,200,200,3.0,descriptive_equal_weight_mother_world_means
survey_weight05,0.25,E4,B0,pending_count,200,200,2.87,descriptive_equal_weight_mother_world_means
survey_weight05,0.25,E4,B0,perception_data_coverage,200,200,1.0,descriptive_equal_weight_mother_world_means
survey_weight05,0.25,E4,B0,platform_signal_coverage,200,200,1.0,descriptive_equal_weight_mother_world_means
survey_weight05,0.25,E4,B0,response_completion_L,200,200,1.0,descriptive_equal_weight_mother_world_means
survey_weight05,0.25,E4,B0,scheduled_count,200,200,95.63,descriptive_equal_weight_mother_world_means
survey_weight05,0.25,E4,B0,targeting_error_execution,200,200,0.7487410831010649,descriptive_equal_weight_mother_world_means
survey_weight05,0.25,E4,B0,waiting_time,200,200,3.0,descriptive_equal_weight_mother_world_means
survey_weight05,0.25,E4,B1,execution_count,200,200,98.3,descriptive_equal_weight_mother_world_means
survey_weight05,0.25,E4,B1,execution_coverage,200,200,0.983,descriptive_equal_weight_mother_world_means
survey_weight05,0.25,E4,B1,exposure_gap,200,200,0.003257903972252491,descriptive_equal_weight_mother_world_means
survey_weight05,0.25,E4,B1,final_preference_shift,200,200,0.06789277813142458,descriptive_equal_weight_mother_world_means
survey_weight05,0.25,E4,B1,final_trust_mean,200,200,0.645834026443473,descriptive_equal_weight_mother_world_means
survey_weight05,0.25,E4,B1,has_response,200,200,1.0,descriptive_equal_weight_mother_world_means
survey_weight05,0.25,E4,B1,max_pending,200,200,3.0,descriptive_equal_weight_mother_world_means
survey_weight05,0.25,E4,B1,pending_count,200,200,2.95,descriptive_equal_weight_mother_world_means
survey_weight05,0.25,E4,B1,perception_data_coverage,200,200,1.0,descriptive_equal_weight_mother_world_means
survey_weight05,0.25,E4,B1,platform_signal_coverage,200,200,1.0,descriptive_equal_weight_mother_world_means
survey_weight05,0.25,E4,B1,response_completion_L,200,200,1.0,descriptive_equal_weight_mother_world_means
survey_weight05,0.25,E4,B1,scheduled_count,200,200,98.275,descriptive_equal_weight_mother_world_means
survey_weight05,0.25,E4,B1,targeting_error_execution,200,200,0.7493556096873274,descriptive_equal_weight_mother_world_means
survey_weight05,0.25,E4,B1,waiting_time,200,200,3.0,descriptive_equal_weight_mother_world_means
survey_weight05,0.25,E4,B4,execution_count,200,200,70.275,descriptive_equal_weight_mother_world_means
survey_weight05,0.25,E4,B4,execution_coverage,200,200,0.7027500000000001,descriptive_equal_weight_mother_world_means
survey_weight05,0.25,E4,B4,exposure_gap,200,200,6.50828495872164e-05,descriptive_equal_weight_mother_world_means
survey_weight05,0.25,E4,B4,final_preference_shift,200,200,0.06784526413166764,descriptive_equal_weight_mother_world_means
survey_weight05,0.25,E4,B4,final_trust_mean,200,200,0.639792449430364,descriptive_equal_weight_mother_world_means
survey_weight05,0.25,E4,B4,has_response,200,200,1.0,descriptive_equal_weight_mother_world_means
survey_weight05,0.25,E4,B4,max_pending,200,200,3.0,descriptive_equal_weight_mother_world_means
survey_weight05,0.25,E4,B4,pending_count,200,200,1.835,descriptive_equal_weight_mother_world_means
survey_weight05,0.25,E4,B4,perception_data_coverage,200,200,1.0,descriptive_equal_weight_mother_world_means
survey_weight05,0.25,E4,B4,platform_signal_coverage,200,200,1.0,descriptive_equal_weight_mother_world_means
survey_weight05,0.25,E4,B4,response_completion_L,200,200,1.0,descriptive_equal_weight_mother_world_means
survey_weight05,0.25,E4,B4,scheduled_count,200,200,69.725,descriptive_equal_weight_mother_world_means
survey_weight05,0.25,E4,B4,targeting_error_execution,200,200,0.7457811303177034,descriptive_equal_weight_mother_world_means
survey_weight05,0.25,E4,B4,waiting_time,200,200,3.0,descriptive_equal_weight_mother_world_means
survey_weight05,0.75,E2,I00,execution_count,200,200,75.95,descriptive_equal_weight_mother_world_means
survey_weight05,0.75,E2,I00,execution_coverage,200,200,0.7595000000000001,descriptive_equal_weight_mother_world_means
survey_weight05,0.75,E2,I00,exposure_gap,200,200,0.28581234312676157,descriptive_equal_weight_mother_world_means
survey_weight05,0.75,E2,I00,final_preference_shift,200,200,0.718706420055553,descriptive_equal_weight_mother_world_means
survey_weight05,0.75,E2,I00,final_trust_mean,200,200,0.6182827017369141,descriptive_equal_weight_mother_world_means
survey_weight05,0.75,E2,I00,has_response,200,200,1.0,descriptive_equal_weight_mother_world_means
survey_weight05,0.75,E2,I00,max_pending,200,200,3.0,descriptive_equal_weight_mother_world_means
survey_weight05,0.75,E2,I00,pending_count,200,200,2.25,descriptive_equal_weight_mother_world_means
survey_weight05,0.75,E2,I00,perception_data_coverage,200,200,1.0,descriptive_equal_weight_mother_world_means
survey_weight05,0.75,E2,I00,platform_signal_coverage,200,200,1.0,descriptive_equal_weight_mother_world_means
survey_weight05,0.75,E2,I00,response_completion_L,200,200,1.0,descriptive_equal_weight_mother_world_means
survey_weight05,0.75,E2,I00,scheduled_count,200,200,75.87,descriptive_equal_weight_mother_world_means
survey_weight05,0.75,E2,I00,targeting_error_execution,200,200,0.6793222458302356,descriptive_equal_weight_mother_world_means
survey_weight05,0.75,E2,I00,waiting_time,200,200,3.0,descriptive_equal_weight_mother_world_means
survey_weight05,0.75,E2,I01,execution_count,200,200,98.105,descriptive_equal_weight_mother_world_means
survey_weight05,0.75,E2,I01,execution_coverage,200,200,0.9810500000000001,descriptive_equal_weight_mother_world_means
survey_weight05,0.75,E2,I01,exposure_gap,200,200,0.2536096680484642,descriptive_equal_weight_mother_world_means
survey_weight05,0.75,E2,I01,final_preference_shift,200,200,0.7266754443644176,descriptive_equal_weight_mother_world_means
survey_weight05,0.75,E2,I01,final_trust_mean,200,200,0.6193356730820123,descriptive_equal_weight_mother_world_means
survey_weight05,0.75,E2,I01,has_response,200,200,1.0,descriptive_equal_weight_mother_world_means
survey_weight05,0.75,E2,I01,max_pending,200,200,3.0,descriptive_equal_weight_mother_world_means
survey_weight05,0.75,E2,I01,pending_count,200,200,3.0,descriptive_equal_weight_mother_world_means
survey_weight05,0.75,E2,I01,perception_data_coverage,200,200,1.0,descriptive_equal_weight_mother_world_means
survey_weight05,0.75,E2,I01,platform_signal_coverage,200,200,1.0,descriptive_equal_weight_mother_world_means
survey_weight05,0.75,E2,I01,response_completion_L,200,200,1.0,descriptive_equal_weight_mother_world_means
survey_weight05,0.75,E2,I01,scheduled_count,200,200,98.12,descriptive_equal_weight_mother_world_means
survey_weight05,0.75,E2,I01,targeting_error_execution,200,200,0.7493956273807528,descriptive_equal_weight_mother_world_means
survey_weight05,0.75,E2,I01,waiting_time,200,200,3.0,descriptive_equal_weight_mother_world_means
survey_weight05,0.75,E2,I10,execution_count,200,200,36.11,descriptive_equal_weight_mother_world_means
survey_weight05,0.75,E2,I10,execution_coverage,200,200,0.3611,descriptive_equal_weight_mother_world_means
survey_weight05,0.75,E2,I10,exposure_gap,200,200,0.2557549540548034,descriptive_equal_weight_mother_world_means
survey_weight05,0.75,E2,I10,final_preference_shift,200,200,0.7212699771639705,descriptive_equal_weight_mother_world_means
survey_weight05,0.75,E2,I10,final_trust_mean,200,200,0.6160873723496977,descriptive_equal_weight_mother_world_means
survey_weight05,0.75,E2,I10,has_response,200,200,1.0,descriptive_equal_weight_mother_world_means
survey_weight05,0.75,E2,I10,max_pending,200,200,3.0,descriptive_equal_weight_mother_world_means
survey_weight05,0.75,E2,I10,pending_count,200,200,1.03,descriptive_equal_weight_mother_world_means
survey_weight05,0.75,E2,I10,perception_data_coverage,200,200,1.0,descriptive_equal_weight_mother_world_means
survey_weight05,0.75,E2,I10,platform_signal_coverage,200,200,1.0,descriptive_equal_weight_mother_world_means
survey_weight05,0.75,E2,I10,response_completion_L,200,200,1.0,descriptive_equal_weight_mother_world_means
survey_weight05,0.75,E2,I10,scheduled_count,200,200,35.865,descriptive_equal_weight_mother_world_means
survey_weight05,0.75,E2,I10,targeting_error_execution,200,200,0.23599513570292774,descriptive_equal_weight_mother_world_means
survey_weight05,0.75,E2,I10,waiting_time,200,200,3.0,descriptive_equal_weight_mother_world_means
survey_weight05,0.75,E2,I11,execution_count,200,200,29.335,descriptive_equal_weight_mother_world_means
survey_weight05,0.75,E2,I11,execution_coverage,200,200,0.29335,descriptive_equal_weight_mother_world_means
survey_weight05,0.75,E2,I11,exposure_gap,200,200,0.24245926734851506,descriptive_equal_weight_mother_world_means
survey_weight05,0.75,E2,I11,final_preference_shift,200,200,0.7269708061066363,descriptive_equal_weight_mother_world_means
survey_weight05,0.75,E2,I11,final_trust_mean,200,200,0.61428367131819,descriptive_equal_weight_mother_world_means
survey_weight05,0.75,E2,I11,has_response,200,200,1.0,descriptive_equal_weight_mother_world_means
survey_weight05,0.75,E2,I11,max_pending,200,200,3.0,descriptive_equal_weight_mother_world_means
survey_weight05,0.75,E2,I11,pending_count,200,200,0.725,descriptive_equal_weight_mother_world_means
survey_weight05,0.75,E2,I11,perception_data_coverage,200,200,1.0,descriptive_equal_weight_mother_world_means
survey_weight05,0.75,E2,I11,platform_signal_coverage,200,200,1.0,descriptive_equal_weight_mother_world_means
survey_weight05,0.75,E2,I11,response_completion_L,200,200,1.0,descriptive_equal_weight_mother_world_means
survey_weight05,0.75,E2,I11,scheduled_count,200,200,29.235,descriptive_equal_weight_mother_world_means
survey_weight05,0.75,E2,I11,targeting_error_execution,200,200,0.10194665958786008,descriptive_equal_weight_mother_world_means
survey_weight05,0.75,E2,I11,waiting_time,200,200,3.0,descriptive_equal_weight_mother_world_means
survey_weight05,0.75,E4,B0,execution_count,200,200,75.95,descriptive_equal_weight_mother_world_means
survey_weight05,0.75,E4,B0,execution_coverage,200,200,0.7595000000000001,descriptive_equal_weight_mother_world_means
survey_weight05,0.75,E4,B0,exposure_gap,200,200,0.28581234312676157,descriptive_equal_weight_mother_world_means
survey_weight05,0.75,E4,B0,final_preference_shift,200,200,0.718706420055553,descriptive_equal_weight_mother_world_means
survey_weight05,0.75,E4,B0,final_trust_mean,200,200,0.6182827017369141,descriptive_equal_weight_mother_world_means
survey_weight05,0.75,E4,B0,has_response,200,200,1.0,descriptive_equal_weight_mother_world_means
survey_weight05,0.75,E4,B0,max_pending,200,200,3.0,descriptive_equal_weight_mother_world_means
survey_weight05,0.75,E4,B0,pending_count,200,200,2.25,descriptive_equal_weight_mother_world_means
survey_weight05,0.75,E4,B0,perception_data_coverage,200,200,1.0,descriptive_equal_weight_mother_world_means
survey_weight05,0.75,E4,B0,platform_signal_coverage,200,200,1.0,descriptive_equal_weight_mother_world_means
survey_weight05,0.75,E4,B0,response_completion_L,200,200,1.0,descriptive_equal_weight_mother_world_means
survey_weight05,0.75,E4,B0,scheduled_count,200,200,75.87,descriptive_equal_weight_mother_world_means
survey_weight05,0.75,E4,B0,targeting_error_execution,200,200,0.6793222458302356,descriptive_equal_weight_mother_world_means
survey_weight05,0.75,E4,B0,waiting_time,200,200,3.0,descriptive_equal_weight_mother_world_means
survey_weight05,0.75,E4,B1,execution_count,200,200,36.735,descriptive_equal_weight_mother_world_means
survey_weight05,0.75,E4,B1,execution_coverage,200,200,0.36735,descriptive_equal_weight_mother_world_means
survey_weight05,0.75,E4,B1,exposure_gap,200,200,0.2832788584595993,descriptive_equal_weight_mother_world_means
survey_weight05,0.75,E4,B1,final_preference_shift,200,200,0.723238656820765,descriptive_equal_weight_mother_world_means
survey_weight05,0.75,E4,B1,final_trust_mean,200,200,0.6161952042090038,descriptive_equal_weight_mother_world_means
survey_weight05,0.75,E4,B1,has_response,200,200,1.0,descriptive_equal_weight_mother_world_means
survey_weight05,0.75,E4,B1,max_pending,200,200,3.0,descriptive_equal_weight_mother_world_means
survey_weight05,0.75,E4,B1,pending_count,200,200,1.085,descriptive_equal_weight_mother_world_means
survey_weight05,0.75,E4,B1,perception_data_coverage,200,200,1.0,descriptive_equal_weight_mother_world_means
survey_weight05,0.75,E4,B1,platform_signal_coverage,200,200,1.0,descriptive_equal_weight_mother_world_means
survey_weight05,0.75,E4,B1,response_completion_L,200,200,1.0,descriptive_equal_weight_mother_world_means
survey_weight05,0.75,E4,B1,scheduled_count,200,200,36.595,descriptive_equal_weight_mother_world_means
survey_weight05,0.75,E4,B1,targeting_error_execution,200,200,0.2527635191518732,descriptive_equal_weight_mother_world_means
survey_weight05,0.75,E4,B1,waiting_time,200,200,3.0,descriptive_equal_weight_mother_world_means
survey_weight05,0.75,E4,B4,execution_count,200,200,71.73,descriptive_equal_weight_mother_world_means
survey_weight05,0.75,E4,B4,execution_coverage,200,200,0.7173,descriptive_equal_weight_mother_world_means
survey_weight05,0.75,E4,B4,exposure_gap,200,200,0.005789969392161162,descriptive_equal_weight_mother_world_means
survey_weight05,0.75,E4,B4,final_preference_shift,200,200,0.7064619068566307,descriptive_equal_weight_mother_world_means
survey_weight05,0.75,E4,B4,final_trust_mean,200,200,0.605133587421194,descriptive_equal_weight_mother_world_means
survey_weight05,0.75,E4,B4,has_response,200,200,1.0,descriptive_equal_weight_mother_world_means
survey_weight05,0.75,E4,B4,max_pending,200,200,3.0,descriptive_equal_weight_mother_world_means
survey_weight05,0.75,E4,B4,pending_count,200,200,2.17,descriptive_equal_weight_mother_world_means
survey_weight05,0.75,E4,B4,perception_data_coverage,200,200,1.0,descriptive_equal_weight_mother_world_means
survey_weight05,0.75,E4,B4,platform_signal_coverage,200,200,1.0,descriptive_equal_weight_mother_world_means
survey_weight05,0.75,E4,B4,response_completion_L,200,200,1.0,descriptive_equal_weight_mother_world_means
survey_weight05,0.75,E4,B4,scheduled_count,200,200,71.775,descriptive_equal_weight_mother_world_means
survey_weight05,0.75,E4,B4,targeting_error_execution,200,200,0.6529366272570049,descriptive_equal_weight_mother_world_means
survey_weight05,0.75,E4,B4,waiting_time,200,200,3.0,descriptive_equal_weight_mother_world_means
survey_weight2,0.25,E2,I00,execution_count,200,200,95.695,descriptive_equal_weight_mother_world_means
survey_weight2,0.25,E2,I00,execution_coverage,200,200,0.95695,descriptive_equal_weight_mother_world_means
survey_weight2,0.25,E2,I00,exposure_gap,200,200,0.003377461985519852,descriptive_equal_weight_mother_world_means
survey_weight2,0.25,E2,I00,final_preference_shift,200,200,0.06789279405540072,descriptive_equal_weight_mother_world_means
survey_weight2,0.25,E2,I00,final_trust_mean,200,200,0.6453900454202196,descriptive_equal_weight_mother_world_means
survey_weight2,0.25,E2,I00,has_response,200,200,1.0,descriptive_equal_weight_mother_world_means
survey_weight2,0.25,E2,I00,max_pending,200,200,3.0,descriptive_equal_weight_mother_world_means
survey_weight2,0.25,E2,I00,pending_count,200,200,2.87,descriptive_equal_weight_mother_world_means
survey_weight2,0.25,E2,I00,perception_data_coverage,200,200,1.0,descriptive_equal_weight_mother_world_means
survey_weight2,0.25,E2,I00,platform_signal_coverage,200,200,1.0,descriptive_equal_weight_mother_world_means
survey_weight2,0.25,E2,I00,response_completion_L,200,200,1.0,descriptive_equal_weight_mother_world_means
survey_weight2,0.25,E2,I00,scheduled_count,200,200,95.63,descriptive_equal_weight_mother_world_means
survey_weight2,0.25,E2,I00,targeting_error_execution,200,200,0.7487410831010649,descriptive_equal_weight_mother_world_means
survey_weight2,0.25,E2,I00,waiting_time,200,200,3.0,descriptive_equal_weight_mother_world_means
survey_weight2,0.25,E2,I01,execution_count,200,200,99.625,descriptive_equal_weight_mother_world_means
survey_weight2,0.25,E2,I01,execution_coverage,200,200,0.99625,descriptive_equal_weight_mother_world_means
survey_weight2,0.25,E2,I01,exposure_gap,200,200,0.0033560645145637113,descriptive_equal_weight_mother_world_means
survey_weight2,0.25,E2,I01,final_preference_shift,200,200,0.06796147682070783,descriptive_equal_weight_mother_world_means
survey_weight2,0.25,E2,I01,final_trust_mean,200,200,0.6460024667224101,descriptive_equal_weight_mother_world_means
survey_weight2,0.25,E2,I01,has_response,200,200,1.0,descriptive_equal_weight_mother_world_means
survey_weight2,0.25,E2,I01,max_pending,200,200,3.0,descriptive_equal_weight_mother_world_means
survey_weight2,0.25,E2,I01,pending_count,200,200,3.0,descriptive_equal_weight_mother_world_means
survey_weight2,0.25,E2,I01,perception_data_coverage,200,200,1.0,descriptive_equal_weight_mother_world_means
survey_weight2,0.25,E2,I01,platform_signal_coverage,200,200,1.0,descriptive_equal_weight_mother_world_means
survey_weight2,0.25,E2,I01,response_completion_L,200,200,1.0,descriptive_equal_weight_mother_world_means
survey_weight2,0.25,E2,I01,scheduled_count,200,200,99.625,descriptive_equal_weight_mother_world_means
survey_weight2,0.25,E2,I01,targeting_error_execution,200,200,0.749854634443516,descriptive_equal_weight_mother_world_means
survey_weight2,0.25,E2,I01,waiting_time,200,200,3.0,descriptive_equal_weight_mother_world_means
survey_weight2,0.25,E2,I10,execution_count,200,200,91.97,descriptive_equal_weight_mother_world_means
survey_weight2,0.25,E2,I10,execution_coverage,200,200,0.9197,descriptive_equal_weight_mother_world_means
survey_weight2,0.25,E2,I10,exposure_gap,200,200,0.0035750887685192544,descriptive_equal_weight_mother_world_means
survey_weight2,0.25,E2,I10,final_preference_shift,200,200,0.06789843968203042,descriptive_equal_weight_mother_world_means
survey_weight2,0.25,E2,I10,final_trust_mean,200,200,0.6442495160259935,descriptive_equal_weight_mother_world_means
survey_weight2,0.25,E2,I10,has_response,200,200,1.0,descriptive_equal_weight_mother_world_means
survey_weight2,0.25,E2,I10,max_pending,200,200,3.0,descriptive_equal_weight_mother_world_means
survey_weight2,0.25,E2,I10,pending_count,200,200,2.715,descriptive_equal_weight_mother_world_means
survey_weight2,0.25,E2,I10,perception_data_coverage,200,200,1.0,descriptive_equal_weight_mother_world_means
survey_weight2,0.25,E2,I10,platform_signal_coverage,200,200,1.0,descriptive_equal_weight_mother_world_means
survey_weight2,0.25,E2,I10,response_completion_L,200,200,1.0,descriptive_equal_weight_mother_world_means
survey_weight2,0.25,E2,I10,scheduled_count,200,200,91.945,descriptive_equal_weight_mother_world_means
survey_weight2,0.25,E2,I10,targeting_error_execution,200,200,0.7472134543490648,descriptive_equal_weight_mother_world_means
survey_weight2,0.25,E2,I10,waiting_time,200,200,3.0,descriptive_equal_weight_mother_world_means
survey_weight2,0.25,E2,I11,execution_count,200,200,96.935,descriptive_equal_weight_mother_world_means
survey_weight2,0.25,E2,I11,execution_coverage,200,200,0.96935,descriptive_equal_weight_mother_world_means
survey_weight2,0.25,E2,I11,exposure_gap,200,200,0.003364214151603549,descriptive_equal_weight_mother_world_means
survey_weight2,0.25,E2,I11,final_preference_shift,200,200,0.06794102089335721,descriptive_equal_weight_mother_world_means
survey_weight2,0.25,E2,I11,final_trust_mean,200,200,0.646016228742206,descriptive_equal_weight_mother_world_means
survey_weight2,0.25,E2,I11,has_response,200,200,1.0,descriptive_equal_weight_mother_world_means
survey_weight2,0.25,E2,I11,max_pending,200,200,3.0,descriptive_equal_weight_mother_world_means
survey_weight2,0.25,E2,I11,pending_count,200,200,2.925,descriptive_equal_weight_mother_world_means
survey_weight2,0.25,E2,I11,perception_data_coverage,200,200,1.0,descriptive_equal_weight_mother_world_means
survey_weight2,0.25,E2,I11,platform_signal_coverage,200,200,1.0,descriptive_equal_weight_mother_world_means
survey_weight2,0.25,E2,I11,response_completion_L,200,200,1.0,descriptive_equal_weight_mother_world_means
survey_weight2,0.25,E2,I11,scheduled_count,200,200,96.94,descriptive_equal_weight_mother_world_means
survey_weight2,0.25,E2,I11,targeting_error_execution,200,200,0.7488749830148232,descriptive_equal_weight_mother_world_means
survey_weight2,0.25,E2,I11,waiting_time,200,200,3.0,descriptive_equal_weight_mother_world_means
survey_weight2,0.25,E4,B0,execution_count,200,200,95.695,descriptive_equal_weight_mother_world_means
survey_weight2,0.25,E4,B0,execution_coverage,200,200,0.95695,descriptive_equal_weight_mother_world_means
survey_weight2,0.25,E4,B0,exposure_gap,200,200,0.003377461985519852,descriptive_equal_weight_mother_world_means
survey_weight2,0.25,E4,B0,final_preference_shift,200,200,0.06789279405540072,descriptive_equal_weight_mother_world_means
survey_weight2,0.25,E4,B0,final_trust_mean,200,200,0.6453900454202196,descriptive_equal_weight_mother_world_means
survey_weight2,0.25,E4,B0,has_response,200,200,1.0,descriptive_equal_weight_mother_world_means
survey_weight2,0.25,E4,B0,max_pending,200,200,3.0,descriptive_equal_weight_mother_world_means
survey_weight2,0.25,E4,B0,pending_count,200,200,2.87,descriptive_equal_weight_mother_world_means
survey_weight2,0.25,E4,B0,perception_data_coverage,200,200,1.0,descriptive_equal_weight_mother_world_means
survey_weight2,0.25,E4,B0,platform_signal_coverage,200,200,1.0,descriptive_equal_weight_mother_world_means
survey_weight2,0.25,E4,B0,response_completion_L,200,200,1.0,descriptive_equal_weight_mother_world_means
survey_weight2,0.25,E4,B0,scheduled_count,200,200,95.63,descriptive_equal_weight_mother_world_means
survey_weight2,0.25,E4,B0,targeting_error_execution,200,200,0.7487410831010649,descriptive_equal_weight_mother_world_means
survey_weight2,0.25,E4,B0,waiting_time,200,200,3.0,descriptive_equal_weight_mother_world_means
survey_weight2,0.25,E4,B1,execution_count,200,200,91.89,descriptive_equal_weight_mother_world_means
survey_weight2,0.25,E4,B1,execution_coverage,200,200,0.9189,descriptive_equal_weight_mother_world_means
survey_weight2,0.25,E4,B1,exposure_gap,200,200,0.0034205031395657674,descriptive_equal_weight_mother_world_means
survey_weight2,0.25,E4,B1,final_preference_shift,200,200,0.06789356545690119,descriptive_equal_weight_mother_world_means
survey_weight2,0.25,E4,B1,final_trust_mean,200,200,0.644757618581575,descriptive_equal_weight_mother_world_means
survey_weight2,0.25,E4,B1,has_response,200,200,1.0,descriptive_equal_weight_mother_world_means
survey_weight2,0.25,E4,B1,max_pending,200,200,3.0,descriptive_equal_weight_mother_world_means
survey_weight2,0.25,E4,B1,pending_count,200,200,2.72,descriptive_equal_weight_mother_world_means
survey_weight2,0.25,E4,B1,perception_data_coverage,200,200,1.0,descriptive_equal_weight_mother_world_means
survey_weight2,0.25,E4,B1,platform_signal_coverage,200,200,1.0,descriptive_equal_weight_mother_world_means
survey_weight2,0.25,E4,B1,response_completion_L,200,200,1.0,descriptive_equal_weight_mother_world_means
survey_weight2,0.25,E4,B1,scheduled_count,200,200,91.87,descriptive_equal_weight_mother_world_means
survey_weight2,0.25,E4,B1,targeting_error_execution,200,200,0.747230987722181,descriptive_equal_weight_mother_world_means
survey_weight2,0.25,E4,B1,waiting_time,200,200,3.0,descriptive_equal_weight_mother_world_means
survey_weight2,0.25,E4,B4,execution_count,200,200,70.275,descriptive_equal_weight_mother_world_means
survey_weight2,0.25,E4,B4,execution_coverage,200,200,0.7027500000000001,descriptive_equal_weight_mother_world_means
survey_weight2,0.25,E4,B4,exposure_gap,200,200,6.50828495872164e-05,descriptive_equal_weight_mother_world_means
survey_weight2,0.25,E4,B4,final_preference_shift,200,200,0.06784526413166764,descriptive_equal_weight_mother_world_means
survey_weight2,0.25,E4,B4,final_trust_mean,200,200,0.639792449430364,descriptive_equal_weight_mother_world_means
survey_weight2,0.25,E4,B4,has_response,200,200,1.0,descriptive_equal_weight_mother_world_means
survey_weight2,0.25,E4,B4,max_pending,200,200,3.0,descriptive_equal_weight_mother_world_means
survey_weight2,0.25,E4,B4,pending_count,200,200,1.835,descriptive_equal_weight_mother_world_means
survey_weight2,0.25,E4,B4,perception_data_coverage,200,200,1.0,descriptive_equal_weight_mother_world_means
survey_weight2,0.25,E4,B4,platform_signal_coverage,200,200,1.0,descriptive_equal_weight_mother_world_means
survey_weight2,0.25,E4,B4,response_completion_L,200,200,1.0,descriptive_equal_weight_mother_world_means
survey_weight2,0.25,E4,B4,scheduled_count,200,200,69.725,descriptive_equal_weight_mother_world_means
survey_weight2,0.25,E4,B4,targeting_error_execution,200,200,0.7457811303177034,descriptive_equal_weight_mother_world_means
survey_weight2,0.25,E4,B4,waiting_time,200,200,3.0,descriptive_equal_weight_mother_world_means
survey_weight2,0.75,E2,I00,execution_count,200,200,75.95,descriptive_equal_weight_mother_world_means
survey_weight2,0.75,E2,I00,execution_coverage,200,200,0.7595000000000001,descriptive_equal_weight_mother_world_means
survey_weight2,0.75,E2,I00,exposure_gap,200,200,0.28581234312676157,descriptive_equal_weight_mother_world_means
survey_weight2,0.75,E2,I00,final_preference_shift,200,200,0.718706420055553,descriptive_equal_weight_mother_world_means
survey_weight2,0.75,E2,I00,final_trust_mean,200,200,0.6182827017369141,descriptive_equal_weight_mother_world_means
survey_weight2,0.75,E2,I00,has_response,200,200,1.0,descriptive_equal_weight_mother_world_means
survey_weight2,0.75,E2,I00,max_pending,200,200,3.0,descriptive_equal_weight_mother_world_means
survey_weight2,0.75,E2,I00,pending_count,200,200,2.25,descriptive_equal_weight_mother_world_means
survey_weight2,0.75,E2,I00,perception_data_coverage,200,200,1.0,descriptive_equal_weight_mother_world_means
survey_weight2,0.75,E2,I00,platform_signal_coverage,200,200,1.0,descriptive_equal_weight_mother_world_means
survey_weight2,0.75,E2,I00,response_completion_L,200,200,1.0,descriptive_equal_weight_mother_world_means
survey_weight2,0.75,E2,I00,scheduled_count,200,200,75.87,descriptive_equal_weight_mother_world_means
survey_weight2,0.75,E2,I00,targeting_error_execution,200,200,0.6793222458302356,descriptive_equal_weight_mother_world_means
survey_weight2,0.75,E2,I00,waiting_time,200,200,3.0,descriptive_equal_weight_mother_world_means
survey_weight2,0.75,E2,I01,execution_count,200,200,98.105,descriptive_equal_weight_mother_world_means
survey_weight2,0.75,E2,I01,execution_coverage,200,200,0.9810500000000001,descriptive_equal_weight_mother_world_means
survey_weight2,0.75,E2,I01,exposure_gap,200,200,0.2536096680484642,descriptive_equal_weight_mother_world_means
survey_weight2,0.75,E2,I01,final_preference_shift,200,200,0.7266754443644176,descriptive_equal_weight_mother_world_means
survey_weight2,0.75,E2,I01,final_trust_mean,200,200,0.6193356730820123,descriptive_equal_weight_mother_world_means
survey_weight2,0.75,E2,I01,has_response,200,200,1.0,descriptive_equal_weight_mother_world_means
survey_weight2,0.75,E2,I01,max_pending,200,200,3.0,descriptive_equal_weight_mother_world_means
survey_weight2,0.75,E2,I01,pending_count,200,200,3.0,descriptive_equal_weight_mother_world_means
survey_weight2,0.75,E2,I01,perception_data_coverage,200,200,1.0,descriptive_equal_weight_mother_world_means
survey_weight2,0.75,E2,I01,platform_signal_coverage,200,200,1.0,descriptive_equal_weight_mother_world_means
survey_weight2,0.75,E2,I01,response_completion_L,200,200,1.0,descriptive_equal_weight_mother_world_means
survey_weight2,0.75,E2,I01,scheduled_count,200,200,98.12,descriptive_equal_weight_mother_world_means
survey_weight2,0.75,E2,I01,targeting_error_execution,200,200,0.7493956273807528,descriptive_equal_weight_mother_world_means
survey_weight2,0.75,E2,I01,waiting_time,200,200,3.0,descriptive_equal_weight_mother_world_means
survey_weight2,0.75,E2,I10,execution_count,200,200,29.54,descriptive_equal_weight_mother_world_means
survey_weight2,0.75,E2,I10,execution_coverage,200,200,0.2954,descriptive_equal_weight_mother_world_means
survey_weight2,0.75,E2,I10,exposure_gap,200,200,0.24505978404149187,descriptive_equal_weight_mother_world_means
survey_weight2,0.75,E2,I10,final_preference_shift,200,200,0.7250511078669678,descriptive_equal_weight_mother_world_means
survey_weight2,0.75,E2,I10,final_trust_mean,200,200,0.6148268905997518,descriptive_equal_weight_mother_world_means
survey_weight2,0.75,E2,I10,has_response,200,200,1.0,descriptive_equal_weight_mother_world_means
survey_weight2,0.75,E2,I10,max_pending,200,200,3.0,descriptive_equal_weight_mother_world_means
survey_weight2,0.75,E2,I10,pending_count,200,200,0.785,descriptive_equal_weight_mother_world_means
survey_weight2,0.75,E2,I10,perception_data_coverage,200,200,1.0,descriptive_equal_weight_mother_world_means
survey_weight2,0.75,E2,I10,platform_signal_coverage,200,200,1.0,descriptive_equal_weight_mother_world_means
survey_weight2,0.75,E2,I10,response_completion_L,200,200,1.0,descriptive_equal_weight_mother_world_means
survey_weight2,0.75,E2,I10,scheduled_count,200,200,29.49,descriptive_equal_weight_mother_world_means
survey_weight2,0.75,E2,I10,targeting_error_execution,200,200,0.09796040824911925,descriptive_equal_weight_mother_world_means
survey_weight2,0.75,E2,I10,waiting_time,200,200,3.0,descriptive_equal_weight_mother_world_means
survey_weight2,0.75,E2,I11,execution_count,200,200,29.305,descriptive_equal_weight_mother_world_means
survey_weight2,0.75,E2,I11,execution_coverage,200,200,0.29305,descriptive_equal_weight_mother_world_means
survey_weight2,0.75,E2,I11,exposure_gap,200,200,0.24366949438041197,descriptive_equal_weight_mother_world_means
survey_weight2,0.75,E2,I11,final_preference_shift,200,200,0.7246595690792311,descriptive_equal_weight_mother_world_means
survey_weight2,0.75,E2,I11,final_trust_mean,200,200,0.614766616233887,descriptive_equal_weight_mother_world_means
survey_weight2,0.75,E2,I11,has_response,200,200,1.0,descriptive_equal_weight_mother_world_means
survey_weight2,0.75,E2,I11,max_pending,200,200,3.0,descriptive_equal_weight_mother_world_means
survey_weight2,0.75,E2,I11,pending_count,200,200,0.72,descriptive_equal_weight_mother_world_means
survey_weight2,0.75,E2,I11,perception_data_coverage,200,200,1.0,descriptive_equal_weight_mother_world_means
survey_weight2,0.75,E2,I11,platform_signal_coverage,200,200,1.0,descriptive_equal_weight_mother_world_means
survey_weight2,0.75,E2,I11,response_completion_L,200,200,1.0,descriptive_equal_weight_mother_world_means
survey_weight2,0.75,E2,I11,scheduled_count,200,200,29.2,descriptive_equal_weight_mother_world_means
survey_weight2,0.75,E2,I11,targeting_error_execution,200,200,0.0951854792977288,descriptive_equal_weight_mother_world_means
survey_weight2,0.75,E2,I11,waiting_time,200,200,3.0,descriptive_equal_weight_mother_world_means
survey_weight2,0.75,E4,B0,execution_count,200,200,75.95,descriptive_equal_weight_mother_world_means
survey_weight2,0.75,E4,B0,execution_coverage,200,200,0.7595000000000001,descriptive_equal_weight_mother_world_means
survey_weight2,0.75,E4,B0,exposure_gap,200,200,0.28581234312676157,descriptive_equal_weight_mother_world_means
survey_weight2,0.75,E4,B0,final_preference_shift,200,200,0.718706420055553,descriptive_equal_weight_mother_world_means
survey_weight2,0.75,E4,B0,final_trust_mean,200,200,0.6182827017369141,descriptive_equal_weight_mother_world_means
survey_weight2,0.75,E4,B0,has_response,200,200,1.0,descriptive_equal_weight_mother_world_means
survey_weight2,0.75,E4,B0,max_pending,200,200,3.0,descriptive_equal_weight_mother_world_means
survey_weight2,0.75,E4,B0,pending_count,200,200,2.25,descriptive_equal_weight_mother_world_means
survey_weight2,0.75,E4,B0,perception_data_coverage,200,200,1.0,descriptive_equal_weight_mother_world_means
survey_weight2,0.75,E4,B0,platform_signal_coverage,200,200,1.0,descriptive_equal_weight_mother_world_means
survey_weight2,0.75,E4,B0,response_completion_L,200,200,1.0,descriptive_equal_weight_mother_world_means
survey_weight2,0.75,E4,B0,scheduled_count,200,200,75.87,descriptive_equal_weight_mother_world_means
survey_weight2,0.75,E4,B0,targeting_error_execution,200,200,0.6793222458302356,descriptive_equal_weight_mother_world_means
survey_weight2,0.75,E4,B0,waiting_time,200,200,3.0,descriptive_equal_weight_mother_world_means
survey_weight2,0.75,E4,B1,execution_count,200,200,30.6,descriptive_equal_weight_mother_world_means
survey_weight2,0.75,E4,B1,execution_coverage,200,200,0.306,descriptive_equal_weight_mother_world_means
survey_weight2,0.75,E4,B1,exposure_gap,200,200,0.28106793771173116,descriptive_equal_weight_mother_world_means
survey_weight2,0.75,E4,B1,final_preference_shift,200,200,0.7173048903164745,descriptive_equal_weight_mother_world_means
survey_weight2,0.75,E4,B1,final_trust_mean,200,200,0.615807821934556,descriptive_equal_weight_mother_world_means
survey_weight2,0.75,E4,B1,has_response,200,200,1.0,descriptive_equal_weight_mother_world_means
survey_weight2,0.75,E4,B1,max_pending,200,200,3.0,descriptive_equal_weight_mother_world_means
survey_weight2,0.75,E4,B1,pending_count,200,200,0.855,descriptive_equal_weight_mother_world_means
survey_weight2,0.75,E4,B1,perception_data_coverage,200,200,1.0,descriptive_equal_weight_mother_world_means
survey_weight2,0.75,E4,B1,platform_signal_coverage,200,200,1.0,descriptive_equal_weight_mother_world_means
survey_weight2,0.75,E4,B1,response_completion_L,200,200,1.0,descriptive_equal_weight_mother_world_means
survey_weight2,0.75,E4,B1,scheduled_count,200,200,30.53,descriptive_equal_weight_mother_world_means
survey_weight2,0.75,E4,B1,targeting_error_execution,200,200,0.12015902549802489,descriptive_equal_weight_mother_world_means
survey_weight2,0.75,E4,B1,waiting_time,200,200,3.0,descriptive_equal_weight_mother_world_means
survey_weight2,0.75,E4,B4,execution_count,200,200,71.73,descriptive_equal_weight_mother_world_means
survey_weight2,0.75,E4,B4,execution_coverage,200,200,0.7173,descriptive_equal_weight_mother_world_means
survey_weight2,0.75,E4,B4,exposure_gap,200,200,0.005789969392161162,descriptive_equal_weight_mother_world_means
survey_weight2,0.75,E4,B4,final_preference_shift,200,200,0.7064619068566307,descriptive_equal_weight_mother_world_means
survey_weight2,0.75,E4,B4,final_trust_mean,200,200,0.605133587421194,descriptive_equal_weight_mother_world_means
survey_weight2,0.75,E4,B4,has_response,200,200,1.0,descriptive_equal_weight_mother_world_means
survey_weight2,0.75,E4,B4,max_pending,200,200,3.0,descriptive_equal_weight_mother_world_means
survey_weight2,0.75,E4,B4,pending_count,200,200,2.17,descriptive_equal_weight_mother_world_means
survey_weight2,0.75,E4,B4,perception_data_coverage,200,200,1.0,descriptive_equal_weight_mother_world_means
survey_weight2,0.75,E4,B4,platform_signal_coverage,200,200,1.0,descriptive_equal_weight_mother_world_means
survey_weight2,0.75,E4,B4,response_completion_L,200,200,1.0,descriptive_equal_weight_mother_world_means
survey_weight2,0.75,E4,B4,scheduled_count,200,200,71.775,descriptive_equal_weight_mother_world_means
survey_weight2,0.75,E4,B4,targeting_error_execution,200,200,0.6529366272570049,descriptive_equal_weight_mother_world_means
survey_weight2,0.75,E4,B4,waiting_time,200,200,3.0,descriptive_equal_weight_mother_world_means
